word,pos,cefr
cattle,NA,B1
clothes,NA,A1
albeit,NA,C2
and,NA,A1
and,NA,A1
because,NA,A1
but,NA,A1
and,NA,A2
as,NA,A2
although,NA,B1
although,NA,B1
and,NA,B1
close,NA,B1
as,NA,A1
and,NA,A1
as,NA,A2
before,NA,A2
after,NA,B1
as,NA,B1
as,NA,B1
as,NA,B1
before,NA,B1
before,NA,B1
but,NA,B1
eight,NA,A1
eighteen,NA,A1
eleven,NA,A1
eighth,NA,A2
eighty,NA,A2
insofar as,NA,C2
fifteen,NA,A1
five,NA,A1
four,NA,A1
fourteen,NA,A1
fifth,NA,A2
fifty,NA,A2
forty,NA,A2
fourth,NA,A2
hundred,NA,A2
if,NA,A2
if,NA,B1
if,NA,B1
if,NA,B1
if,NA,B2
however,NA,C2
million,NA,A2
like,NA,B1
or,NA,A1
or,NA,A2
or,NA,B1
or,NA,B2
only,NA,C2
nine,NA,A1
nineteen,NA,A1
one,NA,A1
ninety,NA,A2
ninth,NA,A2
now,NA,B2
once,NA,B2
or,NA,C1
provided (that),NA,B2
second,NA,B1
politically,NA,C1
second,NA,A1
plus,NA,B1
second,NA,B1
seventy,NA,A2
so,NA,A2
seven,NA,A1
seventeen,NA,A1
six,NA,A1
sixteen,NA,A1
ten,NA,A1
thirteen,NA,A1
three,NA,A1
to,NA,A1
seventh,NA,A2
sixth,NA,A2
sixty,NA,A2
so,NA,A2
that,NA,A2
third,NA,A2
thirty,NA,A2
thousand,NA,A2
to,NA,A2
to,NA,A2
since,NA,B1
since,NA,B1
though,NA,B1
till,NA,B1
though,NA,B2
zero,NA,A2
while,NA,B2
while,NA,B1
whereas,NA,B2
zero,NA,B1
twelve,NA,A1
twenty,NA,A1
two,NA,A1
when,NA,A2
where,NA,A2
while,NA,A2
unless,NA,B1
until,NA,B1
until,NA,B1
whenever,NA,B1
wherever,NA,B1
whether,NA,B1
yet,NA,B1
when,NA,B2
where,NA,B2
caution,verb,C2
advertisement,noun,A2
assert,verb,C1
address,verb,C2
cash,noun,B1
acquire,verb,B2
click,verb,C2
bike,noun,B1
clarification,noun,C1
acknowledge,verb,C1
aid,verb,C1
applaud,verb,C2
cease,verb,B2
carrot,noun,C2
character,noun,C2
ages,noun,B1
bunch,noun,B1
click,verb,C2
birth,noun,C1
approval,noun,B2
chemical,noun,B2
appearance,noun,B2
assurance,noun,C1
allowance,noun,C1
assistance,noun,B2
appearance,noun,B1
assurance,noun,C2
appearance,noun,B2
assistant,noun,B1
coherence,noun,C2
bestseller,noun,B2
beginner,noun,A2
CD player,noun,A1
browser,noun,B2
backpacker,noun,B1
bumper,noun,B2
cleaner,noun,A2
babysitter,noun,B1
barber,noun,B1
builder,noun,B1
adviser,noun,C1
classic,noun,B2
characteristic,noun,B2
clothing,noun,B2
catering,noun,B2
central heating,noun,B1
boxing,noun,B1
camping,noun,A2
backpacking,noun,B1
booking,noun,B1
animation,noun,B1
allegation,noun,C1
addition,noun,B2
admission,noun,B2
admission,noun,B1
action,noun,B1
collection,noun,B2
action,noun,B2
calculation,noun,B2
admiration,noun,B2
ambition,noun,B2
appreciation,noun,B2
affection,noun,B2
attraction,noun,C2
celebration,noun,B1
adoption,noun,B2
application,noun,B2
capitalism,noun,C2
archaeologist,noun,C1
clarity,noun,C2
capacity,noun,B2
capacity,noun,B2
capacity,noun,C1
activity,noun,B2
argument,noun,B1
agreement,noun,B2
argument,noun,B2
agreement,noun,B2
arrangement,noun,B2
achievement,noun,B1
adjustment,noun,B2
assessment,noun,B2
amazement,noun,B2
amusement,noun,B2
astonishment,noun,B2
attachment,noun,B2
appointment,noun,C2
blindness,noun,C1
carelessness,noun,B2
cheerfulness,noun,C2
coldness,noun,C2
collector,noun,B2
ancestor,noun,B2
championship,noun,B1
bravery,noun,B2
addiction,noun,B2
abortion,noun,C1
animal,noun,A1
bird,noun,A1
cat,noun,A1
baby,noun,A2
bear,noun,A2
chicken,noun,A2
ant,noun,B1
bat,noun,B1
bee,noun,B1
bug,noun,B1
bull,noun,B1
butterfly,noun,B1
cage,noun,B1
calf,noun,B1
camel,noun,B1
breed,noun,B2
cell,noun,B2
collar,noun,B2
beak,noun,C1
bark,verb,B2
breed,verb,B2
book,noun,A1
camera,noun,A1
album,noun,A2
cartoon,noun,A2
cartoon,noun,A2
channel,noun,A2
clown,noun,A2
act,noun,B1
ad,noun,B1
advert,noun,B1
article,noun,B1
biography,noun,B1
chapter,noun,B1
character,noun,B1
chat show,noun,B1
circus,noun,B1
beat,noun,B2
cello,noun,B2
column,noun,B2
bow,noun,C2
art,noun,A2
cable,noun,B1
cinema,noun,C1
brass,noun,C2
ballet,noun,B1
background,noun,B2
accompany,verb,C2
act,verb,B1
advertise,verb,B1
broadcast,verb,B2
arm,noun,A1
body,noun,A1
accident,noun,A2
back,noun,A2
brain,noun,A2
cold,noun,A2
ache,noun,B1
ankle,noun,B1
body,noun,B1
bottom,noun,B1
breast,noun,B1
cheek,noun,B1
chin,noun,B1
beat,noun,B2
bite,noun,B2
breakdown,noun,B2
bruise,noun,B2
bug,noun,B2
chest,noun,B2
antibiotic,noun,C2
blister,noun,C2
calf,noun,C2
case,noun,C2
blood,noun,A2
breath,noun,B1
care,noun,B2
cholesterol,noun,C1
aspirin,noun,B1
backache,noun,B1
bandage,noun,B1
birth,noun,B1
bone,noun,B1
beat,verb,B1
bleed,verb,B1
ache,verb,B2
catch,verb,A2
burn,verb,B1
bump,verb,B2
carry,verb,C1
attack,verb,C2
breathe,verb,B1
coat,noun,A1
belt,noun,A2
boot,noun,A2
cap,noun,A2
bracelet,noun,B1
button,noun,B1
collar,noun,B1
badge,noun,B2
bikini,noun,B2
bow,noun,B2
bra,noun,B2
cardigan,noun,B2
answer,noun,A1
capital letter,noun,A2
card,noun,A2
accent,noun,B1
alarm,noun,B1
alphabet,noun,B1
brochure,noun,B1
call,noun,B1
card,noun,B1
certificate,noun,B1
accent,noun,B2
account,noun,B2
apostrophe,noun,B2
arrow,noun,B2
ban,noun,B2
booklet,noun,B2
chart,noun,B2
colon,noun,B2
appeal,noun,C1
character,noun,C1
claim,noun,C1
channel,noun,C2
cliché,noun,C2
advice,noun,A2
blame,noun,B2
chat,noun,A2
apology,noun,B1
code,noun,B2
attack,noun,C2
answer,noun,A2
chat,verb,A2
apologise,verb,B1
argue,verb,B1
check,verb,B2
cheer,verb,B2
appeal,verb,C1
ask,verb,A2
add,verb,B1
announce,verb,B1
approve,verb,B1
blame,verb,B1
amuse,verb,B2
assume,verb,B2
assure,verb,B2
call,verb,B2
capture,verb,B2
challenge,verb,B2
claim,verb,B2
attack,verb,C1
clarify,verb,C1
allege,verb,C2
answer,verb,A1
ask,verb,A1
agree,verb,A2
answer,verb,A2
admit,verb,B1
advise,verb,B1
ask,verb,B1
ask,verb,B1
ask,verb,B1
call,verb,B1
argue,verb,B2
beg,verb,B2
beg,verb,B2
boast,verb,B2
claim,verb,B2
call,verb,C1
bark,verb,C2
burglar,noun,B2
case,noun,B2
case,noun,B2
arrest,noun,B2
burglary,noun,B2
arrest,verb,B1
centimetre,noun,A2
circle,noun,A2
amount,noun,B1
average,noun,B1
bar,noun,B1
bunch,noun,B1
base,noun,B2
block,noun,B2
angle,noun,C1
acre,noun,C2
black,noun,A2
accuracy,noun,B2
colour,noun,A1
blue,noun,A2
brown,noun,A2
average,noun,B1
blackboard,noun,A2
candidate,noun,B1
branch,noun,B2
chemistry,noun,A2
class,noun,A1
bar,noun,A1
biscuit,noun,A1
café,noun,A1
barbecue,noun,A2
bean,noun,A2
bottle,noun,A2
bowl,noun,A2
burger,noun,A2
can,noun,A2
canteen,noun,B1
bite,noun,B2
bun,noun,B2
cherry,noun,B2
casserole,noun,C2
bread,noun,A1
butter,noun,A1
beef,noun,B1
broccoli,noun,B1
chewing gum,noun,B1
apple,noun,A1
banana,noun,A1
breakfast,noun,A1
cake,noun,A1
cheese,noun,A1
chocolate,noun,A1
coffee,noun,A1
carrot,noun,A2
cereal,noun,A2
chilli,noun,A2
cola,noun,A2
cabbage,noun,B1
coconut,noun,B1
aubergine,noun,B2
appetite,noun,C1
cereal,noun,C1
casserole,noun,C2
barbecue,verb,B1
boil,verb,B1
beat,verb,C1
bake,verb,A2
burn,verb,B1
address,noun,A1
bath,noun,A1
bathroom,noun,A1
bedroom,noun,A1
chair,noun,A1
apartment,noun,A2
armchair,noun,A2
blanket,noun,A2
board,noun,A2
bookcase,noun,A2
bookshelf,noun,A2
castle,noun,A2
ceiling,noun,A2
centre,noun,A2
area,noun,B1
balcony,noun,B1
basin,noun,B1
bin,noun,B1
block,noun,B1
candle,noun,B1
chest of drawers,noun,B1
barrier,noun,B2
basement,noun,B2
bench,noun,B2
brick,noun,B2
cabinet,noun,B2
cellar,noun,B2
chimney,noun,B2
cloth,noun,B2
column,noun,B2
cabin,noun,C1
balcony,noun,C2
air conditioning,noun,B1
architecture,noun,B1
bed,noun,A1
carpet,noun,A2
atmosphere,noun,B2
bank,noun,A1
cent,noun,A2
cheque,noun,A2
account,noun,B1
bank account,noun,B1
coin,noun,B1
award,noun,B2
balance,noun,B2
budget,noun,B2
bid,noun,C2
cash,noun,A2
change,noun,B1
change,noun,B1
borrow,verb,A2
change,verb,A2
borrow,verb,C1
beach,noun,A1
area,noun,A2
bay,noun,B1
branch,noun,B1
breeze,noun,B1
cave,noun,B1
cliff,noun,B1
coast,noun,B1
atom,noun,B2
bank,noun,B2
berry,noun,B2
bush,noun,B2
carbon footprint,noun,B2
cloud,noun,B2
bed,noun,C2
air,noun,A2
aluminium,noun,B2
carbon,noun,B2
carbon dioxide,noun,B2
carbon monoxide,noun,B2
climate change,noun,B2
astronomy,noun,C2
autumn,noun,A2
cloud,noun,A2
climate,noun,B1
acid,noun,B2
coastline,noun,C2
bottom,noun,B1
blow,verb,B1
break,verb,C2
break,verb,C2
boil,verb,A2
bath,noun,A1
check,noun,B1
act,noun,B2
attempt,noun,B2
capture,noun,C1
come,verb,A1
come,verb,A1
act,verb,B1
behave,verb,B1
blow,verb,B1
act,verb,B2
adjust,verb,B2
campaign,verb,C1
cling,verb,C2
carry,verb,A1
clean,verb,A1
colour,verb,A1
add,verb,A2
add,verb,A2
bring,verb,A2
brush,verb,A2
collect,verb,A2
collect,verb,A2
achieve,verb,B1
attach,verb,B1
attempt,verb,B1
avoid,verb,B1
bury,verb,B1
cancel,verb,B1
carry,verb,B1
catch,verb,B1
circle,verb,B1
clear,verb,B1
collect,verb,B1
acquire,verb,B2
adapt,verb,B2
adjust,verb,B2
adopt,verb,B2
analyse,verb,B2
arrange,verb,B2
assess,verb,B2
avoid,verb,B2
beat,verb,B2
burgle,verb,B2
bury,verb,B2
calculate,verb,B2
capture,verb,B2
clutch,verb,C2
catch,verb,A1
change,verb,A1
choose,verb,A1
close,verb,A1
check,verb,A2
climb,verb,A2
approach,verb,B1
arrange,verb,B1
attend,verb,B1
babysit,verb,B1
clap,verb,B1
assist,verb,B2
balance,verb,B2
bang,verb,B2
bend,verb,B2
brush,verb,B2
charge,verb,B2
chase,verb,B2
combine,verb,B2
blow,verb,C2
carve,verb,C2
adult,noun,A1
baby,noun,A1
beard,noun,A1
boy,noun,A1
comb,noun,A2
adolescent,noun,C2
beauty,noun,B1
childhood,noun,B1
bit,noun,A2
background,noun,B1
chance,noun,B2
bully,noun,C1
character,noun,C1
anger,noun,B2
anxiety,noun,B2
appeal,noun,B2
certainty,noun,B2
charisma,noun,C2
attitude,noun,B1
character,noun,B1
charm,noun,B2
care,verb,B1
appeal,verb,B2
approve,verb,B2
belong,verb,B2
blush,verb,B2
believe,verb,A2
bother,verb,A2
annoy,verb,B1
attract,verb,B1
admire,verb,B2
appreciate,verb,B2
bear,verb,B2
betray,verb,B2
bother,verb,B2
behave,verb,B1
care,verb,B1
cheat,verb,B2
capital,noun,A2
citizen,noun,B2
chancellor,noun,C2
centre,noun,C2
birthday,noun,A1
brother,noun,A1
aunt,noun,A2
boyfriend,noun,A2
anniversary,noun,B1
bride,noun,B1
ceremony,noun,B1
affair,noun,B2
bond,noun,B2
brother-in-law,noun,B2
circle,noun,B2
bond,verb,C2
call,verb,B1
celebrate,verb,B1
adopt,verb,B2
bag,noun,A1
ball,noun,A1
box,noun,A1
bat,noun,A2
board,noun,A2
board game,noun,A2
bookshop,noun,A2
card,noun,A2
basket,noun,B1
captain,noun,B1
chain,noun,B1
champion,noun,B1
checkout,noun,B1
arrow,noun,B2
brand,noun,B2
catalogue,noun,B2
business,noun,A1
badminton,noun,A2
chess,noun,A2
athletics,noun,B1
basketball,noun,A1
baseball,noun,A2
attack,noun,B1
come,verb,A2
appear,verb,B2
browse,verb,B2
beat,verb,B1
address,noun,A1
CD,noun,A1
button,noun,B1
card,noun,B1
backup,noun,B2
bookmark,noun,B2
breakdown,noun,B2
bug,noun,B2
bulb,noun,B2
chip,noun,B2
access,noun,B1
broadband,noun,B2
CD-ROM,noun,B1
cable,noun,B2
attach,verb,B1
access,verb,B2
bookmark,verb,B2
burn,verb,B2
browse,verb,B2
charge,verb,B2
boat,noun,A1
bus,noun,A1
car,noun,A1
aeroplane,noun,A2
airport,noun,A2
bicycle,noun,A2
bike,noun,A2
bus station,noun,A2
bus stop,noun,A2
car park,noun,A2
case,noun,A2
coach,noun,A2
boot,noun,B1
brake,noun,B1
cab,noun,B1
cabin,noun,B1
campsite,noun,B1
check-in (desk),noun,B1
check-in (counter),noun,B1
aircraft,noun,B2
captain,noun,B2
carriage,noun,C1
cabin,noun,C2
carriage,noun,C2
air,noun,A2
baggage,noun,B1
approach,noun,B2
adventure,noun,A2
camp,noun,B1
camp,verb,A2
accelerate,verb,C2
catch,verb,A1
carry,verb,B2
book,verb,A2
board,verb,B1
boss,noun,A2
business,noun,A2
businessman,noun,A2
businesswoman,noun,A2
agency,noun,B1
architect,noun,B1
career,noun,B1
agent,noun,B2
analyst,noun,B2
chief,noun,B2
client,noun,B2
bid,noun,C1
career,noun,C2
architecture,noun,B1
business,noun,B1
advertise,verb,B1
appoint,verb,C1
build,verb,A2
cigarette,noun,A2
addict,noun,B2
cancer,noun,B1
abuse,noun,C2
alcohol,noun,A2
champagne,noun,A2
bacon,noun,B1
beer,noun,A1
cathedral,noun,A2
church,noun,A2
bribe,noun,C1
bomb,verb,B1
arrival,noun,C1
arrival,noun,B1
approval,noun,B2
arrival,noun,C2
acquaintance,noun,C1
appliance,noun,C1
alliance,noun,C2
annoyance,noun,C1
acceptance,noun,C1
attendance,noun,C1
attendance,noun,C1
coherence,noun,C2
coincidence,noun,B2
baker,noun,B1
blogger,noun,B1
border,noun,B1
butcher,noun,B1
buyer,noun,B1
banker,noun,B2
climbing,noun,A2
advertising,noun,B2
banking,noun,B2
coaching,noun,B2
backing,noun,C2
ambition,noun,B1
application,noun,B1
attraction,noun,B1
collection,noun,B1
collection,noun,B1
addition,noun,B2
association,noun,B2
collocation,noun,B2
accusation,noun,C1
assumption,noun,C1
audition,noun,C1
allocation,noun,C2
accommodation,noun,B1
attention,noun,B1
administration,noun,C1
aggression,noun,C1
caution,noun,C1
civilization,noun,C1
action,noun,C2
allocation,noun,C2
anticipation,noun,C2
civilization,noun,B2
combination,noun,B2
adaptation,noun,C1
alteration,noun,C1
auction,noun,C1
cancellation,noun,C1
collaboration,noun,C1
accumulation,noun,C2
application,noun,C2
association,noun,C2
classification,noun,C2
action,noun,C2
artist,noun,A2
chemist,noun,A2
chemist,noun,B1
celebrity,noun,B1
authority,noun,C1
activity,noun,B2
authority,noun,B2
availability,noun,B2
charity,noun,C2
ability,noun,B1
charity,noun,B1
capability,noun,C1
ambiguity,noun,C2
alternative,noun,B2
authorize,verb,C1
appointment,noun,A2
arrangement,noun,B2
attachment,noun,B2
announcement,noun,B1
amusement,noun,B2
amendment,noun,C1
attachment,noun,C2
awareness,noun,C1
closeness,noun,C1
closeness,noun,C1
blindness,noun,C2
clumsiness,noun,C2
coldness,noun,C2
author,noun,B1
calculator,noun,B1
ambassador,noun,B2
administrator,noun,C1
anchor,noun,C2
anchor,noun,C2
bomber,noun,B2
bomber,noun,C2
alcoholic,noun,C2
board,noun,A1
child,noun,A1
cinema,noun,A1
city,noun,A1
classroom,noun,A1
clock,noun,A1
actor,noun,A2
adjective,noun,A2
adverb,noun,A2
alarm clock,noun,A2
album,noun,A2
ambulance,noun,A2
answer,noun,A2
balloon,noun,A2
barbecue,noun,A2
battery,noun,A2
bill,noun,A2
body,noun,A2
box,noun,A2
break,noun,A2
bridge,noun,A2
brush,noun,A2
calendar,noun,A2
call,noun,A2
case,noun,A2
centre,noun,A2
century,noun,A2
chef,noun,A2
class,noun,A2
classmate,noun,A2
click,noun,A2
colleague,noun,A2
accountant,noun,B1
age,noun,B1
aim,noun,B1
airline,noun,B1
alarm,noun,B1
answer,noun,B1
antique,noun,B1
article,noun,B1
athlete,noun,B1
backpack,noun,B1
bell,noun,B1
block,noun,B1
blog,noun,B1
book,noun,B1
branch,noun,B1
break,noun,B1
bucket,noun,B1
canal,noun,B1
case,noun,B1
cashpoint,noun,B1
chance,noun,B1
checkout,noun,B1
clinic,noun,B1
coach,noun,B1
affair,noun,B2
agent,noun,B2
animal,noun,B2
approach,noun,B2
area,noun,B2
aspect,noun,B2
bakery,noun,B2
bang,noun,B2
bar,noun,B2
bargain,noun,B2
barrier,noun,B2
base,noun,B2
basis,noun,B2
battle,noun,B2
beam,noun,B2
bell,noun,B2
bend,noun,B2
billion,noun,B2
blade,noun,B2
board,noun,B2
bonus,noun,B2
bonus,noun,B2
bow,noun,B2
breakthrough,noun,B2
bullet,noun,B2
candidate,noun,B2
carnival,noun,B2
category,noun,B2
cause,noun,B2
cell,noun,B2
cemetery,noun,B2
chain,noun,B2
citizen,noun,B2
claim,noun,B2
clause,noun,B2
clue,noun,B2
accessory,noun,C1
agency,noun,C1
agenda,noun,C1
aid,noun,C1
ally,noun,C1
amateur,noun,C1
amateur,noun,C1
angle,noun,C1
angle,noun,C1
asset,noun,C1
assignment,noun,C1
avenue,noun,C1
basis,noun,C1
basis,noun,C1
boundary,noun,C1
boundary,noun,C1
bracket,noun,C1
brain,noun,C1
break,noun,C1
breakdown,noun,C1
bubble,noun,C1
burden,noun,C1
call,noun,C1
campaign,noun,C1
campaign,noun,C1
cause,noun,C1
charge,noun,C1
chore,noun,C1
clutch,noun,C1
code,noun,C1
column,noun,C1
advocate,noun,C2
agenda,noun,C2
ally,noun,C2
arch,noun,C2
arm,noun,C2
assembly,noun,C2
attribute,noun,C2
avenue,noun,C2
band,noun,C2
bar,noun,C2
barn,noun,C2
base,noun,C2
base,noun,C2
battle,noun,C2
bed,noun,C2
bet,noun,C2
bid,noun,C2
blanket,noun,C2
blend,noun,C2
block,noun,C2
blow,noun,C2
blow,noun,C2
break,noun,C2
breakdown,noun,C2
bridge,noun,C2
buzz,noun,C2
care,noun,C2
case,noun,C2
ceiling,noun,C2
certainty,noun,C2
challenge,noun,C2
champion,noun,C2
chancellor,noun,C2
charm,noun,C2
chest,noun,C2
chill,noun,C2
circuit,noun,C2
circuit,noun,C2
circuit,noun,C2
civilian,noun,C2
clash,noun,C2
clash,noun,C2
climate,noun,C2
biology,noun,A2
chicken,noun,A2
access,noun,B1
behaviour,noun,B1
care,noun,B1
chance,noun,B1
absence,noun,B2
agriculture,noun,B2
balance,noun,B2
board,noun,B2
cardboard,noun,B2
centigrade,noun,B2
chaos,noun,B2
cloth,noun,B2
aid,noun,C1
applause,noun,C1
archaeology,noun,C1
brass,noun,C1
coal,noun,C1
age,noun,C2
alarm,noun,C2
artificial intelligence,noun,C2
assembly,noun,C2
awe,noun,C2
baggage,noun,C2
bark,noun,C2
blackmail,noun,C2
blood,noun,C2
bribery,noun,C2
bureaucracy,noun,C2
cause,noun,C2
colour,noun,C2
colour,noun,C2
afternoon,noun,A1
age,noun,A1
April,noun,A1
August,noun,A1
building,noun,A2
chain,noun,A2
change,noun,A2
change,noun,A2
college,noun,A2
advantage,noun,B1
attack,noun,B1
battle,noun,B1
benefit,noun,B1
challenge,noun,B1
chance,noun,B1
charge,noun,B1
cod,noun,B1
absence,noun,B2
advance,noun,B2
advantage,noun,B2
analysis,noun,B2
backup,noun,B2
belief,noun,B2
campus,noun,B2
class,noun,B2
collapse,noun,B2
art,noun,C1
analogy,noun,C2
bias,noun,C2
bureaucracy,noun,C2
burial,noun,C2
cargo,noun,C2
catastrophe,noun,C2
belongings,noun,B2
bacteria,noun,C1
bottom,noun,A2
atmosphere,noun,B1
bottom,noun,B1
background,noun,B2
brush,noun,B2
act,noun,C2
air,noun,C2
buzz,noun,C2
chill,noun,C2
change,noun,B1
begin,verb,A1
come,verb,A1
arrive,verb,A2
chat,verb,A2
close,verb,A2
appear,verb,B1
appear,verb,B1
apply,verb,B1
blog,verb,B1
burn,verb,B1
agree,verb,B2
apply,verb,B2
belong,verb,B2
brake,verb,B2
climb,verb,B2
collapse,verb,B2
collapse,verb,B2
come,verb,B2
agree,verb,C1
arise,verb,C1
beware,verb,C1
collaborate,verb,C1
appeal,verb,C2
bubble,verb,C2
buzz,verb,C2
buzz,verb,C2
clash,verb,C2
clash,verb,C2
clash,verb,C2
coincide,verb,C2
coincide,verb,C2
collapse,verb,C2
buy,verb,A1
believe,verb,A2
accompany,verb,B1
admire,verb,B1
allow,verb,B1
answer,verb,B1
change,verb,B1
comb,verb,B1
abandon,verb,B2
abolish,verb,B2
absorb,verb,B2
accept,verb,B2
accept,verb,B2
accuse,verb,B2
affect,verb,B2
amuse,verb,B2
approach,verb,B2
balance,verb,B2
block,verb,B2
boost,verb,B2
burn,verb,B2
catch,verb,B2
catch,verb,B2
cause,verb,B2
chop,verb,B2
abandon,verb,C1
absorb,verb,C1
accomplish,verb,C1
acknowledge,verb,C1
address,verb,C1
alarm,verb,C1
allocate,verb,C1
allow,verb,C1
anticipate,verb,C1
apply,verb,C1
assign,verb,C1
associate,verb,C1
assure,verb,C1
attain,verb,C1
beat,verb,C1
block,verb,C1
bully,verb,C1
cap,verb,C1
classify,verb,C1
address,verb,C2
advocate,verb,C2
alert,verb,C2
allow,verb,C2
amend,verb,C2
appreciate,verb,C2
arouse,verb,C2
assemble,verb,C2
attach,verb,C2
back,verb,C2
bind,verb,C2
bind,verb,C2
blackmail,verb,C2
block,verb,C2
boast,verb,C2
carry,verb,C2
carry,verb,C2
chase,verb,C2
cloud,verb,C2
colour,verb,C2
begin,verb,A2
break,verb,A2
break,verb,A2
call,verb,A2
change,verb,A2
change,verb,A2
change,verb,A2
click,verb,A2
accept,verb,B1
agree,verb,B1
attack,verb,B1
bite,verb,B1
boil,verb,B1
break,verb,B1
burn,verb,B1
charge,verb,B1
check,verb,B1
alter,verb,B2
bend,verb,B2
benefit,verb,B2
blink,verb,B2
bother,verb,B2
bounce,verb,B2
break,verb,B2
burst,verb,B2
chew,verb,B2
chew,verb,B2
close,verb,B2
coach,verb,B2
collect,verb,B2
accelerate,verb,C1
accumulate,verb,C1
allow,verb,C1
applaud,verb,C1
bet,verb,C1
broaden,verb,C1
cater,verb,C1
arch,verb,C2
assemble,verb,C2
battle,verb,C2
beat,verb,C2
break,verb,C2
catch,verb,C2
circle,verb,C2
click,verb,C2
air force,noun,B1
angel,noun,B1
barman,noun,B1
bomb,noun,B1
chapel,noun,C2
abuse,noun,B2
abuse,noun,B2
bombing,noun,B2
abuse,noun,C1
assault,noun,C2
combat,noun,C2
bribe,verb,C1
assault,verb,C2
combat,verb,C2
boiling,adjective,B2
bear,verb,C2
adjacent,adjective,C2
awesome,adjective,A2
big,adjective,C1
blue,adjective,C2
cast,verb,C2
acceptable,adjective,B1
capable,adjective,B2
available,adjective,A2
clinical,adjective,C1
alphabetical,adjective,B2
additional,adjective,B2
artificial,adjective,B2
beneficial,adjective,B2
chemical,adjective,B2
coastal,adjective,B2
artificial,adjective,C2
clinical,adjective,C2
arrogant,adjective,B2
animated,adjective,B1
addicted,adjective,B2
advanced,adjective,A2
advanced,adjective,B1
boiled,adjective,A2
canned,adjective,B2
bored,adjective,A1
amazed,adjective,B1
annoyed,adjective,B1
ashamed,adjective,B1
addicted,adjective,B2
amused,adjective,B2
astonished,adjective,B2
bad-tempered,adjective,B2
bothered,adjective,B2
animated,adjective,C2
closed,adjective,C2
adopted,adjective,B2
closed,adjective,A1
better,adjective,A1
better,adjective,A1
beautiful,adjective,A1
colourful,adjective,B1
beautiful,adjective,A1
careful,adjective,A2
cheerful,adjective,B1
cheerful,adjective,B2
artistic,adjective,B2
classic,adjective,B2
chronic,adjective,C2
basic,adjective,B1
basic,adjective,B1
basic,adjective,B1
authentic,adjective,C1
academic,adjective,B2
academic,adjective,C2
apologetic,adjective,C2
charismatic,adjective,C2
atomic,adjective,B2
automatic,adjective,B2
amazing,adjective,A2
amusing,adjective,B1
appalling,adjective,C1
appalling,adjective,C2
boring,adjective,A1
amazing,adjective,B1
annoying,adjective,B1
charming,adjective,B1
astonishing,adjective,B2
caring,adjective,B2
circulation,noun,C2
circulation,noun,C2
childish,adjective,B2
childish,adjective,B2
capitalist,adjective,C2
active,adjective,C1
attractive,adjective,A2
aggressive,adjective,B2
assertive,adjective,C2
careless,adjective,B1
actually,adverb,A2
badly,adverb,A2
badly,adverb,A2
certainly,adverb,A2
certainly,adverb,A2
clearly,adverb,A2
absolutely,adverb,B1
actually,adverb,B1
clearly,adverb,B1
actually,adverb,B2
admittedly,adverb,B2
alternatively,adverb,B2
apparently,adverb,B2
apparently,adverb,B2
basically,adverb,C1
badly,adverb,A2
approximately,adverb,B1
adequately,adverb,B2
badly,adverb,B2
barely,adverb,B2
brightly,adverb,B2
beautifully,adverb,B1
amazingly,adverb,B1
angrily,adverb,B1
bravely,adverb,B1
aggressively,adverb,B2
anxiously,adverb,B2
boldly,adverb,B2
brilliantly,adverb,B2
calmly,adverb,B2
carelessly,adverb,B2
cheerfully,adverb,B2
closely,adverb,B2
automatically,adverb,B2
arrangement,noun,B1
anxious,adjective,B1
adventurous,adjective,B2
ambitious,adjective,B2
anxious,adjective,B2
cautious,adjective,B2
bloody,adjective,B2
chatty,adjective,C1
bulky,adjective,C1
cloudy,adjective,A2
chatty,adjective,C1
alcoholic,adjective,B1
alcoholic,adjective,C2
biological,adjective,B2
abstract,adjective,B2
band,noun,A1
audience,noun,B1
audience,noun,B2
cast,noun,B2
choir,noun,B2
all right,adjective,A2
alright,adjective,A2
alive,adjective,B1
asleep,adjective,B1
awake,adjective,B1
blind,adjective,B1
bump,noun,C1
casual,adjective,B1
brief,adjective,B1
absolute,adjective,B2
clichéd,adjective,C2
coherent,adjective,C2
anyway,adverb,A2
anyway,adverb,A2
back,adverb,A2
anyway,adverb,B1
besides,adverb,B1
anyhow,adverb,B2
anyhow,adverb,B2
anyhow,adverb,B2
anyhow,adverb,C1
bracket,noun,B2
ban,verb,B2
bad,adjective,A1
best,adjective,A1
big,adjective,A1
black,adjective,A1
blue,adjective,A1
brown,adjective,A1
clean,adjective,A1
close,adjective,A1
back,adjective,A2
bad,adjective,A2
big,adjective,A2
bright,adjective,A2
brilliant,adjective,A2
broken,adjective,A2
clear,adjective,A2
accurate,adjective,B1
ancient,adjective,B1
antique,adjective,B1
average,adjective,B1
awful,adjective,B1
bad,adjective,B1
bad,adjective,B1
blank,adjective,B1
bold,adjective,B1
brand new,adjective,B1
brilliant,adjective,B1
broad,adjective,B1
clever,adjective,B1
absurd,adjective,B2
adequate,adjective,B2
adequate,adjective,B2
appropriate,adjective,B2
approximate,adjective,B2
average,adjective,B2
bare,adjective,B2
bizarre,adjective,B2
breathtaking,adjective,B2
circular,adjective,B2
abnormal,adjective,C1
average,adjective,C1
awesome,adjective,C2
bland,adjective,C2
bleak,adjective,C2
above,adverb,A1
back,adverb,A1
below,adverb,A1
above,adverb,A2
across,adverb,A2
anywhere,adverb,A2
around,adverb,A2
away,adverb,A2
apart,adverb,B1
around,adverb,B1
away,adverb,B1
behind,adverb,B1
below,adverb,B1
alongside,adverb,C1
beyond,adverb,C1
bottom,noun,A1
be,verb,A1
class,noun,A1
bitter,adjective,B1
bland,adjective,C2
chip,noun,A1
budget,adjective,B2
affluent,adjective,C1
bankrupt,adjective,C1
asset,noun,C1
award,verb,B2
bid,verb,C2
calm,adjective,B1
clear,adjective,B1
arid,adjective,C2
bronze,noun,C2
choice,noun,B1
adapt,verb,B2
aged,adjective,A2
black,adjective,A2
blonde,adjective,A2
awkward,adjective,C2
clever,adjective,A1
afraid,adjective,A2
angry,adjective,A2
afraid,adjective,B1
bad,adjective,B1
brave,adjective,B1
brilliant,adjective,B1
calm,adjective,B1
certain,adjective,B1
cold,adjective,B1
aware,adjective,B2
bitter,adjective,B2
bitter,adjective,B2
bitter,adjective,B2
bold,adjective,B2
bright,adjective,B2
bright,adjective,B2
clumsy,adjective,B2
alert,adjective,C1
anti-social,adjective,C1
able,adjective,C2
abrupt,adjective,C2
affectionate,adjective,C2
blank,adjective,C2
blunt,adjective,C2
belief,noun,B2
boost,noun,B2
close,adjective,A2
close,adjective,B1
away,adverb,C1
club,noun,B1
broken,adjective,A2
bound,adjective,C1
abroad,adverb,B1
aboard,adverb,C1
busy,adjective,A2
busy,adjective,A2
chief,adjective,B2
casual,adjective,C2
board,noun,C1
available,adjective,A2
breakable,adjective,B2
acceptable,adjective,C1
affordable,adjective,C1
changeable,adjective,C1
accountable,adjective,C2
attainable,adjective,C2
annual,adjective,B1
central,adjective,B1
accidental,adjective,B2
analytical,adjective,C1
bilingual,adjective,C1
brutal,adjective,C1
central,adjective,C1
central,adjective,C1
central,adjective,C2
classical,adjective,C2
closed,adjective,A1
abandoned,adjective,B2
abandoned,adjective,B2
armed,adjective,B2
balanced,adjective,B2
accepted,adjective,C1
acclaimed,adjective,C1
alleged,adjective,C1
biased,adjective,C1
allied,adjective,C2
broadminded,adjective,C2
better,adverb,A2
colourful,adjective,B2
accessible,adjective,B2
accessible,adjective,C2
artistic,adjective,B2
athletic,adjective,B2
chaotic,adjective,C1
automatic,adjective,C2
automatic,adjective,C2
characteristic,adjective,C2
burning,adjective,B1
challenging,adjective,B1
alarming,adjective,C1
beginning,noun,A2
aspiration,noun,C2
activity,noun,A2
active,adjective,B1
active,adjective,B1
active,adjective,B2
alternative,adjective,B2
alternative,adjective,B2
attractive,adjective,B2
addictive,adjective,C1
administrative,adjective,C1
aggressive,adjective,C1
abusive,adjective,C2
carefully,adverb,A2
clearly,adverb,A2
accurately,adverb,B1
briefly,adverb,B1
accidentally,adverb,B2
actively,adverb,B2
additionally,adverb,B2
annually,adverb,B2
appropriately,adverb,B2
artificially,adverb,B2
automatically,adverb,B2
basically,adverb,B2
casually,adverb,B2
broadly,adverb,C1
closely,adverb,C1
closely,adverb,C1
anchor,verb,C2
anchor,verb,C2
ambitious,adjective,B2
ambiguous,adjective,C2
analogous,adjective,C2
anonymous,adjective,C2
bossy,adjective,B2
cheeky,adjective,B2
bloody,adjective,C1
chilly,adjective,C1
bloody,adjective,C2
all right,adjective,A1
cheap,adjective,A1
cold,adjective,A1
adult,adjective,A2
all right,adjective,A2
alone,adjective,A2
alright,adjective,A2
alright,adjective,A2
busy,adjective,A2
clear,adjective,A2
absent,adjective,B1
alike,adjective,B1
all right,adjective,B1
alright,adjective,B1
bald,adjective,B1
bright,adjective,B1
certain,adjective,B1
certain,adjective,B1
clear,adjective,B1
abstract,adjective,B2
actual,adjective,B2
apparent,adjective,B2
awkward,adjective,B2
bad,adjective,B2
bare,adjective,B2
bitter,adjective,B2
casual,adjective,B2
chief,adjective,B2
close,adjective,B2
adult,adjective,C1
amateur,adjective,C1
ample,adjective,C1
anti-social,adjective,C1
apparent,adjective,C1
bad,adjective,C1
cheap,adjective,C1
civil,adjective,C1
clear,adjective,C1
close,adjective,C1
abrupt,adjective,C2
ahead,adjective,C2
alive,adjective,C2
alive,adjective,C2
alone,adjective,C2
arbitrary,adjective,C2
backward,adjective,C2
bare,adjective,C2
bare,adjective,C2
bleak,adjective,C2
blunt,adjective,C2
bronze,adjective,C2
bronze,adjective,C2
carefree,adjective,C2
circular,adjective,C2
clean,adjective,C2
close,adjective,C2
coherent,adjective,C2
about,adverb,A1
again,adverb,A1
also,adverb,A1
always,adverb,A1
a.m.,adverb,A1
best,adverb,A1
after,adverb,A2
afterwards,adverb,A2
again,adverb,A2
ago,adverb,A2
all,adverb,A2
almost,adverb,A2
already,adverb,A2
always,adverb,A2
always,adverb,A2
anymore,adverb,A2
anywhere,adverb,A2
away,adverb,A2
before,adverb,A2
above,adverb,B1
ahead,adverb,B1
ahead,adverb,B1
along,adverb,B1
along,adverb,B1
aloud,adverb,B1
already,adverb,B1
altogether,adverb,B1
any,adverb,B1
around,adverb,B1
back,adverb,B1
backwards,adverb,B1
behind,adverb,B1
besides,adverb,B1
best,adverb,B1
about,adverb,B2
ahead,adverb,B2
alike,adverb,B2
alike,adverb,B2
altogether,adverb,B2
altogether,adverb,B2
always,adverb,B2
apart,adverb,B2
apart,adverb,B2
aside,adverb,B2
aside,adverb,B2
away,adverb,B2
back,adverb,B2
back,adverb,B2
back,adverb,B2
alongside,adverb,C1
behind,adverb,C1
between,adverb,C1
between,adverb,C1
above,adverb,C2
abruptly,adverb,C2
allegedly,adverb,C2
around,adverb,C2
away,adverb,C2
below,adverb,C2
beyond,adverb,C2
bottom,noun,A2
club,noun,A2
choice,noun,B1
choice,noun,B1
club,noun,B1
background,noun,B2
balance,noun,B2
character,noun,B2
circumstance,noun,B2
alert,noun,C1
bronze,noun,C1
bump,noun,C1
army,noun,C2
belief,noun,C2
body,noun,C2
bundle,noun,C2
casualty,noun,C2
casualty,noun,C2
cheer,noun,C2
closure,noun,C2
accompany,verb,B1
affect,verb,B2
charge,verb,B2
alternate,verb,C1
bear,verb,C1
cast,verb,C2
channel,verb,C2
charm,verb,C2
close,verb,C2
coin,verb,C2
establishment,noun,C1
contract,verb,C2
conclude,verb,C1
exam,noun,A2
discipline,noun,C2
expenditure,noun,C2
ensure,verb,B2
descend,verb,B2
dad,noun,A1
fancy,verb,B2
depart,verb,B1
duration,noun,C1
elapse,verb,C2
excel,verb,C2
consume,verb,B2
comprise,verb,C1
comprise,verb,C1
desire,verb,C1
employ,verb,C1
engage,verb,C1
enhance,verb,C1
evaluate,verb,C1
facilitate,verb,C1
compromise,verb,C2
deem,verb,C2
disclose,verb,C2
endorse,verb,C2
enjoy,verb,C2
eradicate,verb,C2
erode,verb,C2
examine,verb,C2
exemplify,verb,C2
exercise,verb,C2
commence,verb,C2
crush,noun,C2
dump,noun,C2
devil,noun,C2
disapproval,noun,C1
dismissal,noun,C1
dissatisfaction,noun,B2
disability,noun,B2
disagreement,noun,B2
dishonesty,noun,B2
disorder,noun,C1
disagree,verb,B1
discourage,verb,B2
disrespect,noun,C1
disgust,noun,C2
disapprove,verb,B2
dislike,verb,B1
commercial,noun,B2
criminal,noun,B1
disposal,noun,B2
conference,noun,B1
confidence,noun,B2
dancer,noun,A2
examiner,noun,B1
cooker,noun,A2
dishwasher,noun,B1
customer,noun,A2
diver,noun,B1
consumer,noun,B2
defender,noun,B2
counter,noun,C2
computer,noun,A1
farmer,noun,A2
employer,noun,B1
ending,noun,B1
crossing,noun,B1
farming,noun,B1
composition,noun,B2
edition,noun,B2
composition,noun,C2
composition,noun,C2
exhibition,noun,B1
condition,noun,B2
complexion,noun,C2
complication,noun,C2
constitution,noun,C2
examination,noun,B2
construction,noun,B2
definition,noun,B2
expression,noun,B2
communication,noun,B1
conversation,noun,A1
description,noun,B1
discussion,noun,B1
explanation,noun,B1
confession,noun,B2
confirmation,noun,B2
expression,noun,B2
conviction,noun,C2
devastation,noun,C2
examination,noun,A2
construction,noun,B2
concession,noun,C2
depression,noun,C2
conservation,noun,B2
evolution,noun,B2
decision,noun,B1
cooperation,noun,B2
contribution,noun,B2
demonstration,noun,C1
disposition,noun,C2
determination,noun,B2
exhaustion,noun,B2
confusion,noun,B2
constitution,noun,C1
election,noun,B1
competition,noun,A2
division,noun,B2
destination,noun,B1
expedition,noun,B1
connection,noun,B2
congestion,noun,C1
division,noun,B2
competition,noun,B2
criticism,noun,B2
cyclist,noun,B1
creativity,noun,B2
curiosity,noun,B2
community,noun,B2
electricity,noun,A2
entertainment,noun,B1
encouragement,noun,B2
development,noun,B1
disappointment,noun,B1
disappointment,noun,B1
excitement,noun,B1
enjoyment,noun,B2
commitment,noun,B2
embarrassment,noun,B2
equipment,noun,B1
employment,noun,B1
consciousness,noun,B2
eagerness,noun,B2
coolness,noun,C2
coolness,noun,C2
escalator,noun,B2
competitor,noun,B1
director,noun,B1
counsellor,noun,C2
enquiry,noun,B1
delivery,noun,B1
discovery,noun,B2
contraception,noun,C2
extremist,noun,C2
contraceptive,noun,C2
cow,noun,A1
dog,noun,A1
dinosaur,noun,A2
duck,noun,A2
elephant,noun,A2
creature,noun,B1
dolphin,noun,B1
donkey,noun,B1
crocodile,noun,B2
deer,noun,B2
eagle,noun,B2
egg,noun,B2
cry,noun,C2
comic,noun,A2
concert,noun,A2
dance,noun,A2
drum,noun,A2
disc,noun,B1
display,noun,B1
documentary,noun,B1
display,noun,B2
episode,noun,B2
extra,noun,C1
dance,noun,A2
culture,noun,B1
coverage,noun,C1
comedy,noun,B1
drama,noun,B1
craft,noun,B2
contents,noun,B1
contents,noun,B2
compose,verb,B2
conduct,verb,B2
ear,noun,A1
eye,noun,A1
face,noun,A1
cough,noun,B1
cut,noun,B1
diet,noun,B1
elbow,noun,B1
cure,noun,B2
dose,noun,B2
drug,noun,B2
drug,noun,B2
eyebrow,noun,B2
eyelid,noun,B2
corpse,noun,C2
disc,noun,C2
donor,noun,C2
eyesight,noun,B2
digestion,noun,C1
diarrhoea,noun,C2
disease,noun,B1
earache,noun,B1
deodorant,noun,C1
diagnosis,noun,C2
do,verb,A2
faint,verb,B2
cut,verb,B1
cure,verb,B2
digest,verb,C1
diagnose,verb,C2
develop,verb,B2
conceive,verb,C2
dress,noun,A1
earring,noun,A2
dress,noun,B2
costume,noun,B2
dress,verb,B1
cross,noun,A1
document,noun,A2
envelope,noun,A2
comma,noun,B1
comment,noun,B1
consonant,noun,B1
cry,noun,B1
demand,noun,B1
diagram,noun,B1
entry,noun,B1
excuse,noun,B1
excuse,noun,B1
command,noun,B2
dash,noun,B2
draft,noun,B2
exclamation mark,noun,B2
contact,noun,B1
data,noun,B2
complaint,noun,B1
compromise,noun,B2
defence,noun,B2
emphasis,noun,B2
dialect,noun,C2
dialogue,noun,C2
dispute,noun,C2
directions,noun,A2
complain,verb,B1
count,verb,B1
communicate,verb,B2
compromise,verb,B2
describe,verb,A2
discuss,verb,A2
convince,verb,B1
date,verb,B1
demand,verb,B1
encourage,verb,B1
encourage,verb,B1
excuse,verb,B1
confirm,verb,B2
defend,verb,B2
define,verb,B2
deny,verb,B2
emphasize,verb,B2
excuse,verb,B2
expose,verb,B2
express,verb,B2
condemn,verb,C2
explain,verb,A2
communicate,verb,B1
confirm,verb,B1
cry,verb,B1
comment,verb,B2
confess,verb,B2
decline,verb,B2
enquire,verb,B2
exclaim,verb,C2
crime,noun,B1
crime,noun,B1
custody,noun,C2
court,noun,B2
defend,verb,C1
convict,verb,C2
degree,noun,A2
dozen,noun,B1
drop,noun,B1
extra,noun,B1
curve,noun,B2
diamond,noun,B2
dimension,noun,B2
disc,noun,B2
fake,noun,C2
cream,noun,A2
depth,noun,B1
distance,noun,B1
degree,noun,B2
couple,noun,B1
drop,noun,B2
extent,noun,B2
drop,verb,B2
course,noun,A1
dictionary,noun,A1
diploma,noun,A2
exercise,noun,A2
curriculum,noun,B1
degree,noun,B1
exchange,noun,B1
credit,noun,B2
dissertation,noun,C1
discipline,noun,B2
do,verb,A1
fail,verb,A2
cup,noun,A1
course,noun,A2
dish,noun,A2
dish,noun,A2
date,noun,C1
core,noun,C2
dash,noun,C2
cream,noun,A2
fast food,noun,A2
corn,noun,B1
dinner,noun,A1
drink,noun,A1
egg,noun,A1
curry,noun,A2
dessert,noun,A2
drink,noun,A2
courgette,noun,B1
cucumber,noun,B1
fat,noun,B2
dice,verb,C2
desk,noun,A1
dining room,noun,A1
door,noun,A1
farm,noun,A1
cupboard,noun,A2
curtain,noun,A2
drawer,noun,A2
entrance,noun,A2
exit,noun,A2
cottage,noun,B1
cushion,noun,B1
dustbin,noun,B1
duvet,noun,B1
corridor,noun,B2
estate,noun,B2
doorway,noun,C2
facilities,noun,B1
dollar,noun,A1
euro,noun,A2
exchange rate,noun,B1
debit,noun,B2
debt,noun,B2
economy,noun,B2
crash,noun,C1
donor,noun,C2
debt,noun,B2
cover,noun,C1
credit,noun,B1
currency,noun,B1
expense,noun,B2
disposable income,noun,C2
expenses,noun,C1
crash,verb,C1
debit,verb,B2
compensate,verb,C1
cover,verb,C1
cover,verb,C1
continent,noun,B1
district,noun,B1
earthquake,noun,B2
element,noun,B2
countryside,noun,A2
copper,noun,B2
daylight,noun,B2
earth,noun,B2
coral,noun,C2
desert,noun,A2
dawn,noun,B2
diamond,noun,B2
earth,noun,B1
erupt,verb,C2
erode,verb,C2
experiment,noun,B1
estimate,noun,B2
consumption,noun,C1
effort,noun,B1
exchange,noun,B1
conflict,noun,B2
escape,noun,C1
dash,noun,B2
fall,verb,A2
escape,verb,B1
cooperate,verb,B2
cope,verb,B2
crawl,verb,B2
dash,verb,B2
experiment,verb,B2
do,verb,A1
complete,verb,A2
complete,verb,A2
copy,verb,A2
cover,verb,A2
do,verb,A2
control,verb,B1
count,verb,B1
create,verb,B1
damage,verb,B1
decorate,verb,B1
defend,verb,B1
design,verb,B1
destroy,verb,B1
develop,verb,B1
discover,verb,B1
exchange,verb,B1
conduct,verb,B2
construct,verb,B2
control,verb,B2
copy,verb,B2
cut,verb,B2
demolish,verb,B2
deny,verb,B2
deprive,verb,B2
dip,verb,B2
disrupt,verb,B2
distinguish,verb,B2
distract,verb,B2
distribute,verb,B2
disturb,verb,B2
drag,verb,B2
drop,verb,B2
enable,verb,B2
estimate,verb,B2
examine,verb,B2
exploit,verb,B2
exploit,verb,B2
explore,verb,B2
extend,verb,B2
extract,verb,B2
consume,verb,C1
cross,verb,A2
cut,verb,A2
decide,verb,A2
delay,verb,A2
end,verb,A2
connect,verb,B1
continue,verb,B1
decorate,verb,B1
deliver,verb,B1
dig,verb,B1
divide,verb,B1
drop,verb,B1
explore,verb,B1
face,verb,B1
fasten,verb,B1
convert,verb,B2
copy,verb,B2
crack,verb,B2
distinguish,verb,B2
dominate,verb,B2
elegance,noun,C1
cream,noun,B1
dream,noun,B1
experience,noun,B1
coward,noun,B2
extrovert,noun,C1
fake,noun,C2
fanatic,noun,C2
experience,noun,B1
comfort,noun,B2
command,noun,B2
courage,noun,B2
courtesy,noun,B2
credit,noun,B2
despair,noun,B2
disgrace,noun,B2
enthusiasm,noun,B2
envy,noun,B2
faith,noun,B2
fame,noun,B2
control,noun,C1
discipline,noun,C1
distress,noun,C1
drive,noun,C1
enterprise,noun,C1
dignity,noun,C2
diplomacy,noun,C2
empathy,noun,C2
doubt,noun,B1
concern,noun,B2
concern,noun,B2
cruelty,noun,B2
delight,noun,B2
depth,noun,B2
desire,noun,B2
emotion,noun,B2
cry,verb,A2
enjoy,verb,A1
control,verb,B1
disappoint,verb,B1
experience,verb,B1
fancy,verb,B1
confuse,verb,B2
doubt,verb,B2
draw,verb,B2
endure,verb,B2
envy,verb,B2
face,verb,B2
corrupt,verb,C1
declaration,noun,C1
deputy,noun,C1
coup,noun,C2
delegation,noun,C2
defence,noun,C1
diplomacy,noun,C2
democracy,noun,B2
control,verb,B2
daughter,noun,A1
father,noun,A1
cousin,noun,A2
date,noun,B1
enemy,noun,B1
companion,noun,B2
darling,noun,B2
daughter-in-law,noun,B2
father-in-law,noun,B2
company,noun,B2
culture,noun,B1
divorce,noun,B1
divorce,verb,B2
doll,noun,A1
department store,noun,A2
contest,noun,B1
course,noun,B1
court,noun,B1
cup,noun,B1
defeat,noun,B1
dice,noun,C2
cricket,noun,A2
defence,noun,B1
extreme sports,noun,B1
export,noun,B2
eliminate,verb,C1
draw,verb,C1
DVD,noun,A1
disk,noun,B1
document,noun,B1
download,noun,B1
drive,noun,B1
control,noun,B2
cursor,noun,B2
database,noun,B2
desktop,noun,B2
desktop,noun,B2
device,noun,B2
cookie,noun,C2
dot,noun,B1
data,noun,B2
display,noun,B1
failure,noun,B2
crash,verb,B2
fail,verb,B2
equip,verb,B2
display,verb,B2
driving licence,noun,A2
exit,noun,A2
crash,noun,B1
cruise,noun,B1
crossroads,noun,B2
cycle,noun,B2
deck,noun,B2
customs,noun,B1
entry,noun,B1
diesel,noun,C1
departure,noun,B1
cruise,verb,B2
commute,verb,C1
drop,verb,C1
divert,verb,C2
company,noun,A2
day,noun,A2
employee,noun,B1
deadline,noun,B2
deal,noun,B2
counterpart,noun,C1
enterprise,noun,C1
executive,noun,C1
developer,noun,C2
duty,noun,B2
dismissal,noun,C1
disappearance,noun,B2
distraction,noun,C1
disruption,noun,C1
distraction,noun,C1
disadvantage,noun,B1
discontent,noun,C1
discrimination,noun,C1
disorder,noun,C1
displacement,noun,C1
discomfort,noun,C2
discomfort,noun,C2
disorder,noun,C2
discomfort,noun,C1
disappear,verb,B1
disappear,verb,B1
disappear,verb,B2
discriminate,verb,C1
discriminate,verb,C2
dismiss,verb,C1
displace,verb,C1
distort,verb,C1
discourage,verb,C2
disqualify,verb,C2
disturbance,noun,C2
dominance,noun,C2
endurance,noun,C2
disturbance,noun,C1
consultant,noun,B2
contestant,noun,C1
consequence,noun,B2
convenience,noun,C1
existence,noun,C1
difference,noun,C2
convenience,noun,B2
existence,noun,B2
competence,noun,C1
confidence,noun,C2
difference,noun,A2
difference,noun,B1
driver,noun,A1
designer,noun,B1
composer,noun,B2
container,noun,B2
counter,noun,B2
dealer,noun,B2
determiner,noun,B2
entertainer,noun,B2
commander,noun,C2
ending,noun,B1
crossing,noun,C1
craving,noun,C2
cooking,noun,A2
engineering,noun,B1
counselling,noun,C2
drawing,noun,A2
composition,noun,B1
conclusion,noun,B1
direction,noun,B1
conjunction,noun,B2
consideration,noun,B2
demonstration,noun,B2
explosion,noun,B2
expression,noun,B2
extension,noun,B2
extension,noun,B2
extension,noun,B2
complication,noun,C1
condition,noun,C1
convention,noun,C1
equation,noun,C1
explosion,noun,C1
concession,noun,C2
conclusion,noun,C2
consultation,noun,C2
contradiction,noun,C2
direction,noun,C2
concentration,noun,B2
confusion,noun,B2
confusion,noun,B2
consideration,noun,B2
construction,noun,B2
decoration,noun,B2
destruction,noun,B2
division,noun,B2
evolution,noun,B2
expansion,noun,B2
completion,noun,C1
conservation,noun,C1
corruption,noun,C1
corruption,noun,C1
cultivation,noun,C1
definition,noun,C1
direction,noun,C1
distribution,noun,C1
domination,noun,C1
erosion,noun,C1
extinction,noun,C1
composition,noun,C2
consideration,noun,C2
consultation,noun,C2
distinction,noun,C2
elimination,noun,C2
erosion,noun,C2
connection,noun,B1
correction,noun,B1
connection,noun,B2
creation,noun,B2
decoration,noun,B2
depression,noun,B2
distinction,noun,B2
donation,noun,B2
exception,noun,B2
convention,noun,C1
demonstration,noun,C1
emission,noun,C1
evaluation,noun,C1
exaggeration,noun,C1
exploration,noun,C1
concentration,noun,C2
conception,noun,C2
confrontation,noun,C2
conversion,noun,C2
conviction,noun,C2
dentist,noun,A2
economist,noun,B2
environmentalist,noun,C1
facility,noun,B2
equality,noun,B2
complexity,noun,C2
continuity,noun,C2
credibility,noun,C2
comparative,noun,A2
explosive,noun,C2
commitment,noun,B2
development,noun,B2
development,noun,B1
establishment,noun,C1
development,noun,C2
darkness,noun,B2
coolness,noun,C1
effectiveness,noun,C1
fairness,noun,C1
craziness,noun,C2
consciousness,noun,C1
doctor,noun,A1
director,noun,B1
conductor,noun,B2
editor,noun,B2
emperor,noun,C1
difficulty,noun,B2
discovery,noun,C1
enquiry,noun,C2
difficulty,noun,B1
country,noun,A1
credit card,noun,A1
dance,noun,A1
date,noun,A1
day,noun,A1
email,noun,A1
end,noun,A1
example,noun,A1
factory,noun,A1
contact,noun,A2
cook,noun,A2
corner,noun,A2
diary,noun,A2
diary,noun,A2
digital camera,noun,A2
disco,noun,A2
discount,noun,A2
dream,noun,A2
end,noun,A2
engine,noun,A2
engineer,noun,A2
fact,noun,A2
fan,noun,A2
contract,noun,B1
copy,noun,B1
count noun,noun,B1
cover,noun,B1
cover,noun,B1
crop,noun,B1
cross,noun,B1
CV,noun,B1
dance,noun,B1
danger,noun,B1
date,noun,B1
definite article,noun,B1
deposit,noun,B1
design,noun,B1
detail,noun,B1
detective,noun,B1
disc jockey,noun,B1
DJ,noun,B1
drive,noun,B1
edge,noun,B1
embassy,noun,B1
essay,noun,B1
event,noun,B1
event,noun,B1
expert,noun,B1
fair,noun,B1
fan,noun,B1
fare,noun,B1
concept,noun,B2
control,noun,B2
copy,noun,B2
county,noun,B2
crash,noun,B2
critic,noun,B2
cut,noun,B2
cycle,noun,B2
debit card,noun,B2
decade,noun,B2
dilemma,noun,B2
dimension,noun,B2
diplomat,noun,B2
dive,noun,B2
dive,noun,B2
dot,noun,B2
edge,noun,B2
electrician,noun,B2
element,noun,B2
environment,noun,B2
episode,noun,B2
equal,noun,B2
era,noun,B2
estate,noun,B2
example,noun,B2
extract,noun,B2
factor,noun,B2
faith,noun,B2
fate,noun,B2
comfort,noun,C1
command,noun,C1
commodity,noun,C1
complaint,noun,C1
component,noun,C1
component,noun,C1
criterion,noun,C1
critic,noun,C1
cut,noun,C1
cutback,noun,C1
debut,noun,C1
defect,noun,C1
deficit,noun,C1
delegate,noun,C1
deposit,noun,C1
deposit,noun,C1
design,noun,C1
destiny,noun,C1
developer,noun,C1
directory,noun,C1
divide,noun,C1
dock,noun,C1
domain,noun,C1
draught,noun,C1
drawback,noun,C1
dump,noun,C1
empire,noun,C1
empire,noun,C1
equivalent,noun,C1
exhibit,noun,C1
exterior,noun,C1
fair,noun,C1
comeback,noun,C2
compliment,noun,C2
constraint,noun,C2
contact,noun,C2
corner,noun,C2
count,noun,C2
crack,noun,C2
crackdown,noun,C2
creep,noun,C2
cricket,noun,C2
cushion,noun,C2
deposit,noun,C2
descendant,noun,C2
deterrent,noun,C2
drain,noun,C2
echo,noun,C2
embrace,noun,C2
enterprise,noun,C2
entity,noun,C2
entrance,noun,C2
exercise,noun,C2
dancing,noun,A1
email,noun,A1
cycling,noun,A2
east,noun,A2
common sense,noun,B1
cotton,noun,B1
credit,noun,B1
damage,noun,B1
design,noun,B1
design,noun,B1
dirt,noun,B1
diving,noun,B1
dust,noun,B1
economics,noun,B1
effort,noun,B1
energy,noun,B1
energy,noun,B1
entrance,noun,B1
entry,noun,B1
fashion,noun,B1
commerce,noun,B2
concrete,noun,B2
daytime,noun,B2
demand,noun,B2
denim,noun,B2
ease,noun,B2
efficiency,noun,B2
electronics,noun,B2
evidence,noun,B2
fact,noun,B2
faith,noun,B2
fate,noun,B2
consent,noun,C1
contact,noun,C1
cover,noun,C1
crawl,noun,C1
daycare,noun,C1
dedication,noun,C1
destiny,noun,C1
exposure,noun,C1
comfort,noun,C2
comfort,noun,C2
command,noun,C2
custody,noun,C2
cutlery,noun,C2
decay,noun,C2
dependence,noun,C2
depth,noun,C2
desperation,noun,C2
discretion,noun,C2
dismay,noun,C2
distress,noun,C2
DNA,noun,C2
doom,noun,C2
evidence,noun,C2
December,noun,A1
evening,noun,A1
cost,noun,A2
danger,noun,A2
day,noun,A2
delay,noun,A2
exercise,noun,A2
fashion,noun,A2
custom,noun,B1
death,noun,B1
decrease,noun,B1
diet,noun,B1
drama,noun,B1
duty,noun,B1
effect,noun,B1
emergency,noun,B1
entry,noun,B1
comparison,noun,B2
conflict,noun,B2
context,noun,B2
contrast,noun,B2
control,noun,B2
control,noun,B2
costume,noun,B2
crab,noun,B2
crisis,noun,B2
debate,noun,B2
decline,noun,B2
dialogue,noun,B2
disaster,noun,B2
disaster,noun,B2
disguise,noun,B2
error,noun,B2
evil,noun,B2
failure,noun,B2
fantasy,noun,B2
context,noun,C1
controversy,noun,C1
deduction,noun,C1
deficiency,noun,C1
density,noun,C1
fabric,noun,C1
conscience,noun,C2
deception,noun,C2
deduction,noun,C2
deficiency,noun,C2
denial,noun,C2
deprivation,noun,C2
drought,noun,C2
endeavour,noun,C2
famine,noun,C2
contents,noun,B1
earnings,noun,B2
content,noun,B2
distance,noun,B2
crawl,noun,C1
downside,noun,C1
drop,noun,C1
content,noun,C2
core,noun,C2
course,noun,C2
crush,noun,C2
die,verb,A1
eat,verb,A1
drink,verb,A2
compete,verb,B1
concentrate,verb,B1
cough,verb,B1
cycle,verb,B1
dive,verb,B1
dive,verb,B1
exist,verb,B1
fall,verb,B1
compete,verb,B2
cooperate,verb,B2
correspond,verb,B2
correspond,verb,B2
count,verb,B2
decline,verb,B2
demonstrate,verb,B2
differ,verb,B2
dip,verb,B2
emerge,verb,B2
fail,verb,B2
comply,verb,C1
daydream,verb,C1
deteriorate,verb,C1
emerge,verb,C1
exist,verb,C1
consent,verb,C2
contrast,verb,C2
count,verb,C2
crawl,verb,C2
develop,verb,C2
drag,verb,C2
drain,verb,C2
drift,verb,C2
echo,verb,C2
experiment,verb,C2
expire,verb,C2
fall,verb,C2
fall,verb,C2
fall,verb,C2
complete,verb,A2
contact,verb,A2
cost,verb,A2
email,verb,A2
contain,verb,B1
cover,verb,B1
cover,verb,B1
declare,verb,B1
defeat,verb,B1
delay,verb,B1
delete,verb,B1
deserve,verb,B1
direct,verb,B1
display,verb,B1
drag,verb,B1
employ,verb,B1
enter,verb,B1
expect,verb,B1
commit,verb,B2
concern,verb,B2
concern,verb,B2
confuse,verb,B2
congratulate,verb,B2
contain,verb,B2
cost,verb,B2
cover,verb,B2
cover,verb,B2
cut,verb,B2
deceive,verb,B2
declare,verb,B2
defeat,verb,B2
demand,verb,B2
demonstrate,verb,B2
disguise,verb,B2
distinguish,verb,B2
divide,verb,B2
edit,verb,B2
educate,verb,B2
enclose,verb,B2
encounter,verb,B2
exchange,verb,B2
expect,verb,B2
extend,verb,B2
face,verb,B2
compile,verb,C1
complicate,verb,C1
compliment,verb,C1
concern,verb,C1
conclude,verb,C1
consider,verb,C1
constitute,verb,C1
consult,verb,C1
consult,verb,C1
convey,verb,C1
cover,verb,C1
cultivate,verb,C1
cure,verb,C1
demonstrate,verb,C1
deposit,verb,C1
detect,verb,C1
determine,verb,C1
determine,verb,C1
digest,verb,C1
direct,verb,C1
distribute,verb,C1
divide,verb,C1
doubt,verb,C1
draft,verb,C1
dump,verb,C1
eliminate,verb,C1
enclose,verb,C1
enforce,verb,C1
enrich,verb,C1
enter,verb,C1
envisage,verb,C1
envision,verb,C1
exceed,verb,C1
exclude,verb,C1
exclude,verb,C1
exhaust,verb,C1
fascinate,verb,C1
comfort,verb,C2
commemorate,verb,C2
commit,verb,C2
conceal,verb,C2
conceive,verb,C2
confine,verb,C2
confront,verb,C2
confront,verb,C2
connect,verb,C2
constrain,verb,C2
contain,verb,C2
contemplate,verb,C2
contradict,verb,C2
contrast,verb,C2
count,verb,C2
count,verb,C2
crave,verb,C2
crush,verb,C2
cultivate,verb,C2
curb,verb,C2
dazzle,verb,C2
dazzle,verb,C2
decide,verb,C2
deduce,verb,C2
defy,verb,C2
demolish,verb,C2
demonstrate,verb,C2
depict,verb,C2
devise,verb,C2
differentiate,verb,C2
disguise,verb,C2
display,verb,C2
dispute,verb,C2
disturb,verb,C2
drain,verb,C2
drain,verb,C2
dread,verb,C2
drive,verb,C2
earn,verb,C2
echo,verb,C2
embarrass,verb,C2
embody,verb,C2
emit,verb,C2
equate,verb,C2
escape,verb,C2
escape,verb,C2
execute,verb,C2
execute,verb,C2
fake,verb,C2
fake,verb,C2
fancy,verb,C2
cook,verb,A1
dance,verb,A1
draw,verb,A1
drink,verb,A1
drive,verb,A1
eat,verb,A1
download,verb,A2
dream,verb,A2
dress,verb,A2
dry,verb,A2
earn,verb,A2
enter,verb,A2
compare,verb,B1
consider,verb,B1
continue,verb,B1
crash,verb,B1
decrease,verb,B1
develop,verb,B1
dial,verb,B1
direct,verb,B1
dream,verb,B1
enter,verb,B1
entertain,verb,B1
exercise,verb,B1
exit,verb,B1
explode,verb,B1
contribute,verb,B2
cool,verb,B2
decay,verb,B2
donate,verb,B2
double,verb,B2
escape,verb,B2
expand,verb,B2
export,verb,B2
fade,verb,B2
conquer,verb,C1
contradict,verb,C1
contribute,verb,C1
deepen,verb,C1
deliver,verb,C1
differentiate,verb,C1
diminish,verb,C1
dominate,verb,C1
donate,verb,C1
exaggerate,verb,C1
compensate,verb,C2
conceive,verb,C2
contract,verb,C2
convert,verb,C2
cross,verb,C2
crumble,verb,C2
debate,verb,C2
deepen,verb,C2
delegate,verb,C2
dim,verb,C2
dissolve,verb,C2
drain,verb,C2
devil,noun,B2
fantastic,adjective,A2
cool,adjective,A2
empirical,adjective,C2
evidently,adverb,B2
evident,adjective,B2
deceased,adjective,C2
due,adjective,C2
dead,adjective,C2
dead,adverb,C1
dump,verb,C2
faraway,adjective,C2
disabled,adjective,B1
disorganized,adjective,B2
dissatisfied,adjective,B2
disrespectful,adjective,C2
dishonestly,adverb,C1
dishonest,adjective,B2
dislike,noun,B2
comfortable,adjective,A2
comparable,adjective,C1
comfortable,adjective,C2
comfortable,adjective,B1
enjoyable,adjective,B1
comfortable,adjective,B2
desirable,adjective,B2
cultural,adjective,B1
critical,adjective,C2
dental,adjective,B2
fatal,adjective,B2
facial,adjective,C2
critical,adjective,B2
criminal,adjective,B2
exceptional,adjective,B2
educational,adjective,B2
economical,adjective,B2
environmental,adjective,B1
ecological,adjective,B2
emotional,adjective,B2
emotional,adjective,B2
cynical,adjective,C2
constitutional,adjective,C2
digital,adjective,A2
digital,adjective,B1
electrical,adjective,B1
dominant,adjective,C2
engaged,adjective,B1
damaged,adjective,B1
decaffeinated,adjective,C2
detached,adjective,C1
depressed,adjective,C2
excited,adjective,A1
confused,adjective,B1
delighted,adjective,B1
disappointed,adjective,B1
embarrassed,adjective,B1
exhausted,adjective,B1
experienced,adjective,B1
concerned,adjective,B2
convinced,adjective,B2
determined,adjective,B2
devoted,adjective,B2
distinguished,adjective,B2
fascinated,adjective,B2
committed,adjective,C2
conceited,adjective,C2
detached,adjective,C2
dignified,adjective,C2
elated,adjective,C2
developed,adjective,B2
divorced,adjective,B1
engaged,adjective,B1
different,adjective,A1
different,adjective,B1
confident,adjective,B1
competent,adjective,C1
designer,adjective,B2
delightful,adjective,B2
dreadful,adjective,B2
doubtful,adjective,B2
compatible,adjective,C2
compatible,adjective,C1
domestic,adjective,B2
economic,adjective,B2
dynamic,adjective,B2
energetic,adjective,B2
enthusiastic,adjective,B2
democratic,adjective,B2
domestic,adjective,B2
electric,adjective,A2
electric,adjective,B1
electronic,adjective,B1
electronic,adjective,B1
disgusting,adjective,B1
exciting,adjective,A1
confusing,adjective,B1
disappointing,adjective,B1
easygoing,adjective,B1
embarrassing,adjective,B1
depressing,adjective,B2
distressing,adjective,B2
encouraging,adjective,B2
exhausting,adjective,B2
fascinating,adjective,B2
developing,adjective,B2
education,noun,B1
expectation,noun,B2
corporation,noun,B2
community,noun,B2
decorative,adjective,B2
extensive,adjective,B2
creative,adjective,B1
competitive,adjective,B2
cooperative,adjective,B2
decisive,adjective,B2
expressive,adjective,C2
competitive,adjective,B2
competitive,adjective,B2
criticize,verb,B2
especially,adverb,A2
completely,adverb,B1
exactly,adverb,B1
extremely,adverb,B1
consequently,adverb,B2
deeply,adverb,B2
desperately,adverb,B2
entirely,adverb,B2
exactly,adverb,B2
extraordinarily,adverb,B2
fantastically,adverb,B2
exactly,adverb,A2
fairly,adverb,B1
densely,adverb,B2
ecologically,adverb,B2
environmentally,adverb,B2
elegantly,adverb,B2
cowardly,adjective,B2
curiously,adverb,B1
dangerously,adverb,B1
excitedly,adverb,B1
confidently,adverb,B2
creatively,adverb,B2
cruelly,adverb,B2
desperately,adverb,B2
eagerly,adverb,B2
emotionally,adverb,B2
enthusiastically,adverb,B2
electronically,adverb,B2
conscious,adjective,C1
enormous,adjective,B1
disastrous,adjective,C1
fabulous,adjective,C1
famous,adjective,A1
dangerous,adjective,A2
curious,adjective,B1
conscientious,adjective,C1
courageous,adjective,C1
courteous,adjective,C2
dirty,adjective,A2
curly,adjective,B1
comic,adjective,B1
comedian,noun,B2
deaf,adjective,B1
dizzy,adjective,B2
dry,adjective,C1
dumb,adjective,C1
dead,adjective,C2
eyelash,noun,B2
complex,noun,C2
dear,adjective,A1
complete,adjective,B1
down,adverb,B1
far,adverb,B2
dark,adjective,A1
cream,adjective,A2
deep,adjective,A2
double,adjective,A2
excellent,adjective,A2
extra,adjective,A2
deep,adjective,B1
equal,adjective,B1
exact,adjective,B1
extraordinary,adjective,B1
FALSE,adjective,B1
decent,adjective,B2
deep,adjective,B2
delicate,adjective,B2
delicate,adjective,B2
dense,adjective,B2
distant,adjective,B2
entire,adjective,B2
extreme,adjective,B2
faint,adjective,B2
FALSE,adjective,B2
dull,adjective,C1
fake,adjective,C1
crisp,adjective,C2
dated,adjective,C2
defective,adjective,C2
desperate,adjective,C2
dry,adjective,C2
elaborate,adjective,C2
down,adverb,A1
down,adverb,A2
else,adverb,A2
deep,adverb,B1
down,adverb,B1
extra,adverb,B1
elementary,adjective,B1
dairy,adjective,B2
dry,adjective,C1
crisp,noun,A2
downstairs,adjective,B1
downstairs,adverb,A2
complex,noun,C1
extravagant,adjective,C2
dry,adjective,A2
dry,adjective,A2
cool,adjective,B1
damp,adjective,B2
environmentally friendly,adjective,B2
crisp,adjective,C2
ecology,noun,C1
fat,adjective,A1
fair,adjective,A2
elderly,adjective,B1
elegant,adjective,B2
crazy,adjective,A2
cruel,adjective,B1
difficult,adjective,B1
content,adjective,B2
crazy,adjective,B2
dear,adjective,B2
decent,adjective,B2
deep,adjective,B2
desperate,adjective,B2
desperate,adjective,B2
down,adjective,B2
eager,adjective,B2
evil,adjective,B2
expert,adjective,B2
cool,adjective,C1
corrupt,adjective,C1
devastated,adjective,C1
distant,adjective,C1
FALSE,adjective,C1
cool,adjective,C2
defensive,adjective,C2
diplomatic,adjective,C2
eccentric,adjective,C2
eminent,adjective,C2
contempt,noun,C2
consider,verb,C2
diplomatic,adjective,C1
extreme,adjective,C2
council,noun,B2
defeat,noun,B2
family,noun,A1
couple,noun,B1
family,noun,B1
down,adjective,C1
executive,adjective,C1
Dr,noun,A2
committee,noun,B2
crew,noun,B2
drunk,adjective,B2
disposable,adjective,C2
disloyal,adjective,C2
disorganized,adjective,B2
disadvantaged,adjective,C1
disgusted,adjective,C1
disillusioned,adjective,C2
disruptive,adjective,C2
dismiss,verb,C1
fashionable,adjective,B1
considerable,adjective,B2
cultural,adjective,B1
essential,adjective,B1
commercial,adjective,B2
controversial,adjective,B2
conventional,adjective,B2
critical,adjective,B2
critical,adjective,B2
crucial,adjective,B2
external,adjective,B2
external,adjective,B2
fatal,adjective,B2
confidential,adjective,C1
electrical,adjective,C1
commercial,adjective,C2
continental,adjective,C2
essential,adjective,C2
ethical,adjective,C2
ethical,adjective,C2
exceptional,adjective,C2
experimental,adjective,C2
dominant,adjective,C1
crowded,adjective,A2
dressed,adjective,A2
complicated,adjective,B1
depressed,adjective,B1
dressed,adjective,B1
confused,adjective,B2
detailed,adjective,B2
divided,adjective,B2
educated,adjective,B2
endangered,adjective,B2
estimated,adjective,B2
concerned,adjective,C2
disturbed,adjective,C2
engrossed,adjective,C2
convenient,adjective,B1
convenient,adjective,B1
efficient,adjective,B1
confident,adjective,B2
dependent,adjective,B2
consistent,adjective,C2
doubtful,adjective,B2
faithful,adjective,B2
eventful,adjective,C2
faithful,adjective,C2
faithful,adjective,C2
edible,adjective,C1
eligible,adjective,C1
compatible,adjective,C2
dramatic,adjective,B2
exotic,adjective,B2
ethnic,adjective,C1
dynamic,adjective,C2
electric,adjective,C2
demanding,adjective,B2
entertaining,adjective,B2
existing,adjective,B2
convincing,adjective,C1
comforting,adjective,C2
corresponding,adjective,C2
cunning,adjective,C2
disturbing,adjective,C2
condition,noun,B1
distribution,noun,C1
fascination,noun,C1
condition,verb,C2
diversity,noun,C1
expensive,adjective,A1
communicative,adjective,B2
effective,adjective,B2
exclusive,adjective,B2
comparative,adjective,C1
comprehensive,adjective,C1
conservative,adjective,C1
constructive,adjective,C1
decisive,adjective,C1
distinctive,adjective,C1
excessive,adjective,C1
exclusive,adjective,C1
exhaustive,adjective,C1
compulsive,adjective,C2
compulsive,adjective,C2
conclusive,adjective,C2
consecutive,adjective,C2
elusive,adjective,C2
explosive,adjective,C2
explosive,adjective,C2
endless,adjective,B2
countless,adjective,C1
daily,adjective,A2
daily,adverb,A2
easily,adverb,A2
correctly,adverb,B1
definitely,adverb,B1
differently,adverb,B1
directly,adverb,B1
comfortably,adverb,B2
considerably,adverb,B2
constantly,adverb,B2
continuously,adverb,B2
conveniently,adverb,B2
critically,adverb,B2
culturally,adverb,B2
curiously,adverb,B2
currently,adverb,B2
deliberately,adverb,B2
directly,adverb,B2
dramatically,adverb,B2
effectively,adverb,B2
efficiently,adverb,B2
equally,adverb,B2
especially,adverb,B2
essentially,adverb,B2
eventually,adverb,B2
fairly,adverb,B2
commonly,adverb,C1
comprehensively,adverb,C1
continually,adverb,C1
easily,adverb,C1
equally,adverb,C1
equally,adverb,C1
exclusively,adverb,C1
conclusively,adverb,C2
consistently,adverb,C2
diplomatically,adverb,C2
effectively,adverb,C2
department,noun,A2
delicious,adjective,B1
continuous,adjective,B2
continuous,adjective,B2
dusty,adjective,B1
contradictory,adjective,C2
difficult,adjective,A1
easy,adjective,A1
fast,adjective,A1
correct,adjective,A2
dark,adjective,A2
dead,adjective,A2
early,adjective,A2
east,adjective,A2
empty,adjective,A2
common,adjective,B1
common,adjective,B1
complete,adjective,B1
correct,adjective,B1
cosy,adjective,B1
direct,adjective,B1
due,adjective,B1
dull,adjective,B1
duty-free,adjective,B1
early,adjective,B1
eastern,adjective,B1
face-to-face,adjective,B1
fair,adjective,B1
fair,adjective,B1
familiar,adjective,B1
complex,adjective,B2
compulsory,adjective,B2
constant,adjective,B2
contemporary,adjective,B2
current,adjective,B2
dead,adjective,B2
deadly,adjective,B2
definite,adjective,B2
deliberate,adjective,B2
direct,adjective,B2
diverse,adjective,B2
eastern,adjective,B2
equal,adjective,B2
expected,adjective,B2
extreme,adjective,B2
far,adjective,B2
common,adjective,C1
concrete,adjective,C1
considerate,adjective,C1
continual,adjective,C1
corporate,adjective,C1
cosmopolitan,adjective,C1
customary,adjective,C1
cutting-edge,adjective,C1
dark,adjective,C1
day-to-day,adjective,C1
dedicated,adjective,C1
delicate,adjective,C1
deprived,adjective,C1
deserted,adjective,C1
devastating,adjective,C1
direct,adjective,C1
distinct,adjective,C1
distinct,adjective,C1
distressed,adjective,C1
down-to-earth,adjective,C1
downward,adjective,C1
drastic,adjective,C1
dual,adjective,C1
empty,adjective,C1
equivalent,adjective,C1
excess,adjective,C1
extinct,adjective,C1
fair,adjective,C1
complimentary,adjective,C2
complimentary,adjective,C2
concrete,adjective,C2
constant,adjective,C2
contrary,adjective,C2
crude,adjective,C2
crude,adjective,C2
dazed,adjective,C2
dazzling,adjective,C2
dazzling,adjective,C2
dead,adjective,C2
deceptive,adjective,C2
dedicated,adjective,C2
deep,adjective,C2
definitive,adjective,C2
delicate,adjective,C2
detrimental,adjective,C2
devastating,adjective,C2
dim,adjective,C2
discreet,adjective,C2
distant,adjective,C2
distinct,adjective,C2
dubious,adjective,C2
dubious,adjective,C2
due,adjective,C2
eventual,adjective,C2
explicit,adjective,C2
explicit,adjective,C2
exquisite,adjective,C2
early,adverb,A1
early,adverb,A2
east,adverb,A2
else,adverb,A2
else,adverb,A2
enough,adverb,A2
even,adverb,A2
ever,adverb,A2
everywhere,adverb,A2
far,adverb,A2
fast,adverb,A2
either,adverb,B1
even,adverb,B1
face to face,adverb,B1
elsewhere,adverb,B2
downwards,adverb,C1
drastically,adverb,C1
exceptionally,adverb,C1
decisively,adverb,C2
downhill,adverb,C2
fast,adverb,C2
crowd,noun,A2
crew,noun,B1
fall,noun,B1
cost,noun,B2
end,noun,B2
enemy,noun,B2
escape,noun,B2
fall,noun,B2
elite,noun,C1
excess,noun,C1
exhaust,noun,C1
exhaust,noun,C1
fall,noun,C1
consensus,noun,C2
crystal,noun,C2
essence,noun,C2
exile,noun,C2
do,verb,A2
compose,verb,B2
correct,verb,B2
correct,verb,B2
drown,verb,B2
educate,verb,B2
elect,verb,B2
entitle,verb,B2
establish,verb,B2
consider,verb,C1
crowd,verb,C1
dictate,verb,C1
dissolve,verb,C1
divide,verb,C1
embrace,verb,C1
embrace,verb,C1
entitle,verb,C1
evolve,verb,C1
exhibit,verb,C1
concede,verb,C2
concede,verb,C2
drown,verb,C2
embrace,verb,C2
establish,verb,C2
establish,verb,C2
exhibit,verb,C2
goalkeeper,noun,B1
grant,verb,B2
gender,noun,B2
guy,noun,A2
guts,noun,B2
granddad,noun,A2
grandma,noun,A2
grandpa,noun,A2
granny,noun,A2
insert,verb,C1
insert,verb,C1
inhabit,verb,C2
garment,noun,C1
infant,noun,C2
inquiry,noun,C2
infer,verb,C2
gang,noun,C2
heaven,noun,B2
guts,noun,C2
get,verb,B2
hit,verb,C2
intolerance,noun,C2
impatience,noun,C2
intruder,noun,C2
installation,noun,C1
interaction,noun,C1
import,noun,C1
import,noun,C2
insomnia,noun,C2
invade,verb,B2
introvert,noun,C2
input,noun,B2
interval,noun,B1
interfere,verb,B2
intervene,verb,C2
guidance,noun,B2
insurance,noun,B2
ignorance,noun,C2
independence,noun,B2
intelligence,noun,B2
innocence,noun,C2
influence,noun,B2
independence,noun,B2
freezer,noun,B1
heater,noun,B1
helper,noun,B2
footballer,noun,A2
firefighter,noun,B1
feeling,noun,B1
greeting,noun,B1
handwriting,noun,B1
heating,noun,A2
funding,noun,C1
ironing,noun,B1
fighting,noun,B2
feeling,noun,B1
feeling,noun,B2
feeling,noun,B1
fishing,noun,A2
ice skating,noun,B1
illustration,noun,C1
infection,noun,B2
introduction,noun,B2
identification,noun,A2
information,noun,A2
invitation,noun,A2
introduction,noun,B2
institution,noun,B2
inflation,noun,B2
identification,noun,B2
introduction,noun,B2
invasion,noun,B2
impression,noun,B2
imagination,noun,B1
frustration,noun,B2
inspiration,noun,B2
irritation,noun,C2
generation,noun,B2
immigration,noun,B1
immigration,noun,B2
generosity,noun,B2
hostility,noun,C2
humanity,noun,C2
humility,noun,C2
integrity,noun,C2
identity,noun,B2
hospitality,noun,C1
imprisonment,noun,C2
investment,noun,B2
fulfilment,noun,C2
government,noun,B2
illness,noun,B1
fitness,noun,B1
illness,noun,B2
happiness,noun,B1
greatness,noun,B2
investor,noun,B2
instructor,noun,B1
inspector,noun,B2
friendship,noun,B1
fish,noun,A1
horse,noun,A1
insect,noun,A2
fly,noun,B1
frog,noun,B1
giraffe,noun,B1
goat,noun,B1
feather,noun,B2
fox,noun,B2
horn,noun,C1
fur,noun,B1
film,noun,A1
guitar,noun,A1
instrument,noun,A2
festival,noun,B1
flute,noun,B1
gallery,noun,B1
headline,noun,B1
hero,noun,B1
guest,noun,B2
image,noun,B2
issue,noun,B2
index,noun,C1
feature,noun,C2
flashback,noun,C2
house,noun,C2
hip-hop,noun,A2
fiction,noun,B1
folk,noun,B1
harmony,noun,C2
graphics,noun,B1
go,verb,B2
foot,noun,A1
hand,noun,A1
head,noun,A1
finger,noun,A2
headache,noun,A2
heart,noun,A2
forehead,noun,B1
heart attack,noun,B1
human,noun,B1
fingernail,noun,B2
gum,noun,B2
heel,noun,B2
hip,noun,B2
gene,noun,C1
fist,noun,C2
flashback,noun,C2
health,noun,A2
flu,noun,B1
health care,noun,C1
fever,noun,B1
injury,noun,B2
immune system,noun,C2
hurt,verb,A2
freeze,verb,B2
have,verb,A1
have,verb,A2
infect,verb,C1
infect,verb,C2
heal,verb,B2
hat,noun,A1
glove,noun,A2
handbag,noun,A2
heel,noun,B1
helmet,noun,B2
hood,noun,B2
gear,noun,B2
glasses,noun,A1
file,noun,A2
form,noun,A2
ID card,noun,A2
figure,noun,B1
form,noun,B1
full stop,noun,B1
guess,noun,B1
identity card,noun,B1
inquiry,noun,B1
interview,noun,B1
interview,noun,B1
issue,noun,B1
fight,noun,B2
first language,noun,B2
graph,noun,B2
handout,noun,B2
hint,noun,B2
hint,noun,B2
hyphen,noun,B2
idiom,noun,B2
insult,noun,B2
groan,noun,C2
inquiry,noun,C2
grammar,noun,A2
feedback,noun,B2
fluency,noun,B2
gossip,noun,B2
ID,noun,A2
ink,noun,B1
implication,noun,C2
inverted commas,noun,B2
insist,verb,B1
fight,verb,B2
gossip,verb,B2
insist,verb,B2
groan,verb,C2
invite,verb,A1
give,verb,A2
get,verb,B1
greet,verb,B1
inform,verb,B1
guarantee,verb,B2
highlight,verb,B2
highlight,verb,B2
indicate,verb,B2
insult,verb,B2
invent,verb,B2
illustrate,verb,C1
instruct,verb,C1
interpret,verb,C1
invite,verb,C1
imply,verb,C2
introduce,verb,C2
guess,verb,A2
forgive,verb,B1
hear,verb,B1
interrupt,verb,B1
inquire,verb,B2
interpret,verb,B2
gang,noun,B2
guilt,noun,B2
gram,noun,A2
foot,noun,B1
inch,noun,B1
glass,noun,A1
green,noun,A2
grey,noun,A2
height,noun,B1
increase,noun,B2
increase,verb,B1
form,noun,B1
grade,noun,B1
field,noun,B2
graduate,noun,B2
homework,noun,A1
history,noun,A2
gym,noun,B1
graduate,verb,B2
instruct,verb,C2
glass,noun,A1
fork,noun,A2
fridge,noun,A2
grape,noun,A2
frying pan,noun,B1
grill,noun,B1
feast,noun,C1
fish,noun,A1
garlic,noun,A2
ham,noun,A2
honey,noun,A2
flour,noun,B1
hunger,noun,B1
fibre,noun,C1
food,noun,A1
fruit,noun,A1
ice cream,noun,A1
flavour,noun,B1
have,verb,A1
grill,verb,B1
freeze,verb,B1
fry,verb,B1
flat,noun,A1
garden,noun,A1
house,noun,A1
floor,noun,A2
garage,noun,A2
gate,noun,A2
hall,noun,A2
hall,noun,A2
fire station,noun,B1
frame,noun,B1
gym,noun,B1
hut,noun,B1
iron,noun,B1
fence,noun,B2
frame,noun,B2
hook,noun,B2
furniture,noun,A2
flesh,noun,C2
home,noun,A1
the first floor,noun,B1
the ground floor,noun,B1
fee,noun,B1
grant,noun,B1
fortune,noun,B2
fund,noun,C1
finance,noun,B2
interest,noun,C1
interest,noun,C1
fund,verb,C1
flower,noun,A1
field,noun,A2
hill,noun,A2
island,noun,A2
flood,noun,B1
forecast,noun,B1
hedge,noun,B2
habitat,noun,C1
iceberg,noun,C1
grass,noun,A1
geography,noun,A2
gold,noun,A2
ice,noun,A2
heat,noun,B1
iron,noun,B1
global warming,noun,B2
ground,noun,B2
hail,noun,C2
fog,noun,A2
forest,noun,A2
frost,noun,B2
gas,noun,B2
harvest,noun,B2
grow,verb,A2
flood,verb,B1
freeze,verb,B1
fight,noun,B1
hug,noun,B1
fight,noun,B2
glance,noun,B2
go,noun,B2
help,noun,A2
housework,noun,B1
habit,noun,B1
grip,noun,B2
hold,noun,B2
gaze,noun,C2
fish,verb,B1
hide,verb,B1
fight,verb,B2
freeze,verb,B2
hesitate,verb,B2
giggle,verb,C2
glare,verb,C2
grin,verb,C2
find,verb,A1
give,verb,A1
find,verb,A2
get,verb,A2
give,verb,A2
hear,verb,A2
hit,verb,A2
hold,verb,A2
fetch,verb,B1
finish,verb,B1
fix,verb,B1
follow,verb,B1
form,verb,B1
give,verb,B1
hand,verb,B1
handle,verb,B1
hide,verb,B1
hit,verb,B1
hold,verb,B1
hold,verb,B1
hug,verb,B1
imagine,verb,B1
install,verb,B1
invent,verb,B1
fit,verb,B2
fix,verb,B2
forbid,verb,B2
force,verb,B2
found,verb,B2
free,verb,B2
gather,verb,B2
grip,verb,B2
guard,verb,B2
guard,verb,B2
identify,verb,B2
identify,verb,B2
ignore,verb,B2
implement,verb,B2
introduce,verb,B2
grasp,verb,C1
imitate,verb,C1
impose,verb,C1
impose,verb,C1
inspect,verb,C1
force,verb,C2
haul,verb,C2
initiate,verb,C2
finish,verb,A1
hear,verb,A1
help,verb,A1
fill,verb,A2
follow,verb,A2
help,verb,A2
hurry,verb,A2
improve,verb,A2
fight,verb,B1
fold,verb,B1
grab,verb,B1
hang,verb,B1
iron,verb,B1
fight,verb,B2
fight,verb,B2
fire,verb,B2
gather,verb,B2
hunt,verb,B2
invest,verb,B2
flee,verb,C1
form,verb,C2
girl,noun,A1
haircut,noun,B1
feature,noun,B2
figure,noun,B2
grown-up,noun,B2
fringe,noun,C2
hair,noun,A1
grow,verb,B1
favourite,noun,B1
fool,noun,B1
head,noun,B1
hero,noun,B1
idea,noun,B1
figure,noun,B2
gentleman,noun,B2
idiot,noun,B2
fun,noun,A1
force,noun,B2
grief,noun,B2
guilt,noun,B2
honesty,noun,B2
honour,noun,B2
horror,noun,B2
humour,noun,B2
hatred,noun,C1
initiative,noun,C1
hypocrisy,noun,C2
fear,noun,B1
heart,noun,B1
hope,noun,B1
freedom,noun,B2
image,noun,B2
honour,noun,B2
hate,verb,A2
interest,verb,B1
fear,verb,B2
fear,verb,B2
feel,verb,B2
impress,verb,B2
inspire,verb,B2
inspire,verb,B2
inspire,verb,B2
irritate,verb,C1
hope,verb,A2
feel,verb,B1
hurt,verb,B1
friend,noun,A1
husband,noun,A1
girlfriend,noun,A2
grandchild,noun,A2
granddaughter,noun,A2
grandfather,noun,A2
grandmother,noun,A2
grandparent,noun,A2
grandson,noun,A2
guest,noun,A2
girlfriend,noun,B1
groom,noun,B1
funeral,noun,B2
gang,noun,B2
host,noun,B2
football,noun,A1
game,noun,A1
game,noun,A2
goal,noun,A2
goal,noun,A2
hobby,noun,A2
field,noun,B1
final,noun,B1
go,noun,B1
favourite,noun,C2
foul,noun,C2
football,noun,A1
golf,noun,A2
hockey,noun,A2
gymnastics,noun,B1
ice hockey,noun,B1
guarantee,noun,B2
goods,noun,B1
hold,verb,B2
file,noun,A2
folder,noun,B1
hard drive,noun,B2
hit,noun,B2
icon,noun,B2
IT,noun,A2
hardware,noun,B1
flash,noun,B2
go,verb,C2
generate,verb,B2
Google,verb,B2
flight,noun,A2
guest,noun,A2
guidebook,noun,A2
helicopter,noun,A2
ferry,noun,B1
garage,noun,B1
gate,noun,B1
harbour,noun,B1
horn,noun,B2
holiday,noun,A1
fly,verb,A1
go,verb,A1
go,verb,A1
fly,verb,A2
go,verb,B1
fly,verb,C2
guide,noun,A2
firm,noun,B1
guard,noun,B1
head,noun,B1
industry,noun,B1
fisherman,noun,B2
giant,noun,C2
industry,noun,B2
holiday,noun,A1
head,verb,B2
haunt,verb,B2
indifference,noun,C2
inconvenience,noun,C1
interference,noun,C1
interference,noun,C2
intruder,noun,C2
installation,noun,C1
integration,noun,C1
inclusion,noun,C1
inhibition,noun,C2
intrusion,noun,C2
intervention,noun,C2
impossibility,noun,C2
inferiority,noun,C2
insecurity,noun,C2
inequality,noun,C2
inability,noun,C1
import,verb,B2
inferior,noun,C2
influx,noun,C2
input,noun,B2
inaccuracy,noun,C1
injustice,noun,C1
insight,noun,C1
intrude,verb,C2
invade,verb,C1
inherit,verb,C2
invade,verb,C2
integrate,verb,C1
inherit,verb,C2
interval,noun,C2
interact,verb,B2
interfere,verb,C1
importance,noun,B1
inheritance,noun,C2
innocence,noun,C1
headteacher,noun,A2
foreigner,noun,B1
hairdresser,noun,B1
hairdryer,noun,B1
gardener,noun,B2
follower,noun,C2
founder,noun,C2
further,verb,C2
gardening,noun,B2
hunting,noun,B2
housing,noun,C1
generation,noun,B1
generation,noun,B2
generation,noun,B2
institution,noun,B2
foundation,noun,C1
foundation,noun,C2
fraction,noun,C2
imitation,noun,C2
inspiration,noun,C2
institution,noun,C2
foundation,noun,C1
industrialization,noun,C1
isolation,noun,C1
implementation,noun,C2
isolation,noun,C2
invention,noun,B1
intention,noun,B2
interruption,noun,B2
introduction,noun,B2
investigation,noun,B2
generalization,noun,C1
indication,noun,C1
innovation,noun,C1
inspection,noun,C1
hesitation,noun,C2
illustration,noun,C2
inclination,noun,C2
indication,noun,C2
inspection,noun,C2
intuition,noun,C2
invasion,noun,C2
impression,noun,B2
introduction,noun,C1
invitation,noun,C2
guitarist,noun,B1
flexibility,noun,B2
humanity,noun,C1
humanity,noun,C2
individuality,noun,C2
intensity,noun,C2
identity,noun,B2
imperative,noun,B2
generalize,verb,C1
improvement,noun,B1
investment,noun,B2
harassment,noun,C1
fulfilment,noun,C2
improvement,noun,B1
involvement,noun,B2
friendliness,noun,B2
forgiveness,noun,C2
goodness,noun,C2
homelessness,noun,C2
inspector,noun,B2
inventor,noun,B2
investigator,noun,B2
indicator,noun,C2
hardship,noun,C1
gambling,noun,B2
hotel,noun,A1
hour,noun,A1
first name,noun,A2
folder,noun,A2
friend,noun,A2
gift,noun,A2
head,noun,A2
housewife,noun,A2
idea,noun,A2
favour,noun,B1
festival,noun,B1
fifth,noun,B1
figure,noun,B1
film-maker,noun,B1
fine,noun,B1
finish,noun,B1
fire,noun,B1
firework,noun,B1
flag,noun,B1
floor,noun,B1
fountain,noun,B1
gap,noun,B1
goal,noun,B1
ground,noun,B1
guide,noun,B1
gun,noun,B1
handkerchief,noun,B1
herb,noun,B1
hit,noun,B1
hole,noun,B1
honeymoon,noun,B1
hostel,noun,B1
indefinite article,noun,B1
infinitive,noun,B1
fault,noun,B2
fault,noun,B2
feature,noun,B2
female,noun,B2
flame,noun,B2
flash,noun,B2
force,noun,B2
form,noun,B2
function,noun,B2
gap,noun,B2
gap,noun,B2
gap,noun,B2
grave,noun,B2
hair,noun,B2
hammer,noun,B2
handle,noun,B2
heart,noun,B2
highlight,noun,B2
icon,noun,B2
immigrant,noun,B2
incident,noun,B2
individual,noun,B2
institute,noun,B2
interior,noun,B2
figure,noun,C1
figure,noun,C1
flaw,noun,C1
fleet,noun,C1
fleet,noun,C1
footstep,noun,C1
format,noun,C1
formula,noun,C1
formula,noun,C1
function,noun,C1
gadget,noun,C1
gathering,noun,C1
genius,noun,C1
gerund,noun,C1
gesture,noun,C1
gesture,noun,C1
giant,noun,C1
gift,noun,C1
glimpse,noun,C1
grill,noun,C1
hazard,noun,C1
heading,noun,C1
historian,noun,C1
home,noun,C1
idol,noun,C1
implication,noun,C1
initiative,noun,C1
instance,noun,C1
instrument,noun,C1
feat,noun,C2
field,noun,C2
filter,noun,C2
fireplace,noun,C2
flash,noun,C2
flood,noun,C2
forgery,noun,C2
framework,noun,C2
fraud,noun,C2
fringe,noun,C2
frown,noun,C2
future,noun,C2
gamble,noun,C2
gasp,noun,C2
glare,noun,C2
grin,noun,C2
gulf,noun,C2
head,noun,C2
heir,noun,C2
hierarchy,noun,C2
horizon,noun,C2
horn,noun,C2
host,noun,C2
hostage,noun,C2
hypothesis,noun,C2
idol,noun,C2
illusion,noun,C2
image,noun,C2
impulse,noun,C2
individual,noun,C2
instruction,noun,C2
instrument,noun,C2
gas,noun,A2
handball,noun,B1
interest,noun,B1
genetics,noun,B2
good,noun,B2
harm,noun,B2
harmony,noun,B2
heaven,noun,B2
hunger,noun,B2
friction,noun,C1
geology,noun,C1
glamour,noun,C1
globalization,noun,C1
glory,noun,C1
glory,noun,C1
grace,noun,C1
greed,noun,C1
hate,noun,C1
hygiene,noun,C1
fever,noun,C2
fire,noun,C2
flair,noun,C2
focus,noun,C2
forgery,noun,C2
fraud,noun,C2
genius,noun,C2
glare,noun,C2
glue,noun,C2
good,noun,C2
grace,noun,C2
heritage,noun,C2
implication,noun,C2
infancy,noun,C2
instruction,noun,C2
February,noun,A1
Friday,noun,A1
hospital,noun,A1
fire,noun,A2
history,noun,A2
fuel,noun,B1
height,noun,B1
fortune,noun,B2
gender,noun,B2
habit,noun,B2
income,noun,B2
gain,noun,C1
fluid,noun,C2
force,noun,C2
fragrance,noun,C2
gain,noun,C2
guarantee,noun,C2
illusion,noun,C2
incentive,noun,C2
instinct,noun,C2
intellect,noun,C2
interest,noun,C2
human rights,noun,B2
fumes,noun,C1
grounds,noun,C2
grounds,noun,C2
the first person,noun,B2
help,noun,B2
flair,noun,C1
flow,noun,C1
hunger,noun,C1
idea,noun,C1
field,noun,C2
film,noun,C2
flavour,noun,C2
glow,noun,C2
glow,noun,C2
grasp,noun,C2
grasp,noun,C2
grasp,noun,C2
finish,verb,A1
grow,verb,A2
happen,verb,A2
happen,verb,A2
float,verb,B1
flow,verb,B1
go,verb,B1
go,verb,B1
grow,verb,B1
hitchhike,verb,B1
go,verb,B2
feed,verb,C1
hop,verb,C1
flourish,verb,C2
fluctuate,verb,C2
fly,verb,C2
frown,verb,C2
gasp,verb,C2
gasp,verb,C2
gesture,verb,C2
glow,verb,C2
glow,verb,C2
hang,verb,C2
hop,verb,C2
hop,verb,C2
get,verb,A1
get,verb,A1
have,verb,A1
forget,verb,A2
hurt,verb,A2
include,verb,A2
fax,verb,B1
feed,verb,B1
fill,verb,B1
fill,verb,B1
find,verb,B1
forget,verb,B1
gain,verb,B1
give,verb,B1
give,verb,B1
give,verb,B1
give,verb,B1
guide,verb,B1
have,verb,B1
have,verb,B1
hide,verb,B1
hire,verb,B1
hold,verb,B1
imagine,verb,B1
imagine,verb,B1
injure,verb,B1
install,verb,B1
intend,verb,B1
interview,verb,B1
introduce,verb,B1
involve,verb,B1
involve,verb,B1
finance,verb,B2
fine,verb,B2
fool,verb,B2
form,verb,B2
frighten,verb,B2
generate,verb,B2
grab,verb,B2
hang,verb,B2
hold,verb,B2
illustrate,verb,B2
imagine,verb,B2
interrupt,verb,B2
involve,verb,B2
feed,verb,C1
fill,verb,C1
fit,verb,C1
follow,verb,C1
foresee,verb,C1
gather,verb,C1
grasp,verb,C1
group,verb,C1
head,verb,C1
hit,verb,C1
hold,verb,C1
host,verb,C1
illustrate,verb,C1
imprison,verb,C1
indicate,verb,C1
infect,verb,C1
favour,verb,C2
figure,verb,C2
filter,verb,C2
form,verb,C2
formulate,verb,C2
formulate,verb,C2
found,verb,C2
glue,verb,C2
grace,verb,C2
greet,verb,C2
grip,verb,C2
grip,verb,C2
handle,verb,C2
hinder,verb,C2
house,verb,C2
house,verb,C2
imply,verb,C2
incorporate,verb,C2
incur,verb,C2
indulge,verb,C2
invite,verb,C2
feel,verb,A1
film,verb,B1
fit,verb,B1
float,verb,B1
follow,verb,B1
follow,verb,B1
forget,verb,B1
forget,verb,B1
gain,verb,B1
hunt,verb,B1
feature,verb,B2
feel,verb,B2
flash,verb,B2
flood,verb,B2
fly,verb,B2
govern,verb,B2
help,verb,B2
invest,verb,B2
investigate,verb,B2
fit,verb,C1
flash,verb,C2
flatten,verb,C2
gamble,verb,C2
go,verb,C2
hum,verb,C2
indulge,verb,C2
intensify,verb,C2
ghost,noun,B1
god,noun,B2
hell,noun,B2
hell,noun,B2
haunt,verb,B2
impolite,adjective,B2
incredible,adjective,B1
industrious,adjective,C2
frozen,adjective,B1
great,adjective,A1
half,noun,B2
full,adjective,B2
golden,adjective,A2
humour,noun,C2
fed up,adjective,B2
inseparable,adjective,C2
insane,adjective,C1
irregular,adjective,B1
fraudulent,adjective,C2
imperative,adjective,C2
formerly,adverb,B2
handy,adjective,C2
ill,adjective,C1
foremost,adjective,C2
indeed,adverb,C2
intent,noun,C2
fun,adjective,A2
heavenly,adjective,C1
hot,adjective,C1
fire,verb,B2
incurable,adjective,C2
intolerable,adjective,C2
inseparable,adjective,C2
illegal,adjective,B2
impersonal,adjective,C1
irrational,adjective,C2
insignificant,adjective,C1
intolerant,adjective,C2
inexperienced,adjective,B2
inedible,adjective,C1
irresponsible,adjective,B2
injection,noun,C2
inclusive,adjective,C1
insensitive,adjective,C1
interactive,adjective,C1
interactive,adjective,B2
illegally,adverb,B2
impatiently,adverb,B2
incredibly,adverb,B2
implicit,adjective,C2
impatient,adjective,B2
impatient,adjective,B2
immature,adjective,C2
insane,adjective,C2
inadequate,adjective,C1
inadequate,adjective,C1
inferior,adjective,C1
insecure,adjective,C1
inconsiderate,adjective,C2
inhuman,adjective,C2
innate,adjective,C2
the Internet,noun,A1
irregular,adjective,B2
favourable,adjective,B2
formidable,adjective,C2
grammatical,adjective,C2
hierarchical,adjective,C2
financial,adjective,B1
global,adjective,B2
intellectual,adjective,B2
hysterical,adjective,C1
hypocritical,adjective,C2
intellectual,adjective,C2
intellectual,noun,C2
industrial,adjective,B2
important,adjective,A1
inhabitant,noun,B2
injured,adjective,B2
flawed,adjective,C2
fried,adjective,A2
grilled,adjective,A2
interested,adjective,A2
frightened,adjective,B1
impressed,adjective,B2
irritated,adjective,B2
gifted,adjective,C1
fluent,adjective,B2
fluent,adjective,B2
innocent,adjective,B2
innocent,adjective,B2
intelligent,adjective,B1
innocent,adjective,B2
independent,adjective,B2
harmful,adjective,B2
graceful,adjective,C1
grateful,adjective,B1
helpful,adjective,B1
hopeful,adjective,B1
forceful,adjective,C2
graceful,adjective,C2
genetic,adjective,C1
heroic,adjective,C1
idealistic,adjective,C1
gymnastic,adjective,B2
growing,adjective,B2
intriguing,adjective,C2
freezing,adjective,B1
good-looking,adjective,A2
interesting,adjective,A1
frightening,adjective,B1
irritating,adjective,B2
frustrating,adjective,C1
imagination,noun,B1
foolish,adjective,B2
impressive,adjective,B2
imaginative,adjective,C1
impulsive,adjective,C2
harmless,adjective,B2
faultless,adjective,C2
flawless,adjective,C2
hopeless,adjective,B1
hopeless,adjective,B2
fearless,adjective,C2
finally,adverb,B1
fortunately,adverb,B1
fully,adverb,B1
generally,adverb,B1
heavily,adverb,B1
honestly,adverb,B1
hopefully,adverb,B1
firstly,adverb,B2
fluently,adverb,B2
frankly,adverb,B2
generally,adverb,B2
generally,adverb,B2
greatly,adverb,B2
highly,adverb,C1
incidentally,adverb,C1
financially,adverb,B2
globally,adverb,B2
happily,adverb,B1
foolishly,adverb,B2
furiously,adverb,B2
gently,adverb,B2
happily,adverb,B2
honestly,adverb,B2
hopefully,adverb,B2
icily,adverb,C2
intellectually,adverb,C2
intensely,adverb,C2
government,noun,B1
generous,adjective,B1
furious,adjective,B2
healthy,adjective,A2
healthy,adjective,A2
guilty,adjective,B2
faulty,adjective,B2
filthy,adjective,C1
hungry,adjective,A1
fatty,adjective,C1
foggy,adjective,A2
icy,adjective,B1
icy,adjective,B1
funny,adjective,A1
guilty,adjective,B1
greedy,adjective,B2
icy,adjective,B2
fussy,adjective,C2
fussy,adjective,C2
group,noun,A1
fine,adjective,A1
good,adjective,A1
fit,adjective,A2
ill,adjective,A2
human,adjective,B1
hurt,adjective,B1
feeble,adjective,C2
fresh,adjective,C2
how,adverb,A2
germ,noun,C1
itch,verb,B2
flat,adjective,B1
good,adjective,A1
great,adjective,B1
here,adverb,A1
hardly,adverb,B1
how,adverb,B1
how,adverb,B1
indeed,adverb,B1
furthermore,adverb,B2
hardly,adverb,B2
initial,noun,B1
guideline,noun,C1
inform,verb,B1
issue,verb,C2
good,adjective,A1
good,adjective,A1
green,adjective,A1
grey,adjective,A1
fine,adjective,A2
gold,adjective,A2
golden,adjective,A2
good,adjective,A2
great,adjective,A2
happy,adjective,A2
hard,adjective,A2
heavy,adjective,A2
heavy,adjective,A2
high,adjective,A2
horrible,adjective,A2
indoor,adjective,A2
flat,adjective,B1
front,adjective,B1
gentle,adjective,B1
giant,adjective,B1
heavy,adjective,B1
high,adjective,B1
high,adjective,B1
high,adjective,B1
huge,adjective,B1
individual,adjective,B1
fierce,adjective,B2
fine,adjective,B2
firm,adjective,B2
genuine,adjective,B2
high,adjective,B2
ideal,adjective,B2
inaccurate,adjective,B2
inconvenient,adjective,B2
inner,adjective,B2
inside,adjective,B2
good,adjective,C1
harsh,adjective,C1
immense,adjective,C1
intense,adjective,C1
feeble,adjective,C2
fine,adjective,C2
fluid,adjective,C2
fragile,adjective,C2
fragrant,adjective,C2
grim,adjective,C2
in,adverb,A2
inside,adverb,A2
high,adverb,B1
indoors,adverb,B1
fine,adverb,B2
flat,adverb,B2
high,adverb,C1
half,noun,A2
inside,noun,B2
fresh,adjective,A2
frozen,adjective,B1
hot,adjective,B1
flat,adjective,C2
ingredient,noun,B1
grain,noun,C2
first-floor,adjective,B1
floor,noun,A1
infrastructure,noun,C1
free,adjective,A2
gross,adjective,C1
free,adverb,A2
gold,adjective,A2
fine,adjective,B1
frozen,adjective,B1
green,adjective,B1
humid,adjective,B1
green,adjective,B2
fertile,adjective,C2
hail,verb,C2
hunt,noun,C1
harm,verb,B2
handsome,adjective,B1
grown-up,adjective,B2
favourite,adjective,A1
good,adjective,A1
happy,adjective,A1
glad,adjective,A2
good,adjective,A2
gentle,adjective,B1
good,adjective,B1
honest,adjective,B1
honest,adjective,B1
hurt,adjective,B1
fierce,adjective,B2
fierce,adjective,B2
fond,adjective,B2
hard,adjective,B2
inner,adjective,B2
genuine,adjective,C1
harsh,adjective,C1
fearful,adjective,C2
firm,adjective,C2
fragile,adjective,C2
grim,adjective,C2
humble,adjective,C2
idle,adjective,C2
immune,adjective,C2
intense,adjective,C2
irritable,adjective,C2
generously,adverb,B2
inside,adverb,B2
interest,noun,B1
idea,noun,B2
fuss,noun,C1
fury,noun,C2
gay,adjective,B1
fellow,adjective,B2
intimate,adjective,C2
household,noun,B2
hand-held,adjective,B1
high-tech,adjective,B2
hi-tech,adjective,B2
in,adverb,B2
gear,noun,B2
full-time,adjective,B1
inevitable,adjective,C1
invaluable,adjective,C1
inconceivable,adjective,C2
indispensable,adjective,C2
indisputable,adjective,C2
inexplicable,adjective,C2
innumerable,adjective,C2
immoral,adjective,B2
informal,adjective,B2
internal,adjective,B2
international,adjective,A2
insufficient,adjective,C1
indifferent,adjective,C2
impossible,adjective,B1
impossible,adjective,C2
irresistible,adjective,C2
irresistible,adjective,C2
irreversible,adjective,C2
intrinsic,adjective,C2
injection,noun,C2
inexpensive,adjective,B1
incredibly,adverb,C1
indirectly,adverb,C1
inevitably,adverb,C1
informally,adverb,C1
invariably,adverb,C2
internationally,adverb,B1
illiterate,adjective,C2
imperfect,adjective,C1
immortal,adjective,C2
immortal,adjective,C2
inappropriate,adjective,C1
indirect,adjective,C1
inefficient,adjective,C1
integral,adjective,C1
indirect,adjective,C2
insecure,adjective,C2
intermediate,adjective,B1
irregular,adjective,B2
hospitable,adjective,C1
favourable,adjective,C2
formidable,adjective,C2
historical,adjective,B1
functional,adjective,B2
gradual,adjective,B2
identical,adjective,B2
horizontal,adjective,C1
influential,adjective,C1
fictional,adjective,C2
fundamental,adjective,C2
important,adjective,B1
fixed,adjective,B2
improved,adjective,B2
frustrated,adjective,C1
furnished,adjective,C1
genetically modified,adjective,C1
honoured,adjective,C1
industrialized,adjective,C1
isolated,adjective,C1
isolated,adjective,C1
fixed,adjective,C2
horrified,adjective,C2
humiliated,adjective,C2
influence,verb,B2
independent,adjective,B1
independent,adjective,B2
innocent,adjective,C2
further,adjective,A2
further,adverb,B1
further,adverb,B2
fruitful,adjective,C1
hopeful,adjective,C2
flexible,adjective,B2
incredible,adjective,B2
invisible,adjective,B2
feasible,adjective,C1
flexible,adjective,C2
historic,adjective,B1
heroic,adjective,C1
ironic,adjective,C2
forthcoming,adjective,B2
forthcoming,adjective,C1
gripping,adjective,C1
fulfilling,adjective,C2
horrifying,adjective,C2
humiliating,adjective,C2
formation,noun,C2
formation,noun,C2
interpretation,noun,C2
interpretation,noun,C2
intensive,adjective,B2
imaginative,adjective,C1
informative,adjective,C1
innovative,adjective,C1
helpless,adjective,C1
homeless,adjective,C1
harmless,adjective,C2
hourly,adjective,B2
hourly,adjective,B2
finally,adverb,A2
immediately,adverb,A2
frequently,adverb,B1
finely,adverb,B2
firmly,adverb,B2
firmly,adverb,B2
freely,adverb,B2
gradually,adverb,B2
highly,adverb,B2
ideally,adverb,B2
ideally,adverb,B2
importantly,adverb,B2
increasingly,adverb,B2
independently,adverb,B2
initially,adverb,B2
innocently,adverb,B2
instantly,adverb,B2
formally,adverb,C1
formally,adverb,C1
happily,adverb,C1
historically,adverb,C1
hourly,adverb,C1
immediately,adverb,C1
immensely,adverb,C1
inappropriately,adverb,C1
individually,adverb,C1
intensively,adverb,C1
interestingly,adverb,C1
internally,adverb,C1
fundamentally,adverb,C2
harshly,adverb,C2
hopelessly,adverb,C2
indefinitely,adverb,C2
infinitely,adverb,C2
intensely,adverb,C2
ironically,adverb,C2
generous,adjective,C1
hilarious,adjective,C1
humorous,adjective,C1
hazardous,adjective,C2
infectious,adjective,C2
infectious,adjective,C2
funny,adjective,B1
filthy,adjective,C1
grumpy,adjective,C1
floppy,adjective,C2
handy,adjective,C2
healthy,adjective,C2
first,adjective,A1
good,adjective,A1
hard,adjective,A1
hot,adjective,A1
final,adjective,A2
first,adjective,A2
foreign,adjective,A2
free,adjective,A2
friendly,adjective,A2
full,adjective,A2
full,adjective,A2
full,adjective,A2
half-price,adjective,A2
female,adjective,B1
forbidden,adjective,B1
former,adjective,B1
frequent,adjective,B1
fresh,adjective,B1
fresh,adjective,B1
full,adjective,B1
future,adjective,B1
general,adjective,B1
gorgeous,adjective,B1
hard,adjective,B1
hidden,adjective,B1
incorrect,adjective,B1
individual,adjective,B1
firm,adjective,B2
flat,adjective,B2
foreign,adjective,B2
formal,adjective,B2
fortunate,adjective,B2
free,adjective,B2
free,adjective,B2
free,adjective,B2
fresh,adjective,B2
general,adjective,B2
general,adjective,B2
glad,adjective,B2
golden,adjective,B2
great,adjective,B2
grey,adjective,B2
hard-working,adjective,B2
hidden,adjective,B2
immediate,adjective,B2
immediate,adjective,B2
initial,adjective,B2
instant,adjective,B2
intransitive,adjective,B2
feminine,adjective,C1
fit,adjective,C1
formal,adjective,C1
formal,adjective,C1
foul,adjective,C1
fresh,adjective,C1
gentle,adjective,C1
grand,adjective,C1
grey,adjective,C1
gross,adjective,C1
hard,adjective,C1
harsh,adjective,C1
hectic,adjective,C1
holy,adjective,C1
hostile,adjective,C1
hostile,adjective,C1
imaginary,adjective,C1
immediate,adjective,C1
final,adjective,C2
finite,adjective,C2
firm,adjective,C2
foul,adjective,C2
frail,adjective,C2
frantic,adjective,C2
frantic,adjective,C2
fringe,adjective,C2
grim,adjective,C2
heavy,adjective,C2
high,adjective,C2
high-profile,adjective,C2
hollow,adjective,C2
hollow,adjective,C2
humanitarian,adjective,C2
humble,adjective,C2
hygienic,adjective,C2
idle,adjective,C2
ignorant,adjective,C2
imminent,adjective,C2
infinite,adjective,C2
inherent,adjective,C2
intact,adjective,C2
interim,adjective,C2
intimate,adjective,C2
intimate,adjective,C2
first,adverb,A1
hard,adverb,A1
here,adverb,A1
how,adverb,A1
first,adverb,A2
here,adverb,A2
home,adverb,A2
how,adverb,A2
however,adverb,A2
instead,adverb,A2
first,adverb,B1
forever,adverb,B1
forward,adverb,B1
furthest,adverb,B1
half,adverb,B1
hard,adverb,B1
home,adverb,B1
in,adverb,B1
forever,adverb,B2
forward,adverb,B2
free,adverb,B2
genuinely,adverb,B2
here,adverb,B2
in,adverb,B2
forward,adverb,C1
hence,adverb,C1
group,noun,A1
fortnight,noun,B1
future,noun,B1
hurry,noun,B1
interest,noun,B1
fire brigade,noun,B2
growth,noun,B2
headquarters,noun,B2
impact,noun,B2
ingredient,noun,B2
fiction,noun,C1
fright,noun,C1
frenzy,noun,C2
frontier,noun,C2
grain,noun,C2
grain,noun,C2
haul,noun,C2
heap,noun,C2
impact,noun,C2
irony,noun,C2
irony,noun,C2
form,verb,B2
hire,verb,B2
hit,verb,B2
grade,verb,C1
impact,verb,C1
hail,verb,C2
narrative,noun,C2
notify,verb,C1
measure,noun,C2
mountain,noun,C2
maths,noun,A2
lab,noun,B1
joint,noun,C1
note,verb,B1
obtain,verb,B2
observe,verb,C1
kid,noun,A2
lad,noun,C2
mum,noun,A1
mate,noun,B1
occupation,noun,C1
offspring,noun,C2
merit,noun,C1
nature,noun,C1
merit,verb,C2
oblige,verb,C1
minute,noun,A2
kick,noun,C2
junk,noun,C1
make,verb,B1
land,noun,C2
kill,verb,C1
mislead,verb,C1
misinterpret,verb,C2
musical,noun,B2
official,noun,C2
maintenance,noun,B2
offender,noun,B2
learner,noun,B2
observer,noun,C2
master,noun,C2
monster,noun,C2
leader,noun,B1
lover,noun,B1
keeper,noun,B1
leader,noun,C1
MP3 player,noun,A2
manager,noun,A2
officer,noun,B1
manufacturer,noun,B2
officer,noun,B2
miner,noun,C1
meeting,noun,A2
meaning,noun,B1
learning,noun,B2
lightning,noun,B1
marketing,noun,B2
landing,noun,B2
manufacturing,noun,B2
objection,noun,B2
legislation,noun,C2
orientation,noun,C2
motivation,noun,B2
obsession,noun,B2
orientation,noun,C2
occupation,noun,A2
organization,noun,B1
mission,noun,C2
optimism,noun,C2
optimist,noun,C1
materialist,noun,C2
motorist,noun,B2
obesity,noun,C1
longevity,noun,C2
mortality,noun,C2
majority,noun,B2
minority,noun,B2
organize,verb,B1
organize,verb,B2
movement,noun,B2
management,noun,B2
kindness,noun,B2
laziness,noun,B2
nervousness,noun,C1
openness,noun,C2
narrator,noun,C2
operator,noun,B2
leadership,noun,C1
killer,noun,B1
murderer,noun,B1
lion,noun,A2
monkey,noun,A2
mouse,noun,A2
kangaroo,noun,B1
kitten,noun,B1
mosquito,noun,B1
leopard,noun,B2
owl,noun,B2
mammal,noun,C1
nest,noun,C2
nest,verb,C2
movie,noun,A1
newspaper,noun,A1
keyboard,noun,A2
magazine,noun,A2
novel,noun,B1
item,noun,B2
masterpiece,noun,C2
melody,noun,C2
note,noun,C2
organ,noun,C2
music,noun,A1
jazz,noun,A2
newspaper,noun,A2
literature,noun,B1
opera,noun,A2
lyrics,noun,B2
leg,noun,A1
mouth,noun,A1
nose,noun,A1
neck,noun,A2
knee,noun,B1
lip,noun,B1
jaw,noun,B2
lap,noun,B2
lung,noun,B2
nail,noun,B2
organ,noun,C1
joint,noun,C2
kidney,noun,C2
knuckle,noun,C2
needle,noun,C2
nerve,noun,C2
nostril,noun,C2
medicine,noun,A2
liver,noun,B2
muscle,noun,B2
labour,noun,C2
jacket,noun,A1
jumper,noun,A2
necklace,noun,A2
mask,noun,B2
neck,noun,C2
jewellery,noun,A2
kit,noun,A2
jeans,noun,A1
knickers,noun,B1
look,noun,C1
language,noun,A1
letter,noun,A1
message,noun,A1
name,noun,A1
note,noun,A1
number,noun,A1
number,noun,A1
letter,noun,A2
licence,noun,A2
list,noun,A2
notebook,noun,A2
notice,noun,A2
offer,noun,A2
joke,noun,B1
label,noun,B1
lie,noun,B1
line,noun,B1
logo,noun,B1
manual,noun,B2
matter,noun,B2
native speaker,noun,B2
order,noun,B2
outline,noun,B2
mark,noun,C1
memo,noun,C1
label,noun,C2
margin,noun,C2
motion,noun,C2
mail,noun,A2
mail,noun,A2
news,noun,A2
language,noun,B1
notice,noun,B1
jargon,noun,C1
language,noun,C1
material,noun,B1
legend,noun,B2
mention,noun,B2
myth,noun,B2
metaphor,noun,C2
joke,verb,B1
lie,verb,B1
listen,verb,B1
object,verb,B2
moan,verb,C2
know,verb,A1
mean,verb,A2
mean,verb,B1
mean,verb,B1
mention,verb,B1
name,verb,B1
justify,verb,B2
list,verb,B2
mark,verb,B2
oppose,verb,B2
order,verb,B2
outline,verb,B2
motivate,verb,C1
maintain,verb,C2
offer,verb,A2
learn,verb,B1
mumble,verb,B2
mutter,verb,B2
lobby,verb,C2
offence,noun,B2
magistrate,noun,C1
massacre,noun,C2
justice,noun,B2
law,noun,B2
kilo,noun,A2
kilogram,noun,A2
kilometre,noun,A2
litre,noun,A2
metre,noun,A2
limit,noun,B1
mile,noun,B1
millimetre,noun,B1
level,noun,B2
level,noun,B2
load,noun,B2
outline,noun,C2
orange,noun,A2
length,noun,B1
number,noun,B1
length,noun,C1
left,noun,A2
maximum,noun,B1
lesson,noun,A1
mark,noun,A2
nursery,noun,B2
learn,verb,A1
know,verb,B1
knife,noun,A1
meal,noun,A1
main course,noun,A2
menu,noun,A2
mug,noun,A2
mushroom,noun,A2
omelette,noun,A2
kettle,noun,B1
oven,noun,B1
loaf,noun,B2
meat,noun,A1
milk,noun,A1
jam,noun,A2
lemonade,noun,A2
mineral water,noun,A2
junk food,noun,B2
mint,noun,B2
mustard,noun,C1
juice,noun,A1
lunch,noun,A1
orange,noun,A1
lemon,noun,A2
lunchtime,noun,A2
mango,noun,A2
melon,noun,A2
oil,noun,A2
onion,noun,A2
lettuce,noun,B1
leek,noun,B2
key,noun,A1
kitchen,noun,A1
living room,noun,A1
museum,noun,A1
lamp,noun,A2
library,noun,A2
lift,noun,A2
light,noun,A2
mirror,noun,A2
office,noun,A2
laboratory,noun,B1
ladder,noun,B1
monument,noun,B1
lobby,noun,B2
monument,noun,B2
landmark,noun,C1
lounge,noun,C1
mansion,noun,C1
loft,noun,C2
loan,noun,B1
note,noun,B1
loss,noun,C1
overdraft,noun,C1
legacy,noun,C2
offer,noun,C2
money,noun,A1
means,noun,C2
outgoings,noun,C2
lake,noun,A2
mountain,noun,A2
landscape,noun,B1
leaf,noun,B1
log,noun,C1
nature,noun,A2
land,noun,B1
life,noun,B1
oil,noun,B1
land,noun,B2
moonlight,noun,B2
mud,noun,B2
jungle,noun,B1
metal,noun,B1
mist,noun,B2
oak,noun,B2
ocean,noun,B1
kick,noun,A2
kiss,noun,A2
jump,noun,B1
laugh,noun,B1
look,noun,B1
launch,noun,C1
march,noun,C1
move,noun,C1
move,noun,C2
laughter,noun,B2
listen,verb,A1
look,verb,A1
look,verb,A1
jump,verb,A2
laugh,verb,A2
lie,verb,A2
jog,verb,B1
knock,verb,B1
meet,verb,B1
move,verb,B1
kneel,verb,B2
march,verb,C1
march,verb,C1
opt,verb,C1
make,verb,A1
join,verb,A2
leave,verb,A2
leave,verb,A2
leave,verb,A2
leave,verb,A2
lend,verb,A2
lose,verb,A2
make,verb,A2
miss,verb,A2
open,verb,A2
join,verb,B1
knock,verb,B1
learn,verb,B1
lift,verb,B1
meet,verb,B1
mend,verb,B1
miss,verb,B1
name,verb,B1
offer,verb,B1
keep,verb,B2
launch,verb,B2
lick,verb,B2
limit,verb,B2
locate,verb,B2
lower,verb,B2
maintain,verb,B2
observe,verb,B2
occupy,verb,B2
overcome,verb,B2
monitor,verb,C1
occupy,verb,C1
omit,verb,C1
mount,verb,C2
kick,verb,A1
meet,verb,A1
open,verb,A1
join,verb,A2
jump,verb,A2
kiss,verb,A2
move,verb,A2
lead,verb,B1
light,verb,B1
lock,verb,B1
manage,verb,B1
notice,verb,B1
lead,verb,B2
load,verb,B2
miss,verb,B2
obey,verb,B2
merge,verb,C2
man,noun,A1
lady,noun,B1
moustache,noun,B1
look,noun,B2
make-up,noun,A2
mind,noun,B1
joy,noun,B2
liar,noun,B2
legend,noun,C1
joy,noun,B2
life,noun,B2
loyalty,noun,B2
offence,noun,B2
mercy,noun,C2
outrage,noun,C2
memory,noun,B1
mood,noun,B1
love,noun,B2
misery,noun,B2
nature,noun,B2
nerves,noun,B2
nerve,noun,C2
nerve,noun,C2
like,verb,A1
love,verb,A1
know,verb,A2
miss,verb,A2
offend,verb,B2
judge,verb,B1
mind,verb,B1
learn,verb,B2
king,noun,A2
kingdom,noun,B2
nation,noun,B2
mother,noun,A1
member,noun,A2
neighbour,noun,A2
love,noun,B1
nephew,noun,B1
niece,noun,B1
mother-in-law,noun,B2
opponent,noun,B2
orphan,noun,C2
marriage,noun,B1
mix,verb,B2
leave,verb,B1
market,noun,A2
match,noun,A2
league,noun,B1
net,noun,B1
lap,noun,B2
marathon,noun,B2
martial art,noun,B2
opponent,noun,B2
market,noun,C1
leisure,noun,B1
lead,noun,B2
lose,verb,B1
lead,verb,B2
keyboard,noun,A2
laptop,noun,A2
machine,noun,A2
menu,noun,A2
model,noun,A2
mouse,noun,A2
link,noun,B1
message board,noun,B1
key,noun,B2
laser,noun,B2
microphone,noun,B2
monitor,noun,B2
network,noun,B2
machinery,noun,C1
memory,noun,A2
language,noun,C1
journey,noun,A2
map,noun,A2
motorbike,noun,A2
motorway,noun,A2
jet,noun,B1
line,noun,B1
lorry,noun,B1
jam,noun,B2
lane,noun,B2
lane,noun,B2
itinerary,noun,C1
launch,noun,C1
luggage,noun,A2
launch,verb,C1
land,verb,B1
job,noun,A1
job,noun,A2
model,noun,B1
overtime,noun,B2
labour,noun,C1
labour,noun,C1
leave,noun,C2
job,noun,B2
manage,verb,B1
manufacture,verb,B2
overload,verb,C2
open,verb,B2
operate,verb,B2
murder,noun,B1
mosque,noun,A2
misunderstanding,noun,B2
misfortune,noun,C1
misuse,noun,C1
misbehave,verb,C1
misunderstand,verb,B2
misuse,verb,C1
misplace,verb,C2
original,noun,B2
occurrence,noun,C1
negligence,noun,C2
keeper,noun,B1
lawyer,noun,B1
lighter,noun,B1
monster,noun,B1
officer,noun,B1
lecturer,noun,B2
maker,noun,B2
master,noun,B2
minister,noun,B2
organizer,noun,B2
listener,noun,C1
mechanic,noun,A2
opening,noun,C2
jogging,noun,B1
lighting,noun,B2
mining,noun,C1
networking,noun,C1
loathing,noun,C2
living,noun,B2
location,noun,B1
occasion,noun,B1
mission,noun,B2
occasion,noun,B2
motivation,noun,C1
negotiation,noun,C1
observation,noun,C1
organization,noun,B1
observation,noun,B2
opposition,noun,C1
organization,noun,C1
occupation,noun,C2
obligation,noun,B2
liberation,noun,C1
limitation,noun,C1
migration,noun,C1
modification,noun,C1
nomination,noun,C1
medication,noun,C2
mechanism,noun,C1
mechanism,noun,C1
journalism,noun,B2
materialism,noun,C2
journalist,noun,B1
novelist,noun,B2
mentality,noun,C1
minority,noun,C1
necessity,noun,C1
liability,noun,C1
necessity,noun,C1
mediocrity,noun,C2
normality,noun,C2
nationality,noun,A1
opportunity,noun,B1
liability,noun,C1
objective,noun,B2
minimize,verb,C1
maximize,verb,C2
judgment,noun,B2
movement,noun,C1
judgment,noun,C2
loneliness,noun,C1
operator,noun,B2
membership,noun,B1
leadership,noun,C1
killing,noun,B1
kind,noun,A1
minute,noun,A1
mobile,noun,A1
mobile phone,noun,A1
month,noun,A1
month,noun,A1
number,noun,A1
key,noun,A2
kite,noun,A2
level,noun,A2
line,noun,A2
mistake,noun,A2
model,noun,A2
moment,noun,A2
noun,noun,A2
nurse,noun,A2
office,noun,A2
order,noun,A2
item,noun,B1
jar,noun,B1
judge,noun,B1
jug,noun,B1
key,noun,B1
kit,noun,B1
label,noun,B1
lecture,noun,B1
lock,noun,B1
lottery,noun,B1
mall,noun,B1
method,noun,B1
modal (verb),noun,B1
moment,noun,B1
musician,noun,B1
neighbourhood,noun,B1
nightclub,noun,B1
nightmare,noun,B1
nightmare,noun,B1
noticeboard,noun,B1
object,noun,B1
object,noun,B1
offer,noun,B1
olive,noun,B1
opinion,noun,B1
opposite,noun,B1
option,noun,B1
jewel,noun,B2
judge,noun,B2
landlady,noun,B2
landlord,noun,B2
layer,noun,B2
leaflet,noun,B2
leak,noun,B2
lesson,noun,B2
lid,noun,B2
life,noun,B2
lifestyle,noun,B2
line,noun,B2
link,noun,B2
male,noun,B2
mark,noun,B2
match,noun,B2
mayor,noun,B2
measure,noun,B2
medal,noun,B2
message,noun,B2
mine,noun,B2
miracle,noun,B2
motive,noun,B2
motor,noun,B2
nail,noun,B2
needle,noun,B2
neighbour,noun,B2
network,noun,B2
note,noun,B2
nut,noun,B2
jam,noun,C1
journal,noun,C1
king,noun,C1
knob,noun,C1
ladder,noun,C1
lawn,noun,C1
layout,noun,C1
level,noun,C1
line,noun,C1
luxury,noun,C1
mat,noun,C1
ministry,noun,C1
mode,noun,C1
move,noun,C1
myth,noun,C1
nap,noun,C1
network,noun,C1
network,noun,C1
network,noun,C1
newsletter,noun,C1
nickname,noun,C1
norm,noun,C1
notion,noun,C1
obstacle,noun,C1
overview,noun,C1
overview,noun,C1
journal,noun,C2
knot,noun,C2
landmark,noun,C2
law,noun,C2
leak,noun,C2
leap,noun,C2
legacy,noun,C2
lifespan,noun,C2
line,noun,C2
line,noun,C2
line,noun,C2
line,noun,C2
lump,noun,C2
margin,noun,C2
margin,noun,C2
market,noun,C2
memorial,noun,C2
millennium,noun,C2
missile,noun,C2
model,noun,C2
murmur,noun,C2
novelty,noun,C2
odour,noun,C2
ordeal,noun,C2
ornament,noun,C2
outbreak,noun,C2
outlet,noun,C2
outlet,noun,C2
outrage,noun,C2
leather,noun,A2
luck,noun,A2
magic,noun,A2
magic,noun,A2
midday,noun,A2
midnight,noun,A2
noon,noun,A2
north,noun,A2
law,noun,B1
light,noun,B1
love,noun,B1
love,noun,B1
luxury,noun,B1
medicine,noun,B1
nightlife,noun,B1
northeast,noun,B1
northwest,noun,B1
notice,noun,B1
order,noun,B1
justice,noun,B2
laundry,noun,B2
liberty,noun,B2
litter,noun,B2
luck,noun,B2
magic,noun,B2
man,noun,B2
mankind,noun,B2
opinion,noun,B2
order,noun,B2
jealousy,noun,C1
junk mail,noun,C1
literacy,noun,C1
logic,noun,C1
neglect,noun,C1
nutrition,noun,C1
office,noun,C1
likelihood,noun,C2
linen,noun,C2
linen,noun,C2
lure,noun,C2
matter,noun,C2
momentum,noun,C2
morale,noun,C2
nostalgia,noun,C2
novelty,noun,C2
order,noun,C2
output,noun,C2
January,noun,A1
July,noun,A1
June,noun,A1
life,noun,A1
March,noun,A1
May,noun,A1
Monday,noun,A1
morning,noun,A1
night,noun,A1
night,noun,A1
noise,noun,A1
November,noun,A1
October,noun,A1
mail,noun,A2
jail,noun,B1
lamb,noun,B1
life,noun,B1
liquid,noun,B1
material,noun,B1
mystery,noun,B1
length,noun,B2
loss,noun,B2
loss,noun,B2
material,noun,B2
mixture,noun,B2
origin,noun,B2
origin,noun,C1
justification,noun,C2
memory,noun,C2
merger,noun,C2
mishap,noun,C2
monopoly,noun,C2
muddle,noun,C2
omission,noun,C2
overload,noun,C2
means,noun,B2
outskirts,noun,B2
odds,noun,C1
mix,noun,B1
the last minute,noun,B2
manner,noun,B2
manner,noun,B2
mess,noun,B2
mixture,noun,B2
need,noun,B2
note,noun,C1
outlook,noun,C1
loss,noun,C2
match,noun,C2
outlook,noun,C2
matter,verb,A2
lie,verb,B1
lie,verb,B1
live,verb,B1
operate,verb,B1
jump,verb,B2
keep,verb,B2
look,verb,B2
occur,verb,B2
mingle,verb,C1
lecture,verb,C2
lie,verb,C2
linger,verb,C2
live,verb,C2
loom,verb,C2
loom,verb,C2
moan,verb,C2
mount,verb,C2
love,verb,A1
love,verb,A1
need,verb,A1
keep,verb,A2
keep,verb,A2
miss,verb,A2
keep,verb,B1
know,verb,B1
let,verb,B1
lose,verb,B1
lose,verb,B1
make,verb,B1
mean,verb,B1
mean,verb,B1
mind,verb,B1
miss,verb,B1
need,verb,B1
open,verb,B1
own,verb,B1
lack,verb,B2
launch,verb,B2
leave,verb,B2
light,verb,B2
link,verb,B2
lose,verb,B2
lower,verb,B2
maintain,verb,B2
make,verb,B2
measure,verb,B2
miss,verb,B2
move,verb,B2
name,verb,B2
occupy,verb,B2
overlook,verb,B2
keep,verb,C1
label,verb,C1
make,verb,C1
manage,verb,C1
match,verb,C1
meet,verb,C1
modify,verb,C1
motivate,verb,C1
neglect,verb,C1
nominate,verb,C1
number,verb,C1
offer,verb,C1
outnumber,verb,C1
outrage,verb,C1
outweigh,verb,C1
overdo,verb,C1
overtake,verb,C1
overwhelm,verb,C1
juggle,verb,C2
know,verb,C2
label,verb,C2
land,verb,C2
leak,verb,C2
leave,verb,C2
line,verb,C2
loathe,verb,C2
lure,verb,C2
mark,verb,C2
measure,verb,C2
meet,verb,C2
moderate,verb,C2
number,verb,C2
nurse,verb,C2
observe,verb,C2
offset,verb,C2
overhear,verb,C2
know,verb,A1
leave,verb,A1
meet,verb,A1
know,verb,A2
mix,verb,A2
open,verb,A2
order,verb,A2
join,verb,B1
knit,verb,B1
live,verb,B1
marry,verb,B1
match,verb,B1
mix,verb,B1
leak,verb,B2
lend,verb,B2
load,verb,B2
mark,verb,B2
melt,verb,B2
nod,verb,B2
operate,verb,B2
overtake,verb,B2
jam,verb,C1
judge,verb,C1
lengthen,verb,C1
lessen,verb,C1
negotiate,verb,C1
overestimate,verb,C1
judge,verb,C2
lead,verb,C2
loosen,verb,C2
mingle,verb,C2
murmur,verb,C2
overflow,verb,C2
overlap,verb,C2
kill,verb,A2
murder,verb,B1
kill,verb,C2
OK,adjective,A1
moreover,adverb,B2
OK,adjective,A2
OK,adjective,A2
mad,adjective,A2
mad,adjective,B1
laid-back,adjective,C2
notwithstanding,adverb,C1
likewise,adverb,C2
miserable,adjective,C2
OK,adverb,A2
misleading,adjective,B2
misinterpretation,noun,C2
noticeable,adjective,C1
musical,adjective,A2
orchestral,adjective,B2
original,adjective,B2
medical,adjective,B2
oral,adjective,B2
minimal,adjective,C1
mental,adjective,B2
liberal,adjective,C1
natural,adjective,C1
national,adjective,A2
official,adjective,B2
liberal,adjective,C1
observant,adjective,C2
limited,adjective,B1
old-fashioned,adjective,B1
middle-aged,adjective,B1
motivated,adjective,B2
organized,adjective,B2
narrow-minded,adjective,C1
open-minded,adjective,C1
married,adjective,A2
overworked,adjective,C1
lenient,adjective,C2
negligible,adjective,C2
organic,adjective,B2
optimistic,adjective,B2
magnetic,adjective,C1
outstanding,adjective,B2
off-putting,adjective,C2
moving,adjective,B2
outgoing,adjective,C1
overwhelming,adjective,C1
operation,noun,B1
operation,noun,C1
opportunity,noun,B2
negative,adjective,B2
massive,adjective,B2
negative,adjective,B2
lucrative,adjective,C2
negative,adjective,B1
objective,adjective,B2
offensive,adjective,B2
obsessive,adjective,C2
merciless,adjective,C2
musically,adverb,C2
naturally,adverb,C1
medically,adverb,C2
mainly,adverb,B1
largely,adverb,B2
necessarily,adverb,B2
legally,adverb,B2
lovely,adjective,A2
lovely,adjective,A2
merely,adverb,B2
negatively,adverb,B2
nicely,adverb,B2
merely,adverb,C2
moderately,adverb,C2
lively,adjective,B1
lonely,adjective,B1
kindly,adverb,B1
jealously,adverb,B2
nervously,adverb,B2
nicely,adverb,B2
openly,adverb,C1
naturally,adverb,C2
measurement,noun,B2
measurement,noun,C2
marvellous,adjective,B1
luxurious,adjective,C1
monotonous,adjective,C1
numerous,adjective,C1
jealous,adjective,B1
nervous,adjective,B1
jealous,adjective,B2
outrageous,adjective,B2
malicious,adjective,C2
misty,adjective,B2
lazy,adjective,A2
nosy,adjective,C2
lead,adjective,B1
live,adjective,B1
literary,adjective,B2
on,adverb,C2
orchestra,noun,B1
lead,noun,C2
mad,adjective,B1
non-smoking,adjective,B2
on,adverb,A2
long,adjective,A2
little,adjective,B2
no,adverb,A1
maybe,adverb,A2
no,adverb,A2
just,adverb,B1
just,adverb,B1
nevertheless,adverb,B2
overall,adverb,B2
madam,noun,B1
nonsense,noun,B2
material,noun,C1
offer,verb,B1
legal,adjective,B2
legal,adjective,B2
legitimate,adjective,C2
jury,noun,B2
light,adjective,A1
little,adjective,A1
long,adjective,A1
new,adjective,A1
nice,adjective,A1
orange,adjective,A1
large,adjective,A2
left,adjective,A2
left-hand,adjective,A2
light,adjective,A2
loud,adjective,A2
low,adjective,A2
old,adjective,A2
last,adjective,B1
light,adjective,B1
low,adjective,B1
magnificent,adjective,B1
main,adjective,B1
maximum,adjective,B1
medium,adjective,B1
minimum,adjective,B1
narrow,adjective,B1
nasty,adjective,B1
navy blue,adjective,B1
near,adjective,B1
nearby,adjective,B1
opposite,adjective,B1
outdoor,adjective,B1
key,adjective,B2
level,adjective,B2
low,adjective,B2
medieval,adjective,B2
mere,adjective,B2
middle,adjective,B2
modest,adjective,B2
outer,adjective,B2
outside,adjective,B2
oval,adjective,B2
middle,adjective,C1
mild,adjective,C1
moderate,adjective,C1
mundane,adjective,C1
marginal,adjective,C2
mediocre,adjective,C2
minute,adjective,C2
outside,adverb,A1
left,adverb,A2
less,adverb,A2
most,adverb,A2
outside,adverb,A2
over,adverb,A2
least,adverb,B1
low,adverb,B1
more,adverb,B1
much,adverb,B1
much,adverb,B1
near,adverb,B1
nearby,adverb,B1
opposite,adverb,B1
little,adverb,C1
minimum,noun,B1
mild,adjective,B2
off,adjective,B2
overdrawn,adjective,C1
monetary,adjective,C2
owe,verb,B1
lose,verb,C1
mild,adjective,B1
manual,adjective,B2
look,noun,B1
match,verb,B1
mark,verb,C1
little,adjective,A1
old,adjective,A1
old,adjective,A1
nice,adjective,A1
kind,adjective,A2
keen,adjective,B1
keen,adjective,B1
miserable,adjective,B1
nasty,adjective,B1
new,adjective,B1
loyal,adjective,B2
mature,adjective,B2
mean,adjective,B2
mean,adjective,B2
miserable,adjective,B2
nasty,adjective,B2
naughty,adjective,B2
knowledgeable,adjective,C1
low,adjective,C1
modest,adjective,C1
naive,adjective,C1
noble,adjective,C1
mechanical,adjective,C2
open,adjective,C2
mentally,adverb,B2
knowledge,noun,B1
name,noun,B2
nuisance,noun,B2
move,verb,B2
left-wing,adjective,C1
out,adverb,B1
online,adjective,A2
mechanical,adjective,B2
off,adverb,A2
online,adverb,A2
on,adverb,B1
lift,noun,A2
jam,verb,C2
manual,adjective,B2
off,adverb,A2
misinform,verb,C1
memorable,adjective,B2
liable,adjective,C1
notable,adjective,C1
normal,adjective,A2
natural,adjective,B1
original,adjective,B1
original,adjective,B1
logical,adjective,B2
magical,adjective,B2
magical,adjective,B2
mathematical,adjective,B2
natural,adjective,B2
optional,adjective,B2
municipal,adjective,C1
musical,adjective,C1
nutritional,adjective,C1
occasional,adjective,C1
literal,adjective,C2
naval,adjective,C2
official,adjective,C2
official,adjective,C2
official,adjective,C2
limited,adjective,B2
organized,adjective,B2
overcrowded,adjective,C1
muddled,adjective,C2
non-existent,adjective,C1
negligent,adjective,C2
later,adjective,B2
later,adjective,C2
later,adjective,C2
later,adverb,A2
meaningful,adjective,B2
meaningful,adjective,B2
merciful,adjective,C2
linguistic,adjective,C1
magnetic,adjective,C1
materialistic,adjective,C2
nostalgic,adjective,C2
missing,adjective,A2
missing,adjective,B1
leading,adjective,B2
living,adjective,B2
neighbouring,adjective,B2
never-ending,adjective,C1
opening,adjective,C1
long-lasting,adjective,C2
long-running,adjective,C2
ongoing,adjective,C2
outgoing,adjective,C2
meaning,noun,B2
opening,noun,B2
opening,noun,B2
longing,noun,C2
operation,noun,C1
operation,noun,C1
materialist,adjective,C2
negative,adjective,A2
needless,adjective,C2
likely,adjective,B1
monthly,adjective,B1
lonely,adjective,B2
nearly,adverb,A2
lately,adverb,B1
lightly,adverb,B1
loudly,adverb,B1
mostly,adverb,B1
normally,adverb,B1
obviously,adverb,B1
lastly,adverb,B2
literally,adverb,B2
morally,adverb,B2
narrowly,adverb,B2
naturally,adverb,B2
naturally,adverb,B2
newly,adverb,B2
normally,adverb,B2
occasionally,adverb,B2
originally,adverb,B2
jointly,adverb,C1
lightly,adverb,C1
likely,adverb,C1
magnificently,adverb,C1
modestly,adverb,C1
mysteriously,adverb,C1
neatly,adverb,C1
notably,adverb,C1
noticeably,adverb,C1
objectively,adverb,C1
officially,adverb,C1
logically,adverb,C2
modestly,adverb,C2
oddly,adverb,C2
obvious,adjective,B1
mysterious,adjective,B2
notorious,adjective,C1
nutritious,adjective,C1
meticulous,adjective,C2
membership,noun,C1
lucky,adjective,A2
noisy,adjective,A2
juicy,adjective,B1
lucky,adjective,B1
messy,adjective,B1
lazy,adjective,B2
muddy,adjective,B2
lengthy,adjective,C1
juicy,adjective,C2
mighty,adjective,C2
late,adjective,A1
late,adjective,A1
long,adjective,A1
new,adjective,A1
new,adjective,A1
only,adjective,A1
open,adjective,A1
last,adjective,A2
last,adjective,A2
last,adjective,A2
latest,adjective,A2
lost,adjective,A2
magic,adjective,A2
modern,adjective,A2
next,adjective,A2
next,adjective,A2
north,adjective,A2
open,adjective,A2
own,adjective,A2
light,adjective,B1
little,adjective,B1
local,adjective,B1
loose,adjective,B1
lost,adjective,B1
magic,adjective,B1
male,adjective,B1
modern,adjective,B1
neat,adjective,B1
necessary,adjective,B1
next-door,adjective,B1
northeast,adjective,B1
northern,adjective,B1
northwest,adjective,B1
open,adjective,B1
ordinary,adjective,B1
out-of-date,adjective,B1
overnight,adjective,B1
joint,adjective,B2
junior,adjective,B2
junior,adjective,B2
known,adjective,B2
last-minute,adjective,B2
latter,adjective,B2
little,adjective,B2
long-distance,adjective,B2
long-term,adjective,B2
loose,adjective,B2
low,adjective,B2
major,adjective,B2
minor,adjective,B2
moral,adjective,B2
naked,adjective,B2
nationwide,adjective,B2
native,adjective,B2
native,adjective,B2
nuclear,adjective,B2
nuclear,adjective,B2
odd,adjective,B2
open,adjective,B2
opposite,adjective,B2
overseas,adjective,B2
overweight,adjective,B2
just,adjective,C1
justified,adjective,C1
juvenile,adjective,C1
keen,adjective,C1
legendary,adjective,C1
legendary,adjective,C1
long-time,adjective,C1
lost,adjective,C1
low,adjective,C1
masculine,adjective,C1
mass,adjective,C1
middle-class,adjective,C1
mistaken,adjective,C1
moral,adjective,C1
multiple,adjective,C1
mutual,adjective,C1
mutual,adjective,C1
naked,adjective,C1
neutral,adjective,C1
neutral,adjective,C1
noble,adjective,C1
obese,adjective,C1
obligatory,adjective,C1
obsolete,adjective,C1
outside,adjective,C1
justifiable,adjective,C2
late,adjective,C2
lavish,adjective,C2
legitimate,adjective,C2
lethal,adjective,C2
lifelong,adjective,C2
literate,adjective,C2
loose,adjective,C2
mainstream,adjective,C2
mean,adjective,C2
miniature,adjective,C2
minute,adjective,C2
narrow,adjective,C2
native,adjective,C2
near,adjective,C2
obligatory,adjective,C2
off,adjective,C2
open,adjective,C2
orthodox,adjective,C2
orthodox,adjective,C2
overnight,adjective,C2
never,adverb,A1
not,adverb,A1
not,adverb,A1
now,adverb,A1
often,adverb,A1
only,adverb,A1
just,adverb,A2
just,adverb,A2
late,adverb,A2
long,adverb,A2
maybe,adverb,A2
next,adverb,A2
north,adverb,A2
not,adverb,A2
now,adverb,A2
off,adverb,A2
once,adverb,A2
only,adverb,A2
out,adverb,A2
out,adverb,A2
just,adverb,B1
just,adverb,B1
last,adverb,B1
loud,adverb,B1
luckily,adverb,B1
meanwhile,adverb,B1
next,adverb,B1
next door,adverb,B1
not,adverb,B1
nowadays,adverb,B1
nowhere,adverb,B1
off,adverb,B1
off,adverb,B1
once,adverb,B1
only,adverb,B1
only,adverb,B1
only,adverb,B1
otherwise,adverb,B1
out,adverb,B1
out,adverb,B1
out,adverb,B1
outdoors,adverb,B1
over,adverb,B1
over,adverb,B1
last,adverb,B2
late,adverb,B2
nationwide,adverb,B2
near,adverb,B2
neither,adverb,B2
never,adverb,B2
nor,adverb,B2
now,adverb,B2
often,adverb,B2
on,adverb,B2
on,adverb,B2
on,adverb,B2
otherwise,adverb,B2
out,adverb,B2
over,adverb,B2
namely,adverb,C1
nonetheless,adverb,C1
off,adverb,C1
otherwise,adverb,C1
out,adverb,C1
knowingly,adverb,C2
knowingly,adverb,C2
out,adverb,C2
overboard,adverb,C2
Miss,noun,A1
Mr,noun,A1
Mrs,noun,A1
Ms,noun,A2
memory,noun,B1
mess,noun,B1
lifetime,noun,B2
luxury,noun,B2
jury,noun,C1
the middle class,noun,C1
outcome,noun,C1
life,noun,C2
local,noun,C2
medium,noun,C2
motion,noun,C2
last,verb,B1
last,verb,C1
measure,verb,C1
narrow,verb,C1
leave,verb,C2
leave,verb,C2
narrow,verb,C2
overflow,verb,C2
overlook,verb,C2
military,adjective,B2
obscene,adjective,C2
obscene,adjective,C2
navy,noun,B2
residence,noun,C2
reflection,noun,C2
position,noun,B2
protagonist,noun,C2
sensibility,noun,C2
relate,verb,C2
rubbish,noun,B2
place,noun,A2
rip-off,noun,C1
perform,verb,B2
seek,verb,B2
resume,verb,C1
regard,noun,C1
resolve,noun,C2
purchase,noun,B2
remove,verb,C2
replace,verb,C2
practitioner,noun,C2
possession,noun,C2
proximity,noun,C2
paradigm,noun,C2
quest,noun,C2
realm,noun,C2
receipt,noun,B2
purchase,noun,B2
plight,noun,C2
permit,verb,C1
prevail,verb,C2
refrain,verb,C2
reign,verb,C2
permit,verb,B1
purchase,verb,B2
regret,verb,B2
perceive,verb,C1
rectify,verb,C1
render,verb,C1
perceive,verb,C2
precede,verb,C2
render,verb,C2
sadden,verb,C2
seek,verb,C2
second,noun,B1
plus,noun,B2
racket,noun,C2
scrap,verb,C2
riches,noun,C2
ponder,verb,C2
reassurance,noun,C2
revision,noun,B1
reconstruction,noun,C1
rewrite,verb,B2
reassure,verb,C1
reflect,verb,C1
replace,verb,B1
rearrange,verb,B2
rebuild,verb,B2
repay,verb,B2
reconstruct,verb,C1
redistribute,verb,C2
refusal,noun,C1
potential,noun,B2
radical,noun,C2
professional,noun,C1
performance,noun,B1
resistance,noun,C2
self-assurance,noun,C2
self-reliance,noun,C2
reference,noun,B2
reference,noun,C1
reference,noun,C1
patience,noun,B2
self-confidence,noun,B2
resilience,noun,C2
preference,noun,B2
painter,noun,A2
player,noun,A2
poster,noun,A2
performer,noun,B1
presenter,noun,B2
reader,noun,B1
reminder,noun,C1
partner,noun,B1
player,noun,A1
runner,noun,A2
player,noun,A2
printer,noun,A2
passenger,noun,A2
scooter,noun,A2
plumber,noun,B2
researcher,noun,B2
painting,noun,A2
recording,noun,B1
painting,noun,A2
reading,noun,A1
schooling,noun,C2
running,noun,A2
sailing,noun,A2
programming,noun,B2
recording,noun,B2
parking,noun,B1
publication,noun,B2
publication,noun,B2
production,noun,B2
promotion,noun,B2
reaction,noun,B2
sensation,noun,B2
presentation,noun,B1
recommendation,noun,B2
quotation,noun,C2
punctuation,noun,B1
registration,noun,B1
persuasion,noun,C2
pronunciation,noun,B1
prediction,noun,B2
prosecution,noun,C2
quotation,noun,C2
recession,noun,B2
pollution,noun,B1
preparation,noun,B1
prevention,noun,B2
reaction,noun,B2
satisfaction,noun,B2
resignation,noun,C2
reputation,noun,B2
sensation,noun,B2
reception,noun,C1
revolution,noun,B2
relation,noun,B1
separation,noun,B2
position,noun,B1
qualification,noun,C1
recreation,noun,B2
reservation,noun,B1
promotion,noun,B2
resignation,noun,C2
racism,noun,B2
quantity,noun,B1
quantity,noun,B2
prosperity,noun,C1
personality,noun,B2
quality,noun,B2
sensitivity,noun,C1
sensitivity,noun,C1
security,noun,C2
serenity,noun,C2
personality,noun,B2
priority,noun,B2
security,noun,B1
responsibility,noun,B2
relative,noun,B1
realize,verb,B1
punishment,noun,B2
payment,noun,B2
resentment,noun,C2
retirement,noun,B2
retirement,noun,B2
politeness,noun,B2
sadness,noun,B2
rudeness,noun,C1
selfishness,noun,C1
self-awareness,noun,C2
predator,noun,C1
scholarship,noun,C1
relationship,noun,B1
relationship,noun,B1
partnership,noun,B2
pet,noun,A1
pig,noun,A1
rabbit,noun,A2
rat,noun,A2
parrot,noun,B1
penguin,noun,B1
puppy,noun,B1
paw,noun,B2
polar bear,noun,B2
seal,noun,B2
pony,noun,C1
reptile,noun,C1
pack,noun,C2
saddle,noun,C2
prey,noun,C2
page,noun,A1
photo,noun,A1
picture,noun,A1
radio,noun,A1
photograph,noun,A2
piano,noun,A2
play,noun,A2
programme,noun,A2
paper,noun,B1
part,noun,B1
picture,noun,B1
poem,noun,B1
poet,noun,B1
record,noun,B1
role,noun,B1
scene,noun,B1
series,noun,B1
picture,noun,B2
piece,noun,B2
portrait,noun,B2
script,noun,B2
series,noun,B2
photography,noun,A2
pop,noun,A2
rap,noun,A2
rock,noun,A2
poetry,noun,B1
science fiction,noun,B1
publicity,noun,B2
sculpture,noun,B1
rhythm,noun,B2
present,verb,B2
print,verb,B2
print,verb,B2
promote,verb,B2
run,verb,C1
portray,verb,C2
patient,noun,B1
pill,noun,B1
remedy,noun,B2
rib,noun,B2
scar,noun,B2
sense,noun,B2
pulse,noun,C1
palm,noun,C2
plague,noun,C2
rash,noun,C2
sample,noun,C2
scan,noun,C2
posture,noun,C1
pain,noun,A2
poison,noun,B2
pregnancy,noun,C1
recover,verb,B1
react,verb,C1
prescribe,verb,C2
relax,verb,C1
pocket,noun,A2
raincoat,noun,A2
ring,noun,A2
scarf,noun,A2
pullover,noun,B1
sandal,noun,B1
pants,noun,B1
pyjamas,noun,B2
pen,noun,A1
pencil,noun,A1
question,noun,A1
sentence,noun,A1
postcard,noun,A2
rubber,noun,A2
paragraph,noun,B1
photocopy,noun,B1
phrase,noun,B1
point,noun,B1
prayer,noun,B1
promise,noun,B1
question mark,noun,B1
questionnaire,noun,B1
scream,noun,B1
profile,noun,B2
proposal,noun,B2
quarrel,noun,B2
query,noun,B2
remark,noun,B2
row,noun,B2
semicolon,noun,B2
sense,noun,B2
paper,noun,C2
plea,noun,C2
proverb,noun,C2
quote,noun,C2
saying,noun,C2
post,noun,A2
post,noun,A2
pressure,noun,B2
print,noun,C2
propaganda,noun,C2
reply,noun,B1
request,noun,B1
protest,noun,B2
record,noun,B2
response,noun,B2
rumour,noun,B2
reproach,noun,C2
pray,verb,A2
quarrel,verb,B2
respond,verb,B2
say,verb,A1
see,verb,A1
print,verb,A2
put,verb,A2
persuade,verb,B1
predict,verb,B1
promise,verb,B1
pronounce,verb,B1
recommend,verb,B1
remind,verb,B1
repeat,verb,B1
report,verb,B1
request,verb,B1
say,verb,B1
say,verb,B1
say,verb,B1
persuade,verb,B2
praise,verb,B2
propose,verb,B2
reach,verb,B2
recommend,verb,B2
reject,verb,B2
remark,verb,B2
represent,verb,B2
reveal,verb,B2
release,verb,C1
plant,verb,C2
present,verb,C2
put,verb,C2
represent,verb,C2
reproach,verb,C2
sell,verb,C2
read,verb,A1
read,verb,A2
promise,verb,B1
refuse,verb,B1
register,verb,B1
reply,verb,B1
ring,verb,B1
scream,verb,B1
protest,verb,B2
quote,verb,C1
quote,verb,C1
pirate,noun,B1
prisoner,noun,B1
rule,noun,B1
penalty,noun,B2
sentence,noun,B2
police,noun,A2
proceedings,noun,C2
pair,noun,A2
pair,noun,A2
piece,noun,A2
piece,noun,A2
pattern,noun,B1
piece,noun,B1
pile,noun,B1
row,noun,B1
percentage,noun,B2
pint,noun,B2
pound,noun,B2
ring,noun,B2
roll,noun,B2
sample,noun,B2
scale,noun,B2
paper,noun,A1
pink,noun,A2
purple,noun,A2
red,noun,A2
scale,noun,B2
right,noun,A2
scale,noun,B2
paper,noun,A2
project,noun,A2
pupil,noun,A2
schoolchild,noun,A2
period,noun,B1
place,noun,B1
primary school,noun,B1
secondary school,noun,B1
pass,noun,B2
seminar,noun,B2
scholar,noun,C1
physics,noun,A2
school,noun,A2
science,noun,A2
philosophy,noun,B2
science,noun,B1
pass,verb,A2
picnic,noun,A1
plate,noun,A1
sandwich,noun,A1
pan,noun,B1
pea,noun,B1
peanut,noun,B1
pepper,noun,B1
pot,noun,B1
recipe,noun,B1
roll,noun,B1
saucepan,noun,B1
saucer,noun,B1
pancake,noun,B2
portion,noun,B2
prawn,noun,B2
pastry,noun,C1
relish,noun,C2
rice,noun,A1
salt,noun,A1
pasta,noun,A2
pepper,noun,A2
pastry,noun,C1
pizza,noun,A1
potato,noun,A1
pear,noun,A2
salad,noun,A2
sauce,noun,A2
sausage,noun,A2
peach,noun,B1
pie,noun,B1
pineapple,noun,B1
pudding,noun,B2
refreshments,noun,B1
roast,verb,A2
room,noun,A1
pillow,noun,A2
post office,noun,A2
roof,noun,A2
seat,noun,A2
palace,noun,B1
place,noun,B1
row,noun,B1
rug,noun,B1
ruin,noun,B1
passage,noun,B2
resident,noun,B2
property,noun,B2
premises,noun,C1
pound,noun,A2
penny,noun,B1
rate,noun,B2
saving,noun,C1
sector,noun,C1
pocket money,noun,B1
poverty,noun,B2
profit,noun,B2
savings,noun,B2
rent,verb,A2
quote,verb,C2
park,noun,A1
place,noun,A1
plant,noun,A1
river,noun,A1
peak,noun,B1
planet,noun,B1
region,noun,B1
rose,noun,B1
season,noun,B1
pond,noun,B2
pool,noun,B2
rainbow,noun,B2
range,noun,B2
reserve,noun,B2
root,noun,B2
seed,noun,B2
palm,noun,C1
rain,noun,A1
sand,noun,B1
scenery,noun,B1
oxygen,noun,B2
rubber,noun,B2
sea,noun,A1
rainforest,noun,B1
rock,noun,B1
pine,noun,B2
pour,verb,B1
rise,verb,B1
search,noun,B1
process,noun,B2
punch,noun,B2
practice,noun,A2
reach,noun,B2
rescue,noun,B1
routine,noun,B1
rush,noun,B2
point,verb,A2
pause,verb,B1
rest,verb,B1
participate,verb,B2
queue,verb,B2
scratch,verb,B2
pose,verb,C1
retreat,verb,C2
revolt,verb,C2
repair,verb,A2
return,verb,A2
pass,verb,B1
pick,verb,B1
pin,verb,B1
point,verb,B1
postpone,verb,B1
pour,verb,B1
prevent,verb,B1
produce,verb,B1
prove,verb,B1
provide,verb,B1
push,verb,B1
quit,verb,B1
raise,verb,B1
remove,verb,B1
rescue,verb,B1
save,verb,B1
select,verb,B1
poison,verb,B2
present,verb,B2
preserve,verb,B2
process,verb,B2
punch,verb,B2
remove,verb,B2
restore,verb,B2
reward,verb,B2
roll,verb,B2
rub,verb,B2
ruin,verb,B2
scratch,verb,B2
seize,verb,B2
send,verb,B2
push,verb,C1
release,verb,C1
resist,verb,C1
restrain,verb,C1
restrict,verb,C1
sacrifice,verb,C1
scan,verb,C1
pat,verb,C2
refine,verb,C2
retrieve,verb,C2
scan,verb,C2
seize,verb,C2
practise,verb,A1
run,verb,A1
see,verb,A1
paint,verb,A2
prepare,verb,A2
pull,verb,A2
push,verb,A2
pass,verb,B1
plan,verb,B1
press,verb,B1
protect,verb,B1
push,verb,B1
search,verb,B1
pound,verb,B2
reach,verb,B2
research,verb,B2
resist,verb,B2
rip,verb,B2
rush,verb,B2
separate,verb,B2
separate,verb,B2
rock,verb,C2
perfume,noun,A2
race,noun,C1
resemble,verb,C1
point of view,noun,B2
scar,noun,C1
peace,noun,B1
pleasure,noun,B1
respect,noun,B1
respect,noun,B1
pain,noun,B2
pity,noun,B2
pride,noun,B2
pride,noun,B2
revenge,noun,B2
sense,noun,B2
self-esteem,noun,C1
restraint,noun,C2
self-control,noun,C2
self-discipline,noun,C2
self-respect,noun,C2
panic,noun,B2
passion,noun,B2
pressure,noun,B2
rage,noun,B2
regret,noun,B2
sense,noun,B1
point,noun,B2
sense,noun,B2
pretend,verb,B2
react,verb,B2
prefer,verb,A2
regret,verb,B1
respect,verb,B1
reject,verb,B2
respect,verb,B2
risk,verb,B2
risk,verb,B2
satisfy,verb,B2
return,verb,C1
resent,verb,C2
sense,verb,C2
please,verb,B1
relax,verb,B1
panic,verb,B2
reckon,verb,B2
president,noun,B1
policy,noun,B2
republic,noun,C1
referendum,noun,C2
regime,noun,C2
seat,noun,C2
politics,noun,B1
power,noun,C1
reform,noun,C2
rule,verb,B2
parent,noun,A1
party,noun,A1
roommate,noun,B2
romance,noun,B1
separate,verb,B2
rear,verb,C1
playground,noun,A2
pool,noun,A2
puzzle,noun,A2
quiz,noun,A2
race,noun,A2
racket,noun,A2
point,noun,B1
product,noun,B1
record,noun,B1
score,noun,B1
penalty,noun,B2
pitch,noun,B2
referee,noun,B2
run,noun,B2
pass,noun,C2
second,noun,C2
rugby,noun,A2
pool,noun,B1
play,noun,B2
sale,noun,B2
represent,verb,B2
page,noun,A2
PC,noun,A2
program,noun,A2
password,noun,B1
plug,noun,B1
pump,noun,B1
remote control,noun,B1
part,noun,B2
pedal,noun,B2
satellite,noun,B2
power,noun,B1
radio,noun,B1
return,noun,B1
scan,verb,C1
plane,noun,A1
path,noun,A2
petrol station,noun,A2
platform,noun,A2
railway,noun,A2
roundabout,noun,A2
pass,noun,B1
pavement,noun,B1
pocket,noun,B1
resort,noun,B1
return,noun,B1
ride,noun,B1
ride,noun,B1
route,noun,B1
parachute,noun,B2
rocket,noun,B2
path,noun,C2
petrol,noun,A2
public transport,noun,B1
rail,noun,B1
reverse,noun,C2
road,noun,A1
port,noun,B1
rush hour,noun,B2
sail,verb,B1
run,verb,B2
sail,verb,B2
reach,verb,B1
sail,verb,B1
secretary,noun,A2
profession,noun,B1
post,noun,B2
perk,noun,C1
recruit,noun,C2
paperwork,noun,B2
rank,noun,C1
personnel,noun,C1
retire,verb,B1
practise,verb,C1
rape,noun,B2
robbery,noun,B2
pork,noun,B1
priest,noun,B1
recycling,noun,B1
reconstruction,noun,C2
reorganize,verb,C1
replacement,noun,B2
replacement,noun,C1
redevelopment,noun,C1
refund,noun,B1
review,noun,B1
reunion,noun,C2
review,noun,C2
readjust,verb,C2
recur,verb,C2
rebuild,verb,B1
replace,verb,B1
reflect,verb,B2
reflect,verb,B2
regain,verb,B2
repay,verb,B2
replace,verb,B2
review,verb,B2
readjust,verb,C1
recharge,verb,C1
recreate,verb,C1
redevelop,verb,C1
refund,verb,C1
reinforce,verb,C1
restart,verb,C1
restart,verb,C1
review,verb,C1
reconstruct,verb,C2
reinforce,verb,C2
recycle,verb,B1
reconsider,verb,C1
relocate,verb,C1
rethink,verb,C1
restructure,verb,C2
principal,noun,B2
professional,noun,B2
reversal,noun,C2
renewal,noun,C1
renewal,noun,C2
performance,noun,B2
relevance,noun,C1
perseverance,noun,C2
resistance,noun,C2
resistance,noun,C2
resemblance,noun,C2
resistance,noun,C2
participant,noun,C1
reference,noun,B2
persistence,noun,C2
presence,noun,C2
presence,noun,B2
presence,noun,C2
presence,noun,C2
partner,noun,A2
photographer,noun,A2
ruler,noun,A2
owner,noun,B1
reader,noun,B1
reporter,noun,B1
rider,noun,B1
seller,noun,B1
partner,noun,B2
philosopher,noun,B2
producer,noun,B2
publisher,noun,B2
pensioner,noun,C1
producer,noun,C1
programmer,noun,C1
provider,noun,C1
ruler,noun,C1
retailer,noun,C2
plastic,noun,A2
reading,noun,C2
ruling,noun,C2
planning,noun,B2
planning,noun,C1
reasoning,noun,C2
running,noun,C2
position,noun,B1
position,noun,B2
reception,noun,B2
reflection,noun,B2
regulation,noun,B2
revolution,noun,B2
selection,noun,B2
precaution,noun,C1
projection,noun,C1
proposition,noun,C1
presumption,noun,C2
procession,noun,C2
rejection,noun,C2
resolution,noun,C2
resolution,noun,C2
revelation,noun,C2
sanction,noun,C2
relaxation,noun,B1
production,noun,B2
production,noun,B2
protection,noun,B2
selection,noun,B2
perfection,noun,C1
preservation,noun,C1
projection,noun,C1
radiation,noun,C1
regulation,noun,C1
renovation,noun,C1
presentation,noun,C2
realization,noun,C2
recognition,noun,C2
recognition,noun,C2
rejection,noun,C2
retention,noun,C2
population,noun,B1
position,noun,B1
presentation,noun,B2
recommendation,noun,B2
reduction,noun,B2
relation,noun,B2
separation,noun,B2
progression,noun,C1
provision,noun,C1
restriction,noun,C1
perception,noun,C2
provocation,noun,C2
recollection,noun,C2
rejection,noun,C2
repetition,noun,C2
reservation,noun,C2
resolution,noun,C2
restriction,noun,C2
reception,noun,B1
realization,noun,C1
receptionist,noun,A2
scientist,noun,B1
pharmacist,noun,B2
psychologist,noun,B2
psychiatrist,noun,C2
possibility,noun,B2
quality,noun,B1
popularity,noun,B2
reality,noun,B2
productivity,noun,C1
purity,noun,C1
rarity,noun,C1
reliability,noun,C1
security,noun,C1
possibility,noun,B1
probability,noun,C1
scarcity,noun,C2
recognize,verb,B1
recognize,verb,B2
privatize,verb,C1
recognize,verb,C1
requirement,noun,B2
payment,noun,B2
recruitment,noun,C1
readiness,noun,C1
richness,noun,C1
readiness,noun,C2
professor,noun,B1
sailor,noun,B1
razor,noun,B2
predecessor,noun,C2
prosecutor,noun,C2
relationship,noun,B2
ownership,noun,C1
readership,noun,C1
racist,noun,C2
pair,noun,A1
part,noun,A1
person,noun,A1
problem,noun,A1
restaurant,noun,A1
passport,noun,A2
penfriend,noun,A2
pilot,noun,A2
plan,noun,A2
policeman,noun,A2
police officer,noun,A2
police station,noun,A2
policewoman,noun,A2
present,noun,A2
price,noun,A2
prize,noun,A2
purse,noun,A2
quarter,noun,A2
queen,noun,A2
question,noun,A2
reason,noun,A2
receipt,noun,A2
salesperson,noun,A2
screen,noun,A2
second,noun,A2
packet,noun,B1
parcel,noun,B1
pedestrian,noun,B1
period,noun,B1
pharmacy,noun,B1
phrasal verb,noun,B1
pin,noun,B1
pipe,noun,B1
pleasure,noun,B1
plug,noun,B1
politician,noun,B1
postman,noun,B1
preposition,noun,B1
prescription,noun,B1
prince,noun,B1
princess,noun,B1
pronoun,noun,B1
purpose,noun,B1
queue,noun,B1
range,noun,B1
report,noun,B1
result,noun,B1
result,noun,B1
reward,noun,B1
reward,noun,B1
ride,noun,B1
robot,noun,B1
rule,noun,B1
run,noun,B1
salesman,noun,B1
saleswoman,noun,B1
search,noun,B1
season,noun,B1
secret,noun,B1
section,noun,B1
pack,noun,B2
package,noun,B2
package,noun,B2
parade,noun,B2
passage,noun,B2
path,noun,B2
pattern,noun,B2
pattern,noun,B2
pause,noun,B2
peak,noun,B2
pension,noun,B2
phase,noun,B2
plan,noun,B2
platform,noun,B2
plot,noun,B2
point,noun,B2
point,noun,B2
point,noun,B2
point of view,noun,B2
prefix,noun,B2
process,noun,B2
programme,noun,B2
project,noun,B2
proper noun,noun,B2
proposal,noun,B2
question,noun,B2
range,noun,B2
rate,noun,B2
ray,noun,B2
rebel,noun,B2
release,noun,B2
remedy,noun,B2
representative,noun,B2
resource,noun,B2
right,noun,B2
ring,noun,B2
rise,noun,B2
role,noun,B2
salon,noun,B2
sample,noun,B2
scene,noun,B2
scent,noun,B2
schedule,noun,B2
scheme,noun,B2
scratch,noun,B2
series,noun,B2
panel,noun,C1
peasant,noun,C1
peer,noun,C1
permit,noun,C1
perspective,noun,C1
phenomenon,noun,C1
philosophy,noun,C1
policy,noun,C1
portion,noun,C1
power,noun,C1
principle,noun,C1
print,noun,C1
privilege,noun,C1
profile,noun,C1
proportion,noun,C1
push,noun,C1
pyramid,noun,C1
race,noun,C1
rate,noun,C1
ratio,noun,C1
rectangle,noun,C1
reign,noun,C1
riot,noun,C1
rise,noun,C1
risk,noun,C1
rival,noun,C1
role model,noun,C1
runway,noun,C1
sack,noun,C1
saint,noun,C1
secretary,noun,C1
serial,noun,C1
pact,noun,C2
panel,noun,C2
paradox,noun,C2
parallel,noun,C2
particle,noun,C2
pastime,noun,C2
patch,noun,C2
patch,noun,C2
patch,noun,C2
pioneer,noun,C2
pit,noun,C2
platform,noun,C2
plot,noun,C2
pocket,noun,C2
point,noun,C2
point,noun,C2
pole,noun,C2
puzzle,noun,C2
quarter,noun,C2
quote,noun,C2
raid,noun,C2
raid,noun,C2
rail,noun,C2
rally,noun,C2
rally,noun,C2
record,noun,C2
reserve,noun,C2
retreat,noun,C2
retreat,noun,C2
rhyme,noun,C2
ribbon,noun,C2
ritual,noun,C2
roar,noun,C2
rocket,noun,C2
round,noun,C2
round,noun,C2
route,noun,C2
sail,noun,C2
scenario,noun,C2
scene,noun,C2
scrap,noun,C2
pay,noun,B1
permission,noun,B1
progress,noun,B1
property,noun,B1
research,noun,B1
room,noun,B1
rubbish,noun,B1
pace,noun,B2
peace,noun,B2
pottery,noun,B2
pottery,noun,B2
power,noun,B2
privacy,noun,B2
proof,noun,B2
psychology,noun,B2
question,noun,B2
quiet,noun,B2
reach,noun,B2
reason,noun,B2
right,noun,B2
safety,noun,B2
ozone,noun,C1
power,noun,C1
praise,noun,C1
prestige,noun,C1
protein,noun,C1
release,noun,C1
retail,noun,C1
revenue,noun,C1
rubbish,noun,C1
safety,noun,C1
scope,noun,C1
peer pressure,noun,C2
pressure,noun,C2
purpose,noun,C2
pursuit,noun,C2
range,noun,C2
recovery,noun,C2
refuge,noun,C2
relief,noun,C2
relief,noun,C2
relish,noun,C2
remorse,noun,C2
rhyme,noun,C2
ruin,noun,C2
rule,noun,C2
scope,noun,C2
scrap,noun,C2
scrutiny,noun,C2
paint,noun,A1
phone,noun,A1
Saturday,noun,A1
school,noun,A1
September,noun,A1
plural,noun,A2
rent,noun,A2
rest,noun,A2
powder,noun,B1
prison,noun,B1
religion,noun,B1
repair,noun,B1
result,noun,B1
salary,noun,B1
salmon,noun,B1
prejudice,noun,B2
procedure,noun,B2
prospect,noun,B2
rehearsal,noun,B2
risk,noun,B2
rope,noun,B2
scandal,noun,B2
paradise,noun,C1
pressure,noun,C1
privilege,noun,C1
redundancy,noun,C1
register,noun,C1
sacrifice,noun,C1
self,noun,C1
portrayal,noun,C2
practice,noun,C2
precedent,noun,C2
principle,noun,C2
rivalry,noun,C2
script,noun,C2
people,noun,A1
scissors,noun,A2
remains,noun,B2
proceedings,noun,C2
quarter,noun,A1
return,noun,B1
point,noun,B2
rule,noun,B2
the second person,noun,B2
price,noun,C1
prospect,noun,C2
read,noun,C2
rush,noun,C2
rush,noun,C2
picture,noun,B2
return,verb,A2
pass,verb,B1
point,verb,B1
rise,verb,B1
pray,verb,B2
progress,verb,B2
propose,verb,B2
qualify,verb,B2
rebel,verb,B2
recover,verb,B2
remain,verb,B2
return,verb,B2
rise,verb,B2
run,verb,B2
plunge,verb,C1
proceed,verb,C1
search,verb,C1
pass,verb,C2
pay,verb,C2
persist,verb,C2
persist,verb,C2
progress,verb,C2
prosper,verb,C2
rage,verb,C2
rage,verb,C2
reign,verb,C2
rhyme,verb,C2
riot,verb,C2
send,verb,A1
post,verb,A2
receive,verb,A2
repeat,verb,A2
save,verb,A2
see,verb,A2
sell,verb,A2
sell,verb,A2
pick,verb,B1
plant,verb,B1
play,verb,B1
post,verb,B1
punish,verb,B1
raise,verb,B1
reduce,verb,B1
rent,verb,B1
require,verb,B1
reserve,verb,B1
rob,verb,B1
run,verb,B1
save,verb,B1
peel,verb,B2
photograph,verb,B2
poison,verb,B2
pollute,verb,B2
present,verb,B2
produce,verb,B2
prove,verb,B2
put,verb,B2
raise,verb,B2
reach,verb,B2
record,verb,B2
reject,verb,B2
release,verb,B2
release,verb,B2
renew,verb,B2
represent,verb,B2
revise,verb,B2
rule,verb,B2
run,verb,B2
sack,verb,B2
search,verb,B2
see,verb,B2
see,verb,B2
sentence,verb,B2
picture,verb,C1
place,verb,C1
possess,verb,C1
presume,verb,C1
produce,verb,C1
prolong,verb,C1
promote,verb,C1
pursue,verb,C1
rate,verb,C1
receive,verb,C1
record,verb,C1
recover,verb,C1
refresh,verb,C1
regulate,verb,C1
regulate,verb,C1
renovate,verb,C1
resolve,verb,C1
restore,verb,C1
reverse,verb,C1
rush,verb,C1
scare,verb,C1
see,verb,C1
pass,verb,C2
patch,verb,C2
pinpoint,verb,C2
pity,verb,C2
plague,verb,C2
present,verb,C2
press,verb,C2
provoke,verb,C2
raid,verb,C2
raid,verb,C2
read,verb,C2
recollect,verb,C2
reconcile,verb,C2
reform,verb,C2
register,verb,C2
relieve,verb,C2
relish,verb,C2
repair,verb,C2
represent,verb,C2
retain,verb,C2
reveal,verb,C2
rival,verb,C2
saddle,verb,C2
sample,verb,C2
see,verb,C2
send,verb,C2
paint,verb,A1
pay,verb,A1
phone,verb,A1
play,verb,A1
play,verb,A1
remember,verb,A1
ride,verb,A1
pack,verb,A2
park,verb,A2
play,verb,A2
play,verb,A2
prepare,verb,A2
record,verb,A2
rent,verb,A2
ring,verb,A2
save,verb,A2
save,verb,A2
pay,verb,B1
perform,verb,B1
play,verb,B1
quit,verb,B1
race,verb,B1
report,verb,B1
revise,verb,B1
score,verb,B1
search,verb,B1
see,verb,B1
pause,verb,B2
qualify,verb,B2
qualify,verb,B2
recall,verb,B2
resign,verb,B2
reverse,verb,B2
row,verb,B2
scratch,verb,B2
sell,verb,B2
rank,verb,C1
refresh,verb,C1
rehearse,verb,C1
run,verb,C1
pass,verb,C2
peel,verb,C2
pop,verb,C2
prosecute,verb,C2
relate,verb,C2
rot,verb,C2
pub,noun,A2
refugee,noun,B2
prostitute,noun,C1
rebellion,noun,C1
rape,verb,B2
pathetic,adjective,C2
poorly,adjective,C1
scary,adjective,B1
pretty,adverb,B1
part,verb,C2
relative,adjective,C1
presently,adverb,C1
paramount,adjective,C2
posh,adjective,B2
posh,adjective,C2
recycled,adjective,B1
reproduce,verb,C2
reasonable,adjective,B1
reasonable,adjective,B1
remarkable,adjective,B2
pleasurable,adjective,C1
portable,adjective,C1
reputable,adjective,C1
respectable,adjective,C2
payable,adjective,C1
payable,adjective,C1
reliable,adjective,B1
reasonable,adjective,B2
respectable,adjective,B2
physical,adjective,B2
psychological,adjective,B2
sensational,adjective,C2
residential,adjective,C2
residential,adjective,B2
regional,adjective,B2
racial,adjective,B2
professional,adjective,B1
rational,adjective,C1
philosophical,adjective,C2
practical,adjective,C2
sceptical,adjective,C2
sentimental,adjective,C2
political,adjective,B1
presidential,adjective,B2
radical,adjective,C2
recreational,adjective,C2
professional,adjective,B2
self-reliant,adjective,C2
redundant,adjective,B2
secluded,adjective,C2
semi-detached,adjective,C1
pleased,adjective,A2
relaxed,adjective,B1
satisfied,adjective,B1
scared,adjective,B1
petrified,adjective,B2
puzzled,adjective,B2
qualified,adjective,B2
relieved,adjective,B2
respected,adjective,B2
self-centred,adjective,C1
reserved,adjective,C2
self-assured,adjective,C2
related,adjective,B2
scheduled,adjective,B2
retired,adjective,B2
persistent,adjective,C2
painful,adjective,B1
pitiful,adjective,C2
peaceful,adjective,B1
powerful,adjective,B1
painful,adjective,B2
peaceful,adjective,B2
respectful,adjective,C1
resourceful,adjective,C2
reversible,adjective,C2
sensible,adjective,B1
responsible,adjective,B2
responsible,adjective,B2
romantic,adjective,B1
poetic,adjective,C2
scenic,adjective,C1
scientific,adjective,B1
pessimistic,adjective,B2
realistic,adjective,B2
sarcastic,adjective,C2
relaxing,adjective,B1
self-catering,adjective,C1
representation,noun,C2
qualification,noun,B1
sensation,noun,B2
qualification,noun,C2
selfish,adjective,B1
quality,adjective,B1
repetitive,adjective,C1
sensitive,adjective,B2
sensitive,adjective,B2
protective,adjective,C1
perceptive,adjective,C2
receptive,adjective,C2
restless,adjective,C1
restless,adjective,C2
ruthless,adjective,C2
physically,adverb,B2
psychologically,adverb,B2
really,adverb,A1
really,adverb,A2
particularly,adverb,B1
partly,adverb,B1
personally,adverb,B1
possibly,adverb,B1
perfectly,adverb,B2
personally,adverb,B2
possibly,adverb,B2
precisely,adverb,B2
secondly,adverb,B2
precisely,adverb,C1
precisely,adverb,B2
roughly,adverb,B2
scientifically,adverb,B2
racially,adverb,C1
politely,adverb,B1
passionately,adverb,B2
patiently,adverb,B2
peacefully,adverb,B2
positively,adverb,B2
proudly,adverb,B2
readily,adverb,B2
reasonably,adverb,B2
sadly,adverb,B2
reluctantly,adverb,C1
rudely,adverb,C1
sensibly,adverb,C1
respectfully,adverb,C2
precious,adjective,B2
prosperous,adjective,C1
self-conscious,adjective,C1
rosy,adjective,C2
scruffy,adjective,C2
salty,adjective,B2
rainy,adjective,B1
sandy,adjective,B1
rocky,adjective,C1
risky,adjective,B2
rusty,adjective,B2
pushy,adjective,C2
rocky,adjective,C2
publish,verb,B1
pregnant,adjective,B1
poisonous,adjective,B2
plump,adjective,C2
positive,adjective,C2
sane,adjective,C2
recovery,noun,B2
scar,verb,C2
pure,adjective,B2
quite,adverb,A2
right,adverb,A2
quite,adverb,B1
rather,adverb,B1
rather,adverb,B2
question,verb,B2
question,verb,B2
plead,verb,C2
plead,verb,C2
serial,adjective,C1
release,noun,C1
plead,verb,C2
red,adjective,A1
perfect,adjective,A2
pink,adjective,A2
pleasant,adjective,A2
purple,adjective,A2
right,adjective,A2
right-hand,adjective,A2
round,adjective,A2
pretty,adjective,B1
regular,adjective,B1
rough,adjective,B1
rough,adjective,B1
poor,adjective,B2
precise,adjective,B2
rectangular,adjective,B2
satisfactory,adjective,B2
scarce,adjective,C1
quaint,adjective,C2
right,adverb,A2
percent,adverb,B1
round,adverb,B1
secondary,adjective,B1
red,adjective,A2
roast,adjective,A2
raw,adjective,B1
rich,adjective,B2
rotten,adjective,B2
rare,adjective,C1
poor,adjective,A1
rich,adjective,A2
rough,adjective,B2
rural,adjective,B2
the seaside,noun,B1
push,noun,B1
search,noun,B2
reserve,verb,B1
schedule,verb,B2
seduce,verb,C2
pretty,adjective,A2
red,adjective,A2
plain,adjective,C2
sad,adjective,A1
polite,adjective,A2
poor,adjective,A2
patient,adjective,B1
positive,adjective,B1
proud,adjective,B1
passionate,adjective,B2
passive,adjective,B2
poor,adjective,B2
positive,adjective,B2
secure,adjective,B2
self-confident,adjective,B2
particular,adjective,C1
serene,adjective,C2
relief,noun,B2
public,adjective,B1
revolutionary,adjective,B2
right-wing,adjective,C2
party,noun,B1
parliament,noun,B2
presidency,noun,B2
semi-final,noun,B2
senior,adjective,B2
part-time,adverb,B1
profession,noun,B2
promote,verb,B1
recruit,verb,C1
reassuring,adjective,C1
reproduction,noun,C1
reproduction,noun,C2
reproduce,verb,C1
reproduce,verb,C1
reasonable,adjective,B1
predictable,adjective,B2
preferable,adjective,B2
probable,adjective,B2
profitable,adjective,B2
reasonable,adjective,B2
profitable,adjective,C1
renewable,adjective,C1
questionable,adjective,C2
questionable,adjective,C2
renewable,adjective,C2
personal,adjective,B1
personal,adjective,B1
personal,adjective,B1
principal,adjective,B1
professional,adjective,B1
partial,adjective,B2
potential,adjective,B2
practical,adjective,B2
seasonal,adjective,B2
postal,adjective,C1
practical,adjective,C1
practical,adjective,C1
radical,adjective,C1
sensational,adjective,C1
paradoxical,adjective,C2
phenomenal,adjective,C2
philosophical,adjective,C2
physical,adjective,C2
provincial,adjective,C2
sentimental,adjective,C2
revival,noun,C2
reluctant,adjective,C1
predominant,adjective,C2
redundant,adjective,C2
prepared,adjective,B1
qualified,adjective,B1
prepared,adjective,B2
related,adjective,B2
relaxed,adjective,B2
scheduled,adjective,B2
prejudiced,adjective,C1
privileged,adjective,C1
prolonged,adjective,C1
restricted,adjective,C1
privileged,adjective,C2
refined,adjective,C2
refined,adjective,C2
renowned,adjective,C2
repeated,adjective,C2
scattered,adjective,C2
resilient,adjective,C2
powerful,adjective,B1
powerful,adjective,B2
possible,adjective,A1
possible,adjective,B1
plausible,adjective,C2
reversible,adjective,C2
plastic,adjective,A2
realistic,adjective,B1
romantic,adjective,B1
problematic,adjective,C1
pathetic,adjective,C2
pragmatic,adjective,C2
romantic,adjective,C2
remaining,adjective,B2
promising,adjective,C1
refreshing,adjective,C1
refreshing,adjective,C1
rewarding,adjective,C1
rating,noun,C1
position,noun,B1
population,noun,B2
possession,noun,B2
promotion,noun,C1
recognition,noun,C2
representation,noun,C2
quality,noun,B1
possessive,adjective,B1
productive,adjective,B2
productive,adjective,B2
progressive,adjective,B2
protective,adjective,B2
sensitive,adjective,B2
sensitive,adjective,B2
sensitive,adjective,B2
persuasive,adjective,C1
primitive,adjective,C1
primitive,adjective,C1
progressive,adjective,C1
selective,adjective,C1
possessive,adjective,C2
preventive,adjective,C2
restrictive,adjective,C2
priceless,adjective,B2
pointless,adjective,C1
priceless,adjective,C1
reckless,adjective,C2
relentless,adjective,C2
senseless,adjective,C2
regardless,adverb,C2
possibly,adverb,A2
probably,adverb,A2
quickly,adverb,A2
quickly,adverb,A2
perfectly,adverb,B1
pleasantly,adverb,B1
previously,adverb,B1
properly,adverb,B1
quietly,adverb,B1
quietly,adverb,B1
rarely,adverb,B1
really,adverb,B1
recently,adverb,B1
regularly,adverb,B1
regularly,adverb,B1
secretly,adverb,B1
permanently,adverb,B2
potentially,adverb,B2
powerfully,adverb,B2
practically,adverb,B2
preferably,adverb,B2
presumably,adverb,B2
primarily,adverb,B2
privately,adverb,B2
promptly,adverb,B2
rapidly,adverb,B2
readily,adverb,B2
rightly,adverb,B2
sadly,adverb,B2
separately,adverb,B2
partially,adverb,C1
poorly,adverb,C1
publicly,adverb,C1
purely,adverb,C1
radically,adverb,C1
randomly,adverb,C1
realistically,adverb,C1
remarkably,adverb,C1
repeatedly,adverb,C1
respectively,adverb,C1
satisfactorily,adverb,C1
seemingly,adverb,C1
predominantly,adverb,C2
profoundly,adverb,C2
realistically,adverb,C2
relentlessly,adverb,C2
roughly,adverb,C2
roughly,adverb,C2
scarcely,adverb,C2
previous,adjective,B1
serious,adjective,B1
precious,adjective,B2
religious,adjective,B2
religious,adjective,B2
ridiculous,adjective,B2
prestigious,adjective,C1
rebellious,adjective,C1
rusty,adjective,B2
petty,adjective,C2
rosy,adjective,C2
racist,adjective,C2
quick,adjective,A1
ready,adjective,A1
right,adjective,A1
safe,adjective,A1
same,adjective,A1
popular,adjective,A2
quick,adjective,A2
quiet,adjective,A2
quiet,adjective,A2
ready,adjective,A2
real,adjective,A2
real,adjective,A2
safe,adjective,A2
passive,adjective,B1
past,adjective,B1
past,adjective,B1
perfect,adjective,B1
permanent,adjective,B1
plain,adjective,B1
plain,adjective,B1
present,adjective,B1
private,adjective,B1
private,adjective,B1
proper,adjective,B1
proper,adjective,B1
pure,adjective,B1
pure,adjective,B1
quiet,adjective,B1
rare,adjective,B1
real,adjective,B1
recent,adjective,B1
regular,adjective,B1
regular,adjective,B1
right,adjective,B1
rude,adjective,B1
safe,adjective,B1
second-hand,adjective,B1
secret,adjective,B1
self-service,adjective,B1
separate,adjective,B1
separate,adjective,B1
packed,adjective,B2
pale,adjective,B2
particular,adjective,B2
peculiar,adjective,B2
picturesque,adjective,B2
poisonous,adjective,B2
popular,adjective,B2
positive,adjective,B2
positive,adjective,B2
primary,adjective,B2
private,adjective,B2
prompt,adjective,B2
proposed,adjective,B2
public,adjective,B2
rapid,adjective,B2
raw,adjective,B2
real,adjective,B2
real,adjective,B2
rear,adjective,B2
regular,adjective,B2
relevant,adjective,B2
remote,adjective,B2
revolutionary,adjective,B2
rich,adjective,B2
right,adjective,B2
ripe,adjective,B2
rough,adjective,B2
royal,adjective,B2
rude,adjective,B2
secure,adjective,B2
senior,adjective,B2
separate,adjective,B2
preliminary,adjective,C1
prior,adjective,C1
prominent,adjective,C1
random,adjective,C1
resident,adjective,C1
respective,adjective,C1
rough,adjective,C1
sacred,adjective,C1
safe,adjective,C1
secure,adjective,C1
parallel,adjective,C2
perfect,adjective,C2
plain,adjective,C2
popular,adjective,C2
premium,adjective,C2
prime,adjective,C2
profound,adjective,C2
profound,adjective,C2
profound,adjective,C2
prominent,adjective,C2
rash,adjective,C2
remote,adjective,C2
remote,adjective,C2
rigid,adjective,C2
routine,adjective,C2
sacred,adjective,C2
secure,adjective,C2
sedentary,adjective,C2
self-made,adjective,C2
self-sufficient,adjective,C2
p.m.,adverb,A1
perhaps,adverb,A2
round,adverb,A2
right,adverb,B1
round,adverb,B1
round,adverb,B1
safely,adverb,B1
second,adverb,B1
right,adverb,B2
second,adverb,B2
seldom,adverb,B2
reportedly,adverb,C2
right,adverb,C2
pence,noun,A2
prime minister,noun,B2
scene,noun,B2
recovery,noun,C1
sequence,noun,C1
passage,noun,C2
premium,noun,C2
produce,noun,C2
province,noun,C2
sentiment,noun,C2
sequence,noun,C2
sequence,noun,C2
prohibit,verb,B2
raise,verb,B2
regard,verb,B2
price,verb,C1
puzzle,verb,C1
rule,verb,C1
part,verb,C2
perfect,verb,C2
revive,verb,C2
roar,verb,C2
roar,verb,C2
seal,verb,C2
seal,verb,C2
seduce,verb,C2
television,noun,A1
television,noun,B1
soap opera,noun,B1
telly,noun,C1
succumb,verb,C2
state,verb,B2
trash,noun,C2
sorrow,noun,C2
sibling,noun,C2
spouse,noun,C2
specification,noun,C1
television,noun,A1
thesis,noun,C2
strive,verb,C2
succumb,verb,C2
summon,verb,C2
surpass,verb,C2
telephone,verb,A2
translate,verb,C2
soul,noun,B2
tip,noun,C2
tolerance,noun,C2
thriller,noun,B1
sufferer,noun,C2
sweater,noun,A2
trainer,noun,A2
speaker,noun,B1
speaker,noun,B1
smoker,noun,B2
teenager,noun,A2
stranger,noun,B1
supporter,noun,B1
swimmer,noun,B1
supplier,noun,B2
striker,noun,C2
speaker,noun,A2
server,noun,B1
traveller,noun,B1
striker,noun,C1
spelling,noun,A2
spending,noun,C2
smoking,noun,A1
sewing,noun,C1
shopping,noun,A2
training,noun,B1
sightseeing,noun,A2
trekking,noun,B2
station,noun,B1
starvation,noun,C2
suggestion,noun,B1
translation,noun,B1
suspicion,noun,C1
supervision,noun,C1
tension,noun,B2
temptation,noun,B2
tension,noun,B2
transportation,noun,C1
socialism,noun,C2
tourism,noun,B1
therapist,noun,C1
specialist,noun,B2
socialist,noun,C1
tourist,noun,A2
sincerity,noun,C2
stupidity,noun,C2
superiority,noun,C2
summarize,verb,C1
socialize,verb,B2
treatment,noun,B2
statement,noun,B2
sickness,noun,B2
softness,noun,B2
tiredness,noun,B2
shyness,noun,C1
stubbornness,noun,C2
tenderness,noun,C2
toughness,noun,C2
sponsor,noun,B2
sponsor,verb,B2
solicitor,noun,C1
successor,noun,C1
supervisor,noun,C1
sponsorship,noun,C1
terrorism,noun,B2
terrorist,noun,B2
sheep,noun,A1
snake,noun,A2
shark,noun,B1
tiger,noun,B1
species,noun,B2
swan,noun,B2
tail,noun,B2
trap,noun,B2
trail,noun,C2
territory,noun,B2
show,noun,A2
song,noun,A2
stage,noun,A2
star,noun,A2
tune,noun,A2
soap,noun,B1
statue,noun,B1
trumpet,noun,B1
set,noun,B2
shot,noun,B2
show,noun,B2
solo,noun,B2
soundtrack,noun,B2
string,noun,B2
tabloid,noun,B2
track,noun,B2
sketch,noun,C1
tune,noun,C1
spotlight,noun,C2
trilogy,noun,C2
soul,noun,A2
techno,noun,C1
subtitles,noun,C1
star,verb,B1
tooth,noun,A1
stomach,noun,A2
temperature,noun,A2
toe,noun,A2
shoulder,noun,B1
tablet,noun,B1
test,noun,B1
throat,noun,B1
thumb,noun,B1
tongue,noun,B1
skeleton,noun,B2
spot,noun,B2
stroke,noun,B2
symptom,noun,B2
thigh,noun,B2
toenail,noun,B2
side effect,noun,C1
spine,noun,C1
skull,noun,C2
system,noun,C2
transplant,noun,C2
sight,noun,B1
smell,noun,B2
surgery,noun,B2
sweat,noun,B2
touch,noun,B2
stamina,noun,C1
stomach ache,noun,A2
toothache,noun,A2
skin,noun,B1
therapy,noun,B2
strain,noun,C2
sweat,verb,B2
treat,verb,B2
transmit,verb,C2
starve,verb,C1
shirt,noun,A1
shoe,noun,A1
skirt,noun,A1
T-shirt,noun,A1
sock,noun,A2
suit,noun,A2
swimming costume,noun,A2
tie,noun,A2
sleeve,noun,B1
sweatshirt,noun,B1
top,noun,B1
tracksuit,noun,B1
stocking,noun,C1
strap,noun,C2
trousers,noun,A1
shorts,noun,A2
sunglasses,noun,A2
tights,noun,A2
take,verb,B1
sign,noun,A2
stamp,noun,A2
story,noun,A2
shout,noun,B1
signature,noun,B1
subject,noun,B1
table,noun,B1
talk,noun,B1
text,noun,B1
tick,noun,B1
tip,noun,B1
title,noun,B1
topic,noun,B1
sign,noun,B2
signal,noun,B2
slash,noun,B2
speech,noun,B2
summary,noun,B2
survey,noun,B2
syllable,noun,B2
symbol,noun,B2
tale,noun,B2
talk,noun,B2
term,noun,B2
theme,noun,B2
threat,noun,B2
slogan,noun,C1
story,noun,C2
speech,noun,B1
text,noun,B1
support,noun,B2
slang,noun,C1
talk,noun,C2
stress,noun,B2
tone,noun,B2
tribute,noun,C2
terms,noun,B2
thanks,noun,B2
talk,verb,A1
swear,verb,B2
talk,verb,B2
talk,verb,B2
speak,verb,A1
tell,verb,A1
thank,verb,A2
show,verb,B1
suggest,verb,B1
suggest,verb,B1
take,verb,B1
settle,verb,B2
show,verb,B2
specify,verb,B2
stress,verb,B2
stress,verb,B2
support,verb,B2
tell,verb,B2
threaten,verb,B2
settle,verb,C1
skip,verb,C1
support,verb,C1
take,verb,C2
speak,verb,A1
shout,verb,A2
spell,verb,A2
sign,verb,B1
translate,verb,B1
spread,verb,B2
swear,verb,B2
tease,verb,B2
snap,verb,C2
suspect,noun,B2
trial,noun,B2
testify,verb,C2
suspect,verb,B2
smuggle,verb,C1
serve,verb,C2
try,verb,C2
size,noun,A2
square,noun,A2
star,noun,A2
stripe,noun,B1
shade,noun,B2
shortage,noun,B2
ton,noun,B2
triangle,noun,B2
strip,noun,C1
size,noun,A2
shape,noun,B1
student,noun,A1
subject,noun,A1
test,noun,A1
term,noun,A2
timetable,noun,A2
syllabus,noun,C2
take,verb,B1
study,verb,B2
slice,noun,A2
snack,noun,A2
soft drink,noun,A2
spoon,noun,A2
sweet,noun,A2
strawberry,noun,B1
takeaway,noun,B1
tin,noun,B1
teaspoon,noun,B2
tin,noun,B2
tray,noun,B2
spirit,noun,C1
sip,noun,C2
stone,noun,C2
straw,noun,C2
soup,noun,A1
sugar,noun,A1
toast,noun,A2
spinach,noun,B1
tea,noun,B1
service,noun,B2
soya,noun,C1
tea,noun,A1
tomato,noun,A1
steak,noun,A2
supper,noun,A2
spice,noun,B1
taste,noun,B1
tuna,noun,B1
sweets,noun,A2
sip,verb,C1
shower,noun,A1
table,noun,A1
toilet,noun,A1
shelf,noun,A2
sink,noun,A2
sitting room,noun,A2
sofa,noun,A2
towel,noun,A2
sheet,noun,B1
step,noun,B1
study,noun,B1
tap,noun,B1
tower,noun,B1
shed,noun,B2
shelter,noun,B2
stool,noun,B2
storey,noun,B2
terrace,noun,B2
staircase,noun,C1
stable,noun,C2
structure,noun,C2
throne,noun,C2
structure,noun,B2
stairs,noun,A2
sum,noun,B1
tip,noun,B1
subsidy,noun,C1
support,noun,B2
treasure,noun,B2
tax,noun,B1
tax,verb,C1
settle,verb,C2
squander,verb,C2
tree,noun,A1
star,noun,A2
storm,noun,A2
thunderstorm,noun,A2
shower,noun,B1
stream,noun,B1
suburb,noun,B2
tide,noun,B2
tornado,noun,B2
trunk,noun,B2
spring,noun,C1
state,noun,C1
stretch,noun,C1
snow,noun,A1
silver,noun,A2
sky,noun,A2
shade,noun,B1
space,noun,B1
sunshine,noun,B1
thunder,noun,B1
steam,noun,B2
steel,noun,B2
sunlight,noun,B2
straw,noun,C1
tobacco,noun,C1
tin,noun,C2
summer,noun,A1
town,noun,A1
spring,noun,A2
shore,noun,B1
stone,noun,B1
sunrise,noun,B1
sunset,noun,B1
shell,noun,B2
skin,noun,B2
soil,noun,B2
snow,verb,A2
set,verb,B1
settle,verb,C1
shower,noun,A1
step,noun,B1
sigh,noun,B2
struggle,noun,B2
study,noun,B2
tap,noun,B2
support,noun,B1
sit,verb,A2
stand,verb,A2
slip,verb,B1
succeed,verb,B1
sunbathe,verb,B1
turn,verb,B1
shiver,verb,B2
snore,verb,B2
stare,verb,B2
struggle,verb,B2
struggle,verb,B2
switch,verb,B2
trip,verb,B2
shudder,verb,C2
sniff,verb,C2
stagger,verb,C2
struggle,verb,C2
show,verb,A1
take,verb,A1
take,verb,A1
spend,verb,A2
tidy,verb,A2
smell,verb,B1
spoil,verb,B1
stop,verb,B1
strike,verb,B1
take,verb,B1
take,verb,B1
take,verb,B1
tie,verb,B1
transfer,verb,B1
try,verb,B1
set,verb,B2
skip,verb,B2
slap,verb,B2
slice,verb,B2
sort,verb,B2
spot,verb,B2
spray,verb,B2
squash,verb,B2
squeeze,verb,B2
stimulate,verb,B2
store,verb,B2
stroke,verb,B2
study,verb,B2
substitute,verb,B2
supply,verb,B2
support,verb,B2
sweep,verb,B2
tackle,verb,B2
take,verb,B2
test,verb,B2
time,verb,B2
transform,verb,B2
shift,verb,C1
simplify,verb,C1
sow,verb,C1
spread,verb,C1
total,verb,C1
trace,verb,C1
trace,verb,C1
snatch,verb,C2
spread,verb,C2
sprinkle,verb,C2
track,verb,C2
smoke,verb,A1
start,verb,A1
stop,verb,A1
share,verb,A2
share,verb,A2
shut,verb,A2
throw,verb,A2
try,verb,A2
turn,verb,A2
shake,verb,B1
shoot,verb,B1
spill,verb,B1
start,verb,B1
stick,verb,B1
stop,verb,B1
tear,verb,B1
tie,verb,B1
turn,verb,B1
share,verb,B2
slam,verb,B2
smash,verb,B2
soak,verb,B2
splash,verb,B2
split,verb,B2
stretch,verb,B2
stretch,verb,B2
supervise,verb,B2
swing,verb,B2
tap,verb,B2
tighten,verb,B2
turn,verb,B2
slow,verb,C2
snap,verb,C2
sniff,verb,C2
spit,verb,C2
split,verb,C2
stain,verb,C2
stamp,verb,C2
tip,verb,C2
tread,verb,C2
tan,noun,B2
sex,noun,B1
strength,noun,B2
style,noun,B2
shampoo,noun,A2
shave,verb,B1
strengthen,verb,B2
thought,noun,B1
soul,noun,B2
test,noun,B2
snob,noun,C2
trait,noun,C2
surprise,noun,B2
sympathy,noun,B2
trust,noun,B2
shame,noun,C1
strength,noun,C1
spite,noun,C2
tact,noun,C2
triumph,noun,C2
shock,noun,B1
skill,noun,B1
stress,noun,B1
talent,noun,B1
strain,noun,B2
taste,noun,B2
spirit,noun,B2
standard,noun,C2
surprise,verb,B1
trust,verb,B1
terrify,verb,B2
tolerate,verb,B2
think,verb,A1
think,verb,A1
shock,verb,B2
stimulate,verb,B2
suffer,verb,B2
tire,verb,C2
service,noun,B2
sister,noun,A1
son,noun,A1
sister-in-law,noun,B2
son-in-law,noun,B2
stepfather,noun,B2
stepmother,noun,B2
sport,noun,A1
skateboard,noun,A2
toy,noun,A2
ski,noun,B1
snowboard,noun,B1
stall,noun,B1
tournament,noun,B1
track,noun,B1
set,noun,B2
shot,noun,B2
swing,noun,B2
target,noun,B2
trophy,noun,B2
stroke,noun,C1
triumph,noun,C1
squad,noun,C2
title,noun,C2
sport,noun,A1
tennis,noun,A1
table tennis,noun,A2
service,noun,B1
squash,noun,B1
stock,noun,B2
track,noun,B2
tie,verb,C2
support,verb,B1
stock,verb,C1
site,noun,A2
switch,noun,B1
signal,noun,B2
telescope,noun,B2
thermometer,noun,B2
tone,noun,B2
software,noun,A2
social networking,noun,B1
spam,noun,C1
technology,noun,B1
stop,verb,B1
stop,noun,A1
street,noun,A1
taxi,noun,A1
train,noun,A1
ship,noun,A2
suitcase,noun,A2
traffic light,noun,A2
tram,noun,A2
trip,noun,A2
single,noun,B1
souvenir,noun,B1
stay,noun,B1
tent,noun,B1
timetable,noun,B1
track,noun,B1
traffic jam,noun,B1
truck,noun,B1
tunnel,noun,B1
steering wheel,noun,B2
stopover,noun,B2
subway,noun,B2
trail,noun,B2
shuttle,noun,C1
tank,noun,C1
tractor,noun,C2
traffic,noun,A2
transport,noun,B1
travel,noun,B1
transport,noun,B2
traffic,noun,C2
tour,noun,A2
track,noun,C1
stay,verb,A2
stop,verb,A2
take,verb,A2
servant,noun,B2
slave,noun,B2
superior,noun,C1
takeover,noun,C1
technician,noun,C1
trade,noun,C1
trainee,noun,C1
service,noun,C1
strike,noun,B1
trade,noun,B2
strike,verb,B2
transfer,verb,B2
serve,verb,C1
spider,noun,B1
thief,noun,B1
temple,noun,B1
torture,verb,C2
survival,noun,B2
significance,noun,C1
teacher,noun,A1
singer,noun,A2
trainer,noun,B1
shopkeeper,noun,B2
supporter,noun,B2
taxpayer,noun,C2
thinker,noun,C2
toddler,noun,C2
trader,noun,C2
shortcoming,noun,C1
shopping,noun,A1
singing,noun,A2
skateboarding,noun,A2
skating,noun,A2
skiing,noun,A2
snowboarding,noun,A2
surfing,noun,A2
swimming,noun,A2
teaching,noun,B1
training,noun,B1
suffering,noun,B2
timing,noun,B2
station,noun,A1
situation,noun,B1
solution,noun,B1
suspicion,noun,B2
speculation,noun,C1
simplification,noun,C2
tradition,noun,B2
simulation,noun,C1
substitution,noun,C1
transaction,noun,C1
transformation,noun,C1
transition,noun,C2
speciality,noun,C1
simplicity,noun,C1
solidarity,noun,C1
stability,noun,C1
suitability,noun,C1
severity,noun,C2
superiority,noun,C2
sustainability,noun,C2
tranquility,noun,C2
similarity,noun,B2
superlative,noun,A2
specialize,verb,B2
sympathize,verb,C2
sympathize,verb,C2
settlement,noun,C1
settlement,noun,C2
settlement,noun,C2
statement,noun,C2
treatment,noun,B2
spectator,noun,B2
survivor,noun,B2
successor,noun,C2
shooting,noun,B2
shop,noun,A1
supermarket,noun,A1
swimming pool,noun,A1
thing,noun,A1
ticket,noun,A1
set,noun,A2
shop assistant,noun,A2
side,noun,A2
side,noun,A2
side,noun,A2
skate,noun,A2
sort,noun,A2
sports centre,noun,A2
square,noun,A2
stadium,noun,A2
surname,noun,A2
surprise,noun,A2
text,noun,A2
textbook,noun,A2
text message,noun,A2
theatre,noun,A2
thing,noun,A2
thing,noun,A2
toothbrush,noun,A2
top,noun,A2
tour guide,noun,A2
session,noun,B1
sign,noun,B1
sign,noun,B1
signpost,noun,B1
site,noun,B1
sleep,noun,B1
smell,noun,B1
smile,noun,B1
spot,noun,B1
spy,noun,B1
stick,noun,B1
stop,noun,B1
store,noun,B1
studio,noun,B1
studio,noun,B1
subject,noun,B1
success,noun,B1
system,noun,B1
tense,noun,B1
tissue,noun,B1
total,noun,B1
travel agent,noun,B1
trend,noun,B1
trick,noun,B1
trick,noun,B1
tube,noun,B1
shot,noun,B2
side,noun,B2
slope,noun,B2
smell,noun,B2
society,noun,B2
source,noun,B2
spirit,noun,B2
splash,noun,B2
spot,noun,B2
spray,noun,B2
spreadsheet,noun,B2
stage,noun,B2
stain,noun,B2
state,noun,B2
step,noun,B2
story,noun,B2
strategy,noun,B2
studio,noun,B2
substitute,noun,B2
suffix,noun,B2
surface,noun,B2
surgery,noun,B2
sword,noun,B2
system,noun,B2
target,noun,B2
task,noun,B2
terminal,noun,B2
text,noun,B2
theory,noun,B2
thesis,noun,B2
thing,noun,B2
thing,noun,B2
third,noun,B2
threat,noun,B2
time,noun,B2
timetable,noun,B2
tomb,noun,B2
tool,noun,B2
tool,noun,B2
torch,noun,B2
trick,noun,B2
trolley,noun,B2
tube,noun,B2
setback,noun,C1
sketch,noun,C1
slot,noun,C1
slot,noun,C1
source,noun,C1
spectrum,noun,C1
sphere,noun,C1
spokesman,noun,C1
spokesperson,noun,C1
stand,noun,C1
star,noun,C1
statistic,noun,C1
status symbol,noun,C1
stereotype,noun,C1
strength,noun,C1
stroll,noun,C1
summit,noun,C1
surge,noun,C1
surgeon,noun,C1
tactic,noun,C1
tendency,noun,C1
thrill,noun,C1
tip,noun,C1
toast,noun,C1
token,noun,C1
tool,noun,C1
trek,noun,C1
shade,noun,C2
shield,noun,C2
shock,noun,C2
shock,noun,C2
side effect,noun,C2
siren,noun,C2
sketch,noun,C2
spade,noun,C2
spark,noun,C2
spark,noun,C2
specimen,noun,C2
spectrum,noun,C2
splash,noun,C2
stance,noun,C2
stand,noun,C2
standpoint,noun,C2
start,noun,C2
strand,noun,C2
strand,noun,C2
stroke,noun,C2
summit,noun,C2
supplement,noun,C2
symptom,noun,C2
synonym,noun,C2
tank,noun,C2
tenant,noun,C2
thread,noun,C2
threshold,noun,C2
timber,noun,C2
touch,noun,C2
treasure,noun,C2
treaty,noun,C2
truth,noun,C2
today,noun,A1
tomorrow,noun,A1
soap,noun,A2
south,noun,A2
time,noun,A2
tonight,noun,A2
town,noun,A2
sex,noun,B1
side,noun,B1
silence,noun,B1
silk,noun,B1
sleep,noun,B1
smoke,noun,B1
southeast,noun,B1
southwest,noun,B1
stuff,noun,B1
success,noun,B1
time,noun,B1
toothpaste,noun,B1
trade,noun,B1
trouble,noun,B1
shelter,noun,B2
sight,noun,B2
space,noun,B2
speed,noun,B2
storage,noun,B2
study,noun,B2
taste,noun,B2
thought,noun,B2
today,noun,B2
trouble,noun,B2
trouble,noun,B2
trouble,noun,B2
truth,noun,B2
slavery,noun,C1
smog,noun,C1
solitude,noun,C1
status,noun,C1
stress,noun,C1
teamwork,noun,C1
time,noun,C1
tuition,noun,C1
silence,noun,C2
slaughter,noun,C2
spice,noun,C2
stardom,noun,C2
strength,noun,C2
suspense,noun,C2
sympathy,noun,C2
territory,noun,C2
theory,noun,C2
timber,noun,C2
tomorrow,noun,C2
trouble,noun,C2
Sunday,noun,A1
Thursday,noun,A1
time,noun,A1
Tuesday,noun,A1
sound,noun,A2
space,noun,A2
telephone,noun,A2
temperature,noun,A2
time,noun,A2
service,noun,B1
shadow,noun,B1
society,noun,B1
speed,noun,B1
style,noun,B1
style,noun,B1
technique,noun,B1
trouble,noun,B1
turkey,noun,B1
service,noun,B2
silence,noun,B2
standard,noun,B2
string,noun,B2
substance,noun,B2
supply,noun,B2
territory,noun,B2
trace,noun,B2
tragedy,noun,B2
transfer,noun,B2
spirit,noun,C1
texture,noun,C1
trial,noun,C1
splendour,noun,C2
stimulus,noun,C2
surplus,noun,C2
thread,noun,C2
track,noun,C2
trauma,noun,C2
statistics,noun,B2
surroundings,noun,B2
telecommunications,noun,B2
talks,noun,C2
troops,noun,C2
singular,noun,A2
swim,noun,A2
surface,noun,B2
taste,noun,B2
the third person,noun,B2
toll,noun,C1
slice,noun,C2
thought,noun,C2
threat,noun,C2
toll,noun,C2
tone,noun,C2
sit,verb,A1
sleep,verb,A1
stay,verb,A1
stand,verb,A2
stop,verb,A2
think,verb,A2
shine,verb,B1
shoot,verb,B1
shop,verb,B1
skate,verb,B1
ski,verb,B1
smell,verb,B1
stay,verb,B1
surf,verb,B1
think,verb,B1
think,verb,B1
travel,verb,B1
settle,verb,B2
shake,verb,B2
sigh,verb,B2
sink,verb,B2
sit,verb,B2
smell,verb,B2
sneeze,verb,B2
sob,verb,B2
speak,verb,B2
spread,verb,B2
suffer,verb,B2
think,verb,B2
train,verb,B2
tremble,verb,B2
serve,verb,C1
spy,verb,C1
stand,verb,C1
thrive,verb,C1
shake,verb,C2
shine,verb,C2
shine,verb,C2
slip,verb,C2
snap,verb,C2
soar,verb,C2
soar,verb,C2
squeak,verb,C2
stand,verb,C2
stand,verb,C2
stumble,verb,C2
stumble,verb,C2
submit,verb,C2
threaten,verb,C2
tick,verb,C2
serve,verb,A2
spend,verb,A2
take,verb,A2
take,verb,A2
take,verb,A2
teach,verb,A2
text,verb,A2
serve,verb,B1
solve,verb,B1
support,verb,B1
support,verb,B1
surround,verb,B1
take,verb,B1
taste,verb,B1
teach,verb,B1
test,verb,B1
tick,verb,B1
turn,verb,B1
set,verb,B2
show,verb,B2
stab,verb,B2
stamp,verb,B2
store,verb,B2
strain,verb,B2
strike,verb,B2
submit,verb,B2
suggest,verb,B2
suit,verb,B2
suit,verb,B2
suspect,verb,B2
suspend,verb,B2
take,verb,B2
test,verb,B2
train,verb,B2
transport,verb,B2
treat,verb,B2
treat,verb,B2
treat,verb,B2
trick,verb,B2
shield,verb,C1
shoot,verb,C1
spare,verb,C1
split,verb,C1
spoil,verb,C1
stand,verb,C1
suppose,verb,C1
suspend,verb,C1
threaten,verb,C1
trigger,verb,C1
shape,verb,C2
sharpen,verb,C2
sharpen,verb,C2
spark,verb,C2
spread,verb,C2
spur,verb,C2
stain,verb,C2
stir,verb,C2
strain,verb,C2
strike,verb,C2
structure,verb,C2
summon,verb,C2
summon,verb,C2
supplement,verb,C2
support,verb,C2
suppress,verb,C2
suppress,verb,C2
suppress,verb,C2
surround,verb,C2
suspect,verb,C2
sustain,verb,C2
sustain,verb,C2
swallow,verb,C2
swear,verb,C2
take,verb,C2
take,verb,C2
target,verb,C2
thrill,verb,C2
time,verb,C2
tolerate,verb,C2
top,verb,C2
track,verb,C2
sing,verb,A1
study,verb,A1
swim,verb,A1
teach,verb,A1
travel,verb,A1
shut,verb,A2
steal,verb,A2
surf,verb,A2
sew,verb,B1
share,verb,B1
sink,verb,B1
smile,verb,B1
stir,verb,B1
tour,verb,B1
train,verb,B1
shrink,verb,B2
spread,verb,B2
start,verb,B2
start,verb,B2
steer,verb,B2
survive,verb,B2
swallow,verb,B2
touch,verb,B2
trade,verb,B2
shift,verb,C1
shine,verb,C1
shorten,verb,C1
show,verb,C1
soak,verb,C1
spin,verb,C1
sue,verb,C1
swap,verb,C1
transmit,verb,C1
shrug,verb,C2
signal,verb,C2
speculate,verb,C2
split,verb,C2
stir,verb,C2
suck,verb,C2
trail,verb,C2
soldier,noun,B1
torture,noun,C1
torture,noun,C2
suicide,noun,B2
theft,noun,B2
shattered,adjective,C2
starving,adjective,B2
thus,adverb,B2
sir,noun,B1
sure,adverb,A2
tiresome,adjective,C2
tertiary,adjective,C1
somewhat,adverb,C1
thereby,adverb,C1
thereafter,adverb,C2
substantial,adjective,B2
trivial,adjective,B2
tropical,adjective,B2
torrential,adjective,C2
spiritual,adjective,B2
technical,adjective,B2
stereotypical,adjective,C2
superficial,adjective,C2
technical,adjective,B2
technological,adjective,B2
short-sighted,adjective,C2
so-called,adjective,B2
tired,adjective,A1
surprised,adjective,A2
shocked,adjective,B1
stressed,adjective,B1
talented,adjective,B1
terrified,adjective,B1
sophisticated,adjective,B2
thrilled,adjective,B2
shattered,adjective,C2
short-sighted,adjective,C2
stunned,adjective,C2
sophisticated,adjective,B2
stressful,adjective,B1
skilful,adjective,B2
thoughtful,adjective,B2
thoughtful,adjective,C1
tactful,adjective,C2
toxic,adjective,B2
therapeutic,adjective,C1
sympathetic,adjective,B2
tragic,adjective,B2
setting,noun,B2
stunning,adjective,B2
thrilling,adjective,B2
sparkling,adjective,C1
staggering,adjective,C1
soothing,adjective,C2
thriving,adjective,C2
setting,noun,B2
shocking,adjective,B1
surprising,adjective,B1
tiring,adjective,B1
terrifying,adjective,B2
transmission,noun,C2
stylish,adjective,B1
snobbish,adjective,C2
supportive,adjective,C1
talkative,adjective,C1
spotless,adjective,C2
tasteless,adjective,C2
tasteless,adjective,C1
speechless,adjective,C1
tactless,adjective,C2
thoughtless,adjective,C2
terribly,adverb,B1
totally,adverb,B1
seriously,adverb,B2
simply,adverb,B2
slightly,adverb,B2
strongly,adverb,B2
surely,adverb,B2
surely,adverb,B2
tremendously,adverb,B2
truly,adverb,C1
sufficiently,adverb,C1
surprisingly,adverb,B1
tragically,adverb,C2
technologically,adverb,C1
suspicious,adjective,B2
simultaneous,adjective,C1
spacious,adjective,C1
tedious,adjective,C1
serious,adjective,B1
suspicious,adjective,B2
sexy,adjective,B2
shabby,adjective,C1
stormy,adjective,C1
thirsty,adjective,A2
spicy,adjective,B1
tasty,adjective,B1
sunny,adjective,A2
stormy,adjective,B2
sporty,adjective,C1
sexual,adjective,C1
tabloid,adjective,B2
trio,noun,C2
set,verb,B1
sick,adjective,A2
sick,adjective,A2
sore,adjective,B1
swollen,adjective,B2
side,noun,C2
stitch,noun,C2
tight,adjective,B1
sorry,adjective,A1
short,adjective,A2
sorry,adjective,A2
short,adjective,B2
slight,adjective,B2
straight,adjective,B2
total,adjective,B2
so,adverb,A2
therefore,adverb,B1
thank you,noun,B1
target,noun,C1
strict,adjective,B2
small,adjective,A1
silver,adjective,A2
single,adjective,A2
soft,adjective,A2
soft,adjective,A2
special,adjective,A2
square,adjective,A2
straight,adjective,A2
terrible,adjective,A2
thin,adjective,A2
sharp,adjective,B1
smooth,adjective,B1
strong,adjective,B1
strong,adjective,B1
terrific,adjective,B1
thick,adjective,B1
tiny,adjective,B1
severe,adjective,B2
shallow,adjective,B2
single,adjective,B2
solid,adjective,B2
solid,adjective,B2
standard,adjective,B2
stiff,adjective,B2
stiff,adjective,B2
straight,adjective,B2
strong,adjective,B2
sufficient,adjective,B2
superb,adjective,B2
thick,adjective,B2
tight,adjective,B2
transparent,adjective,B2
tremendous,adjective,B2
tremendous,adjective,B2
solid,adjective,C1
splendid,adjective,C1
state-of-the-art,adjective,C1
terrific,adjective,C1
tranquil,adjective,C1
sober,adjective,C2
swift,adjective,C2
tight,adjective,C2
tough,adjective,C2
troublesome,adjective,C2
through,adverb,B1
that,adverb,B2
together,adverb,B2
this,adverb,C1
tight,adverb,C2
sweet,adjective,A1
sour,adjective,B1
still,adjective,B1
tough,adjective,B2
stale,adjective,C1
tender,adjective,C2
thirst,noun,B2
stock market,noun,C1
share,noun,C2
solar,adjective,B2
sun,noun,A1
stone,noun,B1
struggle,noun,B2
touch,noun,B2
try,noun,B2
touch,verb,B1
set,verb,B2
shower,verb,B2
squash,verb,B2
tip,verb,C2
slim,adjective,A1
small,adjective,A1
strong,adjective,A2
thin,adjective,A2
teenage,adjective,B1
shy,adjective,B1
silly,adjective,B1
smart,adjective,B1
strict,adjective,B1
stupid,adjective,B1
sweet,adjective,B1
severe,adjective,B2
sharp,adjective,B2
sorry,adjective,B2
strict,adjective,B2
strong,adjective,B2
strong,adjective,B2
stubborn,adjective,B2
tense,adjective,B2
tense,adjective,B2
tough,adjective,B2
sincere,adjective,C1
stable,adjective,C1
trustworthy,adjective,C1
shallow,adjective,C2
shrewd,adjective,C2
sick,adjective,C2
sober,adjective,C2
stern,adjective,C2
stiff,adjective,C2
superior,adjective,C2
tender,adjective,C2
timid,adjective,C2
TRUE,adjective,C2
side,noun,B2
side,noun,B2
temper,noun,B2
terror,noun,B2
touch,verb,B2
state,adjective,B2
totalitarian,adjective,C2
single,adjective,A2
strong,adjective,B1
together,adverb,A1
tribe,noun,B2
side,noun,C2
shut,adjective,B1
sports,adjective,B1
team,noun,A2
side,noun,C2
smart,adjective,C1
thread,noun,C2
silent,adjective,B2
staff,noun,A2
team,noun,B1
shift,noun,B2
sociable,adjective,B1
suitable,adjective,B1
sustainable,adjective,C1
sustainable,adjective,C1
social,adjective,B1
traditional,adjective,B1
social,adjective,B2
supernatural,adjective,B2
statistical,adjective,C1
structural,adjective,C2
superficial,adjective,C2
territorial,adjective,C2
theoretical,adjective,C2
theoretical,adjective,C2
tribal,adjective,C2
tolerant,adjective,C1
skilled,adjective,B2
soaked,adjective,B2
so-called,adjective,B2
troubled,adjective,C1
stranded,adjective,C2
structured,adjective,C2
successful,adjective,B1
successful,adjective,B2
successful,adjective,B2
shameful,adjective,C1
skilful,adjective,C1
thankful,adjective,C1
tasteful,adjective,C2
thoughtful,adjective,C2
tangible,adjective,C2
specific,adjective,B2
specific,adjective,C1
strategic,adjective,C1
therapeutic,adjective,C1
symbolic,adjective,C2
sympathetic,adjective,C2
systematic,adjective,C2
traumatic,adjective,C2
soaking,adjective,B2
sparkling,adjective,B2
starving,adjective,B2
striking,adjective,B2
surrounding,adjective,B2
soaring,adjective,C1
time-consuming,adjective,C1
transmission,noun,C2
transitive,adjective,B2
subjective,adjective,C1
successive,adjective,C2
tasteless,adjective,C2
slowly,adverb,A2
seriously,adverb,B1
softly,adverb,B1
specially,adverb,B1
suddenly,adverb,B1
severely,adverb,B2
sharply,adverb,B2
shortly,adverb,B2
significantly,adverb,B2
silently,adverb,B2
simply,adverb,B2
simply,adverb,B2
simultaneously,adverb,B2
smoothly,adverb,B2
steadily,adverb,B2
strangely,adverb,B2
strictly,adverb,B2
successfully,adverb,B2
suitably,adverb,B2
suspiciously,adverb,B2
temporarily,adverb,B2
terribly,adverb,B2
thoroughly,adverb,B2
thoroughly,adverb,B2
tightly,adverb,B2
traditionally,adverb,B2
truly,adverb,B2
similarly,adverb,C1
sincerely,adverb,C1
solely,adverb,C1
specifically,adverb,C1
specifically,adverb,C1
subsequently,adverb,C1
substantially,adverb,C1
supposedly,adverb,C1
technically,adverb,C1
thankfully,adverb,C1
smoothly,adverb,C2
sparsely,adverb,C2
spiritually,adverb,C2
strategically,adverb,C2
subconsciously,adverb,C2
superficially,adverb,C2
swiftly,adverb,C2
systematically,adverb,C2
technically,adverb,C2
theoretically,adverb,C2
thoughtfully,adverb,C2
serious,adjective,B1
serious,adjective,B2
strenuous,adjective,C2
superfluous,adjective,C2
synonymous,adjective,C2
synonymous,adjective,C2
shiny,adjective,B1
sleepy,adjective,B1
sticky,adjective,B1
tricky,adjective,B2
sleepy,adjective,C1
slippery,adjective,C1
shabby,adjective,C2
smoky,adjective,C2
squeaky,adjective,C2
sexual,adjective,B2
short,adjective,A1
short,adjective,A1
slow,adjective,A1
tall,adjective,A1
simple,adjective,A2
singular,adjective,A2
small,adjective,A2
south,adjective,A2
strange,adjective,A2
sure,adjective,A2
sweet,adjective,A2
tall,adjective,A2
tidy,adjective,A2
TRUE,adjective,A2
shut,adjective,B1
silent,adjective,B1
silly,adjective,B1
similar,adjective,B1
simple,adjective,B1
smart,adjective,B1
soft,adjective,B1
southeast,adjective,B1
southern,adjective,B1
southwest,adjective,B1
spare,adjective,B1
special,adjective,B1
spectacular,adjective,B1
steep,adjective,B1
strange,adjective,B1
strong,adjective,B1
temporary,adjective,B1
thick,adjective,B1
top,adjective,B1
top,adjective,B1
total,adjective,B1
TRUE,adjective,B1
short-term,adjective,B2
significant,adjective,B2
simple,adjective,B2
slow,adjective,B2
solo,adjective,B2
steady,adjective,B2
steady,adjective,B2
still,adjective,B2
straightforward,adjective,B2
stuck,adjective,B2
sudden,adjective,B2
thorough,adjective,B2
tight,adjective,B2
tight,adjective,B2
tough,adjective,B2
sharp,adjective,C1
sheer,adjective,C1
sheer,adjective,C1
smooth,adjective,C1
sole,adjective,C1
stable,adjective,C1
steady,adjective,C1
steep,adjective,C1
stuck,adjective,C1
subsequent,adjective,C1
superior,adjective,C1
through,adjective,C1
set,adjective,C2
shaken,adjective,C2
sheer,adjective,C2
slender,adjective,C2
slim,adjective,C2
smooth,adjective,C2
sober,adjective,C2
solid,adjective,C2
solitary,adjective,C2
solitary,adjective,C2
stiff,adjective,C2
still,adjective,C2
strict,adjective,C2
subject,adjective,C2
subtle,adjective,C2
subtle,adjective,C2
subtle,adjective,C2
supplementary,adjective,C2
tough,adjective,C2
tough,adjective,C2
turbulent,adjective,C2
sometimes,adverb,A1
then,adverb,A1
then,adverb,A1
there,adverb,A1
there,adverb,A1
today,adverb,A1
tomorrow,adverb,A1
tonight,adverb,A1
too,adverb,A1
so,adverb,A2
somewhere,adverb,A2
soon,adverb,A2
south,adverb,A2
still,adverb,A2
straight,adverb,A2
then,adverb,A2
there,adverb,A2
somehow,adverb,B1
still,adverb,B1
straight,adverb,B1
together,adverb,B1
since,adverb,B2
somehow,adverb,B2
then,adverb,B2
there,adverb,B2
though,adverb,B2
tight,adverb,B2
today,adverb,B2
together,adverb,B2
top,adverb,B2
sharp,adverb,C1
sharp,adverb,C1
throughout,adverb,C1
sideways,adverb,C2
together,adverb,C2
time,noun,A2
start,noun,B1
tear,noun,B1
time,noun,B1
share,noun,B2
side,noun,B2
spread,noun,B2
strain,noun,B2
track,noun,B2
trap,noun,B2
shift,noun,C1
sin,noun,C2
sin,noun,C2
slap,noun,C2
stitch,noun,C2
treat,noun,C2
turmoil,noun,C2
set,verb,B2
tackle,verb,B2
set,verb,C1
surge,verb,C1
survey,verb,C1
survey,verb,C1
surrender,verb,C2
treasure,verb,C2
utter,verb,C2
undertake,verb,C1
unwind,verb,C1
workaholic,noun,C2
violate,verb,C2
weep,verb,C2
unemployment,noun,B1
unhappiness,noun,B2
unwillingness,noun,C1
undo,verb,B2
unlock,verb,B2
untie,verb,B2
unfold,verb,C1
unload,verb,C2
unwind,verb,C2
undo,verb,B2
withdrawal,noun,C2
viewer,noun,B2
voter,noun,C2
winner,noun,A2
worker,noun,A2
well-being,noun,C1
writing,noun,A1
writing,noun,A2
writing,noun,B1
writing,noun,B2
warning,noun,B1
walking,noun,A2
understanding,noun,B2
wedding,noun,B1
windsurfing,noun,B1
turning,noun,B1
vocation,noun,C2
vanity,noun,C2
vitality,noun,C2
willingness,noun,B2
visitor,noun,A2
zoo,noun,A1
web,noun,B1
whale,noun,B1
wing,noun,B1
wasp,noun,B2
wolf,noun,B2
worm,noun,B2
zebra,noun,B2
violin,noun,A2
verse,noun,B2
whistle,noun,B2
work,noun,B2
virus,noun,B2
waist,noun,B2
wound,noun,B2
wrist,noun,B2
X-ray,noun,B2
vein,noun,C1
wreck,noun,C2
wrinkle,noun,C2
welfare,noun,B2
vaccine,noun,C2
water,verb,C2
twist,verb,C1
vaccinate,verb,C2
vomit,verb,C2
watch,noun,A1
umbrella,noun,A2
zip,noun,B2
veil,noun,C1
vest,noun,C1
underwear,noun,B1
velvet,noun,C2
underpants,noun,B1
wardrobe,noun,C1
wear,verb,A1
word,noun,A1
verb,noun,A2
vowel,noun,B1
update,noun,B2
use,noun,B2
yell,noun,B2
vocabulary,noun,A2
welcome,noun,B1
underline,verb,B1
warn,verb,B1
welcome,verb,B1
underline,verb,B2
welcome,verb,B2
wonder,verb,B1
write,verb,B1
whisper,verb,B2
yell,verb,B2
volunteer,verb,C1
witness,noun,B2
verdict,noun,C2
yard,noun,B1
volume,noun,B2
weight,noun,B2
yellow,noun,A2
width,noun,B2
worst,noun,B1
university,noun,A1
year,noun,A2
workshop,noun,C1
vegetable,noun,A1
vegetarian,noun,B1
vinegar,noun,B2
yogurt,noun,A2
wall,noun,A1
window,noun,A1
washing machine,noun,A2
venue,noun,B2
warehouse,noun,C2
wallet,noun,A2
will,noun,C2
wealth,noun,B2
turnover,noun,C1
withdraw,verb,C1
village,noun,A1
view,noun,A2
wood,noun,A2
valley,noun,B1
waterfall,noun,B1
wave,noun,B1
weather forecast,noun,B1
volcano,noun,B2
vine,noun,C1
weed,noun,C2
wilderness,noun,C2
water,noun,A1
weather,noun,A1
water,noun,A2
warmth,noun,B2
wind,noun,A1
winter,noun,A1
woodland,noun,C2
world,noun,A1
walk,noun,A2
use,noun,A2
washing-up,noun,A2
work,noun,B1
violence,noun,B2
wait,noun,B2
wait,verb,A1
wash,verb,A1
wander,verb,B2
yawn,verb,B2
wink,verb,C2
use,verb,A1
wash,verb,A1
use,verb,B1
waste,verb,B1
wrap,verb,B1
update,verb,B2
upgrade,verb,B2
watch,verb,B2
water,verb,B2
wipe,verb,B2
wrap,verb,B2
twist,verb,C2
wreck,verb,C2
visit,verb,A1
walk,verb,A1
watch,verb,A1
wake,verb,B1
warm,verb,B2
whistle,verb,B2
widen,verb,B2
twist,verb,C2
woman,noun,A1
worry,noun,B1
wish,noun,B2
type,noun,C1
warmth,noun,B2
wisdom,noun,B2
worry,noun,B2
will,noun,C1
wit,noun,C1
willpower,noun,C2
will,noun,B2
worry,verb,A2
want,verb,A1
worry,verb,B2
wing,noun,C2
wife,noun,A1
uncle,noun,A2
twin,noun,B1
widow,noun,B2
unit,noun,C1
video game,noun,A2
win,noun,C1
volleyball,noun,A2
yoga,noun,B1
victory,noun,B2
withdraw,verb,C2
website,noun,A1
web page,noun,A2
virus,noun,B1
webcam,noun,B1
window,noun,B1
upgrade,noun,B2
wire,noun,B2
volume,noun,B1
virtual reality,noun,B2
video,noun,A2
work,verb,A2
tyre,noun,A2
way,noun,A2
van,noun,B1
vehicle,noun,B1
windscreen,noun,B1
voyage,noun,B2
wing,noun,B2
yacht,noun,B2
vacancy,noun,C1
wreck,noun,C2
union,noun,B1
vacancy,noun,C1
workplace,noun,C1
venture,noun,C2
work,noun,A1
work,noun,A1
wine,noun,A1
whisky,noun,B2
uncountable noun,noun,B1
uncertainty,noun,C1
unrest,noun,C2
unload,verb,C1
unfold,verb,C2
uncover,verb,C1
undress,verb,B1
unpack,verb,B1
variable,noun,C1
withdrawal,noun,C2
waiter,noun,A1
user,noun,B1
writer,noun,B1
walker,noun,C1
villager,noun,C2
understanding,noun,C2
undertaking,noun,C2
upbringing,noun,B2
vision,noun,B2
variation,noun,C2
vision,noun,B2
vegetation,noun,C1
vision,noun,C1
variation,noun,B2
vandalism,noun,C2
unity,noun,C1
validity,noun,C2
weakness,noun,B2
weakness,noun,B2
usefulness,noun,C1
tutor,noun,B2
warrior,noun,C1
waitress,noun,A1
week,noun,A1
week,noun,A1
weekend,noun,A1
year,noun,A1
type,noun,A2
uniform,noun,A2
way,noun,A2
weekday,noun,A2
wheel,noun,A2
turn,noun,B1
unit,noun,B1
vase,noun,B1
vet,noun,B1
video clip,noun,B1
view,noun,B1
visa,noun,B1
visit,noun,B1
voice,noun,B1
vote,noun,B1
wardrobe,noun,B1
way,noun,B1
wheelchair,noun,B1
workout,noun,B1
zone,noun,B1
turn,noun,B2
update,noun,B2
version,noun,B2
victim,noun,B2
vitamin,noun,B2
volunteer,noun,B2
ward,noun,B2
wave,noun,B2
weight,noun,B2
twist,noun,C1
version,noun,C1
viewpoint,noun,C1
walk,noun,C1
witch,noun,C1
youngster,noun,C1
urge,noun,C2
veteran,noun,C2
veteran,noun,C2
vice,noun,C2
virgin,noun,C2
virtue,noun,C2
volume,noun,C2
vow,noun,C2
wave,noun,C2
wave,noun,C2
whim,noun,C2
wish,noun,C2
west,noun,A2
wool,noun,A2
work,noun,A2
value,noun,B1
variety,noun,B1
weight,noun,B1
wildlife,noun,B1
waste,noun,B2
wheat,noun,B2
usage,noun,C1
worse,noun,C1
upkeep,noun,C2
view,noun,C2
violence,noun,C2
virtue,noun,C2
welfare,noun,C2
worship,noun,C2
wreckage,noun,C2
xenophobia,noun,C2
TV,noun,A1
Wednesday,noun,A1
video,noun,A2
white,noun,A2
use,noun,B1
value,noun,B1
wire,noun,B2
usage,noun,C1
virtue,noun,C2
wage,noun,B1
way,noun,B1
view,noun,B2
vocabulary,noun,C1
way,noun,C1
way,noun,C2
work,verb,B1
vanish,verb,B2
vary,verb,B2
wait,verb,C1
visit,verb,A1
visit,verb,A2
win,verb,A2
update,verb,B1
upload,verb,B1
weigh,verb,B1
underestimate,verb,B2
upset,verb,B2
use,verb,B2
value,verb,B2
wear,verb,B2
weigh,verb,B2
witness,verb,B2
underestimate,verb,C1
undergo,verb,C1
verify,verb,C1
withdraw,verb,C1
worship,verb,C1
twist,verb,C2
undermine,verb,C2
uphold,verb,C2
uphold,verb,C2
urge,verb,C2
use,verb,C2
value,verb,C2
vow,verb,C2
wear,verb,C2
wield,verb,C2
withstand,verb,C2
understand,verb,A1
work,verb,A1
write,verb,A1
understand,verb,A2
win,verb,A2
write,verb,A2
type,verb,B1
understand,verb,B1
vote,verb,B1
wave,verb,B1
win,verb,B1
wonder,verb,B1
vary,verb,B2
widen,verb,B2
unite,verb,C1
wave,verb,C1
weaken,verb,C1
worsen,verb,C1
weaken,verb,C2
weapon,noun,B2
war,noun,A2
war,noun,C2
unwell,adjective,B1
yes,adverb,A1
yes,adverb,A1
yes,adverb,A2
undesirable,adjective,C2
undue,adjective,C2
useless,adjective,C2
utmost,adjective,C1
worthy,adjective,C1
whereby,adverb,C2
wretched,adjective,C2
uncomfortable,adjective,B1
unacceptable,adjective,B2
unaffordable,adjective,C1
unbelievable,adjective,B1
unreasonable,adjective,B2
unreliable,adjective,B2
uncomfortable,adjective,C1
unavailable,adjective,B2
unconventional,adjective,C1
unethical,adjective,C2
unbalanced,adjective,C2
undressed,adjective,B2
unlimited,adjective,B2
unspoiled,adjective,C1
unexpected,adjective,B1
uninterested,adjective,B1
unmarried,adjective,C1
unemployed,adjective,B1
unhelpful,adjective,B2
unrealistic,adjective,B2
uninteresting,adjective,B1
unfortunately,adverb,A2
undoubtedly,adverb,B2
unexpectedly,adverb,B2
unreasonably,adverb,C1
unwillingly,adverb,C1
unconscious,adjective,B2
unscrupulous,adjective,C2
unhealthy,adjective,B1
unfit,adjective,B1
unimportant,adjective,B1
unpleasant,adjective,B1
unfit,adjective,B2
unsatisfactory,adjective,B2
uneven,adjective,C2
unhappy,adjective,A2
unhappy,adjective,B1
unkind,adjective,B1
unaware,adjective,B2
uncertain,adjective,B2
uneasy,adjective,B2
unfortunate,adjective,B2
unpopular,adjective,B2
unsure,adjective,B2
unpleasant,adjective,C1
unwise,adjective,C2
viable,adjective,C2
valuable,adjective,B1
virtual,adjective,B2
wrinkled,adjective,C2
twisted,adjective,B2
well-educated,adjective,C1
well-qualified,adjective,C1
well-balanced,adjective,B2
well-dressed,adjective,B1
worried,adjective,A2
well-balanced,adjective,C1
united,adjective,B2
united,adjective,B2
useful,adjective,A2
wonderful,adjective,A2
winding,adjective,B2
understanding,adjective,B2
worrying,adjective,B2
working,adjective,B1
vaccination,noun,C2
useless,adjective,B1
virtually,adverb,B2
violently,adverb,B2
warmly,adverb,B2
willingly,adverb,B2
virtually,adverb,B2
vivacious,adjective,C2
wealthy,adjective,B2
windy,adjective,A2
well,adjective,A1
warm,adjective,A2
written,adjective,B1
very,adverb,A1
well,adverb,A2
well,adverb,B2
well,adverb,C1
voice,verb,C2
white,adjective,A1
yellow,adjective,A1
whole,adjective,A2
wide,adjective,A2
worse,adjective,A2
worst,adjective,A2
upright,adjective,B2
vast,adjective,B2
vivid,adjective,B2
versatile,adjective,C2
underneath,adverb,B2
upside down,adverb,B2
white,adjective,A2
white,adjective,A2
vegetarian,adjective,B1
weak,adjective,B2
upstairs,adjective,B1
upstairs,adverb,A2
well-off,adjective,C1
warm,adjective,A1
wet,adjective,A2
underground,adjective,B2
underground,adjective,B2
wild,adjective,B2
worldwide,adjective,B2
wild,adjective,C2
wash,noun,A2
waste,noun,B1
view,verb,C2
young,adjective,A1
weak,adjective,B1
white,adjective,B1
well-built,adjective,B2
youth,noun,B1
upset,adjective,A2
well-known,adjective,A2
weak,adjective,B1
vivid,adjective,B2
welcome,adjective,B2
wise,adjective,B2
witty,adjective,B2
vain,adjective,C2
versatile,adjective,C2
wary,adjective,C2
wicked,adjective,C2
willing,adjective,C2
withdrawn,adjective,C2
vacant,adjective,B2
workforce,noun,C1
turnover,noun,C2
violent,adjective,B2
violent,adjective,B2
unforgettable,adjective,B1
unbearable,adjective,B2
unbelievable,adjective,B2
unfashionable,adjective,B2
unpredictable,adjective,B2
unsuitable,adjective,B2
unavailable,adjective,C1
unavoidable,adjective,C1
undeniable,adjective,C1
unthinkable,adjective,C1
unattainable,adjective,C2
unfavourable,adjective,C2
unfavourable,adjective,C2
unimaginable,adjective,C2
unsustainable,adjective,C2
unsustainable,adjective,C2
unprofessional,adjective,C1
unconditional,adjective,C2
unchanged,adjective,B2
unjustified,adjective,C1
unnoticed,adjective,C1
unqualified,adjective,C1
unrelated,adjective,C1
unsolved,adjective,C1
untouched,adjective,C1
unwanted,adjective,C1
unaffected,adjective,C2
unbalanced,adjective,C2
unbiased,adjective,C2
undeveloped,adjective,C2
undoubted,adjective,C2
uninhabited,adjective,C2
unprecedented,adjective,C2
unsuccessful,adjective,B2
unhelpful,adjective,C1
uneventful,adjective,C2
unattractive,adjective,B2
unattractive,adjective,C1
unproductive,adjective,C1
unlikely,adjective,B1
unlikely,adjective,C2
unfairly,adverb,B2
uncomfortably,adverb,C1
unnecessarily,adverb,C1
unquestionably,adverb,C1
unsuccessfully,adverb,C1
unavoidably,adverb,C2
unconsciously,adverb,C2
undeniably,adverb,C2
unconscious,adjective,C2
unlucky,adjective,B1
unusual,adjective,A2
unfair,adjective,B1
unfriendly,adjective,B1
unknown,adjective,B1
unknown,adjective,B1
unnecessary,adjective,B1
untidy,adjective,B1
uncertain,adjective,B2
unclear,adjective,B2
unfair,adjective,B2
unfamiliar,adjective,B2
unfortunate,adjective,B2
unnatural,adjective,B2
unwilling,adjective,B2
uncommon,adjective,C1
unforeseen,adjective,C1
unpaid,adjective,C1
unpaid,adjective,C1
unreal,adjective,C1
unsafe,adjective,C1
unsafe,adjective,C1
untrue,adjective,C1
understandable,adjective,B2
valuable,adjective,B2
variable,adjective,C1
vulnerable,adjective,C2
typical,adjective,B1
usual,adjective,B1
universal,adjective,B2
visual,adjective,B2
vertical,adjective,C1
virtual,adjective,C1
verbal,adjective,C2
verbal,adjective,C2
vocational,adjective,C2
varied,adjective,B2
well-organized,adjective,B2
well-equipped,adjective,C1
well-informed,adjective,C1
twisted,adjective,C2
underdeveloped,adjective,C2
visible,adjective,B2
visible,adjective,C1
upcoming,adjective,C1
underlying,adjective,C2
understanding,noun,B2
worthless,adjective,C1
worthless,adjective,C2
weekly,adjective,A2
usually,adverb,A2
typically,adverb,B1
urgently,adverb,B1
typically,adverb,B2
vividly,adverb,B2
warmly,adverb,B2
widely,adverb,B2
wildly,adverb,B2
wrongly,adverb,B2
ultimately,adverb,C1
understandably,adverb,C1
universally,adverb,C1
utterly,adverb,C1
wisely,adverb,C1
ultimately,adverb,C2
unanimously,adverb,C2
vaguely,adverb,C2
visibly,adverb,C2
vitally,adverb,C2
voluntarily,adverb,C2
wholeheartedly,adverb,C2
wholly,adverb,C2
wildly,adverb,C2
various,adjective,A2
unanimous,adjective,C2
vicious,adjective,C2
vicious,adjective,C2
wrong,adjective,A1
west,adjective,A2
wet,adjective,A2
wild,adjective,A2
wooden,adjective,A2
upper,adjective,B1
up-to-date,adjective,B1
urgent,adjective,B1
warm,adjective,B1
waste,adjective,B1
welcome,adjective,B1
western,adjective,B1
western,adjective,B1
wet,adjective,B1
wrong,adjective,B1
ultimate,adjective,B2
underwater,adjective,B2
unique,adjective,B2
unique,adjective,B2
urban,adjective,B2
vacant,adjective,B2
valid,adjective,B2
valid,adjective,B2
vital,adjective,B2
waterproof,adjective,B2
weak,adjective,B2
weak,adjective,B2
weird,adjective,B2
well-paid,adjective,B2
wild,adjective,B2
worthwhile,adjective,B2
wrong,adjective,B2
ultimate,adjective,C1
underpaid,adjective,C1
upper-class,adjective,C1
upward,adjective,C1
vague,adjective,C1
voluntary,adjective,C1
weak,adjective,C1
weak,adjective,C1
widespread,adjective,C1
working-class,adjective,C1
wrong,adjective,C1
underway,adjective,C2
utter,adjective,C2
vague,adjective,C2
very,adjective,C2
virgin,adjective,C2
weary,adjective,C2
white,adjective,C2
white,adjective,C2
would-be,adjective,C2
wretched,adjective,C2
up,adverb,A1
well,adverb,A1
when,adverb,A1
where,adverb,A1
why,adverb,A1
yesterday,adverb,A1
twice,adverb,A2
up,adverb,A2
west,adverb,A2
wrong,adverb,A2
yet,adverb,A2
yet,adverb,A2
up,adverb,B1
why,adverb,B1
worse,adverb,B1
up,adverb,B2
up,adverb,B2
wide,adverb,B2
worst,adverb,B2
upwards,adverb,C1
vice versa,adverb,C1
yet,adverb,C1
uphill,adverb,C2
whenever,adverb,C2
whereabouts,adverb,C2
whole,adverb,C2
wood,noun,A2
world,noun,B1
union,noun,B2
vote,noun,B2
the upper class,noun,C1
the working class,noun,C1
workforce,noun,C2
win,verb,B2
wound,verb,B2
worship,verb,C1
view,verb,C2
yield,verb,C2
violent,adjective,C2
bye,exclamation,A1
Cheers!,exclamation,B1
Cheers!,exclamation,B2
amongst,preposition,B2
beyond,preposition,C1
all,determiner,A1
all right,exclamation,A1
alright,exclamation,A1
can,modal verb,A1
can,modal verb,A1
about,preposition,A1
at,preposition,A2
according to,preposition,B1
because of,preposition,B1
against,preposition,B2
any,determiner,A1
any,determiner,A1
another,determiner,A2
at,preposition,A1
behind,preposition,A1
between,preposition,A1
across,preposition,A2
after,preposition,A2
after,preposition,A2
against,preposition,A2
around,preposition,A2
around,preposition,A2
around,preposition,A2
before,preposition,A2
beside,preposition,A2
between,preposition,A2
after,preposition,B1
along,preposition,B1
among,preposition,B1
before,preposition,B1
by,preposition,B1
at,preposition,B2
beneath,preposition,B2
beyond,preposition,B2
can,modal verb,A1
between,preposition,A1
be,auxiliary verb,A2
be,auxiliary verb,A2
a,determiner,A1
a,determiner,A1
a,determiner,A1
a,determiner,A1
all,determiner,A1
an,determiner,A1
both,determiner,A1
a,determiner,A2
a,determiner,A2
a,determiner,A2
a,determiner,A2
a,determiner,A2
a,determiner,A2
all,determiner,A2
another,determiner,A2
all,determiner,B1
Cheers!,exclamation,B1
can,modal verb,A1
cannot,modal verb,A1
can,modal verb,A2
can,modal verb,B1
can,modal verb,B2
can,modal verb,B2
after,preposition,A1
at,preposition,A1
at,preposition,A1
at,preposition,A1
before,preposition,A1
between,preposition,A1
against,preposition,A2
along,preposition,A2
among,preposition,A2
between,preposition,A2
between,preposition,A2
by,preposition,A2
by,preposition,A2
by,preposition,A2
against,preposition,B1
at,preposition,B1
before,preposition,B1
behind,preposition,B1
behind,preposition,B1
besides,preposition,B1
between,preposition,B1
but,preposition,B1
according to,preposition,B2
after,preposition,B2
along,preposition,B2
beyond,preposition,B2
by,preposition,B2
by,preposition,B2
after,preposition,C1
amid,preposition,C1
among,preposition,C1
behind,preposition,C1
beyond,preposition,C1
after,preposition,C2
amid,preposition,C2
before,preposition,C2
behind,preposition,C2
beneath,preposition,C2
anything,pronoun,A1
anything,pronoun,A1
anybody,pronoun,A2
anyone,pronoun,A2
anybody,pronoun,B1
anyone,pronoun,B1
cool,exclamation,A2
concerning,preposition,B2
damn,exclamation,B1
considering,preposition,B2
do,auxiliary verb,B2
could,modal verb,A2
could,modal verb,B1
could,modal verb,B1
despite,preposition,B1
every,determiner,A1
enough,determiner,A2
double,determiner,B1
enough,determiner,B2
down,preposition,A2
down,preposition,A2
everything,pronoun,A2
do,auxiliary verb,A1
do,auxiliary verb,B1
each,determiner,A1
every,determiner,A1
every,determiner,B2
congratulations,exclamation,A2
could,modal verb,A2
could,modal verb,B1
during,preposition,A2
during,preposition,A2
except,preposition,A2
each,pronoun,A1
everybody,pronoun,A2
everyone,pronoun,A2
either,pronoun,B1
goodbye,exclamation,A1
hi,exclamation,A1
hey,exclamation,A2
in,preposition,B1
good afternoon,exclamation,A1
good evening,exclamation,A1
good morning,exclamation,A1
good night,exclamation,A1
hello,exclamation,A1
hello,exclamation,A1
for,preposition,A2
in,preposition,B1
for,preposition,B2
few,determiner,B1
from,preposition,A1
from,preposition,A1
in,preposition,A1
inside,preposition,A1
into,preposition,A1
from,preposition,A2
in,preposition,A2
in,preposition,B1
from,preposition,B2
in,preposition,B1
for,preposition,A2
for,preposition,B1
including,preposition,A2
following,preposition,B2
have,auxiliary verb,A2
her,determiner,A1
his,determiner,A1
for,preposition,A1
for,preposition,A1
from,preposition,A1
from,preposition,A1
in,preposition,A1
for,preposition,A2
for,preposition,A2
for,preposition,A2
for,preposition,A2
for,preposition,A2
for,preposition,A2
in,preposition,A2
into,preposition,A2
for,preposition,B1
from,preposition,B1
in,preposition,B1
instead of,preposition,B1
into,preposition,B1
into,preposition,B1
from,preposition,B2
from,preposition,B2
from,preposition,B2
in,preposition,B2
for,preposition,C1
for,preposition,C1
in,preposition,C2
inside,preposition,C2
he,pronoun,A1
her,pronoun,A1
him,pronoun,A1
I,pronoun,A1
it,pronoun,A1
it,pronoun,A1
hers,pronoun,A2
herself,pronoun,A2
himself,pronoun,A2
his,pronoun,A2
it,pronoun,A2
herself,pronoun,B2
himself,pronoun,B2
it,pronoun,B2
it,pronoun,C2
may,modal verb,B1
OK,exclamation,A1
OK,exclamation,A2
much,determiner,C1
one,pronoun,C1
oneself,pronoun,C1
OK,exclamation,A2
on,preposition,A2
no,determiner,A2
oh,exclamation,A1
oh,exclamation,A1
out of,preposition,B2
itself,pronoun,B1
many,determiner,A1
more,determiner,A1
more,determiner,A1
much,determiner,A1
no,determiner,A1
other,determiner,A1
less,determiner,A2
most,determiner,A2
other,determiner,A2
little,determiner,B1
least,determiner,B2
near,preposition,A1
of,preposition,A1
of,preposition,A1
of,preposition,A1
on,preposition,A1
on,preposition,A1
next to,preposition,A2
of,preposition,A2
of,preposition,A2
on,preposition,A2
on,preposition,A2
opposite,preposition,A2
out of,preposition,A2
outside,preposition,A2
over,preposition,A2
of,preposition,B1
on,preposition,B1
out of,preposition,B1
out of,preposition,B1
over,preposition,B1
over,preposition,B1
less,pronoun,A2
most,pronoun,A2
nothing,pronoun,A2
other,pronoun,A2
little,pronoun,B1
none,pronoun,B1
on,preposition,A2
its,determiner,A1
my,determiner,A1
our,determiner,A1
much,determiner,A2
one,determiner,A2
most,determiner,B1
other,determiner,B1
one,determiner,B2
one,determiner,B2
one,determiner,B2
one,determiner,B2
may,modal verb,A2
might,modal verb,A2
must,modal verb,A2
may,modal verb,B1
might,modal verb,B1
must,modal verb,B1
ought to,modal verb,B1
must,modal verb,B2
ought to,modal verb,B2
of,preposition,A1
on,preposition,A1
like,preposition,A2
minus,preposition,A2
of,preposition,A2
on,preposition,A2
over,preposition,A2
like,preposition,B1
of,preposition,B1
off,preposition,B1
off,preposition,B1
on,preposition,B1
on,preposition,B1
onto,preposition,B1
out of,preposition,B1
over,preposition,B1
over,preposition,B1
like,preposition,B2
near,preposition,B2
of,preposition,B2
off,preposition,B2
on,preposition,B2
on,preposition,B2
onto,preposition,B2
out of,preposition,B2
over,preposition,B2
owing to,preposition,B2
of,preposition,C1
near,preposition,C2
over,preposition,C2
over,preposition,C2
me,pronoun,A1
itself,pronoun,A2
mine,pronoun,A2
myself,pronoun,A2
nobody,pronoun,A2
no one,pronoun,A2
one,pronoun,A2
ours,pronoun,A2
ourselves,pronoun,A2
nothing,pronoun,B1
least,pronoun,B2
most,pronoun,B2
myself,pronoun,B2
neither,pronoun,B2
next,pronoun,B2
regarding,preposition,B1
right,exclamation,A2
please,exclamation,A1
pardon,exclamation,A2
past,preposition,A2
round,preposition,A2
plenty,pronoun,B1
past,preposition,A1
per,preposition,A2
plus,preposition,A2
round,preposition,B1
past,preposition,B2
thanks,exclamation,A1
thank you,exclamation,A1
thank you,exclamation,A2
shall,modal verb,A2
to,preposition,A2
towards,preposition,B2
some,determiner,A1
several,determiner,A2
some,determiner,B2
to,preposition,A1
through,preposition,A2
to,preposition,B1
throughout,preposition,C1
some,pronoun,A1
some,pronoun,A1
something,pronoun,A1
to,preposition,B1
that,determiner,A1
that,determiner,A1
the,determiner,A1
the,determiner,A1
the,determiner,A1
their,determiner,A1
these,determiner,A1
this,determiner,A1
this,determiner,A1
this,determiner,A1
those,determiner,A1
the,determiner,A2
the,determiner,B1
their,determiner,B1
such,determiner,B2
the,determiner,B2
the,determiner,B2
some,determiner,C1
should,modal verb,A2
should,modal verb,B1
should,modal verb,B1
than,preposition,A1
to,preposition,A1
since,preposition,A2
than,preposition,A2
till,preposition,A2
through,preposition,B1
through,preposition,B1
to,preposition,B1
to,preposition,B1
to,preposition,B1
to,preposition,B1
towards,preposition,B1
throughout,preposition,B2
times,preposition,B2
to,preposition,B2
towards,preposition,C1
towards,preposition,C1
she,pronoun,A1
that,pronoun,A1
that,pronoun,A1
them,pronoun,A1
they,pronoun,A1
somebody,pronoun,A2
someone,pronoun,A2
that,pronoun,A2
theirs,pronoun,A2
themselves,pronoun,A2
this,pronoun,A2
this,pronoun,A2
this,pronoun,A2
that,pronoun,B1
them,pronoun,B1
they,pronoun,B1
that,pronoun,B2
that,pronoun,B2
themselves,pronoun,B2
they,pronoun,B2
such,pronoun,C2
wow,exclamation,A2
yeah,exclamation,A2
upon,preposition,B2
whom,pronoun,B2
well,exclamation,A1
welcome,exclamation,A2
will,modal verb,A2
via,preposition,B1
which,pronoun,B1
whatever,pronoun,B2
under,preposition,A1
with,preposition,A1
under,preposition,A2
without,preposition,A2
underneath,preposition,B1
with,preposition,B1
within,preposition,B1
within,preposition,B2
versus,preposition,C1
via,preposition,B1
unlike,preposition,B2
unlike,preposition,C2
what,determiner,A1
which,determiner,A1
your,determiner,A1
what,determiner,B1
whose,determiner,B1
whose,determiner,B1
your,determiner,B1
whatever,determiner,B2
whichever,determiner,B2
whichever,determiner,B2
will,modal verb,A1
will,modal verb,A2
will,modal verb,A2
would,modal verb,B1
would,modal verb,B1
would,modal verb,B1
would,modal verb,B1
would,modal verb,B2
until,preposition,A1
with,preposition,A1
until,preposition,A2
up,preposition,A2
with,preposition,A2
with,preposition,B1
within,preposition,B1
under,preposition,B2
with,preposition,B2
with,preposition,B2
versus,preposition,C1
within,preposition,C1
us,pronoun,A1
we,pronoun,A1
what,pronoun,A1
who,pronoun,A1
you,pronoun,A1
which,pronoun,A2
which,pronoun,A2
who,pronoun,A2
you,pronoun,A2
yours,pronoun,A2
yourself,pronoun,A2
we,pronoun,B1
what,pronoun,B1
whatever,pronoun,B1
who,pronoun,B1
whose,pronoun,B1
which,pronoun,B2
which,pronoun,B2
whichever,pronoun,B2
whoever,pronoun,B2
whoever,pronoun,B2
yourself,pronoun,B2
yourself,pronoun,B2
get sth off your chest,phrase,C2
how come,phrase,C1
I bet (you),phrase,B1
a bit,phrase,A2
quite a bit,phrase,B1
be on the ball,phrase,C1
in attendance,phrase,C2
sb's call,phrase,B1
a bit,phrase,B2
not have a clue,phrase,B2
drive/send sb round the bend,phrase,C2
be in sb's good/bad books,phrase,C2
have a chip on your shoulder,phrase,C2
be a piece of cake,phrase,B2
"appear in/at/on, etc.",phrase,B1
"capture sb/sth on camera/film, etc.",phrase,B2
be out of breath,phrase,B2
hold your breath,phrase,B2
catch your breath; get your breath back,phrase,C1
a call for sth,phrase,C1
round of applause,phrase,C2
under your breath,phrase,C2
the basics,phrase,B2
come to think of it,phrase,C2
believe it or not,phrase,B1
would appreciate,phrase,B2
I/We appreciate...,phrase,B2
"I don't blame him/them/you, etc.",phrase,C2
the back,phrase,A2
back to front,phrase,C2
a breath of fresh air,phrase,C2
a bite (to eat),phrase,C2
hot chocolate,phrase,A2
tighten your belt,phrase,C2
avoid doing sth,phrase,B2
take your breath away,phrase,B2
in cold blood,phrase,C2
"bubble (over) with confidence/enthusiasm, etc.",phrase,C1
"be bursting with confidence/joy, etc.",phrase,C2
"come after/first/last, etc.",phrase,B1
make allowances for sb/sth,phrase,C2
a sales/shop assistant,phrase,A2
the cleaner's,phrase,C1
pay attention (to sth),phrase,B1
attract/get (sb's) attention,phrase,B2
draw (sb's) attention to sth/sb,phrase,B2
in anticipation (of),phrase,C2
be the centre of attention,phrase,C2
be authorized to do sth,phrase,C1
by accident,phrase,B1
behind bars,phrase,B2
"on a daily/monthly/regular, etc. basis",phrase,B2
at an angle,phrase,C1
on the basis of sth,phrase,C1
"a bit of a change/fool/problem, etc.",phrase,C1
bit by bit,phrase,C1
arm in arm,phrase,C2
behind sb's back,phrase,C2
turn your back on sb/sth,phrase,C2
into the bargain,phrase,C2
keep/hold sth at bay,phrase,C2
your best bet,phrase,C2
a safe bet,phrase,C2
bits and pieces,phrase,C2
body and soul,phrase,C2
"a book of stamps/tickets, etc.",phrase,C2
the bush,phrase,C2
the turn of the century,phrase,C2
beat about/around the bush,phrase,C1
around/round the clock,phrase,C1
(keep sb) at arm's length,phrase,C2
be (like) water off a duck's back,phrase,C2
set/start the ball rolling,phrase,C2
recharge your batteries,phrase,C2
ring a bell,phrase,C2
rock the boat,phrase,C2
be in the same boat,phrase,C2
miss the boat,phrase,C2
keep body and soul together,phrase,C2
do sth by the book,phrase,C2
be on the cards,phrase,C2
take a deep breath,phrase,B2
be in awe of sb,phrase,C2
the beauty of sth,phrase,C2
new blood,phrase,C1
make your blood run cold,phrase,C2
make your blood boil,phrase,C2
your own flesh and blood,phrase,C2
with bated breath,phrase,C2
hold your breath,phrase,C2
an appetite for something,phrase,C2
give sb the benefit of the doubt,phrase,C2
for sb's benefit,phrase,C2
out of the blue,phrase,C1
a bone of contention,phrase,C2
sell like hot cakes,phrase,C2
come true,phrase,B1
it appears (that),phrase,B2
it would appear (that),phrase,C1
come easily/easy/naturally,phrase,C1
come first,phrase,C1
come to mind,phrase,C1
when it comes to sth/doing sth,phrase,C1
"arrive at an answer/conclusion/decision, etc.",phrase,C2
come to do sth,phrase,C2
"come apart/off, etc.",phrase,C2
come into being,phrase,C2
come to light,phrase,C2
come to the/sb's rescue,phrase,C2
take sth as it comes,phrase,C2
come to terms with sth,phrase,C2
come under fire,phrase,C2
not believe your eyes/ears,phrase,B1
"bring (sb) happiness/luck/peace, etc.",phrase,B1
be absorbed in sth,phrase,B2
be to blame,phrase,C1
bring sth to an end,phrase,C1
to cap it all,phrase,C1
capture sb's attention/ imagination/ interest,phrase,C1
"assume control/power/responsibility, etc.",phrase,C2
"attach importance/value, etc. to sb/sth",phrase,C2
bring out the best in sb,phrase,C2
bring sth to light,phrase,C2
bury yourself in sth,phrase,C2
bury your face/head in sth,phrase,C2
be calculated to do sth,phrase,C2
bring a lump to your throat,phrase,C2
carry weight,phrase,C2
choose to do sth,phrase,B1
burst into flames,phrase,C2
the army,phrase,B1
back up sth or back sth up,phrasal verb,C2
catch up with sb,phrasal verb,B1
Take care!,phrase,A2
Don't ask!,phrase,B2
Don't ask me,phrase,B2
Who cares?,phrase,B2
"I/he, etc. couldn't care less",phrase,C1
adverse conditions/effect(s)/impact,phrase,C2
an awful lot (of sth),phrase,B2
chip in (sth),phrasal verb,C2
a bundle of energy/nerves,phrase,C2
your big brother/sister,phrase,A2
in accordance with sth,phrase,C1
as yet,phrase,C1
be at liberty to do sth,phrase,C2
by virtue of sth,phrase,C2
check sth out or check out sth,phrasal verb,C1
check sth out or check out sth,phrasal verb,C1
catch on,phrasal verb,C2
not/never get anywhere,phrase,B2
can't be bothered,phrase,B2
in a big way,phrase,C2
blow it/your chance(s),phrase,C2
blow it/your chance(s),phrase,C2
get your act together,phrase,C2
blow your mind,phrase,C2
call it a day,phrase,C2
be on cloud nine,phrase,C2
"at the tender age of 8/17/25, etc.",phrase,C2
"at the tender age of 8/17/25, etc.",phrase,C2
capable of sth/doing sth,phrase,B2
classical music,phrase,A2
be ashamed of sb,phrase,B2
in addition (to),phrase,B1
Absolutely!,phrase,C1
certainly not,phrase,C1
Absolutely not.,phrase,C2
arts,phrase,B2
the charts,phrase,B2
on air,phrase,C1
burn out,phrasal verb,B2
care for sb/sth,phrasal verb,B2
be born,phrase,A2
"break your arm/leg, etc.",phrase,A2
"a broken arm/leg, etc.",phrase,A2
blow your nose,phrase,B1
take care of sb/sth,phrase,B1
give birth,phrase,B2
call in sick,phrase,B2
a change of clothes,phrase,A2
call back (sb) or call (sb) back,phrasal verb,A2
bring up sth or bring sth up,phrasal verb,B2
burst out,phrasal verb,B2
catch up,phrasal verb,B2
chat sb up or chat up sb,phrasal verb,B2
clear up sth or clear sth up,phrasal verb,B2
account for sth,phrasal verb,C2
back up sb or back sb up,phrasal verb,C2
burst out,phrasal verb,C2
butt in,phrasal verb,C2
call for sth,phrasal verb,C2
as well,phrase,A1
How/What about ...?,phrase,A2
I'm afraid...,phrase,A2
all the best,phrase,A2
that's all right,phrase,A2
that's alright,phrase,A2
all the best,phrase,A2
How/What about ...?,phrase,B1
after all,phrase,B1
after all,phrase,B1
apart from,phrase,B1
as long as,phrase,B1
at least,phrase,B1
too bad,phrase,B1
in actual fact,phrase,B2
all in all,phrase,B2
among other things,phrase,B2
as for,phrase,B2
as a matter of fact,phrase,B2
as follows,phrase,B2
as far as I know,phrase,B2
aside from sth,phrase,B2
at least,phrase,B2
on balance,phrase,B2
to begin with,phrase,B2
in brief,phrase,B2
be none of sb's business,phrase,B2
by far,phrase,B2
in any case,phrase,B2
in that case,phrase,B2
"catch sb's attention, interest, etc.",phrase,B2
change the subject,phrase,B2
all things considered,phrase,C1
too bad,phrase,C1
before you know it,phrase,C1
"broken English/Spanish, etc.",phrase,C1
if you ask me,phrase,C2
at this rate,phrase,C2
at any rate,phrase,C2
mind your own business,phrase,C2
by any chance,phrase,C2
by any chance,phrase,C2
No chance!/ Not a chance!,phrase,C2
clear the air,phrase,C2
clear the air,phrase,C2
break in or break into sth,phrasal verb,B1
against the law,phrase,B2
break the law,phrase,B2
press charges,phrase,C2
"there is/there are/there was, etc.",phrase,A1
and so on,phrase,A2
at least,phrase,A2
not (too) bad,phrase,A2
be bad for sb/sth,phrase,A2
by the way,phrase,A2
at least,phrase,B1
on average,phrase,B2
at the very least,phrase,C1
all shapes and sizes,phrase,C2
"bear a/no resemblance/relation, etc. to sb/sth",phrase,C2
a breath of fresh air,phrase,C2
break up,phrasal verb,B1
arts,phrase,C1
"an army/prison/refugee, etc. camp",phrase,B2
break even,phrase,C1
blow away (sth) or blow (sth) away,phrasal verb,B1
blow down (sth) or blow (sth) down,phrasal verb,B1
clear up,phrasal verb,B2
the cold,phrase,B1
the atmosphere,phrase,B2
bring back sth or bring sth back,phrasal verb,A2
add up (sth) or add (sth) up,phrasal verb,B1
blow up (sth/sb) or blow (sth/sb) up,phrasal verb,B1
call for sb,phrasal verb,B1
carry on (sth) or carry (sth) on,phrasal verb,B1
carry out sth or carry sth out,phrasal verb,B1
come along,phrasal verb,B1
back up sb or back sb up,phrasal verb,B2
beat up sb or beat sb up,phrasal verb,B2
blow up sth or blow sth up,phrasal verb,B2
break through sth,phrasal verb,B2
burst into sth,phrasal verb,B2
call back,phrasal verb,B2
call in,phrasal verb,B2
call off sth or call sth off,phrasal verb,B2
catch up (sb) or catch (sb) up,phrasal verb,B2
catch up on/with sth,phrasal verb,B2
clear up (sth) or clear (sth) up,phrasal verb,B2
come across sb/sth,phrasal verb,B2
clean (sth/sb) up,phrasal verb,C1
clean (sth/sb) up,phrasal verb,C1
clear sth away or clear away sth,phrasal verb,C1
close off sth or close sth off,phrasal verb,C1
back off,phrasal verb,C2
back out,phrasal verb,C2
chop sth down or chop down sth,phrasal verb,C2
clean sth out or clean out sth,phrasal verb,C2
"bounce along/around/into, etc.",phrase,B2
break a record,phrase,B2
bump against/into sth,phrase,B2
take charge,phrase,B2
"chase sb/sth away/off/out, etc.",phrase,B2
"climb into/out of/through, etc.",phrase,B2
"brush sth away/off, etc.",phrase,C1
cast a/your vote,phrase,C2
believe in sth,phrasal verb,B1
believe in sth/doing sth,phrasal verb,B2
be/get carried away,phrasal verb,B2
chill out,phrasal verb,B2
come across,phrasal verb,C1
feel bad about sth/doing sth,phrase,B1
change your mind,phrase,B1
assert yourself,phrase,C2
bear a grudge,phrase,C2
be beside yourself (with sth),phrase,C2
in cold blood,phrase,C2
break up,phrasal verb,B1
bring up sb or bring sb up,phrasal verb,B1
cheat on sb,phrasal verb,B2
associate with sb,phrasal verb,C2
a broken home,phrase,C2
bring out sth or bring sth out,phrasal verb,B2
"2/5/8, etc. all",phrase,B1
break down,phrasal verb,B1
bounce back,phrasal verb,C2
call up sth or call sth up,phrasal verb,C2
book sb in or book sb into sth,phrasal verb,B1
on board,phrase,B1
act as sth,phrasal verb,B2
be in charge,phrase,B1
keep sb amused,phrase,B2
a balanced diet/meal,phrase,B2
accustomed to sth/doing sth,phrase,C1
armed with sth,phrase,C2
behind closed doors,phrase,C2
"I/you/he, etc. had better do sth",phrase,A2
know better,phrase,C2
a burning issue/question,phrase,C1
"burning ambition/desire, etc.",phrase,C1
"an aspiring actor/politician/writer, etc.",phrase,C2
legal action,phrase,C1
out of action,phrase,C1
course of action,phrase,C1
in association with,phrase,C1
throw caution to the wind,phrase,C2
an authority on sth,phrase,C2
belong to sb,phrasal verb,A2
base sth on sth,phrasal verb,B1
belong to sth,phrasal verb,B1
blow out (sth) or blow (sth) out,phrasal verb,B1
check in,phrasal verb,B1
check in/check into sth,phrasal verb,B1
check out,phrasal verb,B1
add to sth,phrasal verb,B2
agree with sth,phrasal verb,B2
back up (sth) or back (sth) up,phrasal verb,B2
break off (sth) or break (sth) off,phrasal verb,B2
break out,phrasal verb,B2
burn down (sth) or burn (sth) down,phrasal verb,B2
burn up sth or burn sth up,phrasal verb,B2
burst into sth,phrasal verb,B2
calm down (sb) or calm (sb) down,phrasal verb,B2
cheer up (sb) or cheer (sb) up,phrasal verb,B2
close down (sth) or close (sth) down,phrasal verb,B2
bounce back,phrasal verb,C1
brush up (on) sth,phrasal verb,C1
build (sth) up or build up (sth),phrasal verb,C1
bump into sb,phrasal verb,C1
call off sth or call sth off,phrasal verb,C1
call on sb to do sth,phrasal verb,C1
catch on,phrasal verb,C1
catch up (sb) or catch (sb) up,phrasal verb,C1
cater for sb/sth,phrasal verb,C1
cater to sb/sth,phrasal verb,C1
check (up) on sth,phrasal verb,C1
assign sb to sth,phrasal verb,C2
attribute sth to sth,phrasal verb,C2
be called up,phrasal verb,C2
be/get caught up in sth,phrasal verb,C2
catch up with sb,phrasal verb,C2
cheer sb on or cheer on sb,phrasal verb,C2
cling (on) to sth,phrasal verb,C2
close in,phrasal verb,C2
come about,phrasal verb,C2
come across,phrasal verb,C2
"I am Spanish/a teacher, etc.",phrase,A1
be called sth,phrase,A1
be able to do sth,phrase,A2
all sorts of sth,phrase,A2
all the time,phrase,A2
all over somewhere,phrase,A2
any more,phrase,A2
as well as,phrase,A2
as ... as,phrase,A2
"as much/quickly/soon, etc. as possible",phrase,A2
as usual,phrase,A2
have/has been to,phrase,A2
"become available/rich/a writer, etc.",phrase,A2
best wishes,phrase,A2
be (just) about to do sth,phrase,B1
above all,phrase,B1
in advance,phrase,B1
take advantage of sth,phrase,B1
can afford,phrase,B1
"day after day/year after year, etc.",phrase,B1
again and again,phrase,B1
once again,phrase,B1
aim to do sth,phrase,B1
at all,phrase,B1
above all,phrase,B1
all is well,phrase,B1
and all that,phrase,B1
can/could always do sth,phrase,B1
one another,phrase,B1
as soon as,phrase,B1
at all,phrase,B1
"at his/its, etc. best",phrase,B1
at (long) last,phrase,B1
at first,phrase,B1
at the same time,phrase,B1
at once,phrase,B1
at present,phrase,B1
"attend a church/college/school, etc.",phrase,B1
"attract attention/interest, etc.",phrase,B1
"two weeks/five hours, etc. away",phrase,B1
begin with sth,phrase,B1
to begin with,phrase,B1
the best,phrase,B1
"at his/its, etc. best",phrase,B1
do/try your best,phrase,B1
"a broad range/variety, etc.",phrase,B1
"by accident/mistake, etc.",phrase,B1
by hand,phrase,B1
in case of sth,phrase,B1
(just) in case,phrase,B1
catch fire,phrase,B1
accept responsibility/blame,phrase,B2
take account of sth,phrase,B2
take into account sth,phrase,B2
on account of sth,phrase,B2
take advantage of sb/sth,phrase,B2
all over again,phrase,B2
yet again,phrase,B2
be aimed at sb,phrase,B2
the air,phrase,B2
in all,phrase,B2
all of a sudden,phrase,B2
all over again,phrase,B2
all along,phrase,B2
all over the place,phrase,B2
leave sb alone,phrase,B2
all along,phrase,B2
along with sb/sth,phrase,B2
"among the best/worst/biggest, etc.",phrase,B2
or anything,phrase,B2
anything like,phrase,B2
be around,phrase,B2
as a result of sth,phrase,B2
as a whole,phrase,B2
as if/as though,phrase,B2
as far as sb is concerned,phrase,B2
as far as sth is concerned,phrase,B2
be associated with sth,phrase,B2
at all costs,phrase,B2
at sb's disposal,phrase,B2
at fault,phrase,B2
at risk,phrase,B2
be attracted to sb,phrase,B2
be based at/in/etc.,phrase,B2
bear (sb/sth) in mind,phrase,B2
on behalf of sb or on sb's behalf,phrase,B2
behind bars,phrase,B2
make the best of sth,phrase,B2
"beyond my/our, etc. control",phrase,B2
"American/Italian, etc. by birth",phrase,B2
go blank,phrase,B2
bound to do sth,phrase,B2
"break an agreement/promise, etc.",phrase,B2
a broken heart,phrase,B2
by heart,phrase,B2
"day by day/little by little/one by one, etc.",phrase,B2
be the case,phrase,B2
a certain,phrase,B2
by all accounts,phrase,C1
after all,phrase,C1
have sth against sb/sth,phrase,C1
long ago,phrase,C1
ahead of time/schedule,phrase,C1
in aid of sb/sth,phrase,C1
with the aid of sth,phrase,C1
after all,phrase,C1
all hours,phrase,C1
all at once,phrase,C1
be all very well,phrase,C1
be all set,phrase,C1
let alone,phrase,C1
"alternate days/weeks/years, etc.",phrase,C1
anywhere near sth,phrase,C1
as it happens,phrase,C1
as many as,phrase,C1
at an angle,phrase,C1
at the expense of sth,phrase,C1
at a glance,phrase,C1
at hand,phrase,C1
at short notice,phrase,C1
at once,phrase,C1
all at once,phrase,C1
at random,phrase,C1
at times,phrase,C1
back road/street,phrase,C1
strike a balance,phrase,C1
bear left/right,phrase,C1
behind the times,phrase,C1
the next best thing,phrase,C1
(have) the best of both worlds,phrase,C1
the blind,phrase,C1
(have) the best of both worlds,phrase,C1
in bulk,phrase,C1
the bulk of sth,phrase,C1
by all accounts,phrase,C1
by and large,phrase,C1
by law,phrase,C1
by way of sth,phrase,C1
"call an election/meeting, etc.",phrase,C1
take care of sth/doing sth,phrase,C1
know/say for certain,phrase,C1
class sb/sth as sth,phrase,C1
crystal clear,phrase,C1
be/come close to doing sth,phrase,C1
be close to sth,phrase,C1
of your own accord,phrase,C2
on no account; not on any account,phrase,C2
add insult to injury,phrase,C2
cannot afford,phrase,C2
then/there again,phrase,C2
"against sb's advice/wishes, etc.",phrase,C2
against all (the) odds,phrase,C2
be aimed at doing sth,phrase,C2
raise the alarm,phrase,C2
for all,phrase,C2
"all the better/easier/more exciting, etc.",phrase,C2
all but,phrase,C2
along the lines of sth,phrase,C2
at one time or another,phrase,C2
apply yourself,phrase,C2
as opposed to,phrase,C2
do sth as you see/think fit,phrase,C2
as the/its name implies,phrase,C2
as it stands,phrase,C2
ask yourself sth,phrase,C2
fast asleep,phrase,C2
aspire to sth; aspire to do sth,phrase,C2
"assert your authority/control/independence, etc.",phrase,C2
at best,phrase,C2
at the best of times,phrase,C2
at a disadvantage,phrase,C2
at the latest,phrase,C2
at length,phrase,C2
at a loss,phrase,C2
at a loss for words,phrase,C2
be at the mercy of sb/sth,phrase,C2
at the earliest,phrase,C2
at sb's expense,phrase,C2
at the hands of sb,phrase,C2
at heart,phrase,C2
at issue,phrase,C2
be at a premium,phrase,C2
at your own risk,phrase,C2
be at stake,phrase,C2
at one time or another,phrase,C2
be wide awake,phrase,C2
back and forth,phrase,C2
"back (sth) away/into/out, etc.",phrase,C2
in the background,phrase,C2
be/hang in the balance,phrase,C2
bear fruit,phrase,C2
grin and bear it,phrase,C2
you can't beat sth,phrase,C2
what/whatever became of sb/sth,phrase,C2
long before,phrase,C2
behind sb's back,phrase,C2
come into being,phrase,C2
beyond belief,phrase,C2
beneath your dignity,phrase,C2
beside the point,phrase,C2
know best,phrase,C2
at best,phrase,C2
for the best,phrase,C2
bring out the best in sb,phrase,C2
at the best of times,phrase,C2
beyond belief,phrase,C2
beyond dispute,phrase,C2
beyond (sb's) reach,phrase,C2
be blind to sth,phrase,C2
be born,phrase,C2
from top to bottom,phrase,C2
bound up with sth,phrase,C2
"sb's breadth of experience/knowledge/interest, etc.",phrase,C2
the length and breadth of sth,phrase,C2
break the news to sb,phrase,C2
break free,phrase,C2
break free,phrase,C2
"breed contempt/ignorance, etc.",phrase,C2
be on the brink of sth,phrase,C2
by all means,phrase,C2
by the same token,phrase,C2
call sb names,phrase,C2
cast your mind back,phrase,C2
cast a spell on sb,phrase,C2
cast a spell on sb,phrase,C2
cast doubt on sb/sth,phrase,C2
be/get caught,phrase,C2
catch sight of sth,phrase,C2
be the centre of attention,phrase,C2
(the) chances are,phrase,C2
stand a chance,phrase,C2
"claim credit/responsibility/success, etc.",phrase,C2
a clap of thunder,phrase,C2
crystal clear,phrase,C2
in the clear,phrase,C2
steer clear of sb/sth,phrase,C2
sb's/sth's clutches,phrase,C2
collect yourself/your thoughts,phrase,C2
break the ice,phrase,B2
break sb's heart,phrase,B2
at face value,phrase,C1
beat about/around the bush,phrase,C1
turn a blind eye (to sth),phrase,C1
take sth on board,phrase,C1
look on the bright side,phrase,C1
with flying colours,phrase,C1
across the board,phrase,C2
disappear/vanish into thin air,phrase,C2
be alive and kicking/well,phrase,C2
be poles apart,phrase,C2
be at odds with sb/sth,phrase,C2
at your fingertips,phrase,C2
at any price,phrase,C2
get/jump on the bandwagon,phrase,C2
with your bare hands,phrase,C2
behind closed doors,phrase,C2
behind the scenes,phrase,C2
your best bet,phrase,C2
beyond your wildest dreams,phrase,C2
to/till/until the bitter end,phrase,C2
in the blink of an eye,phrase,C2
across the board,phrase,C2
make your blood boil,phrase,C2
the bottom line,phrase,C2
break new ground,phrase,C2
burn the midnight oil,phrase,C2
do sth by the book,phrase,C2
catch sb's eye,phrase,C2
catch sb's eye,phrase,C2
catch sb off guard,phrase,C2
a change of heart,phrase,C2
make your blood run cold,phrase,C2
be dying for/to do sth,phrase,B1
as a consequence,phrase,C1
of little/no consequence,phrase,C1
take exception to sth,phrase,C2
to date,phrase,B2
in the event of sth,phrase,C1
excel yourself,phrase,C2
be endowed with sth,phrase,C2
dozens,phrase,C1
down the drain,phrase,C2
be down in the dumps,phrase,C2
darkness/night falls,phrase,C2
discourage sb from doing sth,phrase,B2
play sth by ear,phrase,C2
for example,phrase,A1
No comment.,phrase,C2
"to a great/large, etc. extent",phrase,B2
to some extent/to a certain extent,phrase,B2
Excuse me,phrase,A1
Excuse me,phrase,A2
"exchange looks, opinions, views, etc.",phrase,B2
set an example,phrase,B2
keep your/an eye on sb/sth,phrase,B2
fall asleep/ill,phrase,B1
cut off sb/sth or cut sb/sth off,phrasal verb,B2
devote sth to sb/sth,phrasal verb,B2
not believe your eyes,phrase,B1
not believe your ears,phrase,B2
be on edge,phrase,C2
at ease,phrase,B2
ill at ease,phrase,C2
"bored/frightened/scared, etc. to death",phrase,B2
enjoy yourself,phrase,A2
at a disadvantage,phrase,C2
at sb's disposal,phrase,B2
in confidence,phrase,C2
in conjunction with sth/sb,phrase,C2
hold a conversation,phrase,C1
make an exception,phrase,C1
out of date,phrase,B1
up to date,phrase,B1
a dose of sth,phrase,B2
be in a dream,phrase,B2
in sb's eyes,phrase,B2
have an ear for sth,phrase,C1
in any event,phrase,C1
around/round the corner,phrase,C2
a drain on sth,phrase,C2
have the edge on/over sb/sth,phrase,C2
an element of sth,phrase,C2
turn of events,phrase,C2
a/the prime example,phrase,C2
cry your eyes out,phrase,C2
eye contact,phrase,C2
the naked eye,phrase,C2
in your mind's eye,phrase,C2
roll your eyes,phrase,C2
deciding factor,phrase,C2
can't keep/take your eyes off sb/sth,phrase,B2
have an eye for sth,phrase,B2
look sb in the eye/eyes,phrase,B2
be a far cry from sth,phrase,C1
keep an eye out for sb/sth,phrase,C1
turn a blind eye (to sth),phrase,C1
be in the public eye,phrase,C1
a tight corner,phrase,C2
leave someone to their own devices,phrase,C2
behind closed doors,phrase,C2
beyond your wildest dreams,phrase,C2
not/never in your wildest dreams,phrase,C2
be (like) water off a duck's back,phrase,C2
play it by ear,phrase,C2
fall on deaf ears,phrase,C2
catch sb's eye,phrase,C2
catch sb's eye,phrase,C2
see eye to eye (with sb),phrase,C2
keep your eyes peeled (for sb/sth),phrase,C2
in the blink of an eye,phrase,C2
keep your eyes open (for sb/sth),phrase,C2
the east,phrase,A2
the East,phrase,B2
pluck up (the) courage (to do sth),phrase,C2
the deceased,phrase,C2
beneath your dignity,phrase,C2
doom and gloom,phrase,C2
be the envy of sb,phrase,C2
(be) green with envy,phrase,C2
without delay,phrase,B1
have no doubt,phrase,B1
there's no doubt,phrase,B1
by/in contrast,phrase,B2
be in doubt,phrase,B2
without (a) doubt,phrase,B2
no doubt,phrase,C1
at the expense of sth,phrase,C1
a conflict of interest,phrase,C2
to death,phrase,C2
put sb to death,phrase,C2
a matter of life and/or death,phrase,C2
beyond dispute,phrase,C2
cast doubt on sth,phrase,C2
beyond/without a/the shadow of a doubt,phrase,C2
margin of error,phrase,C2
trial and error,phrase,C2
at sb's expense,phrase,C2
ethics,phrase,C2
the extent to which,phrase,C2
fall in love,phrase,B1
"(be) concentrated around/in/on, etc.",phrase,C1
fall flat,phrase,C1
be crawling with sb/sth,phrase,C2
"drift across/down/towards, etc.",phrase,C2
fall prey to sth,phrase,C2
fall short of sth,phrase,C2
fall short of sth,phrase,C2
fall on deaf ears,phrase,C2
fall into place,phrase,C2
be exposed to sth,phrase,B2
"divert sb's attention/thoughts, etc.",phrase,C1
exceed sb's expectations,phrase,C1
exceed the speed limit,phrase,C1
be confronted by/with sth,phrase,C2
be consumed by/with sth,phrase,C2
"defy belief/description/explanation, etc.",phrase,C2
I dread to think,phrase,C2
crack a joke,phrase,C1
wouldn't dream of doing sth,phrase,C2
cut off sb/sth or cut sb/sth off,phrasal verb,B2
crack up,phrasal verb,C2
fair enough,phrase,B2
fair enough,phrase,B2
"I/he, etc. couldn't care less",phrase,C1
"how/what/why, etc. on earth?",phrase,C1
Don't you dare,phrase,C2
"drive sb mad/crazy, etc.",phrase,B2
at your convenience,phrase,B2
consistent with sth,phrase,C2
"not exactly easy/new/rich, etc.",phrase,C1
feel compelled to do sth,phrase,C1
endeavour to do sth,phrase,C1
with the compliments of sb,phrase,C2
be disposed to do sth,phrase,C2
crack (sb) up,phrasal verb,C2
no end,phrase,B2
I expect,phrase,B2
like crazy,phrase,C1
far from it,phrase,C1
come in handy,phrase,C2
drop dead,phrase,C2
drop dead,phrase,C2
odds and ends,phrase,C2
so far so good,phrase,C2
keep your fingers crossed/ cross your fingers,phrase,C2
call it a day,phrase,C2
down under,phrase,C2
down the drain,phrase,C2
be down in the dumps,phrase,C2
the dawn of sth,phrase,C1
likes and dislikes,phrase,B1
In conclusion,phrase,B2
jump to conclusions,phrase,C2
"comparative comfort/freedom/silence, etc.",phrase,C2
not exactly,phrase,B2
Yours faithfully,phrase,B2
definitely not,phrase,C1
"comparatively cheap/easy/little, etc.",phrase,C1
be conscious of/that,phrase,B2
on display,phrase,B1
come down with sth,phrasal verb,B2
come round,phrasal verb,C1
be expecting (a baby),phrase,B2
feel faint,phrase,C2
come up,phrasal verb,B2
come up with sth,phrasal verb,B2
come out,phrasal verb,C2
cry out (sth),phrasal verb,C2
of course,phrase,A1
of course not,phrase,A2
Oh dear!,phrase,A2
details,phrase,A2
"don't you?/do you?/doesn't she?/does she?, etc.",phrase,A2
Do you mind ...?,phrase,A2
Come on!,phrase,B1
of course,phrase,B1
due to,phrase,B1
in fact,phrase,B1
go into detail/s,phrase,B2
even if,phrase,B2
even though,phrase,B2
in actual fact,phrase,B2
as a matter of fact,phrase,B2
the fact (of the matter) is,phrase,B2
as far as I know,phrase,B2
as far as sb is concerned,phrase,B2
as far as sth is concerned,phrase,B2
by far,phrase,B2
compare notes,phrase,C1
all things considered,phrase,C1
"How dare she/you, etc.",phrase,C1
pay sb a compliment,phrase,C2
drop it/the subject,phrase,C2
I fail to see/understand,phrase,C2
the defence,phrase,C2
a good/great deal,phrase,B2
"one metre/6 ft, etc. deep",phrase,B2
a good deal,phrase,C1
do badly/well,phrase,B1
"the English/law/science, etc. faculty",phrase,C1
the dishes,phrase,A2
come down,phrasal verb,B2
come into sth,phrasal verb,C2
break even,phrase,C1
make ends meet,phrase,C1
come out,phrasal verb,B1
come up,phrasal verb,B2
the country,phrase,A2
before/after dark,phrase,B1
the environment,phrase,B1
come back,phrasal verb,A2
come in,phrasal verb,A2
come round,phrasal verb,A2
cut up sth or cut sth up,phrasal verb,B1
deal with sth,phrasal verb,B1
fall down,phrasal verb,B1
fall over,phrasal verb,B1
come up,phrasal verb,B2
cut across sth,phrasal verb,B2
cut down sth or cut sth down,phrasal verb,B2
cut down sth or cut sth down,phrasal verb,B2
devote sth to sb/sth,phrasal verb,B2
do up sth or do sth up,phrasal verb,B2
cover sth up or cover up sth,phrasal verb,C1
cut out sth or cut sth out,phrasal verb,C1
devote yourself to sth,phrasal verb,C1
"do the cleaning/cooking, etc.",phrase,A1
take it/things easy,phrase,B1
dig a hole/tunnel,phrase,B2
"do damage/harm, etc.",phrase,B2
"draw into/out/away, etc.",phrase,B2
draw (sb's) attention to sth/sb,phrase,B2
fail to do sth,phrase,B2
"fasten sth on/to/together, etc.",phrase,B2
divide sth (up) among/between sb,phrase,C1
"creep along/down/in/out, etc.",phrase,C2
"drag sb along/out/to, etc.",phrase,C2
"dump sth on/in/down, etc.",phrase,C2
(be) in your eighties,phrase,B2
the elder,phrase,B2
the eldest,phrase,B2
cool down/off (sb/sth) or cool (sb/sth) down/off,phrasal verb,B2
face up to sth,phrasal verb,B2
dare (to) do sth,phrase,B2
deep down,phrase,B2
can't face sb/sth/doing sth,phrase,B2
be familiar with sth/sb,phrase,B2
be good company,phrase,C1
not be cut out to be sth/not be cut out for sth,phrase,C2
"a display of affection/anger, etc.",phrase,C2
the far left/right,phrase,C2
depend on/upon sb/sth,phrasal verb,B2
come between sb,phrasal verb,C2
be crazy about sb/sth,phrase,A2
keep sb company,phrase,B2
come up,phrasal verb,C1
what does sb do?,phrase,A1
on/off duty,phrase,B2
conventional wisdom,phrase,C1
as far as sb is concerned,phrase,B2
as far as sth is concerned,phrase,B2
be concerned with sth,phrase,C1
an educated guess,phrase,C2
make a (big) difference,phrase,B2
make no difference/not make any difference,phrase,B2
tell the difference,phrase,C1
dependent on/upon sth,phrase,C1
be/run counter to sth,phrase,C2
conditions,phrase,B1
on condition that,phrase,B2
in connection with sth,phrase,B2
take sth into consideration,phrase,B2
in sb's direction,phrase,B2
exceed sb's expectations,phrase,C1
lead sb to a conclusion,phrase,C2
exclusive of sth,phrase,C2
familiarize sb/yourself with sth,phrase,C2
daily life,phrase,B1
"easily the best/worst/biggest, etc.",phrase,C2
"a conscious decision/choice/effort, etc.",phrase,C2
come from swh/sth,phrasal verb,A1
come out,phrasal verb,B1
complain of sth,phrasal verb,B1
consist of sth,phrasal verb,B1
depend on/upon sb/sth,phrasal verb,B1
eat out,phrasal verb,B1
end up,phrasal verb,B1
come along,phrasal verb,B2
come down,phrasal verb,B2
come out,phrasal verb,B2
come to sth,phrasal verb,B2
come to sth,phrasal verb,B2
cool down/off (sb/sth) or cool (sb/sth) down/off,phrasal verb,B2
count on sb,phrasal verb,B2
count on sth,phrasal verb,B2
cut down sth or cut sth down,phrasal verb,B2
date back,phrasal verb,B2
date from sth,phrasal verb,B2
deal with sb,phrasal verb,B2
depend on/upon sb/sth,phrasal verb,B2
die out,phrasal verb,B2
do without (sb/sth),phrasal verb,B2
eat up (sth) or eat (sth) up,phrasal verb,B2
fade away,phrasal verb,B2
fall apart,phrasal verb,B2
fall apart,phrasal verb,B2
fall for sb,phrasal verb,B2
fall out,phrasal verb,B2
fall through,phrasal verb,B2
come off,phrasal verb,C1
come on,phrasal verb,C1
come over,phrasal verb,C1
come over sb,phrasal verb,C1
come under sth,phrasal verb,C1
come under sth,phrasal verb,C1
come up,phrasal verb,C1
come up,phrasal verb,C1
come up against sth,phrasal verb,C1
cut across sth,phrasal verb,C1
cut out sth or cut sth out,phrasal verb,C1
derive (sth) from sth,phrasal verb,C1
dispose of sth,phrasal verb,C1
do away with sth,phrasal verb,C1
draw on sth,phrasal verb,C1
draw sth up or draw up sth,phrasal verb,C1
dwell on/upon sth,phrasal verb,C1
come along,phrasal verb,C2
come by sth,phrasal verb,C2
come down to sth/doing sth,phrasal verb,C2
come in,phrasal verb,C2
come in for sth,phrasal verb,C2
come out,phrasal verb,C2
come out,phrasal verb,C2
come out,phrasal verb,C2
come out of sth,phrasal verb,C2
come over,phrasal verb,C2
come round,phrasal verb,C2
come through,phrasal verb,C2
come through (sth),phrasal verb,C2
count sb in,phrasal verb,C2
count towards sth,phrasal verb,C2
count up sb/sth or count sb/sth up,phrasal verb,C2
cover (sth) up or cover up (sth),phrasal verb,C2
crack down,phrasal verb,C2
be crying out for sth,phrasal verb,C2
cut back (sth),phrasal verb,C2
dawn on sb,phrasal verb,C2
be descended from sb/sth,phrasal verb,C2
die down,phrasal verb,C2
dive into sth,phrasal verb,C2
dole sth out,phrasal verb,C2
drift apart,phrasal verb,C2
drift off,phrasal verb,C2
drive sb/sth out,phrasal verb,C2
dry up,phrasal verb,C2
engage in sth,phrasal verb,C2
fall back on sb/sth,phrasal verb,C2
these days,phrase,A2
one day,phrase,A2
each other,phrase,A2
have sth in common,phrase,B1
go crazy,phrase,B1
the dark,phrase,B1
the other day,phrase,B1
one day/some day/one of these days,phrase,B1
for days,phrase,B1
it/that depends,phrase,B1
in detail,phrase,B1
"do your hair/make-up, etc.",phrase,B1
do your best,phrase,B1
drag and drop,phrase,B1
drag and drop,phrase,B1
a sound/special/visual effect,phrase,B1
either... or,phrase,B1
either way,phrase,B1
elder sister/brother/son/daughter,phrase,B1
"eldest child/brother/daughter, etc.",phrase,B1
in the end,phrase,B1
not even,phrase,B1
hardly ever,phrase,B1
ever since,phrase,B1
for ever,phrase,B1
except that,phrase,B1
be expecting sb/sth,phrase,B1
make a face,phrase,B1
so far,phrase,B1
be coming up,phrase,B2
common knowledge,phrase,B2
compared to/with sb/sth,phrase,B2
consider sb/sth (to be) sth,phrase,B2
on the contrary,phrase,B2
beyond your/out of control,phrase,B2
under control,phrase,B2
take control,phrase,B2
at all costs,phrase,B2
could have,phrase,B2
couldn't have,phrase,B2
in due course,phrase,B2
in those days,phrase,B2
take a deep breath,phrase,B2
a deep sleep,phrase,B2
"deliver a speech/talk, etc.",phrase,B2
in depth,phrase,B2
be designed for/to do sth,phrase,B2
despite the fact that,phrase,B2
be a disgrace,phrase,B2
do sb good,phrase,B2
be/have to do with sth,phrase,B2
draw a conclusion,phrase,B2
draw near/close,phrase,B2
in due course,phrase,B2
earn a/your living,phrase,B2
the eighties,phrase,B2
"either side/end, etc.",phrase,B2
or else,phrase,B2
"for hours/days, etc. on end",phrase,B2
put an end to sth,phrase,B2
strangely enough,phrase,B2
ever so,phrase,B2
be/mean everything,phrase,B2
despite the fact that,phrase,B2
failure to do sth,phrase,B2
in common with sb/sth,phrase,C1
to the contrary,phrase,C1
contrary to sth,phrase,C1
course of action,phrase,C1
during/in/over the course of sth,phrase,C1
a matter of course,phrase,C1
the cream of sth,phrase,C1
crystal clear,phrase,C1
dare sb to do sth,phrase,C1
days,phrase,C1
the old days,phrase,C1
be dead (set) against sth/doing sth,phrase,C1
"deadly dull/serious, etc.",phrase,C1
dedicate your life/yourself to sth,phrase,C1
in demand,phrase,C1
put sb in a difficult position,phrase,C1
"direct sth against/at/towards, etc. sb/sth",phrase,C1
will do,phrase,C1
do your utmost,phrase,C1
drive sb to sth; drive sb to do sth,phrase,C1
be due for sth,phrase,C1
have little/no effect,phrase,C1
take effect,phrase,C1
the elderly,phrase,C1
bring sth to an end,phrase,C1
have had enough,phrase,C1
"establish communication/relations, etc.",phrase,C1
establish sb/sth as sth,phrase,C1
even so,phrase,C1
"better/faster/happier, etc. than ever",phrase,C1
every now and then,phrase,C1
do everything in your power to do sth,phrase,C1
far from sth,phrase,C1
how far,phrase,C1
be coming along/on,phrase,C2
come in useful,phrase,C2
conduct yourself,phrase,C2
eye contact,phrase,C2
lose count,phrase,C2
the country,phrase,C2
the crack of dawn,phrase,C2
to sb's credit,phrase,C2
cry your eyes out,phrase,C2
crystal clear,phrase,C2
cut sth short or cut short sth,phrase,C2
I dare say,phrase,C2
the crack of dawn,phrase,C2
dear to sb/sb's heart,phrase,C2
deciding factor,phrase,C2
dedicate sth to sb,phrase,C2
deep in thought/conversation,phrase,C2
a/some degree of sth,phrase,C2
"derive comfort/pleasure, etc. from sth",phrase,C2
"the desired effect/result/shape, etc.",phrase,C2
"a dim memory/recollection, etc.",phrase,C2
be a disgrace to sb/sth,phrase,C2
do sb/sth justice; do justice to sb/sth,phrase,C2
can't/couldn't very well do sth,phrase,C2
make do (with),phrase,C2
do the trick,phrase,C2
on the dot,phrase,C2
be down to sb,phrase,C2
a downward spiral,phrase,C2
"draw sth/sb across/back/over, etc.",phrase,C2
draw to a close/end,phrase,C2
draw a comparison/distinction,phrase,C2
early on,phrase,C2
at the earliest,phrase,C2
in effect,phrase,C2
come/go into effect,phrase,C2
be an effort,phrase,C2
your elders,phrase,C2
or else,phrase,C2
a means to an end,phrase,C2
the tail end of sth,phrase,C2
sure enough,phrase,C2
a narrow escape,phrase,C2
in essence,phrase,C2
ethics,phrase,C2
ever such a,phrase,C2
"ever-changing/growing/increasing, etc.",phrase,C2
every so often,phrase,C2
"every other day/week, etc.",phrase,C2
do sth to excess,phrase,C2
"extend from/into/over, etc.",phrase,C2
the fabric of sth,phrase,C2
let's face it,phrase,C2
not have the faintest idea,phrase,C2
"a fair amount/distance/size, etc.",phrase,C2
fair play,phrase,C2
far from doing sth,phrase,C2
go so far as to do sth,phrase,C2
go too far,phrase,C2
few and far between,phrase,C2
be far removed from sth,phrase,C2
a faraway look/expression,phrase,C2
fast asleep,phrase,C2
thick and fast,phrase,C2
cross your mind,phrase,B2
keep your cool,phrase,C1
to cut a long story short,phrase,C1
down to earth,phrase,C1
down to earth,phrase,C1
(take) the easy way out,phrase,C1
easier said than done,phrase,C1
at face value,phrase,C1
face the music,phrase,C1
be a far cry from sth,phrase,C1
find common ground,phrase,C2
keep a cool head,phrase,C2
lose your cool,phrase,C2
cross sb's path,phrase,C2
a shoulder to cry on,phrase,C2
in the dark,phrase,C2
make sb's day,phrase,C2
fall on deaf ears,phrase,C2
throw sb in at the deep end,phrase,C2
go/run deep,phrase,C2
out of your depth,phrase,C2
do the job,phrase,C2
down and out,phrase,C2
go downhill,phrase,C2
draw the line (at sth),phrase,C2
a drop in the ocean,phrase,C2
a nest egg,phrase,C2
not be the end of the world,phrase,C2
be at/reach the end of your tether,phrase,C2
throw sb in at the deep end,phrase,C2
to/till/until the bitter end,phrase,C2
lose face,phrase,C2
keep a straight face,phrase,C2
on the face of it,phrase,C2
in the face of sth,phrase,C2
fly in the face of,phrase,C2
a slap in the face,phrase,C2
a fast track (to sth),phrase,C2
the fast lane,phrase,C2
forgive me,phrase,B2
Guess what?,phrase,A2
Oh my God!,phrase,B1
thank God,phrase,B1
hours,phrase,B1
keep your fingers crossed/ cross your fingers,phrase,C2
do sb a/the world of good,phrase,C2
go with the flow,phrase,C2
not have a clue,phrase,B2
give sth a miss,phrase,C1
you have to hand it to sb,phrase,C2
hit the roof,phrase,C2
the hell,phrase,B2
a/one hell of a,phrase,C2
like hell,phrase,C2
be a bad/good influence (on sb),phrase,B2
the headlines,phrase,B2
a horror film/movie/story,phrase,B1
do sb good,phrase,B2
give birth,phrase,B2
on the one hand ... on the other hand,phrase,B2
take issue (with sb/sth),phrase,C1
in all honesty,phrase,C2
don't hesitate to do sth,phrase,B2
give sb a call/ring,phrase,A2
have a word with sb,phrase,B2
give sb your word,phrase,C1
I guess,phrase,B1
I guess so/not,phrase,B2
find sb guilty/not guilty,phrase,B2
funds,phrase,C1
by hand,phrase,B1
make fun of sb/sth,phrase,B2
give a party,phrase,A2
"have a rest/shower/walk, etc.",phrase,A2
"get sth painted/repaired, etc.",phrase,B1
"fix sth onto/to/under, etc.",phrase,B2
"give a performance/speech, etc.",phrase,B2
help yourself (to sth),phrase,B1
frame of mind,phrase,C2
for fun or for the fun of it,phrase,B1
break the ice,phrase,B2
"find sb/sth easy/boring/funny, etc.",phrase,B1
fear the worst,phrase,C2
be friends (with sb),phrase,B1
make friends (with sb),phrase,B1
on foot,phrase,A2
give way,phrase,C1
an invasion of privacy,phrase,C2
the girls,phrase,B1
guys,phrase,B1
a hand,phrase,B1
hand in hand,phrase,B2
from start to finish,phrase,C1
the foot of sth,phrase,C1
set foot in/on sth,phrase,C1
in the form of sth,phrase,C1
gardens,phrase,C1
at a glance,phrase,C1
at hand,phrase,C1
be in sb's hands,phrase,C1
a host of sth,phrase,C1
all hours,phrase,C1
be no mean feat,phrase,C2
"single/double, etc. figures",phrase,C2
have/keep your finger on the pulse,phrase,C2
burst into flames,phrase,C2
a flight of stairs/steps,phrase,C2
get/rise to your feet,phrase,C2
be on (good) form,phrase,C2
a gap in the market,phrase,C2
make a go of sth,phrase,C2
an educated guess,phrase,C2
with your bare hands,phrase,C2
on hand or to hand,phrase,C2
at the hands of sb,phrase,C2
get/lay your hands on sth,phrase,C2
in hand,phrase,C2
take the law into your own hands,phrase,C2
"laugh/shout/scream, etc. your head off",phrase,C2
a roof over your head,phrase,C2
a hint of sth,phrase,C2
the early/small hours,phrase,C2
add insult to injury,phrase,C2
at issue,phrase,C2
go hand in hand,phrase,C1
lose your head,phrase,C1
put your finger on sth,phrase,C2
at your fingertips,phrase,C2
put your foot down,phrase,C2
put your foot in it,phrase,C2
get off/start on the wrong foot,phrase,C2
put your feet up,phrase,C2
play games,phrase,C2
touch and go,phrase,C2
get/gain the upper hand,phrase,C2
get out of hand,phrase,C2
a free hand,phrase,C2
have your hands full,phrase,C2
keep a cool head,phrase,C2
keep your head above water,phrase,C2
be the tip of the iceberg,phrase,C2
be no good or be not any/much good,phrase,B2
for good,phrase,C1
there's no harm in doing sth,phrase,C1
your own flesh and blood,phrase,C2
in the hope of/that,phrase,C1
on the increase,phrase,C1
for fear of sth/doing sth,phrase,C2
freedom from sth,phrase,C2
bear fruit,phrase,C2
the fruit(s) of sth,phrase,C2
the height of sth,phrase,C2
sb's best/last/only hope,phrase,C2
add insult to injury,phrase,C2
on the grounds of/that,phrase,C1
get a grip (on yourself),phrase,C1
come/get to grips with sth,phrase,C2
happen to do sth,phrase,C1
as it happens,phrase,C1
"glow with happiness/pride,etc.",phrase,C2
grin and bear it,phrase,C2
"have fun/a nice time/a problem, etc.",phrase,A2
"find the money/time, etc.",phrase,B1
"have sth cleaned/cut/repaired, etc.",phrase,B1
"have sth stolen/taken, etc.",phrase,B1
have no idea,phrase,B1
find yourself somewhere/doing sth,phrase,B2
be found,phrase,B2
"have sb over/round/to stay, etc.",phrase,B2
have nothing to do with sb/sth,phrase,B2
have nothing to do with sb,phrase,B2
hold your breath,phrase,B2
be/get hooked on sth,phrase,B2
have sth against sb/sth,phrase,C1
hold an opinion/belief/view,phrase,C1
hold a conversation,phrase,C1
hold sb's attention/interest,phrase,C1
be intended for,phrase,C1
find fault with sb/sth,phrase,C2
give rise to sth,phrase,C2
give vent to,phrase,C2
give way to sth,phrase,C2
give way,phrase,C2
give sb a hard time,phrase,C2
have sb do sth,phrase,C2
have it in for sb,phrase,C2
not have the faintest idea,phrase,C2
as the/its name implies,phrase,C2
find common ground,phrase,C2
grasp the nettle,phrase,C2
hold your breath,phrase,C2
hold your own,phrase,C2
not hold water,phrase,C2
can't/couldn't help doing sth,phrase,B1
hope to do sth,phrase,B1
God,phrase,A2
how come,phrase,C1
it's a good job,phrase,C2
get sth off your chest,phrase,C2
"great big/long, etc.",phrase,B2
"not half as good/bad/exciting, etc.",phrase,B2
hang on,phrasal verb,B1
go for sth,phrasal verb,B2
get a move on,phrase,C2
be into sth,phrase,B1
be without foundation; have no foundation,phrase,C2
come in handy,phrase,C2
in view of sth,phrase,B2
be glad of sth,phrase,C1
in the event of sth,phrase,C1
in respect of sth,phrase,C1
in attendance,phrase,C2
in the vicinity (of sth),phrase,C2
in part,phrase,C2
to all intents and purposes,phrase,C2
hold on,phrasal verb,B1
hold on,phrasal verb,C1
can't/couldn't get over sth,phrase,B2
hundreds,phrase,B2
grab sb's attention,phrase,C1
in a flash,phrase,C2
Don't get me wrong,phrase,C2
get moving,phrase,C2
go overboard,phrase,C2
so far so good,phrase,C2
heaps of sth,phrase,C2
in a big way,phrase,C2
in a flash,phrase,C2
be in for sth,phrase,C2
be itching to do sth,phrase,C2
get your act together,phrase,C2
get the hang of sth,phrase,C2
get the picture,phrase,C2
go with the flow,phrase,C2
let your hair down,phrase,C2
get the hang of sth,phrase,C2
inclined to do sth,phrase,C2
"artistically/technically, etc. inclined",phrase,C2
a handful of,phrase,B2
the following,phrase,B2
feelings,phrase,B1
be under the impression,phrase,B2
"folk art/dancing, etc.",phrase,B1
get over sth/sb,phrasal verb,B2
go down with sth,phrasal verb,B2
good for you,phrase,A1
"get cancer/flu, etc.",phrase,B1
a history of sth,phrase,C1
feel faint,phrase,C2
have (got) on sth or have (got) sth on,phrasal verb,B1
give in,phrasal verb,B1
hear from sb,phrasal verb,B1
get across sth or get sth across,phrasal verb,B2
give away sth or give sth away,phrasal verb,B2
go ahead,phrasal verb,B2
go on,phrasal verb,B2
be getting at sth,phrasal verb,C1
get back to sb,phrasal verb,C1
go into sth,phrasal verb,C2
go on,phrasal verb,C2
(that's) fine,phrase,A1
for example,phrase,A1
Don't forget...,phrase,A1
"Happy Birthday/New Year, etc.",phrase,A1
How are you?,phrase,A1
Help!,phrase,A2
How about...?,phrase,A2
How do you do?,phrase,A2
if not,phrase,A2
if you like,phrase,A2
instructions,phrase,A2
for instance,phrase,B1
in general,phrase,B1
get in touch,phrase,B1
to be honest,phrase,B1
How about ...?,phrase,B1
if I were you,phrase,B1
if only,phrase,B1
in fact,phrase,B1
in the end,phrase,B1
in general,phrase,B1
in particular,phrase,B1
for instance,phrase,B1
as follows,phrase,B2
in general,phrase,B2
get sb/sth to do sth,phrase,B2
go into detail/s,phrase,B2
it goes without saying,phrase,B2
it's a good thing,phrase,B2
Good for you!,phrase,B2
get hold of sth/sb,phrase,B2
in general,phrase,B2
in actual fact,phrase,B2
in any case,phrase,B2
in that case,phrase,B2
in brief,phrase,B2
In conclusion,phrase,B2
in other words,phrase,B2
in writing,phrase,B2
in response to,phrase,B2
for a start,phrase,C1
on hold,phrase,C1
"How dare she/you, etc.",phrase,C1
in a sense,phrase,C1
in short,phrase,C1
for one thing,phrase,C2
ring hollow,phrase,C2
"How strange/stupid/weird, etc. is that?",phrase,C2
in all honesty,phrase,C2
in no uncertain terms,phrase,C2
know sth inside out,phrase,C1
get away with sth,phrasal verb,B2
a few,phrase,A2
quite a few,phrase,A2
the front,phrase,A2
in front of sth/sb,phrase,A2
in front of sb/sth,phrase,A2
in front,phrase,B1
in front,phrase,B1
a great deal,phrase,B2
in two/half,phrase,B2
in all,phrase,B2
a good deal,phrase,C1
back to front,phrase,C2
a breath of fresh air,phrase,C2
get through sth,phrasal verb,B2
go off,phrasal verb,B2
high in sth,phrase,C1
sb's finances,phrase,B2
go down,phrasal verb,B1
fresh air,phrase,B1
the ground,phrase,B1
get (sb) up,phrasal verb,A1
go out,phrasal verb,A1
find out (sth) or find (sth) out,phrasal verb,A2
give back sth or give sth back,phrasal verb,A2
go in,phrasal verb,A2
fill up (sth) or fill (sth) up,phrasal verb,B1
get back sth or get sth back,phrasal verb,B1
get in,phrasal verb,B1
get on,phrasal verb,B1
give in sth or give sth in,phrasal verb,B1
give out sth or give sth out,phrasal verb,B1
give up (sth) or give (sth) up,phrasal verb,B1
go away,phrasal verb,B1
go off,phrasal verb,B1
hand out sth or hand sth out,phrasal verb,B1
hang about/around (swh),phrasal verb,B1
hang out,phrasal verb,B1
hang up sth or hang sth up,phrasal verb,B1
hurry up,phrasal verb,B1
follow up sth or follow sth up,phrasal verb,B2
get at sth,phrasal verb,B2
get down to sth,phrasal verb,B2
get out of sth/doing sth,phrasal verb,B2
get round to sth,phrasal verb,B2
get up,phrasal verb,B2
give up (sth/doing sth) or give (sth) up,phrasal verb,B2
go ahead,phrasal verb,B2
go on,phrasal verb,B2
hand over sb/sth or hand sb/sth over,phrasal verb,B2
help out (sb) or help (sb) out,phrasal verb,B2
hurry up sb/sth or hurry sb/sth up,phrasal verb,B2
finish off (sth) or finish (sth) off,phrasal verb,C1
get (sb/sth) out,phrasal verb,C1
hold sb/sth back,phrasal verb,C1
flick through sth,phrasal verb,C2
get up to sth,phrasal verb,C2
grasp at sth,phrasal verb,C2
"go running/swimming, etc.",phrase,A2
"get down/into/off, etc.",phrase,B1
get rid of sth,phrase,B1
"glance at/around/towards, etc.",phrase,B1
"break/cut, etc. sth in half",phrase,B1
set sb/sth free,phrase,B2
"gaze at/into/out of, etc.",phrase,B2
get to do sth,phrase,B2
"glance at/over/through, etc.",phrase,B2
"head back/down/towards, etc.",phrase,B2
catch/get/grab/take hold of sth/sb,phrase,B2
(be) in your fifties,phrase,B2
(be) in your forties,phrase,B2
grow up,phrasal verb,A2
figure out sth/sb or figure sth/sb out,phrasal verb,B2
get sb down,phrasal verb,B2
go off sth/sb,phrasal verb,B2
identify with sb/sth,phrasal verb,B2
get to sb,phrasal verb,C2
feel like/as if,phrase,B1
feel like sth/doing sth,phrase,B1
feel like sb/sth,phrase,B1
feel sorry for,phrase,B1
be fond of sb/sth,phrase,B1
for fun or for the fun of it,phrase,B1
a sense of humour,phrase,B1
in tears,phrase,B1
be in favour of sth,phrase,B2
"feel different/strange, etc.",phrase,B2
"fill sb with anger/joy/pride, etc.",phrase,B2
make a fool (out) of sb,phrase,B2
make a fool of yourself,phrase,B2
"get the feeling/idea/impression, etc.",phrase,B2
get on sb's nerves,phrase,B2
go red,phrase,B2
be hard on sb,phrase,B2
in honour of sb/sth,phrase,B2
be in favour of sth,phrase,B2
in sb's eyes,phrase,B2
"in good/high/low, etc. spirits",phrase,B2
in honour of sb/sth,phrase,B2
be good company,phrase,C1
be full of yourself,phrase,C2
be only human,phrase,C2
in cold blood,phrase,C2
get on,phrasal verb,B1
get together,phrasal verb,B1
go out,phrasal verb,B1
hit it off,phrasal verb,B2
get to know sb/sth,phrase,B1
a broken home,phrase,C2
break sb's heart,phrase,B2
give in,phrasal verb,B2
go shopping,phrase,A1
for sale,phrase,A2
"finish first/second, etc.",phrase,B1
in stock,phrase,B2
get back,phrasal verb,A2
get off (sth),phrasal verb,A2
get on (sth),phrasal verb,A2
get in,phrasal verb,B1
get out,phrasal verb,B1
go away,phrasal verb,B1
go back,phrasal verb,B1
get away,phrasal verb,B2
get away,phrasal verb,B2
"get here/there/home/to work, etc.",phrase,A1
"get a bus/train/taxi, etc.",phrase,A1
"first/second/third, etc. gear",phrase,B2
go into sth,phrasal verb,C1
hold down a job,phrasal verb,C2
incapable of sth/doing sth,phrase,C1
irrespective of sth,phrase,C2
invade sb's privacy,phrase,C2
for/in the foreseeable future,phrase,C2
be/get involved (in/with sth),phrase,B2
"be inclined to think/believe/agree, etc.",phrase,C1
inclined to do sth,phrase,C2
"an isolated case/event/example, etc.",phrase,C2
"a further 10/100, etc.",phrase,C1
"the following day/morning, etc.",phrase,B1
bad/ill feeling,phrase,C1
have no hesitation in doing sth,phrase,C1
fire sb's imagination,phrase,C2
be an inspiration to sb,phrase,C2
in isolation,phrase,C2
the homeless,phrase,C1
to speak/think highly of sb/sth,phrase,C2
room for improvement,phrase,C1
be hungry for sth,phrase,C2
fill in/out sth or fill sth in/out,phrasal verb,A2
give away sth or give sth away,phrasal verb,B1
give up sth or give sth up,phrasal verb,B1
go down,phrasal verb,B1
go for sth,phrasal verb,B1
go off,phrasal verb,B1
go on,phrasal verb,B1
go on,phrasal verb,B1
go out,phrasal verb,B1
go up,phrasal verb,B1
hand in sth or hand sth in,phrasal verb,B1
hang up,phrasal verb,B1
hold up sb/sth or hold sb/sth up,phrasal verb,B1
finish with sb,phrasal verb,B2
fit in with sth,phrasal verb,B2
focus (sth) on/upon sb/sth,phrasal verb,B2
get in,phrasal verb,B2
get into sth,phrasal verb,B2
get on with sth,phrasal verb,B2
get to,phrasal verb,B2
go by,phrasal verb,B2
go off,phrasal verb,B2
go over sth,phrasal verb,B2
go through sth,phrasal verb,B2
go through sth,phrasal verb,B2
be heading for sth,phrasal verb,B2
have heard of sb/sth,phrasal verb,B2
heat up sth or heat sth up,phrasal verb,B2
fit in,phrasal verb,C1
fit in with sth,phrasal verb,C1
fix sth up,phrasal verb,C1
get into sth,phrasal verb,C1
get out,phrasal verb,C1
get (sb) through sth,phrasal verb,C1
get through to sb,phrasal verb,C1
go into sth,phrasal verb,C1
go off,phrasal verb,C1
hold back sth or hold sth back,phrasal verb,C1
insist on sth,phrasal verb,C1
feast on sth,phrasal verb,C2
fend for yourself,phrasal verb,C2
be flooded with sth,phrasal verb,C2
frown on/upon sth,phrasal verb,C2
get through sth,phrasal verb,C2
be glued to sth,phrasal verb,C2
go by,phrasal verb,C2
go down,phrasal verb,C2
go through with sth,phrasal verb,C2
go up,phrasal verb,C2
go without (sth),phrasal verb,C2
hail sb/sth as sth,phrasal verb,C2
hand sth down or hand down sth,phrasal verb,C2
head off,phrasal verb,C2
hold sth against sb,phrasal verb,C2
hold sb/sth back,phrasal verb,C2
hold back sth or hold sth back,phrasal verb,C2
hold off (sth/doing sth),phrasal verb,C2
hold onto sth/sb,phrasal verb,C2
hold out hope,phrasal verb,C2
hold out hope,phrasal verb,C2
"half past one/two/three, etc.",phrase,A1
first of all,phrase,A2
first of all,phrase,A2
"follow a road/path, etc.",phrase,A2
the front,phrase,A2
the future,phrase,A2
get married,phrase,A2
be going to do/be sth,phrase,A2
be going to do sth,phrase,A2
go to the toilet,phrase,A2
happy to do sth,phrase,A2
have (got) to do sth,phrase,A2
have (got) to do sth,phrase,A2
"here you are/here it is, etc.",phrase,A2
(by) herself,phrase,A2
(by) himself,phrase,A2
sb's fault,phrase,B1
feel at home,phrase,B1
catch fire,phrase,B1
on fire,phrase,B1
at first,phrase,B1
the first,phrase,B1
"fit (sth) in/into/through/under, etc.",phrase,B1
for ever,phrase,B1
for sure,phrase,B1
be friendly with sb,phrase,B1
in full,phrase,B1
the future,phrase,B1
in future,phrase,B1
"get cold/ill/late, etc.",phrase,B1
get worse,phrase,B1
"get caught/killed/told off, etc.",phrase,B1
get sth wrong,phrase,B1
"go badly/well, etc.",phrase,B1
go wrong,phrase,B1
"go bald/blind/grey, etc.",phrase,B1
the heart of sth,phrase,B1
with the help of sth,phrase,B1
feel at home,phrase,B1
have no idea,phrase,B1
in time,phrase,B1
in advance,phrase,B1
in love,phrase,B1
in addition (to),phrase,B1
in detail,phrase,B1
in full,phrase,B1
in future,phrase,B1
in order (for sb/sth) to do sth,phrase,B1
(just) in case,phrase,B1
in case of sth,phrase,B1
at fault,phrase,B2
the fifties,phrase,B2
at first sight,phrase,B2
in the first place,phrase,B2
fall flat on your face,phrase,B2
for the moment,phrase,B2
for once,phrase,B2
for real,phrase,B2
forget it,phrase,B2
the former,phrase,B2
the forties,phrase,B2
from side to side,phrase,B2
from time to time,phrase,B2
"a week/six months/ten years, etc. from now",phrase,B2
in the near future,phrase,B2
get rid of sth,phrase,B2
take sb/sth for granted,phrase,B2
take it for granted,phrase,B2
"grow tired/old/calm, etc.",phrase,B2
with all your heart,phrase,B2
by heart,phrase,B2
here and there,phrase,B2
"however cold/difficult/slowly, etc.",phrase,B2
if so,phrase,B2
as if,phrase,B2
in connection with sth,phrase,B2
in due course,phrase,B2
in sb's direction,phrase,B2
in season,phrase,B2
in secret,phrase,B2
in person,phrase,B2
in place of sth,phrase,B2
in the first place,phrase,B2
in practice,phrase,B2
in private,phrase,B2
in progress,phrase,B2
in relation to sth,phrase,B2
in relation to sth,phrase,B2
in this respect/in many respects,phrase,B2
in a row,phrase,B2
in those days,phrase,B2
in turn,phrase,B2
inside out,phrase,B2
it's sb/sth,phrase,B2
in sb's favour,phrase,C1
feel compelled to do sth,phrase,C1
first and foremost,phrase,C1
come first,phrase,C1
fall flat,phrase,C1
the focus of sth,phrase,C1
for good,phrase,C1
for life,phrase,C1
for long,phrase,C1
for the most part,phrase,C1
for the time being,phrase,C1
first and foremost,phrase,C1
foul language,phrase,C1
free from/of sth,phrase,C1
"from then/that day, etc. on",phrase,C1
from start to finish,phrase,C1
"fulfil a duty/promise/responsibility, etc.",phrase,C1
"fulfil an ambition/dream/goal, etc.",phrase,C1
"fulfil a function/need/role, etc.",phrase,C1
"fulfil criteria/requirements/qualifications, etc.",phrase,C1
"gather speed/strength/support, etc.",phrase,C1
get on sb's nerves,phrase,C1
get rid of sb,phrase,C1
get sth straight,phrase,C1
keep sb going,phrase,C1
go from strength to strength,phrase,C1
grab the opportunity/chance,phrase,C1
in your heart,phrase,C1
on hold,phrase,C1
the home of sth/sb,phrase,C1
make yourself at home,phrase,C1
broaden/expand/widen your horizons,phrase,C1
on the horizon,phrase,C1
a hot issue/topic,phrase,C1
how far,phrase,C1
in turn,phrase,C1
in accordance with sth,phrase,C1
in aid of sb/sth,phrase,C1
in association with,phrase,C1
in bulk,phrase,C1
in common with sb/sth,phrase,C1
in demand,phrase,C1
in any event,phrase,C1
in sb's favour,phrase,C1
in the form of sth,phrase,C1
in your heart,phrase,C1
in the hope of/that,phrase,C1
be in sb's interest(s),phrase,C1
in the light of sth,phrase,C1
in moderation,phrase,C1
be in two minds,phrase,C1
be in position,phrase,C1
in the region of sth,phrase,C1
in reverse,phrase,C1
in no time,phrase,C1
in tune,phrase,C1
in turn,phrase,C1
in vain,phrase,C1
in no way/not in any way,phrase,C1
in store,phrase,C1
take the initiative,phrase,C1
be in sb's interest(s),phrase,C1
find fault with sb/sth,phrase,C2
in favour of sb/sth,phrase,C2
few and far between,phrase,C2
fill a need/gap/demand,phrase,C2
"filter down/in/through, etc.",phrase,C2
"filter down/through/out, etc.",phrase,C2
set fire to sth; set sth on fire,phrase,C2
fire sb's imagination,phrase,C2
put sb/sth first,phrase,C2
be a first,phrase,C2
do sth as you see/think fit,phrase,C2
"flash by/past/through, etc.",phrase,C2
it follows that,phrase,C2
follow sb's example/lead,phrase,C2
follow suit,phrase,C2
for all,phrase,C2
for sb's benefit,phrase,C2
for the best,phrase,C2
for fear of sth/doing sth,phrase,C2
a force to be reckoned with,phrase,C2
join forces,phrase,C2
in/into force,phrase,C2
be foreign to sb,phrase,C2
I forget,phrase,C2
"form an opinion/impression, etc.",phrase,C2
break free,phrase,C2
break free,phrase,C2
fresh water,phrase,C2
from top to bottom,phrase,C2
the frontiers of sth,phrase,C2
for/in the foreseeable future,phrase,C2
"nothing ventured, nothing gained",phrase,C2
the germ of sth,phrase,C2
get you nowhere,phrase,C2
get sth over (and done) with,phrase,C2
get underway,phrase,C2
the globe,phrase,C2
to go,phrase,C2
go out of your way to do sth,phrase,C2
go so far as to do sth,phrase,C2
go too far,phrase,C2
be still going strong,phrase,C2
"a good 20 minutes/30 miles, etc.",phrase,C2
be in good taste,phrase,C2
(be) green with envy,phrase,C2
"a handsome profit/sum, etc.",phrase,C2
do/learn sth the hard way,phrase,C2
be hard on sb,phrase,C2
give sb a hard time,phrase,C2
have (got) to do/be sth,phrase,C2
at heart,phrase,C2
dear to sb/sb's heart,phrase,C2
a hold on/over sth/sb,phrase,C2
take/hold sb hostage,phrase,C2
in my humble opinion,phrase,C2
the idea of sth,phrase,C2
not have the faintest idea,phrase,C2
on impulse,phrase,C2
in anticipation (of),phrase,C2
be in awe of sb,phrase,C2
in the clear,phrase,C2
in confidence,phrase,C2
in conjunction with sth/sb,phrase,C2
in the name of sth,phrase,C2
in sb's words,phrase,C2
in all likelihood,phrase,C2
be in line with sth,phrase,C2
in memory of sb,phrase,C2
in your mind's eye,phrase,C2
in miniature,phrase,C2
be in the mood for sth/to do sth,phrase,C2
in effect,phrase,C2
in essence,phrase,C2
in favour of sb/sth,phrase,C2
in hand,phrase,C2
in my humble opinion,phrase,C2
in its infancy,phrase,C2
in the interest(s) of sth,phrase,C2
in isolation,phrase,C2
in perspective,phrase,C2
in place,phrase,C2
in place,phrase,C2
in principle,phrase,C2
in all probability,phrase,C2
in the process,phrase,C2
be in the process of doing sth,phrase,C2
in proportion to,phrase,C2
sb/sth in question,phrase,C2
in the red,phrase,C2
in retrospect,phrase,C2
be in good taste,phrase,C2
be in bad/poor taste,phrase,C2
be in tune with sb/sth,phrase,C2
in that,phrase,C2
in its infancy,phrase,C2
"inside information/knowledge, etc.",phrase,C2
be intent on sth/doing sth,phrase,C2
in the interest(s) of sth,phrase,C2
a conflict of interest,phrase,C2
an intimate knowledge/understanding of sth,phrase,C2
into the bargain,phrase,C2
with flying colours,phrase,C1
from scratch,phrase,C1
get a grip (on yourself),phrase,C1
go hand in hand,phrase,C1
gain/lose ground,phrase,C1
be in the public eye,phrase,C1
in a nutshell,phrase,C1
come under fire,phrase,C2
play with fire,phrase,C2
fly in the face of,phrase,C2
follow in sb's footsteps,phrase,C2
follow in sb's footsteps,phrase,C2
a free hand,phrase,C2
have your hands full,phrase,C2
get your own back (on sb),phrase,C2
get out of hand,phrase,C2
go downhill,phrase,C2
go through the motions,phrase,C2
go against the grain,phrase,C2
go through the roof,phrase,C2
go against the grain,phrase,C2
stand your ground,phrase,C2
break new ground,phrase,C2
find common ground,phrase,C2
catch sb off guard,phrase,C2
be on (your) guard,phrase,C2
let your guard down,phrase,C2
open your heart,phrase,C2
take sth to heart,phrase,C2
lose heart,phrase,C2
a change of heart,phrase,C2
in the dark,phrase,C2
in the blink of an eye,phrase,C2
be in the same boat,phrase,C2
in the face of sth,phrase,C2
in a rut,phrase,C2
the ins and outs of sth,phrase,C2
You must be joking!/ You're joking!,phrase,B1
a load/loads,phrase,B1
kind of,phrase,B2
get a move on,phrase,C2
be at liberty to do sth,phrase,C2
omit to do sth,phrase,C1
be a joke,phrase,C1
be a pain in the neck,phrase,C1
tie the knot,phrase,C2
blow your mind,phrase,C2
poke/stick your nose into sth,phrase,C2
turn your nose up at sth,phrase,C2
be in luck,phrase,C1
be news to sb,phrase,C2
odds and ends,phrase,C2
make a run for it,phrase,C2
make a splash,phrase,C2
kick yourself,phrase,C2
sb will kill sb,phrase,A2
Master's (degree),phrase,C1
"a book/cat/dog, etc. lover",phrase,B1
the opposition,phrase,C1
lay eggs,phrase,B2
the news,phrase,B1
the media,phrase,B2
pull a muscle,phrase,C2
wait a minute,phrase,B1
to my mind,phrase,B2
mother tongue,phrase,B2
(Good) morning,phrase,A1
would love sth/to do sth,phrase,A2
would love to (do sth),phrase,A2
I mean,phrase,A2
justify yourself,phrase,B2
make sense,phrase,B2
not to mention,phrase,B2
make yourself understood,phrase,C1
make sth public,phrase,C2
you name it,phrase,C2
make ends meet,phrase,C1
the animal/plant kingdom,phrase,C2
change your mind,phrase,B1
make up your mind or make your mind up,phrase,B1
thread a needle,phrase,C2
"march off/up/down, etc.",phrase,C2
make sure,phrase,A2
make sb do sth,phrase,B1
make the most of sth,phrase,B2
make fun of sb/sth,phrase,B2
"lay sth down/in/on, etc.",phrase,C1
make a start,phrase,C2
"lean (sth) back/forward/out, etc.",phrase,B2
lean (sth) against/on sth,phrase,B2
"a bad/good, etc. judge of sth",phrase,C2
frame of mind,phrase,C2
be in a mood,phrase,B2
steady/strong nerves,phrase,B2
get on sb's nerves,phrase,B2
make a fool (out) of sb,phrase,B2
make a fool of yourself,phrase,B2
make friends (with sb),phrase,B1
on offer,phrase,B2
(be) on the line,phrase,C2
make your way,phrase,C2
be misunderstood,phrase,C2
on location,phrase,C1
on occasion(s),phrase,C2
the leadership,phrase,C1
all kinds of sth,phrase,A2
that kind of thing,phrase,B1
some kind of,phrase,B1
by mistake,phrase,B1
learn your lesson,phrase,B2
bear/keep sb/sth in mind,phrase,B2
cross your mind,phrase,B2
have/keep an open mind,phrase,B2
(at) any minute; any minute now,phrase,B2
the last minute,phrase,B2
crack a joke,phrase,C1
on loan,phrase,C1
the labour market,phrase,C1
miles,phrase,C1
put/set sb's mind at ease/at rest,phrase,C1
put your mind to sth,phrase,C1
be in two minds,phrase,C1
come to mind,phrase,C1
mouth of a river,phrase,C1
the object of sth,phrase,C1
have no option (but to do sth),phrase,C1
one of a kind,phrase,C2
teach sb a lesson,phrase,C2
within limits,phrase,C2
off limits,phrase,C2
the upper limit,phrase,C2
along the lines of sth,phrase,C2
be in line with sth,phrase,C2
"sb's line of reasoning/thinking, etc.",phrase,C2
toe the line,phrase,C2
margin of error,phrase,C2
a mark of sth,phrase,C2
a gap in the market,phrase,C2
have sth on your mind,phrase,C2
spring to mind,phrase,C2
in your mind's eye,phrase,C2
speak your mind,phrase,C2
cast your mind back,phrase,C2
peace of mind,phrase,C2
presence of mind,phrase,C2
the minute (that),phrase,C2
a fine/thin line,phrase,C1
the fast lane,phrase,C2
a stroll/trip/walk down memory lane,phrase,C2
turn over a new leaf,phrase,C2
by/in leaps and bounds,phrase,C2
the bottom line,phrase,C2
draw the line (at sth),phrase,C2
(be) out of line,phrase,C2
read between the lines,phrase,C2
bring a lump to your throat,phrase,C2
leave/make your mark,phrase,C2
slip your mind,phrase,C2
neck and neck,phrase,C2
a nest egg,phrase,C2
under your nose,phrase,C2
the north,phrase,A2
take the liberty of doing sth,phrase,C1
be bad/good news for sb,phrase,C1
do sb/sth justice; do justice to sb/sth,phrase,C2
in all likelihood,phrase,C2
a stroke of luck,phrase,C2
break the news to sb,phrase,C2
face the music,phrase,C1
burn the midnight oil,phrase,C2
in the morning,phrase,A1
"2/3/4, etc. o'clock in the morning",phrase,B1
in the morning,phrase,B1
a sleepless night,phrase,C1
the length and breadth of sth,phrase,C2
at length,phrase,C2
be in the mood for sth/to do sth,phrase,C2
(keep sb) at arm's length,phrase,C2
by no means; not by any means,phrase,C1
by means of,phrase,C1
by all means,phrase,C2
a means to an end,phrase,C2
against all (the) odds,phrase,C2
be at odds with sb/sth,phrase,C2
a drop in the ocean,phrase,C2
be no laughing matter,phrase,C2
long for sth; long to do sth,phrase,C2
loom large,phrase,C2
"originate from/in/with, etc.",phrase,C2
need to do sth,phrase,A1
be made from/(out) of sth,phrase,A2
don't need to do sth/needn't do sth,phrase,A2
lay the table,phrase,B1
be located in/near/on/etc.,phrase,B1
make up your mind or make your mind up,phrase,B1
make a face,phrase,B1
have been meaning to do sth,phrase,B1
make the/sb's bed,phrase,B2
make the best of sth,phrase,B2
make a (big) difference,phrase,B2
to make matters worse,phrase,B2
make sense,phrase,B2
be lacking in sth,phrase,C1
make time,phrase,C1
make it,phrase,C1
make an exception,phrase,C1
make yourself at home,phrase,C1
make a note of sth,phrase,C1
make a point of doing sth,phrase,C1
be meant for sb/sth,phrase,C1
be lacking,phrase,C2
make do (with),phrase,C2
make light of sth,phrase,C2
make allowances for sb/sth,phrase,C2
make a name for yourself,phrase,C2
make a nonsense of sth,phrase,C2
make waves,phrase,C2
make way for sth,phrase,C2
make a go of sth,phrase,C2
make your presence felt,phrase,C2
make sense of sth,phrase,C2
be meant to do sth,phrase,C2
be meant to do sth,phrase,C2
mean well,phrase,C2
There needs to be sth,phrase,C2
neglect to do sth,phrase,C2
"be overcome by excitement/fear/sadness, etc.",phrase,C2
make your blood run cold,phrase,C2
make your blood boil,phrase,C2
make sb's day,phrase,C2
"make a bad/good, etc. job of sth",phrase,C2
knock sb out,phrasal verb,B2
kill time,phrase,B2
look forward to sth/doing sth,phrasal verb,B2
No problem.,phrase,A2
No problem.,phrase,A2
no way,phrase,B1
Oh my God!,phrase,B1
"I/he, etc. couldn't care less",phrase,C1
it's a good job,phrase,C2
a little,phrase,B2
or so,phrase,B1
masses,phrase,B2
"not half as good/bad/exciting, etc.",phrase,B2
over the top,phrase,C2
mess up sth or mess sth up,phrasal verb,B2
mess about/around,phrasal verb,C1
you might like/want to...,phrase,C1
be mad about sb/sth,phrase,B1
be on the ball,phrase,C1
other than,phrase,C1
not least,phrase,C2
lend itself to sth,phrase,C2
not least,phrase,C2
sb/sth of note,phrase,C2
nice and sth,phrase,B1
millions,phrase,B2
like crazy,phrase,C1
be lost without sb/sth,phrase,C1
give sth a miss,phrase,C1
"the same old arguments/face/story, etc.",phrase,C1
or other,phrase,C1
like hell,phrase,C2
get moving,phrase,C2
not be up to much,phrase,C2
be out of this world,phrase,C2
go overboard,phrase,C2
be over the moon,phrase,B2
keep your fingers crossed/ cross your fingers,phrase,C2
know your stuff,phrase,C2
let your hair down,phrase,C2
be on cloud nine,phrase,C2
be on cloud nine,phrase,C2
be obsessed by/with sb/sth,phrase,B2
see you later,phrase,A1
needless to say,phrase,C1
on display,phrase,B1
on air,phrase,C1
lose your voice,phrase,B2
be out of breath,phrase,B2
out of shape,phrase,C2
Look out!,phrasal verb,B1
look up sth or look sth up,phrasal verb,B1
look at sth,phrasal verb,B2
look through sth,phrasal verb,B2
make up sth or make sth up,phrasal verb,B2
note down sth or note sth down,phrasal verb,B2
move on,phrasal verb,C1
keep sth to yourself,phrasal verb,C2
Would you like...?,phrase,A1
how many,phrase,A1
of course,phrase,A1
let sb know,phrase,A2
let's,phrase,A2
let sb know (sth),phrase,A2
What is sb/sth like?,phrase,A2
if you like,phrase,A2
love/(with) love from/all my love/lots of love,phrase,A2
pleased to meet you,phrase,A2
Do you mind ...?,phrase,A2
I don't mind,phrase,A2
never mind,phrase,A2
never mind,phrase,A2
no thanks,phrase,A2
Oh no!,phrase,A2
not too,phrase,A2
notes,phrase,A2
of course not,phrase,A2
keep in touch,phrase,B1
keep a/sth secret,phrase,B1
you know,phrase,B1
at least,phrase,B1
at least,phrase,B1
as/so long as,phrase,B1
out loud,phrase,B1
Would you mind...?,phrase,B1
wait a moment,phrase,B1
no ... than,phrase,B1
not at all,phrase,B1
of course,phrase,B1
on the whole,phrase,B1
once upon a time,phrase,B1
out loud,phrase,B1
judging by/from,phrase,B2
"keep notes/records, etc.",phrase,B2
as far as I know,phrase,B2
I know,phrase,B2
you never know,phrase,B2
to (the best of) my knowledge,phrase,B2
last but not least,phrase,B2
at least,phrase,B2
lose touch,phrase,B2
Dear Madam,phrase,B2
as a matter of fact,phrase,B2
your native language/tongue,phrase,B2
be none of sb's business,phrase,B2
not at all,phrase,B2
not to mention,phrase,B2
on balance,phrase,B2
on the one hand ... on the other hand,phrase,B2
I only hope (that) ... /I only wish ... (that),phrase,B2
in other words,phrase,B2
"owe sb an apology/explanation/favour, etc.",phrase,B2
it's just as well,phrase,C1
before you know it,phrase,C1
strong language,phrase,C1
to say the least,phrase,C1
take it from me,phrase,C1
certainly/definitely/hopefully not,phrase,C1
compare notes,phrase,C1
on hold,phrase,C1
jump to conclusions,phrase,C2
the next thing I knew,phrase,C2
mind you,phrase,C2
mind your own business,phrase,C2
the next thing I knew,phrase,C2
know sth inside out,phrase,C1
off the record,phrase,C1
hit/strike/touch a (raw) nerve,phrase,C2
let sb off or let off sb,phrasal verb,B2
the law,phrase,B2
a lot/lots,phrase,A1
a lot,phrase,A1
very much,phrase,A1
at least,phrase,A2
a little bit,phrase,A2
too much/so much,phrase,A2
not bad,phrase,A2
just about,phrase,B1
"just as bad/good/tall/clever, etc. (as sb/sth)",phrase,B1
a little sth,phrase,B1
one or two,phrase,B1
over here/there,phrase,B1
more or less,phrase,B2
a mass of sth,phrase,B2
more and more,phrase,B2
more or less,phrase,B2
others,phrase,B2
be out of sth,phrase,B2
at the very least,phrase,C1
out of the ordinary,phrase,C2
out of the ordinary,phrase,C2
out of proportion,phrase,C2
live on sth,phrasal verb,B2
out of season,phrase,C1
"live in/at, etc.",phrase,A1
live on sth,phrasal verb,B2
make ends meet,phrase,C1
the moon,phrase,A2
lie down,phrasal verb,A2
join in (sth),phrasal verb,B1
keep sb in,phrasal verb,B1
keep on doing sth,phrasal verb,B1
keep up sth or keep sth up,phrasal verb,B1
knock sb down,phrasal verb,B1
laugh at sb/sth,phrasal verb,B1
leave behind sb/sth or leave sb/sth behind,phrasal verb,B1
look around/round (swh),phrasal verb,B1
keep (sb/sth) back,phrasal verb,B2
keep down sth or keep sth down,phrasal verb,B2
keep sth off (sb/sth),phrasal verb,B2
knock sth down,phrasal verb,B2
knock sb out,phrasal verb,B2
knock sth/sb over,phrasal verb,B2
leave out sb/sth or leave sb/sth out,phrasal verb,B2
let out sb/sth or let sb/sth out,phrasal verb,B2
line (sb/sth) up or line up (sb/sth),phrasal verb,B2
lock in sb or lock sb in,phrasal verb,B2
lock out sb or lock sb out,phrasal verb,B2
look at sth,phrasal verb,B2
look into sth,phrasal verb,B2
look out for sb/sth,phrasal verb,B2
make for sth,phrasal verb,B2
make sth into sth,phrasal verb,B2
keep sb/sth from doing sth,phrasal verb,C1
kick sb out,phrasal verb,C1
mess about/around,phrasal verb,C1
keep at sth,phrasal verb,C2
listen in,phrasal verb,C2
look over sth or look sth over,phrasal verb,C2
muddle sth up,phrasal verb,C2
"jump in/into/up, etc.",phrase,B1
keep doing sth,phrase,B1
"do a good/excellent, etc. job",phrase,B2
keep your/an eye on sb/sth,phrase,B2
"let sb/sth in/past/through, etc.",phrase,B2
"lock sth/sb away/in, etc.",phrase,B2
make the most of sth,phrase,B2
let go (of sb/sth),phrase,C2
let go (of sth),phrase,C2
"mount sth on/to, etc.",phrase,C2
(be) in your nineties,phrase,B2
sb's looks,phrase,C2
look forward to sth/doing sth,phrasal verb,B1
let sb down or let down sb,phrasal verb,B2
live for sth/sb,phrasal verb,B2
look down on sb,phrasal verb,B2
look up to sb,phrasal verb,B2
open up,phrasal verb,C2
would like sth/to do sth,phrase,A1
likes and dislikes,phrase,B1
know better (than to do sth),phrase,B2
"lose interest/patience, etc.",phrase,B2
lose your temper,phrase,B2
needs,phrase,B2
keep your temper,phrase,C2
be on edge,phrase,C2
be only human,phrase,C2
live together,phrasal verb,B2
live with sb,phrasal verb,B2
old friend,phrase,A2
get to know sb/sth,phrase,B1
keep sb company,phrase,B2
on sale,phrase,A2
on sale,phrase,B1
on offer,phrase,B2
out of stock,phrase,B2
the net,phrase,A2
out of order,phrase,B1
out of order,phrase,B1
keep up (with sb/sth),phrasal verb,B2
on foot,phrase,A2
on board,phrase,B1
"lead into/to/towards, etc.",phrase,B2
on the road,phrase,C1
out of season,phrase,C2
open up (sth) or open (sth) up,phrasal verb,B2
lay sb off or lay off sb,phrasal verb,C1
hold down a job,phrasal verb,C2
out of work,phrase,B1
off duty,phrase,B2
on duty,phrase,B2
"be on a committee/panel, etc.",phrase,C1
out of a job,phrase,C2
hand/give in your notice,phrase,C2
out of a job,phrase,C2
(be) on the line,phrase,C2
be liable to do sth,phrase,C2
return to normal,phrase,C1
get married,phrase,A2
later on,phrase,B1
limitations,phrase,C1
take the/this opportunity to do sth,phrase,B2
not nearly (as/so),phrase,C1
not take kindly to sth,phrase,C2
not do sth lightly,phrase,C2
look after sb/sth,phrasal verb,A2
keep (sb/sth) off sth,phrasal verb,B1
keep (sb/sth) out,phrasal verb,B1
move in,phrasal verb,B1
move out,phrasal verb,B1
keep (sb/sth) away,phrasal verb,B2
keep to sth,phrasal verb,B2
keep up (with sb/sth),phrasal verb,B2
key in sth or key sth in,phrasal verb,B2
know of sth/sb,phrasal verb,B2
lead to sth,phrasal verb,B2
live up to sth,phrasal verb,B2
log in/on,phrasal verb,B2
log off/out,phrasal verb,B2
look at sth,phrasal verb,B2
look back,phrasal verb,B2
make out sth/sb or make sth/sb out,phrasal verb,B2
make up for sth,phrasal verb,B2
miss out,phrasal verb,B2
mix up sb/sth or mix sb/sth up,phrasal verb,B2
kick in,phrasal verb,C1
kick off,phrasal verb,C1
lay sth out or lay out sth,phrasal verb,C1
lie ahead,phrasal verb,C1
line sb/sth up,phrasal verb,C1
look on/upon sb/sth as sth,phrasal verb,C1
look up,phrasal verb,C1
move on,phrasal verb,C1
move on,phrasal verb,C1
jump at sth,phrasal verb,C2
keep sth back,phrasal verb,C2
keep sth from sb,phrasal verb,C2
keep up (with sth),phrasal verb,C2
keep (sth) up,phrasal verb,C2
kick (sth) off,phrasal verb,C2
lead up to sth,phrasal verb,C2
lean on sb,phrasal verb,C2
leap at sth,phrasal verb,C2
live through sth,phrasal verb,C2
look ahead,phrasal verb,C2
loosen up,phrasal verb,C2
make of sb/sth,phrasal verb,C2
mount up,phrasal verb,C2
narrow sth down,phrasal verb,C2
"last week/year/Monday, etc.",phrase,A1
last night,phrase,A1
"more beautiful/difficult/easily, etc.",phrase,A1
"next week/year/Monday, etc.",phrase,A1
"one/two/three, etc. o'clock",phrase,A1
"keep sth in/on, etc.",phrase,A2
"look nice/strange, etc.",phrase,A2
the matter,phrase,A2
the middle,phrase,A2
at the moment,phrase,A2
any more,phrase,A2
"(the) most attractive/important/popular, etc.",phrase,A2
(by) myself,phrase,A2
or not,phrase,A2
if not,phrase,A2
just now,phrase,A2
one day,phrase,A2
or not,phrase,A2
each other,phrase,A2
(by) ourselves,phrase,A2
(by) itself,phrase,B1
be just about to do sth,phrase,B1
"just before/over/under, etc.",phrase,B1
I know,phrase,B1
as you know,phrase,B1
be known as sth,phrase,B1
lack of sth,phrase,B1
at (long) last,phrase,B1
"family/private/sex, etc. life",phrase,B1
a/sb's way of life,phrase,B1
all day long,phrase,B1
no longer,phrase,B1
look like,phrase,B1
it looks like/as if,phrase,B1
the middle,phrase,B1
be in the middle of (doing) sth,phrase,B1
miss a chance/opportunity,phrase,B1
once more,phrase,B1
move house,phrase,B1
believe it or not,phrase,B1
not even,phrase,B1
on fire,phrase,B1
on purpose,phrase,B1
on time,phrase,B1
(all) on your own,phrase,B1
(all) on your own,phrase,B1
once again,phrase,B1
once more,phrase,B1
at once,phrase,B1
one another,phrase,B1
one day,phrase,B1
if only,phrase,B1
in order (for sb/sth) to do sth,phrase,B1
the other side/end (of sth),phrase,B1
"the other day/week, etc.",phrase,B1
others,phrase,B1
out of date,phrase,B1
all over somewhere,phrase,B1
of your own,phrase,B1
(all) on your own,phrase,B1
(all) on your own,phrase,B1
in itself,phrase,B2
just as,phrase,B2
keep sb waiting,phrase,B2
keep a/your promise,phrase,B2
keep sb/sth in mind,phrase,B2
common knowledge,phrase,B2
a working knowledge of sth,phrase,B2
"the last person/thing, etc.",phrase,B2
the last,phrase,B2
"the day/week/year, etc. before last",phrase,B2
the latter,phrase,B2
"lead a busy/normal/quiet, etc. life",phrase,B2
last but not least,phrase,B2
leave sb alone,phrase,B2
let me/us,phrase,B2
like mad,phrase,B2
little by litte,phrase,B2
before (very/too) long,phrase,B2
in the long term,phrase,B2
look as if/as though,phrase,B2
the look of sb/sth,phrase,B2
lose your life,phrase,B2
lose track,phrase,B2
like mad,phrase,B2
the main thing,phrase,B2
manners,phrase,B2
to make matters worse,phrase,B2
"no matter how/what/when, etc.",phrase,B2
may have,phrase,B2
may as well,phrase,B2
in the meantime,phrase,B2
in the middle of nowhere,phrase,B2
might have,phrase,B2
might as well,phrase,B2
for the moment,phrase,B2
more and more,phrase,B2
in the near future,phrase,B2
no need,phrase,B2
be in need of sth,phrase,B2
neither ... nor,phrase,B2
"the weekend/week/Thursday, etc. after next",phrase,B2
the nineties,phrase,B2
no wonder,phrase,B2
no need,phrase,B2
be no good or be not any/much good,phrase,B2
no such thing,phrase,B2
"no matter how/what/when, etc.",phrase,B2
neither ... nor,phrase,B2
not only,phrase,B2
not quite,phrase,B2
nothing but,phrase,B2
have nothing to do with sb/sth,phrase,B2
be/have nothing to do with sb,phrase,B2
for nothing,phrase,B2
now and then,phrase,B2
"any day/minute/time, etc. now",phrase,B2
in the middle of nowhere,phrase,B2
a number of sth,phrase,B2
be obliged to do sth,phrase,B2
on account of sth,phrase,B2
on behalf of sb or on sb's behalf,phrase,B2
on condition that,phrase,B2
on top of sth,phrase,B2
for once,phrase,B2
(every) once in a while,phrase,B2
one by one,phrase,B2
one at a time,phrase,B2
one after another,phrase,B2
one way or another,phrase,B2
one way or the other,phrase,B2
not only,phrase,B2
have/keep an open mind,phrase,B2
or else,phrase,B2
the other way round/around,phrase,B2
out of control,phrase,B2
out of nowhere,phrase,B2
be out of practice,phrase,B2
the outside,phrase,B2
over and over (again),phrase,B2
all over again,phrase,B2
"I/you/we, etc. will just have to do sth",phrase,C1
keep track,phrase,C1
keep your word,phrase,C1
keep sb going,phrase,C1
keep pace with sb/sth,phrase,C1
be key to sth,phrase,C1
know what you are talking about,phrase,C1
be known to do sth,phrase,C1
the labour market,phrase,C1
"land in/on, etc.",phrase,C1
foul language,phrase,C1
by and large,phrase,C1
by law,phrase,C1
leave sb doing sth,phrase,C1
legal action,phrase,C1
let alone,phrase,C1
for life,phrase,C1
in the light of sth,phrase,C1
for long,phrase,C1
long ago,phrase,C1
as many as,phrase,C1
a matter of course,phrase,C1
it's only a matter of time,phrase,C1
may as well do sth,phrase,C1
might as well do sth,phrase,C1
in moderation,phrase,C1
for the most part,phrase,C1
not much of a sth,phrase,C1
(all) to myself,phrase,C1
nowhere near,phrase,C1
anywhere near sth,phrase,C1
nerves,phrase,C1
get on sb's nerves,phrase,C1
the next best thing,phrase,C1
no doubt,phrase,C1
no ... whatsoever,phrase,C1
the norm,phrase,C1
not a/one,phrase,C1
make a note of sth,phrase,C1
take note (of sth),phrase,C1
stop at nothing,phrase,C1
nothing of the sort/kind,phrase,C1
at short notice,phrase,C1
every now and then,phrase,C1
nowhere near,phrase,C1
the old days,phrase,C1
on the basis of sth,phrase,C1
on the grounds of/that,phrase,C1
on hold,phrase,C1
on the horizon,phrase,C1
on the increase,phrase,C1
on loan,phrase,C1
on location,phrase,C1
on show,phrase,C1
on site,phrase,C1
at once,phrase,C1
all at once,phrase,C1
"open to discussion/suggestions, etc.",phrase,C1
have a high/low opinion of sb/sth,phrase,C1
be opposed to sth,phrase,C1
the opposite sex,phrase,C1
or two,phrase,C1
other than that,phrase,C1
out of tune,phrase,C1
out of action,phrase,C1
join forces,phrase,C2
"10/20, etc. years sb's junior",phrase,C2
keep (sth) quiet,phrase,C2
know best,phrase,C2
know better,phrase,C2
sb/sth at large,phrase,C2
loom large,phrase,C2
a last resort,phrase,C2
the last of sth,phrase,C2
the last sb heard/saw of sb,phrase,C2
at the latest,phrase,C2
take the law into your own hands,phrase,C2
law and order,phrase,C2
lead sb to do sth,phrase,C2
be led by sth,phrase,C2
lead sb to a conclusion,phrase,C2
"leap into/out of/up, etc.",phrase,C2
not in the least,phrase,C2
leave no stone unturned,phrase,C2
let's face it,phrase,C2
a matter of life and/or death,phrase,C2
come to light,phrase,C2
bring sth to light,phrase,C2
shed light on,phrase,C2
make light of sth,phrase,C2
something like,phrase,C2
little more/better,phrase,C2
long before,phrase,C2
be looking to do sth,phrase,C2
lose count,phrase,C2
at a loss,phrase,C2
at a loss for words,phrase,C2
be no match for sb/sth,phrase,C2
strike a match,phrase,C2
be no laughing matter,phrase,C2
"a matter of confidence/luck/waiting, etc.",phrase,C2
a matter of life and/or death,phrase,C2
a matter of days/weeks/feet etc.,phrase,C2
be no mean feat,phrase,C2
a measure of sth,phrase,C2
in memory of sb,phrase,C2
be at the mercy of sb/sth,phrase,C2
the merest,phrase,C2
in miniature,phrase,C2
the moment (that),phrase,C2
morals,phrase,C2
"mount a campaign/challenge/protest, etc.",phrase,C2
get sb/sth muddled up,phrase,C2
the naked eye,phrase,C2
in the name of sth,phrase,C2
make a name for yourself,phrase,C2
call sb names,phrase,C2
as the/its name implies,phrase,C2
a narrow escape,phrase,C2
be no mean feat,phrase,C2
"none too clean/clever/pleased, etc.",phrase,C2
"none the happier/poorer/wiser, etc.",phrase,C2
make a nonsense of sth,phrase,C2
not in the least,phrase,C2
be nothing if not sth,phrase,C2
to say nothing of sth,phrase,C2
"nothing ventured, nothing gained",phrase,C2
get you nowhere,phrase,C2
the odd,phrase,C2
of your own accord,phrase,C2
off limits,phrase,C2
every so often,phrase,C2
be on the verge of sth/doing sth,phrase,C2
have/carry sth on you,phrase,C2
on no account; not on any account,phrase,C2
be on the brink of sth,phrase,C2
on the dot,phrase,C2
on occasion(s),phrase,C2
be on the verge of sth/doing sth,phrase,C2
be on (good) form,phrase,C2
on hand or to hand,phrase,C2
on impulse,phrase,C2
on the part of sb; on sb's part,phrase,C2
on principle,phrase,C2
on the side,phrase,C2
on the threshold of sth,phrase,C2
once and for all,phrase,C2
(all) in one,phrase,C2
one of a kind,phrase,C2
only so much/many,phrase,C2
"from the 1870s/March/6.30 pm, etc. onwards",phrase,C2
"open to abuse/criticism, etc.",phrase,C2
in my humble opinion,phrase,C2
as opposed to,phrase,C2
or else,phrase,C2
economic/political/social order,phrase,C2
law and order,phrase,C2
"every other day/week, etc.",phrase,C2
out of place,phrase,C2
out of place,phrase,C2
be out of the question,phrase,C2
be/get out of touch,phrase,C2
at/from the outset,phrase,C2
get sth over (and done) with,phrase,C2
"overflow with confidence/happiness/love, etc.",phrase,C2
"owe your existence/success, etc. to sb/sth",phrase,C2
from/out of nowhere,phrase,B2
keep your cool,phrase,C1
keep an eye out for sb/sth,phrase,C1
keep sb posted,phrase,C1
keep a low profile,phrase,C1
look on the bright side,phrase,C1
lose your head,phrase,C1
keep a low profile,phrase,C1
new blood,phrase,C1
in a nutshell,phrase,C1
on track,phrase,C1
out of the blue,phrase,C1
do the job,phrase,C2
"make a bad/good, etc. job of sth",phrase,C2
the jury is (still) out,phrase,C2
keep your eyes open (for sb/sth),phrase,C2
keep body and soul together,phrase,C2
keep your eyes peeled (for sb/sth),phrase,C2
keep a straight face,phrase,C2
keep a cool head,phrase,C2
keep your head above water,phrase,C2
keep sb on their toes,phrase,C2
a labour of love,phrase,C2
leave someone to their own devices,phrase,C2
let your guard down,phrase,C2
let off steam,phrase,C2
lose your cool,phrase,C2
lose face,phrase,C2
lose heart,phrase,C2
lose sight of sth,phrase,C2
lose sleep over something,phrase,C2
be lost for words,phrase,C2
a labour of love,phrase,C2
a stroll/trip/walk down memory lane,phrase,C2
miss the boat,phrase,C2
on the spur of the moment,phrase,C2
go through the motions,phrase,C2
turn over a new leaf,phrase,C2
break new ground,phrase,C2
off the beaten track,phrase,C2
burn the midnight oil,phrase,C2
be on the cards,phrase,C2
be on the same wavelength,phrase,C2
on the face of it,phrase,C2
be on (your) guard,phrase,C2
on the spot,phrase,C2
on the spur of the moment,phrase,C2
keep your eyes open (for sb/sth),phrase,C2
open your heart,phrase,C2
down and out,phrase,C2
the ins and outs of sth,phrase,C2
out of your depth,phrase,C2
(be) out of line,phrase,C2
get out of hand,phrase,C2
get your own back (on sb),phrase,C2
hold your own,phrase,C2
the military,phrase,C1
regards,phrase,B1
No problem.,phrase,A2
No problem.,phrase,A2
a pile of/ piles of sth,phrase,B2
be a piece of cake,phrase,B2
in/with regard to sth,phrase,B2
require sb to do sth,phrase,B2
make a run for it,phrase,C2
hit the roof,phrase,C2
not be/come up to scratch,phrase,C2
rub it in,phrase,C2
"scare the hell/life/living daylights, etc. out of sb",phrase,C2
a riot of sth,phrase,C2
keep/break a promise,phrase,B2
at this rate,phrase,C2
at any rate,phrase,C2
round of applause,phrase,C2
in response to,phrase,B2
would prefer,phrase,A2
put pressure on sb,phrase,B2
"raise a question/subject, etc.",phrase,B2
it goes without saying,phrase,B2
raise your voice,phrase,C1
to say the least,phrase,C1
needless to say,phrase,C1
safe to say,phrase,C1
ring hollow,phrase,C2
out of season,phrase,C1
hold/keep/take sb prisoner,phrase,C2
"pace about/up and down, etc",phrase,C2
"retreat to/into, etc.",phrase,C2
"put sth down/in/on, etc.",phrase,A1
"place sth in/on, etc.",phrase,B2
plant a bomb,phrase,B2
put an end to sth,phrase,B2
"rub sth into/on, etc.",phrase,B2
put something into practice,phrase,C1
put sth to one side,phrase,C2
"a ray of comfort/hope, etc.",phrase,C2
on sale,phrase,A2
"first/second/third/final, etc., round",phrase,B2
out of season,phrase,C2
on the road,phrase,C1
recharge your batteries,phrase,C2
"bear a/little/no, etc. resemblance to sth/sb",phrase,C2
to sb's satisfaction,phrase,C2
take/accept/claim responsibility for sth,phrase,B2
an unknown quantity,phrase,C2
"realize an ambition/dream/goal, etc.",phrase,C1
give sb a ring,phrase,A2
in person,phrase,B2
the pros and cons,phrase,B2
roots,phrase,B2
in a row,phrase,B2
in the long run,phrase,B2
in season,phrase,B2
first-/second-/third-rate,phrase,C1
in the region of sth,phrase,C1
mouth of a river,phrase,C1
the root of sth,phrase,C1
a passport to sth,phrase,C2
"a bad/rough, etc. patch",phrase,C2
bits and pieces,phrase,C2
in the process,phrase,C2
be in the process of doing sth,phrase,C2
have/keep your finger on the pulse,phrase,C2
"be a recipe for disaster/success/trouble, etc.",phrase,C2
a last resort,phrase,C2
"sb's rise to fame/power, etc.",phrase,C2
give rise to sth,phrase,C2
a roof over your head,phrase,C2
a run of sth,phrase,C2
keep a low profile,phrase,C1
from scratch,phrase,C1
part and parcel,phrase,C2
cross sb's path,phrase,C2
go/fall to pieces,phrase,C2
pick up the pieces,phrase,C2
be poles apart,phrase,C2
a rough/bumpy ride,phrase,C2
run riot,phrase,C2
go through the roof,phrase,C2
in progress,phrase,B2
in reverse,phrase,C1
peace of mind,phrase,C2
fall prey to sth,phrase,C2
invade sb's privacy,phrase,C2
an invasion of privacy,phrase,C2
beyond (sb's) reach,phrase,C2
within (sb's) reach,phrase,C2
the reverse,phrase,C2
swallow your pride,phrase,C2
Road,phrase,A1
a passion for sth,phrase,C1
in the red,phrase,C2
be in good/bad repair,phrase,C2
come to the/sb's rescue,phrase,C2
see red,phrase,C2
learn/know the ropes,phrase,C2
the perfect (tense),phrase,B2
"peep at/through/out, etc.",phrase,C2
proceed to do sth,phrase,C2
"rise to/through, etc.",phrase,C2
be said to be,phrase,B2
seize a chance/opportunity,phrase,B2
"place an advertisement/order, etc.",phrase,C1
"present a danger/difficulty/problem, etc.",phrase,C1
put sb in a difficult position,phrase,C1
put your mind to sth,phrase,C1
put a stop to sth,phrase,C1
"satisfy conditions/needs/requirements, etc.",phrase,C1
say sth to yourself,phrase,C1
"place emphasis/importance, etc. on sth",phrase,C2
"be posted to France/London/Singapore, etc.",phrase,C2
prompt sb to do sth,phrase,C2
prove yourself,phrase,C2
put sb to death,phrase,C2
put sb/sth first,phrase,C2
"raise hopes/fears/doubts, etc.",phrase,C2
raise the alarm,phrase,C2
be far removed from sth,phrase,C2
rob sb of sth,phrase,C2
I dare say,phrase,C2
to say nothing of sth,phrase,C2
keep sb posted,phrase,C1
easier said than done,phrase,C1
pick up the pieces,phrase,C2
put your finger on sth,phrase,C2
put your foot down,phrase,C2
put your foot in it,phrase,C2
put your feet up,phrase,C2
put sb in their place,phrase,C2
put sb on the spot,phrase,C2
send shivers/a shiver down your spine,phrase,C2
prepare yourself,phrase,B1
"rip sth out/off/from, etc.",phrase,C1
"anything/as/what/whatever, etc. you please",phrase,C2
ring a bell,phrase,C2
the public,phrase,B1
with/in reference to sth,phrase,B2
with respect to sth,phrase,B2
put/keep sb in the picture,phrase,C1
quite a bit,phrase,B1
rip sb off,phrasal verb,C2
"pop in/out/over, etc.",phrase,B2
relative to sth,phrase,C2
"remain at/in/with, etc.",phrase,B2
in respect of sth,phrase,C1
in part,phrase,C2
a plethora of sth,phrase,C2
pose a/the question,phrase,C2
pose a/the question,phrase,C2
pretty much/well,phrase,B2
"the same old arguments/face/story, etc.",phrase,C1
be a pain,phrase,B2
be a pain in the neck,phrase,C1
get the picture,phrase,C2
if/when push comes to shove,phrase,C2
pleased to meet you,phrase,A2
be responsible for sth/doing sth,phrase,B2
be responsible for sb/sth/doing sth,phrase,B1
the prosecution,phrase,C2
relations,phrase,B2
Really?,phrase,A2
not really,phrase,B1
"relatively good/bad/cheap, etc.",phrase,B2
"reasonably good/successful/well, etc.",phrase,B2
the radio,phrase,A1
the press,phrase,B2
play sth by ear,phrase,C2
pass out,phrasal verb,B2
a sharp pain,phrase,C2
pull a muscle,phrase,C2
pass on sth or pass sth on,phrasal verb,B1
pick on sb,phrasal verb,B2
point out sth or point sth out,phrasal verb,B2
put down sb or put sb down,phrasal verb,B2
read out sth or read sth out,phrasal verb,B2
read over/through sth or read sth over/through,phrasal verb,B2
refer to sb/sth,phrasal verb,B2
rub out sth or rub sth out,phrasal verb,B2
put sth forward or put forward sth,phrasal verb,C1
read up on sth,phrasal verb,C1
run down sb/sth or run sb/sth down,phrasal verb,C1
own up,phrasal verb,C2
rule out sb/sth or rule sb/sth out,phrasal verb,C2
"Yes, please",phrase,A1
see you,phrase,A1
"see you later/soon/tomorrow, etc.",phrase,A1
a pity,phrase,A2
in particular,phrase,B1
the point,phrase,B2
put pressure on sb,phrase,B2
protest (about/against/at sth),phrase,B2
push (sb) for sth/to do sth,phrase,B2
"reach a decision/agreement/conclusion, etc.",phrase,B2
make sense,phrase,B2
safe to say,phrase,C1
all/just the same,phrase,C1
I'll/we'll see,phrase,C1
in a sense,phrase,C1
pay sb a compliment,phrase,C2
pay tribute to sb/sth,phrase,C2
make sth public,phrase,C2
put/set the record straight,phrase,C1
off the record,phrase,C1
press charges,phrase,C2
the same,phrase,A1
"pale blue/green/yellow, etc.",phrase,A2
quite a few/a lot,phrase,A2
pitch dark/black,phrase,C2
out of proportion,phrase,C2
"a dance/language/riding, etc. school",phrase,A2
pay back sb/sth or pay sb/sth back,phrasal verb,B1
pay off sth or pay sth off,phrasal verb,B2
put sth aside,phrasal verb,B2
it rains/it is raining,phrase,A1
pick up sb/sth or pick sb/sth up,phrasal verb,A2
pick up sb/sth or pick sb/sth up,phrasal verb,A2
put on sth or put sth on,phrasal verb,A2
put on sth or put sth on,phrasal verb,A2
pass on sth or pass sth on,phrasal verb,B1
put away sth or put sth away,phrasal verb,B1
put back sth or put sth back,phrasal verb,B1
put down sb/sth or put sb/sth down,phrasal verb,B1
put off sth/doing sth or put sth off,phrasal verb,B1
put out sth or put sth out,phrasal verb,B1
put up sth or put sth up,phrasal verb,B1
put up sth or put sth up,phrasal verb,B1
pack up (sth) or pack (sth) up,phrasal verb,B2
pass around/round sth or pass sth around/round,phrasal verb,B2
run away,phrasal verb,B2
run into sb,phrasal verb,B2
see to sth/sb,phrasal verb,B2
plunge sth into sth,phrasal verb,C2
plunge into sth,phrasal verb,C2
press on,phrasal verb,C2
run around,phrasal verb,C2
seal off sth or seal sth off,phrasal verb,C2
send sth out or send out sth,phrasal verb,C2
take part,phrase,B1
"pass over/through, etc.",phrase,B1
pay attention (to sth),phrase,B1
pull sth off/out/up,phrase,B1
get rid of sth,phrase,B1
pass (the) time,phrase,B2
pay sb/sth a visit or pay a visit to sb/sth,phrase,B2
pitch a tent,phrase,B2
take sb's place,phrase,B2
"pull yourself along/up, etc.",phrase,B2
push yourself,phrase,B2
"can/can't/could, etc. reach (sth)",phrase,B2
"rest your eyes/feet/legs, etc.",phrase,B2
return to sth,phrase,B2
"roll (sth) across/around/over, etc.",phrase,B2
put something into practice,phrase,C1
"race along/down/over, etc.",phrase,C1
"peer at/into/through, etc.",phrase,C2
"run sth along/over/through, etc. sth",phrase,C2
"scramble down/out/up, etc.",phrase,C2
put on sth or put sth on,phrasal verb,B1
pour sth out or pour out sth,phrasal verb,B2
put off sb or put sb off (sb/sth/doing sth),phrasal verb,B2
put up with sth/sb,phrasal verb,B2
rely on/upon sb/sth,phrasal verb,B2
would rather,phrase,B1
"seem happy/a nice person, etc.",phrase,B1
a sense of humour,phrase,B1
play a joke/trick on sb,phrase,B2
be too proud (to do sth),phrase,B2
go red,phrase,B2
take a risk,phrase,B2
sb's strong point,phrase,C1
the Right/right,phrase,C2
relate to sb,phrasal verb,C1
patch sth up,phrasal verb,C2
put up sth or put sth up,phrasal verb,B1
sell out,phrasal verb,B2
for sale,phrase,A2
"in first/second/third, etc. place",phrase,B1
on sale,phrase,B1
sales,phrase,B2
save a goal,phrase,B2
"scroll up/down/through, etc.",phrase,C2
set sail,phrase,C2
pick up sth or pick sth up,phrasal verb,B2
the sack,phrase,B2
retrace your steps,phrase,C2
personal hygiene,phrase,C1
reliance on sb/sth,phrase,C2
be reliant on sb/sth,phrase,C2
be prepared to do sth,phrase,B2
be satisfied that,phrase,C1
make your presence felt,phrase,C2
presence of mind,phrase,C2
"as much/quickly/soon, etc. as possible",phrase,A2
whenever possible,phrase,B2
wherever possible,phrase,B2
"the best/cheapest/worst, etc. possible",phrase,C1
running water,phrase,C1
the ratings,phrase,C2
"second/third, etc. day/week, etc. running",phrase,C2
preparations,phrase,B2
in relation to sth,phrase,B2
in relation to sth,phrase,B2
be in a position to do sth,phrase,C1
be in position,phrase,C1
put sb in a difficult position,phrase,C1
a reflection of sth,phrase,C1
be a revelation,phrase,C2
the reality/realities of sth,phrase,B2
become a reality,phrase,B2
be a rarity,phrase,C1
in all probability,phrase,C2
"prospective buyers/employers/parents, etc.",phrase,C1
regardless of,phrase,C1
reasonably priced,phrase,B1
take sth personally,phrase,C1
put on sth or put sth on,phrasal verb,A2
put down sth or put sth down,phrasal verb,B1
put on sth or put sth on,phrasal verb,B1
put sb through,phrasal verb,B1
remind sb of sth/sb,phrasal verb,B1
ring sb back,phrasal verb,B1
ring (sb) up or ring up (sb),phrasal verb,B1
run out,phrasal verb,B1
send sth back or send back sth,phrasal verb,B1
pass away,phrasal verb,B2
pay off,phrasal verb,B2
pile up,phrasal verb,B2
plug sth in,phrasal verb,B2
pull down sth or pull sth down,phrasal verb,B2
pull in/into sth,phrasal verb,B2
pull out,phrasal verb,B2
pull over,phrasal verb,B2
pull up,phrasal verb,B2
put sth together or put together sth,phrasal verb,B2
put up sth or put sth up,phrasal verb,B2
put up sb or put sb up,phrasal verb,B2
rely on/upon sb/sth,phrasal verb,B2
result in sth,phrasal verb,B2
run into sth,phrasal verb,B2
run out,phrasal verb,B2
run over sb/sth or run sb/sth over,phrasal verb,B2
see off sb or see sb off,phrasal verb,B2
see through sb/sth,phrasal verb,B2
send off sth or send sth off,phrasal verb,B2
put sth together or put together sth,phrasal verb,C1
refer to sb/sth,phrasal verb,C1
relate to sb/sth,phrasal verb,C1
run on sth,phrasal verb,C1
rush into sth,phrasal verb,C1
scare sb/sth away/off or scare away/off sb/sth,phrasal verb,C1
scare sb away/off or scare away/off sb,phrasal verb,C1
pose as sb,phrasal verb,C2
provide for sth,phrasal verb,C2
put sth aside,phrasal verb,C2
react against sth,phrasal verb,C2
reckon on sth/doing sth,phrasal verb,C2
reckon with sth,phrasal verb,C2
reconcile yourself to sth,phrasal verb,C2
reduce sb to sth/doing sth,phrasal verb,C2
reduce sth to sth,phrasal verb,C2
refer to sth,phrasal verb,C2
refer sb/sth to sb/sth,phrasal verb,C2
relieve sb of sth,phrasal verb,C2
resign yourself to sth,phrasal verb,C2
resort to sth/ doing sth,phrasal verb,C2
revert to sth/doing sth,phrasal verb,C2
run through sth,phrasal verb,C2
run up against sth,phrasal verb,C2
saddle sb with sth,phrasal verb,C2
send for sb,phrasal verb,C2
the present,phrase,A1
part of sth,phrase,A2
the past,phrase,A2
plan to do sth,phrase,A2
remember to do sth,phrase,A2
the rest,phrase,A2
the same,phrase,A2
sell for/at sth,phrase,A2
the passive,phrase,B1
the past,phrase,B1
sb's past,phrase,B1
take place,phrase,B1
the present,phrase,B1
at present,phrase,B1
on purpose,phrase,B1
quite a while,phrase,B1
rather than,phrase,B1
"remain calm/open, etc.",phrase,B1
right away/now/after,phrase,B1
at the same time,phrase,B1
the same,phrase,B1
"seem like/as if/to, etc.",phrase,B1
have/play a part in sth,phrase,B2
pass a law,phrase,B2
in place of sth,phrase,B2
in the first place,phrase,B2
all over the place,phrase,B2
play a part in sth,phrase,B2
be at/on the point of doing sth,phrase,B2
up to a point,phrase,B2
be poor in sth,phrase,B2
"pour into/out/from, etc.",phrase,B2
be out of practice,phrase,B2
in practice,phrase,B2
to be precise,phrase,B2
in private,phrase,B2
promise to be sth,phrase,B2
propose to do sth,phrase,B2
sb's prospects,phrase,B2
in public,phrase,B2
not quite,phrase,B2
range from sth to sth/between sth and sth,phrase,B2
for real,phrase,B2
as regards sth,phrase,B2
"remain a secret/mystery, etc.",phrase,B2
in this respect/in many respects,phrase,B2
in return,phrase,B2
get rid of sth,phrase,B2
at risk,phrase,B2
"roll down/in/off, etc.",phrase,B2
round and round,phrase,B2
rush to do sth,phrase,B2
for the sake of sb/sth; for sb's/sth's sake,phrase,B2
the same,phrase,B2
the same,phrase,B2
scales,phrase,B2
"the club/gay/music, etc. scene",phrase,B2
be seated,phrase,B2
the secret,phrase,B2
in secret,phrase,B2
It seems...,phrase,B2
make sense,phrase,B2
keep pace with sb/sth,phrase,C1
for the most part,phrase,C1
the people,phrase,C1
make a point of doing sth,phrase,C1
the poor,phrase,C1
be populated,phrase,C1
"pose a danger/problem/threat, etc.",phrase,C1
do everything in your power to do sth,phrase,C1
good/bad press,phrase,C1
prior to sth,phrase,C1
be a question of,phrase,C1
at random,phrase,C1
the rear,phrase,C1
return to normal,phrase,C1
the rich,phrase,C1
get rid of sb,phrase,C1
have a/no right to do sth,phrase,C1
room for improvement,phrase,C1
be/lie in ruins,phrase,C1
a safe place; somewhere safe,phrase,C1
in the same way,phrase,C1
save sb (from) doing sth,phrase,C1
you see,phrase,C1
wait and see,phrase,C1
pace yourself,phrase,C2
on the part of sb; on sb's part,phrase,C2
the best/better part of sth,phrase,C2
peculiar to sb/sth,phrase,C2
in perspective,phrase,C2
in place,phrase,C2
in place,phrase,C2
out of place,phrase,C2
out of place,phrase,C2
fair play,phrase,C2
"plunge down/into, etc.",phrase,C2
beside the point,phrase,C2
to the point,phrase,C2
"pour into/out/from, etc.",phrase,C2
be at a premium,phrase,C2
a/the prime example,phrase,C2
on principle,phrase,C2
in principle,phrase,C2
in/out of print,phrase,C2
"a profound effect/impact/influence, etc.",phrase,C2
be prone to sth/doing sth,phrase,C2
"accident-/injury-, etc. prone",phrase,C2
in proportion to,phrase,C2
"a public announcement/appearance/statement, etc.",phrase,C2
serve a/the purpose,phrase,C2
to all intents and purposes,phrase,C2
sb/sth in question,phrase,C2
be out of the question,phrase,C2
keep (sth) quiet,phrase,C2
"a good/easy, etc. read",phrase,C2
reap the benefits/profits/rewards,phrase,C2
within reason,phrase,C2
it stands to reason,phrase,C2
a force to be reckoned with,phrase,C2
"rest (sth) on/against, etc.",phrase,C2
in retrospect,phrase,C2
be revolted by sth,phrase,C2
"in its/his/their, etc. own right",phrase,C2
ripe for sth,phrase,C2
run the risk of sth,phrase,C2
at your own risk,phrase,C2
roll your eyes,phrase,C2
bend/stretch the rules,phrase,C2
be running at sth,phrase,C2
run wild,phrase,C2
run wild,phrase,C2
run the risk of sth,phrase,C2
safe and sound,phrase,C2
a safe bet,phrase,C2
"seat 4/12/200, etc.",phrase,C2
see that,phrase,C2
see sense,phrase,C2
(the) seeds of sth,phrase,C2
make sense of sth,phrase,C2
see sense,phrase,C2
be in the public eye,phrase,C1
a rule of thumb,phrase,C1
in safe hands,phrase,C1
part and parcel,phrase,C2
pay the price,phrase,C2
keep your eyes peeled (for sb/sth),phrase,C2
put sb in their place,phrase,C2
fall into place,phrase,C2
play it by ear,phrase,C2
play with fire,phrase,C2
play games,phrase,C2
take the plunge,phrase,C2
a sore point,phrase,C2
at any price,phrase,C2
pay the price,phrase,C2
pull your weight,phrase,C2
pull strings,phrase,C2
read between the lines,phrase,C2
red tape,phrase,C2
rock the boat,phrase,C2
set/start the ball rolling,phrase,C2
make your blood run cold,phrase,C2
run riot,phrase,C2
in a rut,phrase,C2
be in the same boat,phrase,C2
behind the scenes,phrase,C2
see eye to eye (with sb),phrase,C2
see red,phrase,C2
sell like hot cakes,phrase,C2
Take care!,phrase,A2
thank God,phrase,B1
tons of sth,phrase,B2
I trust (that),phrase,C1
take exception to sth,phrase,C2
have a chip on your shoulder,phrase,C2
have sth up your sleeve,phrase,C2
make a splash,phrase,C2
know your stuff,phrase,C2
the sound of sth,phrase,C2
stay put,phrase,C2
keep in shape,phrase,B2
out of shape,phrase,C2
take care of sb/sth,phrase,B1
change the subject,phrase,B2
drop it/the subject,phrase,C2
in no uncertain terms,phrase,C2
"talk business/politics, etc.",phrase,C1
talk about sth/doing sth,phrase,C2
take sb's word for it,phrase,B2
take it from me,phrase,C1
take issue (with sb/sth),phrase,C1
take sb's word for it,phrase,C1
"share your problems/thoughts/ideas, etc.",phrase,C1
stand trial,phrase,C2
all shapes and sizes,phrase,C2
"taste good/bad/sweet, etc.",phrase,B1
"take milk/sugar, etc.",phrase,B2
tighten your belt,phrase,C2
"trail after/behind/along, etc.",phrase,C2
take a picture/photo(graph),phrase,A1
set a date/time (for sth),phrase,B1
take part,phrase,B1
take it/things easy,phrase,B1
take charge,phrase,B2
take sb's place,phrase,B2
"squeeze through/past, etc.",phrase,C1
thread a needle,phrase,C2
"thread your way through/between, etc.",phrase,C2
"throw sth in/on, etc.",phrase,C1
"throw sth around/down/on, etc.",phrase,C2
can't take sth,phrase,B2
take sth/sb seriously,phrase,B2
"take pleasure/pride/an interest, etc.",phrase,B2
take your breath away,phrase,B2
be tempted,phrase,B2
ties,phrase,C2
"be on good/bad/friendly, etc. terms",phrase,C2
not be on speaking terms,phrase,C2
"stuff sth in/into/behind, etc.",phrase,C2
"walking/hockey, etc. stick",phrase,B1
in stock/out of stock,phrase,B2
a skeleton crew/staff/service,phrase,C1
bus station,phrase,A2
a suggestion of/that sth,phrase,C2
Street,phrase,A1
"a sheet of paper/glass, etc.",phrase,A2
lay the table,phrase,B1
no sign of sb/sth,phrase,B2
a stream of sth,phrase,B2
on show,phrase,C1
on site,phrase,C1
"two-star/three-star, etc.",phrase,C1
step by step,phrase,C1
put a stop to sth,phrase,C1
in store,phrase,C1
out of tune,phrase,C1
in tune,phrase,C1
a downward spiral,phrase,C2
"bomb/drug/fraud, etc. squad",phrase,C2
"death/firing/hit, etc. squad",phrase,C2
retrace your steps,phrase,C2
a stroke of luck,phrase,C2
follow suit,phrase,C2
the tail end of sth,phrase,C2
"target audience/market, etc.",phrase,C2
the throne,phrase,C2
by the same token,phrase,C2
train of thought,phrase,C2
do the trick,phrase,C2
be in tune with sb/sth,phrase,C2
to cut a long story short,phrase,C1
a rule of thumb,phrase,C1
a shoulder to cry on,phrase,C2
send shivers/a shiver down your spine,phrase,C2
have a soft spot for sb/sth,phrase,C2
put sb on the spot,phrase,C2
on the spot,phrase,C2
on the spur of the moment,phrase,C2
be streets ahead (of sb/sth),phrase,C2
a double-edged sword,phrase,C2
bring a lump to your throat,phrase,C2
be the tip of the iceberg,phrase,C2
keep sb on their toes,phrase,C2
grit your teeth,phrase,C2
throw in the towel,phrase,C2
the south,phrase,A2
the opposite sex,phrase,C1
sb's travels,phrase,C1
take stock (of sth),phrase,C2
a clap of thunder,phrase,C2
let off steam,phrase,C2
"in good/bad, etc. shape",phrase,B2
beyond/without a/the shadow of a doubt,phrase,C2
take shape,phrase,C2
safe and sound,phrase,C2
trial and error,phrase,C2
in ... terms/in terms of sth,phrase,B2
come to terms with sth,phrase,C2
take its toll,phrase,C2
know what you are talking about,phrase,C1
"sit sb down/at/in, etc.",phrase,C2
sleep on it,phrase,C2
not sleep a wink,phrase,C2
be snowed in,phrase,C2
be snowed under,phrase,C2
send shivers/a shiver down your spine,phrase,C2
take an exam,phrase,A2
take place,phrase,B1
"take a break/rest, etc.",phrase,B1
take advantage of sth,phrase,B1
take account of sth,phrase,B2
take into account sth,phrase,B2
take advantage of sb/sth,phrase,B2
take control,phrase,B2
take a deep breath,phrase,B2
take sb/sth for granted,phrase,B2
take it for granted,phrase,B2
take the/this opportunity to do sth,phrase,B2
be trapped,phrase,B2
be suited to/for sth,phrase,C1
take effect,phrase,C1
take your time,phrase,C1
take care of sth/doing sth,phrase,C1
take the initiative,phrase,C1
take the liberty of doing sth,phrase,C1
take note (of sth),phrase,C1
take sth personally,phrase,C1
"stage a concert/show, etc.",phrase,C2
take sth as it comes,phrase,C2
I take it (that),phrase,C2
not take kindly to sth,phrase,C2
take the law into your own hands,phrase,C2
take shape,phrase,C2
take stock (of sth),phrase,C2
take its toll,phrase,C2
take a turn for the better/worse,phrase,C2
be topped with sth,phrase,C2
take sth on board,phrase,C1
take sth to heart,phrase,C2
take the plunge,phrase,C2
to start with,phrase,B2
"tear sth out of/off/down, etc.",phrase,C1
(be) torn between sth and sth,phrase,C2
throw caution to the wind,phrase,C2
throw sb in at the deep end,phrase,C2
a stone's throw,phrase,C2
throw in the towel,phrase,C2
Yours sincerely,phrase,B1
"Yours truly,",phrase,B1
I/we shall...,phrase,B1
Dear Sir,phrase,B2
stick up for sb/sth,phrasal verb,C2
keep your mouth shut,phrase,B2
the thing is...,phrase,B2
or so,phrase,B1
sort of,phrase,B2
over the top,phrase,C2
can't stand sb/sth,phrase,B1
be sick of sth,phrase,B2
stick together,phrasal verb,B2
to date,phrase,B2
"sincere apologies/thanks, etc.",phrase,C1
splash out,phrasal verb,C2
for sure,phrase,B1
thousands,phrase,B2
about/high time,phrase,C1
so much for...,phrase,C2
so far so good,phrase,C2
be something,phrase,C2
(I'll) tell you what,phrase,C2
tie the knot,phrase,C2
be/feel on top of the world,phrase,C2
"at the tender age of 8/17/25, etc.",phrase,C2
tired of doing sth,phrase,B1
sparkling water/wine,phrase,B1
take sb/sth seriously,phrase,B2
throw up (sth) or throw (sth) up,phrasal verb,B2
shake off sth or shake sth off,phrasal verb,C2
have (got) a temperature,phrase,A2
suffer from sth,phrase,B1
sit up/stand up straight,phrase,B2
a sharp pain,phrase,C2
set out sth or set sth out,phrasal verb,B2
shut (sb) up,phrasal verb,B2
speak up,phrasal verb,B2
stand for sth,phrasal verb,B2
stand up for sth/sb,phrasal verb,B2
sum up (sth/sb) or sum (sth/sb) up,phrasal verb,B2
talk sb into sth/doing sth,phrasal verb,B2
talk over sth or talk sth over,phrasal verb,B2
tell off sb or tell sb off,phrasal verb,B2
slip out,phrasal verb,C2
talk sb out of sth/doing sth,phrasal verb,C2
see you soon,phrase,A1
shall I/we...?,phrase,A2
and so on,phrase,A2
or something (like that),phrase,A2
such a(n),phrase,A2
such as,phrase,A2
I suppose,phrase,A2
tell sb to do sth,phrase,A2
no thanks,phrase,A2
not too,phrase,A2
I suppose (so),phrase,B1
tell sb how/what/when to do sth,phrase,B1
I can't tell you how ...,phrase,B1
once upon a time,phrase,B1
too bad,phrase,B1
"be/get/keep, etc. in touch",phrase,B1
"generally/personally, etc. speaking",phrase,B2
come/get straight to the point,phrase,B2
among other things,phrase,B2
it's a good thing,phrase,B2
to my mind,phrase,B2
mother tongue,phrase,B2
lose touch,phrase,B2
in short,phrase,C1
speak for/on behalf of sb,phrase,C1
for a start,phrase,C1
strong language,phrase,C1
all things considered,phrase,C1
to say the least,phrase,C1
I told you so,phrase,C2
so to speak,phrase,C2
so to speak,phrase,C2
I told you so,phrase,C2
for one thing,phrase,C2
the next thing I knew,phrase,C2
come to think of it,phrase,C2
pay tribute to sb/sth,phrase,C2
put/set the record straight,phrase,C1
speak volumes,phrase,C2
stand trial,phrase,C2
"too small/hard/much, etc.",phrase,A1
be short of sth,phrase,B1
"three/eight/nine, etc. times",phrase,B1
"somewhere around/between, etc.",phrase,B2
not a single thing,phrase,B2
all shapes and sizes,phrase,C2
a touch,phrase,C2
"stiff drink/whisky/vodka, etc.",phrase,C2
toilets,phrase,A2
standard of living,phrase,B2
show sb around/round,phrasal verb,B1
sign up,phrasal verb,B1
start (sth) off or start off(sth),phrasal verb,B1
stay behind,phrasal verb,B1
take out sb or take sb out,phrasal verb,B1
take out sth or take sth out,phrasal verb,B1
take up sth or take sth up,phrasal verb,B1
throw away/out sth or throw sth away/out,phrasal verb,B1
tidy up (sth) or tidy (sth) up,phrasal verb,B1
set up sth or set sth up,phrasal verb,B2
settle down,phrasal verb,B2
slow (sb/sth) down/up or slow down/up (sb/sth),phrasal verb,B2
slow down,phrasal verb,B2
sort out sth or sort sth out,phrasal verb,B2
sort out sth or sort sth out,phrasal verb,B2
spread out,phrasal verb,B2
squeeze (sb/sth) in/squeeze (sb/sth) into sth,phrasal verb,B2
stand back,phrasal verb,B2
stay out,phrasal verb,B2
stick to sth,phrasal verb,B2
take sb around/round (sth/swh),phrasal verb,B2
take away sth or take sth away,phrasal verb,B2
take away sth or take sth away,phrasal verb,B2
take down sth or take sth down,phrasal verb,B2
throw out sb or throw sb out,phrasal verb,B2
tie up sb/sth or tie sb/sth up,phrasal verb,B2
try out sth or try sth out,phrasal verb,B2
tear up sth or tear sth up,phrasal verb,C1
spin (sb) around/round,phrasal verb,C2
track down sb/sth or track sb/sth down,phrasal verb,C2
make sure (that),phrase,A2
get/go to sleep,phrase,B1
"step back/forward/over, etc.",phrase,B1
step on/in sth,phrase,B1
set an example,phrase,B2
"slam sth down/onto/into, etc.",phrase,B2
"slide (sth) across/down/along, etc.",phrase,B2
"splash about/around/through, etc.",phrase,B2
"stand (sth) in/against/by, etc. sth",phrase,B2
"stick (sth) in/into/through, etc.",phrase,B2
"stroll along/down/through, etc.",phrase,C1
toss (a coin),phrase,C1
"set sth down/on, etc.",phrase,C2
"shoot across/out/up, etc.",phrase,C2
put sth to one side,phrase,C2
"slip sth into/through, etc.",phrase,C2
snap (sth) open/shut/together,phrase,C2
"sneak into/out/around, etc.",phrase,C2
"sneak sth into/out of/through, etc.",phrase,C2
sneak a look/glance at sb/sth,phrase,C2
make a start,phrase,C2
"sweep along/into/past, etc.",phrase,C2
"tip sth into/onto/out of, etc. sth",phrase,C2
"toss sth away/into/on, etc.",phrase,C2
(be) in your seventies,phrase,B2
(be) in your sixties,phrase,B2
(be) in your thirties,phrase,B2
settle in,phrasal verb,C1
take to sb/sth,phrasal verb,C1
tire of sth/sb/doing sth,phrasal verb,C2
a shame,phrase,A2
feel sorry for,phrase,B1
in tears,phrase,B1
"sound angry/happy/rude, etc.",phrase,B2
"in good/high/low, etc. spirits",phrase,B2
"bored/scared/worried, etc. stiff",phrase,B2
be sure of sth,phrase,B2
be sure of yourself,phrase,B2
can tell,phrase,B2
lose your temper,phrase,B2
sb's strong point,phrase,C1
not stand for sth,phrase,C2
keep your temper,phrase,C2
stand for sth,phrasal verb,B2
stand by sb,phrasal verb,B2
stand up sb or stand sb up,phrasal verb,B2
take after sb,phrasal verb,B2
sleep with sb,phrasal verb,C2
stick by sb,phrasal verb,C2
single parent,phrase,B1
not be on speaking terms,phrase,C2
take off,phrasal verb,A2
set off,phrasal verb,B1
set out,phrasal verb,B1
stay over,phrasal verb,B2
the sights,phrase,B1
single ticket,phrase,B1
the tube/the Tube,phrase,B1
set sail,phrase,C2
take off sth or take sth off,phrasal verb,B2
step down,phrasal verb,C2
spare time,phrase,A2
steady job/work,phrase,C2
the supernatural,phrase,B2
"be situated in/on/by, etc.",phrase,B1
a sleepless night,phrase,C1
shortly afterwards; shortly after/before sth,phrase,B1
strictly forbidden/prohibited,phrase,B2
take off sth or take sth off,phrasal verb,A2
try on sth or try sth on,phrasal verb,A2
set up sth or set sth up,phrasal verb,B1
show up,phrasal verb,B1
shut (sth) down or shut down (sth),phrasal verb,B1
split up,phrasal verb,B1
stay in,phrasal verb,B1
switch off sth or switch sth off,phrasal verb,B1
switch on sth or switch sth on,phrasal verb,B1
take away sth or take sth away,phrasal verb,B1
take back sth or take sth back,phrasal verb,B1
show off,phrasal verb,B2
shut (sth) down or shut down (sth),phrasal verb,B2
soak up sth or soak sth up,phrasal verb,B2
stand out,phrasal verb,B2
stand out,phrasal verb,B2
stay up,phrasal verb,B2
stick out,phrasal verb,B2
stick with sth/sb,phrasal verb,B2
stop over,phrasal verb,B2
be taken in,phrasal verb,B2
take off,phrasal verb,B2
take on sb or take sb on,phrasal verb,B2
take out sth or take sth out,phrasal verb,B2
take over (sth) or take (sth) over,phrasal verb,B2
take up sth or take sth up,phrasal verb,B2
think over sth or think sth over,phrasal verb,B2
think through sth or think sth through,phrasal verb,B2
set back sb/sth or set sb/sth back,phrasal verb,C1
settle down,phrasal verb,C1
shake up sth or shake sth up,phrasal verb,C1
stand up to sb/sth,phrasal verb,C1
start out,phrasal verb,C1
stay away from sth,phrasal verb,C1
stay on,phrasal verb,C1
stem from sth,phrasal verb,C1
store up sth,phrasal verb,C1
take on sth or take sth on,phrasal verb,C1
throw yourself into sth,phrasal verb,C1
set off sth or set sth off,phrasal verb,C2
set out,phrasal verb,C2
settle (sb) down,phrasal verb,C2
shake up sb or shake sb up,phrasal verb,C2
sketch sth out,phrasal verb,C2
slip away,phrasal verb,C2
slip away,phrasal verb,C2
slip away,phrasal verb,C2
slip away,phrasal verb,C2
slip up,phrasal verb,C2
spring from sth,phrasal verb,C2
spring up,phrasal verb,C2
spy on sb,phrasal verb,C2
squeeze sb/sth in or squeeze in sb/sth,phrasal verb,C2
stand in,phrasal verb,C2
stay out of sth,phrasal verb,C2
stir up sth or stir sth up,phrasal verb,C2
store up sth,phrasal verb,C2
stumble across/on/upon sth/sb,phrasal verb,C2
subject sb/sth to sth,phrasal verb,C2
take in sth or take sth in,phrasal verb,C2
take over,phrasal verb,C2
talk sth through or talk through sth,phrasal verb,C2
tear apart sth or tear sth apart,phrasal verb,C2
tear apart sth or tear sth apart,phrasal verb,C2
tear down sth or tear sth down,phrasal verb,C2
think ahead,phrasal verb,C2
think back,phrasal verb,C2
tip sb off or tip off sb,phrasal verb,C2
top sth off or top off sth,phrasal verb,C2
"There is/are/was, etc.",phrase,A1
things,phrase,A1
as soon as possible,phrase,A2
all sorts of sth,phrase,A2
"sound good/interesting/strange, etc.",phrase,A2
studies,phrase,A2
(by) themselves,phrase,A2
these days,phrase,A2
all the time,phrase,A2
from ... to ...,phrase,A2
go to the toilet,phrase,A2
shake hands,phrase,B1
show sb what to do/how to do sth,phrase,B1
be sick,phrase,B1
every single,phrase,B1
"smell of/like; smell delicious/horrible, etc.",phrase,B1
"so did we/so have I/so is mine, etc.",phrase,B1
so far,phrase,B1
so (that),phrase,B1
as soon as,phrase,B1
that sort of thing,phrase,B1
sound like/as if/as though,phrase,B1
speak about/of sth,phrase,B1
special offer,phrase,B1
in spite of sth,phrase,B1
straight away,phrase,B1
be supposed to do sth,phrase,B1
burst into tears,phrase,B1
that sort of thing,phrase,B1
and all that,phrase,B1
that's it,phrase,B1
a thing,phrase,B1
the same thing,phrase,B1
things,phrase,B1
things like that,phrase,B1
think of sth,phrase,B1
it's time,phrase,B1
in time,phrase,B1
on time,phrase,B1
at the same time,phrase,B1
"in a day's/two months', etc. time",phrase,B1
come true,phrase,B1
the truth,phrase,B1
set a record,phrase,B2
the seventies,phrase,B2
shake your head,phrase,B2
"a sharp rise/increase/drop, etc.",phrase,B2
in the short term,phrase,B2
why should/shouldn't...?,phrase,B2
side by side,phrase,B2
from side to side,phrase,B2
the sight of sb/sth,phrase,B2
at first sight,phrase,B2
the sixties,phrase,B2
if so,phrase,B2
so as to,phrase,B2
sooner or later,phrase,B2
special attention/care/treatment,phrase,B2
better/worse still,phrase,B2
what struck me/the first thing that struck me...,phrase,B2
no such thing,phrase,B2
all of a sudden,phrase,B2
be supposed to be sth,phrase,B2
be supposed to be sth,phrase,B2
be supposed to do sth,phrase,B2
"be/get swept along/away, etc.",phrase,B2
tend to do sth,phrase,B2
thanks to sb/sth,phrase,B2
that's it,phrase,B2
now and then,phrase,B2
in theory,phrase,B2
here and there,phrase,B2
the whole thing,phrase,B2
no such thing,phrase,B2
the main thing,phrase,B2
the thirties,phrase,B2
those who/which/that,phrase,B2
even though,phrase,B2
as though,phrase,B2
from time to time,phrase,B2
for some time,phrase,B2
on top of sth,phrase,B2
the trouble with sb/sth,phrase,B2
"turn blue/cold/nasty, etc.",phrase,B2
set foot in/on sth,phrase,C1
be all set,phrase,C1
a shade,phrase,C1
shed tears,phrase,C1
at short notice,phrase,C1
to do so,phrase,C1
even so,phrase,C1
so as not to do sth,phrase,C1
"solid gold/silver/wood, etc.",phrase,C1
be/have something to do with sth/sb,phrase,C1
no sooner ... than,phrase,C1
to spare,phrase,C1
up to speed,phrase,C1
exceed the speed limit,phrase,C1
stand at sth,phrase,C1
from start to finish,phrase,C1
stop at nothing,phrase,C1
get sth straight,phrase,C1
not think straight,phrase,C1
go from strength to strength,phrase,C1
strike a balance,phrase,C1
subject to sth,phrase,C1
suppose/supposing (that),phrase,C1
a sure thing,phrase,C1
be sure to do sth,phrase,C1
shed tears,phrase,C1
tell the difference,phrase,C1
that's that,phrase,C1
that is (to say),phrase,C1
every now and then,phrase,C1
the next best thing,phrase,C1
a sure thing,phrase,C1
not think straight,phrase,C1
think of sb/sth as sth,phrase,C1
think twice,phrase,C1
not think twice,phrase,C1
for the time being,phrase,C1
at times,phrase,C1
make time,phrase,C1
take your time,phrase,C1
behind the times,phrase,C1
in no time,phrase,C1
it's only a matter of time,phrase,C1
to do so,phrase,C1
to spare,phrase,C1
to the contrary,phrase,C1
keep track,phrase,C1
"turn 16/21, etc.",phrase,C1
serve a/the purpose,phrase,C2
"set guidelines/standards, etc.",phrase,C2
set fire to sth; set sth on fire,phrase,C2
your (fair) share of sth,phrase,C2
"a sharp contrast/difference, etc.",phrase,C2
"a sharp bend/turn, etc.",phrase,C2
shed light on,phrase,C2
"shelter from/in/under, etc.",phrase,C2
cut sth short or cut short sth,phrase,C2
fall short of sth,phrase,C2
fall short of sth,phrase,C2
stop short of sth/doing sth,phrase,C2
shower sb with sth,phrase,C2
on the side,phrase,C2
at/by your side,phrase,C2
catch sight of sth,phrase,C2
"slip out/through, etc.",phrase,C2
be slow to do sth; be slow in doing sth,phrase,C2
only so much/many,phrase,C2
every so often,phrase,C2
something like,phrase,C2
something of a sth,phrase,C2
would sooner,phrase,C2
body and soul,phrase,C2
"spare no effort/expense, etc.",phrase,C2
spare a thought for sb,phrase,C2
speaks for itself,phrase,C2
speak your mind,phrase,C2
free speech/freedom of speech,phrase,C2
the spotlight,phrase,C2
"spring back/forward/out, etc.",phrase,C2
spring to mind,phrase,C2
be at stake,phrase,C2
it stands to reason,phrase,C2
stand to gain/lose sth,phrase,C2
where you stand (with sb),phrase,C2
where sb stands (on sth),phrase,C2
stand a chance,phrase,C2
as it stands,phrase,C2
make/take a stand,phrase,C2
steer clear of sb/sth,phrase,C2
leave no stone unturned,phrase,C2
stop short of sth/doing sth,phrase,C2
"stretch away/into, etc.",phrase,C2
strike sb as sth,phrase,C2
"strike gold, oil, etc.",phrase,C2
strike a match,phrase,C2
a string of sth,phrase,C2
"a strong chance/possibility, etc.",phrase,C2
"strong opposition/support, etc.",phrase,C2
be still going strong,phrase,C2
be/get stuck with sb/sth,phrase,C2
cramp sb's style,phrase,C2
subject to sth,phrase,C2
the substance of sth,phrase,C2
ever such a,phrase,C2
sure enough,phrase,C2
"swallow your anger/disappointment/pride, etc.",phrase,C2
your take on sth,phrase,C2
be in good taste,phrase,C2
be in bad/poor taste,phrase,C2
a taste for sth,phrase,C2
teach sb a lesson,phrase,C2
in that,phrase,C2
this and that,phrase,C2
thick and fast,phrase,C2
vanish into thin air,phrase,C2
not think much of sb/sth,phrase,C2
Who would have thought...?,phrase,C2
think highly/a lot of sb/sth,phrase,C2
I dread to think,phrase,C2
a thirst for sth,phrase,C2
this and that,phrase,C2
spare a thought for sb,phrase,C2
train of thought,phrase,C2
on the threshold of sth,phrase,C2
time after time,phrase,C2
have no time for sb/sth,phrase,C2
give sb a hard time,phrase,C2
at one time or another,phrase,C2
at the best of times,phrase,C2
to go,phrase,C2
"to sb's disappointment/relief/surprise, etc.",phrase,C2
to death,phrase,C2
to all intents and purposes,phrase,C2
to the point,phrase,C2
to sb's satisfaction,phrase,C2
the top,phrase,C2
from top to bottom,phrase,C2
toss and turn,phrase,C2
not touch sb/sth,phrase,C2
be/get out of touch,phrase,C2
"trudge along/through/up, etc.",phrase,C2
lose track,phrase,B2
to cut a long story short,phrase,C1
look on the bright side,phrase,C1
the final/last straw,phrase,C1
on track,phrase,C1
turn a blind eye (to sth),phrase,C1
set your sights on sth,phrase,C2
lose sight of sth,phrase,C2
set your sights on sth,phrase,C2
a slap in the face,phrase,C2
lose sleep over something,phrase,C2
slip your mind,phrase,C2
have a soft spot for sb/sth,phrase,C2
a sore point,phrase,C2
keep body and soul together,phrase,C2
stand your ground,phrase,C2
a stone's throw,phrase,C2
keep a straight face,phrase,C2
pull strings,phrase,C2
no strings (attached),phrase,C2
give and take,phrase,C2
through thick and thin,phrase,C2
wear thin,phrase,C2
through thick and thin,phrase,C2
do your own thing,phrase,C2
a tight corner,phrase,C2
touch and go,phrase,C2
off the beaten track,phrase,C2
a fast track (to sth),phrase,C2
I/we understand (that)...,phrase,C1
not be sb's type,phrase,C2
can't wait,phrase,A2
"a quick/slow/good, etc. worker",phrase,B1
in writing,phrase,B2
be/feel under the weather,phrase,C2
best wishes,phrase,A2
a vehicle for sth/doing sth,phrase,C2
worst of all,phrase,B2
wait a minute/moment,phrase,B1
make yourself understood,phrase,C1
keep sb waiting,phrase,B1
"wipe sth away/from/off, etc.",phrase,B2
walk sb home/to sth,phrase,B1
walk the dog,phrase,B1
the Web,phrase,A2
the wheel,phrase,B2
"a short/ten-minute, etc. walk",phrase,B2
give vent to,phrase,C2
be on the verge of sth/doing sth,phrase,C2
"a wave of hatred/enthusiasm/sadness, etc.",phrase,C2
make waves,phrase,C2
not sleep a wink,phrase,C2
be on the same wavelength,phrase,C2
the west,phrase,A2
(the) West,phrase,B2
running water,phrase,C1
conventional wisdom,phrase,C1
fresh water,phrase,C2
a wealth of sth,phrase,C2
be (like) water off a duck's back,phrase,C2
not hold water,phrase,C2
keep your head above water,phrase,C2
outstay/overstay your welcome,phrase,C2
throw caution to the wind,phrase,C2
wait and see,phrase,C1
"sb's attention/mind/thoughts, etc. wander",phrase,C2
urge sb to do sth,phrase,C1
undertake to do sth,phrase,C2
be wasted on sb,phrase,C2
"wield influence/power, etc.",phrase,C2
wear thin,phrase,C2
Yours sincerely,phrase,B1
with respect to sth,phrase,B2
no way,phrase,B1
Who cares?,phrase,B2
be up to sth,phrase,B1
wish to do sth,phrase,B2
in view of sth,phrase,B2
with a view to doing sth,phrase,C1
with a view to doing sth,phrase,C1
as yet,phrase,C1
in the vicinity (of sth),phrase,C2
by virtue of sth,phrase,C2
with the compliments of sb,phrase,C2
"worthy of attention/notice, etc.",phrase,C2
What's up?,phrase,B1
not be up to much,phrase,C2
in a big way,phrase,C2
what with,phrase,C2
be out of this world,phrase,C2
do sb a/the world of good,phrase,C2
Don't get me wrong,phrase,C2
turn your nose up at sth,phrase,C2
down under,phrase,C2
be/feel on top of the world,phrase,C2
"unusually big/strong/good,etc.",phrase,B2
in no uncertain terms,phrase,C2
be unable to do sth,phrase,B1
be unfamiliar with sth,phrase,B2
unsure of yourself,phrase,C2
be used to sb/sth/doing sth,phrase,B1
get/become used to sb/sth/doing sth,phrase,B1
upset stomach,phrase,B2
lose your voice,phrase,B2
be/feel under the weather,phrase,C2
turn down sb/sth or turn sb/sth down,phrasal verb,B2
turn to sb/sth,phrasal verb,B2
watch out,phrasal verb,B2
Well done!,phrase,A1
Don't worry (about sth),phrase,A1
would like sth/to do sth,phrase,A1
Would you like ...?,phrase,A1
by the way,phrase,A2
you're welcome,phrase,A2
What about ...?,phrase,A2
why don't you?/ why not do sth?,phrase,A2
would love sth,phrase,A2
would love to (do sth),phrase,A2
you're welcome,phrase,A2
once upon a time,phrase,B1
be welcome to do sth,phrase,B1
Oh well,phrase,B1
What about ...?,phrase,B1
What if ...?,phrase,B1
whether... or,phrase,B1
why not?,phrase,B1
"wish sb luck/success, etc.",phrase,B1
"not believe/understand/hear/say, etc. a word",phrase,B1
Would you mind...?,phrase,B1
What ...for?,phrase,B2
what's/what is more,phrase,B2
no wonder,phrase,B2
have a word (with sb),phrase,B2
in other words,phrase,B2
Yours faithfully,phrase,B2
raise your voice,phrase,C1
it's just as well,phrase,C1
give sb your word,phrase,C1
take sb's word for it,phrase,C1
under your breath,phrase,C2
speak volumes,phrase,C2
very much,phrase,A1
the whole of sth,phrase,B1
"a wide range/selection/variety, etc.",phrase,B1
get worse,phrase,B1
as a whole,phrase,B2
worse and worse,phrase,B2
be worth,phrase,B1
the universe,phrase,B1
wake (sb) up or wake up (sb),phrasal verb,A1
wash (sth) up or wash up (sth),phrasal verb,A2
turn down sth or turn sth down,phrasal verb,B1
wear (sth) out or wear out (sth),phrasal verb,B1
wrap sth up or wrap up sth,phrasal verb,B1
turn out,phrasal verb,B2
use up sth or use sth up,phrasal verb,B2
wear sb out or wear out sb,phrasal verb,B2
work at sth,phrasal verb,B2
work on sth,phrasal verb,B2
work sth out or work out sth,phrasal verb,B2
"go/walk, etc. up to sb/sth",phrase,B1
take turns or take it in turns,phrase,B2
"wind (sth) around/round, etc. sth",phrase,B2
"venture into/out/outside, etc.",phrase,C2
cast a/your vote,phrase,C2
"thread your way through/between, etc.",phrase,C2
be ... years old,phrase,A1
(be) in your twenties,phrase,B2
the young,phrase,B2
sb's youth,phrase,B2
be willing (to do sth),phrase,B1
wish (that),phrase,B1
would rather,phrase,B1
be under the impression,phrase,B2
values,phrase,B2
fear the worst,phrase,C2
the vote,phrase,C1
the underground,phrase,A2
on the whole,phrase,B1
make your way,phrase,C2
the unemployed,phrase,C1
unusually for sb,phrase,C2
be unclear about sth,phrase,B2
the unknown,phrase,C1
an unknown quantity,phrase,C2
as usual,phrase,A2
come in useful,phrase,C2
a working knowledge of sth,phrase,B2
differ/vary widely,phrase,B2
"wrongly accused/convicted/imprisoned, etc.",phrase,C1
have a weakness for sth/sb,phrase,C2
a vicious circle/cycle,phrase,C2
turn off sth or turn sth off,phrasal verb,A2
turn on sth or turn sth on,phrasal verb,A2
turn (sb/sth) into sb/sth,phrasal verb,B1
turn up sth or turn sth up,phrasal verb,B1
work out,phrasal verb,B1
write sth down or write down sth,phrasal verb,B1
turn (sth) back,phrasal verb,B2
turn out,phrasal verb,B2
turn out,phrasal verb,B2
turn up (somewhere),phrasal verb,B2
wear off,phrasal verb,B2
work out,phrasal verb,B2
write sth up or write up sth,phrasal verb,C1
urge sb on,phrasal verb,C2
wipe sth out or wipe out sth,phrasal verb,C2
work sth out or work out sth,phrasal verb,C2
write sb/sth off or write off sb/sth,phrasal verb,C2
"not very good/tall/happy, etc.",phrase,A1
as well,phrase,A1
"up the road/street, etc.",phrase,A2
a variety of sth/sb,phrase,A2
as well as,phrase,A2
without sb,phrase,A2
your world,phrase,A2
be wrong,phrase,A2
(by) yourself,phrase,A2
not until,phrase,B1
not until,phrase,B1
be up to sb,phrase,B1
"up to 10, 20, etc.",phrase,B1
"up to/until/till, etc.",phrase,B1
used to do/be sth,phrase,B1
good value (for money),phrase,B1
a/sb's way of life,phrase,B1
either way,phrase,B1
all is well,phrase,B1
a while,phrase,B1
quite a while,phrase,B1
"5 miles/10 metres, etc. wide",phrase,B1
without delay,phrase,B1
be worth sth/doing sth,phrase,B1
be worth it,phrase,B1
get sth wrong,phrase,B1
go wrong,phrase,B1
for years,phrase,B1
the twenties,phrase,B2
"under attack/control/investigation, etc.",phrase,B2
up and down,phrase,B2
up and down,phrase,B2
be (of) any/some use,phrase,B2
be (of) no use,phrase,B2
be no use doing sth,phrase,B2
make use of sth,phrase,B2
one way or another,phrase,B2
one way or the other,phrase,B2
the other way round/around,phrase,B2
make your way,phrase,B2
all the way,phrase,B2
in a way; in some/many ways,phrase,B2
may/might as well,phrase,B2
may/might/could well,phrase,B2
it's just as well,phrase,B2
or whatever,phrase,B2
whenever possible,phrase,B2
wherever possible,phrase,B2
(every) once in a while,phrase,B2
will have,phrase,B2
"wind along/through, etc.",phrase,B2
to make matters worse,phrase,B2
"the best/worst, etc. yet",phrase,B2
yet again,phrase,B2
in turn,phrase,C1
in turn,phrase,C1
in turn,phrase,C1
think twice,phrase,C1
not think twice,phrase,C1
or two,phrase,C1
be in two minds,phrase,C1
be unique to sb/sth,phrase,C1
up to speed,phrase,C1
do your utmost,phrase,C1
in vain,phrase,C1
in no way/not in any way,phrase,C1
by way of sth,phrase,C1
get/have your (own) way,phrase,C1
may/might as well do sth,phrase,C1
be all very well,phrase,C1
no ... whatsoever,phrase,C1
when it comes to sth/doing sth,phrase,C1
with the aid of sth,phrase,C1
keep your word,phrase,C1
can work sth; know how to work sth,phrase,C1
you see,phrase,C1
turn your back on sb/sth,phrase,C2
toss and turn,phrase,C2
take a turn for the better/worse,phrase,C2
the turn of the century,phrase,C2
turn of events,phrase,C2
be under way,phrase,C2
get underway,phrase,C2
an uphill battle/struggle/task,phrase,C2
the upper limit,phrase,C2
upwards of sth,phrase,C2
the use of sth,phrase,C2
a vain attempt/effort/hope,phrase,C2
"vent your anger/frustration, etc.",phrase,C2
"nothing ventured, nothing gained",phrase,C2
go out of your way to do sth,phrase,C2
get/have sth out of the way,phrase,C2
be under way,phrase,C2
give way to sth,phrase,C2
give way,phrase,C2
make way for sth,phrase,C2
do/learn sth the hard way,phrase,C2
weary of sth/sb,phrase,C2
can't/couldn't very well do sth,phrase,C2
mean well,phrase,C2
where you stand (with sb),phrase,C2
where sb stands (on sth),phrase,C2
sb's whereabouts,phrase,C2
be worth your while,phrase,C2
be wide awake,phrase,C2
run wild,phrase,C2
run wild,phrase,C2
"a wild accusation/guess/rumour, etc.",phrase,C2
"win approval/respect/support, etc.",phrase,C2
within limits,phrase,C2
within (sb's) reach,phrase,C2
within reason,phrase,C2
word for word,phrase,C2
in sb's words,phrase,C2
at a loss for words,phrase,C2
be worth your while,phrase,C2
would sooner,phrase,C2
"10/20, etc. years sb's junior",phrase,C2
yearn for sth; yearn to do sth,phrase,C2
"yet another/more, etc.",phrase,C2
"could/may/might, etc. yet",phrase,C2
be/have yet to do sth,phrase,C2
at face value,phrase,C1
(take) the easy way out,phrase,C1
with flying colours,phrase,C1
(have) the best of both worlds,phrase,C1
turn over a new leaf,phrase,C2
under your nose,phrase,C2
get/gain the upper hand,phrase,C2
pave the way,phrase,C2
pull your weight,phrase,C2
carry weight,phrase,C2
beyond your wildest dreams,phrase,C2
not/never in your wildest dreams,phrase,C2
with your bare hands,phrase,C2
with bated breath,phrase,C2
be lost for words,phrase,C2
not be the end of the world,phrase,C2
get off/start on the wrong foot,phrase,C2
