word,pos,cefr_int,cefr,ngram_2013,ngram_2014,ngram_2015,ngram_2016,ngram_2017,ngram_2018,ngram_2019
cattle,NAN,3,B,1.6e-05,1.5e-05,1.5e-05,1.5e-05,1.7e-05,1.8e-05,1.7e-05
clothes,NAN,1,A,4.7e-05,5.2e-05,5.5e-05,5.1e-05,5.1e-05,5.2e-05,5.4e-05
albeit,NAN,6,C,1e-05,1e-05,1e-05,1.1e-05,1.1e-05,1e-05,1e-05
and,NAN,1,A,0.023055,0.023011,0.022987,0.023237,0.023286,0.022999,0.022951
because,NAN,1,A,0.000631,0.000639,0.000648,0.000644,0.000631,0.000614,0.000614
but,NAN,1,A,0.002116,0.002234,0.002322,0.00228,0.0023,0.002358,0.00236
as,NAN,2,A,0.005224,0.005317,0.005329,0.005389,0.005382,0.005295,0.005298
although,NAN,3,B,0.000134,0.000132,0.000126,0.000127,0.000124,0.000116,0.000115
close,NAN,3,B,0.000166,0.000173,0.000178,0.000173,0.00017,0.000167,0.000166
before,NAN,2,A,0.00059,0.000627,0.000662,0.0,0.0,0.0,0.0
after,NAN,3,B,0.0,0.0,0.0,0.0,0.0,0.0,0.0
eight,NAN,1,A,0.0,0.0,0.0,0.0,0.0,0.0,0.0
eighteen,NAN,1,A,0.0,0.0,0.0,0.0,0.0,0.0,0.0
eleven,NAN,1,A,0.0,0.0,0.0,0.0,0.0,0.0,0.0
eighth,NAN,2,A,0.0,0.0,0.0,0.0,0.0,0.0,0.0
eighty,NAN,2,A,0.0,0.0,0.0,0.0,0.0,0.0,0.0
fifteen,NAN,1,A,0.0,0.0,0.0,0.0,0.0,0.0,0.0
five,NAN,1,A,0.0,0.0,0.0,0.0,0.0,0.0,0.0
four,NAN,1,A,0.0,0.0,0.0,0.0,0.0,0.0,0.0
fourteen,NAN,1,A,0.0,0.0,0.0,0.0,0.0,0.0,0.0
fifth,NAN,2,A,0.0,0.0,0.0,0.0,0.0,0.0,0.0
fifty,NAN,2,A,0.0,0.0,0.0,0.0,0.0,0.0,0.0
forty,NAN,2,A,0.0,0.0,0.0,0.0,0.0,0.0,0.0
fourth,NAN,2,A,0.0,0.0,0.0,0.0,0.0,0.0,0.0
hundred,NAN,2,A,0.0,0.0,0.0,0.0,0.0,0.0,0.0
if,NAN,2,A,0.0,0.0,0.0,0.0,0.0,0.0,0.0
however,NAN,6,C,0.0,0.0,0.0,0.0,0.0,0.0,0.0
million,NAN,2,A,0.0,0.0,0.0,0.0,0.0,0.0,0.0
like,NAN,3,B,0.0,0.0,0.0,0.0,0.0,0.0,0.0
or,NAN,1,A,0.0,0.0,0.0,0.0,0.0,0.0,0.0
only,NAN,6,C,0.0,0.0,0.0,0.0,0.0,0.0,0.0
nine,NAN,1,A,0.0,0.0,0.0,0.0,0.0,0.0,0.0
nineteen,NAN,1,A,0.0,0.0,0.0,0.0,0.0,0.0,0.0
one,NAN,1,A,0.0,0.0,0.0,0.0,0.0,0.0,0.0
ninety,NAN,2,A,0.0,0.0,0.0,0.0,0.0,0.0,0.0
ninth,NAN,2,A,0.0,0.0,0.0,0.0,0.0,0.0,0.0
now,NAN,4,B,0.0,0.0,0.0,0.0,0.0,0.0,0.0
once,NAN,4,B,0.0,0.0,0.0,0.0,0.0,0.0,0.0
second,NAN,3,B,0.0,0.0,0.0,0.0,0.0,0.0,0.0
politically,NAN,5,C,0.0,0.0,0.0,0.0,0.0,0.0,0.0
plus,NAN,3,B,0.0,0.0,0.0,0.0,0.0,0.0,0.0
seventy,NAN,2,A,0.0,0.0,0.0,0.0,0.0,0.0,0.0
so,NAN,2,A,0.0,0.0,0.0,0.0,0.0,0.0,0.0
seven,NAN,1,A,0.0,0.0,0.0,0.0,0.0,0.0,0.0
seventeen,NAN,1,A,0.0,0.0,0.0,0.0,0.0,0.0,0.0
six,NAN,1,A,0.0,0.0,0.0,0.0,0.0,0.0,0.0
sixteen,NAN,1,A,0.0,0.0,0.0,0.0,0.0,0.0,0.0
ten,NAN,1,A,0.0,0.0,0.0,0.0,0.0,0.0,0.0
thirteen,NAN,1,A,0.0,0.0,0.0,0.0,0.0,0.0,0.0
three,NAN,1,A,0.0,0.0,0.0,0.0,0.0,0.0,0.0
to,NAN,1,A,0.0,0.0,0.0,0.0,0.0,0.0,0.0
seventh,NAN,2,A,0.0,0.0,0.0,0.0,0.0,0.0,0.0
sixth,NAN,2,A,0.0,0.0,0.0,0.0,0.0,0.0,0.0
sixty,NAN,2,A,0.0,0.0,0.0,0.0,0.0,0.0,0.0
that,NAN,2,A,0.0,0.0,0.0,0.0,0.0,0.0,0.0
third,NAN,2,A,0.0,0.0,0.0,0.0,0.0,0.0,0.0
thirty,NAN,2,A,0.0,0.0,0.0,0.0,0.0,0.0,0.0
thousand,NAN,2,A,0.0,0.0,0.0,0.0,0.0,0.0,0.0
since,NAN,3,B,0.0,0.0,0.0,0.0,0.0,0.0,0.0
though,NAN,3,B,0.0,0.0,0.0,0.0,0.0,0.0,0.0
till,NAN,3,B,0.0,0.0,0.0,0.0,0.0,0.0,0.0
zero,NAN,2,A,0.0,0.0,0.0,0.0,0.0,0.0,0.0
while,NAN,4,B,0.0,0.0,0.0,0.0,0.0,0.0,0.0
whereas,NAN,4,B,0.0,0.0,0.0,0.0,0.0,0.0,0.0
twelve,NAN,1,A,0.0,0.0,0.0,0.0,0.0,0.0,0.0
twenty,NAN,1,A,0.0,0.0,0.0,0.0,0.0,0.0,0.0
two,NAN,1,A,0.0,0.0,0.0,0.0,0.0,0.0,0.0
when,NAN,2,A,0.0,0.0,0.0,0.0,0.0,0.0,0.0
where,NAN,2,A,0.0,0.0,0.0,0.0,0.0,0.0,0.0
unless,NAN,3,B,0.0,0.0,0.0,0.0,0.0,0.0,0.0
until,NAN,3,B,0.0,0.0,0.0,0.0,0.0,0.0,0.0
whenever,NAN,3,B,0.0,0.0,0.0,0.0,0.0,0.0,0.0
wherever,NAN,3,B,0.0,0.0,0.0,0.0,0.0,0.0,0.0
whether,NAN,3,B,0.0,0.0,0.0,0.0,0.0,0.0,0.0
yet,NAN,3,B,0.0,0.0,0.0,0.0,0.0,0.0,0.0
caution,VERB,6,C,0.0,0.0,0.0,0.0,0.0,0.0,0.0
advertisement,NOUN,2,A,0.0,0.0,0.0,0.0,0.0,0.0,0.0
assert,VERB,5,C,0.0,0.0,0.0,0.0,0.0,0.0,0.0
address,VERB,6,C,0.0,0.0,0.0,0.0,0.0,0.0,0.0
cash,NOUN,3,B,0.0,0.0,0.0,0.0,0.0,0.0,0.0
acquire,VERB,4,B,0.0,0.0,0.0,0.0,0.0,0.0,0.0
click,VERB,6,C,0.0,0.0,0.0,0.0,0.0,0.0,0.0
bike,NOUN,3,B,0.0,0.0,0.0,0.0,0.0,0.0,0.0
clarification,NOUN,5,C,0.0,0.0,0.0,0.0,0.0,0.0,0.0
acknowledge,VERB,5,C,0.0,0.0,0.0,0.0,0.0,0.0,0.0
aid,VERB,5,C,0.0,0.0,0.0,0.0,0.0,0.0,0.0
applaud,VERB,6,C,0.0,0.0,0.0,0.0,0.0,0.0,0.0
cease,VERB,4,B,0.0,0.0,0.0,0.0,0.0,0.0,0.0
carrot,NOUN,6,C,0.0,0.0,0.0,0.0,0.0,0.0,0.0
character,NOUN,6,C,0.0,0.0,0.0,0.0,0.0,0.0,0.0
ages,NOUN,3,B,0.0,0.0,0.0,0.0,0.0,0.0,0.0
bunch,NOUN,3,B,0.0,0.0,0.0,0.0,0.0,0.0,0.0
birth,NOUN,5,C,0.0,0.0,0.0,0.0,0.0,0.0,0.0
approval,NOUN,4,B,0.0,0.0,0.0,0.0,0.0,0.0,0.0
chemical,NOUN,4,B,0.0,0.0,0.0,0.0,0.0,0.0,0.0
appearance,NOUN,4,B,0.0,0.0,0.0,0.0,0.0,0.0,0.0
assurance,NOUN,5,C,0.0,0.0,0.0,0.0,0.0,0.0,0.0
allowance,NOUN,5,C,0.0,0.0,0.0,0.0,0.0,0.0,0.0
assistance,NOUN,4,B,0.0,0.0,0.0,0.0,0.0,0.0,0.0
assistant,NOUN,3,B,0.0,0.0,0.0,0.0,0.0,0.0,0.0
coherence,NOUN,6,C,0.0,0.0,0.0,0.0,0.0,0.0,0.0
bestseller,NOUN,4,B,0.0,0.0,0.0,0.0,0.0,0.0,0.0
beginner,NOUN,2,A,0.0,0.0,0.0,0.0,0.0,0.0,0.0
browser,NOUN,4,B,0.0,0.0,0.0,0.0,0.0,0.0,0.0
backpacker,NOUN,3,B,0.0,0.0,0.0,0.0,0.0,0.0,0.0
bumper,NOUN,4,B,0.0,0.0,0.0,0.0,0.0,0.0,0.0
cleaner,NOUN,2,A,0.0,0.0,0.0,0.0,0.0,0.0,0.0
babysitter,NOUN,3,B,0.0,0.0,0.0,0.0,0.0,0.0,0.0
barber,NOUN,3,B,0.0,0.0,0.0,0.0,0.0,0.0,0.0
builder,NOUN,3,B,0.0,0.0,0.0,0.0,0.0,0.0,0.0
adviser,NOUN,5,C,0.0,0.0,0.0,0.0,0.0,0.0,0.0
classic,NOUN,4,B,0.0,0.0,0.0,0.0,0.0,0.0,0.0
characteristic,NOUN,4,B,0.0,0.0,0.0,0.0,0.0,0.0,0.0
clothing,NOUN,4,B,0.0,0.0,0.0,0.0,0.0,0.0,0.0
catering,NOUN,4,B,0.0,0.0,0.0,0.0,0.0,0.0,0.0
boxing,NOUN,3,B,0.0,0.0,0.0,0.0,0.0,0.0,0.0
camping,NOUN,2,A,0.0,0.0,0.0,0.0,0.0,0.0,0.0
backpacking,NOUN,3,B,0.0,0.0,0.0,0.0,0.0,0.0,0.0
booking,NOUN,3,B,0.0,0.0,0.0,0.0,0.0,0.0,0.0
animation,NOUN,3,B,0.0,0.0,0.0,0.0,0.0,0.0,0.0
allegation,NOUN,5,C,0.0,0.0,0.0,0.0,0.0,0.0,0.0
addition,NOUN,4,B,0.0,0.0,0.0,0.0,0.0,0.0,0.0
admission,NOUN,4,B,0.0,0.0,0.0,0.0,0.0,0.0,0.0
action,NOUN,3,B,0.0,0.0,0.0,0.0,0.0,0.0,0.0
collection,NOUN,4,B,0.0,0.0,0.0,0.0,0.0,0.0,0.0
calculation,NOUN,4,B,0.0,0.0,0.0,0.0,0.0,0.0,0.0
admiration,NOUN,4,B,0.0,0.0,0.0,0.0,0.0,0.0,0.0
ambition,NOUN,4,B,0.0,0.0,0.0,0.0,0.0,0.0,0.0
appreciation,NOUN,4,B,0.0,0.0,0.0,0.0,0.0,0.0,0.0
affection,NOUN,4,B,0.0,0.0,0.0,0.0,0.0,0.0,0.0
attraction,NOUN,6,C,0.0,0.0,0.0,0.0,0.0,0.0,0.0
celebration,NOUN,3,B,0.0,0.0,0.0,0.0,0.0,0.0,0.0
adoption,NOUN,4,B,0.0,0.0,0.0,0.0,0.0,0.0,0.0
application,NOUN,4,B,0.0,0.0,0.0,0.0,0.0,0.0,0.0
capitalism,NOUN,6,C,0.0,0.0,0.0,0.0,0.0,0.0,0.0
archaeologist,NOUN,5,C,0.0,0.0,0.0,0.0,0.0,0.0,0.0
clarity,NOUN,6,C,0.0,0.0,0.0,0.0,0.0,0.0,0.0
capacity,NOUN,4,B,0.0,0.0,0.0,0.0,0.0,0.0,0.0
activity,NOUN,4,B,0.0,0.0,0.0,0.0,0.0,0.0,0.0
argument,NOUN,3,B,0.0,0.0,0.0,0.0,0.0,0.0,0.0
agreement,NOUN,4,B,0.0,0.0,0.0,0.0,0.0,0.0,0.0
arrangement,NOUN,4,B,0.0,0.0,0.0,0.0,0.0,0.0,0.0
achievement,NOUN,3,B,0.0,0.0,0.0,0.0,0.0,0.0,0.0
adjustment,NOUN,4,B,0.0,0.0,0.0,0.0,0.0,0.0,0.0
assessment,NOUN,4,B,0.0,0.0,0.0,0.0,0.0,0.0,0.0
amazement,NOUN,4,B,0.0,0.0,0.0,0.0,0.0,0.0,0.0
amusement,NOUN,4,B,0.0,0.0,0.0,0.0,0.0,0.0,0.0
astonishment,NOUN,4,B,0.0,0.0,0.0,0.0,0.0,0.0,0.0
attachment,NOUN,4,B,0.0,0.0,0.0,0.0,0.0,0.0,0.0
appointment,NOUN,6,C,0.0,0.0,0.0,0.0,0.0,0.0,0.0
blindness,NOUN,5,C,0.0,0.0,0.0,0.0,0.0,0.0,0.0
carelessness,NOUN,4,B,0.0,0.0,0.0,0.0,0.0,0.0,0.0
cheerfulness,NOUN,6,C,0.0,0.0,0.0,0.0,0.0,0.0,0.0
coldness,NOUN,6,C,0.0,0.0,0.0,0.0,0.0,0.0,0.0
collector,NOUN,4,B,0.0,0.0,0.0,0.0,0.0,0.0,0.0
ancestor,NOUN,4,B,0.0,0.0,0.0,0.0,0.0,0.0,0.0
championship,NOUN,3,B,0.0,0.0,0.0,0.0,0.0,0.0,0.0
bravery,NOUN,4,B,0.0,0.0,0.0,0.0,0.0,0.0,0.0
addiction,NOUN,4,B,0.0,0.0,0.0,0.0,0.0,0.0,0.0
abortion,NOUN,5,C,0.0,0.0,0.0,0.0,0.0,0.0,0.0
animal,NOUN,1,A,0.0,0.0,0.0,0.0,0.0,0.0,0.0
bird,NOUN,1,A,0.0,0.0,0.0,0.0,0.0,0.0,0.0
cat,NOUN,1,A,0.0,0.0,0.0,0.0,0.0,0.0,0.0
baby,NOUN,2,A,0.0,0.0,0.0,0.0,0.0,0.0,0.0
bear,NOUN,2,A,0.0,0.0,0.0,0.0,0.0,0.0,0.0
chicken,NOUN,2,A,0.0,0.0,0.0,0.0,0.0,0.0,0.0
ant,NOUN,3,B,0.0,0.0,0.0,0.0,0.0,0.0,0.0
bat,NOUN,3,B,0.0,0.0,0.0,0.0,0.0,0.0,0.0
bee,NOUN,3,B,0.0,0.0,0.0,0.0,0.0,0.0,0.0
bug,NOUN,3,B,0.0,0.0,0.0,0.0,0.0,0.0,0.0
bull,NOUN,3,B,0.0,0.0,0.0,0.0,0.0,0.0,0.0
butterfly,NOUN,3,B,0.0,0.0,0.0,0.0,0.0,0.0,0.0
cage,NOUN,3,B,0.0,0.0,0.0,0.0,0.0,0.0,0.0
calf,NOUN,3,B,0.0,0.0,0.0,0.0,0.0,0.0,0.0
camel,NOUN,3,B,0.0,0.0,0.0,0.0,0.0,0.0,0.0
breed,NOUN,4,B,0.0,0.0,0.0,0.0,0.0,0.0,0.0
cell,NOUN,4,B,0.0,0.0,0.0,0.0,0.0,0.0,0.0
collar,NOUN,4,B,0.0,0.0,0.0,0.0,0.0,0.0,0.0
beak,NOUN,5,C,0.0,0.0,0.0,0.0,0.0,0.0,0.0
bark,VERB,4,B,0.0,0.0,0.0,0.0,0.0,0.0,0.0
breed,VERB,4,B,0.0,0.0,0.0,0.0,0.0,0.0,0.0
book,NOUN,1,A,0.0,0.0,0.0,0.0,0.0,0.0,0.0
camera,NOUN,1,A,0.0,0.0,0.0,0.0,0.0,0.0,0.0
album,NOUN,2,A,0.0,0.0,0.0,0.0,0.0,0.0,0.0
cartoon,NOUN,2,A,0.0,0.0,0.0,0.0,0.0,0.0,0.0
channel,NOUN,2,A,0.0,0.0,0.0,0.0,0.0,0.0,0.0
clown,NOUN,2,A,0.0,0.0,0.0,0.0,0.0,0.0,0.0
act,NOUN,3,B,0.0,0.0,0.0,0.0,0.0,0.0,0.0
ad,NOUN,3,B,0.0,0.0,0.0,0.0,0.0,0.0,0.0
advert,NOUN,3,B,0.0,0.0,0.0,0.0,0.0,0.0,0.0
article,NOUN,3,B,0.0,0.0,0.0,0.0,0.0,0.0,0.0
biography,NOUN,3,B,0.0,0.0,0.0,0.0,0.0,0.0,0.0
chapter,NOUN,3,B,0.0,0.0,0.0,0.0,0.0,0.0,0.0
circus,NOUN,3,B,0.0,0.0,0.0,0.0,0.0,0.0,0.0
beat,NOUN,4,B,0.0,0.0,0.0,0.0,0.0,0.0,0.0
cello,NOUN,4,B,0.0,0.0,0.0,0.0,0.0,0.0,0.0
column,NOUN,4,B,0.0,0.0,0.0,0.0,0.0,0.0,0.0
bow,NOUN,6,C,0.0,0.0,0.0,0.0,0.0,0.0,0.0
art,NOUN,2,A,0.0,0.0,0.0,0.0,0.0,0.0,0.0
cable,NOUN,3,B,0.0,0.0,0.0,0.0,0.0,0.0,0.0
cinema,NOUN,5,C,0.0,0.0,0.0,0.0,0.0,0.0,0.0
brass,NOUN,6,C,0.0,0.0,0.0,0.0,0.0,0.0,0.0
ballet,NOUN,3,B,0.0,0.0,0.0,0.0,0.0,0.0,0.0
background,NOUN,4,B,0.0,0.0,0.0,0.0,0.0,0.0,0.0
accompany,VERB,6,C,0.0,0.0,0.0,0.0,0.0,0.0,0.0
act,VERB,3,B,0.0,0.0,0.0,0.0,0.0,0.0,0.0
advertise,VERB,3,B,0.0,0.0,0.0,0.0,0.0,0.0,0.0
broadcast,VERB,4,B,0.0,0.0,0.0,0.0,0.0,0.0,0.0
arm,NOUN,1,A,0.0,0.0,0.0,0.0,0.0,0.0,0.0
body,NOUN,1,A,0.0,0.0,0.0,0.0,0.0,0.0,0.0
accident,NOUN,2,A,0.0,0.0,0.0,0.0,0.0,0.0,0.0
back,NOUN,2,A,0.0,0.0,0.0,0.0,0.0,0.0,0.0
brain,NOUN,2,A,0.0,0.0,0.0,0.0,0.0,0.0,0.0
cold,NOUN,2,A,0.0,0.0,0.0,0.0,0.0,0.0,0.0
ache,NOUN,3,B,0.0,0.0,0.0,0.0,0.0,0.0,0.0
ankle,NOUN,3,B,0.0,0.0,0.0,0.0,0.0,0.0,0.0
bottom,NOUN,3,B,0.0,0.0,0.0,0.0,0.0,0.0,0.0
breast,NOUN,3,B,0.0,0.0,0.0,0.0,0.0,0.0,0.0
cheek,NOUN,3,B,0.0,0.0,0.0,0.0,0.0,0.0,0.0
chin,NOUN,3,B,0.0,0.0,0.0,0.0,0.0,0.0,0.0
bite,NOUN,4,B,0.0,0.0,0.0,0.0,0.0,0.0,0.0
breakdown,NOUN,4,B,0.0,0.0,0.0,0.0,0.0,0.0,0.0
bruise,NOUN,4,B,0.0,0.0,0.0,0.0,0.0,0.0,0.0
chest,NOUN,4,B,0.0,0.0,0.0,0.0,0.0,0.0,0.0
antibiotic,NOUN,6,C,0.0,0.0,0.0,0.0,0.0,0.0,0.0
blister,NOUN,6,C,0.0,0.0,0.0,0.0,0.0,0.0,0.0
case,NOUN,6,C,0.0,0.0,0.0,0.0,0.0,0.0,0.0
blood,NOUN,2,A,0.0,0.0,0.0,0.0,0.0,0.0,0.0
breath,NOUN,3,B,0.0,0.0,0.0,0.0,0.0,0.0,0.0
care,NOUN,4,B,0.0,0.0,0.0,0.0,0.0,0.0,0.0
cholesterol,NOUN,5,C,0.0,0.0,0.0,0.0,0.0,0.0,0.0
aspirin,NOUN,3,B,0.0,0.0,0.0,0.0,0.0,0.0,0.0
backache,NOUN,3,B,0.0,0.0,0.0,0.0,0.0,0.0,0.0
bandage,NOUN,3,B,0.0,0.0,0.0,0.0,0.0,0.0,0.0
bone,NOUN,3,B,0.0,0.0,0.0,0.0,0.0,0.0,0.0
beat,VERB,3,B,0.0,0.0,0.0,0.0,0.0,0.0,0.0
bleed,VERB,3,B,0.0,0.0,0.0,0.0,0.0,0.0,0.0
ache,VERB,4,B,0.0,0.0,0.0,0.0,0.0,0.0,0.0
catch,VERB,2,A,0.0,0.0,0.0,0.0,0.0,0.0,0.0
burn,VERB,3,B,0.0,0.0,0.0,0.0,0.0,0.0,0.0
bump,VERB,4,B,0.0,0.0,0.0,0.0,0.0,0.0,0.0
carry,VERB,5,C,0.0,0.0,0.0,0.0,0.0,0.0,0.0
attack,VERB,6,C,0.0,0.0,0.0,0.0,0.0,0.0,0.0
breathe,VERB,3,B,0.0,0.0,0.0,0.0,0.0,0.0,0.0
coat,NOUN,1,A,0.0,0.0,0.0,0.0,0.0,0.0,0.0
belt,NOUN,2,A,0.0,0.0,0.0,0.0,0.0,0.0,0.0
boot,NOUN,2,A,0.0,0.0,0.0,0.0,0.0,0.0,0.0
cap,NOUN,2,A,0.0,0.0,0.0,0.0,0.0,0.0,0.0
bracelet,NOUN,3,B,0.0,0.0,0.0,0.0,0.0,0.0,0.0
button,NOUN,3,B,0.0,0.0,0.0,0.0,0.0,0.0,0.0
badge,NOUN,4,B,0.0,0.0,0.0,0.0,0.0,0.0,0.0
bikini,NOUN,4,B,0.0,0.0,0.0,0.0,0.0,0.0,0.0
bra,NOUN,4,B,0.0,0.0,0.0,0.0,0.0,0.0,0.0
cardigan,NOUN,4,B,0.0,0.0,0.0,0.0,0.0,0.0,0.0
answer,NOUN,1,A,0.0,0.0,0.0,0.0,0.0,0.0,0.0
card,NOUN,2,A,0.0,0.0,0.0,0.0,0.0,0.0,0.0
accent,NOUN,3,B,0.0,0.0,0.0,0.0,0.0,0.0,0.0
alarm,NOUN,3,B,0.0,0.0,0.0,0.0,0.0,0.0,0.0
alphabet,NOUN,3,B,0.0,0.0,0.0,0.0,0.0,0.0,0.0
brochure,NOUN,3,B,0.0,0.0,0.0,0.0,0.0,0.0,0.0
call,NOUN,3,B,0.0,0.0,0.0,0.0,0.0,0.0,0.0
certificate,NOUN,3,B,0.0,0.0,0.0,0.0,0.0,0.0,0.0
account,NOUN,4,B,0.0,0.0,0.0,0.0,0.0,0.0,0.0
apostrophe,NOUN,4,B,0.0,0.0,0.0,0.0,0.0,0.0,0.0
arrow,NOUN,4,B,0.0,0.0,0.0,0.0,0.0,0.0,0.0
ban,NOUN,4,B,0.0,0.0,0.0,0.0,0.0,0.0,0.0
booklet,NOUN,4,B,0.0,0.0,0.0,0.0,0.0,0.0,0.0
chart,NOUN,4,B,0.0,0.0,0.0,0.0,0.0,0.0,0.0
colon,NOUN,4,B,0.0,0.0,0.0,0.0,0.0,0.0,0.0
appeal,NOUN,5,C,0.0,0.0,0.0,0.0,0.0,0.0,0.0
claim,NOUN,5,C,0.0,0.0,0.0,0.0,0.0,0.0,0.0
cliché,NOUN,6,C,0.0,0.0,0.0,0.0,0.0,0.0,0.0
advice,NOUN,2,A,0.0,0.0,0.0,0.0,0.0,0.0,0.0
blame,NOUN,4,B,0.0,0.0,0.0,0.0,0.0,0.0,0.0
chat,NOUN,2,A,0.0,0.0,0.0,0.0,0.0,0.0,0.0
apology,NOUN,3,B,0.0,0.0,0.0,0.0,0.0,0.0,0.0
code,NOUN,4,B,0.0,0.0,0.0,0.0,0.0,0.0,0.0
attack,NOUN,6,C,0.0,0.0,0.0,0.0,0.0,0.0,0.0
chat,VERB,2,A,0.0,0.0,0.0,0.0,0.0,0.0,0.0
apologise,VERB,3,B,0.0,0.0,0.0,0.0,0.0,0.0,0.0
argue,VERB,3,B,0.0,0.0,0.0,0.0,0.0,0.0,0.0
check,VERB,4,B,0.0,0.0,0.0,0.0,0.0,0.0,0.0
cheer,VERB,4,B,0.0,0.0,0.0,0.0,0.0,0.0,0.0
appeal,VERB,5,C,0.0,0.0,0.0,0.0,0.0,0.0,0.0
ask,VERB,2,A,0.0,0.0,0.0,0.0,0.0,0.0,0.0
add,VERB,3,B,0.0,0.0,0.0,0.0,0.0,0.0,0.0
announce,VERB,3,B,0.0,0.0,0.0,0.0,0.0,0.0,0.0
approve,VERB,3,B,0.0,0.0,0.0,0.0,0.0,0.0,0.0
blame,VERB,3,B,0.0,0.0,0.0,0.0,0.0,0.0,0.0
amuse,VERB,4,B,0.0,0.0,0.0,0.0,0.0,0.0,0.0
assume,VERB,4,B,0.0,0.0,0.0,0.0,0.0,0.0,0.0
assure,VERB,4,B,0.0,0.0,0.0,0.0,0.0,0.0,0.0
call,VERB,4,B,0.0,0.0,0.0,0.0,0.0,0.0,0.0
capture,VERB,4,B,0.0,0.0,0.0,0.0,0.0,0.0,0.0
challenge,VERB,4,B,0.0,0.0,0.0,0.0,0.0,0.0,0.0
claim,VERB,4,B,0.0,0.0,0.0,0.0,0.0,0.0,0.0
clarify,VERB,5,C,0.0,0.0,0.0,0.0,0.0,0.0,0.0
allege,VERB,6,C,0.0,0.0,0.0,0.0,0.0,0.0,0.0
answer,VERB,1,A,0.0,0.0,0.0,0.0,0.0,0.0,0.0
agree,VERB,2,A,0.0,0.0,0.0,0.0,0.0,0.0,0.0
admit,VERB,3,B,0.0,0.0,0.0,0.0,0.0,0.0,0.0
advise,VERB,3,B,0.0,0.0,0.0,0.0,0.0,0.0,0.0
beg,VERB,4,B,0.0,0.0,0.0,0.0,0.0,0.0,0.0
boast,VERB,4,B,0.0,0.0,0.0,0.0,0.0,0.0,0.0
burglar,NOUN,4,B,0.0,0.0,0.0,0.0,0.0,0.0,0.0
arrest,NOUN,4,B,0.0,0.0,0.0,0.0,0.0,0.0,0.0
burglary,NOUN,4,B,0.0,0.0,0.0,0.0,0.0,0.0,0.0
arrest,VERB,3,B,0.0,0.0,0.0,0.0,0.0,0.0,0.0
centimetre,NOUN,2,A,0.0,0.0,0.0,0.0,0.0,0.0,0.0
circle,NOUN,2,A,0.0,0.0,0.0,0.0,0.0,0.0,0.0
amount,NOUN,3,B,0.0,0.0,0.0,0.0,0.0,0.0,0.0
average,NOUN,3,B,0.0,0.0,0.0,0.0,0.0,0.0,0.0
bar,NOUN,3,B,0.0,0.0,0.0,0.0,0.0,0.0,0.0
base,NOUN,4,B,0.0,0.0,0.0,0.0,0.0,0.0,0.0
block,NOUN,4,B,0.0,0.0,0.0,0.0,0.0,0.0,0.0
angle,NOUN,5,C,0.0,0.0,0.0,0.0,0.0,0.0,0.0
acre,NOUN,6,C,0.0,0.0,0.0,0.0,0.0,0.0,0.0
black,NOUN,2,A,0.0,0.0,0.0,0.0,0.0,0.0,0.0
accuracy,NOUN,4,B,0.0,0.0,0.0,0.0,0.0,0.0,0.0
colour,NOUN,1,A,0.0,0.0,0.0,0.0,0.0,0.0,0.0
blue,NOUN,2,A,0.0,0.0,0.0,0.0,0.0,0.0,0.0
brown,NOUN,2,A,0.0,0.0,0.0,0.0,0.0,0.0,0.0
blackboard,NOUN,2,A,0.0,0.0,0.0,0.0,0.0,0.0,0.0
candidate,NOUN,3,B,0.0,0.0,0.0,0.0,0.0,0.0,0.0
branch,NOUN,4,B,0.0,0.0,0.0,0.0,0.0,0.0,0.0
chemistry,NOUN,2,A,0.0,0.0,0.0,0.0,0.0,0.0,0.0
class,NOUN,1,A,0.0,0.0,0.0,0.0,0.0,0.0,0.0
biscuit,NOUN,1,A,0.0,0.0,0.0,0.0,0.0,0.0,0.0
café,NOUN,1,A,0.0,0.0,0.0,0.0,0.0,0.0,0.0
barbecue,NOUN,2,A,0.0,0.0,0.0,0.0,0.0,0.0,0.0
bean,NOUN,2,A,0.0,0.0,0.0,0.0,0.0,0.0,0.0
bottle,NOUN,2,A,0.0,0.0,0.0,0.0,0.0,0.0,0.0
bowl,NOUN,2,A,0.0,0.0,0.0,0.0,0.0,0.0,0.0
burger,NOUN,2,A,0.0,0.0,0.0,0.0,0.0,0.0,0.0
can,NOUN,2,A,0.0,0.0,0.0,0.0,0.0,0.0,0.0
canteen,NOUN,3,B,0.0,0.0,0.0,0.0,0.0,0.0,0.0
bun,NOUN,4,B,0.0,0.0,0.0,0.0,0.0,0.0,0.0
cherry,NOUN,4,B,0.0,0.0,0.0,0.0,0.0,0.0,0.0
casserole,NOUN,6,C,0.0,0.0,0.0,0.0,0.0,0.0,0.0
bread,NOUN,1,A,0.0,0.0,0.0,0.0,0.0,0.0,0.0
butter,NOUN,1,A,0.0,0.0,0.0,0.0,0.0,0.0,0.0
beef,NOUN,3,B,0.0,0.0,0.0,0.0,0.0,0.0,0.0
broccoli,NOUN,3,B,0.0,0.0,0.0,0.0,0.0,0.0,0.0
apple,NOUN,1,A,0.0,0.0,0.0,0.0,0.0,0.0,0.0
banana,NOUN,1,A,0.0,0.0,0.0,0.0,0.0,0.0,0.0
breakfast,NOUN,1,A,0.0,0.0,0.0,0.0,0.0,0.0,0.0
cake,NOUN,1,A,0.0,0.0,0.0,0.0,0.0,0.0,0.0
cheese,NOUN,1,A,0.0,0.0,0.0,0.0,0.0,0.0,0.0
chocolate,NOUN,1,A,0.0,0.0,0.0,0.0,0.0,0.0,0.0
coffee,NOUN,1,A,0.0,0.0,0.0,0.0,0.0,0.0,0.0
cereal,NOUN,2,A,0.0,0.0,0.0,0.0,0.0,0.0,0.0
chilli,NOUN,2,A,0.0,0.0,0.0,0.0,0.0,0.0,0.0
cola,NOUN,2,A,0.0,0.0,0.0,0.0,0.0,0.0,0.0
cabbage,NOUN,3,B,0.0,0.0,0.0,0.0,0.0,0.0,0.0
coconut,NOUN,3,B,0.0,0.0,0.0,0.0,0.0,0.0,0.0
aubergine,NOUN,4,B,0.0,0.0,0.0,0.0,0.0,0.0,0.0
appetite,NOUN,5,C,0.0,0.0,0.0,0.0,0.0,0.0,0.0
barbecue,VERB,3,B,0.0,0.0,0.0,0.0,0.0,0.0,0.0
boil,VERB,3,B,0.0,0.0,0.0,0.0,0.0,0.0,0.0
bake,VERB,2,A,0.0,0.0,0.0,0.0,0.0,0.0,0.0
address,NOUN,1,A,0.0,0.0,0.0,0.0,0.0,0.0,0.0
bath,NOUN,1,A,0.0,0.0,0.0,0.0,0.0,0.0,0.0
bathroom,NOUN,1,A,0.0,0.0,0.0,0.0,0.0,0.0,0.0
bedroom,NOUN,1,A,0.0,0.0,0.0,0.0,0.0,0.0,0.0
chair,NOUN,1,A,0.0,0.0,0.0,0.0,0.0,0.0,0.0
apartment,NOUN,2,A,0.0,0.0,0.0,0.0,0.0,0.0,0.0
armchair,NOUN,2,A,0.0,0.0,0.0,0.0,0.0,0.0,0.0
blanket,NOUN,2,A,0.0,0.0,0.0,0.0,0.0,0.0,0.0
board,NOUN,2,A,0.0,0.0,0.0,0.0,0.0,0.0,0.0
bookcase,NOUN,2,A,0.0,0.0,0.0,0.0,0.0,0.0,0.0
bookshelf,NOUN,2,A,0.0,0.0,0.0,0.0,0.0,0.0,0.0
castle,NOUN,2,A,0.0,0.0,0.0,0.0,0.0,0.0,0.0
ceiling,NOUN,2,A,0.0,0.0,0.0,0.0,0.0,0.0,0.0
centre,NOUN,2,A,0.0,0.0,0.0,0.0,0.0,0.0,0.0
area,NOUN,3,B,0.0,0.0,0.0,0.0,0.0,0.0,0.0
balcony,NOUN,3,B,0.0,0.0,0.0,0.0,0.0,0.0,0.0
basin,NOUN,3,B,0.0,0.0,0.0,0.0,0.0,0.0,0.0
bin,NOUN,3,B,0.0,0.0,0.0,0.0,0.0,0.0,0.0
candle,NOUN,3,B,0.0,0.0,0.0,0.0,0.0,0.0,0.0
barrier,NOUN,4,B,0.0,0.0,0.0,0.0,0.0,0.0,0.0
basement,NOUN,4,B,0.0,0.0,0.0,0.0,0.0,0.0,0.0
bench,NOUN,4,B,0.0,0.0,0.0,0.0,0.0,0.0,0.0
brick,NOUN,4,B,0.0,0.0,0.0,0.0,0.0,0.0,0.0
cabinet,NOUN,4,B,0.0,0.0,0.0,0.0,0.0,0.0,0.0
cellar,NOUN,4,B,0.0,0.0,0.0,0.0,0.0,0.0,0.0
chimney,NOUN,4,B,0.0,0.0,0.0,0.0,0.0,0.0,0.0
cloth,NOUN,4,B,0.0,0.0,0.0,0.0,0.0,0.0,0.0
cabin,NOUN,5,C,0.0,0.0,0.0,0.0,0.0,0.0,0.0
architecture,NOUN,3,B,0.0,0.0,0.0,0.0,0.0,0.0,0.0
bed,NOUN,1,A,0.0,0.0,0.0,0.0,0.0,0.0,0.0
carpet,NOUN,2,A,0.0,0.0,0.0,0.0,0.0,0.0,0.0
atmosphere,NOUN,4,B,0.0,0.0,0.0,0.0,0.0,0.0,0.0
bank,NOUN,1,A,0.0,0.0,0.0,0.0,0.0,0.0,0.0
cent,NOUN,2,A,0.0,0.0,0.0,0.0,0.0,0.0,0.0
cheque,NOUN,2,A,0.0,0.0,0.0,0.0,0.0,0.0,0.0
coin,NOUN,3,B,0.0,0.0,0.0,0.0,0.0,0.0,0.0
award,NOUN,4,B,0.0,0.0,0.0,0.0,0.0,0.0,0.0
balance,NOUN,4,B,0.0,0.0,0.0,0.0,0.0,0.0,0.0
budget,NOUN,4,B,0.0,0.0,0.0,0.0,0.0,0.0,0.0
bid,NOUN,6,C,0.0,0.0,0.0,0.0,0.0,0.0,0.0
change,NOUN,3,B,0.0,0.0,0.0,0.0,0.0,0.0,0.0
borrow,VERB,2,A,0.0,0.0,0.0,0.0,0.0,0.0,0.0
change,VERB,2,A,0.0,0.0,0.0,0.0,0.0,0.0,0.0
beach,NOUN,1,A,0.0,0.0,0.0,0.0,0.0,0.0,0.0
bay,NOUN,3,B,0.0,0.0,0.0,0.0,0.0,0.0,0.0
breeze,NOUN,3,B,0.0,0.0,0.0,0.0,0.0,0.0,0.0
cave,NOUN,3,B,0.0,0.0,0.0,0.0,0.0,0.0,0.0
cliff,NOUN,3,B,0.0,0.0,0.0,0.0,0.0,0.0,0.0
coast,NOUN,3,B,0.0,0.0,0.0,0.0,0.0,0.0,0.0
atom,NOUN,4,B,0.0,0.0,0.0,0.0,0.0,0.0,0.0
berry,NOUN,4,B,0.0,0.0,0.0,0.0,0.0,0.0,0.0
bush,NOUN,4,B,0.0,0.0,0.0,0.0,0.0,0.0,0.0
cloud,NOUN,4,B,0.0,0.0,0.0,0.0,0.0,0.0,0.0
air,NOUN,2,A,0.0,0.0,0.0,0.0,0.0,0.0,0.0
aluminium,NOUN,4,B,0.0,0.0,0.0,0.0,0.0,0.0,0.0
carbon,NOUN,4,B,0.0,0.0,0.0,0.0,0.0,0.0,0.0
astronomy,NOUN,6,C,0.0,0.0,0.0,0.0,0.0,0.0,0.0
autumn,NOUN,2,A,0.0,0.0,0.0,0.0,0.0,0.0,0.0
climate,NOUN,3,B,0.0,0.0,0.0,0.0,0.0,0.0,0.0
acid,NOUN,4,B,0.0,0.0,0.0,0.0,0.0,0.0,0.0
coastline,NOUN,6,C,0.0,0.0,0.0,0.0,0.0,0.0,0.0
blow,VERB,3,B,0.0,0.0,0.0,0.0,0.0,0.0,0.0
break,VERB,6,C,0.0,0.0,0.0,0.0,0.0,0.0,0.0
check,NOUN,3,B,0.0,0.0,0.0,0.0,0.0,0.0,0.0
attempt,NOUN,4,B,0.0,0.0,0.0,0.0,0.0,0.0,0.0
capture,NOUN,5,C,0.0,0.0,0.0,0.0,0.0,0.0,0.0
come,VERB,1,A,0.0,0.0,0.0,0.0,0.0,0.0,0.0
behave,VERB,3,B,0.0,0.0,0.0,0.0,0.0,0.0,0.0
adjust,VERB,4,B,0.0,0.0,0.0,0.0,0.0,0.0,0.0
campaign,VERB,5,C,0.0,0.0,0.0,0.0,0.0,0.0,0.0
cling,VERB,6,C,0.0,0.0,0.0,0.0,0.0,0.0,0.0
clean,VERB,1,A,0.0,0.0,0.0,0.0,0.0,0.0,0.0
colour,VERB,1,A,0.0,0.0,0.0,0.0,0.0,0.0,0.0
bring,VERB,2,A,0.0,0.0,0.0,0.0,0.0,0.0,0.0
brush,VERB,2,A,0.0,0.0,0.0,0.0,0.0,0.0,0.0
collect,VERB,2,A,0.0,0.0,0.0,0.0,0.0,0.0,0.0
achieve,VERB,3,B,0.0,0.0,0.0,0.0,0.0,0.0,0.0
attach,VERB,3,B,0.0,0.0,0.0,0.0,0.0,0.0,0.0
attempt,VERB,3,B,0.0,0.0,0.0,0.0,0.0,0.0,0.0
avoid,VERB,3,B,0.0,0.0,0.0,0.0,0.0,0.0,0.0
bury,VERB,3,B,0.0,0.0,0.0,0.0,0.0,0.0,0.0
cancel,VERB,3,B,0.0,0.0,0.0,0.0,0.0,0.0,0.0
circle,VERB,3,B,0.0,0.0,0.0,0.0,0.0,0.0,0.0
clear,VERB,3,B,0.0,0.0,0.0,0.0,0.0,0.0,0.0
adapt,VERB,4,B,0.0,0.0,0.0,0.0,0.0,0.0,0.0
adopt,VERB,4,B,0.0,0.0,0.0,0.0,0.0,0.0,0.0
analyse,VERB,4,B,0.0,0.0,0.0,0.0,0.0,0.0,0.0
arrange,VERB,4,B,0.0,0.0,0.0,0.0,0.0,0.0,0.0
assess,VERB,4,B,0.0,0.0,0.0,0.0,0.0,0.0,0.0
burgle,VERB,4,B,0.0,0.0,0.0,0.0,0.0,0.0,0.0
calculate,VERB,4,B,0.0,0.0,0.0,0.0,0.0,0.0,0.0
clutch,VERB,6,C,0.0,0.0,0.0,0.0,0.0,0.0,0.0
choose,VERB,1,A,0.0,0.0,0.0,0.0,0.0,0.0,0.0
close,VERB,1,A,0.0,0.0,0.0,0.0,0.0,0.0,0.0
climb,VERB,2,A,0.0,0.0,0.0,0.0,0.0,0.0,0.0
approach,VERB,3,B,0.0,0.0,0.0,0.0,0.0,0.0,0.0
attend,VERB,3,B,0.0,0.0,0.0,0.0,0.0,0.0,0.0
babysit,VERB,3,B,0.0,0.0,0.0,0.0,0.0,0.0,0.0
clap,VERB,3,B,0.0,0.0,0.0,0.0,0.0,0.0,0.0
assist,VERB,4,B,0.0,0.0,0.0,0.0,0.0,0.0,0.0
balance,VERB,4,B,0.0,0.0,0.0,0.0,0.0,0.0,0.0
bang,VERB,4,B,0.0,0.0,0.0,0.0,0.0,0.0,0.0
bend,VERB,4,B,0.0,0.0,0.0,0.0,0.0,0.0,0.0
charge,VERB,4,B,0.0,0.0,0.0,0.0,0.0,0.0,0.0
chase,VERB,4,B,0.0,0.0,0.0,0.0,0.0,0.0,0.0
combine,VERB,4,B,0.0,0.0,0.0,0.0,0.0,0.0,0.0
carve,VERB,6,C,0.0,0.0,0.0,0.0,0.0,0.0,0.0
adult,NOUN,1,A,0.0,0.0,0.0,0.0,0.0,0.0,0.0
beard,NOUN,1,A,0.0,0.0,0.0,0.0,0.0,0.0,0.0
boy,NOUN,1,A,0.0,0.0,0.0,0.0,0.0,0.0,0.0
comb,NOUN,2,A,0.0,0.0,0.0,0.0,0.0,0.0,0.0
adolescent,NOUN,6,C,0.0,0.0,0.0,0.0,0.0,0.0,0.0
beauty,NOUN,3,B,0.0,0.0,0.0,0.0,0.0,0.0,0.0
childhood,NOUN,3,B,0.0,0.0,0.0,0.0,0.0,0.0,0.0
bit,NOUN,2,A,0.0,0.0,0.0,0.0,0.0,0.0,0.0
chance,NOUN,4,B,0.0,0.0,0.0,0.0,0.0,0.0,0.0
bully,NOUN,5,C,0.0,0.0,0.0,0.0,0.0,0.0,0.0
anger,NOUN,4,B,0.0,0.0,0.0,0.0,0.0,0.0,0.0
anxiety,NOUN,4,B,0.0,0.0,0.0,0.0,0.0,0.0,0.0
certainty,NOUN,4,B,0.0,0.0,0.0,0.0,0.0,0.0,0.0
charisma,NOUN,6,C,0.0,0.0,0.0,0.0,0.0,0.0,0.0
attitude,NOUN,3,B,0.0,0.0,0.0,0.0,0.0,0.0,0.0
charm,NOUN,4,B,0.0,0.0,0.0,0.0,0.0,0.0,0.0
care,VERB,3,B,0.0,0.0,0.0,0.0,0.0,0.0,0.0
belong,VERB,4,B,0.0,0.0,0.0,0.0,0.0,0.0,0.0
blush,VERB,4,B,0.0,0.0,0.0,0.0,0.0,0.0,0.0
believe,VERB,2,A,0.0,0.0,0.0,0.0,0.0,0.0,0.0
bother,VERB,2,A,0.0,0.0,0.0,0.0,0.0,0.0,0.0
annoy,VERB,3,B,0.0,0.0,0.0,0.0,0.0,0.0,0.0
attract,VERB,3,B,0.0,0.0,0.0,0.0,0.0,0.0,0.0
admire,VERB,4,B,0.0,0.0,0.0,0.0,0.0,0.0,0.0
appreciate,VERB,4,B,0.0,0.0,0.0,0.0,0.0,0.0,0.0
bear,VERB,4,B,0.0,0.0,0.0,0.0,0.0,0.0,0.0
betray,VERB,4,B,0.0,0.0,0.0,0.0,0.0,0.0,0.0
cheat,VERB,4,B,0.0,0.0,0.0,0.0,0.0,0.0,0.0
capital,NOUN,2,A,0.0,0.0,0.0,0.0,0.0,0.0,0.0
citizen,NOUN,4,B,0.0,0.0,0.0,0.0,0.0,0.0,0.0
chancellor,NOUN,6,C,0.0,0.0,0.0,0.0,0.0,0.0,0.0
birthday,NOUN,1,A,0.0,0.0,0.0,0.0,0.0,0.0,0.0
brother,NOUN,1,A,0.0,0.0,0.0,0.0,0.0,0.0,0.0
aunt,NOUN,2,A,0.0,0.0,0.0,0.0,0.0,0.0,0.0
boyfriend,NOUN,2,A,0.0,0.0,0.0,0.0,0.0,0.0,0.0
anniversary,NOUN,3,B,0.0,0.0,0.0,0.0,0.0,0.0,0.0
bride,NOUN,3,B,0.0,0.0,0.0,0.0,0.0,0.0,0.0
ceremony,NOUN,3,B,0.0,0.0,0.0,0.0,0.0,0.0,0.0
affair,NOUN,4,B,0.0,0.0,0.0,0.0,0.0,0.0,0.0
bond,NOUN,4,B,0.0,0.0,0.0,0.0,0.0,0.0,0.0
brother-in-law,NOUN,4,B,0.0,0.0,0.0,0.0,0.0,0.0,0.0
bond,VERB,6,C,0.0,0.0,0.0,0.0,0.0,0.0,0.0
celebrate,VERB,3,B,0.0,0.0,0.0,0.0,0.0,0.0,0.0
bag,NOUN,1,A,0.0,0.0,0.0,0.0,0.0,0.0,0.0
ball,NOUN,1,A,0.0,0.0,0.0,0.0,0.0,0.0,0.0
box,NOUN,1,A,0.0,0.0,0.0,0.0,0.0,0.0,0.0
bookshop,NOUN,2,A,0.0,0.0,0.0,0.0,0.0,0.0,0.0
basket,NOUN,3,B,0.0,0.0,0.0,0.0,0.0,0.0,0.0
captain,NOUN,3,B,0.0,0.0,0.0,0.0,0.0,0.0,0.0
chain,NOUN,3,B,0.0,0.0,0.0,0.0,0.0,0.0,0.0
champion,NOUN,3,B,0.0,0.0,0.0,0.0,0.0,0.0,0.0
checkout,NOUN,3,B,0.0,0.0,0.0,0.0,0.0,0.0,0.0
brand,NOUN,4,B,0.0,0.0,0.0,0.0,0.0,0.0,0.0
catalogue,NOUN,4,B,0.0,0.0,0.0,0.0,0.0,0.0,0.0
business,NOUN,1,A,0.0,0.0,0.0,0.0,0.0,0.0,0.0
badminton,NOUN,2,A,0.0,0.0,0.0,0.0,0.0,0.0,0.0
chess,NOUN,2,A,0.0,0.0,0.0,0.0,0.0,0.0,0.0
athletics,NOUN,3,B,0.0,0.0,0.0,0.0,0.0,0.0,0.0
basketball,NOUN,1,A,0.0,0.0,0.0,0.0,0.0,0.0,0.0
baseball,NOUN,2,A,0.0,0.0,0.0,0.0,0.0,0.0,0.0
appear,VERB,4,B,0.0,0.0,0.0,0.0,0.0,0.0,0.0
browse,VERB,4,B,0.0,0.0,0.0,0.0,0.0,0.0,0.0
CD,NOUN,1,A,0.0,0.0,0.0,0.0,0.0,0.0,0.0
backup,NOUN,4,B,0.0,0.0,0.0,0.0,0.0,0.0,0.0
bookmark,NOUN,4,B,0.0,0.0,0.0,0.0,0.0,0.0,0.0
bulb,NOUN,4,B,0.0,0.0,0.0,0.0,0.0,0.0,0.0
chip,NOUN,4,B,0.0,0.0,0.0,0.0,0.0,0.0,0.0
access,NOUN,3,B,0.0,0.0,0.0,0.0,0.0,0.0,0.0
broadband,NOUN,4,B,0.0,0.0,0.0,0.0,0.0,0.0,0.0
CD-ROM,NOUN,3,B,0.0,0.0,0.0,0.0,0.0,0.0,0.0
access,VERB,4,B,0.0,0.0,0.0,0.0,0.0,0.0,0.0
bookmark,VERB,4,B,0.0,0.0,0.0,0.0,0.0,0.0,0.0
boat,NOUN,1,A,0.0,0.0,0.0,0.0,0.0,0.0,0.0
bus,NOUN,1,A,0.0,0.0,0.0,0.0,0.0,0.0,0.0
car,NOUN,1,A,0.0,0.0,0.0,0.0,0.0,0.0,0.0
aeroplane,NOUN,2,A,0.0,0.0,0.0,0.0,0.0,0.0,0.0
airport,NOUN,2,A,0.0,0.0,0.0,0.0,0.0,0.0,0.0
bicycle,NOUN,2,A,0.0,0.0,0.0,0.0,0.0,0.0,0.0
coach,NOUN,2,A,0.0,0.0,0.0,0.0,0.0,0.0,0.0
brake,NOUN,3,B,0.0,0.0,0.0,0.0,0.0,0.0,0.0
cab,NOUN,3,B,0.0,0.0,0.0,0.0,0.0,0.0,0.0
campsite,NOUN,3,B,0.0,0.0,0.0,0.0,0.0,0.0,0.0
aircraft,NOUN,4,B,0.0,0.0,0.0,0.0,0.0,0.0,0.0
carriage,NOUN,5,C,0.0,0.0,0.0,0.0,0.0,0.0,0.0
baggage,NOUN,3,B,0.0,0.0,0.0,0.0,0.0,0.0,0.0
approach,NOUN,4,B,0.0,0.0,0.0,0.0,0.0,0.0,0.0
adventure,NOUN,2,A,0.0,0.0,0.0,0.0,0.0,0.0,0.0
camp,NOUN,3,B,0.0,0.0,0.0,0.0,0.0,0.0,0.0
camp,VERB,2,A,0.0,0.0,0.0,0.0,0.0,0.0,0.0
accelerate,VERB,6,C,0.0,0.0,0.0,0.0,0.0,0.0,0.0
book,VERB,2,A,0.0,0.0,0.0,0.0,0.0,0.0,0.0
board,VERB,3,B,0.0,0.0,0.0,0.0,0.0,0.0,0.0
boss,NOUN,2,A,0.0,0.0,0.0,0.0,0.0,0.0,0.0
businessman,NOUN,2,A,0.0,0.0,0.0,0.0,0.0,0.0,0.0
businesswoman,NOUN,2,A,0.0,0.0,0.0,0.0,0.0,0.0,0.0
agency,NOUN,3,B,0.0,0.0,0.0,0.0,0.0,0.0,0.0
architect,NOUN,3,B,0.0,0.0,0.0,0.0,0.0,0.0,0.0
career,NOUN,3,B,0.0,0.0,0.0,0.0,0.0,0.0,0.0
agent,NOUN,4,B,0.0,0.0,0.0,0.0,0.0,0.0,0.0
analyst,NOUN,4,B,0.0,0.0,0.0,0.0,0.0,0.0,0.0
chief,NOUN,4,B,0.0,0.0,0.0,0.0,0.0,0.0,0.0
client,NOUN,4,B,0.0,0.0,0.0,0.0,0.0,0.0,0.0
appoint,VERB,5,C,0.0,0.0,0.0,0.0,0.0,0.0,0.0
build,VERB,2,A,0.0,0.0,0.0,0.0,0.0,0.0,0.0
cigarette,NOUN,2,A,0.0,0.0,0.0,0.0,0.0,0.0,0.0
addict,NOUN,4,B,0.0,0.0,0.0,0.0,0.0,0.0,0.0
cancer,NOUN,3,B,0.0,0.0,0.0,0.0,0.0,0.0,0.0
abuse,NOUN,6,C,0.0,0.0,0.0,0.0,0.0,0.0,0.0
alcohol,NOUN,2,A,0.0,0.0,0.0,0.0,0.0,0.0,0.0
champagne,NOUN,2,A,0.0,0.0,0.0,0.0,0.0,0.0,0.0
bacon,NOUN,3,B,0.0,0.0,0.0,0.0,0.0,0.0,0.0
beer,NOUN,1,A,0.0,0.0,0.0,0.0,0.0,0.0,0.0
cathedral,NOUN,2,A,0.0,0.0,0.0,0.0,0.0,0.0,0.0
church,NOUN,2,A,0.0,0.0,0.0,0.0,0.0,0.0,0.0
bribe,NOUN,5,C,0.0,0.0,0.0,0.0,0.0,0.0,0.0
bomb,VERB,3,B,0.0,0.0,0.0,0.0,0.0,0.0,0.0
arrival,NOUN,5,C,0.0,0.0,0.0,0.0,0.0,0.0,0.0
acquaintance,NOUN,5,C,0.0,0.0,0.0,0.0,0.0,0.0,0.0
appliance,NOUN,5,C,0.0,0.0,0.0,0.0,0.0,0.0,0.0
alliance,NOUN,6,C,0.0,0.0,0.0,0.0,0.0,0.0,0.0
annoyance,NOUN,5,C,0.0,0.0,0.0,0.0,0.0,0.0,0.0
acceptance,NOUN,5,C,0.0,0.0,0.0,0.0,0.0,0.0,0.0
attendance,NOUN,5,C,0.0,0.0,0.0,0.0,0.0,0.0,0.0
coincidence,NOUN,4,B,0.0,0.0,0.0,0.0,0.0,0.0,0.0
baker,NOUN,3,B,0.0,0.0,0.0,0.0,0.0,0.0,0.0
blogger,NOUN,3,B,0.0,0.0,0.0,0.0,0.0,0.0,0.0
border,NOUN,3,B,0.0,0.0,0.0,0.0,0.0,0.0,0.0
butcher,NOUN,3,B,0.0,0.0,0.0,0.0,0.0,0.0,0.0
buyer,NOUN,3,B,0.0,0.0,0.0,0.0,0.0,0.0,0.0
banker,NOUN,4,B,0.0,0.0,0.0,0.0,0.0,0.0,0.0
climbing,NOUN,2,A,0.0,0.0,0.0,0.0,0.0,0.0,0.0
advertising,NOUN,4,B,0.0,0.0,0.0,0.0,0.0,0.0,0.0
banking,NOUN,4,B,0.0,0.0,0.0,0.0,0.0,0.0,0.0
coaching,NOUN,4,B,0.0,0.0,0.0,0.0,0.0,0.0,0.0
backing,NOUN,6,C,0.0,0.0,0.0,0.0,0.0,0.0,0.0
association,NOUN,4,B,0.0,0.0,0.0,0.0,0.0,0.0,0.0
collocation,NOUN,4,B,0.0,0.0,0.0,0.0,0.0,0.0,0.0
accusation,NOUN,5,C,0.0,0.0,0.0,0.0,0.0,0.0,0.0
assumption,NOUN,5,C,0.0,0.0,0.0,0.0,0.0,0.0,0.0
audition,NOUN,5,C,0.0,0.0,0.0,0.0,0.0,0.0,0.0
allocation,NOUN,6,C,0.0,0.0,0.0,0.0,0.0,0.0,0.0
accommodation,NOUN,3,B,0.0,0.0,0.0,0.0,0.0,0.0,0.0
attention,NOUN,3,B,0.0,0.0,0.0,0.0,0.0,0.0,0.0
administration,NOUN,5,C,0.0,0.0,0.0,0.0,0.0,0.0,0.0
aggression,NOUN,5,C,0.0,0.0,0.0,0.0,0.0,0.0,0.0
caution,NOUN,5,C,0.0,0.0,0.0,0.0,0.0,0.0,0.0
civilization,NOUN,5,C,0.0,0.0,0.0,0.0,0.0,0.0,0.0
anticipation,NOUN,6,C,0.0,0.0,0.0,0.0,0.0,0.0,0.0
combination,NOUN,4,B,0.0,0.0,0.0,0.0,0.0,0.0,0.0
adaptation,NOUN,5,C,0.0,0.0,0.0,0.0,0.0,0.0,0.0
alteration,NOUN,5,C,0.0,0.0,0.0,0.0,0.0,0.0,0.0
auction,NOUN,5,C,0.0,0.0,0.0,0.0,0.0,0.0,0.0
cancellation,NOUN,5,C,0.0,0.0,0.0,0.0,0.0,0.0,0.0
collaboration,NOUN,5,C,0.0,0.0,0.0,0.0,0.0,0.0,0.0
accumulation,NOUN,6,C,0.0,0.0,0.0,0.0,0.0,0.0,0.0
classification,NOUN,6,C,0.0,0.0,0.0,0.0,0.0,0.0,0.0
artist,NOUN,2,A,0.0,0.0,0.0,0.0,0.0,0.0,0.0
chemist,NOUN,2,A,0.0,0.0,0.0,0.0,0.0,0.0,0.0
celebrity,NOUN,3,B,0.0,0.0,0.0,0.0,0.0,0.0,0.0
authority,NOUN,5,C,0.0,0.0,0.0,0.0,0.0,0.0,0.0
availability,NOUN,4,B,0.0,0.0,0.0,0.0,0.0,0.0,0.0
charity,NOUN,6,C,0.0,0.0,0.0,0.0,0.0,0.0,0.0
ability,NOUN,3,B,0.0,0.0,0.0,0.0,0.0,0.0,0.0
capability,NOUN,5,C,0.0,0.0,0.0,0.0,0.0,0.0,0.0
ambiguity,NOUN,6,C,0.0,0.0,0.0,0.0,0.0,0.0,0.0
alternative,NOUN,4,B,0.0,0.0,0.0,0.0,0.0,0.0,0.0
authorize,VERB,5,C,0.0,0.0,0.0,0.0,0.0,0.0,0.0
announcement,NOUN,3,B,0.0,0.0,0.0,0.0,0.0,0.0,0.0
amendment,NOUN,5,C,0.0,0.0,9e-06,8e-06,7e-06,7e-06,8e-06
awareness,NOUN,5,C,3.5e-05,3.6e-05,3.6e-05,3.7e-05,3.6e-05,3.3e-05,3.3e-05
closeness,NOUN,5,C,3e-06,3e-06,3e-06,3e-06,3e-06,3e-06,3e-06
clumsiness,NOUN,6,C,0.0,0.0,0.0,0.0,0.0,0.0,0.0
author,NOUN,3,B,6.6e-05,6.9e-05,7e-05,7.4e-05,7.4e-05,6.9e-05,6.9e-05
calculator,NOUN,3,B,3e-06,2e-06,2e-06,2e-06,2e-06,2e-06,2e-06
ambassador,NOUN,4,B,5e-06,5e-06,6e-06,6e-06,5e-06,5e-06,5e-06
administrator,NOUN,5,C,7e-06,6e-06,6e-06,6e-06,6e-06,5e-06,5e-06
anchor,NOUN,6,C,7e-06,7e-06,6e-06,6e-06,6e-06,7e-06,7e-06
bomber,NOUN,4,B,2e-06,3e-06,3e-06,3e-06,2e-06,2e-06,2e-06
alcoholic,NOUN,6,C,,,,,,,
child,NOUN,1,A,0.0,0.0,0.0,0.0,0.0,0.0,0.0
city,NOUN,1,A,0.0,0.0,0.0,0.0,0.0,0.0,0.0
classroom,NOUN,1,A,0.0,0.0,0.0,0.0,0.0,0.0,0.0
clock,NOUN,1,A,0.0,0.0,0.0,0.0,0.0,0.0,0.0
actor,NOUN,2,A,0.0,0.0,0.0,0.0,0.0,0.0,0.0
adjective,NOUN,2,A,0.0,0.0,0.0,0.0,0.0,0.0,0.0
adverb,NOUN,2,A,0.0,0.0,0.0,0.0,0.0,0.0,0.0
ambulance,NOUN,2,A,0.0,0.0,0.0,0.0,0.0,0.0,0.0
balloon,NOUN,2,A,0.0,0.0,0.0,0.0,0.0,0.0,0.0
battery,NOUN,2,A,0.0,0.0,0.0,0.0,0.0,0.0,0.0
bill,NOUN,2,A,0.0,0.0,0.0,0.0,0.0,0.0,0.0
break,NOUN,2,A,0.0,0.0,0.0,0.0,0.0,0.0,0.0
bridge,NOUN,2,A,0.0,0.0,0.0,0.0,0.0,0.0,0.0
brush,NOUN,2,A,0.0,0.0,0.0,0.0,0.0,0.0,0.0
calendar,NOUN,2,A,0.0,0.0,0.0,0.0,0.0,0.0,0.0
century,NOUN,2,A,0.0,0.0,0.0,0.0,0.0,0.0,0.0
chef,NOUN,2,A,0.0,0.0,0.0,0.0,0.0,0.0,0.0
classmate,NOUN,2,A,0.0,0.0,0.0,0.0,0.0,0.0,0.0
click,NOUN,2,A,0.0,0.0,0.0,0.0,0.0,0.0,0.0
colleague,NOUN,2,A,0.0,0.0,0.0,0.0,0.0,0.0,0.0
accountant,NOUN,3,B,0.0,0.0,0.0,0.0,0.0,0.0,0.0
age,NOUN,3,B,0.0,0.0,0.0,0.0,0.0,0.0,0.0
aim,NOUN,3,B,0.0,0.0,0.0,0.0,0.0,0.0,0.0
airline,NOUN,3,B,0.0,0.0,0.0,0.0,0.0,0.0,0.0
antique,NOUN,3,B,0.0,0.0,0.0,0.0,0.0,0.0,0.0
athlete,NOUN,3,B,0.0,0.0,0.0,0.0,0.0,0.0,0.0
backpack,NOUN,3,B,0.0,0.0,0.0,0.0,0.0,0.0,0.0
bell,NOUN,3,B,0.0,0.0,0.0,0.0,0.0,0.0,0.0
blog,NOUN,3,B,0.0,0.0,0.0,0.0,0.0,0.0,0.0
bucket,NOUN,3,B,0.0,0.0,0.0,0.0,0.0,0.0,0.0
canal,NOUN,3,B,0.0,0.0,0.0,0.0,0.0,0.0,0.0
cashpoint,NOUN,3,B,0.0,0.0,0.0,0.0,0.0,0.0,0.0
clinic,NOUN,3,B,0.0,0.0,0.0,0.0,0.0,0.0,0.0
aspect,NOUN,4,B,0.0,0.0,0.0,0.0,0.0,0.0,0.0
bakery,NOUN,4,B,0.0,0.0,0.0,0.0,0.0,0.0,0.0
bang,NOUN,4,B,0.0,0.0,0.0,0.0,0.0,0.0,0.0
bargain,NOUN,4,B,0.0,0.0,0.0,0.0,0.0,0.0,0.0
basis,NOUN,4,B,0.0,0.0,0.0,0.0,0.0,0.0,0.0
battle,NOUN,4,B,0.0,0.0,0.0,0.0,0.0,0.0,0.0
beam,NOUN,4,B,0.0,0.0,0.0,0.0,0.0,0.0,0.0
bend,NOUN,4,B,0.0,0.0,0.0,0.0,0.0,0.0,0.0
billion,NOUN,4,B,0.0,0.0,0.0,0.0,0.0,0.0,0.0
blade,NOUN,4,B,0.0,0.0,0.0,0.0,0.0,0.0,0.0
bonus,NOUN,4,B,0.0,0.0,0.0,0.0,0.0,0.0,0.0
breakthrough,NOUN,4,B,0.0,0.0,0.0,0.0,0.0,0.0,0.0
bullet,NOUN,4,B,0.0,0.0,0.0,0.0,0.0,0.0,0.0
carnival,NOUN,4,B,0.0,0.0,0.0,0.0,0.0,0.0,0.0
category,NOUN,4,B,0.0,0.0,0.0,0.0,0.0,0.0,0.0
cause,NOUN,4,B,0.0,0.0,0.0,0.0,0.0,0.0,0.0
cemetery,NOUN,4,B,0.0,0.0,0.0,0.0,0.0,0.0,0.0
clause,NOUN,4,B,0.0,0.0,0.0,0.0,0.0,0.0,0.0
clue,NOUN,4,B,0.0,0.0,0.0,0.0,0.0,0.0,0.0
accessory,NOUN,5,C,0.0,0.0,0.0,0.0,0.0,0.0,0.0
agenda,NOUN,5,C,0.0,0.0,0.0,0.0,0.0,0.0,0.0
aid,NOUN,5,C,0.0,0.0,0.0,0.0,0.0,0.0,0.0
ally,NOUN,5,C,0.0,0.0,0.0,0.0,0.0,0.0,0.0
amateur,NOUN,5,C,0.0,0.0,0.0,0.0,0.0,0.0,0.0
asset,NOUN,5,C,0.0,0.0,0.0,0.0,0.0,0.0,0.0
assignment,NOUN,5,C,0.0,0.0,0.0,0.0,0.0,0.0,0.0
avenue,NOUN,5,C,0.0,0.0,0.0,0.0,0.0,0.0,0.0
boundary,NOUN,5,C,0.0,0.0,0.0,0.0,0.0,0.0,0.0
bracket,NOUN,5,C,0.0,0.0,0.0,0.0,0.0,0.0,0.0
bubble,NOUN,5,C,0.0,0.0,0.0,0.0,0.0,0.0,0.0
burden,NOUN,5,C,0.0,0.0,0.0,0.0,0.0,0.0,0.0
campaign,NOUN,5,C,0.0,0.0,0.0,0.0,0.0,0.0,0.0
charge,NOUN,5,C,0.0,0.0,0.0,0.0,0.0,0.0,0.0
chore,NOUN,5,C,0.0,0.0,0.0,0.0,0.0,0.0,0.0
clutch,NOUN,5,C,0.0,0.0,0.0,0.0,0.0,0.0,0.0
advocate,NOUN,6,C,0.0,0.0,0.0,0.0,0.0,0.0,0.0
arch,NOUN,6,C,0.0,0.0,0.0,0.0,0.0,0.0,0.0
assembly,NOUN,6,C,0.0,0.0,0.0,0.0,0.0,0.0,0.0
attribute,NOUN,6,C,0.0,0.0,0.0,0.0,0.0,0.0,0.0
band,NOUN,6,C,0.0,0.0,0.0,0.0,0.0,0.0,0.0
barn,NOUN,6,C,0.0,0.0,0.0,0.0,0.0,0.0,0.0
bet,NOUN,6,C,0.0,0.0,0.0,0.0,0.0,0.0,0.0
blend,NOUN,6,C,0.0,0.0,0.0,0.0,0.0,0.0,0.0
blow,NOUN,6,C,0.0,0.0,0.0,0.0,0.0,0.0,0.0
buzz,NOUN,6,C,0.0,0.0,0.0,0.0,0.0,0.0,0.0
challenge,NOUN,6,C,0.0,0.0,0.0,0.0,0.0,0.0,0.0
chill,NOUN,6,C,0.0,0.0,0.0,0.0,0.0,0.0,0.0
circuit,NOUN,6,C,0.0,0.0,0.0,0.0,0.0,0.0,0.0
civilian,NOUN,6,C,0.0,0.0,0.0,0.0,0.0,0.0,0.0
clash,NOUN,6,C,0.0,0.0,0.0,0.0,0.0,0.0,0.0
biology,NOUN,2,A,0.0,0.0,0.0,0.0,0.0,0.0,0.0
behaviour,NOUN,3,B,0.0,0.0,0.0,0.0,0.0,0.0,0.0
absence,NOUN,4,B,0.0,0.0,0.0,0.0,0.0,0.0,0.0
agriculture,NOUN,4,B,0.0,0.0,0.0,0.0,0.0,0.0,0.0
cardboard,NOUN,4,B,0.0,0.0,0.0,0.0,0.0,0.0,0.0
centigrade,NOUN,4,B,0.0,0.0,0.0,0.0,0.0,0.0,0.0
chaos,NOUN,4,B,0.0,0.0,0.0,0.0,0.0,0.0,0.0
applause,NOUN,5,C,0.0,0.0,0.0,0.0,0.0,0.0,0.0
archaeology,NOUN,5,C,0.0,0.0,0.0,0.0,0.0,0.0,0.0
coal,NOUN,5,C,0.0,0.0,0.0,0.0,0.0,0.0,0.0
awe,NOUN,6,C,0.0,0.0,0.0,0.0,0.0,0.0,0.0
bark,NOUN,6,C,0.0,0.0,0.0,0.0,0.0,0.0,0.0
blackmail,NOUN,6,C,0.0,0.0,0.0,0.0,0.0,0.0,0.0
bribery,NOUN,6,C,0.0,0.0,0.0,0.0,0.0,0.0,0.0
bureaucracy,NOUN,6,C,0.0,0.0,0.0,0.0,0.0,0.0,0.0
afternoon,NOUN,1,A,0.0,0.0,0.0,0.0,0.0,0.0,0.0
April,NOUN,1,A,0.0,0.0,0.0,0.0,0.0,0.0,0.0
August,NOUN,1,A,0.0,0.0,0.0,0.0,0.0,0.0,0.0
building,NOUN,2,A,0.0,0.0,0.0,0.0,0.0,0.0,0.0
college,NOUN,2,A,0.0,0.0,0.0,0.0,0.0,0.0,0.0
advantage,NOUN,3,B,0.0,0.0,0.0,0.0,0.0,0.0,0.0
benefit,NOUN,3,B,0.0,0.0,0.0,0.0,0.0,0.0,0.0
cod,NOUN,3,B,0.0,0.0,0.0,0.0,0.0,0.0,0.0
advance,NOUN,4,B,0.0,0.0,0.0,0.0,0.0,0.0,0.0
analysis,NOUN,4,B,0.0,0.0,0.0,0.0,0.0,0.0,0.0
belief,NOUN,4,B,0.0,0.0,0.0,0.0,0.0,0.0,0.0
campus,NOUN,4,B,0.0,0.0,0.0,0.0,0.0,0.0,0.0
collapse,NOUN,4,B,0.0,0.0,0.0,0.0,0.0,0.0,0.0
analogy,NOUN,6,C,0.0,0.0,0.0,0.0,0.0,0.0,0.0
bias,NOUN,6,C,0.0,0.0,0.0,0.0,0.0,0.0,0.0
burial,NOUN,6,C,0.0,0.0,0.0,0.0,0.0,0.0,0.0
cargo,NOUN,6,C,0.0,0.0,0.0,0.0,0.0,0.0,0.0
catastrophe,NOUN,6,C,0.0,0.0,0.0,0.0,0.0,0.0,0.0
belongings,NOUN,4,B,0.0,0.0,0.0,0.0,0.0,0.0,0.0
bacteria,NOUN,5,C,0.0,0.0,0.0,0.0,0.0,0.0,0.0
begin,VERB,1,A,0.0,0.0,0.0,0.0,0.0,0.0,0.0
arrive,VERB,2,A,0.0,0.0,0.0,0.0,0.0,0.0,0.0
apply,VERB,3,B,0.0,0.0,0.0,0.0,0.0,0.0,0.0
blog,VERB,3,B,0.0,0.0,0.0,0.0,0.0,0.0,0.0
brake,VERB,4,B,0.0,0.0,0.0,0.0,0.0,0.0,0.0
collapse,VERB,4,B,0.0,0.0,0.0,0.0,0.0,0.0,0.0
arise,VERB,5,C,0.0,0.0,0.0,0.0,0.0,0.0,0.0
beware,VERB,5,C,0.0,0.0,0.0,0.0,0.0,0.0,0.0
collaborate,VERB,5,C,0.0,0.0,0.0,0.0,0.0,0.0,0.0
bubble,VERB,6,C,0.0,0.0,0.0,0.0,0.0,0.0,0.0
buzz,VERB,6,C,0.0,0.0,0.0,0.0,0.0,0.0,0.0
clash,VERB,6,C,0.0,0.0,0.0,0.0,0.0,0.0,0.0
coincide,VERB,6,C,0.0,0.0,0.0,0.0,0.0,0.0,0.0
buy,VERB,1,A,0.0,0.0,0.0,0.0,0.0,0.0,0.0
allow,VERB,3,B,0.0,0.0,0.0,0.0,0.0,0.0,0.0
comb,VERB,3,B,0.0,0.0,0.0,0.0,0.0,0.0,0.0
abandon,VERB,4,B,0.0,0.0,0.0,0.0,0.0,0.0,0.0
abolish,VERB,4,B,0.0,0.0,0.0,0.0,0.0,0.0,0.0
absorb,VERB,4,B,0.0,0.0,0.0,0.0,0.0,0.0,0.0
accept,VERB,4,B,0.0,0.0,0.0,0.0,0.0,0.0,0.0
accuse,VERB,4,B,0.0,0.0,0.0,0.0,0.0,0.0,0.0
affect,VERB,4,B,0.0,0.0,0.0,0.0,0.0,0.0,0.0
block,VERB,4,B,0.0,0.0,0.0,0.0,0.0,0.0,0.0
boost,VERB,4,B,0.0,0.0,0.0,0.0,0.0,0.0,0.0
cause,VERB,4,B,0.0,0.0,0.0,0.0,0.0,0.0,0.0
chop,VERB,4,B,0.0,0.0,0.0,0.0,0.0,0.0,0.0
accomplish,VERB,5,C,0.0,0.0,0.0,0.0,0.0,0.0,0.0
alarm,VERB,5,C,0.0,0.0,0.0,0.0,0.0,0.0,0.0
allocate,VERB,5,C,0.0,0.0,0.0,0.0,0.0,0.0,0.0
anticipate,VERB,5,C,0.0,0.0,0.0,0.0,0.0,0.0,0.0
assign,VERB,5,C,0.0,0.0,0.0,0.0,0.0,0.0,0.0
associate,VERB,5,C,0.0,0.0,0.0,0.0,0.0,0.0,0.0
attain,VERB,5,C,0.0,0.0,0.0,0.0,0.0,0.0,0.0
bully,VERB,5,C,0.0,0.0,0.0,0.0,0.0,0.0,0.0
cap,VERB,5,C,0.0,0.0,0.0,0.0,0.0,0.0,0.0
classify,VERB,5,C,0.0,0.0,0.0,0.0,0.0,0.0,0.0
advocate,VERB,6,C,0.0,0.0,0.0,0.0,0.0,0.0,0.0
alert,VERB,6,C,0.0,0.0,0.0,0.0,0.0,0.0,0.0
amend,VERB,6,C,0.0,0.0,0.0,0.0,0.0,0.0,0.0
arouse,VERB,6,C,0.0,0.0,0.0,0.0,0.0,0.0,0.0
assemble,VERB,6,C,0.0,0.0,0.0,0.0,0.0,0.0,0.0
back,VERB,6,C,0.0,0.0,0.0,0.0,0.0,0.0,0.0
bind,VERB,6,C,0.0,0.0,0.0,0.0,0.0,0.0,0.0
blackmail,VERB,6,C,0.0,0.0,0.0,0.0,0.0,0.0,0.0
cloud,VERB,6,C,0.0,0.0,0.0,0.0,0.0,0.0,0.0
bite,VERB,3,B,0.0,0.0,0.0,0.0,0.0,0.0,0.0
alter,VERB,4,B,0.0,0.0,0.0,0.0,0.0,0.0,0.0
benefit,VERB,4,B,0.0,0.0,0.0,0.0,0.0,0.0,0.0
blink,VERB,4,B,0.0,0.0,0.0,0.0,0.0,0.0,0.0
bounce,VERB,4,B,0.0,0.0,0.0,0.0,0.0,0.0,0.0
burst,VERB,4,B,0.0,0.0,0.0,0.0,0.0,0.0,0.0
chew,VERB,4,B,0.0,0.0,0.0,0.0,0.0,0.0,0.0
coach,VERB,4,B,0.0,0.0,0.0,0.0,0.0,0.0,0.0
accumulate,VERB,5,C,0.0,0.0,0.0,0.0,0.0,0.0,0.0
bet,VERB,5,C,0.0,0.0,0.0,0.0,0.0,0.0,0.0
broaden,VERB,5,C,0.0,0.0,0.0,0.0,0.0,0.0,0.0
cater,VERB,5,C,0.0,0.0,0.0,0.0,0.0,0.0,0.0
arch,VERB,6,C,0.0,0.0,0.0,0.0,0.0,0.0,0.0
battle,VERB,6,C,0.0,0.0,0.0,0.0,0.0,0.0,0.0
angel,NOUN,3,B,0.0,0.0,0.0,0.0,0.0,0.0,0.0
barman,NOUN,3,B,0.0,0.0,0.0,0.0,0.0,0.0,0.0
bomb,NOUN,3,B,0.0,0.0,0.0,0.0,0.0,0.0,0.0
chapel,NOUN,6,C,0.0,0.0,0.0,0.0,0.0,0.0,0.0
bombing,NOUN,4,B,0.0,0.0,0.0,0.0,0.0,0.0,0.0
assault,NOUN,6,C,0.0,0.0,0.0,0.0,0.0,0.0,0.0
combat,NOUN,6,C,0.0,0.0,0.0,0.0,0.0,0.0,0.0
bribe,VERB,5,C,0.0,0.0,0.0,0.0,0.0,0.0,0.0
assault,VERB,6,C,0.0,0.0,0.0,0.0,0.0,0.0,0.0
combat,VERB,6,C,0.0,0.0,0.0,0.0,0.0,0.0,0.0
boiling,ADJ,4,B,0.0,0.0,0.0,0.0,0.0,0.0,0.0
adjacent,ADJ,6,C,0.0,0.0,0.0,0.0,0.0,0.0,0.0
awesome,ADJ,2,A,0.0,0.0,0.0,0.0,0.0,0.0,0.0
big,ADJ,5,C,0.0,0.0,0.0,0.0,0.0,0.0,0.0
blue,ADJ,6,C,0.0,0.0,0.0,0.0,0.0,0.0,0.0
cast,VERB,6,C,0.0,0.0,0.0,0.0,0.0,0.0,0.0
acceptable,ADJ,3,B,0.0,0.0,0.0,0.0,0.0,0.0,0.0
capable,ADJ,4,B,0.0,0.0,0.0,0.0,0.0,0.0,0.0
available,ADJ,2,A,0.0,0.0,0.0,0.0,0.0,0.0,0.0
clinical,ADJ,5,C,0.0,0.0,0.0,0.0,0.0,0.0,0.0
alphabetical,ADJ,4,B,0.0,0.0,0.0,0.0,0.0,0.0,0.0
additional,ADJ,4,B,0.0,0.0,0.0,0.0,0.0,0.0,0.0
artificial,ADJ,4,B,0.0,0.0,0.0,0.0,0.0,0.0,0.0
beneficial,ADJ,4,B,0.0,0.0,0.0,0.0,0.0,0.0,0.0
chemical,ADJ,4,B,0.0,0.0,0.0,0.0,0.0,0.0,0.0
coastal,ADJ,4,B,0.0,0.0,0.0,0.0,0.0,0.0,0.0
arrogant,ADJ,4,B,0.0,0.0,0.0,0.0,0.0,0.0,0.0
animated,ADJ,3,B,0.0,0.0,0.0,0.0,0.0,0.0,0.0
addicted,ADJ,4,B,0.0,0.0,0.0,0.0,0.0,0.0,0.0
advanced,ADJ,2,A,0.0,0.0,0.0,0.0,0.0,0.0,0.0
boiled,ADJ,2,A,0.0,0.0,0.0,0.0,0.0,0.0,0.0
canned,ADJ,4,B,0.0,0.0,0.0,0.0,0.0,0.0,0.0
bored,ADJ,1,A,0.0,0.0,0.0,0.0,0.0,0.0,0.0
amazed,ADJ,3,B,0.0,0.0,0.0,0.0,0.0,0.0,0.0
annoyed,ADJ,3,B,0.0,0.0,0.0,0.0,0.0,0.0,0.0
ashamed,ADJ,3,B,0.0,0.0,0.0,0.0,0.0,0.0,0.0
amused,ADJ,4,B,0.0,0.0,0.0,0.0,0.0,0.0,0.0
astonished,ADJ,4,B,0.0,0.0,0.0,0.0,0.0,0.0,0.0
bad-tempered,ADJ,4,B,0.0,0.0,0.0,0.0,0.0,0.0,0.0
bothered,ADJ,4,B,0.0,0.0,0.0,0.0,0.0,0.0,0.0
closed,ADJ,6,C,0.0,0.0,0.0,0.0,0.0,0.0,0.0
adopted,ADJ,4,B,0.0,0.0,0.0,0.0,0.0,0.0,0.0
better,ADJ,1,A,0.0,0.0,0.0,0.0,0.0,0.0,0.0
beautiful,ADJ,1,A,0.0,0.0,0.0,0.0,0.0,0.0,0.0
colourful,ADJ,3,B,0.0,0.0,0.0,0.0,0.0,0.0,0.0
careful,ADJ,2,A,0.0,0.0,0.0,0.0,0.0,0.0,0.0
cheerful,ADJ,3,B,0.0,0.0,0.0,0.0,0.0,0.0,0.0
artistic,ADJ,4,B,0.0,0.0,0.0,0.0,0.0,0.0,0.0
classic,ADJ,4,B,0.0,0.0,0.0,0.0,0.0,0.0,0.0
chronic,ADJ,6,C,0.0,0.0,0.0,0.0,0.0,0.0,0.0
basic,ADJ,3,B,0.0,0.0,0.0,0.0,0.0,0.0,0.0
authentic,ADJ,5,C,0.0,0.0,0.0,0.0,0.0,0.0,0.0
academic,ADJ,4,B,0.0,0.0,0.0,0.0,0.0,0.0,0.0
apologetic,ADJ,6,C,0.0,0.0,0.0,0.0,0.0,0.0,0.0
charismatic,ADJ,6,C,0.0,0.0,0.0,0.0,0.0,0.0,0.0
atomic,ADJ,4,B,0.0,0.0,0.0,0.0,0.0,0.0,0.0
automatic,ADJ,4,B,0.0,0.0,0.0,0.0,0.0,0.0,0.0
amazing,ADJ,2,A,0.0,0.0,0.0,0.0,0.0,0.0,0.0
amusing,ADJ,3,B,0.0,0.0,0.0,0.0,0.0,0.0,0.0
appalling,ADJ,5,C,0.0,0.0,0.0,0.0,0.0,0.0,0.0
boring,ADJ,1,A,0.0,0.0,0.0,0.0,0.0,0.0,0.0
annoying,ADJ,3,B,0.0,0.0,0.0,0.0,0.0,0.0,0.0
charming,ADJ,3,B,0.0,0.0,0.0,0.0,0.0,0.0,0.0
astonishing,ADJ,4,B,0.0,0.0,0.0,0.0,0.0,0.0,0.0
caring,ADJ,4,B,0.0,0.0,0.0,0.0,0.0,0.0,0.0
circulation,NOUN,6,C,0.0,0.0,0.0,0.0,0.0,0.0,0.0
childish,ADJ,4,B,0.0,0.0,0.0,0.0,0.0,0.0,0.0
capitalist,ADJ,6,C,0.0,0.0,0.0,0.0,0.0,0.0,0.0
active,ADJ,5,C,0.0,0.0,0.0,0.0,0.0,0.0,0.0
attractive,ADJ,2,A,0.0,0.0,0.0,0.0,0.0,0.0,0.0
aggressive,ADJ,4,B,0.0,0.0,0.0,0.0,0.0,0.0,0.0
assertive,ADJ,6,C,0.0,0.0,0.0,0.0,0.0,0.0,0.0
careless,ADJ,3,B,0.0,0.0,0.0,0.0,0.0,0.0,0.0
actually,ADV,2,A,0.0,0.0,0.0,0.0,0.0,0.0,0.0
badly,ADV,2,A,0.0,0.0,0.0,0.0,0.0,0.0,0.0
certainly,ADV,2,A,0.0,0.0,0.0,0.0,0.0,0.0,0.0
clearly,ADV,2,A,0.0,0.0,0.0,0.0,0.0,0.0,0.0
absolutely,ADV,3,B,0.0,0.0,0.0,0.0,0.0,0.0,0.0
admittedly,ADV,4,B,0.0,0.0,0.0,0.0,0.0,0.0,0.0
alternatively,ADV,4,B,0.0,0.0,0.0,0.0,0.0,0.0,0.0
apparently,ADV,4,B,0.0,0.0,0.0,0.0,0.0,0.0,0.0
basically,ADV,5,C,0.0,0.0,0.0,0.0,0.0,0.0,0.0
approximately,ADV,3,B,0.0,0.0,0.0,0.0,0.0,0.0,0.0
adequately,ADV,4,B,0.0,0.0,0.0,0.0,0.0,0.0,0.0
barely,ADV,4,B,0.0,0.0,0.0,0.0,0.0,0.0,0.0
brightly,ADV,4,B,0.0,0.0,0.0,0.0,0.0,0.0,0.0
beautifully,ADV,3,B,0.0,0.0,0.0,0.0,0.0,0.0,0.0
amazingly,ADV,3,B,0.0,0.0,0.0,0.0,0.0,0.0,0.0
angrily,ADV,3,B,0.0,0.0,0.0,0.0,0.0,0.0,0.0
bravely,ADV,3,B,0.0,0.0,0.0,0.0,0.0,0.0,0.0
aggressively,ADV,4,B,0.0,0.0,0.0,0.0,0.0,0.0,0.0
anxiously,ADV,4,B,0.0,0.0,0.0,0.0,0.0,0.0,0.0
boldly,ADV,4,B,0.0,0.0,0.0,0.0,0.0,0.0,0.0
brilliantly,ADV,4,B,0.0,0.0,0.0,0.0,0.0,0.0,0.0
calmly,ADV,4,B,0.0,0.0,0.0,0.0,0.0,0.0,0.0
carelessly,ADV,4,B,0.0,0.0,0.0,0.0,0.0,0.0,0.0
cheerfully,ADV,4,B,0.0,0.0,0.0,0.0,0.0,0.0,0.0
closely,ADV,4,B,0.0,0.0,0.0,0.0,0.0,0.0,0.0
automatically,ADV,4,B,0.0,0.0,0.0,0.0,0.0,0.0,0.0
anxious,ADJ,3,B,0.0,0.0,0.0,0.0,0.0,0.0,0.0
adventurous,ADJ,4,B,0.0,0.0,0.0,0.0,0.0,0.0,0.0
ambitious,ADJ,4,B,0.0,0.0,0.0,0.0,0.0,0.0,0.0
cautious,ADJ,4,B,0.0,0.0,0.0,0.0,0.0,0.0,0.0
bloody,ADJ,4,B,0.0,0.0,0.0,0.0,0.0,0.0,0.0
chatty,ADJ,5,C,0.0,0.0,0.0,0.0,0.0,0.0,0.0
bulky,ADJ,5,C,0.0,0.0,0.0,0.0,0.0,0.0,0.0
cloudy,ADJ,2,A,0.0,0.0,0.0,0.0,0.0,0.0,0.0
alcoholic,ADJ,3,B,0.0,0.0,0.0,0.0,0.0,0.0,0.0
biological,ADJ,4,B,0.0,0.0,0.0,0.0,0.0,0.0,0.0
abstract,ADJ,4,B,0.0,0.0,0.0,0.0,0.0,0.0,0.0
audience,NOUN,3,B,0.0,0.0,0.0,0.0,0.0,0.0,0.0
cast,NOUN,4,B,0.0,0.0,0.0,0.0,0.0,0.0,0.0
choir,NOUN,4,B,0.0,0.0,0.0,0.0,0.0,0.0,0.0
alright,ADJ,2,A,0.0,0.0,0.0,0.0,0.0,0.0,0.0
alive,ADJ,3,B,0.0,0.0,0.0,0.0,0.0,0.0,0.0
asleep,ADJ,3,B,0.0,0.0,0.0,0.0,0.0,0.0,0.0
awake,ADJ,3,B,0.0,0.0,0.0,0.0,0.0,0.0,0.0
blind,ADJ,3,B,0.0,0.0,0.0,0.0,0.0,0.0,0.0
bump,NOUN,5,C,0.0,0.0,0.0,0.0,0.0,0.0,0.0
casual,ADJ,3,B,0.0,0.0,0.0,0.0,0.0,0.0,0.0
brief,ADJ,3,B,0.0,0.0,0.0,0.0,0.0,0.0,0.0
absolute,ADJ,4,B,0.0,0.0,0.0,0.0,0.0,0.0,0.0
clichéd,ADJ,6,C,0.0,0.0,0.0,0.0,0.0,0.0,0.0
coherent,ADJ,6,C,0.0,0.0,0.0,0.0,0.0,0.0,0.0
anyway,ADV,2,A,0.0,0.0,0.0,0.0,0.0,0.0,0.0
back,ADV,2,A,0.0,0.0,0.0,0.0,0.0,0.0,0.0
besides,ADV,3,B,0.0,0.0,0.0,0.0,0.0,0.0,0.0
anyhow,ADV,4,B,0.0,0.0,0.0,0.0,0.0,0.0,0.0
ban,VERB,4,B,0.0,0.0,0.0,0.0,0.0,0.0,0.0
bad,ADJ,1,A,0.0,0.0,0.0,0.0,0.0,0.0,0.0
best,ADJ,1,A,0.0,0.0,0.0,0.0,0.0,0.0,0.0
black,ADJ,1,A,0.0,0.0,0.0,0.0,0.0,0.0,0.0
brown,ADJ,1,A,0.0,0.0,0.0,0.0,0.0,0.0,0.0
clean,ADJ,1,A,0.0,0.0,0.0,0.0,0.0,0.0,0.0
close,ADJ,1,A,0.0,0.0,0.0,0.0,0.0,0.0,0.0
back,ADJ,2,A,0.0,0.0,0.0,0.0,0.0,0.0,0.0
bright,ADJ,2,A,0.0,0.0,0.0,0.0,0.0,0.0,0.0
brilliant,ADJ,2,A,0.0,0.0,0.0,0.0,0.0,0.0,0.0
broken,ADJ,2,A,0.0,0.0,0.0,0.0,0.0,0.0,0.0
clear,ADJ,2,A,0.0,0.0,0.0,0.0,0.0,0.0,0.0
accurate,ADJ,3,B,0.0,0.0,0.0,0.0,0.0,0.0,0.0
ancient,ADJ,3,B,0.0,0.0,0.0,0.0,0.0,0.0,0.0
antique,ADJ,3,B,0.0,0.0,0.0,0.0,0.0,0.0,0.0
average,ADJ,3,B,0.0,0.0,0.0,0.0,0.0,0.0,0.0
awful,ADJ,3,B,0.0,0.0,0.0,0.0,0.0,0.0,0.0
blank,ADJ,3,B,0.0,0.0,0.0,0.0,0.0,0.0,0.0
bold,ADJ,3,B,0.0,0.0,0.0,0.0,0.0,0.0,0.0
broad,ADJ,3,B,0.0,0.0,0.0,0.0,0.0,0.0,0.0
clever,ADJ,3,B,0.0,0.0,0.0,0.0,0.0,0.0,0.0
absurd,ADJ,4,B,0.0,0.0,0.0,0.0,0.0,0.0,0.0
adequate,ADJ,4,B,0.0,0.0,0.0,0.0,0.0,0.0,0.0
appropriate,ADJ,4,B,0.0,0.0,0.0,0.0,0.0,0.0,0.0
approximate,ADJ,4,B,0.0,0.0,0.0,0.0,0.0,0.0,0.0
bare,ADJ,4,B,0.0,0.0,0.0,0.0,0.0,0.0,0.0
bizarre,ADJ,4,B,0.0,0.0,0.0,0.0,0.0,0.0,0.0
breathtaking,ADJ,4,B,0.0,0.0,0.0,0.0,0.0,0.0,0.0
circular,ADJ,4,B,0.0,0.0,0.0,0.0,0.0,0.0,0.0
abnormal,ADJ,5,C,0.0,0.0,0.0,0.0,0.0,0.0,0.0
bland,ADJ,6,C,0.0,0.0,0.0,0.0,0.0,0.0,0.0
bleak,ADJ,6,C,0.0,0.0,0.0,0.0,0.0,0.0,0.0
above,ADV,1,A,0.0,0.0,0.0,0.0,0.0,0.0,0.0
below,ADV,1,A,0.0,0.0,0.0,0.0,0.0,0.0,0.0
across,ADV,2,A,0.0,0.0,0.0,0.0,0.0,0.0,0.0
anywhere,ADV,2,A,0.0,0.0,0.0,0.0,0.0,0.0,0.0
around,ADV,2,A,0.0,0.0,0.0,0.0,0.0,0.0,0.0
away,ADV,2,A,0.0,0.0,0.0,0.0,0.0,0.0,0.0
apart,ADV,3,B,0.0,0.0,0.0,0.0,0.0,0.0,0.0
behind,ADV,3,B,0.0,0.0,0.0,0.0,0.0,0.0,0.0
alongside,ADV,5,C,0.0,0.0,0.0,0.0,0.0,0.0,0.0
beyond,ADV,5,C,0.0,0.0,0.0,0.0,0.0,0.0,0.0
be,VERB,1,A,0.0,0.0,0.0,0.0,0.0,0.0,0.0
bitter,ADJ,3,B,0.0,0.0,0.0,0.0,0.0,0.0,0.0
budget,ADJ,4,B,0.0,0.0,0.0,0.0,0.0,0.0,0.0
affluent,ADJ,5,C,0.0,0.0,0.0,0.0,0.0,0.0,0.0
bankrupt,ADJ,5,C,0.0,0.0,0.0,0.0,0.0,0.0,0.0
award,VERB,4,B,0.0,0.0,0.0,0.0,0.0,0.0,0.0
bid,VERB,6,C,0.0,0.0,0.0,0.0,0.0,0.0,0.0
calm,ADJ,3,B,0.0,0.0,0.0,0.0,0.0,0.0,0.0
arid,ADJ,6,C,0.0,0.0,0.0,0.0,0.0,0.0,0.0
bronze,NOUN,6,C,0.0,0.0,0.0,0.0,0.0,0.0,0.0
choice,NOUN,3,B,0.0,0.0,0.0,0.0,0.0,0.0,0.0
aged,ADJ,2,A,0.0,0.0,0.0,0.0,0.0,0.0,0.0
blonde,ADJ,2,A,0.0,0.0,0.0,0.0,0.0,0.0,0.0
awkward,ADJ,6,C,0.0,0.0,0.0,0.0,0.0,0.0,0.0
afraid,ADJ,2,A,0.0,0.0,0.0,0.0,0.0,0.0,0.0
angry,ADJ,2,A,0.0,0.0,0.0,0.0,0.0,0.0,0.0
brave,ADJ,3,B,0.0,0.0,0.0,0.0,0.0,0.0,0.0
certain,ADJ,3,B,0.0,0.0,0.0,0.0,0.0,0.0,0.0
cold,ADJ,3,B,0.0,0.0,0.0,0.0,0.0,0.0,0.0
aware,ADJ,4,B,0.0,0.0,0.0,0.0,0.0,0.0,0.0
clumsy,ADJ,4,B,0.0,0.0,0.0,0.0,0.0,0.0,0.0
alert,ADJ,5,C,0.0,0.0,0.0,0.0,0.0,0.0,0.0
anti-social,ADJ,5,C,0.0,0.0,0.0,0.0,0.0,0.0,0.0
able,ADJ,6,C,0.0,0.0,0.0,0.0,0.0,0.0,0.0
abrupt,ADJ,6,C,0.0,0.0,0.0,0.0,0.0,0.0,0.0
affectionate,ADJ,6,C,0.0,0.0,0.0,0.0,0.0,0.0,0.0
blunt,ADJ,6,C,0.0,0.0,0.0,0.0,0.0,0.0,0.0
boost,NOUN,4,B,0.0,0.0,0.0,0.0,0.0,0.0,0.0
club,NOUN,3,B,0.0,0.0,0.0,0.0,0.0,0.0,0.0
bound,ADJ,5,C,0.0,0.0,0.0,0.0,0.0,0.0,0.0
abroad,ADV,3,B,0.0,0.0,0.0,0.0,0.0,0.0,0.0
aboard,ADV,5,C,0.0,0.0,0.0,0.0,0.0,0.0,0.0
busy,ADJ,2,A,0.0,0.0,0.0,0.0,0.0,0.0,0.0
chief,ADJ,4,B,0.0,0.0,0.0,0.0,0.0,0.0,0.0
breakable,ADJ,4,B,0.0,0.0,0.0,0.0,0.0,0.0,0.0
affordable,ADJ,5,C,0.0,0.0,0.0,0.0,0.0,0.0,0.0
changeable,ADJ,5,C,0.0,0.0,0.0,0.0,0.0,0.0,0.0
accountable,ADJ,6,C,0.0,0.0,0.0,0.0,0.0,0.0,0.0
attainable,ADJ,6,C,0.0,0.0,0.0,0.0,0.0,0.0,0.0
annual,ADJ,3,B,0.0,0.0,0.0,0.0,0.0,0.0,0.0
central,ADJ,3,B,0.0,0.0,0.0,0.0,0.0,0.0,0.0
accidental,ADJ,4,B,0.0,0.0,0.0,0.0,0.0,0.0,0.0
analytical,ADJ,5,C,0.0,0.0,0.0,0.0,0.0,0.0,0.0
bilingual,ADJ,5,C,0.0,0.0,0.0,0.0,0.0,0.0,0.0
brutal,ADJ,5,C,0.0,0.0,0.0,0.0,0.0,0.0,0.0
classical,ADJ,6,C,0.0,0.0,0.0,0.0,0.0,0.0,0.0
abandoned,ADJ,4,B,0.0,0.0,0.0,0.0,0.0,0.0,0.0
armed,ADJ,4,B,0.0,0.0,0.0,0.0,0.0,0.0,0.0
balanced,ADJ,4,B,0.0,0.0,0.0,0.0,0.0,0.0,0.0
accepted,ADJ,5,C,0.0,0.0,0.0,0.0,0.0,0.0,0.0
acclaimed,ADJ,5,C,0.0,0.0,0.0,0.0,0.0,0.0,0.0
alleged,ADJ,5,C,0.0,0.0,0.0,0.0,0.0,0.0,0.0
biased,ADJ,5,C,0.0,0.0,0.0,0.0,0.0,0.0,0.0
allied,ADJ,6,C,0.0,0.0,0.0,0.0,0.0,0.0,0.0
broadminded,ADJ,6,C,0.0,0.0,0.0,0.0,0.0,0.0,0.0
better,ADV,2,A,0.0,0.0,0.0,0.0,0.0,0.0,0.0
accessible,ADJ,4,B,0.0,0.0,0.0,0.0,0.0,0.0,0.0
athletic,ADJ,4,B,0.0,0.0,0.0,0.0,0.0,0.0,0.0
chaotic,ADJ,5,C,0.0,0.0,0.0,0.0,0.0,0.0,0.0
characteristic,ADJ,6,C,0.0,0.0,0.0,0.0,0.0,0.0,0.0
burning,ADJ,3,B,0.0,0.0,0.0,0.0,0.0,0.0,0.0
challenging,ADJ,3,B,0.0,0.0,0.0,0.0,0.0,0.0,0.0
alarming,ADJ,5,C,0.0,0.0,0.0,0.0,0.0,0.0,0.0
beginning,NOUN,2,A,0.0,0.0,0.0,0.0,0.0,0.0,0.0
aspiration,NOUN,6,C,0.0,0.0,0.0,0.0,0.0,0.0,0.0
alternative,ADJ,4,B,0.0,0.0,0.0,0.0,0.0,0.0,0.0
addictive,ADJ,5,C,0.0,0.0,0.0,0.0,0.0,0.0,0.0
administrative,ADJ,5,C,0.0,0.0,0.0,0.0,0.0,0.0,0.0
abusive,ADJ,6,C,0.0,0.0,0.0,0.0,0.0,0.0,0.0
carefully,ADV,2,A,0.0,0.0,0.0,0.0,0.0,0.0,0.0
accurately,ADV,3,B,0.0,0.0,0.0,0.0,0.0,0.0,0.0
briefly,ADV,3,B,0.0,0.0,0.0,0.0,0.0,0.0,0.0
accidentally,ADV,4,B,0.0,0.0,0.0,0.0,0.0,0.0,0.0
actively,ADV,4,B,0.0,0.0,0.0,0.0,0.0,0.0,0.0
additionally,ADV,4,B,0.0,0.0,0.0,0.0,0.0,0.0,0.0
annually,ADV,4,B,0.0,0.0,0.0,0.0,0.0,0.0,0.0
appropriately,ADV,4,B,0.0,0.0,0.0,0.0,0.0,0.0,0.0
artificially,ADV,4,B,0.0,0.0,0.0,0.0,0.0,0.0,0.0
casually,ADV,4,B,0.0,0.0,0.0,0.0,0.0,0.0,0.0
broadly,ADV,5,C,0.0,0.0,0.0,0.0,0.0,0.0,0.0
anchor,VERB,6,C,0.0,0.0,0.0,0.0,0.0,0.0,0.0
ambiguous,ADJ,6,C,0.0,0.0,0.0,0.0,0.0,0.0,0.0
analogous,ADJ,6,C,0.0,0.0,0.0,0.0,0.0,0.0,0.0
anonymous,ADJ,6,C,0.0,0.0,0.0,0.0,0.0,0.0,0.0
bossy,ADJ,4,B,0.0,0.0,0.0,0.0,0.0,0.0,0.0
cheeky,ADJ,4,B,0.0,0.0,0.0,0.0,0.0,0.0,0.0
chilly,ADJ,5,C,0.0,0.0,0.0,0.0,0.0,0.0,0.0
cheap,ADJ,1,A,0.0,0.0,0.0,0.0,0.0,0.0,0.0
adult,ADJ,2,A,0.0,0.0,0.0,0.0,0.0,0.0,0.0
alone,ADJ,2,A,0.0,0.0,0.0,0.0,0.0,0.0,0.0
absent,ADJ,3,B,0.0,0.0,0.0,0.0,0.0,0.0,0.0
alike,ADJ,3,B,0.0,0.0,0.0,0.0,0.0,0.0,0.0
bald,ADJ,3,B,0.0,0.0,0.0,0.0,0.0,0.0,0.0
actual,ADJ,4,B,0.0,0.0,0.0,0.0,0.0,0.0,0.0
apparent,ADJ,4,B,0.0,0.0,0.0,0.0,0.0,0.0,0.0
amateur,ADJ,5,C,0.0,0.0,0.0,0.0,0.0,0.0,0.0
ample,ADJ,5,C,0.0,0.0,0.0,0.0,0.0,0.0,0.0
civil,ADJ,5,C,0.0,0.0,0.0,0.0,0.0,0.0,0.0
ahead,ADJ,6,C,0.0,0.0,0.0,0.0,0.0,0.0,0.0
arbitrary,ADJ,6,C,0.0,0.0,0.0,0.0,0.0,0.0,0.0
backward,ADJ,6,C,0.0,0.0,0.0,0.0,0.0,0.0,0.0
bronze,ADJ,6,C,0.0,0.0,0.0,0.0,0.0,0.0,0.0
carefree,ADJ,6,C,0.0,0.0,0.0,0.0,0.0,0.0,0.0
about,ADV,1,A,0.0,0.0,0.0,0.0,0.0,0.0,0.0
again,ADV,1,A,0.0,0.0,0.0,0.0,0.0,0.0,0.0
also,ADV,1,A,0.0,0.0,0.0,0.0,0.0,0.0,0.0
always,ADV,1,A,0.0,0.0,0.0,0.0,0.0,0.0,0.0
a.m.,ADV,1,A,0.0,0.0,0.0,0.0,0.0,0.0,0.0
best,ADV,1,A,0.0,0.0,0.0,0.0,0.0,0.0,0.0
after,ADV,2,A,0.0,0.0,0.0,0.0,0.0,0.0,0.0
afterwards,ADV,2,A,0.0,0.0,0.0,0.0,0.0,0.0,0.0
ago,ADV,2,A,0.0,0.0,0.0,0.0,0.0,0.0,0.0
all,ADV,2,A,0.0,0.0,0.0,0.0,0.0,0.0,0.0
almost,ADV,2,A,0.0,0.0,0.0,0.0,0.0,0.0,0.0
already,ADV,2,A,0.0,0.0,0.0,0.0,0.0,0.0,0.0
anymore,ADV,2,A,0.0,0.0,0.0,0.0,0.0,0.0,0.0
before,ADV,2,A,0.0,0.0,0.0,0.0,0.0,0.0,0.0
ahead,ADV,3,B,0.0,0.0,0.0,0.0,0.0,0.0,0.0
along,ADV,3,B,0.0,0.0,0.0,0.0,0.0,0.0,0.0
aloud,ADV,3,B,0.0,0.0,0.0,0.0,0.0,0.0,0.0
altogether,ADV,3,B,0.0,0.0,0.0,0.0,0.0,0.0,0.0
any,ADV,3,B,0.0,0.0,0.0,0.0,0.0,0.0,0.0
backwards,ADV,3,B,0.0,0.0,0.0,0.0,0.0,0.0,0.0
alike,ADV,4,B,0.0,0.0,0.0,0.0,0.0,0.0,0.0
aside,ADV,4,B,0.0,0.0,0.0,0.0,0.0,0.0,0.0
between,ADV,5,C,0.0,0.0,0.0,0.0,0.0,0.0,0.0
abruptly,ADV,6,C,0.0,0.0,0.0,0.0,0.0,0.0,0.0
allegedly,ADV,6,C,0.0,0.0,0.0,0.0,0.0,0.0,0.0
circumstance,NOUN,4,B,0.0,0.0,0.0,0.0,0.0,0.0,0.0
alert,NOUN,5,C,0.0,0.0,0.0,0.0,0.0,0.0,0.0
army,NOUN,6,C,0.0,0.0,0.0,0.0,0.0,0.0,0.0
bundle,NOUN,6,C,0.0,0.0,0.0,0.0,0.0,0.0,0.0
casualty,NOUN,6,C,0.0,0.0,0.0,0.0,0.0,0.0,0.0
cheer,NOUN,6,C,0.0,0.0,0.0,0.0,0.0,0.0,0.0
closure,NOUN,6,C,0.0,0.0,0.0,0.0,0.0,0.0,0.0
alternate,VERB,5,C,0.0,0.0,0.0,0.0,0.0,0.0,0.0
channel,VERB,6,C,0.0,0.0,0.0,0.0,0.0,0.0,0.0
charm,VERB,6,C,0.0,0.0,0.0,0.0,0.0,0.0,0.0
coin,VERB,6,C,0.0,0.0,0.0,0.0,0.0,0.0,0.0
establishment,NOUN,5,C,0.0,0.0,0.0,0.0,0.0,0.0,0.0
contract,VERB,6,C,0.0,0.0,0.0,0.0,0.0,0.0,0.0
conclude,VERB,5,C,0.0,0.0,0.0,0.0,0.0,0.0,0.0
exam,NOUN,2,A,0.0,0.0,0.0,0.0,0.0,0.0,0.0
discipline,NOUN,6,C,0.0,0.0,0.0,0.0,0.0,0.0,0.0
expenditure,NOUN,6,C,0.0,0.0,0.0,0.0,0.0,0.0,0.0
ensure,VERB,4,B,0.0,0.0,0.0,0.0,0.0,0.0,0.0
descend,VERB,4,B,0.0,0.0,0.0,0.0,0.0,0.0,0.0
dad,NOUN,1,A,0.0,0.0,0.0,0.0,0.0,0.0,0.0
fancy,VERB,4,B,0.0,0.0,0.0,0.0,0.0,0.0,0.0
depart,VERB,3,B,0.0,0.0,0.0,0.0,0.0,0.0,0.0
duration,NOUN,5,C,0.0,0.0,0.0,0.0,0.0,0.0,0.0
elapse,VERB,6,C,0.0,0.0,0.0,0.0,0.0,0.0,0.0
excel,VERB,6,C,0.0,0.0,0.0,0.0,0.0,0.0,0.0
consume,VERB,4,B,0.0,0.0,0.0,0.0,0.0,0.0,0.0
comprise,VERB,5,C,0.0,0.0,0.0,0.0,0.0,0.0,0.0
desire,VERB,5,C,0.0,0.0,0.0,0.0,0.0,0.0,0.0
employ,VERB,5,C,0.0,0.0,0.0,0.0,0.0,0.0,0.0
engage,VERB,5,C,0.0,0.0,0.0,0.0,0.0,0.0,0.0
enhance,VERB,5,C,0.0,0.0,0.0,0.0,0.0,0.0,0.0
evaluate,VERB,5,C,0.0,0.0,0.0,0.0,0.0,0.0,0.0
facilitate,VERB,5,C,0.0,0.0,0.0,0.0,0.0,0.0,0.0
compromise,VERB,6,C,0.0,0.0,0.0,0.0,0.0,0.0,0.0
deem,VERB,6,C,0.0,0.0,0.0,0.0,0.0,0.0,0.0
disclose,VERB,6,C,0.0,0.0,0.0,0.0,0.0,0.0,0.0
endorse,VERB,6,C,0.0,0.0,0.0,0.0,0.0,0.0,0.0
enjoy,VERB,6,C,0.0,0.0,0.0,0.0,0.0,0.0,0.0
eradicate,VERB,6,C,0.0,0.0,0.0,0.0,0.0,0.0,0.0
erode,VERB,6,C,0.0,0.0,0.0,0.0,0.0,0.0,0.0
examine,VERB,6,C,0.0,0.0,0.0,0.0,0.0,0.0,0.0
exemplify,VERB,6,C,0.0,0.0,0.0,0.0,0.0,0.0,0.0
exercise,VERB,6,C,0.0,0.0,0.0,0.0,0.0,0.0,0.0
commence,VERB,6,C,0.0,0.0,0.0,0.0,0.0,0.0,0.0
crush,NOUN,6,C,0.0,0.0,0.0,0.0,0.0,0.0,0.0
dump,NOUN,6,C,0.0,0.0,0.0,0.0,0.0,0.0,0.0
devil,NOUN,6,C,0.0,0.0,0.0,0.0,0.0,0.0,0.0
disapproval,NOUN,5,C,0.0,0.0,0.0,0.0,0.0,0.0,0.0
dismissal,NOUN,5,C,0.0,0.0,0.0,0.0,0.0,0.0,0.0
dissatisfaction,NOUN,4,B,0.0,0.0,0.0,0.0,0.0,0.0,0.0
disability,NOUN,4,B,0.0,0.0,0.0,0.0,0.0,0.0,0.0
disagreement,NOUN,4,B,0.0,0.0,0.0,0.0,0.0,0.0,0.0
dishonesty,NOUN,4,B,0.0,0.0,0.0,0.0,0.0,0.0,0.0
disorder,NOUN,5,C,0.0,0.0,0.0,0.0,0.0,0.0,0.0
disagree,VERB,3,B,0.0,0.0,0.0,0.0,0.0,0.0,0.0
discourage,VERB,4,B,0.0,0.0,0.0,0.0,0.0,0.0,0.0
disrespect,NOUN,5,C,0.0,0.0,0.0,0.0,0.0,0.0,0.0
disgust,NOUN,6,C,0.0,0.0,0.0,0.0,0.0,0.0,0.0
disapprove,VERB,4,B,0.0,0.0,0.0,0.0,0.0,0.0,0.0
dislike,VERB,3,B,0.0,0.0,0.0,0.0,0.0,0.0,0.0
commercial,NOUN,4,B,0.0,0.0,0.0,0.0,0.0,0.0,0.0
criminal,NOUN,3,B,0.0,0.0,0.0,0.0,0.0,0.0,0.0
disposal,NOUN,4,B,0.0,0.0,0.0,0.0,0.0,0.0,0.0
conference,NOUN,3,B,0.0,0.0,0.0,0.0,0.0,0.0,0.0
confidence,NOUN,4,B,0.0,0.0,0.0,0.0,0.0,0.0,0.0
dancer,NOUN,2,A,0.0,0.0,0.0,0.0,0.0,0.0,0.0
examiner,NOUN,3,B,0.0,0.0,0.0,0.0,0.0,0.0,0.0
cooker,NOUN,2,A,0.0,0.0,0.0,0.0,0.0,0.0,0.0
dishwasher,NOUN,3,B,0.0,0.0,0.0,0.0,0.0,0.0,0.0
customer,NOUN,2,A,0.0,0.0,0.0,0.0,0.0,0.0,0.0
diver,NOUN,3,B,0.0,0.0,0.0,0.0,0.0,0.0,0.0
consumer,NOUN,4,B,0.0,0.0,0.0,0.0,0.0,0.0,0.0
defender,NOUN,4,B,0.0,0.0,0.0,0.0,0.0,0.0,0.0
counter,NOUN,6,C,0.0,0.0,0.0,0.0,0.0,0.0,0.0
computer,NOUN,1,A,0.0,0.0,0.0,0.0,0.0,0.0,0.0
farmer,NOUN,2,A,0.0,0.0,0.0,0.0,0.0,0.0,0.0
employer,NOUN,3,B,0.0,0.0,0.0,0.0,0.0,0.0,0.0
ending,NOUN,3,B,0.0,0.0,0.0,0.0,0.0,0.0,0.0
crossing,NOUN,3,B,0.0,0.0,0.0,0.0,0.0,0.0,0.0
farming,NOUN,3,B,0.0,0.0,0.0,0.0,0.0,0.0,0.0
composition,NOUN,4,B,0.0,0.0,0.0,0.0,0.0,0.0,0.0
edition,NOUN,4,B,0.0,0.0,0.0,0.0,0.0,0.0,0.0
exhibition,NOUN,3,B,0.0,0.0,0.0,0.0,0.0,0.0,0.0
condition,NOUN,4,B,0.0,0.0,0.0,0.0,0.0,0.0,0.0
complexion,NOUN,6,C,0.0,0.0,0.0,0.0,0.0,0.0,0.0
complication,NOUN,6,C,0.0,0.0,0.0,0.0,0.0,0.0,0.0
constitution,NOUN,6,C,0.0,0.0,0.0,0.0,0.0,0.0,0.0
examination,NOUN,4,B,0.0,0.0,0.0,0.0,0.0,0.0,0.0
construction,NOUN,4,B,0.0,0.0,0.0,0.0,0.0,0.0,0.0
definition,NOUN,4,B,0.0,0.0,0.0,0.0,0.0,0.0,0.0
expression,NOUN,4,B,0.0,0.0,0.0,0.0,0.0,0.0,0.0
communication,NOUN,3,B,0.0,0.0,0.0,0.0,0.0,0.0,0.0
conversation,NOUN,1,A,0.0,0.0,0.0,0.0,0.0,0.0,0.0
description,NOUN,3,B,0.0,0.0,0.0,0.0,0.0,0.0,0.0
discussion,NOUN,3,B,0.0,0.0,0.0,0.0,0.0,0.0,0.0
explanation,NOUN,3,B,0.0,0.0,0.0,0.0,0.0,0.0,0.0
confession,NOUN,4,B,0.0,0.0,0.0,0.0,0.0,0.0,0.0
confirmation,NOUN,4,B,0.0,0.0,0.0,0.0,0.0,0.0,0.0
conviction,NOUN,6,C,0.0,0.0,0.0,0.0,0.0,0.0,0.0
devastation,NOUN,6,C,0.0,0.0,0.0,0.0,0.0,0.0,0.0
concession,NOUN,6,C,0.0,0.0,0.0,0.0,0.0,0.0,0.0
depression,NOUN,6,C,0.0,0.0,0.0,0.0,0.0,0.0,0.0
conservation,NOUN,4,B,0.0,0.0,0.0,0.0,0.0,0.0,0.0
evolution,NOUN,4,B,0.0,0.0,0.0,0.0,0.0,0.0,0.0
decision,NOUN,3,B,0.0,0.0,0.0,0.0,0.0,0.0,0.0
cooperation,NOUN,4,B,0.0,0.0,0.0,0.0,0.0,0.0,0.0
contribution,NOUN,4,B,0.0,0.0,0.0,0.0,0.0,0.0,0.0
demonstration,NOUN,5,C,0.0,0.0,0.0,0.0,0.0,0.0,0.0
disposition,NOUN,6,C,0.0,0.0,0.0,0.0,0.0,0.0,0.0
determination,NOUN,4,B,0.0,0.0,0.0,0.0,0.0,0.0,0.0
exhaustion,NOUN,4,B,0.0,0.0,0.0,0.0,0.0,0.0,0.0
confusion,NOUN,4,B,0.0,0.0,0.0,0.0,0.0,0.0,0.0
election,NOUN,3,B,0.0,0.0,0.0,0.0,0.0,0.0,0.0
competition,NOUN,2,A,0.0,0.0,0.0,0.0,0.0,0.0,0.0
division,NOUN,4,B,0.0,0.0,0.0,0.0,0.0,0.0,0.0
destination,NOUN,3,B,0.0,0.0,0.0,0.0,0.0,0.0,0.0
expedition,NOUN,3,B,0.0,0.0,0.0,0.0,0.0,0.0,0.0
connection,NOUN,4,B,0.0,0.0,0.0,0.0,0.0,0.0,0.0
congestion,NOUN,5,C,0.0,0.0,0.0,0.0,0.0,0.0,0.0
criticism,NOUN,4,B,0.0,0.0,0.0,0.0,0.0,0.0,0.0
cyclist,NOUN,3,B,0.0,0.0,0.0,0.0,0.0,0.0,0.0
creativity,NOUN,4,B,0.0,0.0,0.0,0.0,0.0,0.0,0.0
curiosity,NOUN,4,B,0.0,0.0,0.0,0.0,0.0,0.0,0.0
community,NOUN,4,B,0.0,0.0,0.0,0.0,0.0,0.0,0.0
electricity,NOUN,2,A,0.0,0.0,0.0,0.0,0.0,0.0,0.0
entertainment,NOUN,3,B,0.0,0.0,0.0,0.0,0.0,0.0,0.0
encouragement,NOUN,4,B,0.0,0.0,0.0,0.0,0.0,0.0,0.0
development,NOUN,3,B,0.0,0.0,0.0,0.0,0.0,0.0,0.0
disappointment,NOUN,3,B,0.0,0.0,0.0,0.0,0.0,0.0,0.0
excitement,NOUN,3,B,0.0,0.0,0.0,0.0,0.0,0.0,0.0
enjoyment,NOUN,4,B,0.0,0.0,0.0,0.0,0.0,0.0,0.0
commitment,NOUN,4,B,0.0,0.0,0.0,0.0,0.0,0.0,0.0
embarrassment,NOUN,4,B,0.0,0.0,0.0,0.0,0.0,0.0,0.0
equipment,NOUN,3,B,0.0,0.0,0.0,0.0,0.0,0.0,0.0
employment,NOUN,3,B,0.0,0.0,0.0,0.0,0.0,0.0,0.0
consciousness,NOUN,4,B,0.0,0.0,0.0,0.0,0.0,0.0,0.0
eagerness,NOUN,4,B,0.0,0.0,0.0,0.0,0.0,0.0,0.0
coolness,NOUN,6,C,0.0,0.0,0.0,0.0,0.0,0.0,0.0
escalator,NOUN,4,B,0.0,0.0,0.0,0.0,0.0,0.0,0.0
competitor,NOUN,3,B,0.0,0.0,0.0,0.0,0.0,0.0,0.0
director,NOUN,3,B,0.0,0.0,0.0,0.0,0.0,0.0,0.0
counsellor,NOUN,6,C,0.0,0.0,0.0,0.0,0.0,0.0,0.0
enquiry,NOUN,3,B,0.0,0.0,0.0,0.0,0.0,0.0,0.0
delivery,NOUN,3,B,0.0,0.0,0.0,0.0,0.0,0.0,0.0
discovery,NOUN,4,B,0.0,0.0,0.0,0.0,0.0,0.0,0.0
contraception,NOUN,6,C,0.0,0.0,0.0,0.0,0.0,0.0,0.0
extremist,NOUN,6,C,0.0,0.0,0.0,0.0,0.0,0.0,0.0
contraceptive,NOUN,6,C,0.0,0.0,0.0,0.0,0.0,0.0,0.0
cow,NOUN,1,A,0.0,0.0,0.0,0.0,0.0,0.0,0.0
dog,NOUN,1,A,0.0,0.0,0.0,0.0,0.0,0.0,0.0
dinosaur,NOUN,2,A,0.0,0.0,0.0,0.0,0.0,0.0,0.0
duck,NOUN,2,A,0.0,0.0,0.0,0.0,0.0,0.0,0.0
elephant,NOUN,2,A,0.0,0.0,0.0,0.0,0.0,0.0,0.0
creature,NOUN,3,B,0.0,0.0,0.0,0.0,0.0,0.0,0.0
dolphin,NOUN,3,B,0.0,0.0,0.0,0.0,0.0,0.0,0.0
donkey,NOUN,3,B,0.0,0.0,0.0,0.0,0.0,0.0,0.0
crocodile,NOUN,4,B,0.0,0.0,0.0,0.0,0.0,0.0,0.0
deer,NOUN,4,B,0.0,0.0,0.0,0.0,0.0,0.0,0.0
eagle,NOUN,4,B,0.0,0.0,0.0,0.0,0.0,0.0,0.0
egg,NOUN,4,B,0.0,0.0,0.0,0.0,0.0,0.0,0.0
cry,NOUN,6,C,0.0,0.0,0.0,0.0,0.0,0.0,0.0
comic,NOUN,2,A,0.0,0.0,0.0,0.0,0.0,0.0,0.0
concert,NOUN,2,A,0.0,0.0,0.0,0.0,0.0,0.0,0.0
dance,NOUN,2,A,0.0,0.0,0.0,0.0,0.0,0.0,0.0
drum,NOUN,2,A,0.0,0.0,0.0,0.0,0.0,0.0,0.0
disc,NOUN,3,B,0.0,0.0,0.0,0.0,0.0,0.0,0.0
display,NOUN,3,B,0.0,0.0,0.0,0.0,0.0,0.0,0.0
documentary,NOUN,3,B,0.0,0.0,0.0,0.0,0.0,0.0,0.0
episode,NOUN,4,B,0.0,0.0,0.0,0.0,0.0,0.0,0.0
extra,NOUN,5,C,0.0,0.0,0.0,0.0,0.0,0.0,0.0
culture,NOUN,3,B,0.0,0.0,0.0,0.0,0.0,0.0,0.0
coverage,NOUN,5,C,0.0,0.0,0.0,0.0,0.0,0.0,0.0
comedy,NOUN,3,B,0.0,0.0,0.0,0.0,0.0,0.0,0.0
drama,NOUN,3,B,0.0,0.0,0.0,0.0,0.0,0.0,0.0
craft,NOUN,4,B,0.0,0.0,0.0,0.0,0.0,0.0,0.0
contents,NOUN,3,B,0.0,0.0,0.0,0.0,0.0,0.0,0.0
compose,VERB,4,B,0.0,0.0,0.0,0.0,0.0,0.0,0.0
conduct,VERB,4,B,0.0,0.0,0.0,0.0,0.0,0.0,0.0
ear,NOUN,1,A,0.0,0.0,0.0,0.0,0.0,0.0,0.0
eye,NOUN,1,A,0.0,0.0,0.0,0.0,0.0,0.0,0.0
face,NOUN,1,A,0.0,0.0,0.0,0.0,0.0,0.0,0.0
cough,NOUN,3,B,0.0,0.0,0.0,0.0,0.0,0.0,0.0
cut,NOUN,3,B,0.0,0.0,0.0,0.0,0.0,0.0,0.0
diet,NOUN,3,B,0.0,0.0,0.0,0.0,0.0,0.0,0.0
elbow,NOUN,3,B,0.0,0.0,0.0,0.0,0.0,0.0,0.0
cure,NOUN,4,B,0.0,0.0,0.0,0.0,0.0,0.0,0.0
dose,NOUN,4,B,0.0,0.0,0.0,0.0,0.0,0.0,0.0
drug,NOUN,4,B,0.0,0.0,0.0,0.0,0.0,0.0,0.0
eyebrow,NOUN,4,B,0.0,0.0,0.0,0.0,0.0,0.0,0.0
eyelid,NOUN,4,B,0.0,0.0,0.0,0.0,0.0,0.0,0.0
corpse,NOUN,6,C,0.0,0.0,0.0,0.0,0.0,0.0,0.0
donor,NOUN,6,C,0.0,0.0,0.0,0.0,0.0,0.0,0.0
eyesight,NOUN,4,B,0.0,0.0,0.0,0.0,0.0,0.0,0.0
digestion,NOUN,5,C,0.0,0.0,0.0,0.0,0.0,0.0,0.0
diarrhoea,NOUN,6,C,0.0,0.0,0.0,0.0,0.0,0.0,0.0
disease,NOUN,3,B,0.0,0.0,0.0,0.0,0.0,0.0,0.0
earache,NOUN,3,B,0.0,0.0,0.0,0.0,0.0,0.0,0.0
deodorant,NOUN,5,C,0.0,0.0,0.0,0.0,0.0,0.0,0.0
diagnosis,NOUN,6,C,0.0,0.0,0.0,0.0,0.0,0.0,0.0
do,VERB,2,A,0.0,0.0,0.0,0.0,0.0,0.0,0.0
faint,VERB,4,B,0.0,0.0,0.0,0.0,0.0,0.0,0.0
cut,VERB,3,B,0.0,0.0,0.0,0.0,0.0,0.0,0.0
cure,VERB,4,B,0.0,0.0,0.0,0.0,0.0,0.0,0.0
digest,VERB,5,C,0.0,0.0,0.0,0.0,0.0,0.0,0.0
diagnose,VERB,6,C,0.0,0.0,0.0,0.0,0.0,0.0,0.0
develop,VERB,4,B,0.0,0.0,0.0,0.0,0.0,0.0,0.0
conceive,VERB,6,C,0.0,0.0,0.0,0.0,0.0,0.0,0.0
dress,NOUN,1,A,0.0,0.0,0.0,0.0,0.0,0.0,0.0
earring,NOUN,2,A,0.0,0.0,0.0,0.0,0.0,0.0,0.0
costume,NOUN,4,B,0.0,0.0,0.0,0.0,0.0,0.0,0.0
dress,VERB,3,B,0.0,0.0,0.0,0.0,0.0,0.0,0.0
cross,NOUN,1,A,0.0,0.0,0.0,0.0,0.0,0.0,0.0
document,NOUN,2,A,0.0,0.0,0.0,0.0,0.0,0.0,0.0
envelope,NOUN,2,A,0.0,0.0,0.0,0.0,0.0,0.0,0.0
comma,NOUN,3,B,0.0,0.0,0.0,0.0,0.0,0.0,0.0
comment,NOUN,3,B,0.0,0.0,0.0,0.0,0.0,0.0,0.0
consonant,NOUN,3,B,0.0,0.0,0.0,0.0,0.0,0.0,0.0
demand,NOUN,3,B,0.0,0.0,0.0,0.0,0.0,0.0,0.0
diagram,NOUN,3,B,0.0,0.0,0.0,0.0,0.0,0.0,0.0
entry,NOUN,3,B,0.0,0.0,0.0,0.0,0.0,0.0,0.0
excuse,NOUN,3,B,0.0,0.0,0.0,0.0,0.0,0.0,0.0
command,NOUN,4,B,0.0,0.0,0.0,0.0,0.0,0.0,0.0
dash,NOUN,4,B,0.0,0.0,0.0,0.0,0.0,0.0,0.0
draft,NOUN,4,B,0.0,0.0,0.0,0.0,0.0,0.0,0.0
contact,NOUN,3,B,0.0,0.0,0.0,0.0,0.0,0.0,0.0
data,NOUN,4,B,0.0,0.0,0.0,0.0,0.0,0.0,0.0
complaint,NOUN,3,B,0.0,0.0,0.0,0.0,0.0,0.0,0.0
compromise,NOUN,4,B,0.0,0.0,0.0,0.0,0.0,0.0,0.0
defence,NOUN,4,B,0.0,0.0,0.0,0.0,0.0,0.0,0.0
emphasis,NOUN,4,B,0.0,0.0,0.0,0.0,0.0,0.0,0.0
dialect,NOUN,6,C,0.0,0.0,0.0,0.0,0.0,0.0,0.0
dialogue,NOUN,6,C,0.0,0.0,0.0,0.0,0.0,0.0,0.0
dispute,NOUN,6,C,0.0,0.0,0.0,0.0,0.0,0.0,0.0
directions,NOUN,2,A,0.0,0.0,0.0,0.0,0.0,0.0,0.0
complain,VERB,3,B,0.0,0.0,0.0,0.0,0.0,0.0,0.0
count,VERB,3,B,0.0,0.0,0.0,0.0,0.0,0.0,0.0
communicate,VERB,4,B,0.0,0.0,0.0,0.0,0.0,0.0,0.0
describe,VERB,2,A,0.0,0.0,0.0,0.0,0.0,0.0,0.0
discuss,VERB,2,A,0.0,0.0,0.0,0.0,0.0,0.0,0.0
convince,VERB,3,B,0.0,0.0,0.0,0.0,0.0,0.0,0.0
date,VERB,3,B,0.0,0.0,0.0,0.0,0.0,0.0,0.0
demand,VERB,3,B,0.0,0.0,0.0,0.0,0.0,0.0,0.0
encourage,VERB,3,B,0.0,0.0,0.0,0.0,0.0,0.0,0.0
excuse,VERB,3,B,0.0,0.0,0.0,0.0,0.0,0.0,0.0
confirm,VERB,4,B,0.0,0.0,0.0,0.0,0.0,0.0,0.0
defend,VERB,4,B,0.0,0.0,0.0,0.0,0.0,0.0,0.0
define,VERB,4,B,0.0,0.0,0.0,0.0,0.0,0.0,0.0
deny,VERB,4,B,0.0,0.0,0.0,0.0,0.0,0.0,0.0
emphasize,VERB,4,B,0.0,0.0,0.0,0.0,0.0,0.0,0.0
expose,VERB,4,B,0.0,0.0,0.0,0.0,0.0,0.0,0.0
express,VERB,4,B,0.0,0.0,0.0,0.0,0.0,0.0,0.0
condemn,VERB,6,C,0.0,0.0,0.0,0.0,0.0,0.0,0.0
explain,VERB,2,A,0.0,0.0,0.0,0.0,0.0,0.0,0.0
cry,VERB,3,B,0.0,0.0,0.0,0.0,0.0,0.0,0.0
comment,VERB,4,B,0.0,0.0,0.0,0.0,0.0,0.0,0.0
confess,VERB,4,B,0.0,0.0,0.0,0.0,0.0,0.0,0.0
decline,VERB,4,B,0.0,0.0,0.0,0.0,0.0,0.0,0.0
enquire,VERB,4,B,0.0,0.0,0.0,0.0,0.0,0.0,0.0
exclaim,VERB,6,C,0.0,0.0,0.0,0.0,0.0,0.0,0.0
crime,NOUN,3,B,0.0,0.0,0.0,0.0,0.0,0.0,0.0
custody,NOUN,6,C,0.0,0.0,0.0,0.0,0.0,0.0,0.0
court,NOUN,4,B,0.0,0.0,0.0,0.0,0.0,0.0,0.0
convict,VERB,6,C,0.0,0.0,0.0,0.0,0.0,0.0,0.0
degree,NOUN,2,A,0.0,0.0,0.0,0.0,0.0,0.0,0.0
dozen,NOUN,3,B,0.0,0.0,0.0,0.0,0.0,0.0,0.0
drop,NOUN,3,B,0.0,0.0,0.0,0.0,0.0,0.0,0.0
curve,NOUN,4,B,0.0,0.0,0.0,0.0,0.0,0.0,0.0
diamond,NOUN,4,B,0.0,0.0,0.0,0.0,0.0,0.0,0.0
dimension,NOUN,4,B,0.0,0.0,0.0,0.0,0.0,0.0,0.0
fake,NOUN,6,C,0.0,0.0,0.0,0.0,0.0,0.0,0.0
cream,NOUN,2,A,0.0,0.0,0.0,0.0,0.0,0.0,0.0
depth,NOUN,3,B,0.0,0.0,0.0,0.0,0.0,0.0,0.0
distance,NOUN,3,B,0.0,0.0,0.0,0.0,0.0,0.0,0.0
couple,NOUN,3,B,0.0,0.0,0.0,0.0,0.0,0.0,0.0
extent,NOUN,4,B,0.0,0.0,0.0,0.0,0.0,0.0,0.0
drop,VERB,4,B,0.0,0.0,0.0,0.0,0.0,0.0,0.0
course,NOUN,1,A,0.0,0.0,0.0,0.0,0.0,0.0,0.0
dictionary,NOUN,1,A,0.0,0.0,0.0,0.0,0.0,0.0,0.0
diploma,NOUN,2,A,0.0,0.0,0.0,0.0,0.0,0.0,0.0
exercise,NOUN,2,A,0.0,0.0,0.0,0.0,0.0,0.0,0.0
curriculum,NOUN,3,B,0.0,0.0,0.0,0.0,0.0,0.0,0.0
exchange,NOUN,3,B,0.0,0.0,0.0,0.0,0.0,0.0,0.0
credit,NOUN,4,B,0.0,0.0,0.0,0.0,0.0,0.0,0.0
dissertation,NOUN,5,C,0.0,0.0,0.0,0.0,0.0,0.0,0.0
fail,VERB,2,A,0.0,0.0,0.0,0.0,0.0,0.0,0.0
cup,NOUN,1,A,0.0,0.0,0.0,0.0,0.0,0.0,0.0
dish,NOUN,2,A,0.0,0.0,0.0,0.0,0.0,0.0,0.0
date,NOUN,5,C,0.0,0.0,0.0,0.0,0.0,0.0,0.0
core,NOUN,6,C,0.0,0.0,0.0,0.0,0.0,0.0,0.0
corn,NOUN,3,B,0.0,0.0,0.0,0.0,0.0,0.0,0.0
dinner,NOUN,1,A,0.0,0.0,0.0,0.0,0.0,0.0,0.0
drink,NOUN,1,A,0.0,0.0,0.0,0.0,0.0,0.0,0.0
curry,NOUN,2,A,0.0,0.0,0.0,0.0,0.0,0.0,0.0
dessert,NOUN,2,A,0.0,0.0,0.0,0.0,0.0,0.0,0.0
courgette,NOUN,3,B,0.0,0.0,0.0,0.0,0.0,0.0,0.0
cucumber,NOUN,3,B,0.0,0.0,0.0,0.0,0.0,0.0,0.0
fat,NOUN,4,B,0.0,0.0,0.0,0.0,0.0,0.0,0.0
dice,VERB,6,C,0.0,0.0,0.0,0.0,0.0,0.0,0.0
desk,NOUN,1,A,0.0,0.0,0.0,0.0,0.0,0.0,0.0
door,NOUN,1,A,0.0,0.0,0.0,0.0,0.0,0.0,0.0
farm,NOUN,1,A,0.0,0.0,0.0,0.0,0.0,0.0,0.0
cupboard,NOUN,2,A,0.0,0.0,0.0,0.0,0.0,0.0,0.0
curtain,NOUN,2,A,0.0,0.0,0.0,0.0,0.0,0.0,0.0
drawer,NOUN,2,A,0.0,0.0,0.0,0.0,0.0,0.0,0.0
entrance,NOUN,2,A,0.0,0.0,0.0,0.0,0.0,0.0,0.0
exit,NOUN,2,A,0.0,0.0,0.0,0.0,0.0,0.0,0.0
cottage,NOUN,3,B,0.0,0.0,0.0,0.0,0.0,0.0,0.0
cushion,NOUN,3,B,0.0,0.0,0.0,0.0,0.0,0.0,0.0
dustbin,NOUN,3,B,0.0,0.0,0.0,0.0,0.0,0.0,0.0
duvet,NOUN,3,B,0.0,0.0,0.0,0.0,0.0,0.0,0.0
corridor,NOUN,4,B,0.0,0.0,0.0,0.0,0.0,0.0,0.0
estate,NOUN,4,B,0.0,0.0,0.0,0.0,0.0,0.0,0.0
doorway,NOUN,6,C,0.0,0.0,0.0,0.0,0.0,0.0,0.0
facilities,NOUN,3,B,0.0,0.0,0.0,0.0,0.0,0.0,0.0
dollar,NOUN,1,A,0.0,0.0,0.0,0.0,0.0,0.0,0.0
euro,NOUN,2,A,0.0,0.0,0.0,0.0,0.0,0.0,0.0
debit,NOUN,4,B,0.0,0.0,0.0,0.0,0.0,0.0,0.0
debt,NOUN,4,B,0.0,0.0,0.0,0.0,0.0,0.0,0.0
economy,NOUN,4,B,0.0,0.0,0.0,0.0,0.0,0.0,0.0
crash,NOUN,5,C,0.0,0.0,0.0,0.0,0.0,0.0,0.0
cover,NOUN,5,C,0.0,0.0,0.0,0.0,0.0,0.0,0.0
currency,NOUN,3,B,0.0,0.0,0.0,0.0,0.0,0.0,0.0
expense,NOUN,4,B,0.0,0.0,0.0,0.0,0.0,0.0,0.0
expenses,NOUN,5,C,0.0,0.0,0.0,0.0,0.0,0.0,0.0
crash,VERB,5,C,0.0,0.0,0.0,0.0,0.0,0.0,0.0
debit,VERB,4,B,0.0,0.0,0.0,0.0,0.0,0.0,0.0
compensate,VERB,5,C,0.0,0.0,0.0,0.0,0.0,0.0,0.0
cover,VERB,5,C,0.0,0.0,0.0,0.0,0.0,0.0,0.0
continent,NOUN,3,B,0.0,0.0,0.0,0.0,0.0,0.0,0.0
district,NOUN,3,B,0.0,0.0,0.0,0.0,0.0,0.0,0.0
earthquake,NOUN,4,B,0.0,0.0,0.0,0.0,0.0,0.0,0.0
element,NOUN,4,B,0.0,0.0,0.0,0.0,0.0,0.0,0.0
countryside,NOUN,2,A,0.0,0.0,0.0,0.0,0.0,0.0,0.0
copper,NOUN,4,B,0.0,0.0,0.0,0.0,0.0,0.0,0.0
daylight,NOUN,4,B,0.0,0.0,0.0,0.0,0.0,0.0,0.0
earth,NOUN,4,B,0.0,0.0,0.0,0.0,0.0,0.0,0.0
coral,NOUN,6,C,0.0,0.0,0.0,0.0,0.0,0.0,0.0
desert,NOUN,2,A,0.0,0.0,0.0,0.0,0.0,0.0,0.0
dawn,NOUN,4,B,0.0,0.0,0.0,0.0,0.0,0.0,0.0
erupt,VERB,6,C,0.0,0.0,0.0,0.0,0.0,0.0,0.0
experiment,NOUN,3,B,0.0,0.0,0.0,0.0,0.0,0.0,0.0
estimate,NOUN,4,B,0.0,0.0,0.0,0.0,0.0,0.0,0.0
consumption,NOUN,5,C,0.0,0.0,0.0,0.0,0.0,0.0,0.0
effort,NOUN,3,B,0.0,0.0,0.0,0.0,0.0,0.0,0.0
conflict,NOUN,4,B,0.0,0.0,0.0,0.0,0.0,0.0,0.0
escape,NOUN,5,C,0.0,0.0,0.0,0.0,0.0,0.0,0.0
fall,VERB,2,A,0.0,0.0,0.0,0.0,0.0,0.0,0.0
escape,VERB,3,B,0.0,0.0,0.0,0.0,0.0,0.0,0.0
cooperate,VERB,4,B,0.0,0.0,0.0,0.0,0.0,0.0,0.0
cope,VERB,4,B,0.0,0.0,0.0,0.0,0.0,0.0,0.0
crawl,VERB,4,B,0.0,0.0,0.0,0.0,0.0,0.0,0.0
dash,VERB,4,B,0.0,0.0,0.0,0.0,0.0,0.0,0.0
experiment,VERB,4,B,0.0,0.0,0.0,0.0,0.0,0.0,0.0
complete,VERB,2,A,0.0,0.0,0.0,0.0,0.0,0.0,0.0
copy,VERB,2,A,0.0,0.0,0.0,0.0,0.0,0.0,0.0
control,VERB,3,B,0.0,0.0,0.0,0.0,0.0,0.0,0.0
create,VERB,3,B,0.0,0.0,0.0,0.0,0.0,0.0,0.0
damage,VERB,3,B,0.0,0.0,0.0,0.0,0.0,0.0,0.0
decorate,VERB,3,B,0.0,0.0,0.0,0.0,0.0,0.0,0.0
design,VERB,3,B,0.0,0.0,0.0,0.0,0.0,0.0,0.0
destroy,VERB,3,B,0.0,0.0,0.0,0.0,0.0,0.0,0.0
discover,VERB,3,B,0.0,0.0,0.0,0.0,0.0,0.0,0.0
exchange,VERB,3,B,0.0,0.0,0.0,0.0,0.0,0.0,0.0
construct,VERB,4,B,0.0,0.0,0.0,0.0,0.0,0.0,0.0
demolish,VERB,4,B,0.0,0.0,0.0,0.0,0.0,0.0,0.0
deprive,VERB,4,B,0.0,0.0,0.0,0.0,0.0,0.0,0.0
dip,VERB,4,B,0.0,0.0,0.0,0.0,0.0,0.0,0.0
disrupt,VERB,4,B,0.0,0.0,0.0,0.0,0.0,0.0,0.0
distinguish,VERB,4,B,0.0,0.0,0.0,0.0,0.0,0.0,0.0
distract,VERB,4,B,0.0,0.0,0.0,0.0,0.0,0.0,0.0
distribute,VERB,4,B,0.0,0.0,0.0,0.0,0.0,0.0,0.0
disturb,VERB,4,B,0.0,0.0,0.0,0.0,0.0,0.0,0.0
drag,VERB,4,B,0.0,0.0,0.0,0.0,0.0,0.0,0.0
enable,VERB,4,B,0.0,0.0,0.0,0.0,0.0,0.0,0.0
estimate,VERB,4,B,0.0,0.0,0.0,0.0,0.0,0.0,0.0
exploit,VERB,4,B,0.0,0.0,0.0,0.0,0.0,0.0,0.0
explore,VERB,4,B,0.0,0.0,0.0,0.0,0.0,0.0,0.0
extend,VERB,4,B,0.0,0.0,0.0,0.0,0.0,0.0,0.0
extract,VERB,4,B,0.0,0.0,0.0,0.0,0.0,0.0,0.0
cross,VERB,2,A,0.0,0.0,0.0,0.0,0.0,0.0,0.0
decide,VERB,2,A,0.0,0.0,0.0,0.0,0.0,0.0,0.0
delay,VERB,2,A,0.0,0.0,0.0,0.0,0.0,0.0,0.0
end,VERB,2,A,0.0,0.0,0.0,0.0,0.0,0.0,0.0
connect,VERB,3,B,0.0,0.0,0.0,0.0,0.0,0.0,0.0
continue,VERB,3,B,0.0,0.0,0.0,0.0,0.0,0.0,0.0
deliver,VERB,3,B,0.0,0.0,0.0,0.0,0.0,0.0,0.0
dig,VERB,3,B,0.0,0.0,0.0,0.0,0.0,0.0,0.0
divide,VERB,3,B,0.0,0.0,0.0,0.0,0.0,0.0,0.0
face,VERB,3,B,0.0,0.0,0.0,0.0,0.0,0.0,0.0
fasten,VERB,3,B,0.0,0.0,0.0,0.0,0.0,0.0,0.0
convert,VERB,4,B,0.0,0.0,0.0,0.0,0.0,0.0,0.0
crack,VERB,4,B,0.0,0.0,0.0,0.0,0.0,0.0,0.0
dominate,VERB,4,B,0.0,0.0,0.0,0.0,0.0,0.0,0.0
elegance,NOUN,5,C,0.0,0.0,0.0,0.0,0.0,0.0,0.0
dream,NOUN,3,B,0.0,0.0,0.0,0.0,0.0,0.0,0.0
experience,NOUN,3,B,0.0,0.0,0.0,0.0,0.0,0.0,0.0
coward,NOUN,4,B,0.0,0.0,0.0,0.0,0.0,0.0,0.0
extrovert,NOUN,5,C,0.0,0.0,0.0,0.0,0.0,0.0,0.0
fanatic,NOUN,6,C,0.0,0.0,0.0,0.0,0.0,0.0,0.0
comfort,NOUN,4,B,0.0,0.0,0.0,0.0,0.0,0.0,0.0
courage,NOUN,4,B,0.0,0.0,0.0,0.0,0.0,0.0,0.0
courtesy,NOUN,4,B,0.0,0.0,0.0,0.0,0.0,0.0,0.0
despair,NOUN,4,B,0.0,0.0,0.0,0.0,0.0,0.0,0.0
disgrace,NOUN,4,B,0.0,0.0,0.0,0.0,0.0,0.0,0.0
enthusiasm,NOUN,4,B,0.0,0.0,0.0,0.0,0.0,0.0,0.0
envy,NOUN,4,B,0.0,0.0,0.0,0.0,0.0,0.0,0.0
faith,NOUN,4,B,0.0,0.0,0.0,0.0,0.0,0.0,0.0
fame,NOUN,4,B,0.0,0.0,0.0,0.0,0.0,0.0,0.0
control,NOUN,5,C,0.0,0.0,0.0,0.0,0.0,0.0,0.0
distress,NOUN,5,C,0.0,0.0,0.0,0.0,0.0,0.0,0.0
drive,NOUN,5,C,0.0,0.0,0.0,0.0,0.0,0.0,0.0
enterprise,NOUN,5,C,0.0,0.0,0.0,0.0,0.0,0.0,0.0
dignity,NOUN,6,C,0.0,0.0,0.0,0.0,0.0,0.0,0.0
diplomacy,NOUN,6,C,0.0,0.0,0.0,0.0,0.0,0.0,0.0
empathy,NOUN,6,C,0.0,0.0,0.0,0.0,0.0,0.0,0.0
doubt,NOUN,3,B,0.0,0.0,0.0,0.0,0.0,0.0,0.0
concern,NOUN,4,B,0.0,0.0,0.0,0.0,0.0,0.0,0.0
cruelty,NOUN,4,B,0.0,0.0,0.0,0.0,0.0,0.0,0.0
delight,NOUN,4,B,0.0,0.0,0.0,0.0,0.0,0.0,0.0
desire,NOUN,4,B,0.0,0.0,0.0,0.0,0.0,0.0,0.0
emotion,NOUN,4,B,0.0,0.0,0.0,0.0,0.0,0.0,0.0
disappoint,VERB,3,B,0.0,0.0,0.0,0.0,0.0,0.0,0.0
experience,VERB,3,B,0.0,0.0,0.0,0.0,0.0,0.0,0.0
confuse,VERB,4,B,0.0,0.0,0.0,0.0,0.0,0.0,0.0
doubt,VERB,4,B,0.0,0.0,0.0,0.0,0.0,0.0,0.0
draw,VERB,4,B,0.0,0.0,0.0,0.0,0.0,0.0,0.0
endure,VERB,4,B,0.0,0.0,0.0,0.0,0.0,0.0,0.0
envy,VERB,4,B,0.0,0.0,0.0,0.0,0.0,0.0,0.0
corrupt,VERB,5,C,0.0,0.0,0.0,0.0,0.0,0.0,0.0
declaration,NOUN,5,C,0.0,0.0,0.0,0.0,0.0,0.0,0.0
deputy,NOUN,5,C,0.0,0.0,0.0,0.0,0.0,0.0,0.0
coup,NOUN,6,C,0.0,0.0,0.0,0.0,0.0,0.0,0.0
delegation,NOUN,6,C,0.0,0.0,0.0,0.0,0.0,0.0,0.0
democracy,NOUN,4,B,0.0,0.0,0.0,0.0,0.0,0.0,0.0
daughter,NOUN,1,A,0.0,0.0,0.0,0.0,0.0,0.0,0.0
father,NOUN,1,A,0.0,0.0,0.0,0.0,0.0,0.0,0.0
cousin,NOUN,2,A,0.0,0.0,0.0,0.0,0.0,0.0,0.0
enemy,NOUN,3,B,0.0,0.0,0.0,0.0,0.0,0.0,0.0
companion,NOUN,4,B,0.0,0.0,0.0,0.0,0.0,0.0,0.0
darling,NOUN,4,B,0.0,0.0,0.0,0.0,0.0,0.0,0.0
daughter-in-law,NOUN,4,B,0.0,0.0,0.0,0.0,0.0,0.0,0.0
father-in-law,NOUN,4,B,0.0,0.0,0.0,0.0,0.0,0.0,0.0
company,NOUN,4,B,0.0,0.0,0.0,0.0,0.0,0.0,0.0
divorce,NOUN,3,B,0.0,0.0,0.0,0.0,0.0,0.0,0.0
divorce,VERB,4,B,0.0,0.0,0.0,0.0,0.0,0.0,0.0
doll,NOUN,1,A,0.0,0.0,0.0,0.0,0.0,0.0,0.0
contest,NOUN,3,B,0.0,0.0,0.0,0.0,0.0,0.0,0.0
defeat,NOUN,3,B,0.0,0.0,0.0,0.0,0.0,0.0,0.0
dice,NOUN,6,C,0.0,0.0,0.0,0.0,0.0,0.0,0.0
cricket,NOUN,2,A,0.0,0.0,0.0,0.0,0.0,0.0,0.0
export,NOUN,4,B,0.0,0.0,0.0,0.0,0.0,0.0,0.0
eliminate,VERB,5,C,0.0,0.0,0.0,0.0,0.0,0.0,0.0
DVD,NOUN,1,A,0.0,0.0,0.0,0.0,0.0,0.0,0.0
disk,NOUN,3,B,0.0,0.0,0.0,0.0,0.0,0.0,0.0
download,NOUN,3,B,0.0,0.0,0.0,0.0,0.0,0.0,0.0
cursor,NOUN,4,B,0.0,0.0,0.0,0.0,0.0,0.0,0.0
database,NOUN,4,B,0.0,0.0,0.0,0.0,0.0,0.0,0.0
desktop,NOUN,4,B,0.0,0.0,0.0,0.0,0.0,0.0,0.0
device,NOUN,4,B,0.0,0.0,0.0,0.0,0.0,0.0,0.0
cookie,NOUN,6,C,0.0,0.0,0.0,0.0,0.0,0.0,0.0
dot,NOUN,3,B,0.0,0.0,0.0,0.0,0.0,0.0,0.0
failure,NOUN,4,B,0.0,0.0,0.0,0.0,0.0,0.0,0.0
equip,VERB,4,B,0.0,0.0,0.0,0.0,0.0,0.0,0.0
display,VERB,4,B,0.0,0.0,0.0,0.0,0.0,0.0,0.0
cruise,NOUN,3,B,0.0,0.0,0.0,0.0,0.0,0.0,0.0
crossroads,NOUN,4,B,0.0,0.0,0.0,0.0,0.0,0.0,0.0
cycle,NOUN,4,B,0.0,0.0,0.0,0.0,0.0,0.0,0.0
deck,NOUN,4,B,0.0,0.0,0.0,0.0,0.0,0.0,0.0
customs,NOUN,3,B,0.0,0.0,0.0,0.0,0.0,0.0,0.0
diesel,NOUN,5,C,0.0,0.0,0.0,0.0,0.0,0.0,0.0
departure,NOUN,3,B,0.0,0.0,0.0,0.0,0.0,0.0,0.0
cruise,VERB,4,B,0.0,0.0,0.0,0.0,0.0,0.0,0.0
commute,VERB,5,C,0.0,0.0,0.0,0.0,0.0,0.0,0.0
divert,VERB,6,C,0.0,0.0,0.0,0.0,0.0,0.0,0.0
day,NOUN,2,A,0.0,0.0,0.0,0.0,0.0,0.0,0.0
employee,NOUN,3,B,0.0,0.0,0.0,0.0,0.0,0.0,0.0
deadline,NOUN,4,B,0.0,0.0,0.0,0.0,0.0,0.0,0.0
deal,NOUN,4,B,0.0,0.0,0.0,0.0,0.0,0.0,0.0
counterpart,NOUN,5,C,0.0,0.0,0.0,0.0,0.0,0.0,0.0
executive,NOUN,5,C,0.0,0.0,0.0,0.0,0.0,0.0,0.0
developer,NOUN,6,C,0.0,0.0,0.0,0.0,0.0,0.0,0.0
duty,NOUN,4,B,0.0,0.0,0.0,0.0,0.0,0.0,0.0
disappearance,NOUN,4,B,0.0,0.0,0.0,0.0,0.0,0.0,0.0
distraction,NOUN,5,C,0.0,0.0,0.0,0.0,0.0,0.0,0.0
disruption,NOUN,5,C,0.0,0.0,0.0,0.0,0.0,0.0,0.0
disadvantage,NOUN,3,B,0.0,0.0,0.0,0.0,0.0,0.0,0.0
discontent,NOUN,5,C,0.0,0.0,0.0,0.0,0.0,0.0,0.0
discrimination,NOUN,5,C,0.0,0.0,0.0,0.0,0.0,0.0,0.0
displacement,NOUN,5,C,0.0,0.0,0.0,0.0,0.0,0.0,0.0
discomfort,NOUN,6,C,0.0,0.0,0.0,0.0,0.0,0.0,0.0
disappear,VERB,3,B,0.0,0.0,0.0,0.0,0.0,0.0,0.0
discriminate,VERB,5,C,0.0,0.0,0.0,0.0,0.0,0.0,0.0
dismiss,VERB,5,C,0.0,0.0,0.0,0.0,0.0,0.0,0.0
displace,VERB,5,C,0.0,0.0,0.0,0.0,0.0,0.0,0.0
distort,VERB,5,C,0.0,0.0,0.0,0.0,0.0,0.0,0.0
disqualify,VERB,6,C,0.0,0.0,0.0,0.0,0.0,0.0,0.0
disturbance,NOUN,6,C,0.0,0.0,0.0,0.0,0.0,0.0,0.0
dominance,NOUN,6,C,0.0,0.0,0.0,0.0,0.0,0.0,0.0
endurance,NOUN,6,C,0.0,0.0,0.0,0.0,0.0,0.0,0.0
consultant,NOUN,4,B,0.0,0.0,0.0,0.0,0.0,0.0,0.0
contestant,NOUN,5,C,0.0,0.0,0.0,0.0,0.0,0.0,0.0
consequence,NOUN,4,B,0.0,0.0,0.0,0.0,0.0,0.0,0.0
convenience,NOUN,5,C,0.0,0.0,0.0,0.0,0.0,0.0,0.0
existence,NOUN,5,C,0.0,0.0,0.0,0.0,0.0,0.0,0.0
difference,NOUN,6,C,0.0,0.0,0.0,0.0,0.0,0.0,0.0
competence,NOUN,5,C,0.0,0.0,0.0,0.0,0.0,0.0,0.0
driver,NOUN,1,A,0.0,0.0,0.0,0.0,0.0,0.0,0.0
designer,NOUN,3,B,0.0,0.0,0.0,0.0,0.0,0.0,0.0
composer,NOUN,4,B,0.0,0.0,0.0,0.0,0.0,0.0,0.0
container,NOUN,4,B,0.0,0.0,0.0,0.0,0.0,0.0,0.0
dealer,NOUN,4,B,0.0,0.0,0.0,0.0,0.0,0.0,0.0
determiner,NOUN,4,B,0.0,0.0,0.0,0.0,0.0,0.0,0.0
entertainer,NOUN,4,B,0.0,0.0,0.0,0.0,0.0,0.0,0.0
commander,NOUN,6,C,0.0,0.0,0.0,0.0,0.0,0.0,0.0
craving,NOUN,6,C,0.0,0.0,0.0,0.0,0.0,0.0,0.0
cooking,NOUN,2,A,0.0,0.0,0.0,0.0,0.0,0.0,0.0
engineering,NOUN,3,B,0.0,0.0,0.0,0.0,0.0,0.0,0.0
counselling,NOUN,6,C,0.0,0.0,0.0,0.0,0.0,0.0,0.0
drawing,NOUN,2,A,0.0,0.0,0.0,0.0,0.0,0.0,0.0
conclusion,NOUN,3,B,0.0,0.0,0.0,0.0,0.0,0.0,0.0
direction,NOUN,3,B,0.0,0.0,0.0,0.0,0.0,0.0,0.0
conjunction,NOUN,4,B,0.0,0.0,0.0,0.0,0.0,0.0,0.0
consideration,NOUN,4,B,0.0,0.0,0.0,0.0,3.6e-05,3.6e-05,3.7e-05
explosion,NOUN,4,B,1e-05,1.1e-05,1.1e-05,1.1e-05,1e-05,1e-05,1e-05
extension,NOUN,4,B,3e-05,2.7e-05,2.5e-05,2.5e-05,2.4e-05,2.3e-05,2.3e-05
convention,NOUN,5,C,1.1e-05,1.2e-05,1.2e-05,1.2e-05,1.2e-05,1.1e-05,1.1e-05
equation,NOUN,5,C,6.5e-05,5.3e-05,4.1e-05,4.2e-05,4.3e-05,3.9e-05,3.8e-05
consultation,NOUN,6,C,1.1e-05,1.1e-05,9e-06,9e-06,9e-06,9e-06,9e-06
contradiction,NOUN,6,C,7e-06,8e-06,7e-06,8e-06,8e-06,8e-06,8e-06
concentration,NOUN,4,B,6.3e-05,4.9e-05,3.9e-05,4e-05,4e-05,3.9e-05,4e-05
decoration,NOUN,4,B,3e-06,3e-06,3e-06,3e-06,4e-06,4e-06,4e-06
destruction,NOUN,4,B,2.5e-05,2.5e-05,2.6e-05,2.6e-05,2.6e-05,2.7e-05,2.6e-05
expansion,NOUN,4,B,3.3e-05,3.1e-05,2.8e-05,3e-05,2.9e-05,2.6e-05,2.6e-05
completion,NOUN,5,C,1.6e-05,1.5e-05,0.0,0.0,0.0,0.0,0.0
corruption,NOUN,5,C,0.0,0.0,0.0,0.0,0.0,0.0,0.0
cultivation,NOUN,5,C,0.0,0.0,0.0,0.0,0.0,0.0,0.0
distribution,NOUN,5,C,0.0,0.0,0.0,0.0,0.0,0.0,0.0
domination,NOUN,5,C,0.0,0.0,0.0,0.0,0.0,0.0,0.0
erosion,NOUN,5,C,0.0,0.0,0.0,0.0,0.0,0.0,0.0
extinction,NOUN,5,C,0.0,0.0,0.0,0.0,0.0,0.0,0.0
distinction,NOUN,6,C,0.0,0.0,0.0,0.0,0.0,0.0,0.0
elimination,NOUN,6,C,0.0,0.0,0.0,0.0,0.0,0.0,0.0
correction,NOUN,3,B,0.0,0.0,0.0,0.0,0.0,0.0,0.0
creation,NOUN,4,B,0.0,0.0,0.0,0.0,0.0,0.0,0.0
donation,NOUN,4,B,0.0,0.0,0.0,0.0,0.0,0.0,0.0
exception,NOUN,4,B,0.0,0.0,0.0,0.0,0.0,0.0,0.0
emission,NOUN,5,C,0.0,0.0,0.0,0.0,0.0,0.0,0.0
evaluation,NOUN,5,C,0.0,0.0,0.0,0.0,0.0,0.0,0.0
exaggeration,NOUN,5,C,0.0,0.0,0.0,0.0,0.0,0.0,0.0
exploration,NOUN,5,C,0.0,0.0,0.0,0.0,0.0,0.0,0.0
conception,NOUN,6,C,0.0,0.0,0.0,0.0,0.0,0.0,0.0
confrontation,NOUN,6,C,0.0,0.0,0.0,0.0,0.0,0.0,0.0
conversion,NOUN,6,C,0.0,0.0,0.0,0.0,0.0,0.0,0.0
dentist,NOUN,2,A,0.0,0.0,0.0,0.0,0.0,0.0,0.0
economist,NOUN,4,B,0.0,0.0,0.0,0.0,0.0,0.0,0.0
environmentalist,NOUN,5,C,0.0,0.0,0.0,0.0,0.0,0.0,0.0
facility,NOUN,4,B,0.0,0.0,0.0,0.0,0.0,0.0,0.0
equality,NOUN,4,B,0.0,0.0,0.0,0.0,0.0,0.0,0.0
complexity,NOUN,6,C,0.0,0.0,0.0,0.0,0.0,0.0,0.0
continuity,NOUN,6,C,0.0,0.0,0.0,0.0,0.0,0.0,0.0
credibility,NOUN,6,C,0.0,0.0,0.0,0.0,0.0,0.0,0.0
comparative,NOUN,2,A,0.0,0.0,0.0,0.0,0.0,0.0,0.0
explosive,NOUN,6,C,0.0,0.0,0.0,0.0,0.0,0.0,0.0
darkness,NOUN,4,B,0.0,0.0,0.0,0.0,0.0,0.0,0.0
effectiveness,NOUN,5,C,0.0,0.0,0.0,0.0,0.0,0.0,0.0
fairness,NOUN,5,C,0.0,0.0,0.0,0.0,0.0,0.0,0.0
craziness,NOUN,6,C,0.0,0.0,0.0,0.0,0.0,0.0,0.0
doctor,NOUN,1,A,0.0,0.0,0.0,0.0,0.0,0.0,0.0
conductor,NOUN,4,B,0.0,0.0,0.0,0.0,0.0,0.0,0.0
editor,NOUN,4,B,0.0,0.0,0.0,0.0,0.0,0.0,0.0
emperor,NOUN,5,C,0.0,0.0,0.0,0.0,0.0,0.0,0.0
difficulty,NOUN,4,B,0.0,0.0,0.0,0.0,0.0,0.0,0.0
country,NOUN,1,A,0.0,0.0,0.0,0.0,0.0,0.0,0.0
email,NOUN,1,A,0.0,0.0,0.0,0.0,0.0,0.0,0.0
end,NOUN,1,A,0.0,0.0,0.0,0.0,0.0,0.0,0.0
example,NOUN,1,A,0.0,0.0,0.0,0.0,0.0,0.0,0.0
factory,NOUN,1,A,0.0,0.0,0.0,0.0,0.0,0.0,0.0
cook,NOUN,2,A,0.0,0.0,0.0,0.0,0.0,0.0,0.0
corner,NOUN,2,A,0.0,0.0,0.0,0.0,0.0,0.0,0.0
diary,NOUN,2,A,0.0,0.0,0.0,0.0,0.0,0.0,0.0
disco,NOUN,2,A,0.0,0.0,0.0,0.0,0.0,0.0,0.0
discount,NOUN,2,A,0.0,0.0,0.0,0.0,0.0,0.0,0.0
engine,NOUN,2,A,0.0,0.0,0.0,0.0,0.0,0.0,0.0
engineer,NOUN,2,A,0.0,0.0,0.0,0.0,0.0,0.0,0.0
fact,NOUN,2,A,0.0,0.0,0.0,0.0,0.0,0.0,0.0
fan,NOUN,2,A,0.0,0.0,0.0,0.0,0.0,0.0,0.0
contract,NOUN,3,B,0.0,0.0,0.0,0.0,0.0,0.0,0.0
copy,NOUN,3,B,0.0,0.0,0.0,0.0,0.0,0.0,0.0
crop,NOUN,3,B,0.0,0.0,0.0,0.0,0.0,0.0,0.0
CV,NOUN,3,B,0.0,0.0,0.0,0.0,0.0,0.0,0.0
danger,NOUN,3,B,0.0,0.0,0.0,0.0,0.0,0.0,0.0
deposit,NOUN,3,B,0.0,0.0,0.0,0.0,0.0,0.0,0.0
design,NOUN,3,B,0.0,0.0,0.0,0.0,0.0,0.0,0.0
detail,NOUN,3,B,0.0,0.0,0.0,0.0,0.0,0.0,0.0
detective,NOUN,3,B,0.0,0.0,0.0,0.0,0.0,0.0,0.0
DJ,NOUN,3,B,0.0,0.0,0.0,0.0,0.0,0.0,0.0
edge,NOUN,3,B,0.0,0.0,0.0,0.0,0.0,0.0,0.0
embassy,NOUN,3,B,0.0,0.0,0.0,0.0,0.0,0.0,0.0
essay,NOUN,3,B,0.0,0.0,0.0,0.0,0.0,0.0,0.0
event,NOUN,3,B,0.0,0.0,0.0,0.0,0.0,0.0,0.0
expert,NOUN,3,B,0.0,0.0,0.0,0.0,0.0,0.0,0.0
fair,NOUN,3,B,0.0,0.0,0.0,0.0,0.0,0.0,0.0
fare,NOUN,3,B,0.0,0.0,0.0,0.0,0.0,0.0,0.0
concept,NOUN,4,B,0.0,0.0,0.0,0.0,0.0,0.0,0.0
county,NOUN,4,B,0.0,0.0,0.0,0.0,0.0,0.0,0.0
critic,NOUN,4,B,0.0,0.0,0.0,0.0,0.0,0.0,0.0
decade,NOUN,4,B,0.0,0.0,0.0,0.0,0.0,0.0,0.0
dilemma,NOUN,4,B,0.0,0.0,0.0,0.0,0.0,0.0,0.0
diplomat,NOUN,4,B,0.0,0.0,0.0,0.0,0.0,0.0,0.0
dive,NOUN,4,B,0.0,0.0,0.0,0.0,0.0,0.0,0.0
electrician,NOUN,4,B,0.0,0.0,0.0,0.0,0.0,0.0,0.0
environment,NOUN,4,B,0.0,0.0,0.0,0.0,0.0,0.0,0.0
equal,NOUN,4,B,0.0,0.0,0.0,0.0,0.0,0.0,0.0
era,NOUN,4,B,0.0,0.0,0.0,0.0,0.0,0.0,0.0
extract,NOUN,4,B,0.0,0.0,0.0,0.0,0.0,0.0,0.0
factor,NOUN,4,B,0.0,0.0,0.0,0.0,0.0,0.0,0.0
fate,NOUN,4,B,0.0,0.0,0.0,0.0,0.0,0.0,0.0
commodity,NOUN,5,C,0.0,0.0,0.0,0.0,0.0,0.0,0.0
component,NOUN,5,C,0.0,0.0,0.0,0.0,0.0,0.0,0.0
criterion,NOUN,5,C,0.0,0.0,0.0,0.0,0.0,0.0,0.0
cutback,NOUN,5,C,0.0,0.0,0.0,0.0,0.0,0.0,0.0
debut,NOUN,5,C,0.0,0.0,0.0,0.0,0.0,0.0,0.0
defect,NOUN,5,C,0.0,0.0,0.0,0.0,0.0,0.0,0.0
deficit,NOUN,5,C,0.0,0.0,0.0,0.0,0.0,0.0,0.0
delegate,NOUN,5,C,0.0,0.0,0.0,0.0,0.0,0.0,0.0
destiny,NOUN,5,C,0.0,0.0,0.0,0.0,0.0,0.0,0.0
directory,NOUN,5,C,0.0,0.0,0.0,0.0,0.0,0.0,0.0
divide,NOUN,5,C,0.0,0.0,0.0,0.0,0.0,0.0,0.0
dock,NOUN,5,C,0.0,0.0,0.0,0.0,0.0,0.0,0.0
domain,NOUN,5,C,0.0,0.0,0.0,0.0,0.0,0.0,0.0
draught,NOUN,5,C,0.0,0.0,0.0,0.0,0.0,0.0,0.0
drawback,NOUN,5,C,0.0,0.0,0.0,0.0,0.0,0.0,0.0
empire,NOUN,5,C,0.0,0.0,0.0,0.0,0.0,0.0,0.0
equivalent,NOUN,5,C,0.0,0.0,0.0,0.0,0.0,0.0,0.0
exhibit,NOUN,5,C,0.0,0.0,0.0,0.0,0.0,0.0,0.0
exterior,NOUN,5,C,0.0,0.0,0.0,0.0,0.0,0.0,0.0
comeback,NOUN,6,C,0.0,0.0,0.0,0.0,0.0,0.0,0.0
compliment,NOUN,6,C,0.0,0.0,0.0,0.0,0.0,0.0,0.0
constraint,NOUN,6,C,0.0,0.0,0.0,0.0,0.0,0.0,0.0
count,NOUN,6,C,0.0,0.0,0.0,0.0,0.0,0.0,0.0
crack,NOUN,6,C,0.0,0.0,0.0,0.0,0.0,0.0,0.0
crackdown,NOUN,6,C,0.0,0.0,0.0,0.0,0.0,0.0,0.0
creep,NOUN,6,C,0.0,0.0,0.0,0.0,0.0,0.0,0.0
descendant,NOUN,6,C,0.0,0.0,0.0,0.0,0.0,0.0,0.0
deterrent,NOUN,6,C,0.0,0.0,0.0,0.0,0.0,0.0,0.0
drain,NOUN,6,C,0.0,0.0,0.0,0.0,0.0,0.0,0.0
echo,NOUN,6,C,0.0,0.0,0.0,0.0,0.0,0.0,0.0
embrace,NOUN,6,C,0.0,0.0,0.0,0.0,0.0,0.0,0.0
entity,NOUN,6,C,0.0,0.0,0.0,0.0,0.0,0.0,0.0
dancing,NOUN,1,A,0.0,0.0,0.0,0.0,0.0,0.0,0.0
cycling,NOUN,2,A,0.0,0.0,0.0,0.0,0.0,0.0,0.0
east,NOUN,2,A,0.0,0.0,0.0,0.0,0.0,0.0,0.0
cotton,NOUN,3,B,0.0,0.0,0.0,0.0,0.0,0.0,0.0
damage,NOUN,3,B,0.0,0.0,0.0,0.0,0.0,0.0,0.0
dirt,NOUN,3,B,0.0,0.0,0.0,0.0,0.0,0.0,0.0
diving,NOUN,3,B,0.0,0.0,0.0,0.0,0.0,0.0,0.0
dust,NOUN,3,B,0.0,0.0,0.0,0.0,0.0,0.0,0.0
economics,NOUN,3,B,0.0,0.0,0.0,0.0,0.0,0.0,0.0
energy,NOUN,3,B,0.0,0.0,0.0,0.0,0.0,0.0,0.0
fashion,NOUN,3,B,0.0,0.0,0.0,0.0,0.0,0.0,0.0
commerce,NOUN,4,B,0.0,0.0,0.0,0.0,0.0,0.0,0.0
concrete,NOUN,4,B,0.0,0.0,0.0,0.0,0.0,0.0,0.0
daytime,NOUN,4,B,0.0,0.0,0.0,0.0,0.0,0.0,0.0
denim,NOUN,4,B,0.0,0.0,0.0,0.0,0.0,0.0,0.0
ease,NOUN,4,B,0.0,0.0,0.0,0.0,0.0,0.0,0.0
efficiency,NOUN,4,B,0.0,0.0,0.0,0.0,0.0,0.0,0.0
electronics,NOUN,4,B,0.0,0.0,0.0,0.0,0.0,0.0,0.0
evidence,NOUN,4,B,0.0,0.0,0.0,0.0,0.0,0.0,0.0
consent,NOUN,5,C,0.0,0.0,0.0,0.0,0.0,0.0,0.0
crawl,NOUN,5,C,0.0,0.0,0.0,0.0,0.0,0.0,0.0
daycare,NOUN,5,C,0.0,0.0,0.0,0.0,0.0,0.0,0.0
dedication,NOUN,5,C,0.0,0.0,0.0,0.0,0.0,0.0,0.0
exposure,NOUN,5,C,0.0,0.0,0.0,0.0,0.0,0.0,0.0
cutlery,NOUN,6,C,0.0,0.0,0.0,0.0,0.0,0.0,0.0
decay,NOUN,6,C,0.0,0.0,0.0,0.0,0.0,0.0,0.0
dependence,NOUN,6,C,0.0,0.0,0.0,0.0,0.0,0.0,0.0
desperation,NOUN,6,C,0.0,0.0,0.0,0.0,0.0,0.0,0.0
discretion,NOUN,6,C,0.0,0.0,0.0,0.0,0.0,0.0,0.0
dismay,NOUN,6,C,0.0,0.0,0.0,0.0,0.0,0.0,0.0
DNA,NOUN,6,C,0.0,0.0,0.0,0.0,0.0,0.0,0.0
doom,NOUN,6,C,0.0,0.0,0.0,0.0,0.0,0.0,0.0
December,NOUN,1,A,0.0,0.0,0.0,0.0,0.0,0.0,0.0
evening,NOUN,1,A,0.0,0.0,0.0,0.0,0.0,0.0,0.0
cost,NOUN,2,A,0.0,0.0,0.0,0.0,0.0,0.0,0.0
delay,NOUN,2,A,0.0,0.0,0.0,0.0,0.0,0.0,0.0
custom,NOUN,3,B,0.0,0.0,0.0,0.0,0.0,0.0,0.0
death,NOUN,3,B,0.0,0.0,0.0,0.0,0.0,0.0,0.0
decrease,NOUN,3,B,0.0,0.0,0.0,0.0,0.0,0.0,0.0
effect,NOUN,3,B,0.0,0.0,0.0,0.0,0.0,0.0,0.0
emergency,NOUN,3,B,0.0,0.0,0.0,0.0,0.0,0.0,0.0
comparison,NOUN,4,B,0.0,0.0,0.0,0.0,0.0,0.0,0.0
context,NOUN,4,B,0.0,0.0,0.0,0.0,0.0,0.0,0.0
contrast,NOUN,4,B,0.0,0.0,0.0,0.0,0.0,0.0,0.0
crab,NOUN,4,B,0.0,0.0,0.0,0.0,0.0,0.0,0.0
crisis,NOUN,4,B,0.0,0.0,0.0,0.0,0.0,0.0,0.0
debate,NOUN,4,B,0.0,0.0,0.0,0.0,0.0,0.0,0.0
decline,NOUN,4,B,0.0,0.0,0.0,0.0,0.0,0.0,0.0
disaster,NOUN,4,B,0.0,0.0,0.0,0.0,0.0,0.0,0.0
disguise,NOUN,4,B,0.0,0.0,0.0,0.0,0.0,0.0,0.0
error,NOUN,4,B,0.0,0.0,0.0,0.0,0.0,0.0,0.0
evil,NOUN,4,B,0.0,0.0,0.0,0.0,0.0,0.0,0.0
fantasy,NOUN,4,B,0.0,0.0,0.0,0.0,0.0,0.0,0.0
controversy,NOUN,5,C,0.0,0.0,0.0,0.0,0.0,0.0,0.0
deduction,NOUN,5,C,0.0,0.0,0.0,0.0,0.0,0.0,0.0
deficiency,NOUN,5,C,0.0,0.0,0.0,0.0,0.0,0.0,0.0
density,NOUN,5,C,0.0,0.0,0.0,0.0,0.0,0.0,0.0
fabric,NOUN,5,C,0.0,0.0,0.0,0.0,0.0,0.0,0.0
conscience,NOUN,6,C,0.0,0.0,0.0,0.0,0.0,0.0,0.0
deception,NOUN,6,C,0.0,0.0,0.0,0.0,0.0,0.0,0.0
denial,NOUN,6,C,0.0,0.0,0.0,0.0,0.0,0.0,0.0
deprivation,NOUN,6,C,0.0,0.0,0.0,0.0,0.0,0.0,0.0
drought,NOUN,6,C,0.0,0.0,0.0,0.0,0.0,0.0,0.0
endeavour,NOUN,6,C,0.0,0.0,0.0,0.0,0.0,0.0,0.0
famine,NOUN,6,C,0.0,0.0,0.0,0.0,0.0,0.0,0.0
earnings,NOUN,4,B,0.0,0.0,0.0,0.0,0.0,0.0,0.0
content,NOUN,4,B,0.0,0.0,0.0,0.0,0.0,0.0,0.0
downside,NOUN,5,C,0.0,0.0,0.0,0.0,0.0,0.0,0.0
die,VERB,1,A,0.0,0.0,0.0,0.0,0.0,0.0,0.0
eat,VERB,1,A,0.0,0.0,0.0,0.0,0.0,0.0,0.0
drink,VERB,2,A,0.0,0.0,0.0,0.0,0.0,0.0,0.0
compete,VERB,3,B,0.0,0.0,0.0,0.0,0.0,0.0,0.0
concentrate,VERB,3,B,0.0,0.0,0.0,0.0,0.0,0.0,0.0
cough,VERB,3,B,0.0,0.0,0.0,0.0,0.0,0.0,0.0
cycle,VERB,3,B,0.0,0.0,0.0,0.0,0.0,0.0,0.0
dive,VERB,3,B,0.0,0.0,0.0,0.0,0.0,0.0,0.0
exist,VERB,3,B,0.0,0.0,0.0,0.0,0.0,0.0,0.0
correspond,VERB,4,B,0.0,0.0,0.0,0.0,0.0,0.0,0.0
demonstrate,VERB,4,B,0.0,0.0,0.0,0.0,0.0,0.0,0.0
differ,VERB,4,B,0.0,0.0,0.0,0.0,0.0,0.0,0.0
emerge,VERB,4,B,0.0,0.0,0.0,0.0,0.0,0.0,0.0
comply,VERB,5,C,0.0,0.0,0.0,0.0,0.0,0.0,0.0
daydream,VERB,5,C,0.0,0.0,0.0,0.0,0.0,0.0,0.0
deteriorate,VERB,5,C,0.0,0.0,0.0,0.0,0.0,0.0,0.0
consent,VERB,6,C,0.0,0.0,0.0,0.0,0.0,0.0,0.0
contrast,VERB,6,C,0.0,0.0,0.0,0.0,0.0,0.0,0.0
drain,VERB,6,C,0.0,0.0,0.0,0.0,0.0,0.0,0.0
drift,VERB,6,C,0.0,0.0,0.0,0.0,0.0,0.0,0.0
echo,VERB,6,C,0.0,0.0,0.0,0.0,0.0,0.0,0.0
expire,VERB,6,C,0.0,0.0,0.0,0.0,0.0,0.0,0.0
contact,VERB,2,A,0.0,0.0,0.0,0.0,0.0,0.0,0.0
cost,VERB,2,A,0.0,0.0,0.0,0.0,0.0,0.0,0.0
email,VERB,2,A,0.0,0.0,0.0,0.0,0.0,0.0,0.0
contain,VERB,3,B,0.0,0.0,0.0,0.0,0.0,0.0,0.0
declare,VERB,3,B,0.0,0.0,0.0,0.0,0.0,0.0,0.0
defeat,VERB,3,B,0.0,0.0,0.0,0.0,0.0,0.0,0.0
delete,VERB,3,B,0.0,0.0,0.0,0.0,0.0,0.0,0.0
deserve,VERB,3,B,0.0,0.0,0.0,0.0,0.0,0.0,0.0
direct,VERB,3,B,0.0,0.0,0.0,0.0,0.0,0.0,0.0
enter,VERB,3,B,0.0,0.0,0.0,0.0,0.0,0.0,0.0
expect,VERB,3,B,0.0,0.0,0.0,0.0,0.0,0.0,0.0
commit,VERB,4,B,0.0,0.0,0.0,0.0,0.0,0.0,0.0
concern,VERB,4,B,0.0,0.0,0.0,0.0,0.0,0.0,0.0
congratulate,VERB,4,B,0.0,0.0,0.0,0.0,0.0,0.0,0.0
deceive,VERB,4,B,0.0,0.0,0.0,0.0,0.0,0.0,0.0
disguise,VERB,4,B,0.0,0.0,0.0,0.0,0.0,0.0,0.0
edit,VERB,4,B,0.0,0.0,0.0,0.0,0.0,0.0,0.0
educate,VERB,4,B,0.0,0.0,0.0,0.0,0.0,0.0,0.0
enclose,VERB,4,B,0.0,0.0,0.0,0.0,0.0,0.0,0.0
encounter,VERB,4,B,0.0,0.0,0.0,0.0,0.0,0.0,0.0
compile,VERB,5,C,0.0,0.0,0.0,0.0,0.0,0.0,0.0
complicate,VERB,5,C,0.0,0.0,0.0,0.0,0.0,0.0,0.0
compliment,VERB,5,C,0.0,0.0,0.0,0.0,0.0,0.0,0.0
consider,VERB,5,C,0.0,0.0,0.0,0.0,0.0,0.0,0.0
constitute,VERB,5,C,0.0,0.0,0.0,0.0,0.0,0.0,0.0
consult,VERB,5,C,0.0,0.0,0.0,0.0,0.0,0.0,0.0
convey,VERB,5,C,0.0,0.0,0.0,0.0,0.0,0.0,0.0
cultivate,VERB,5,C,0.0,0.0,0.0,0.0,0.0,0.0,0.0
deposit,VERB,5,C,0.0,0.0,0.0,0.0,0.0,0.0,0.0
detect,VERB,5,C,0.0,0.0,0.0,0.0,0.0,0.0,0.0
determine,VERB,5,C,0.0,0.0,0.0,0.0,0.0,0.0,0.0
draft,VERB,5,C,0.0,0.0,0.0,0.0,0.0,0.0,0.0
dump,VERB,5,C,0.0,0.0,0.0,0.0,0.0,0.0,0.0
enforce,VERB,5,C,0.0,0.0,0.0,0.0,0.0,0.0,0.0
enrich,VERB,5,C,0.0,0.0,0.0,0.0,0.0,0.0,0.0
envisage,VERB,5,C,0.0,0.0,0.0,0.0,0.0,0.0,0.0
envision,VERB,5,C,0.0,0.0,0.0,0.0,0.0,0.0,0.0
exceed,VERB,5,C,0.0,0.0,0.0,0.0,0.0,0.0,0.0
exclude,VERB,5,C,0.0,0.0,0.0,0.0,0.0,0.0,0.0
exhaust,VERB,5,C,0.0,0.0,0.0,0.0,0.0,0.0,0.0
fascinate,VERB,5,C,0.0,0.0,0.0,0.0,0.0,0.0,0.0
comfort,VERB,6,C,0.0,0.0,0.0,0.0,0.0,0.0,0.0
commemorate,VERB,6,C,0.0,0.0,0.0,0.0,0.0,0.0,0.0
conceal,VERB,6,C,0.0,0.0,0.0,0.0,0.0,0.0,0.0
confine,VERB,6,C,0.0,0.0,0.0,0.0,0.0,0.0,0.0
confront,VERB,6,C,0.0,0.0,0.0,0.0,0.0,0.0,0.0
constrain,VERB,6,C,0.0,0.0,0.0,0.0,0.0,0.0,0.0
contemplate,VERB,6,C,0.0,0.0,0.0,0.0,0.0,0.0,0.0
contradict,VERB,6,C,0.0,0.0,0.0,0.0,0.0,0.0,0.0
crave,VERB,6,C,0.0,0.0,0.0,0.0,0.0,0.0,0.0
crush,VERB,6,C,0.0,0.0,0.0,0.0,0.0,0.0,0.0
curb,VERB,6,C,0.0,0.0,0.0,0.0,0.0,0.0,0.0
dazzle,VERB,6,C,0.0,0.0,0.0,0.0,0.0,0.0,0.0
deduce,VERB,6,C,0.0,0.0,0.0,0.0,0.0,0.0,0.0
defy,VERB,6,C,0.0,0.0,0.0,0.0,0.0,0.0,0.0
depict,VERB,6,C,0.0,0.0,0.0,0.0,0.0,0.0,0.0
devise,VERB,6,C,0.0,0.0,0.0,0.0,0.0,0.0,0.0
differentiate,VERB,6,C,0.0,0.0,0.0,0.0,0.0,0.0,0.0
dispute,VERB,6,C,0.0,0.0,0.0,0.0,0.0,0.0,0.0
dread,VERB,6,C,0.0,0.0,0.0,0.0,0.0,0.0,0.0
drive,VERB,6,C,0.0,0.0,0.0,0.0,0.0,0.0,0.0
earn,VERB,6,C,0.0,0.0,0.0,0.0,0.0,0.0,0.0
embarrass,VERB,6,C,0.0,0.0,0.0,0.0,0.0,0.0,0.0
embody,VERB,6,C,0.0,0.0,0.0,0.0,0.0,0.0,0.0
emit,VERB,6,C,0.0,0.0,0.0,0.0,0.0,0.0,0.0
equate,VERB,6,C,0.0,0.0,0.0,0.0,0.0,0.0,0.0
execute,VERB,6,C,0.0,0.0,0.0,0.0,0.0,0.0,0.0
fake,VERB,6,C,0.0,0.0,0.0,0.0,0.0,0.0,0.0
cook,VERB,1,A,0.0,0.0,0.0,0.0,0.0,0.0,0.0
dance,VERB,1,A,0.0,0.0,0.0,0.0,0.0,0.0,0.0
download,VERB,2,A,0.0,0.0,0.0,0.0,0.0,0.0,0.0
dream,VERB,2,A,0.0,0.0,0.0,0.0,0.0,0.0,0.0
dry,VERB,2,A,0.0,0.0,0.0,0.0,0.0,0.0,0.0
compare,VERB,3,B,0.0,0.0,0.0,0.0,0.0,0.0,0.0
decrease,VERB,3,B,0.0,0.0,0.0,0.0,0.0,0.0,0.0
dial,VERB,3,B,0.0,0.0,0.0,0.0,0.0,0.0,0.0
entertain,VERB,3,B,0.0,0.0,0.0,0.0,0.0,0.0,0.0
exit,VERB,3,B,0.0,0.0,0.0,0.0,0.0,0.0,0.0
explode,VERB,3,B,0.0,0.0,0.0,0.0,0.0,0.0,0.0
contribute,VERB,4,B,0.0,0.0,0.0,0.0,0.0,0.0,0.0
cool,VERB,4,B,0.0,0.0,0.0,0.0,0.0,0.0,0.0
decay,VERB,4,B,0.0,0.0,0.0,0.0,0.0,0.0,0.0
donate,VERB,4,B,0.0,0.0,0.0,0.0,0.0,0.0,0.0
double,VERB,4,B,0.0,0.0,0.0,0.0,0.0,0.0,0.0
expand,VERB,4,B,0.0,0.0,0.0,0.0,0.0,0.0,0.0
export,VERB,4,B,0.0,0.0,0.0,0.0,0.0,0.0,0.0
fade,VERB,4,B,0.0,0.0,0.0,0.0,0.0,0.0,0.0
conquer,VERB,5,C,0.0,0.0,0.0,0.0,0.0,0.0,0.0
deepen,VERB,5,C,0.0,0.0,0.0,0.0,0.0,0.0,0.0
diminish,VERB,5,C,0.0,0.0,0.0,0.0,0.0,0.0,0.0
exaggerate,VERB,5,C,0.0,0.0,0.0,0.0,0.0,0.0,0.0
crumble,VERB,6,C,0.0,0.0,0.0,0.0,0.0,0.0,0.0
debate,VERB,6,C,0.0,0.0,0.0,0.0,0.0,0.0,0.0
delegate,VERB,6,C,0.0,0.0,0.0,0.0,0.0,0.0,0.0
dim,VERB,6,C,0.0,0.0,0.0,0.0,0.0,0.0,0.0
dissolve,VERB,6,C,0.0,0.0,0.0,0.0,0.0,0.0,0.0
fantastic,ADJ,2,A,0.0,0.0,0.0,0.0,0.0,0.0,0.0
cool,ADJ,2,A,0.0,0.0,0.0,0.0,0.0,0.0,0.0
empirical,ADJ,6,C,0.0,0.0,0.0,0.0,0.0,0.0,0.0
evidently,ADV,4,B,0.0,0.0,0.0,0.0,0.0,0.0,0.0
evident,ADJ,4,B,0.0,0.0,0.0,0.0,0.0,0.0,0.0
deceased,ADJ,6,C,0.0,0.0,0.0,0.0,0.0,0.0,0.0
due,ADJ,6,C,0.0,0.0,0.0,0.0,0.0,0.0,0.0
dead,ADJ,6,C,0.0,0.0,0.0,0.0,0.0,0.0,0.0
dead,ADV,5,C,0.0,0.0,0.0,0.0,0.0,0.0,0.0
faraway,ADJ,6,C,0.0,0.0,0.0,0.0,0.0,0.0,0.0
disabled,ADJ,3,B,0.0,0.0,0.0,0.0,0.0,0.0,0.0
disorganized,ADJ,4,B,0.0,0.0,0.0,0.0,0.0,0.0,0.0
dissatisfied,ADJ,4,B,0.0,0.0,0.0,0.0,0.0,0.0,0.0
disrespectful,ADJ,6,C,0.0,0.0,0.0,0.0,0.0,0.0,0.0
dishonestly,ADV,5,C,0.0,0.0,0.0,0.0,0.0,0.0,0.0
dishonest,ADJ,4,B,0.0,0.0,0.0,0.0,0.0,0.0,0.0
dislike,NOUN,4,B,0.0,0.0,0.0,0.0,0.0,0.0,0.0
comfortable,ADJ,2,A,0.0,0.0,0.0,0.0,0.0,0.0,0.0
comparable,ADJ,5,C,0.0,0.0,0.0,0.0,0.0,0.0,0.0
enjoyable,ADJ,3,B,0.0,0.0,0.0,0.0,0.0,0.0,0.0
desirable,ADJ,4,B,0.0,0.0,0.0,0.0,0.0,0.0,0.0
cultural,ADJ,3,B,0.0,0.0,0.0,0.0,0.0,0.0,0.0
critical,ADJ,6,C,0.0,0.0,0.0,0.0,0.0,0.0,0.0
dental,ADJ,4,B,0.0,0.0,0.0,0.0,0.0,0.0,0.0
fatal,ADJ,4,B,0.0,0.0,0.0,0.0,0.0,0.0,0.0
facial,ADJ,6,C,0.0,0.0,0.0,0.0,0.0,0.0,0.0
criminal,ADJ,4,B,0.0,0.0,0.0,0.0,0.0,0.0,0.0
exceptional,ADJ,4,B,0.0,0.0,0.0,0.0,0.0,0.0,0.0
educational,ADJ,4,B,0.0,0.0,0.0,0.0,0.0,0.0,0.0
economical,ADJ,4,B,0.0,0.0,0.0,0.0,0.0,0.0,0.0
environmental,ADJ,3,B,0.0,0.0,0.0,0.0,0.0,0.0,0.0
ecological,ADJ,4,B,0.0,0.0,0.0,0.0,0.0,0.0,0.0
emotional,ADJ,4,B,0.0,0.0,0.0,0.0,0.0,0.0,0.0
cynical,ADJ,6,C,0.0,0.0,0.0,0.0,0.0,0.0,0.0
constitutional,ADJ,6,C,0.0,0.0,0.0,0.0,0.0,0.0,0.0
digital,ADJ,2,A,0.0,0.0,0.0,0.0,0.0,0.0,0.0
electrical,ADJ,3,B,0.0,0.0,0.0,0.0,0.0,0.0,0.0
dominant,ADJ,6,C,0.0,0.0,0.0,0.0,0.0,0.0,0.0
engaged,ADJ,3,B,0.0,0.0,0.0,0.0,0.0,0.0,0.0
damaged,ADJ,3,B,0.0,0.0,0.0,0.0,0.0,0.0,0.0
decaffeinated,ADJ,6,C,0.0,0.0,0.0,0.0,0.0,0.0,0.0
detached,ADJ,5,C,0.0,0.0,0.0,0.0,0.0,0.0,0.0
depressed,ADJ,6,C,0.0,0.0,0.0,0.0,0.0,0.0,0.0
excited,ADJ,1,A,0.0,0.0,0.0,0.0,0.0,0.0,0.0
confused,ADJ,3,B,0.0,0.0,0.0,0.0,0.0,0.0,0.0
delighted,ADJ,3,B,0.0,0.0,0.0,0.0,0.0,0.0,0.0
disappointed,ADJ,3,B,0.0,0.0,0.0,0.0,0.0,0.0,0.0
embarrassed,ADJ,3,B,0.0,0.0,0.0,0.0,0.0,0.0,0.0
exhausted,ADJ,3,B,0.0,0.0,0.0,0.0,0.0,0.0,0.0
experienced,ADJ,3,B,0.0,0.0,0.0,0.0,0.0,0.0,0.0
concerned,ADJ,4,B,0.0,0.0,0.0,0.0,0.0,0.0,0.0
convinced,ADJ,4,B,0.0,0.0,0.0,0.0,0.0,0.0,0.0
determined,ADJ,4,B,0.0,0.0,0.0,0.0,0.0,0.0,0.0
devoted,ADJ,4,B,0.0,0.0,0.0,0.0,0.0,0.0,0.0
distinguished,ADJ,4,B,0.0,0.0,0.0,0.0,0.0,0.0,0.0
fascinated,ADJ,4,B,0.0,0.0,0.0,0.0,0.0,0.0,0.0
committed,ADJ,6,C,0.0,0.0,0.0,0.0,0.0,0.0,0.0
conceited,ADJ,6,C,0.0,0.0,0.0,0.0,0.0,0.0,0.0
dignified,ADJ,6,C,0.0,0.0,0.0,0.0,0.0,0.0,0.0
elated,ADJ,6,C,0.0,0.0,0.0,0.0,0.0,0.0,0.0
developed,ADJ,4,B,0.0,0.0,0.0,0.0,0.0,0.0,0.0
divorced,ADJ,3,B,0.0,0.0,0.0,0.0,0.0,0.0,0.0
different,ADJ,1,A,0.0,0.0,0.0,0.0,0.0,0.0,0.0
confident,ADJ,3,B,0.0,0.0,0.0,0.0,0.0,0.0,0.0
competent,ADJ,5,C,0.0,0.0,0.0,0.0,0.0,0.0,0.0
designer,ADJ,4,B,0.0,0.0,0.0,0.0,0.0,0.0,0.0
delightful,ADJ,4,B,0.0,0.0,0.0,0.0,0.0,0.0,0.0
dreadful,ADJ,4,B,0.0,0.0,0.0,0.0,0.0,0.0,0.0
doubtful,ADJ,4,B,0.0,0.0,0.0,0.0,0.0,0.0,0.0
compatible,ADJ,6,C,0.0,0.0,0.0,0.0,0.0,0.0,0.0
domestic,ADJ,4,B,0.0,0.0,0.0,0.0,0.0,0.0,0.0
economic,ADJ,4,B,0.0,0.0,0.0,0.0,0.0,0.0,0.0
dynamic,ADJ,4,B,0.0,0.0,0.0,0.0,0.0,0.0,0.0
energetic,ADJ,4,B,0.0,0.0,0.0,0.0,0.0,0.0,0.0
enthusiastic,ADJ,4,B,0.0,0.0,0.0,0.0,0.0,0.0,0.0
democratic,ADJ,4,B,0.0,0.0,0.0,0.0,0.0,0.0,0.0
electric,ADJ,2,A,0.0,0.0,0.0,0.0,0.0,0.0,0.0
electronic,ADJ,3,B,0.0,0.0,0.0,0.0,0.0,0.0,0.0
disgusting,ADJ,3,B,0.0,0.0,0.0,0.0,0.0,0.0,0.0
exciting,ADJ,1,A,0.0,0.0,0.0,0.0,0.0,0.0,0.0
confusing,ADJ,3,B,0.0,0.0,0.0,0.0,0.0,0.0,0.0
disappointing,ADJ,3,B,0.0,0.0,0.0,0.0,0.0,0.0,0.0
easygoing,ADJ,3,B,0.0,0.0,0.0,0.0,0.0,0.0,0.0
embarrassing,ADJ,3,B,0.0,0.0,0.0,0.0,0.0,0.0,0.0
depressing,ADJ,4,B,0.0,0.0,0.0,0.0,0.0,0.0,0.0
distressing,ADJ,4,B,0.0,0.0,0.0,0.0,0.0,0.0,0.0
encouraging,ADJ,4,B,0.0,0.0,0.0,0.0,0.0,0.0,0.0
exhausting,ADJ,4,B,0.0,0.0,0.0,0.0,0.0,0.0,0.0
fascinating,ADJ,4,B,0.0,0.0,0.0,0.0,0.0,0.0,0.0
developing,ADJ,4,B,0.0,0.0,0.0,0.0,0.0,0.0,0.0
education,NOUN,3,B,0.0,0.0,0.0,0.0,0.0,0.0,0.0
expectation,NOUN,4,B,0.0,0.0,0.0,0.0,0.0,0.0,0.0
corporation,NOUN,4,B,0.0,0.0,0.0,0.0,0.0,0.0,0.0
decorative,ADJ,4,B,0.0,0.0,0.0,0.0,0.0,0.0,0.0
extensive,ADJ,4,B,0.0,0.0,0.0,0.0,0.0,0.0,0.0
creative,ADJ,3,B,0.0,0.0,0.0,0.0,0.0,0.0,0.0
competitive,ADJ,4,B,0.0,0.0,0.0,0.0,0.0,0.0,0.0
cooperative,ADJ,4,B,0.0,0.0,0.0,0.0,0.0,0.0,0.0
decisive,ADJ,4,B,0.0,0.0,0.0,0.0,0.0,0.0,0.0
expressive,ADJ,6,C,0.0,0.0,0.0,0.0,0.0,0.0,0.0
criticize,VERB,4,B,0.0,0.0,0.0,0.0,0.0,0.0,0.0
especially,ADV,2,A,0.0,0.0,0.0,0.0,0.0,0.0,0.0
completely,ADV,3,B,0.0,0.0,0.0,0.0,0.0,0.0,0.0
exactly,ADV,3,B,0.0,0.0,0.0,0.0,0.0,0.0,0.0
extremely,ADV,3,B,0.0,0.0,0.0,0.0,0.0,0.0,0.0
consequently,ADV,4,B,0.0,0.0,0.0,0.0,0.0,0.0,0.0
deeply,ADV,4,B,0.0,0.0,0.0,0.0,0.0,0.0,0.0
desperately,ADV,4,B,0.0,0.0,0.0,0.0,0.0,0.0,0.0
entirely,ADV,4,B,0.0,0.0,0.0,0.0,0.0,0.0,0.0
extraordinarily,ADV,4,B,0.0,0.0,0.0,0.0,0.0,0.0,0.0
fantastically,ADV,4,B,0.0,0.0,0.0,0.0,0.0,0.0,0.0
fairly,ADV,3,B,0.0,0.0,0.0,0.0,0.0,0.0,0.0
densely,ADV,4,B,0.0,0.0,0.0,0.0,0.0,0.0,0.0
ecologically,ADV,4,B,0.0,0.0,0.0,0.0,0.0,0.0,0.0
environmentally,ADV,4,B,0.0,0.0,0.0,0.0,0.0,0.0,0.0
elegantly,ADV,4,B,0.0,0.0,0.0,0.0,0.0,0.0,0.0
cowardly,ADJ,4,B,0.0,0.0,0.0,0.0,0.0,0.0,0.0
curiously,ADV,3,B,0.0,0.0,0.0,0.0,0.0,0.0,0.0
dangerously,ADV,3,B,0.0,0.0,0.0,0.0,0.0,0.0,0.0
excitedly,ADV,3,B,0.0,0.0,0.0,0.0,0.0,0.0,0.0
confidently,ADV,4,B,0.0,0.0,0.0,0.0,0.0,0.0,0.0
creatively,ADV,4,B,0.0,0.0,0.0,0.0,0.0,0.0,0.0
cruelly,ADV,4,B,0.0,0.0,0.0,0.0,0.0,0.0,0.0
eagerly,ADV,4,B,0.0,0.0,0.0,0.0,0.0,0.0,0.0
emotionally,ADV,4,B,0.0,0.0,0.0,0.0,0.0,0.0,0.0
enthusiastically,ADV,4,B,0.0,0.0,0.0,0.0,0.0,0.0,0.0
electronically,ADV,4,B,0.0,0.0,0.0,0.0,0.0,0.0,0.0
conscious,ADJ,5,C,0.0,0.0,0.0,0.0,0.0,0.0,0.0
enormous,ADJ,3,B,0.0,0.0,0.0,0.0,0.0,0.0,0.0
disastrous,ADJ,5,C,0.0,0.0,0.0,0.0,0.0,0.0,0.0
fabulous,ADJ,5,C,0.0,0.0,0.0,0.0,0.0,0.0,0.0
famous,ADJ,1,A,0.0,0.0,0.0,0.0,0.0,0.0,0.0
dangerous,ADJ,2,A,0.0,0.0,0.0,0.0,0.0,0.0,0.0
curious,ADJ,3,B,0.0,0.0,0.0,0.0,0.0,0.0,0.0
conscientious,ADJ,5,C,0.0,0.0,0.0,0.0,0.0,0.0,0.0
courageous,ADJ,5,C,0.0,0.0,0.0,0.0,0.0,0.0,0.0
courteous,ADJ,6,C,0.0,0.0,0.0,0.0,0.0,0.0,0.0
dirty,ADJ,2,A,0.0,0.0,0.0,0.0,0.0,0.0,0.0
curly,ADJ,3,B,0.0,0.0,0.0,0.0,0.0,0.0,0.0
comic,ADJ,3,B,0.0,0.0,0.0,0.0,0.0,0.0,0.0
comedian,NOUN,4,B,0.0,0.0,0.0,0.0,0.0,0.0,0.0
deaf,ADJ,3,B,0.0,0.0,0.0,0.0,0.0,0.0,0.0
dizzy,ADJ,4,B,0.0,0.0,0.0,0.0,0.0,0.0,0.0
dry,ADJ,5,C,0.0,0.0,0.0,0.0,0.0,0.0,0.0
dumb,ADJ,5,C,0.0,0.0,0.0,0.0,0.0,0.0,0.0
eyelash,NOUN,4,B,0.0,0.0,0.0,0.0,0.0,0.0,0.0
complex,NOUN,6,C,0.0,0.0,0.0,0.0,0.0,0.0,0.0
dear,ADJ,1,A,0.0,0.0,0.0,0.0,0.0,0.0,0.0
complete,ADJ,3,B,0.0,0.0,0.0,0.0,0.0,0.0,0.0
down,ADV,3,B,0.0,0.0,0.0,0.0,0.0,0.0,0.0
far,ADV,4,B,0.0,0.0,0.0,0.0,0.0,0.0,0.0
dark,ADJ,1,A,0.0,0.0,0.0,0.0,0.0,0.0,0.0
cream,ADJ,2,A,0.0,0.0,0.0,0.0,0.0,0.0,0.0
deep,ADJ,2,A,0.0,0.0,0.0,0.0,0.0,0.0,0.0
double,ADJ,2,A,0.0,0.0,0.0,0.0,0.0,0.0,0.0
excellent,ADJ,2,A,0.0,0.0,0.0,0.0,0.0,0.0,0.0
extra,ADJ,2,A,0.0,0.0,0.0,0.0,0.0,0.0,0.0
equal,ADJ,3,B,0.0,0.0,0.0,0.0,0.0,0.0,0.0
exact,ADJ,3,B,0.0,0.0,0.0,0.0,0.0,0.0,0.0
extraordinary,ADJ,3,B,0.0,0.0,0.0,0.0,0.0,0.0,0.0
FALSE,ADJ,3,B,0.0,0.0,0.0,0.0,0.0,0.0,0.0
decent,ADJ,4,B,0.0,0.0,0.0,0.0,0.0,0.0,0.0
delicate,ADJ,4,B,0.0,0.0,0.0,0.0,0.0,0.0,0.0
dense,ADJ,4,B,0.0,0.0,0.0,0.0,0.0,0.0,0.0
distant,ADJ,4,B,0.0,0.0,0.0,0.0,0.0,0.0,0.0
entire,ADJ,4,B,0.0,0.0,0.0,0.0,0.0,0.0,0.0
extreme,ADJ,4,B,0.0,0.0,0.0,0.0,0.0,0.0,0.0
faint,ADJ,4,B,0.0,0.0,0.0,0.0,0.0,0.0,0.0
dull,ADJ,5,C,0.0,0.0,0.0,0.0,0.0,0.0,0.0
fake,ADJ,5,C,0.0,0.0,0.0,0.0,0.0,0.0,0.0
crisp,ADJ,6,C,0.0,0.0,0.0,0.0,0.0,0.0,0.0
dated,ADJ,6,C,0.0,0.0,0.0,0.0,0.0,0.0,0.0
defective,ADJ,6,C,0.0,0.0,0.0,0.0,0.0,0.0,0.0
desperate,ADJ,6,C,0.0,0.0,0.0,0.0,0.0,0.0,0.0
elaborate,ADJ,6,C,0.0,0.0,0.0,0.0,0.0,0.0,0.0
else,ADV,2,A,0.0,0.0,0.0,0.0,0.0,0.0,0.0
deep,ADV,3,B,0.0,0.0,0.0,0.0,0.0,0.0,0.0
extra,ADV,3,B,0.0,0.0,0.0,0.0,0.0,0.0,0.0
elementary,ADJ,3,B,0.0,0.0,0.0,0.0,0.0,0.0,0.0
dairy,ADJ,4,B,0.0,0.0,0.0,0.0,0.0,0.0,0.0
crisp,NOUN,2,A,0.0,0.0,0.0,0.0,0.0,0.0,0.0
downstairs,ADJ,3,B,0.0,0.0,0.0,0.0,0.0,0.0,0.0
downstairs,ADV,2,A,0.0,0.0,0.0,0.0,0.0,0.0,0.0
extravagant,ADJ,6,C,0.0,0.0,0.0,0.0,0.0,0.0,0.0
damp,ADJ,4,B,0.0,0.0,0.0,0.0,0.0,0.0,0.0
ecology,NOUN,5,C,0.0,0.0,0.0,0.0,0.0,0.0,0.0
fat,ADJ,1,A,0.0,0.0,0.0,0.0,0.0,0.0,0.0
fair,ADJ,2,A,0.0,0.0,0.0,0.0,0.0,0.0,0.0
elderly,ADJ,3,B,0.0,0.0,0.0,0.0,0.0,0.0,0.0
elegant,ADJ,4,B,0.0,0.0,0.0,0.0,0.0,0.0,0.0
crazy,ADJ,2,A,0.0,0.0,0.0,0.0,0.0,0.0,0.0
cruel,ADJ,3,B,0.0,0.0,0.0,0.0,0.0,0.0,0.0
difficult,ADJ,3,B,0.0,0.0,0.0,0.0,0.0,0.0,0.0
content,ADJ,4,B,0.0,0.0,0.0,0.0,0.0,0.0,0.0
down,ADJ,4,B,0.0,0.0,0.0,0.0,0.0,0.0,0.0
eager,ADJ,4,B,0.0,0.0,0.0,0.0,0.0,0.0,0.0
evil,ADJ,4,B,0.0,0.0,0.0,0.0,0.0,0.0,0.0
expert,ADJ,4,B,0.0,0.0,0.0,0.0,0.0,0.0,0.0
corrupt,ADJ,5,C,0.0,0.0,0.0,0.0,0.0,0.0,0.0
devastated,ADJ,5,C,0.0,0.0,0.0,0.0,0.0,0.0,0.0
defensive,ADJ,6,C,0.0,0.0,0.0,0.0,0.0,0.0,0.0
diplomatic,ADJ,6,C,0.0,0.0,0.0,0.0,0.0,0.0,0.0
eccentric,ADJ,6,C,0.0,0.0,0.0,0.0,0.0,0.0,0.0
eminent,ADJ,6,C,0.0,0.0,0.0,0.0,0.0,0.0,0.0
contempt,NOUN,6,C,0.0,0.0,0.0,0.0,0.0,0.0,0.0
council,NOUN,4,B,0.0,0.0,0.0,0.0,0.0,0.0,0.0
family,NOUN,1,A,0.0,0.0,0.0,0.0,0.0,0.0,0.0
executive,ADJ,5,C,0.0,0.0,0.0,0.0,0.0,0.0,0.0
Dr,NOUN,2,A,0.0,0.0,0.0,0.0,0.0,0.0,0.0
committee,NOUN,4,B,0.0,0.0,0.0,0.0,0.0,0.0,0.0
crew,NOUN,4,B,0.0,0.0,0.0,0.0,0.0,0.0,0.0
drunk,ADJ,4,B,0.0,0.0,0.0,0.0,0.0,0.0,0.0
disposable,ADJ,6,C,0.0,0.0,0.0,0.0,0.0,0.0,0.0
disloyal,ADJ,6,C,0.0,0.0,0.0,0.0,0.0,0.0,0.0
disadvantaged,ADJ,5,C,0.0,0.0,0.0,0.0,0.0,0.0,0.0
disgusted,ADJ,5,C,0.0,0.0,0.0,0.0,0.0,0.0,0.0
disillusioned,ADJ,6,C,0.0,0.0,0.0,0.0,0.0,0.0,0.0
disruptive,ADJ,6,C,0.0,0.0,0.0,0.0,0.0,0.0,0.0
fashionable,ADJ,3,B,0.0,0.0,0.0,0.0,0.0,0.0,0.0
considerable,ADJ,4,B,0.0,0.0,0.0,0.0,0.0,0.0,0.0
essential,ADJ,3,B,0.0,0.0,0.0,0.0,0.0,0.0,0.0
commercial,ADJ,4,B,0.0,0.0,0.0,0.0,0.0,0.0,0.0
controversial,ADJ,4,B,0.0,0.0,0.0,0.0,0.0,0.0,0.0
conventional,ADJ,4,B,0.0,0.0,0.0,0.0,0.0,0.0,0.0
crucial,ADJ,4,B,0.0,0.0,0.0,0.0,0.0,0.0,0.0
external,ADJ,4,B,0.0,0.0,0.0,0.0,0.0,0.0,0.0
confidential,ADJ,5,C,0.0,0.0,0.0,0.0,0.0,0.0,0.0
continental,ADJ,6,C,0.0,0.0,0.0,0.0,0.0,0.0,0.0
ethical,ADJ,6,C,0.0,0.0,0.0,0.0,0.0,0.0,0.0
experimental,ADJ,6,C,0.0,0.0,0.0,0.0,0.0,0.0,0.0
crowded,ADJ,2,A,0.0,0.0,0.0,0.0,0.0,0.0,0.0
dressed,ADJ,2,A,0.0,0.0,0.0,0.0,0.0,0.0,0.0
complicated,ADJ,3,B,0.0,0.0,0.0,0.0,0.0,0.0,0.0
detailed,ADJ,4,B,0.0,0.0,0.0,0.0,0.0,0.0,0.0
divided,ADJ,4,B,0.0,0.0,0.0,0.0,0.0,0.0,0.0
educated,ADJ,4,B,0.0,0.0,0.0,0.0,0.0,0.0,0.0
endangered,ADJ,4,B,0.0,0.0,0.0,0.0,0.0,0.0,0.0
estimated,ADJ,4,B,0.0,0.0,0.0,0.0,0.0,0.0,0.0
disturbed,ADJ,6,C,0.0,0.0,0.0,0.0,0.0,0.0,0.0
engrossed,ADJ,6,C,0.0,0.0,0.0,0.0,0.0,0.0,0.0
convenient,ADJ,3,B,0.0,0.0,0.0,0.0,0.0,0.0,0.0
efficient,ADJ,3,B,0.0,0.0,0.0,0.0,0.0,0.0,0.0
dependent,ADJ,4,B,0.0,0.0,0.0,0.0,0.0,0.0,0.0
consistent,ADJ,6,C,0.0,0.0,0.0,0.0,0.0,0.0,0.0
faithful,ADJ,4,B,0.0,0.0,0.0,0.0,0.0,0.0,0.0
eventful,ADJ,6,C,0.0,0.0,0.0,0.0,0.0,0.0,0.0
edible,ADJ,5,C,0.0,0.0,0.0,0.0,0.0,0.0,0.0
eligible,ADJ,5,C,0.0,0.0,0.0,0.0,0.0,0.0,0.0
dramatic,ADJ,4,B,0.0,0.0,0.0,0.0,0.0,0.0,0.0
exotic,ADJ,4,B,0.0,0.0,0.0,0.0,0.0,0.0,0.0
ethnic,ADJ,5,C,0.0,0.0,0.0,0.0,0.0,0.0,0.0
demanding,ADJ,4,B,0.0,0.0,0.0,0.0,0.0,0.0,0.0
entertaining,ADJ,4,B,0.0,0.0,0.0,0.0,0.0,0.0,0.0
existing,ADJ,4,B,0.0,0.0,0.0,0.0,0.0,0.0,0.0
convincing,ADJ,5,C,0.0,0.0,0.0,0.0,0.0,0.0,0.0
comforting,ADJ,6,C,0.0,0.0,0.0,0.0,0.0,0.0,0.0
corresponding,ADJ,6,C,0.0,0.0,0.0,0.0,0.0,0.0,0.0
cunning,ADJ,6,C,0.0,0.0,0.0,0.0,0.0,0.0,0.0
disturbing,ADJ,6,C,0.0,0.0,0.0,0.0,0.0,0.0,0.0
fascination,NOUN,5,C,0.0,0.0,0.0,0.0,0.0,0.0,0.0
condition,VERB,6,C,0.0,0.0,0.0,0.0,0.0,0.0,0.0
diversity,NOUN,5,C,0.0,0.0,0.0,0.0,0.0,0.0,0.0
expensive,ADJ,1,A,0.0,0.0,0.0,0.0,0.0,0.0,0.0
communicative,ADJ,4,B,0.0,0.0,0.0,0.0,0.0,0.0,0.0
effective,ADJ,4,B,0.0,0.0,0.0,0.0,0.0,0.0,0.0
exclusive,ADJ,4,B,0.0,0.0,0.0,0.0,0.0,0.0,0.0
comparative,ADJ,5,C,0.0,0.0,0.0,0.0,0.0,0.0,0.0
comprehensive,ADJ,5,C,0.0,0.0,0.0,0.0,0.0,0.0,0.0
conservative,ADJ,5,C,0.0,0.0,0.0,0.0,0.0,0.0,0.0
constructive,ADJ,5,C,0.0,0.0,0.0,0.0,0.0,0.0,0.0
distinctive,ADJ,5,C,0.0,0.0,0.0,0.0,0.0,0.0,0.0
excessive,ADJ,5,C,0.0,0.0,0.0,0.0,0.0,0.0,0.0
exhaustive,ADJ,5,C,0.0,0.0,0.0,0.0,0.0,0.0,0.0
compulsive,ADJ,6,C,0.0,0.0,0.0,0.0,0.0,0.0,0.0
conclusive,ADJ,6,C,0.0,0.0,0.0,0.0,0.0,0.0,0.0
consecutive,ADJ,6,C,0.0,0.0,0.0,0.0,0.0,0.0,0.0
elusive,ADJ,6,C,0.0,0.0,0.0,0.0,0.0,0.0,0.0
explosive,ADJ,6,C,0.0,0.0,0.0,0.0,0.0,0.0,0.0
endless,ADJ,4,B,0.0,0.0,0.0,0.0,0.0,0.0,0.0
countless,ADJ,5,C,0.0,0.0,0.0,0.0,0.0,0.0,0.0
daily,ADJ,2,A,0.0,0.0,0.0,0.0,0.0,0.0,0.0
daily,ADV,2,A,0.0,0.0,0.0,0.0,0.0,0.0,0.0
easily,ADV,2,A,0.0,0.0,0.0,0.0,0.0,0.0,0.0
correctly,ADV,3,B,0.0,0.0,0.0,0.0,0.0,0.0,0.0
definitely,ADV,3,B,0.0,0.0,0.0,0.0,0.0,0.0,0.0
differently,ADV,3,B,0.0,0.0,0.0,0.0,0.0,0.0,0.0
directly,ADV,3,B,0.0,0.0,0.0,0.0,0.0,0.0,0.0
comfortably,ADV,4,B,0.0,0.0,0.0,0.0,0.0,0.0,0.0
considerably,ADV,4,B,0.0,0.0,0.0,0.0,0.0,0.0,0.0
constantly,ADV,4,B,0.0,0.0,0.0,0.0,0.0,0.0,0.0
continuously,ADV,4,B,0.0,0.0,0.0,0.0,0.0,0.0,0.0
conveniently,ADV,4,B,0.0,0.0,0.0,0.0,0.0,0.0,0.0
critically,ADV,4,B,0.0,0.0,0.0,0.0,0.0,0.0,0.0
culturally,ADV,4,B,0.0,0.0,0.0,0.0,0.0,0.0,0.0
currently,ADV,4,B,0.0,0.0,0.0,0.0,0.0,0.0,0.0
deliberately,ADV,4,B,0.0,0.0,0.0,0.0,0.0,0.0,0.0
dramatically,ADV,4,B,0.0,0.0,0.0,0.0,0.0,0.0,0.0
effectively,ADV,4,B,0.0,0.0,0.0,0.0,0.0,0.0,0.0
efficiently,ADV,4,B,0.0,0.0,0.0,0.0,0.0,0.0,0.0
equally,ADV,4,B,0.0,0.0,0.0,0.0,0.0,0.0,0.0
essentially,ADV,4,B,0.0,0.0,0.0,0.0,0.0,0.0,0.0
eventually,ADV,4,B,0.0,0.0,0.0,0.0,0.0,0.0,0.0
commonly,ADV,5,C,0.0,0.0,0.0,0.0,0.0,0.0,0.0
comprehensively,ADV,5,C,0.0,0.0,0.0,0.0,0.0,0.0,0.0
continually,ADV,5,C,0.0,0.0,0.0,0.0,0.0,0.0,0.0
exclusively,ADV,5,C,0.0,0.0,0.0,0.0,0.0,0.0,0.0
conclusively,ADV,6,C,0.0,0.0,0.0,0.0,0.0,0.0,0.0
consistently,ADV,6,C,0.0,0.0,0.0,0.0,0.0,0.0,0.0
diplomatically,ADV,6,C,0.0,0.0,0.0,0.0,0.0,0.0,0.0
department,NOUN,2,A,0.0,0.0,0.0,0.0,0.0,0.0,0.0
delicious,ADJ,3,B,0.0,0.0,0.0,0.0,0.0,0.0,0.0
continuous,ADJ,4,B,0.0,0.0,0.0,0.0,0.0,0.0,0.0
dusty,ADJ,3,B,0.0,0.0,0.0,0.0,0.0,0.0,0.0
contradictory,ADJ,6,C,0.0,0.0,0.0,0.0,0.0,0.0,0.0
easy,ADJ,1,A,0.0,0.0,0.0,0.0,0.0,0.0,0.0
fast,ADJ,1,A,0.0,0.0,0.0,0.0,0.0,0.0,0.0
correct,ADJ,2,A,0.0,0.0,0.0,0.0,0.0,0.0,0.0
early,ADJ,2,A,0.0,0.0,0.0,0.0,0.0,0.0,0.0
east,ADJ,2,A,0.0,0.0,0.0,0.0,0.0,0.0,0.0
empty,ADJ,2,A,0.0,0.0,0.0,0.0,0.0,0.0,0.0
common,ADJ,3,B,0.0,0.0,0.0,0.0,0.0,0.0,0.0
cosy,ADJ,3,B,0.0,0.0,0.0,0.0,0.0,0.0,0.0
direct,ADJ,3,B,0.0,0.0,0.0,0.0,0.0,0.0,0.0
duty-free,ADJ,3,B,0.0,0.0,0.0,0.0,0.0,0.0,0.0
eastern,ADJ,3,B,0.0,0.0,0.0,0.0,0.0,0.0,0.0
face-to-face,ADJ,3,B,0.0,0.0,0.0,0.0,0.0,0.0,0.0
familiar,ADJ,3,B,0.0,0.0,0.0,0.0,0.0,0.0,0.0
complex,ADJ,4,B,0.0,0.0,0.0,0.0,0.0,0.0,0.0
compulsory,ADJ,4,B,0.0,0.0,0.0,0.0,0.0,0.0,0.0
constant,ADJ,4,B,0.0,0.0,0.0,0.0,0.0,0.0,0.0
contemporary,ADJ,4,B,0.0,0.0,0.0,0.0,0.0,0.0,0.0
current,ADJ,4,B,0.0,0.0,0.0,0.0,0.0,0.0,0.0
deadly,ADJ,4,B,0.0,0.0,0.0,0.0,0.0,0.0,0.0
definite,ADJ,4,B,0.0,0.0,0.0,0.0,0.0,0.0,0.0
deliberate,ADJ,4,B,0.0,0.0,0.0,0.0,0.0,0.0,0.0
diverse,ADJ,4,B,0.0,0.0,0.0,0.0,0.0,0.0,0.0
expected,ADJ,4,B,0.0,0.0,0.0,0.0,0.0,0.0,0.0
far,ADJ,4,B,0.0,0.0,0.0,0.0,0.0,0.0,0.0
concrete,ADJ,5,C,0.0,0.0,0.0,0.0,0.0,0.0,0.0
considerate,ADJ,5,C,0.0,0.0,0.0,0.0,0.0,0.0,0.0
continual,ADJ,5,C,0.0,0.0,0.0,0.0,0.0,0.0,0.0
corporate,ADJ,5,C,0.0,0.0,0.0,0.0,0.0,0.0,0.0
cosmopolitan,ADJ,5,C,0.0,0.0,0.0,0.0,0.0,0.0,0.0
customary,ADJ,5,C,0.0,0.0,0.0,0.0,0.0,0.0,0.0
cutting-edge,ADJ,5,C,0.0,0.0,0.0,0.0,0.0,0.0,0.0
day-to-day,ADJ,5,C,0.0,0.0,0.0,0.0,0.0,0.0,0.0
dedicated,ADJ,5,C,0.0,0.0,0.0,0.0,0.0,0.0,0.0
deprived,ADJ,5,C,0.0,0.0,0.0,0.0,0.0,0.0,0.0
deserted,ADJ,5,C,0.0,0.0,0.0,0.0,0.0,0.0,0.0
devastating,ADJ,5,C,0.0,0.0,0.0,0.0,0.0,0.0,0.0
distinct,ADJ,5,C,0.0,0.0,0.0,0.0,0.0,0.0,0.0
distressed,ADJ,5,C,0.0,0.0,0.0,0.0,0.0,0.0,0.0
down-to-earth,ADJ,5,C,0.0,0.0,0.0,0.0,0.0,0.0,0.0
downward,ADJ,5,C,0.0,0.0,0.0,0.0,0.0,0.0,0.0
drastic,ADJ,5,C,0.0,0.0,0.0,0.0,0.0,0.0,0.0
dual,ADJ,5,C,0.0,0.0,0.0,0.0,0.0,0.0,0.0
equivalent,ADJ,5,C,0.0,0.0,0.0,0.0,0.0,0.0,0.0
excess,ADJ,5,C,0.0,0.0,0.0,0.0,0.0,0.0,0.0
extinct,ADJ,5,C,0.0,0.0,0.0,0.0,0.0,0.0,0.0
complimentary,ADJ,6,C,0.0,0.0,0.0,0.0,0.0,0.0,0.0
contrary,ADJ,6,C,0.0,0.0,0.0,0.0,0.0,0.0,0.0
crude,ADJ,6,C,0.0,0.0,0.0,0.0,0.0,0.0,0.0
dazed,ADJ,6,C,0.0,0.0,0.0,0.0,0.0,0.0,0.0
dazzling,ADJ,6,C,0.0,0.0,0.0,0.0,0.0,0.0,0.0
deceptive,ADJ,6,C,0.0,0.0,0.0,0.0,0.0,0.0,0.0
definitive,ADJ,6,C,0.0,0.0,0.0,0.0,0.0,0.0,0.0
detrimental,ADJ,6,C,0.0,0.0,0.0,0.0,0.0,0.0,0.0
dim,ADJ,6,C,0.0,0.0,0.0,0.0,0.0,0.0,0.0
discreet,ADJ,6,C,0.0,0.0,0.0,0.0,0.0,0.0,0.0
dubious,ADJ,6,C,0.0,0.0,0.0,0.0,0.0,0.0,0.0
eventual,ADJ,6,C,0.0,0.0,0.0,0.0,0.0,0.0,0.0
explicit,ADJ,6,C,0.0,0.0,0.0,0.0,0.0,0.0,0.0
exquisite,ADJ,6,C,0.0,0.0,0.0,0.0,0.0,0.0,0.0
early,ADV,1,A,0.0,0.0,0.0,0.0,0.0,0.0,0.0
east,ADV,2,A,0.0,0.0,0.0,0.0,0.0,0.0,0.0
enough,ADV,2,A,0.0,0.0,0.0,0.0,0.0,0.0,0.0
even,ADV,2,A,0.0,0.0,0.0,0.0,0.0,0.0,0.0
ever,ADV,2,A,0.0,0.0,0.0,0.0,0.0,0.0,0.0
everywhere,ADV,2,A,0.0,0.0,0.0,0.0,0.0,0.0,0.0
fast,ADV,2,A,0.0,0.0,0.0,0.0,0.0,0.0,0.0
either,ADV,3,B,0.0,0.0,0.0,0.0,0.0,0.0,0.0
elsewhere,ADV,4,B,0.0,0.0,0.0,0.0,0.0,0.0,0.0
downwards,ADV,5,C,0.0,0.0,0.0,0.0,0.0,0.0,0.0
drastically,ADV,5,C,0.0,0.0,0.0,0.0,0.0,0.0,0.0
exceptionally,ADV,5,C,0.0,0.0,0.0,0.0,0.0,0.0,0.0
decisively,ADV,6,C,0.0,0.0,0.0,0.0,0.0,0.0,0.0
downhill,ADV,6,C,0.0,0.0,0.0,0.0,0.0,0.0,0.0
crowd,NOUN,2,A,0.0,0.0,0.0,0.0,0.0,0.0,0.0
fall,NOUN,3,B,0.0,0.0,0.0,0.0,0.0,0.0,0.0
elite,NOUN,5,C,0.0,0.0,0.0,0.0,0.0,0.0,0.0
excess,NOUN,5,C,0.0,0.0,0.0,0.0,0.0,0.0,0.0
exhaust,NOUN,5,C,0.0,0.0,0.0,0.0,0.0,0.0,0.0
consensus,NOUN,6,C,0.0,0.0,0.0,0.0,0.0,0.0,0.0
crystal,NOUN,6,C,0.0,0.0,0.0,0.0,0.0,0.0,0.0
essence,NOUN,6,C,0.0,0.0,0.0,0.0,0.0,0.0,0.0
exile,NOUN,6,C,0.0,0.0,0.0,0.0,0.0,0.0,0.0
correct,VERB,4,B,0.0,0.0,0.0,0.0,0.0,0.0,0.0
drown,VERB,4,B,0.0,0.0,0.0,0.0,0.0,0.0,0.0
elect,VERB,4,B,0.0,0.0,0.0,0.0,0.0,0.0,0.0
entitle,VERB,4,B,0.0,0.0,0.0,0.0,0.0,0.0,0.0
establish,VERB,4,B,0.0,0.0,0.0,0.0,0.0,0.0,0.0
crowd,VERB,5,C,0.0,0.0,0.0,0.0,0.0,0.0,0.0
dictate,VERB,5,C,0.0,0.0,0.0,0.0,0.0,0.0,0.0
embrace,VERB,5,C,0.0,0.0,0.0,0.0,0.0,0.0,0.0
evolve,VERB,5,C,0.0,0.0,0.0,0.0,0.0,0.0,0.0
exhibit,VERB,5,C,0.0,0.0,0.0,0.0,0.0,0.0,0.0
concede,VERB,6,C,0.0,0.0,0.0,0.0,0.0,0.0,0.0
goalkeeper,NOUN,3,B,0.0,0.0,0.0,0.0,0.0,0.0,0.0
grant,VERB,4,B,0.0,0.0,0.0,0.0,0.0,0.0,0.0
gender,NOUN,4,B,0.0,0.0,0.0,0.0,0.0,0.0,0.0
guy,NOUN,2,A,0.0,0.0,0.0,0.0,0.0,0.0,0.0
guts,NOUN,4,B,0.0,0.0,0.0,0.0,0.0,0.0,0.0
granddad,NOUN,2,A,0.0,0.0,0.0,0.0,0.0,0.0,0.0
grandma,NOUN,2,A,0.0,0.0,0.0,0.0,0.0,0.0,0.0
grandpa,NOUN,2,A,0.0,0.0,0.0,0.0,0.0,0.0,0.0
granny,NOUN,2,A,0.0,0.0,0.0,0.0,0.0,0.0,0.0
insert,VERB,5,C,0.0,0.0,0.0,0.0,0.0,0.0,0.0
inhabit,VERB,6,C,0.0,0.0,0.0,0.0,0.0,0.0,0.0
garment,NOUN,5,C,0.0,0.0,0.0,0.0,0.0,0.0,0.0
infant,NOUN,6,C,0.0,0.0,0.0,0.0,0.0,0.0,0.0
inquiry,NOUN,6,C,0.0,0.0,0.0,0.0,0.0,0.0,0.0
infer,VERB,6,C,0.0,0.0,0.0,0.0,0.0,0.0,0.0
gang,NOUN,6,C,0.0,0.0,0.0,0.0,0.0,0.0,0.0
heaven,NOUN,4,B,0.0,0.0,0.0,0.0,0.0,0.0,0.0
get,VERB,4,B,0.0,0.0,0.0,0.0,0.0,0.0,0.0
hit,VERB,6,C,0.0,0.0,0.0,0.0,0.0,0.0,0.0
intolerance,NOUN,6,C,0.0,0.0,0.0,0.0,0.0,0.0,0.0
impatience,NOUN,6,C,0.0,0.0,0.0,0.0,0.0,0.0,0.0
intruder,NOUN,6,C,0.0,0.0,0.0,0.0,0.0,0.0,0.0
installation,NOUN,5,C,0.0,0.0,0.0,0.0,0.0,0.0,0.0
interaction,NOUN,5,C,0.0,0.0,0.0,0.0,0.0,0.0,0.0
import,NOUN,5,C,0.0,0.0,0.0,0.0,0.0,0.0,0.0
insomnia,NOUN,6,C,0.0,0.0,0.0,0.0,0.0,0.0,0.0
invade,VERB,4,B,0.0,0.0,0.0,0.0,0.0,0.0,0.0
introvert,NOUN,6,C,0.0,0.0,0.0,0.0,0.0,0.0,0.0
input,NOUN,4,B,0.0,0.0,0.0,0.0,0.0,0.0,0.0
interval,NOUN,3,B,0.0,0.0,0.0,0.0,0.0,0.0,0.0
interfere,VERB,4,B,0.0,0.0,0.0,0.0,0.0,0.0,0.0
intervene,VERB,6,C,0.0,0.0,0.0,0.0,0.0,0.0,0.0
guidance,NOUN,4,B,0.0,0.0,0.0,0.0,0.0,0.0,0.0
insurance,NOUN,4,B,0.0,0.0,0.0,0.0,0.0,0.0,0.0
ignorance,NOUN,6,C,0.0,0.0,0.0,0.0,0.0,0.0,0.0
independence,NOUN,4,B,0.0,0.0,0.0,0.0,0.0,0.0,0.0
intelligence,NOUN,4,B,0.0,0.0,0.0,0.0,0.0,0.0,0.0
innocence,NOUN,6,C,0.0,0.0,0.0,0.0,0.0,0.0,0.0
influence,NOUN,4,B,0.0,0.0,0.0,0.0,0.0,0.0,0.0
freezer,NOUN,3,B,0.0,0.0,0.0,0.0,0.0,0.0,0.0
heater,NOUN,3,B,0.0,0.0,0.0,0.0,0.0,0.0,0.0
helper,NOUN,4,B,0.0,0.0,0.0,0.0,0.0,0.0,0.0
footballer,NOUN,2,A,0.0,0.0,0.0,0.0,0.0,0.0,0.0
firefighter,NOUN,3,B,0.0,0.0,0.0,0.0,0.0,0.0,0.0
feeling,NOUN,3,B,0.0,0.0,0.0,0.0,0.0,0.0,0.0
greeting,NOUN,3,B,0.0,0.0,0.0,0.0,0.0,0.0,0.0
handwriting,NOUN,3,B,0.0,0.0,0.0,0.0,0.0,0.0,0.0
heating,NOUN,2,A,0.0,0.0,0.0,0.0,0.0,0.0,0.0
funding,NOUN,5,C,0.0,0.0,0.0,0.0,0.0,0.0,0.0
ironing,NOUN,3,B,0.0,0.0,0.0,0.0,0.0,0.0,0.0
fighting,NOUN,4,B,0.0,0.0,0.0,0.0,0.0,0.0,0.0
fishing,NOUN,2,A,0.0,0.0,0.0,0.0,0.0,0.0,0.0
illustration,NOUN,5,C,0.0,0.0,0.0,0.0,0.0,0.0,0.0
infection,NOUN,4,B,0.0,0.0,0.0,0.0,0.0,0.0,0.0
introduction,NOUN,4,B,0.0,0.0,0.0,0.0,0.0,0.0,0.0
identification,NOUN,2,A,0.0,0.0,0.0,0.0,0.0,0.0,0.0
information,NOUN,2,A,0.0,0.0,0.0,0.0,0.0,0.0,0.0
invitation,NOUN,2,A,0.0,0.0,0.0,0.0,0.0,0.0,0.0
institution,NOUN,4,B,0.0,0.0,0.0,0.0,0.0,0.0,0.0
inflation,NOUN,4,B,0.0,0.0,0.0,0.0,0.0,0.0,0.0
invasion,NOUN,4,B,0.0,0.0,0.0,0.0,0.0,0.0,0.0
impression,NOUN,4,B,0.0,0.0,0.0,0.0,0.0,0.0,0.0
imagination,NOUN,3,B,0.0,0.0,0.0,0.0,0.0,0.0,0.0
frustration,NOUN,4,B,0.0,0.0,0.0,0.0,0.0,0.0,0.0
inspiration,NOUN,4,B,0.0,0.0,0.0,0.0,0.0,0.0,0.0
irritation,NOUN,6,C,0.0,0.0,0.0,0.0,0.0,0.0,0.0
generation,NOUN,4,B,0.0,0.0,0.0,0.0,0.0,0.0,0.0
immigration,NOUN,3,B,0.0,0.0,0.0,0.0,0.0,0.0,0.0
generosity,NOUN,4,B,0.0,0.0,0.0,0.0,0.0,0.0,0.0
hostility,NOUN,6,C,0.0,0.0,0.0,0.0,0.0,0.0,0.0
humanity,NOUN,6,C,0.0,0.0,0.0,0.0,0.0,0.0,0.0
humility,NOUN,6,C,0.0,0.0,0.0,0.0,0.0,0.0,0.0
integrity,NOUN,6,C,0.0,0.0,0.0,0.0,0.0,0.0,0.0
identity,NOUN,4,B,0.0,0.0,0.0,0.0,0.0,0.0,0.0
hospitality,NOUN,5,C,0.0,0.0,0.0,0.0,0.0,0.0,0.0
imprisonment,NOUN,6,C,0.0,0.0,0.0,0.0,0.0,0.0,0.0
investment,NOUN,4,B,0.0,0.0,0.0,0.0,0.0,0.0,0.0
fulfilment,NOUN,6,C,0.0,0.0,0.0,0.0,0.0,0.0,0.0
government,NOUN,4,B,0.0,0.0,0.0,0.0,0.0,0.0,0.0
illness,NOUN,3,B,0.0,0.0,0.0,0.0,0.0,0.0,0.0
fitness,NOUN,3,B,0.0,0.0,0.0,0.0,0.0,0.0,0.0
happiness,NOUN,3,B,0.0,0.0,0.0,0.0,0.0,0.0,0.0
greatness,NOUN,4,B,0.0,0.0,0.0,0.0,0.0,0.0,0.0
investor,NOUN,4,B,0.0,0.0,0.0,0.0,0.0,0.0,0.0
instructor,NOUN,3,B,0.0,0.0,0.0,0.0,0.0,0.0,0.0
inspector,NOUN,4,B,0.0,0.0,0.0,0.0,0.0,0.0,0.0
friendship,NOUN,3,B,0.0,0.0,0.0,0.0,0.0,0.0,0.0
fish,NOUN,1,A,0.0,0.0,0.0,0.0,0.0,0.0,0.0
horse,NOUN,1,A,0.0,0.0,0.0,0.0,0.0,0.0,0.0
insect,NOUN,2,A,0.0,0.0,0.0,0.0,0.0,0.0,0.0
fly,NOUN,3,B,0.0,0.0,0.0,0.0,0.0,0.0,0.0
frog,NOUN,3,B,0.0,0.0,0.0,0.0,0.0,0.0,0.0
giraffe,NOUN,3,B,0.0,0.0,0.0,0.0,0.0,0.0,0.0
goat,NOUN,3,B,0.0,0.0,0.0,0.0,0.0,0.0,0.0
feather,NOUN,4,B,0.0,0.0,0.0,0.0,0.0,0.0,0.0
fox,NOUN,4,B,0.0,0.0,0.0,0.0,0.0,0.0,0.0
horn,NOUN,5,C,0.0,0.0,0.0,0.0,0.0,0.0,0.0
fur,NOUN,3,B,0.0,0.0,0.0,0.0,0.0,0.0,0.0
film,NOUN,1,A,0.0,0.0,0.0,0.0,0.0,0.0,0.0
guitar,NOUN,1,A,0.0,0.0,0.0,0.0,0.0,0.0,0.0
instrument,NOUN,2,A,0.0,0.0,0.0,0.0,0.0,0.0,0.0
festival,NOUN,3,B,0.0,0.0,0.0,0.0,0.0,0.0,0.0
flute,NOUN,3,B,0.0,0.0,0.0,0.0,0.0,0.0,0.0
gallery,NOUN,3,B,0.0,0.0,0.0,0.0,0.0,0.0,0.0
headline,NOUN,3,B,0.0,0.0,0.0,0.0,0.0,0.0,0.0
hero,NOUN,3,B,0.0,0.0,0.0,0.0,0.0,0.0,0.0
guest,NOUN,4,B,0.0,0.0,0.0,0.0,0.0,0.0,0.0
image,NOUN,4,B,0.0,0.0,0.0,0.0,0.0,0.0,0.0
issue,NOUN,4,B,0.0,0.0,0.0,0.0,0.0,0.0,0.0
index,NOUN,5,C,0.0,0.0,0.0,0.0,0.0,0.0,0.0
feature,NOUN,6,C,0.0,0.0,0.0,0.0,0.0,0.0,0.0
flashback,NOUN,6,C,0.0,0.0,0.0,0.0,0.0,0.0,0.0
house,NOUN,6,C,0.0,0.0,0.0,0.0,0.0,0.0,0.0
hip-hop,NOUN,2,A,0.0,0.0,0.0,0.0,0.0,0.0,0.0
fiction,NOUN,3,B,0.0,0.0,0.0,0.0,0.0,0.0,0.0
folk,NOUN,3,B,0.0,0.0,0.0,0.0,0.0,0.0,0.0
harmony,NOUN,6,C,0.0,0.0,0.0,0.0,0.0,0.0,0.0
graphics,NOUN,3,B,0.0,0.0,0.0,0.0,0.0,0.0,0.0
go,VERB,4,B,0.0,0.0,0.0,0.0,0.0,0.0,0.0
foot,NOUN,1,A,0.0,0.0,0.0,0.0,0.0,0.0,0.0
hand,NOUN,1,A,0.0,0.0,0.0,0.0,0.0,0.0,0.0
head,NOUN,1,A,0.0,0.0,0.0,0.0,0.0,0.0,0.0
finger,NOUN,2,A,0.0,0.0,0.0,0.0,0.0,0.0,0.0
headache,NOUN,2,A,0.0,0.0,0.0,0.0,0.0,0.0,0.0
heart,NOUN,2,A,0.0,0.0,0.0,0.0,0.0,0.0,0.0
forehead,NOUN,3,B,0.0,0.0,0.0,0.0,0.0,0.0,0.0
human,NOUN,3,B,0.0,0.0,0.0,0.0,0.0,0.0,0.0
fingernail,NOUN,4,B,0.0,0.0,0.0,0.0,0.0,0.0,0.0
gum,NOUN,4,B,0.0,0.0,0.0,0.0,0.0,0.0,0.0
heel,NOUN,4,B,0.0,0.0,0.0,0.0,0.0,0.0,0.0
hip,NOUN,4,B,0.0,0.0,0.0,0.0,0.0,0.0,0.0
gene,NOUN,5,C,0.0,0.0,0.0,0.0,0.0,0.0,0.0
fist,NOUN,6,C,0.0,0.0,0.0,0.0,0.0,0.0,0.0
health,NOUN,2,A,0.0,0.0,0.0,0.0,0.0,0.0,0.0
flu,NOUN,3,B,0.0,0.0,0.0,0.0,0.0,0.0,0.0
fever,NOUN,3,B,0.0,0.0,0.0,0.0,0.0,0.0,0.0
injury,NOUN,4,B,0.0,0.0,0.0,0.0,0.0,0.0,0.0
hurt,VERB,2,A,0.0,0.0,0.0,0.0,0.0,0.0,0.0
freeze,VERB,4,B,0.0,0.0,0.0,0.0,0.0,0.0,0.0
have,VERB,1,A,0.0,0.0,0.0,0.0,0.0,0.0,0.0
infect,VERB,5,C,0.0,0.0,0.0,0.0,0.0,0.0,0.0
heal,VERB,4,B,0.0,0.0,0.0,0.0,0.0,0.0,0.0
hat,NOUN,1,A,0.0,0.0,0.0,0.0,0.0,0.0,0.0
glove,NOUN,2,A,0.0,0.0,0.0,0.0,0.0,0.0,0.0
handbag,NOUN,2,A,0.0,0.0,0.0,0.0,0.0,0.0,0.0
helmet,NOUN,4,B,0.0,0.0,0.0,0.0,0.0,0.0,0.0
hood,NOUN,4,B,0.0,0.0,0.0,0.0,0.0,0.0,0.0
gear,NOUN,4,B,0.0,0.0,0.0,0.0,0.0,0.0,0.0
glasses,NOUN,1,A,0.0,0.0,0.0,0.0,0.0,0.0,0.0
file,NOUN,2,A,0.0,0.0,0.0,0.0,0.0,0.0,0.0
form,NOUN,2,A,0.0,0.0,0.0,0.0,0.0,0.0,0.0
figure,NOUN,3,B,0.0,0.0,0.0,0.0,0.0,0.0,0.0
guess,NOUN,3,B,0.0,0.0,0.0,0.0,0.0,0.0,0.0
interview,NOUN,3,B,0.0,0.0,0.0,0.0,0.0,0.0,0.0
fight,NOUN,4,B,0.0,0.0,0.0,0.0,0.0,0.0,0.0
graph,NOUN,4,B,0.0,0.0,0.0,0.0,0.0,0.0,0.0
handout,NOUN,4,B,0.0,0.0,0.0,0.0,0.0,0.0,0.0
hint,NOUN,4,B,0.0,0.0,0.0,0.0,0.0,0.0,0.0
hyphen,NOUN,4,B,0.0,0.0,0.0,0.0,0.0,0.0,0.0
idiom,NOUN,4,B,0.0,0.0,0.0,0.0,0.0,0.0,0.0
insult,NOUN,4,B,0.0,0.0,0.0,0.0,0.0,0.0,0.0
groan,NOUN,6,C,0.0,0.0,0.0,0.0,0.0,0.0,0.0
grammar,NOUN,2,A,0.0,0.0,0.0,0.0,0.0,0.0,0.0
feedback,NOUN,4,B,0.0,0.0,0.0,0.0,0.0,0.0,0.0
fluency,NOUN,4,B,0.0,0.0,0.0,0.0,0.0,0.0,0.0
gossip,NOUN,4,B,0.0,0.0,0.0,0.0,0.0,0.0,0.0
ID,NOUN,2,A,0.0,0.0,0.0,0.0,0.0,0.0,0.0
ink,NOUN,3,B,0.0,0.0,0.0,0.0,0.0,0.0,0.0
implication,NOUN,6,C,0.0,0.0,0.0,0.0,0.0,0.0,0.0
insist,VERB,3,B,0.0,0.0,0.0,0.0,0.0,0.0,0.0
fight,VERB,4,B,0.0,0.0,0.0,0.0,0.0,0.0,0.0
gossip,VERB,4,B,0.0,0.0,0.0,0.0,0.0,0.0,0.0
groan,VERB,6,C,0.0,0.0,0.0,0.0,0.0,0.0,0.0
invite,VERB,1,A,0.0,0.0,0.0,0.0,0.0,0.0,0.0
give,VERB,2,A,0.0,0.0,0.0,0.0,0.0,0.0,0.0
greet,VERB,3,B,0.0,0.0,0.0,0.0,0.0,0.0,0.0
inform,VERB,3,B,0.0,0.0,0.0,0.0,0.0,0.0,0.0
guarantee,VERB,4,B,0.0,0.0,0.0,0.0,0.0,0.0,0.0
highlight,VERB,4,B,0.0,0.0,0.0,0.0,0.0,0.0,0.0
indicate,VERB,4,B,0.0,0.0,0.0,0.0,0.0,0.0,0.0
insult,VERB,4,B,0.0,0.0,0.0,0.0,0.0,0.0,0.0
invent,VERB,4,B,0.0,0.0,0.0,0.0,0.0,0.0,0.0
illustrate,VERB,5,C,0.0,0.0,0.0,0.0,0.0,0.0,0.0
instruct,VERB,5,C,0.0,0.0,0.0,0.0,0.0,0.0,0.0
interpret,VERB,5,C,0.0,0.0,0.0,0.0,0.0,0.0,0.0
imply,VERB,6,C,0.0,0.0,0.0,0.0,0.0,0.0,0.0
introduce,VERB,6,C,0.0,0.0,0.0,0.0,0.0,0.0,0.0
guess,VERB,2,A,0.0,0.0,0.0,0.0,0.0,0.0,0.0
forgive,VERB,3,B,0.0,0.0,0.0,0.0,0.0,0.0,0.0
hear,VERB,3,B,0.0,0.0,0.0,0.0,0.0,0.0,0.0
interrupt,VERB,3,B,0.0,0.0,0.0,0.0,0.0,0.0,0.0
inquire,VERB,4,B,0.0,0.0,0.0,0.0,0.0,0.0,0.0
guilt,NOUN,4,B,0.0,0.0,0.0,0.0,0.0,0.0,0.0
gram,NOUN,2,A,0.0,0.0,0.0,0.0,0.0,0.0,0.0
inch,NOUN,3,B,0.0,0.0,0.0,0.0,0.0,0.0,0.0
glass,NOUN,1,A,0.0,0.0,0.0,0.0,0.0,0.0,0.0
green,NOUN,2,A,0.0,0.0,0.0,0.0,0.0,0.0,0.0
grey,NOUN,2,A,0.0,0.0,0.0,0.0,0.0,0.0,0.0
height,NOUN,3,B,0.0,0.0,0.0,0.0,0.0,0.0,0.0
increase,NOUN,4,B,0.0,0.0,0.0,0.0,0.0,0.0,0.0
increase,VERB,3,B,0.0,0.0,0.0,0.0,0.0,0.0,0.0
grade,NOUN,3,B,0.0,0.0,0.0,0.0,0.0,0.0,0.0
field,NOUN,4,B,0.0,0.0,0.0,0.0,0.0,0.0,0.0
graduate,NOUN,4,B,0.0,0.0,0.0,0.0,0.0,0.0,0.0
homework,NOUN,1,A,0.0,0.0,0.0,0.0,0.0,0.0,0.0
history,NOUN,2,A,0.0,0.0,0.0,0.0,0.0,0.0,0.0
gym,NOUN,3,B,0.0,0.0,0.0,0.0,0.0,0.0,0.0
graduate,VERB,4,B,0.0,0.0,0.0,0.0,0.0,0.0,0.0
fork,NOUN,2,A,0.0,0.0,0.0,0.0,0.0,0.0,0.0
fridge,NOUN,2,A,0.0,0.0,0.0,0.0,0.0,0.0,0.0
grape,NOUN,2,A,0.0,0.0,0.0,0.0,0.0,0.0,0.0
grill,NOUN,3,B,0.0,0.0,0.0,0.0,0.0,0.0,0.0
feast,NOUN,5,C,0.0,0.0,0.0,0.0,0.0,0.0,0.0
garlic,NOUN,2,A,0.0,0.0,0.0,0.0,0.0,0.0,0.0
ham,NOUN,2,A,0.0,0.0,0.0,0.0,0.0,0.0,0.0
honey,NOUN,2,A,0.0,0.0,0.0,0.0,0.0,0.0,0.0
flour,NOUN,3,B,0.0,0.0,0.0,0.0,0.0,0.0,0.0
hunger,NOUN,3,B,0.0,0.0,0.0,0.0,0.0,0.0,0.0
fibre,NOUN,5,C,0.0,0.0,0.0,0.0,0.0,0.0,0.0
food,NOUN,1,A,0.0,0.0,0.0,0.0,0.0,0.0,0.0
fruit,NOUN,1,A,0.0,0.0,0.0,0.0,0.0,0.0,0.0
flavour,NOUN,3,B,0.0,0.0,0.0,0.0,0.0,0.0,0.0
grill,VERB,3,B,0.0,0.0,0.0,0.0,0.0,0.0,0.0
fry,VERB,3,B,0.0,0.0,0.0,0.0,0.0,0.0,0.0
flat,NOUN,1,A,0.0,0.0,0.0,0.0,0.0,0.0,0.0
garden,NOUN,1,A,0.0,0.0,0.0,0.0,0.0,4.1e-05,4.1e-05
floor,NOUN,2,A,9.3e-05,0.000102,0.000109,0.000102,0.000101,9.9e-05,9.6e-05
garage,NOUN,2,A,9e-06,1e-05,1.1e-05,1e-05,9e-06,9e-06,8e-06
gate,NOUN,2,A,2.6e-05,2.7e-05,2.8e-05,2.7e-05,3.1e-05,3.3e-05,3.1e-05
hall,NOUN,2,A,3.4e-05,3.7e-05,4e-05,3.7e-05,3.8e-05,3.9e-05,4e-05
frame,NOUN,3,B,4.2e-05,4e-05,3.8e-05,3.8e-05,3.8e-05,3.7e-05,3.6e-05
hut,NOUN,3,B,6e-06,6e-06,6e-06,6e-06,6e-06,7e-06,7e-06
iron,NOUN,3,B,3.7e-05,3.5e-05,3.4e-05,3.5e-05,3.5e-05,3.6e-05,3.6e-05
fence,NOUN,4,B,1.2e-05,1.3e-05,1.4e-05,1.3e-05,1.3e-05,1.3e-05,1.2e-05
hook,NOUN,4,B,7e-06,8e-06,9e-06,8e-06,7e-06,7e-06,7e-06
furniture,NOUN,2,A,1.4e-05,1.5e-05,1.5e-05,1.5e-05,1.5e-05,1.5e-05,1.5e-05
flesh,NOUN,6,C,2.8e-05,3.1e-05,3.4e-05,3.2e-05,3.3e-05,3.5e-05,3.2e-05
home,NOUN,1,A,0.00028,0.000297,0.000312,0.0003,0.000292,0.000288,0.000289
fee,NOUN,3,B,1.7e-05,1.6e-05,1.5e-05,1.5e-05,1.3e-05,1.2e-05,1.2e-05
grant,NOUN,3,B,1.4e-05,1.4e-05,1.2e-05,1.1e-05,1e-05,9e-06,1e-05
fortune,NOUN,4,B,1.3e-05,1.4e-05,1.5e-05,1.5e-05,1.6e-05,1.9e-05,2e-05
fund,NOUN,5,C,1.8e-05,1.7e-05,1.7e-05,1.8e-05,1.6e-05,1.4e-05,1.4e-05
finance,NOUN,4,B,1.4e-05,1.4e-05,1.4e-05,1.5e-05,1.5e-05,1.2e-05,0.0
interest,NOUN,5,C,0.0,0.0,0.0,0.0,0.0,0.0,0.0
fund,VERB,5,C,0.0,0.0,0.0,0.0,0.0,0.0,0.0
flower,NOUN,1,A,0.0,0.0,0.0,0.0,0.0,0.0,0.0
hill,NOUN,2,A,0.0,0.0,0.0,0.0,0.0,0.0,0.0
island,NOUN,2,A,0.0,0.0,0.0,0.0,0.0,0.0,0.0
flood,NOUN,3,B,0.0,0.0,0.0,0.0,0.0,0.0,0.0
forecast,NOUN,3,B,0.0,0.0,0.0,0.0,0.0,0.0,0.0
hedge,NOUN,4,B,0.0,0.0,0.0,0.0,0.0,0.0,0.0
habitat,NOUN,5,C,0.0,0.0,0.0,0.0,0.0,0.0,0.0
iceberg,NOUN,5,C,0.0,0.0,0.0,0.0,0.0,0.0,0.0
grass,NOUN,1,A,0.0,0.0,0.0,0.0,0.0,0.0,0.0
geography,NOUN,2,A,0.0,0.0,0.0,0.0,0.0,0.0,0.0
gold,NOUN,2,A,0.0,0.0,0.0,0.0,0.0,0.0,0.0
ice,NOUN,2,A,0.0,0.0,0.0,0.0,0.0,0.0,0.0
heat,NOUN,3,B,0.0,0.0,0.0,0.0,0.0,0.0,0.0
ground,NOUN,4,B,0.0,0.0,0.0,0.0,0.0,0.0,0.0
hail,NOUN,6,C,0.0,0.0,0.0,0.0,0.0,0.0,0.0
fog,NOUN,2,A,0.0,0.0,0.0,0.0,0.0,0.0,0.0
forest,NOUN,2,A,0.0,0.0,0.0,0.0,0.0,0.0,0.0
frost,NOUN,4,B,0.0,0.0,0.0,0.0,0.0,0.0,0.0
gas,NOUN,4,B,0.0,0.0,0.0,0.0,0.0,0.0,0.0
harvest,NOUN,4,B,0.0,0.0,0.0,0.0,0.0,0.0,0.0
grow,VERB,2,A,0.0,0.0,0.0,0.0,0.0,0.0,0.0
flood,VERB,3,B,0.0,0.0,0.0,0.0,0.0,0.0,0.0
hug,NOUN,3,B,0.0,0.0,0.0,0.0,0.0,0.0,0.0
glance,NOUN,4,B,0.0,0.0,0.0,0.0,0.0,0.0,0.0
go,NOUN,4,B,0.0,0.0,0.0,0.0,0.0,0.0,0.0
help,NOUN,2,A,0.0,0.0,0.0,0.0,0.0,0.0,0.0
housework,NOUN,3,B,0.0,0.0,0.0,0.0,0.0,0.0,0.0
habit,NOUN,3,B,0.0,0.0,0.0,0.0,0.0,0.0,0.0
grip,NOUN,4,B,0.0,0.0,0.0,0.0,0.0,0.0,0.0
hold,NOUN,4,B,0.0,0.0,0.0,0.0,0.0,0.0,0.0
gaze,NOUN,6,C,0.0,0.0,0.0,0.0,0.0,0.0,0.0
fish,VERB,3,B,0.0,0.0,0.0,0.0,0.0,0.0,0.0
hide,VERB,3,B,0.0,0.0,0.0,0.0,0.0,0.0,0.0
hesitate,VERB,4,B,0.0,0.0,0.0,0.0,0.0,0.0,0.0
giggle,VERB,6,C,0.0,0.0,0.0,0.0,0.0,0.0,0.0
glare,VERB,6,C,0.0,0.0,0.0,0.0,0.0,0.0,0.0
grin,VERB,6,C,0.0,0.0,0.0,0.0,0.0,0.0,0.0
find,VERB,1,A,0.0,0.0,0.0,0.0,0.0,0.0,0.0
hold,VERB,2,A,0.0,0.0,0.0,0.0,0.0,0.0,0.0
fetch,VERB,3,B,0.0,0.0,0.0,0.0,0.0,0.0,0.0
finish,VERB,3,B,0.0,0.0,0.0,0.0,0.0,0.0,0.0
fix,VERB,3,B,0.0,0.0,0.0,0.0,0.0,0.0,0.0
follow,VERB,3,B,0.0,0.0,0.0,0.0,0.0,0.0,0.0
form,VERB,3,B,0.0,0.0,0.0,0.0,0.0,0.0,0.0
hand,VERB,3,B,0.0,0.0,0.0,0.0,0.0,0.0,0.0
handle,VERB,3,B,0.0,0.0,0.0,0.0,0.0,0.0,0.0
hug,VERB,3,B,0.0,0.0,0.0,0.0,0.0,0.0,0.0
imagine,VERB,3,B,0.0,0.0,0.0,0.0,0.0,0.0,0.0
install,VERB,3,B,0.0,0.0,0.0,0.0,0.0,0.0,0.0
fit,VERB,4,B,0.0,0.0,0.0,0.0,0.0,0.0,0.0
forbid,VERB,4,B,0.0,0.0,0.0,0.0,0.0,0.0,0.0
force,VERB,4,B,0.0,0.0,0.0,0.0,0.0,0.0,0.0
found,VERB,4,B,0.0,0.0,0.0,0.0,0.0,0.0,0.0
free,VERB,4,B,0.0,0.0,0.0,0.0,0.0,0.0,0.0
gather,VERB,4,B,0.0,0.0,0.0,0.0,0.0,0.0,0.0
grip,VERB,4,B,0.0,0.0,0.0,0.0,0.0,0.0,0.0
guard,VERB,4,B,0.0,0.0,0.0,0.0,0.0,0.0,0.0
identify,VERB,4,B,0.0,0.0,0.0,0.0,0.0,0.0,0.0
ignore,VERB,4,B,0.0,0.0,0.0,0.0,0.0,0.0,0.0
implement,VERB,4,B,0.0,0.0,0.0,0.0,0.0,0.0,0.0
grasp,VERB,5,C,0.0,0.0,0.0,0.0,0.0,0.0,0.0
imitate,VERB,5,C,0.0,0.0,0.0,0.0,0.0,0.0,0.0
impose,VERB,5,C,0.0,0.0,0.0,0.0,0.0,0.0,0.0
inspect,VERB,5,C,0.0,0.0,0.0,0.0,0.0,0.0,0.0
haul,VERB,6,C,0.0,0.0,0.0,0.0,0.0,0.0,0.0
initiate,VERB,6,C,0.0,0.0,0.0,0.0,0.0,0.0,0.0
help,VERB,1,A,0.0,0.0,0.0,0.0,0.0,0.0,0.0
fill,VERB,2,A,0.0,0.0,0.0,0.0,0.0,0.0,0.0
hurry,VERB,2,A,0.0,0.0,0.0,0.0,0.0,0.0,0.0
improve,VERB,2,A,0.0,0.0,0.0,0.0,0.0,0.0,0.0
fold,VERB,3,B,0.0,0.0,0.0,0.0,0.0,0.0,0.0
grab,VERB,3,B,0.0,0.0,0.0,0.0,0.0,0.0,0.0
hang,VERB,3,B,0.0,0.0,0.0,0.0,0.0,0.0,0.0
iron,VERB,3,B,0.0,0.0,0.0,0.0,0.0,0.0,0.0
fire,VERB,4,B,0.0,0.0,0.0,0.0,0.0,0.0,0.0
hunt,VERB,4,B,0.0,0.0,0.0,0.0,0.0,0.0,0.0
invest,VERB,4,B,0.0,0.0,0.0,0.0,0.0,0.0,0.0
flee,VERB,5,C,0.0,0.0,0.0,0.0,0.0,0.0,0.0
girl,NOUN,1,A,0.0,0.0,0.0,0.0,0.0,0.0,0.0
haircut,NOUN,3,B,0.0,0.0,0.0,0.0,0.0,0.0,0.0
grown-up,NOUN,4,B,0.0,0.0,0.0,0.0,0.0,0.0,0.0
fringe,NOUN,6,C,0.0,0.0,0.0,0.0,0.0,0.0,0.0
hair,NOUN,1,A,0.0,0.0,0.0,0.0,0.0,0.0,0.0
favourite,NOUN,3,B,0.0,0.0,0.0,0.0,0.0,0.0,0.0
fool,NOUN,3,B,0.0,0.0,0.0,0.0,0.0,0.0,0.0
idea,NOUN,3,B,0.0,0.0,0.0,0.0,0.0,0.0,0.0
gentleman,NOUN,4,B,0.0,0.0,0.0,0.0,0.0,0.0,0.0
idiot,NOUN,4,B,0.0,0.0,0.0,0.0,0.0,0.0,0.0
fun,NOUN,1,A,0.0,0.0,0.0,0.0,0.0,0.0,0.0
force,NOUN,4,B,0.0,0.0,0.0,0.0,0.0,0.0,0.0
grief,NOUN,4,B,0.0,0.0,0.0,0.0,0.0,0.0,0.0
honesty,NOUN,4,B,0.0,0.0,0.0,0.0,0.0,0.0,0.0
honour,NOUN,4,B,0.0,0.0,0.0,0.0,0.0,0.0,0.0
horror,NOUN,4,B,0.0,0.0,0.0,0.0,0.0,0.0,0.0
humour,NOUN,4,B,0.0,0.0,0.0,0.0,0.0,0.0,0.0
hatred,NOUN,5,C,0.0,0.0,0.0,0.0,0.0,0.0,0.0
initiative,NOUN,5,C,0.0,0.0,0.0,0.0,0.0,0.0,0.0
hypocrisy,NOUN,6,C,0.0,0.0,0.0,0.0,0.0,0.0,0.0
fear,NOUN,3,B,0.0,0.0,0.0,0.0,0.0,0.0,0.0
hope,NOUN,3,B,0.0,0.0,0.0,0.0,0.0,0.0,0.0
freedom,NOUN,4,B,0.0,0.0,0.0,0.0,0.0,0.0,0.0
hate,VERB,2,A,0.0,0.0,0.0,0.0,0.0,0.0,0.0
interest,VERB,3,B,0.0,0.0,0.0,0.0,0.0,0.0,0.0
fear,VERB,4,B,0.0,0.0,0.0,0.0,0.0,0.0,0.0
feel,VERB,4,B,0.0,0.0,0.0,0.0,0.0,0.0,0.0
impress,VERB,4,B,0.0,0.0,0.0,0.0,0.0,0.0,0.0
inspire,VERB,4,B,0.0,0.0,0.0,0.0,0.0,0.0,0.0
irritate,VERB,5,C,0.0,0.0,0.0,0.0,0.0,0.0,0.0
hope,VERB,2,A,0.0,0.0,0.0,0.0,0.0,0.0,0.0
friend,NOUN,1,A,0.0,0.0,0.0,0.0,0.0,0.0,0.0
husband,NOUN,1,A,0.0,0.0,0.0,0.0,0.0,0.0,0.0
girlfriend,NOUN,2,A,0.0,0.0,0.0,0.0,0.0,0.0,0.0
grandchild,NOUN,2,A,0.0,0.0,0.0,0.0,0.0,0.0,0.0
granddaughter,NOUN,2,A,0.0,0.0,0.0,0.0,0.0,0.0,0.0
grandfather,NOUN,2,A,0.0,0.0,0.0,0.0,0.0,0.0,0.0
grandmother,NOUN,2,A,0.0,0.0,0.0,0.0,0.0,0.0,0.0
grandparent,NOUN,2,A,0.0,0.0,0.0,0.0,0.0,0.0,0.0
grandson,NOUN,2,A,0.0,0.0,0.0,0.0,0.0,0.0,0.0
groom,NOUN,3,B,0.0,0.0,0.0,0.0,0.0,0.0,0.0
funeral,NOUN,4,B,0.0,0.0,0.0,0.0,0.0,0.0,0.0
host,NOUN,4,B,0.0,0.0,0.0,0.0,0.0,0.0,0.0
football,NOUN,1,A,0.0,0.0,0.0,0.0,0.0,0.0,0.0
game,NOUN,1,A,0.0,0.0,0.0,0.0,0.0,0.0,0.0
goal,NOUN,2,A,0.0,0.0,0.0,0.0,0.0,0.0,0.0
hobby,NOUN,2,A,0.0,0.0,0.0,0.0,0.0,0.0,0.0
final,NOUN,3,B,0.0,0.0,0.0,0.0,0.0,0.0,0.0
foul,NOUN,6,C,0.0,0.0,0.0,0.0,0.0,0.0,0.0
golf,NOUN,2,A,0.0,0.0,0.0,0.0,0.0,0.0,0.0
hockey,NOUN,2,A,0.0,0.0,0.0,0.0,0.0,0.0,0.0
gymnastics,NOUN,3,B,0.0,0.0,0.0,0.0,0.0,0.0,0.0
guarantee,NOUN,4,B,0.0,0.0,0.0,0.0,0.0,0.0,0.0
goods,NOUN,3,B,0.0,0.0,0.0,0.0,0.0,0.0,0.0
folder,NOUN,3,B,0.0,0.0,0.0,0.0,0.0,0.0,0.0
hit,NOUN,4,B,0.0,0.0,0.0,0.0,0.0,0.0,0.0
icon,NOUN,4,B,0.0,0.0,0.0,0.0,0.0,0.0,0.0
IT,NOUN,2,A,0.0,0.0,0.0,0.0,0.0,0.0,0.0
hardware,NOUN,3,B,0.0,0.0,0.0,0.0,0.0,0.0,0.0
flash,NOUN,4,B,0.0,0.0,0.0,0.0,0.0,0.0,0.0
generate,VERB,4,B,0.0,0.0,0.0,0.0,0.0,0.0,0.0
Google,VERB,4,B,0.0,0.0,0.0,0.0,0.0,0.0,0.0
flight,NOUN,2,A,0.0,0.0,0.0,0.0,0.0,0.0,0.0
guidebook,NOUN,2,A,0.0,0.0,0.0,0.0,0.0,0.0,0.0
helicopter,NOUN,2,A,0.0,0.0,0.0,0.0,0.0,0.0,0.0
ferry,NOUN,3,B,0.0,0.0,0.0,0.0,0.0,0.0,0.0
harbour,NOUN,3,B,0.0,0.0,0.0,0.0,0.0,0.0,0.0
holiday,NOUN,1,A,0.0,0.0,0.0,0.0,0.0,0.0,0.0
fly,VERB,1,A,0.0,0.0,0.0,0.0,0.0,0.0,0.0
guide,NOUN,2,A,0.0,0.0,0.0,0.0,0.0,0.0,0.0
firm,NOUN,3,B,0.0,0.0,0.0,0.0,0.0,0.0,0.0
guard,NOUN,3,B,0.0,0.0,0.0,0.0,0.0,0.0,0.0
industry,NOUN,3,B,0.0,0.0,0.0,0.0,0.0,0.0,0.0
fisherman,NOUN,4,B,0.0,0.0,0.0,0.0,0.0,0.0,0.0
giant,NOUN,6,C,0.0,0.0,0.0,0.0,0.0,0.0,0.0
head,VERB,4,B,0.0,0.0,0.0,0.0,0.0,0.0,0.0
haunt,VERB,4,B,0.0,0.0,0.0,0.0,0.0,0.0,0.0
indifference,NOUN,6,C,0.0,0.0,0.0,0.0,0.0,0.0,0.0
inconvenience,NOUN,5,C,0.0,0.0,0.0,0.0,0.0,0.0,0.0
interference,NOUN,5,C,0.0,0.0,0.0,0.0,0.0,0.0,0.0
integration,NOUN,5,C,0.0,0.0,0.0,0.0,0.0,0.0,0.0
inclusion,NOUN,5,C,0.0,0.0,0.0,0.0,0.0,0.0,0.0
inhibition,NOUN,6,C,0.0,0.0,0.0,0.0,0.0,0.0,0.0
intrusion,NOUN,6,C,0.0,0.0,0.0,0.0,0.0,0.0,0.0
intervention,NOUN,6,C,0.0,0.0,0.0,0.0,0.0,0.0,0.0
impossibility,NOUN,6,C,0.0,0.0,0.0,0.0,0.0,0.0,0.0
inferiority,NOUN,6,C,0.0,0.0,0.0,0.0,0.0,0.0,0.0
insecurity,NOUN,6,C,0.0,0.0,0.0,0.0,0.0,0.0,0.0
inequality,NOUN,6,C,0.0,0.0,0.0,0.0,0.0,0.0,0.0
inability,NOUN,5,C,0.0,0.0,0.0,0.0,0.0,0.0,0.0
import,VERB,4,B,0.0,0.0,0.0,0.0,0.0,0.0,0.0
inferior,NOUN,6,C,0.0,0.0,0.0,0.0,0.0,0.0,0.0
influx,NOUN,6,C,0.0,0.0,0.0,0.0,0.0,0.0,0.0
inaccuracy,NOUN,5,C,0.0,0.0,0.0,0.0,0.0,0.0,0.0
injustice,NOUN,5,C,0.0,0.0,0.0,0.0,0.0,0.0,0.0
insight,NOUN,5,C,0.0,0.0,0.0,0.0,0.0,0.0,0.0
intrude,VERB,6,C,0.0,0.0,0.0,0.0,0.0,0.0,0.0
inherit,VERB,6,C,0.0,0.0,0.0,0.0,0.0,0.0,0.0
integrate,VERB,5,C,0.0,0.0,0.0,0.0,0.0,0.0,0.0
interact,VERB,4,B,0.0,0.0,0.0,0.0,0.0,0.0,0.0
importance,NOUN,3,B,0.0,0.0,0.0,0.0,0.0,0.0,0.0
inheritance,NOUN,6,C,0.0,0.0,0.0,0.0,0.0,0.0,0.0
headteacher,NOUN,2,A,0.0,0.0,0.0,0.0,0.0,0.0,0.0
foreigner,NOUN,3,B,0.0,0.0,0.0,0.0,0.0,0.0,0.0
hairdresser,NOUN,3,B,0.0,0.0,0.0,0.0,0.0,0.0,0.0
hairdryer,NOUN,3,B,0.0,0.0,0.0,0.0,0.0,0.0,0.0
gardener,NOUN,4,B,0.0,0.0,0.0,0.0,0.0,0.0,0.0
follower,NOUN,6,C,0.0,0.0,0.0,0.0,0.0,0.0,0.0
founder,NOUN,6,C,0.0,0.0,0.0,0.0,0.0,0.0,0.0
further,VERB,6,C,0.0,0.0,0.0,0.0,0.0,0.0,0.0
gardening,NOUN,4,B,0.0,0.0,0.0,0.0,0.0,0.0,0.0
hunting,NOUN,4,B,0.0,0.0,0.0,0.0,0.0,0.0,0.0
housing,NOUN,5,C,0.0,0.0,0.0,0.0,0.0,0.0,0.0
foundation,NOUN,5,C,0.0,0.0,0.0,0.0,0.0,0.0,0.0
fraction,NOUN,6,C,0.0,0.0,0.0,0.0,0.0,0.0,0.0
imitation,NOUN,6,C,0.0,0.0,0.0,0.0,0.0,0.0,0.0
industrialization,NOUN,5,C,0.0,0.0,0.0,0.0,0.0,0.0,0.0
isolation,NOUN,5,C,0.0,0.0,0.0,0.0,0.0,0.0,0.0
implementation,NOUN,6,C,0.0,0.0,0.0,0.0,0.0,0.0,0.0
invention,NOUN,3,B,0.0,0.0,0.0,0.0,0.0,0.0,0.0
intention,NOUN,4,B,0.0,0.0,0.0,0.0,0.0,0.0,0.0
interruption,NOUN,4,B,0.0,0.0,0.0,0.0,0.0,0.0,0.0
investigation,NOUN,4,B,0.0,0.0,0.0,0.0,0.0,0.0,0.0
generalization,NOUN,5,C,0.0,0.0,0.0,0.0,0.0,0.0,0.0
indication,NOUN,5,C,0.0,0.0,0.0,0.0,0.0,0.0,0.0
innovation,NOUN,5,C,0.0,0.0,0.0,0.0,0.0,0.0,0.0
inspection,NOUN,5,C,0.0,0.0,0.0,0.0,0.0,0.0,0.0
hesitation,NOUN,6,C,0.0,0.0,0.0,0.0,0.0,0.0,0.0
inclination,NOUN,6,C,0.0,0.0,0.0,0.0,0.0,0.0,0.0
intuition,NOUN,6,C,0.0,0.0,0.0,0.0,0.0,0.0,0.0
guitarist,NOUN,3,B,0.0,0.0,0.0,0.0,0.0,0.0,0.0
flexibility,NOUN,4,B,0.0,0.0,0.0,0.0,0.0,0.0,0.0
individuality,NOUN,6,C,0.0,0.0,0.0,0.0,0.0,0.0,0.0
intensity,NOUN,6,C,0.0,0.0,0.0,0.0,0.0,0.0,0.0
imperative,NOUN,4,B,0.0,0.0,0.0,0.0,0.0,0.0,0.0
generalize,VERB,5,C,0.0,0.0,0.0,0.0,0.0,0.0,0.0
improvement,NOUN,3,B,0.0,0.0,0.0,0.0,0.0,0.0,0.0
harassment,NOUN,5,C,0.0,0.0,0.0,0.0,0.0,0.0,0.0
involvement,NOUN,4,B,0.0,0.0,0.0,0.0,0.0,0.0,0.0
friendliness,NOUN,4,B,0.0,0.0,0.0,0.0,0.0,0.0,0.0
forgiveness,NOUN,6,C,0.0,0.0,0.0,0.0,0.0,0.0,0.0
goodness,NOUN,6,C,0.0,0.0,0.0,0.0,0.0,0.0,0.0
homelessness,NOUN,6,C,0.0,0.0,0.0,0.0,0.0,0.0,0.0
inventor,NOUN,4,B,0.0,0.0,0.0,0.0,0.0,0.0,0.0
investigator,NOUN,4,B,0.0,0.0,0.0,0.0,0.0,0.0,0.0
indicator,NOUN,6,C,0.0,0.0,0.0,0.0,0.0,0.0,0.0
hardship,NOUN,5,C,0.0,0.0,0.0,0.0,0.0,0.0,0.0
gambling,NOUN,4,B,0.0,0.0,0.0,0.0,0.0,0.0,0.0
hotel,NOUN,1,A,0.0,0.0,0.0,0.0,0.0,0.0,0.0
hour,NOUN,1,A,0.0,0.0,0.0,0.0,0.0,0.0,0.0
gift,NOUN,2,A,0.0,0.0,0.0,0.0,0.0,0.0,0.0
housewife,NOUN,2,A,0.0,0.0,0.0,0.0,0.0,0.0,0.0
favour,NOUN,3,B,0.0,0.0,0.0,0.0,0.0,0.0,0.0
fifth,NOUN,3,B,0.0,0.0,0.0,0.0,0.0,0.0,0.0
film-maker,NOUN,3,B,0.0,0.0,0.0,0.0,0.0,0.0,0.0
fine,NOUN,3,B,0.0,0.0,0.0,0.0,0.0,0.0,0.0
finish,NOUN,3,B,0.0,0.0,0.0,0.0,0.0,0.0,0.0
fire,NOUN,3,B,0.0,0.0,0.0,0.0,0.0,0.0,0.0
firework,NOUN,3,B,0.0,0.0,0.0,0.0,0.0,0.0,0.0
flag,NOUN,3,B,0.0,0.0,0.0,0.0,0.0,0.0,0.0
fountain,NOUN,3,B,0.0,0.0,0.0,0.0,0.0,0.0,0.0
gap,NOUN,3,B,0.0,0.0,0.0,0.0,0.0,0.0,0.0
gun,NOUN,3,B,0.0,0.0,0.0,0.0,0.0,0.0,0.0
handkerchief,NOUN,3,B,0.0,0.0,0.0,0.0,0.0,0.0,0.0
herb,NOUN,3,B,0.0,0.0,0.0,0.0,0.0,0.0,0.0
hole,NOUN,3,B,0.0,0.0,0.0,0.0,0.0,0.0,0.0
honeymoon,NOUN,3,B,0.0,0.0,0.0,0.0,0.0,0.0,0.0
hostel,NOUN,3,B,0.0,0.0,0.0,0.0,0.0,0.0,0.0
infinitive,NOUN,3,B,0.0,0.0,0.0,0.0,0.0,0.0,0.0
fault,NOUN,4,B,0.0,0.0,0.0,0.0,0.0,0.0,0.0
female,NOUN,4,B,0.0,0.0,0.0,0.0,0.0,0.0,0.0
flame,NOUN,4,B,0.0,0.0,0.0,0.0,0.0,0.0,0.0
function,NOUN,4,B,0.0,0.0,0.0,0.0,0.0,0.0,0.0
grave,NOUN,4,B,0.0,0.0,0.0,0.0,0.0,0.0,0.0
hammer,NOUN,4,B,0.0,0.0,0.0,0.0,0.0,0.0,0.0
handle,NOUN,4,B,0.0,0.0,0.0,0.0,0.0,0.0,0.0
highlight,NOUN,4,B,0.0,0.0,0.0,0.0,0.0,0.0,0.0
immigrant,NOUN,4,B,0.0,0.0,0.0,0.0,0.0,0.0,0.0
incident,NOUN,4,B,0.0,0.0,0.0,0.0,0.0,0.0,0.0
individual,NOUN,4,B,0.0,0.0,0.0,0.0,0.0,0.0,0.0
institute,NOUN,4,B,0.0,0.0,0.0,0.0,0.0,0.0,0.0
interior,NOUN,4,B,0.0,0.0,0.0,0.0,0.0,0.0,0.0
flaw,NOUN,5,C,0.0,0.0,0.0,0.0,0.0,0.0,0.0
fleet,NOUN,5,C,0.0,0.0,0.0,0.0,0.0,0.0,0.0
footstep,NOUN,5,C,0.0,0.0,0.0,0.0,0.0,0.0,0.0
format,NOUN,5,C,0.0,0.0,0.0,0.0,0.0,0.0,0.0
formula,NOUN,5,C,0.0,0.0,0.0,0.0,0.0,0.0,0.0
gadget,NOUN,5,C,0.0,0.0,0.0,0.0,0.0,0.0,0.0
gathering,NOUN,5,C,0.0,0.0,0.0,0.0,0.0,0.0,0.0
genius,NOUN,5,C,0.0,0.0,0.0,0.0,0.0,0.0,0.0
gerund,NOUN,5,C,0.0,0.0,0.0,0.0,0.0,0.0,0.0
gesture,NOUN,5,C,0.0,0.0,0.0,0.0,0.0,0.0,0.0
glimpse,NOUN,5,C,0.0,0.0,0.0,0.0,0.0,0.0,0.0
hazard,NOUN,5,C,0.0,0.0,0.0,0.0,0.0,0.0,0.0
heading,NOUN,5,C,0.0,0.0,0.0,0.0,0.0,0.0,0.0
historian,NOUN,5,C,0.0,0.0,0.0,0.0,0.0,0.0,0.0
idol,NOUN,5,C,0.0,0.0,0.0,0.0,0.0,0.0,0.0
instance,NOUN,5,C,0.0,0.0,0.0,0.0,0.0,0.0,0.0
feat,NOUN,6,C,0.0,0.0,0.0,0.0,0.0,0.0,0.0
filter,NOUN,6,C,0.0,0.0,0.0,0.0,0.0,0.0,0.0
fireplace,NOUN,6,C,0.0,0.0,0.0,0.0,0.0,0.0,0.0
forgery,NOUN,6,C,0.0,0.0,0.0,0.0,0.0,0.0,0.0
framework,NOUN,6,C,0.0,0.0,0.0,0.0,0.0,0.0,0.0
fraud,NOUN,6,C,0.0,0.0,0.0,0.0,0.0,0.0,0.0
frown,NOUN,6,C,0.0,0.0,0.0,0.0,0.0,0.0,0.0
future,NOUN,6,C,0.0,0.0,0.0,0.0,0.0,0.0,0.0
gamble,NOUN,6,C,0.0,0.0,0.0,0.0,0.0,0.0,0.0
gasp,NOUN,6,C,0.0,0.0,0.0,0.0,0.0,0.0,0.0
glare,NOUN,6,C,0.0,0.0,0.0,0.0,0.0,0.0,0.0
grin,NOUN,6,C,0.0,0.0,0.0,0.0,0.0,0.0,0.0
gulf,NOUN,6,C,0.0,0.0,0.0,0.0,0.0,0.0,0.0
heir,NOUN,6,C,0.0,0.0,0.0,0.0,0.0,0.0,0.0
hierarchy,NOUN,6,C,0.0,0.0,0.0,0.0,0.0,0.0,0.0
horizon,NOUN,6,C,0.0,0.0,0.0,0.0,0.0,0.0,0.0
hostage,NOUN,6,C,0.0,0.0,0.0,0.0,0.0,0.0,0.0
hypothesis,NOUN,6,C,0.0,0.0,0.0,0.0,0.0,0.0,0.0
illusion,NOUN,6,C,0.0,0.0,0.0,0.0,0.0,0.0,0.0
impulse,NOUN,6,C,0.0,0.0,0.0,0.0,0.0,0.0,0.0
instruction,NOUN,6,C,0.0,0.0,0.0,0.0,0.0,0.0,0.0
handball,NOUN,3,B,0.0,0.0,0.0,0.0,0.0,0.0,0.0
genetics,NOUN,4,B,0.0,0.0,0.0,0.0,0.0,0.0,0.0
good,NOUN,4,B,0.0,0.0,0.0,0.0,0.0,0.0,0.0
harm,NOUN,4,B,0.0,0.0,0.0,0.0,0.0,0.0,0.0
friction,NOUN,5,C,0.0,0.0,0.0,0.0,0.0,0.0,0.0
geology,NOUN,5,C,0.0,0.0,0.0,0.0,0.0,0.0,0.0
glamour,NOUN,5,C,0.0,0.0,0.0,0.0,0.0,0.0,0.0
globalization,NOUN,5,C,0.0,0.0,0.0,0.0,0.0,0.0,0.0
glory,NOUN,5,C,0.0,0.0,0.0,0.0,0.0,0.0,0.0
grace,NOUN,5,C,0.0,0.0,0.0,0.0,0.0,0.0,0.0
greed,NOUN,5,C,0.0,0.0,0.0,0.0,0.0,0.0,0.0
hate,NOUN,5,C,0.0,0.0,0.0,0.0,0.0,0.0,0.0
hygiene,NOUN,5,C,0.0,0.0,0.0,0.0,0.0,0.0,0.0
flair,NOUN,6,C,0.0,0.0,0.0,0.0,0.0,0.0,0.0
focus,NOUN,6,C,0.0,0.0,0.0,0.0,0.0,0.0,0.0
glue,NOUN,6,C,0.0,0.0,0.0,0.0,0.0,0.0,0.0
heritage,NOUN,6,C,0.0,0.0,0.0,0.0,0.0,0.0,0.0
infancy,NOUN,6,C,0.0,0.0,0.0,0.0,0.0,0.0,0.0
February,NOUN,1,A,0.0,0.0,0.0,0.0,0.0,0.0,0.0
Friday,NOUN,1,A,0.0,0.0,0.0,0.0,0.0,0.0,0.0
hospital,NOUN,1,A,0.0,0.0,0.0,0.0,0.0,0.0,0.0
fuel,NOUN,3,B,0.0,0.0,0.0,0.0,0.0,0.0,0.0
income,NOUN,4,B,0.0,0.0,0.0,0.0,0.0,0.0,0.0
gain,NOUN,5,C,0.0,0.0,0.0,0.0,0.0,0.0,0.0
fluid,NOUN,6,C,0.0,0.0,0.0,0.0,0.0,0.0,0.0
fragrance,NOUN,6,C,0.0,0.0,0.0,0.0,0.0,0.0,0.0
incentive,NOUN,6,C,0.0,0.0,0.0,0.0,0.0,0.0,0.0
instinct,NOUN,6,C,0.0,0.0,0.0,0.0,0.0,0.0,0.0
intellect,NOUN,6,C,0.0,0.0,0.0,0.0,0.0,0.0,0.0
fumes,NOUN,5,C,0.0,0.0,0.0,0.0,0.0,0.0,0.0
grounds,NOUN,6,C,0.0,0.0,0.0,0.0,0.0,0.0,0.0
flow,NOUN,5,C,0.0,0.0,0.0,0.0,0.0,0.0,0.0
glow,NOUN,6,C,0.0,0.0,0.0,0.0,0.0,0.0,0.0
grasp,NOUN,6,C,0.0,0.0,0.0,0.0,0.0,0.0,0.0
happen,VERB,2,A,0.0,0.0,0.0,0.0,0.0,0.0,0.0
float,VERB,3,B,0.0,0.0,0.0,0.0,0.0,0.0,0.0
flow,VERB,3,B,0.0,0.0,0.0,0.0,0.0,0.0,0.0
hitchhike,VERB,3,B,0.0,0.0,0.0,0.0,0.0,0.0,0.0
feed,VERB,5,C,0.0,0.0,0.0,0.0,0.0,0.0,0.0
hop,VERB,5,C,0.0,0.0,0.0,0.0,0.0,0.0,0.0
flourish,VERB,6,C,0.0,0.0,0.0,0.0,0.0,0.0,0.0
fluctuate,VERB,6,C,0.0,0.0,0.0,0.0,0.0,0.0,0.0
frown,VERB,6,C,0.0,0.0,0.0,0.0,0.0,0.0,0.0
gasp,VERB,6,C,0.0,0.0,0.0,0.0,0.0,0.0,0.0
gesture,VERB,6,C,0.0,0.0,0.0,0.0,0.0,0.0,0.0
glow,VERB,6,C,0.0,0.0,0.0,0.0,0.0,0.0,0.0
forget,VERB,2,A,0.0,0.0,0.0,0.0,0.0,0.0,0.0
include,VERB,2,A,0.0,0.0,0.0,0.0,0.0,0.0,0.0
fax,VERB,3,B,0.0,0.0,0.0,0.0,0.0,0.0,0.0
gain,VERB,3,B,0.0,0.0,0.0,0.0,0.0,0.0,0.0
guide,VERB,3,B,0.0,0.0,0.0,0.0,0.0,0.0,0.0
hire,VERB,3,B,0.0,0.0,0.0,0.0,0.0,0.0,0.0
injure,VERB,3,B,0.0,0.0,0.0,0.0,0.0,0.0,0.0
intend,VERB,3,B,0.0,0.0,0.0,0.0,0.0,0.0,0.0
interview,VERB,3,B,0.0,0.0,0.0,0.0,0.0,0.0,0.0
involve,VERB,3,B,0.0,0.0,0.0,0.0,0.0,0.0,0.0
finance,VERB,4,B,0.0,0.0,0.0,0.0,0.0,0.0,0.0
fine,VERB,4,B,0.0,0.0,0.0,0.0,0.0,0.0,0.0
fool,VERB,4,B,0.0,0.0,0.0,0.0,0.0,0.0,0.0
frighten,VERB,4,B,0.0,0.0,0.0,0.0,0.0,0.0,0.0
foresee,VERB,5,C,0.0,0.0,0.0,0.0,0.0,0.0,0.0
group,VERB,5,C,0.0,0.0,0.0,0.0,0.0,0.0,0.0
host,VERB,5,C,0.0,0.0,0.0,0.0,0.0,0.0,0.0
imprison,VERB,5,C,0.0,0.0,0.0,0.0,0.0,0.0,0.0
favour,VERB,6,C,0.0,0.0,0.0,0.0,0.0,0.0,0.0
figure,VERB,6,C,0.0,0.0,0.0,0.0,0.0,0.0,0.0
filter,VERB,6,C,0.0,0.0,0.0,0.0,0.0,0.0,0.0
formulate,VERB,6,C,0.0,0.0,0.0,0.0,0.0,0.0,0.0
glue,VERB,6,C,0.0,0.0,0.0,0.0,0.0,0.0,0.0
grace,VERB,6,C,0.0,0.0,0.0,0.0,0.0,0.0,0.0
hinder,VERB,6,C,0.0,0.0,0.0,0.0,0.0,0.0,0.0
house,VERB,6,C,0.0,0.0,0.0,0.0,0.0,0.0,0.0
incorporate,VERB,6,C,0.0,0.0,0.0,0.0,0.0,0.0,0.0
incur,VERB,6,C,0.0,0.0,0.0,0.0,0.0,0.0,0.0
indulge,VERB,6,C,0.0,0.0,0.0,0.0,0.0,0.0,0.0
film,VERB,3,B,0.0,0.0,0.0,0.0,0.0,0.0,0.0
feature,VERB,4,B,0.0,0.0,0.0,0.0,0.0,0.0,0.0
flash,VERB,4,B,0.0,0.0,0.0,0.0,0.0,0.0,0.0
govern,VERB,4,B,0.0,0.0,0.0,0.0,0.0,0.0,0.0
investigate,VERB,4,B,0.0,0.0,0.0,0.0,0.0,0.0,0.0
flatten,VERB,6,C,0.0,0.0,0.0,0.0,0.0,0.0,0.0
gamble,VERB,6,C,0.0,0.0,0.0,0.0,0.0,0.0,0.0
hum,VERB,6,C,0.0,0.0,0.0,0.0,0.0,0.0,0.0
intensify,VERB,6,C,0.0,0.0,0.0,0.0,0.0,0.0,0.0
ghost,NOUN,3,B,0.0,0.0,0.0,0.0,0.0,0.0,0.0
god,NOUN,4,B,0.0,0.0,0.0,0.0,0.0,0.0,0.0
hell,NOUN,4,B,0.0,0.0,0.0,0.0,0.0,0.0,0.0
impolite,ADJ,4,B,0.0,0.0,0.0,0.0,0.0,0.0,0.0
incredible,ADJ,3,B,0.0,0.0,0.0,0.0,0.0,0.0,0.0
industrious,ADJ,6,C,0.0,0.0,0.0,0.0,0.0,0.0,0.0
frozen,ADJ,3,B,0.0,0.0,0.0,0.0,0.0,0.0,0.0
great,ADJ,1,A,0.0,0.0,0.0,0.0,0.0,0.0,0.0
half,NOUN,4,B,0.0,0.0,0.0,0.0,0.0,0.0,0.0
full,ADJ,4,B,0.0,0.0,0.0,0.0,0.0,0.0,0.0
golden,ADJ,2,A,0.0,0.0,0.0,0.0,0.0,0.0,0.0
inseparable,ADJ,6,C,0.0,0.0,0.0,0.0,0.0,0.0,0.0
insane,ADJ,5,C,0.0,0.0,0.0,0.0,0.0,0.0,0.0
irregular,ADJ,3,B,0.0,0.0,0.0,0.0,0.0,0.0,0.0
fraudulent,ADJ,6,C,0.0,0.0,0.0,0.0,0.0,0.0,0.0
imperative,ADJ,6,C,0.0,0.0,0.0,0.0,0.0,0.0,0.0
formerly,ADV,4,B,0.0,0.0,0.0,0.0,0.0,0.0,0.0
handy,ADJ,6,C,0.0,0.0,0.0,0.0,0.0,0.0,0.0
ill,ADJ,5,C,0.0,0.0,0.0,0.0,0.0,0.0,0.0
foremost,ADJ,6,C,0.0,0.0,0.0,0.0,0.0,0.0,0.0
indeed,ADV,6,C,0.0,0.0,0.0,0.0,0.0,0.0,0.0
intent,NOUN,6,C,0.0,0.0,0.0,0.0,0.0,0.0,0.0
fun,ADJ,2,A,0.0,0.0,0.0,0.0,0.0,0.0,0.0
heavenly,ADJ,5,C,0.0,0.0,0.0,0.0,0.0,0.0,0.0
hot,ADJ,5,C,0.0,0.0,0.0,0.0,0.0,0.0,0.0
incurable,ADJ,6,C,0.0,0.0,0.0,0.0,0.0,0.0,0.0
intolerable,ADJ,6,C,0.0,0.0,0.0,0.0,0.0,0.0,0.0
illegal,ADJ,4,B,0.0,0.0,0.0,0.0,0.0,0.0,0.0
impersonal,ADJ,5,C,0.0,0.0,0.0,0.0,0.0,0.0,0.0
irrational,ADJ,6,C,0.0,0.0,0.0,0.0,0.0,0.0,0.0
insignificant,ADJ,5,C,0.0,0.0,0.0,0.0,0.0,0.0,0.0
intolerant,ADJ,6,C,0.0,0.0,0.0,0.0,0.0,0.0,0.0
inexperienced,ADJ,4,B,0.0,0.0,0.0,0.0,0.0,0.0,0.0
inedible,ADJ,5,C,0.0,0.0,0.0,0.0,0.0,0.0,0.0
irresponsible,ADJ,4,B,0.0,0.0,0.0,0.0,0.0,0.0,0.0
injection,NOUN,6,C,0.0,0.0,0.0,0.0,0.0,0.0,0.0
inclusive,ADJ,5,C,0.0,0.0,0.0,0.0,0.0,0.0,0.0
insensitive,ADJ,5,C,0.0,0.0,0.0,0.0,0.0,0.0,0.0
interactive,ADJ,5,C,0.0,0.0,0.0,0.0,0.0,0.0,0.0
illegally,ADV,4,B,0.0,0.0,0.0,0.0,0.0,0.0,0.0
impatiently,ADV,4,B,0.0,0.0,0.0,0.0,0.0,0.0,0.0
incredibly,ADV,4,B,0.0,0.0,0.0,0.0,0.0,0.0,0.0
implicit,ADJ,6,C,0.0,0.0,0.0,0.0,0.0,0.0,0.0
impatient,ADJ,4,B,0.0,0.0,0.0,0.0,0.0,0.0,0.0
immature,ADJ,6,C,0.0,0.0,0.0,0.0,0.0,0.0,0.0
inadequate,ADJ,5,C,0.0,0.0,0.0,0.0,0.0,0.0,0.0
inferior,ADJ,5,C,0.0,0.0,0.0,0.0,0.0,0.0,0.0
insecure,ADJ,5,C,0.0,0.0,0.0,0.0,0.0,0.0,0.0
inconsiderate,ADJ,6,C,0.0,0.0,0.0,0.0,0.0,0.0,0.0
inhuman,ADJ,6,C,0.0,0.0,0.0,0.0,0.0,0.0,0.0
innate,ADJ,6,C,0.0,0.0,0.0,0.0,0.0,0.0,0.0
favourable,ADJ,4,B,0.0,0.0,0.0,0.0,0.0,0.0,0.0
formidable,ADJ,6,C,0.0,0.0,0.0,0.0,0.0,0.0,0.0
grammatical,ADJ,6,C,0.0,0.0,0.0,0.0,0.0,0.0,0.0
hierarchical,ADJ,6,C,0.0,0.0,0.0,0.0,0.0,0.0,0.0
financial,ADJ,3,B,0.0,0.0,0.0,0.0,0.0,0.0,0.0
global,ADJ,4,B,0.0,0.0,0.0,0.0,0.0,0.0,0.0
intellectual,ADJ,4,B,0.0,0.0,0.0,0.0,0.0,0.0,0.0
hysterical,ADJ,5,C,0.0,0.0,0.0,0.0,0.0,0.0,0.0
hypocritical,ADJ,6,C,0.0,0.0,0.0,0.0,0.0,0.0,0.0
intellectual,NOUN,6,C,0.0,0.0,0.0,0.0,0.0,0.0,0.0
industrial,ADJ,4,B,0.0,0.0,0.0,0.0,0.0,0.0,0.0
important,ADJ,1,A,0.0,0.0,0.0,0.0,0.0,0.0,0.0
inhabitant,NOUN,4,B,0.0,0.0,0.0,0.0,0.0,0.0,0.0
injured,ADJ,4,B,0.0,0.0,0.0,0.0,0.0,0.0,0.0
flawed,ADJ,6,C,0.0,0.0,0.0,0.0,0.0,0.0,0.0
fried,ADJ,2,A,0.0,0.0,0.0,0.0,0.0,0.0,0.0
grilled,ADJ,2,A,0.0,0.0,0.0,0.0,0.0,0.0,0.0
interested,ADJ,2,A,0.0,0.0,0.0,0.0,0.0,0.0,0.0
frightened,ADJ,3,B,0.0,0.0,0.0,0.0,0.0,0.0,0.0
impressed,ADJ,4,B,0.0,0.0,0.0,0.0,0.0,0.0,0.0
irritated,ADJ,4,B,0.0,0.0,0.0,0.0,0.0,0.0,0.0
gifted,ADJ,5,C,0.0,0.0,0.0,0.0,0.0,0.0,0.0
fluent,ADJ,4,B,0.0,0.0,0.0,0.0,0.0,0.0,0.0
innocent,ADJ,4,B,0.0,0.0,0.0,0.0,0.0,0.0,0.0
intelligent,ADJ,3,B,0.0,0.0,0.0,0.0,0.0,0.0,0.0
independent,ADJ,4,B,0.0,0.0,0.0,0.0,0.0,0.0,0.0
harmful,ADJ,4,B,0.0,0.0,0.0,0.0,0.0,0.0,0.0
graceful,ADJ,5,C,0.0,0.0,0.0,0.0,0.0,0.0,0.0
grateful,ADJ,3,B,0.0,0.0,0.0,0.0,0.0,0.0,0.0
helpful,ADJ,3,B,0.0,0.0,0.0,0.0,0.0,0.0,0.0
hopeful,ADJ,3,B,0.0,0.0,0.0,0.0,0.0,0.0,0.0
forceful,ADJ,6,C,0.0,0.0,0.0,0.0,0.0,0.0,0.0
genetic,ADJ,5,C,0.0,0.0,0.0,0.0,0.0,0.0,0.0
heroic,ADJ,5,C,0.0,0.0,0.0,0.0,0.0,0.0,0.0
idealistic,ADJ,5,C,0.0,0.0,0.0,0.0,0.0,0.0,0.0
gymnastic,ADJ,4,B,0.0,0.0,0.0,0.0,0.0,0.0,0.0
growing,ADJ,4,B,0.0,0.0,0.0,0.0,0.0,0.0,0.0
intriguing,ADJ,6,C,0.0,0.0,0.0,0.0,0.0,0.0,0.0
freezing,ADJ,3,B,0.0,0.0,0.0,0.0,0.0,0.0,0.0
good-looking,ADJ,2,A,0.0,0.0,0.0,0.0,0.0,0.0,0.0
interesting,ADJ,1,A,0.0,0.0,0.0,0.0,0.0,0.0,0.0
frightening,ADJ,3,B,0.0,0.0,0.0,0.0,0.0,0.0,0.0
irritating,ADJ,4,B,0.0,0.0,0.0,0.0,0.0,0.0,0.0
frustrating,ADJ,5,C,0.0,0.0,0.0,0.0,0.0,0.0,0.0
foolish,ADJ,4,B,0.0,0.0,0.0,0.0,0.0,0.0,0.0
impressive,ADJ,4,B,0.0,0.0,0.0,0.0,0.0,0.0,0.0
imaginative,ADJ,5,C,0.0,0.0,0.0,0.0,0.0,0.0,0.0
impulsive,ADJ,6,C,0.0,0.0,0.0,0.0,0.0,0.0,0.0
harmless,ADJ,4,B,0.0,0.0,0.0,0.0,0.0,0.0,0.0
faultless,ADJ,6,C,0.0,0.0,0.0,0.0,0.0,0.0,0.0
flawless,ADJ,6,C,0.0,0.0,0.0,0.0,0.0,0.0,0.0
hopeless,ADJ,3,B,0.0,0.0,0.0,0.0,0.0,0.0,0.0
fearless,ADJ,6,C,0.0,0.0,0.0,0.0,0.0,0.0,0.0
finally,ADV,3,B,0.0,0.0,0.0,0.0,0.0,0.0,0.0
fortunately,ADV,3,B,0.0,0.0,0.0,0.0,0.0,0.0,0.0
fully,ADV,3,B,0.0,0.0,0.0,0.0,0.0,0.0,0.0
generally,ADV,3,B,0.0,0.0,0.0,0.0,0.0,0.0,0.0
heavily,ADV,3,B,0.0,0.0,0.0,0.0,0.0,0.0,0.0
honestly,ADV,3,B,0.0,0.0,0.0,0.0,0.0,0.0,0.0
hopefully,ADV,3,B,0.0,0.0,0.0,0.0,0.0,0.0,0.0
firstly,ADV,4,B,0.0,0.0,0.0,0.0,0.0,0.0,0.0
fluently,ADV,4,B,0.0,0.0,0.0,0.0,0.0,0.0,0.0
frankly,ADV,4,B,0.0,0.0,0.0,0.0,0.0,0.0,0.0
greatly,ADV,4,B,0.0,0.0,0.0,0.0,0.0,0.0,0.0
highly,ADV,5,C,0.0,0.0,0.0,0.0,0.0,0.0,0.0
incidentally,ADV,5,C,0.0,0.0,0.0,0.0,0.0,0.0,0.0
financially,ADV,4,B,0.0,0.0,0.0,0.0,0.0,0.0,0.0
globally,ADV,4,B,0.0,0.0,0.0,0.0,0.0,0.0,0.0
happily,ADV,3,B,0.0,0.0,0.0,0.0,0.0,0.0,0.0
foolishly,ADV,4,B,0.0,0.0,0.0,0.0,0.0,0.0,0.0
furiously,ADV,4,B,0.0,0.0,0.0,0.0,0.0,0.0,0.0
gently,ADV,4,B,0.0,0.0,0.0,0.0,0.0,0.0,0.0
icily,ADV,6,C,0.0,0.0,0.0,0.0,0.0,0.0,0.0
intellectually,ADV,6,C,0.0,0.0,0.0,0.0,0.0,0.0,0.0
intensely,ADV,6,C,0.0,0.0,0.0,0.0,0.0,0.0,0.0
generous,ADJ,3,B,0.0,0.0,0.0,0.0,0.0,0.0,0.0
furious,ADJ,4,B,0.0,0.0,0.0,0.0,0.0,0.0,0.0
healthy,ADJ,2,A,0.0,0.0,0.0,0.0,0.0,0.0,0.0
guilty,ADJ,4,B,0.0,0.0,0.0,0.0,0.0,0.0,0.0
faulty,ADJ,4,B,0.0,0.0,0.0,0.0,0.0,0.0,0.0
filthy,ADJ,5,C,0.0,0.0,0.0,0.0,0.0,0.0,0.0
hungry,ADJ,1,A,0.0,0.0,0.0,0.0,0.0,0.0,0.0
fatty,ADJ,5,C,0.0,0.0,0.0,0.0,0.0,0.0,0.0
foggy,ADJ,2,A,0.0,0.0,0.0,0.0,0.0,0.0,0.0
icy,ADJ,3,B,0.0,0.0,0.0,0.0,0.0,0.0,0.0
funny,ADJ,1,A,0.0,0.0,0.0,0.0,0.0,0.0,0.0
greedy,ADJ,4,B,0.0,0.0,0.0,0.0,0.0,0.0,0.0
fussy,ADJ,6,C,0.0,0.0,0.0,0.0,0.0,0.0,0.0
group,NOUN,1,A,0.0,0.0,0.0,0.0,0.0,0.0,0.0
fine,ADJ,1,A,0.0,0.0,0.0,0.0,0.0,0.0,0.0
good,ADJ,1,A,0.0,0.0,0.0,0.0,0.0,0.0,0.0
fit,ADJ,2,A,0.0,0.0,0.0,0.0,0.0,0.0,0.0
human,ADJ,3,B,0.0,0.0,0.0,0.0,0.0,0.0,0.0
hurt,ADJ,3,B,0.0,0.0,0.0,0.0,0.0,0.0,0.0
feeble,ADJ,6,C,0.0,0.0,0.0,0.0,0.0,0.0,0.0
fresh,ADJ,6,C,0.0,0.0,0.0,0.0,0.0,0.0,0.0
how,ADV,2,A,0.0,0.0,0.0,0.0,0.0,0.0,0.0
germ,NOUN,5,C,0.0,0.0,0.0,0.0,0.0,0.0,0.0
itch,VERB,4,B,0.0,0.0,0.0,0.0,0.0,0.0,0.0
flat,ADJ,3,B,0.0,0.0,0.0,0.0,0.0,0.0,0.0
here,ADV,1,A,0.0,0.0,0.0,0.0,0.0,0.0,0.0
hardly,ADV,3,B,0.0,0.0,0.0,0.0,0.0,0.0,0.0
furthermore,ADV,4,B,0.0,0.0,0.0,0.0,0.0,0.0,0.0
initial,NOUN,3,B,0.0,0.0,0.0,0.0,0.0,0.0,0.0
guideline,NOUN,5,C,0.0,0.0,0.0,0.0,0.0,0.0,0.0
issue,VERB,6,C,0.0,0.0,0.0,0.0,0.0,0.0,0.0
green,ADJ,1,A,0.0,0.0,0.0,0.0,0.0,0.0,0.0
grey,ADJ,1,A,0.0,0.0,0.0,0.0,0.0,0.0,0.0
gold,ADJ,2,A,0.0,0.0,0.0,0.0,0.0,0.0,0.0
happy,ADJ,2,A,0.0,0.0,0.0,0.0,0.0,0.0,0.0
hard,ADJ,2,A,0.0,0.0,0.0,0.0,0.0,0.0,0.0
heavy,ADJ,2,A,0.0,0.0,0.0,0.0,0.0,0.0,0.0
high,ADJ,2,A,0.0,0.0,0.0,0.0,0.0,0.0,0.0
horrible,ADJ,2,A,0.0,0.0,0.0,0.0,0.0,0.0,0.0
indoor,ADJ,2,A,0.0,0.0,0.0,0.0,0.0,0.0,0.0
front,ADJ,3,B,0.0,0.0,0.0,0.0,0.0,0.0,0.0
gentle,ADJ,3,B,0.0,0.0,0.0,0.0,0.0,0.0,0.0
giant,ADJ,3,B,0.0,0.0,0.0,0.0,0.0,0.0,0.0
huge,ADJ,3,B,0.0,0.0,0.0,0.0,0.0,0.0,0.0
individual,ADJ,3,B,0.0,0.0,0.0,0.0,0.0,0.0,0.0
fierce,ADJ,4,B,0.0,0.0,0.0,0.0,0.0,0.0,0.0
firm,ADJ,4,B,0.0,0.0,0.0,0.0,0.0,0.0,0.0
genuine,ADJ,4,B,0.0,0.0,0.0,0.0,0.0,0.0,0.0
ideal,ADJ,4,B,0.0,0.0,0.0,0.0,0.0,0.0,0.0
inaccurate,ADJ,4,B,0.0,0.0,0.0,0.0,0.0,0.0,0.0
inconvenient,ADJ,4,B,0.0,0.0,0.0,0.0,0.0,0.0,0.0
inner,ADJ,4,B,0.0,0.0,0.0,0.0,0.0,0.0,0.0
inside,ADJ,4,B,0.0,0.0,0.0,0.0,0.0,0.0,0.0
harsh,ADJ,5,C,0.0,0.0,0.0,0.0,0.0,0.0,0.0
immense,ADJ,5,C,0.0,0.0,0.0,0.0,0.0,0.0,0.0
intense,ADJ,5,C,0.0,0.0,0.0,0.0,0.0,0.0,0.0
fluid,ADJ,6,C,0.0,0.0,0.0,0.0,0.0,0.0,0.0
fragile,ADJ,6,C,0.0,0.0,0.0,0.0,0.0,0.0,0.0
fragrant,ADJ,6,C,0.0,0.0,0.0,0.0,0.0,0.0,0.0
grim,ADJ,6,C,0.0,0.0,0.0,0.0,0.0,0.0,0.0
in,ADV,2,A,0.0,0.0,0.0,0.0,0.0,0.0,0.0
inside,ADV,2,A,0.0,0.0,0.0,0.0,0.0,0.0,0.0
high,ADV,3,B,0.0,0.0,0.0,0.0,0.0,0.0,0.0
indoors,ADV,3,B,0.0,0.0,0.0,0.0,0.0,0.0,0.0
fine,ADV,4,B,0.0,0.0,0.0,0.0,0.0,0.0,0.0
flat,ADV,4,B,0.0,0.0,0.0,0.0,0.0,0.0,0.0
inside,NOUN,4,B,0.0,0.0,0.0,0.0,0.0,0.0,0.0
ingredient,NOUN,3,B,0.0,0.0,0.0,0.0,0.0,0.0,0.0
grain,NOUN,6,C,0.0,0.0,0.0,0.0,0.0,0.0,0.0
first-floor,ADJ,3,B,0.0,0.0,0.0,0.0,0.0,0.0,0.0
infrastructure,NOUN,5,C,0.0,0.0,0.0,0.0,0.0,0.0,0.0
free,ADJ,2,A,0.0,0.0,0.0,0.0,0.0,0.0,0.0
gross,ADJ,5,C,0.0,0.0,0.0,0.0,0.0,0.0,0.0
free,ADV,2,A,0.0,0.0,0.0,0.0,0.0,0.0,0.0
humid,ADJ,3,B,0.0,0.0,0.0,0.0,0.0,0.0,0.0
fertile,ADJ,6,C,0.0,0.0,0.0,0.0,0.0,0.0,0.0
hail,VERB,6,C,0.0,0.0,0.0,0.0,0.0,0.0,0.0
hunt,NOUN,5,C,0.0,0.0,0.0,0.0,0.0,0.0,0.0
harm,VERB,4,B,0.0,0.0,0.0,0.0,0.0,0.0,0.0
handsome,ADJ,3,B,0.0,0.0,0.0,0.0,0.0,0.0,0.0
grown-up,ADJ,4,B,0.0,0.0,0.0,0.0,0.0,0.0,0.0
favourite,ADJ,1,A,0.0,0.0,0.0,0.0,0.0,0.0,0.0
glad,ADJ,2,A,0.0,0.0,0.0,0.0,0.0,0.0,0.0
honest,ADJ,3,B,0.0,0.0,0.0,0.0,0.0,0.0,0.0
fond,ADJ,4,B,0.0,0.0,0.0,0.0,0.0,0.0,0.0
fearful,ADJ,6,C,0.0,0.0,0.0,0.0,0.0,0.0,0.0
humble,ADJ,6,C,0.0,0.0,0.0,0.0,0.0,0.0,0.0
idle,ADJ,6,C,0.0,0.0,0.0,0.0,0.0,0.0,0.0
immune,ADJ,6,C,0.0,0.0,0.0,0.0,0.0,0.0,0.0
irritable,ADJ,6,C,0.0,0.0,0.0,0.0,0.0,0.0,0.0
generously,ADV,4,B,0.0,0.0,0.0,0.0,0.0,0.0,0.0
fuss,NOUN,5,C,0.0,0.0,0.0,0.0,0.0,0.0,0.0
fury,NOUN,6,C,0.0,0.0,0.0,0.0,0.0,0.0,0.0
gay,ADJ,3,B,0.0,0.0,0.0,0.0,0.0,0.0,0.0
fellow,ADJ,4,B,0.0,0.0,0.0,0.0,0.0,0.0,0.0
intimate,ADJ,6,C,0.0,0.0,0.0,0.0,0.0,0.0,0.0
household,NOUN,4,B,0.0,0.0,0.0,0.0,0.0,0.0,0.0
hand-held,ADJ,3,B,0.0,0.0,0.0,0.0,0.0,0.0,0.0
high-tech,ADJ,4,B,0.0,0.0,0.0,0.0,0.0,0.0,0.0
hi-tech,ADJ,4,B,0.0,0.0,0.0,0.0,0.0,0.0,0.0
full-time,ADJ,3,B,0.0,0.0,0.0,0.0,0.0,0.0,0.0
inevitable,ADJ,5,C,0.0,0.0,0.0,0.0,0.0,0.0,0.0
invaluable,ADJ,5,C,0.0,0.0,0.0,0.0,0.0,0.0,0.0
inconceivable,ADJ,6,C,0.0,0.0,0.0,0.0,0.0,0.0,0.0
indispensable,ADJ,6,C,0.0,0.0,0.0,0.0,0.0,0.0,0.0
indisputable,ADJ,6,C,0.0,0.0,0.0,0.0,0.0,0.0,0.0
inexplicable,ADJ,6,C,0.0,0.0,0.0,0.0,0.0,0.0,0.0
innumerable,ADJ,6,C,0.0,0.0,0.0,0.0,0.0,0.0,0.0
immoral,ADJ,4,B,0.0,0.0,0.0,0.0,0.0,0.0,0.0
informal,ADJ,4,B,0.0,0.0,0.0,0.0,0.0,0.0,0.0
internal,ADJ,4,B,0.0,0.0,0.0,0.0,0.0,0.0,0.0
international,ADJ,2,A,0.0,0.0,0.0,0.0,0.0,0.0,0.0
insufficient,ADJ,5,C,0.0,0.0,0.0,0.0,0.0,0.0,0.0
indifferent,ADJ,6,C,0.0,0.0,0.0,0.0,0.0,0.0,0.0
impossible,ADJ,3,B,0.0,0.0,0.0,0.0,0.0,0.0,0.0
irresistible,ADJ,6,C,0.0,0.0,0.0,0.0,0.0,0.0,0.0
irreversible,ADJ,6,C,0.0,0.0,0.0,0.0,0.0,0.0,0.0
intrinsic,ADJ,6,C,0.0,0.0,0.0,0.0,0.0,0.0,0.0
inexpensive,ADJ,3,B,0.0,0.0,0.0,0.0,0.0,0.0,0.0
indirectly,ADV,5,C,0.0,0.0,0.0,0.0,0.0,0.0,0.0
inevitably,ADV,5,C,0.0,0.0,0.0,0.0,0.0,0.0,0.0
informally,ADV,5,C,0.0,0.0,0.0,0.0,0.0,0.0,0.0
invariably,ADV,6,C,0.0,0.0,0.0,0.0,0.0,0.0,0.0
internationally,ADV,3,B,0.0,0.0,0.0,0.0,0.0,0.0,0.0
illiterate,ADJ,6,C,0.0,0.0,0.0,0.0,0.0,0.0,0.0
imperfect,ADJ,5,C,0.0,0.0,0.0,0.0,0.0,0.0,0.0
immortal,ADJ,6,C,0.0,0.0,0.0,0.0,0.0,0.0,0.0
inappropriate,ADJ,5,C,0.0,0.0,0.0,0.0,0.0,0.0,0.0
indirect,ADJ,5,C,0.0,0.0,0.0,0.0,0.0,0.0,0.0
inefficient,ADJ,5,C,0.0,0.0,0.0,0.0,0.0,0.0,0.0
integral,ADJ,5,C,0.0,0.0,0.0,0.0,0.0,0.0,0.0
intermediate,ADJ,3,B,0.0,0.0,0.0,0.0,0.0,0.0,0.0
hospitable,ADJ,5,C,0.0,0.0,0.0,0.0,0.0,0.0,0.0
historical,ADJ,3,B,0.0,0.0,0.0,0.0,0.0,0.0,0.0
functional,ADJ,4,B,0.0,0.0,0.0,0.0,0.0,0.0,0.0
gradual,ADJ,4,B,0.0,0.0,0.0,0.0,0.0,0.0,0.0
identical,ADJ,4,B,0.0,0.0,0.0,0.0,0.0,0.0,0.0
horizontal,ADJ,5,C,0.0,0.0,0.0,0.0,0.0,0.0,0.0
influential,ADJ,5,C,0.0,0.0,0.0,0.0,0.0,0.0,0.0
fictional,ADJ,6,C,0.0,0.0,0.0,0.0,0.0,0.0,0.0
fundamental,ADJ,6,C,0.0,0.0,0.0,0.0,0.0,0.0,0.0
fixed,ADJ,4,B,0.0,0.0,0.0,0.0,0.0,0.0,0.0
improved,ADJ,4,B,0.0,0.0,0.0,0.0,0.0,0.0,0.0
frustrated,ADJ,5,C,0.0,0.0,0.0,0.0,0.0,0.0,0.0
furnished,ADJ,5,C,0.0,0.0,0.0,0.0,0.0,0.0,0.0
honoured,ADJ,5,C,0.0,0.0,0.0,0.0,0.0,0.0,0.0
industrialized,ADJ,5,C,0.0,0.0,0.0,0.0,0.0,0.0,0.0
isolated,ADJ,5,C,0.0,0.0,0.0,0.0,0.0,0.0,0.0
horrified,ADJ,6,C,0.0,0.0,0.0,0.0,0.0,0.0,0.0
humiliated,ADJ,6,C,0.0,0.0,0.0,0.0,0.0,0.0,0.0
influence,VERB,4,B,0.0,0.0,0.0,0.0,0.0,0.0,0.0
further,ADJ,2,A,0.0,0.0,0.0,0.0,0.0,0.0,0.0
further,ADV,3,B,0.0,0.0,0.0,0.0,0.0,0.0,0.0
fruitful,ADJ,5,C,0.0,0.0,0.0,0.0,0.0,0.0,0.0
flexible,ADJ,4,B,0.0,0.0,0.0,0.0,0.0,0.0,0.0
invisible,ADJ,4,B,0.0,0.0,0.0,0.0,0.0,0.0,0.0
feasible,ADJ,5,C,0.0,0.0,0.0,0.0,0.0,0.0,0.0
historic,ADJ,3,B,0.0,0.0,0.0,0.0,0.0,0.0,0.0
ironic,ADJ,6,C,0.0,0.0,0.0,0.0,0.0,0.0,0.0
forthcoming,ADJ,4,B,0.0,0.0,0.0,0.0,0.0,0.0,0.0
gripping,ADJ,5,C,0.0,0.0,0.0,0.0,0.0,0.0,0.0
fulfilling,ADJ,6,C,0.0,0.0,0.0,0.0,0.0,0.0,0.0
horrifying,ADJ,6,C,0.0,0.0,0.0,0.0,0.0,0.0,0.0
humiliating,ADJ,6,C,0.0,0.0,0.0,0.0,0.0,0.0,0.0
formation,NOUN,6,C,0.0,0.0,0.0,0.0,0.0,0.0,0.0
interpretation,NOUN,6,C,0.0,0.0,0.0,0.0,0.0,0.0,0.0
intensive,ADJ,4,B,0.0,0.0,0.0,0.0,0.0,0.0,0.0
informative,ADJ,5,C,0.0,0.0,0.0,0.0,0.0,0.0,0.0
innovative,ADJ,5,C,0.0,0.0,0.0,0.0,0.0,0.0,0.0
helpless,ADJ,5,C,0.0,0.0,0.0,0.0,0.0,0.0,0.0
homeless,ADJ,5,C,0.0,0.0,0.0,0.0,0.0,0.0,0.0
hourly,ADJ,4,B,0.0,0.0,0.0,0.0,0.0,0.0,0.0
immediately,ADV,2,A,0.0,0.0,0.0,0.0,0.0,0.0,0.0
frequently,ADV,3,B,0.0,0.0,0.0,0.0,0.0,0.0,0.0
finely,ADV,4,B,0.0,0.0,0.0,0.0,0.0,0.0,0.0
firmly,ADV,4,B,0.0,0.0,0.0,0.0,0.0,0.0,0.0
freely,ADV,4,B,0.0,0.0,0.0,0.0,0.0,0.0,0.0
gradually,ADV,4,B,0.0,0.0,0.0,0.0,0.0,0.0,0.0
ideally,ADV,4,B,0.0,0.0,0.0,0.0,0.0,0.0,0.0
importantly,ADV,4,B,0.0,0.0,0.0,0.0,0.0,0.0,0.0
increasingly,ADV,4,B,0.0,0.0,0.0,0.0,0.0,0.0,0.0
independently,ADV,4,B,0.0,0.0,0.0,0.0,0.0,0.0,0.0
initially,ADV,4,B,0.0,0.0,0.0,0.0,0.0,0.0,0.0
innocently,ADV,4,B,0.0,0.0,0.0,0.0,0.0,0.0,0.0
instantly,ADV,4,B,0.0,0.0,0.0,0.0,0.0,0.0,0.0
formally,ADV,5,C,0.0,0.0,0.0,0.0,0.0,0.0,0.0
historically,ADV,5,C,0.0,0.0,0.0,0.0,0.0,0.0,0.0
hourly,ADV,5,C,0.0,0.0,0.0,0.0,0.0,0.0,0.0
immensely,ADV,5,C,0.0,0.0,0.0,0.0,0.0,0.0,0.0
inappropriately,ADV,5,C,0.0,0.0,0.0,0.0,0.0,0.0,0.0
individually,ADV,5,C,0.0,0.0,0.0,0.0,0.0,0.0,0.0
intensively,ADV,5,C,0.0,0.0,0.0,0.0,0.0,0.0,0.0
interestingly,ADV,5,C,0.0,0.0,0.0,0.0,0.0,0.0,0.0
internally,ADV,5,C,0.0,0.0,0.0,0.0,0.0,0.0,0.0
fundamentally,ADV,6,C,0.0,0.0,0.0,0.0,0.0,0.0,0.0
harshly,ADV,6,C,0.0,0.0,0.0,0.0,0.0,0.0,0.0
hopelessly,ADV,6,C,0.0,0.0,0.0,0.0,0.0,0.0,0.0
indefinitely,ADV,6,C,0.0,0.0,0.0,0.0,0.0,0.0,0.0
infinitely,ADV,6,C,0.0,0.0,0.0,0.0,0.0,0.0,0.0
ironically,ADV,6,C,0.0,0.0,0.0,0.0,0.0,0.0,0.0
hilarious,ADJ,5,C,0.0,0.0,0.0,0.0,0.0,0.0,0.0
humorous,ADJ,5,C,0.0,0.0,0.0,0.0,0.0,0.0,0.0
hazardous,ADJ,6,C,0.0,0.0,0.0,0.0,0.0,0.0,0.0
infectious,ADJ,6,C,0.0,0.0,0.0,0.0,0.0,0.0,0.0
grumpy,ADJ,5,C,0.0,0.0,0.0,0.0,0.0,0.0,0.0
floppy,ADJ,6,C,0.0,0.0,0.0,0.0,0.0,0.0,0.0
first,ADJ,1,A,0.0,0.0,0.0,0.0,0.0,0.0,0.0
final,ADJ,2,A,0.0,0.0,0.0,0.0,0.0,0.0,0.0
foreign,ADJ,2,A,0.0,0.0,0.0,0.0,0.0,0.0,0.0
friendly,ADJ,2,A,0.0,0.0,0.0,0.0,0.0,0.0,0.0
half-price,ADJ,2,A,0.0,0.0,0.0,0.0,0.0,0.0,0.0
female,ADJ,3,B,0.0,0.0,0.0,0.0,0.0,0.0,0.0
forbidden,ADJ,3,B,0.0,0.0,0.0,0.0,0.0,0.0,0.0
former,ADJ,3,B,0.0,0.0,0.0,0.0,0.0,0.0,0.0
frequent,ADJ,3,B,0.0,0.0,0.0,0.0,0.0,0.0,0.0
future,ADJ,3,B,0.0,0.0,0.0,0.0,0.0,0.0,0.0
general,ADJ,3,B,0.0,0.0,0.0,0.0,0.0,0.0,0.0
gorgeous,ADJ,3,B,0.0,0.0,0.0,0.0,0.0,0.0,0.0
hidden,ADJ,3,B,0.0,0.0,0.0,0.0,0.0,0.0,0.0
incorrect,ADJ,3,B,0.0,0.0,0.0,0.0,0.0,0.0,0.0
formal,ADJ,4,B,0.0,0.0,0.0,0.0,0.0,0.0,0.0
fortunate,ADJ,4,B,0.0,0.0,0.0,0.0,0.0,0.0,0.0
hard-working,ADJ,4,B,0.0,0.0,0.0,0.0,0.0,0.0,0.0
immediate,ADJ,4,B,0.0,0.0,0.0,0.0,0.0,0.0,0.0
initial,ADJ,4,B,0.0,0.0,0.0,0.0,0.0,0.0,0.0
instant,ADJ,4,B,0.0,0.0,0.0,0.0,0.0,0.0,0.0
intransitive,ADJ,4,B,0.0,0.0,0.0,0.0,0.0,0.0,0.0
feminine,ADJ,5,C,0.0,0.0,0.0,0.0,0.0,0.0,0.0
foul,ADJ,5,C,0.0,0.0,0.0,0.0,0.0,0.0,0.0
grand,ADJ,5,C,0.0,0.0,0.0,0.0,0.0,0.0,0.0
hectic,ADJ,5,C,0.0,0.0,0.0,0.0,0.0,0.0,0.0
holy,ADJ,5,C,0.0,0.0,0.0,0.0,0.0,0.0,0.0
hostile,ADJ,5,C,0.0,0.0,0.0,0.0,0.0,0.0,0.0
imaginary,ADJ,5,C,0.0,0.0,0.0,0.0,0.0,0.0,0.0
finite,ADJ,6,C,0.0,0.0,0.0,0.0,0.0,0.0,0.0
frail,ADJ,6,C,0.0,0.0,0.0,0.0,0.0,0.0,0.0
frantic,ADJ,6,C,0.0,0.0,0.0,0.0,0.0,0.0,0.0
fringe,ADJ,6,C,0.0,0.0,0.0,0.0,0.0,0.0,0.0
high-profile,ADJ,6,C,0.0,0.0,0.0,0.0,0.0,0.0,0.0
hollow,ADJ,6,C,0.0,0.0,0.0,0.0,0.0,0.0,0.0
humanitarian,ADJ,6,C,0.0,0.0,0.0,0.0,0.0,0.0,0.0
hygienic,ADJ,6,C,0.0,0.0,0.0,0.0,0.0,0.0,0.0
ignorant,ADJ,6,C,0.0,0.0,0.0,0.0,0.0,0.0,0.0
imminent,ADJ,6,C,0.0,0.0,0.0,0.0,0.0,0.0,0.0
infinite,ADJ,6,C,0.0,0.0,0.0,0.0,0.0,0.0,0.0
inherent,ADJ,6,C,0.0,0.0,0.0,0.0,0.0,0.0,0.0
intact,ADJ,6,C,0.0,0.0,0.0,0.0,0.0,0.0,0.0
interim,ADJ,6,C,0.0,0.0,0.0,0.0,0.0,0.0,0.0
first,ADV,1,A,0.0,0.0,0.0,0.0,0.0,0.0,0.0
hard,ADV,1,A,0.0,0.0,0.0,0.0,0.0,0.0,0.0
home,ADV,2,A,0.0,0.0,0.0,0.0,0.0,0.0,0.0
however,ADV,2,A,0.0,0.0,0.0,0.0,0.0,0.0,0.0
instead,ADV,2,A,0.0,0.0,0.0,0.0,0.0,0.0,0.0
forever,ADV,3,B,0.0,0.0,0.0,0.0,0.0,0.0,0.0
forward,ADV,3,B,0.0,0.0,0.0,0.0,0.0,0.0,0.0
furthest,ADV,3,B,0.0,0.0,0.0,0.0,0.0,0.0,0.0
half,ADV,3,B,0.0,0.0,0.0,0.0,0.0,0.0,0.0
genuinely,ADV,4,B,0.0,0.0,0.0,0.0,0.0,0.0,0.0
hence,ADV,5,C,0.0,0.0,0.0,0.0,0.0,0.0,0.0
fortnight,NOUN,3,B,0.0,0.0,0.0,0.0,0.0,0.0,0.0
hurry,NOUN,3,B,0.0,0.0,0.0,0.0,0.0,0.0,0.0
growth,NOUN,4,B,0.0,0.0,0.0,0.0,0.0,0.0,0.0
headquarters,NOUN,4,B,0.0,0.0,0.0,0.0,0.0,0.0,0.0
impact,NOUN,4,B,0.0,0.0,0.0,0.0,0.0,0.0,0.0
fright,NOUN,5,C,0.0,0.0,0.0,0.0,0.0,0.0,0.0
frenzy,NOUN,6,C,0.0,0.0,0.0,0.0,0.0,0.0,0.0
frontier,NOUN,6,C,0.0,0.0,0.0,0.0,0.0,0.0,0.0
haul,NOUN,6,C,0.0,0.0,0.0,0.0,0.0,0.0,0.0
heap,NOUN,6,C,0.0,0.0,0.0,0.0,0.0,0.0,0.0
irony,NOUN,6,C,0.0,0.0,0.0,0.0,0.0,0.0,0.0
grade,VERB,5,C,0.0,0.0,0.0,0.0,0.0,0.0,0.0
impact,VERB,5,C,0.0,0.0,0.0,0.0,0.0,0.0,0.0
narrative,NOUN,6,C,0.0,0.0,0.0,0.0,0.0,0.0,0.0
notify,VERB,5,C,0.0,0.0,0.0,0.0,0.0,0.0,0.0
measure,NOUN,6,C,0.0,0.0,0.0,0.0,0.0,0.0,0.0
mountain,NOUN,6,C,0.0,0.0,0.0,0.0,0.0,0.0,0.0
maths,NOUN,2,A,0.0,0.0,0.0,0.0,0.0,0.0,0.0
lab,NOUN,3,B,0.0,0.0,0.0,0.0,0.0,0.0,0.0
joint,NOUN,5,C,0.0,0.0,0.0,0.0,0.0,0.0,0.0
note,VERB,3,B,0.0,0.0,0.0,0.0,0.0,0.0,0.0
obtain,VERB,4,B,0.0,0.0,0.0,0.0,0.0,0.0,0.0
observe,VERB,5,C,0.0,0.0,0.0,0.0,0.0,0.0,0.0
kid,NOUN,2,A,0.0,0.0,0.0,0.0,0.0,0.0,0.0
lad,NOUN,6,C,0.0,0.0,0.0,0.0,0.0,0.0,0.0
mum,NOUN,1,A,0.0,0.0,0.0,0.0,0.0,0.0,0.0
mate,NOUN,3,B,0.0,0.0,0.0,0.0,0.0,0.0,0.0
occupation,NOUN,5,C,0.0,0.0,0.0,0.0,0.0,0.0,0.0
offspring,NOUN,6,C,0.0,0.0,0.0,0.0,0.0,0.0,0.0
merit,NOUN,5,C,0.0,0.0,0.0,0.0,0.0,0.0,0.0
nature,NOUN,5,C,0.0,0.0,0.0,0.0,0.0,0.0,0.0
merit,VERB,6,C,0.0,0.0,0.0,0.0,0.0,0.0,0.0
oblige,VERB,5,C,0.0,0.0,0.0,0.0,0.0,0.0,0.0
minute,NOUN,2,A,0.0,0.0,0.0,0.0,0.0,0.0,0.0
kick,NOUN,6,C,0.0,0.0,0.0,0.0,0.0,0.0,0.0
junk,NOUN,5,C,0.0,0.0,0.0,0.0,0.0,0.0,0.0
make,VERB,3,B,0.0,0.0,0.0,0.0,0.0,0.0,0.0
land,NOUN,6,C,0.0,0.0,0.0,0.0,0.0,0.0,0.0
kill,VERB,5,C,0.0,0.0,0.0,0.0,0.0,0.0,0.0
mislead,VERB,5,C,0.0,0.0,0.0,0.0,0.0,0.0,0.0
misinterpret,VERB,6,C,0.0,0.0,0.0,0.0,0.0,0.0,0.0
musical,NOUN,4,B,0.0,0.0,0.0,0.0,0.0,0.0,0.0
official,NOUN,6,C,0.0,0.0,0.0,0.0,0.0,0.0,0.0
maintenance,NOUN,4,B,0.0,0.0,0.0,0.0,0.0,0.0,0.0
offender,NOUN,4,B,0.0,0.0,0.0,0.0,0.0,0.0,0.0
learner,NOUN,4,B,0.0,0.0,0.0,0.0,0.0,0.0,0.0
observer,NOUN,6,C,0.0,0.0,0.0,0.0,0.0,0.0,0.0
master,NOUN,6,C,0.0,0.0,0.0,0.0,0.0,0.0,0.0
monster,NOUN,6,C,0.0,0.0,0.0,0.0,0.0,0.0,0.0
leader,NOUN,3,B,0.0,0.0,0.0,0.0,0.0,0.0,0.0
lover,NOUN,3,B,0.0,0.0,0.0,0.0,0.0,0.0,0.0
keeper,NOUN,3,B,0.0,0.0,0.0,0.0,0.0,0.0,0.0
manager,NOUN,2,A,0.0,0.0,0.0,0.0,0.0,0.0,0.0
officer,NOUN,3,B,0.0,0.0,0.0,0.0,0.0,0.0,0.0
manufacturer,NOUN,4,B,0.0,0.0,0.0,0.0,0.0,0.0,0.0
miner,NOUN,5,C,0.0,0.0,0.0,0.0,0.0,0.0,0.0
meeting,NOUN,2,A,0.0,0.0,0.0,0.0,0.0,0.0,0.0
meaning,NOUN,3,B,0.0,0.0,0.0,0.0,0.0,0.0,0.0
learning,NOUN,4,B,0.0,0.0,0.0,0.0,0.0,0.0,0.0
lightning,NOUN,3,B,0.0,0.0,0.0,0.0,0.0,0.0,0.0
marketing,NOUN,4,B,0.0,0.0,0.0,0.0,0.0,0.0,0.0
landing,NOUN,4,B,0.0,0.0,0.0,0.0,0.0,0.0,0.0
manufacturing,NOUN,4,B,0.0,0.0,0.0,0.0,0.0,0.0,0.0
objection,NOUN,4,B,0.0,0.0,0.0,0.0,0.0,0.0,0.0
legislation,NOUN,6,C,0.0,0.0,0.0,0.0,0.0,0.0,0.0
orientation,NOUN,6,C,0.0,0.0,0.0,0.0,0.0,0.0,0.0
motivation,NOUN,4,B,0.0,0.0,0.0,0.0,0.0,0.0,0.0
obsession,NOUN,4,B,0.0,0.0,0.0,0.0,0.0,0.0,0.0
organization,NOUN,3,B,0.0,0.0,0.0,0.0,0.0,0.0,0.0
mission,NOUN,6,C,0.0,0.0,0.0,0.0,0.0,0.0,0.0
optimism,NOUN,6,C,0.0,0.0,0.0,0.0,0.0,0.0,0.0
optimist,NOUN,5,C,0.0,0.0,0.0,0.0,0.0,0.0,0.0
materialist,NOUN,6,C,0.0,0.0,0.0,0.0,0.0,0.0,0.0
motorist,NOUN,4,B,0.0,0.0,0.0,0.0,0.0,0.0,0.0
obesity,NOUN,5,C,0.0,0.0,0.0,0.0,0.0,0.0,0.0
longevity,NOUN,6,C,0.0,0.0,0.0,0.0,0.0,0.0,0.0
mortality,NOUN,6,C,0.0,0.0,0.0,0.0,0.0,0.0,0.0
majority,NOUN,4,B,0.0,0.0,0.0,0.0,0.0,0.0,0.0
minority,NOUN,4,B,0.0,0.0,0.0,0.0,0.0,0.0,0.0
organize,VERB,3,B,0.0,0.0,0.0,0.0,0.0,0.0,0.0
movement,NOUN,4,B,0.0,0.0,0.0,0.0,0.0,0.0,0.0
management,NOUN,4,B,0.0,0.0,0.0,0.0,0.0,0.0,0.0
kindness,NOUN,4,B,0.0,0.0,0.0,0.0,0.0,0.0,0.0
laziness,NOUN,4,B,0.0,0.0,0.0,0.0,0.0,0.0,0.0
nervousness,NOUN,5,C,0.0,0.0,0.0,0.0,0.0,0.0,0.0
openness,NOUN,6,C,0.0,0.0,0.0,0.0,0.0,0.0,0.0
narrator,NOUN,6,C,0.0,0.0,0.0,0.0,0.0,0.0,0.0
operator,NOUN,4,B,0.0,0.0,0.0,0.0,0.0,0.0,0.0
leadership,NOUN,5,C,0.0,0.0,0.0,0.0,0.0,0.0,0.0
killer,NOUN,3,B,0.0,0.0,0.0,0.0,0.0,0.0,0.0
murderer,NOUN,3,B,0.0,0.0,0.0,0.0,0.0,0.0,0.0
lion,NOUN,2,A,0.0,0.0,0.0,0.0,0.0,0.0,0.0
monkey,NOUN,2,A,0.0,0.0,0.0,0.0,0.0,0.0,0.0
mouse,NOUN,2,A,0.0,0.0,0.0,0.0,0.0,0.0,0.0
kangaroo,NOUN,3,B,0.0,0.0,0.0,0.0,0.0,0.0,0.0
kitten,NOUN,3,B,0.0,0.0,0.0,0.0,0.0,0.0,0.0
mosquito,NOUN,3,B,0.0,0.0,0.0,0.0,0.0,0.0,0.0
leopard,NOUN,4,B,0.0,0.0,0.0,0.0,0.0,0.0,0.0
owl,NOUN,4,B,0.0,0.0,0.0,0.0,0.0,0.0,0.0
mammal,NOUN,5,C,0.0,0.0,0.0,0.0,0.0,0.0,0.0
nest,NOUN,6,C,0.0,0.0,0.0,0.0,0.0,0.0,0.0
nest,VERB,6,C,0.0,0.0,0.0,0.0,0.0,0.0,0.0
movie,NOUN,1,A,0.0,0.0,0.0,0.0,0.0,0.0,0.0
newspaper,NOUN,1,A,0.0,0.0,0.0,0.0,0.0,0.0,0.0
keyboard,NOUN,2,A,0.0,0.0,0.0,0.0,0.0,0.0,0.0
magazine,NOUN,2,A,0.0,0.0,0.0,0.0,0.0,0.0,0.0
novel,NOUN,3,B,0.0,0.0,0.0,0.0,0.0,0.0,0.0
item,NOUN,4,B,0.0,0.0,0.0,0.0,0.0,0.0,0.0
masterpiece,NOUN,6,C,0.0,0.0,0.0,0.0,0.0,0.0,0.0
melody,NOUN,6,C,0.0,0.0,0.0,0.0,0.0,0.0,0.0
note,NOUN,6,C,0.0,0.0,0.0,0.0,0.0,0.0,0.0
organ,NOUN,6,C,0.0,0.0,0.0,0.0,0.0,0.0,0.0
music,NOUN,1,A,0.0,0.0,0.0,0.0,0.0,0.0,0.0
jazz,NOUN,2,A,0.0,0.0,0.0,0.0,0.0,0.0,0.0
literature,NOUN,3,B,0.0,0.0,0.0,0.0,0.0,0.0,0.0
opera,NOUN,2,A,0.0,0.0,0.0,0.0,0.0,0.0,0.0
lyrics,NOUN,4,B,0.0,0.0,0.0,0.0,0.0,0.0,0.0
leg,NOUN,1,A,0.0,0.0,0.0,0.0,0.0,0.0,0.0
mouth,NOUN,1,A,0.0,0.0,0.0,0.0,0.0,0.0,0.0
nose,NOUN,1,A,0.0,0.0,0.0,0.0,0.0,0.0,0.0
neck,NOUN,2,A,0.0,0.0,0.0,0.0,0.0,0.0,0.0
knee,NOUN,3,B,0.0,0.0,0.0,0.0,0.0,0.0,0.0
lip,NOUN,3,B,0.0,0.0,0.0,0.0,0.0,0.0,0.0
jaw,NOUN,4,B,0.0,0.0,0.0,0.0,0.0,0.0,0.0
lap,NOUN,4,B,0.0,0.0,0.0,0.0,0.0,0.0,0.0
lung,NOUN,4,B,0.0,0.0,0.0,0.0,0.0,0.0,0.0
nail,NOUN,4,B,0.0,0.0,0.0,0.0,0.0,0.0,0.0
kidney,NOUN,6,C,0.0,0.0,0.0,0.0,0.0,0.0,0.0
knuckle,NOUN,6,C,0.0,0.0,0.0,0.0,0.0,0.0,0.0
needle,NOUN,6,C,0.0,0.0,0.0,0.0,0.0,0.0,0.0
nerve,NOUN,6,C,0.0,0.0,0.0,0.0,0.0,0.0,0.0
nostril,NOUN,6,C,0.0,0.0,0.0,0.0,0.0,0.0,0.0
medicine,NOUN,2,A,0.0,0.0,0.0,0.0,0.0,0.0,0.0
liver,NOUN,4,B,0.0,0.0,0.0,0.0,0.0,0.0,0.0
muscle,NOUN,4,B,0.0,0.0,0.0,0.0,0.0,0.0,0.0
labour,NOUN,6,C,0.0,0.0,0.0,0.0,0.0,0.0,0.0
jacket,NOUN,1,A,0.0,0.0,0.0,0.0,0.0,0.0,0.0
jumper,NOUN,2,A,0.0,0.0,0.0,0.0,0.0,0.0,0.0
necklace,NOUN,2,A,0.0,0.0,0.0,0.0,0.0,0.0,0.0
mask,NOUN,4,B,0.0,0.0,0.0,0.0,0.0,0.0,0.0
jewellery,NOUN,2,A,0.0,0.0,0.0,0.0,0.0,0.0,0.0
kit,NOUN,2,A,0.0,0.0,0.0,0.0,0.0,0.0,0.0
jeans,NOUN,1,A,0.0,0.0,0.0,0.0,0.0,0.0,0.0
knickers,NOUN,3,B,0.0,0.0,0.0,0.0,0.0,0.0,0.0
look,NOUN,5,C,0.0,0.0,0.0,0.0,0.0,0.0,0.0
language,NOUN,1,A,0.0,0.0,0.0,0.0,0.0,0.0,0.0
letter,NOUN,1,A,0.0,0.0,0.0,0.0,0.0,0.0,0.0
message,NOUN,1,A,0.0,0.0,0.0,0.0,0.0,0.0,0.0
name,NOUN,1,A,0.0,0.0,0.0,0.0,0.0,0.0,0.0
number,NOUN,1,A,0.0,0.0,0.0,0.0,0.0,0.0,0.0
licence,NOUN,2,A,0.0,0.0,0.0,0.0,0.0,0.0,0.0
list,NOUN,2,A,0.0,0.0,0.0,0.0,0.0,0.0,0.0
notebook,NOUN,2,A,0.0,0.0,0.0,0.0,0.0,0.0,0.0
notice,NOUN,2,A,0.0,0.0,0.0,0.0,0.0,0.0,0.0
offer,NOUN,2,A,0.0,0.0,0.0,0.0,0.0,0.0,0.0
joke,NOUN,3,B,0.0,0.0,0.0,0.0,0.0,0.0,0.0
label,NOUN,3,B,0.0,0.0,0.0,0.0,0.0,0.0,0.0
lie,NOUN,3,B,0.0,0.0,0.0,0.0,0.0,0.0,0.0
line,NOUN,3,B,0.0,0.0,0.0,0.0,0.0,0.0,0.0
logo,NOUN,3,B,0.0,0.0,0.0,0.0,0.0,0.0,0.0
manual,NOUN,4,B,0.0,0.0,0.0,0.0,0.0,0.0,0.0
matter,NOUN,4,B,0.0,0.0,0.0,0.0,0.0,0.0,0.0
order,NOUN,4,B,0.0,0.0,0.0,0.0,0.0,0.0,0.0
outline,NOUN,4,B,0.0,0.0,0.0,0.0,0.0,0.0,0.0
mark,NOUN,5,C,0.0,0.0,0.0,0.0,0.0,0.0,0.0
memo,NOUN,5,C,0.0,0.0,0.0,0.0,0.0,0.0,0.0
margin,NOUN,6,C,0.0,0.0,0.0,0.0,0.0,0.0,0.0
motion,NOUN,6,C,0.0,0.0,0.0,0.0,0.0,0.0,0.0
mail,NOUN,2,A,0.0,0.0,0.0,0.0,0.0,0.0,0.0
news,NOUN,2,A,0.0,0.0,0.0,0.0,0.0,0.0,0.0
jargon,NOUN,5,C,0.0,0.0,0.0,0.0,0.0,0.0,0.0
material,NOUN,3,B,0.0,0.0,0.0,0.0,0.0,0.0,0.0
legend,NOUN,4,B,0.0,0.0,0.0,0.0,0.0,0.0,0.0
mention,NOUN,4,B,0.0,0.0,0.0,0.0,0.0,0.0,0.0
myth,NOUN,4,B,0.0,0.0,0.0,0.0,0.0,0.0,0.0
metaphor,NOUN,6,C,0.0,0.0,0.0,0.0,0.0,0.0,0.0
joke,VERB,3,B,0.0,0.0,0.0,0.0,0.0,0.0,0.0
lie,VERB,3,B,0.0,0.0,0.0,0.0,0.0,0.0,0.0
listen,VERB,3,B,0.0,0.0,0.0,0.0,0.0,0.0,0.0
object,VERB,4,B,0.0,0.0,0.0,0.0,0.0,0.0,0.0
moan,VERB,6,C,0.0,0.0,0.0,0.0,0.0,0.0,0.0
know,VERB,1,A,0.0,0.0,0.0,0.0,0.0,0.0,0.0
mean,VERB,2,A,0.0,0.0,0.0,0.0,0.0,0.0,0.0
mention,VERB,3,B,0.0,0.0,0.0,0.0,0.0,0.0,0.0
name,VERB,3,B,0.0,0.0,0.0,0.0,0.0,0.0,0.0
justify,VERB,4,B,0.0,0.0,0.0,0.0,0.0,0.0,0.0
list,VERB,4,B,0.0,0.0,0.0,0.0,0.0,0.0,0.0
mark,VERB,4,B,0.0,0.0,0.0,0.0,0.0,0.0,0.0
oppose,VERB,4,B,0.0,0.0,0.0,0.0,0.0,0.0,0.0
order,VERB,4,B,0.0,0.0,0.0,0.0,0.0,0.0,0.0
outline,VERB,4,B,0.0,0.0,0.0,0.0,0.0,0.0,0.0
motivate,VERB,5,C,0.0,0.0,0.0,0.0,0.0,0.0,0.0
maintain,VERB,6,C,0.0,0.0,0.0,0.0,0.0,0.0,0.0
offer,VERB,2,A,0.0,0.0,0.0,0.0,0.0,0.0,0.0
learn,VERB,3,B,0.0,0.0,0.0,0.0,0.0,0.0,0.0
mumble,VERB,4,B,0.0,0.0,0.0,0.0,0.0,0.0,0.0
mutter,VERB,4,B,0.0,0.0,0.0,0.0,0.0,0.0,0.0
lobby,VERB,6,C,0.0,0.0,0.0,0.0,0.0,0.0,0.0
offence,NOUN,4,B,0.0,0.0,0.0,0.0,0.0,0.0,0.0
magistrate,NOUN,5,C,0.0,0.0,0.0,0.0,0.0,0.0,0.0
massacre,NOUN,6,C,0.0,0.0,0.0,0.0,0.0,0.0,0.0
justice,NOUN,4,B,0.0,0.0,0.0,0.0,0.0,0.0,0.0
law,NOUN,4,B,0.0,0.0,0.0,0.0,0.0,0.0,0.0
kilo,NOUN,2,A,0.0,0.0,0.0,0.0,0.0,0.0,0.0
kilogram,NOUN,2,A,1e-06,1e-06,1e-06,1e-06,1e-06,1e-06,1e-06
kilometre,NOUN,2,A,1e-06,1e-06,1e-06,1e-06,1e-06,1e-06,0.0
litre,NOUN,2,A,1e-06,1e-06,1e-06,1e-06,1e-06,1e-06,1e-06
metre,NOUN,2,A,2e-06,2e-06,2e-06,2e-06,2e-06,2e-06,2e-06
limit,NOUN,3,B,3.4e-05,3e-05,2.6e-05,2.6e-05,2.6e-05,2.5e-05,2.5e-05
mile,NOUN,3,B,1.2e-05,1.3e-05,1.3e-05,1.3e-05,1.3e-05,1.4e-05,1.4e-05
millimetre,NOUN,3,B,0.0,0.0,0.0,0.0,0.0,0.0,0.0
level,NOUN,4,B,0.000232,0.000216,0.000199,0.000206,0.000202,0.000185,0.000189
load,NOUN,4,B,3.6e-05,3.3e-05,2.9e-05,2.9e-05,3.1e-05,3e-05,2.9e-05
orange,NOUN,2,A,5e-06,5e-06,5e-06,5e-06,5e-06,5e-06,5e-06
length,NOUN,3,B,8.2e-05,7.5e-05,0.0,0.0,0.0,0.0,0.0
left,NOUN,2,A,0.0,0.0,0.0,0.0,0.0,0.0,0.0
maximum,NOUN,3,B,0.0,0.0,0.0,0.0,0.0,0.0,0.0
lesson,NOUN,1,A,0.0,0.0,0.0,0.0,0.0,0.0,0.0
nursery,NOUN,4,B,0.0,0.0,0.0,0.0,0.0,0.0,0.0
knife,NOUN,1,A,0.0,0.0,0.0,0.0,0.0,0.0,0.0
meal,NOUN,1,A,0.0,0.0,0.0,0.0,0.0,0.0,0.0
menu,NOUN,2,A,0.0,0.0,0.0,0.0,0.0,0.0,0.0
mug,NOUN,2,A,0.0,0.0,0.0,0.0,0.0,0.0,0.0
mushroom,NOUN,2,A,0.0,0.0,0.0,0.0,0.0,0.0,0.0
omelette,NOUN,2,A,0.0,0.0,0.0,0.0,0.0,0.0,0.0
kettle,NOUN,3,B,0.0,0.0,0.0,0.0,0.0,0.0,0.0
oven,NOUN,3,B,0.0,0.0,0.0,0.0,0.0,0.0,0.0
loaf,NOUN,4,B,0.0,0.0,0.0,0.0,0.0,0.0,0.0
meat,NOUN,1,A,0.0,0.0,0.0,0.0,0.0,0.0,0.0
milk,NOUN,1,A,0.0,0.0,0.0,0.0,0.0,0.0,0.0
jam,NOUN,2,A,0.0,0.0,0.0,0.0,0.0,0.0,0.0
lemonade,NOUN,2,A,0.0,0.0,0.0,0.0,0.0,0.0,0.0
mint,NOUN,4,B,0.0,0.0,0.0,0.0,0.0,0.0,0.0
mustard,NOUN,5,C,0.0,0.0,0.0,0.0,0.0,0.0,0.0
juice,NOUN,1,A,0.0,0.0,0.0,0.0,0.0,0.0,0.0
lunch,NOUN,1,A,0.0,0.0,0.0,0.0,0.0,0.0,0.0
lemon,NOUN,2,A,0.0,0.0,0.0,0.0,0.0,0.0,0.0
lunchtime,NOUN,2,A,0.0,0.0,0.0,0.0,0.0,0.0,0.0
mango,NOUN,2,A,0.0,0.0,0.0,0.0,0.0,0.0,0.0
melon,NOUN,2,A,0.0,0.0,0.0,0.0,0.0,0.0,0.0
oil,NOUN,2,A,0.0,0.0,0.0,0.0,0.0,0.0,0.0
onion,NOUN,2,A,0.0,0.0,0.0,0.0,0.0,0.0,0.0
lettuce,NOUN,3,B,0.0,0.0,0.0,0.0,0.0,0.0,0.0
leek,NOUN,4,B,0.0,0.0,0.0,0.0,0.0,0.0,0.0
key,NOUN,1,A,0.0,0.0,0.0,0.0,0.0,0.0,0.0
kitchen,NOUN,1,A,0.0,0.0,0.0,0.0,0.0,0.0,0.0
museum,NOUN,1,A,0.0,0.0,0.0,0.0,0.0,0.0,0.0
lamp,NOUN,2,A,0.0,0.0,0.0,0.0,0.0,0.0,0.0
library,NOUN,2,A,0.0,0.0,0.0,0.0,0.0,0.0,0.0
lift,NOUN,2,A,0.0,0.0,0.0,0.0,0.0,0.0,0.0
light,NOUN,2,A,0.0,0.0,0.0,0.0,0.0,0.0,0.0
mirror,NOUN,2,A,0.0,0.0,0.0,0.0,0.0,0.0,0.0
office,NOUN,2,A,0.0,0.0,0.0,0.0,0.0,0.0,0.0
laboratory,NOUN,3,B,0.0,0.0,0.0,0.0,0.0,0.0,0.0
ladder,NOUN,3,B,0.0,0.0,0.0,0.0,0.0,0.0,0.0
monument,NOUN,3,B,0.0,0.0,0.0,0.0,0.0,0.0,0.0
lobby,NOUN,4,B,0.0,0.0,0.0,0.0,0.0,0.0,0.0
landmark,NOUN,5,C,0.0,0.0,0.0,0.0,0.0,0.0,0.0
lounge,NOUN,5,C,0.0,0.0,0.0,0.0,0.0,0.0,0.0
mansion,NOUN,5,C,0.0,0.0,0.0,0.0,0.0,0.0,0.0
loft,NOUN,6,C,0.0,0.0,0.0,0.0,0.0,0.0,0.0
loan,NOUN,3,B,0.0,0.0,0.0,0.0,0.0,0.0,0.0
loss,NOUN,5,C,0.0,0.0,0.0,0.0,0.0,0.0,0.0
overdraft,NOUN,5,C,0.0,0.0,0.0,0.0,0.0,0.0,0.0
legacy,NOUN,6,C,0.0,0.0,0.0,0.0,0.0,0.0,0.0
money,NOUN,1,A,0.0,0.0,0.0,0.0,0.0,0.0,0.0
means,NOUN,6,C,0.0,0.0,0.0,0.0,0.0,0.0,0.0
outgoings,NOUN,6,C,0.0,0.0,0.0,0.0,0.0,0.0,0.0
lake,NOUN,2,A,0.0,0.0,0.0,0.0,0.0,0.0,0.0
landscape,NOUN,3,B,0.0,0.0,0.0,0.0,0.0,0.0,0.0
leaf,NOUN,3,B,0.0,0.0,0.0,0.0,0.0,0.0,0.0
log,NOUN,5,C,0.0,0.0,0.0,0.0,0.0,0.0,0.0
life,NOUN,3,B,0.0,0.0,0.0,0.0,0.0,0.0,0.0
moonlight,NOUN,4,B,0.0,0.0,0.0,0.0,0.0,0.0,0.0
mud,NOUN,4,B,0.0,0.0,0.0,0.0,0.0,0.0,0.0
jungle,NOUN,3,B,0.0,0.0,0.0,0.0,0.0,0.0,0.0
metal,NOUN,3,B,0.0,0.0,0.0,0.0,0.0,0.0,0.0
mist,NOUN,4,B,0.0,0.0,0.0,0.0,0.0,0.0,0.0
oak,NOUN,4,B,0.0,0.0,0.0,0.0,0.0,0.0,0.0
ocean,NOUN,3,B,0.0,0.0,0.0,0.0,0.0,0.0,0.0
kiss,NOUN,2,A,0.0,0.0,0.0,0.0,0.0,0.0,0.0
jump,NOUN,3,B,0.0,0.0,0.0,0.0,0.0,0.0,0.0
laugh,NOUN,3,B,0.0,0.0,0.0,0.0,0.0,0.0,0.0
launch,NOUN,5,C,0.0,0.0,0.0,0.0,0.0,0.0,0.0
march,NOUN,5,C,0.0,0.0,0.0,0.0,0.0,0.0,0.0
move,NOUN,5,C,0.0,0.0,0.0,0.0,0.0,0.0,0.0
laughter,NOUN,4,B,0.0,0.0,0.0,0.0,0.0,0.0,0.0
look,VERB,1,A,0.0,0.0,0.0,0.0,0.0,0.0,0.0
jump,VERB,2,A,0.0,0.0,0.0,0.0,0.0,0.0,0.0
laugh,VERB,2,A,0.0,0.0,0.0,0.0,0.0,0.0,0.0
jog,VERB,3,B,0.0,0.0,0.0,0.0,0.0,0.0,0.0
knock,VERB,3,B,0.0,0.0,0.0,0.0,0.0,0.0,0.0
meet,VERB,3,B,0.0,0.0,0.0,0.0,0.0,0.0,0.0
move,VERB,3,B,0.0,0.0,0.0,0.0,0.0,0.0,0.0
kneel,VERB,4,B,0.0,0.0,0.0,0.0,0.0,0.0,0.0
march,VERB,5,C,0.0,0.0,0.0,0.0,0.0,0.0,0.0
opt,VERB,5,C,0.0,0.0,0.0,0.0,0.0,0.0,0.0
join,VERB,2,A,0.0,0.0,0.0,0.0,0.0,0.0,0.0
leave,VERB,2,A,0.0,0.0,0.0,0.0,0.0,0.0,0.0
lend,VERB,2,A,0.0,0.0,0.0,0.0,0.0,0.0,0.0
lose,VERB,2,A,0.0,0.0,0.0,0.0,0.0,0.0,0.0
miss,VERB,2,A,0.0,0.0,0.0,0.0,0.0,0.0,0.0
open,VERB,2,A,0.0,0.0,0.0,0.0,0.0,0.0,0.0
lift,VERB,3,B,0.0,0.0,0.0,0.0,0.0,0.0,0.0
mend,VERB,3,B,0.0,0.0,0.0,0.0,0.0,0.0,0.0
keep,VERB,4,B,0.0,0.0,0.0,0.0,0.0,0.0,0.0
launch,VERB,4,B,0.0,0.0,0.0,0.0,0.0,0.0,0.0
lick,VERB,4,B,0.0,0.0,0.0,0.0,0.0,0.0,0.0
limit,VERB,4,B,0.0,0.0,0.0,0.0,0.0,0.0,0.0
locate,VERB,4,B,0.0,0.0,0.0,0.0,0.0,0.0,0.0
lower,VERB,4,B,0.0,0.0,0.0,0.0,0.0,0.0,0.0
occupy,VERB,4,B,0.0,0.0,0.0,0.0,0.0,0.0,0.0
overcome,VERB,4,B,0.0,0.0,0.0,0.0,0.0,0.0,0.0
monitor,VERB,5,C,0.0,0.0,0.0,0.0,0.0,0.0,0.0
omit,VERB,5,C,0.0,0.0,0.0,0.0,0.0,0.0,0.0
mount,VERB,6,C,0.0,0.0,0.0,0.0,0.0,0.0,0.0
kick,VERB,1,A,0.0,0.0,0.0,0.0,0.0,0.0,0.0
kiss,VERB,2,A,0.0,0.0,0.0,0.0,0.0,0.0,0.0
lead,VERB,3,B,0.0,0.0,0.0,0.0,0.0,0.0,0.0
light,VERB,3,B,0.0,0.0,0.0,0.0,0.0,0.0,0.0
lock,VERB,3,B,0.0,0.0,0.0,0.0,0.0,0.0,0.0
manage,VERB,3,B,0.0,0.0,0.0,0.0,0.0,0.0,0.0
notice,VERB,3,B,0.0,0.0,0.0,0.0,0.0,0.0,0.0
load,VERB,4,B,0.0,0.0,0.0,0.0,0.0,0.0,0.0
obey,VERB,4,B,0.0,0.0,0.0,0.0,0.0,0.0,0.0
merge,VERB,6,C,0.0,0.0,0.0,0.0,0.0,0.0,0.0
man,NOUN,1,A,0.0,0.0,0.0,0.0,0.0,0.0,0.0
lady,NOUN,3,B,0.0,0.0,0.0,0.0,0.0,0.0,0.0
moustache,NOUN,3,B,0.0,0.0,0.0,0.0,0.0,0.0,0.0
make-up,NOUN,2,A,0.0,0.0,0.0,0.0,0.0,0.0,0.0
mind,NOUN,3,B,0.0,0.0,0.0,0.0,0.0,0.0,0.0
joy,NOUN,4,B,0.0,0.0,0.0,0.0,0.0,0.0,0.0
liar,NOUN,4,B,0.0,0.0,0.0,0.0,0.0,0.0,0.0
loyalty,NOUN,4,B,0.0,0.0,0.0,0.0,0.0,0.0,0.0
mercy,NOUN,6,C,0.0,0.0,0.0,0.0,0.0,0.0,0.0
outrage,NOUN,6,C,0.0,0.0,0.0,0.0,0.0,0.0,0.0
memory,NOUN,3,B,0.0,0.0,0.0,0.0,0.0,0.0,0.0
mood,NOUN,3,B,0.0,0.0,0.0,0.0,0.0,0.0,0.0
love,NOUN,4,B,0.0,0.0,0.0,0.0,0.0,0.0,0.0
misery,NOUN,4,B,0.0,0.0,0.0,0.0,0.0,0.0,0.0
nerves,NOUN,4,B,0.0,0.0,0.0,0.0,0.0,0.0,0.0
like,VERB,1,A,0.0,0.0,0.0,0.0,0.0,0.0,0.0
love,VERB,1,A,0.0,0.0,0.0,0.0,0.0,0.0,0.0
offend,VERB,4,B,0.0,0.0,0.0,0.0,0.0,0.0,0.0
judge,VERB,3,B,0.0,0.0,0.0,0.0,0.0,0.0,0.0
mind,VERB,3,B,0.0,0.0,0.0,0.0,0.0,0.0,0.0
king,NOUN,2,A,0.0,0.0,0.0,0.0,0.0,0.0,0.0
kingdom,NOUN,4,B,0.0,0.0,0.0,0.0,0.0,0.0,0.0
nation,NOUN,4,B,0.0,0.0,0.0,0.0,0.0,0.0,0.0
mother,NOUN,1,A,0.0,0.0,0.0,0.0,0.0,0.0,0.0
member,NOUN,2,A,0.0,0.0,0.0,0.0,0.0,0.0,0.0
neighbour,NOUN,2,A,0.0,0.0,0.0,0.0,0.0,0.0,0.0
nephew,NOUN,3,B,0.0,0.0,0.0,0.0,0.0,0.0,0.0
niece,NOUN,3,B,0.0,0.0,0.0,0.0,0.0,0.0,0.0
mother-in-law,NOUN,4,B,0.0,0.0,0.0,0.0,0.0,0.0,0.0
opponent,NOUN,4,B,0.0,0.0,0.0,0.0,0.0,0.0,0.0
orphan,NOUN,6,C,0.0,0.0,0.0,0.0,0.0,0.0,0.0
marriage,NOUN,3,B,0.0,0.0,0.0,0.0,0.0,0.0,0.0
mix,VERB,4,B,0.0,0.0,0.0,0.0,0.0,0.0,0.0
market,NOUN,2,A,0.0,0.0,0.0,0.0,0.0,0.0,0.0
match,NOUN,2,A,0.0,0.0,0.0,0.0,0.0,0.0,0.0
league,NOUN,3,B,0.0,0.0,0.0,0.0,0.0,0.0,0.0
net,NOUN,3,B,0.0,0.0,0.0,0.0,0.0,0.0,0.0
marathon,NOUN,4,B,0.0,0.0,0.0,0.0,0.0,0.0,0.0
leisure,NOUN,3,B,0.0,0.0,0.0,0.0,0.0,0.0,0.0
lead,NOUN,4,B,0.0,0.0,0.0,0.0,0.0,0.0,0.0
laptop,NOUN,2,A,0.0,0.0,0.0,0.0,0.0,0.0,0.0
machine,NOUN,2,A,0.0,0.0,0.0,0.0,0.0,0.0,0.0
model,NOUN,2,A,0.0,0.0,0.0,0.0,0.0,0.0,0.0
link,NOUN,3,B,0.0,0.0,0.0,0.0,0.0,0.0,0.0
laser,NOUN,4,B,0.0,0.0,0.0,0.0,0.0,0.0,0.0
microphone,NOUN,4,B,0.0,0.0,0.0,0.0,0.0,0.0,0.0
monitor,NOUN,4,B,0.0,0.0,0.0,0.0,0.0,0.0,0.0
network,NOUN,4,B,0.0,0.0,0.0,0.0,0.0,0.0,0.0
machinery,NOUN,5,C,0.0,0.0,0.0,0.0,0.0,0.0,0.0
journey,NOUN,2,A,0.0,0.0,0.0,0.0,0.0,0.0,0.0
map,NOUN,2,A,0.0,0.0,0.0,0.0,0.0,0.0,0.0
motorbike,NOUN,2,A,0.0,0.0,0.0,0.0,0.0,0.0,0.0
motorway,NOUN,2,A,0.0,0.0,0.0,0.0,0.0,0.0,0.0
jet,NOUN,3,B,0.0,0.0,0.0,0.0,0.0,0.0,0.0
lorry,NOUN,3,B,0.0,0.0,0.0,0.0,0.0,0.0,0.0
lane,NOUN,4,B,0.0,0.0,0.0,0.0,0.0,0.0,0.0
itinerary,NOUN,5,C,0.0,0.0,0.0,0.0,0.0,0.0,0.0
luggage,NOUN,2,A,0.0,0.0,0.0,0.0,0.0,0.0,0.0
land,VERB,3,B,0.0,0.0,0.0,0.0,0.0,0.0,0.0
job,NOUN,1,A,0.0,0.0,0.0,0.0,0.0,0.0,0.0
overtime,NOUN,4,B,0.0,0.0,0.0,0.0,0.0,0.0,0.0
leave,NOUN,6,C,0.0,0.0,0.0,0.0,0.0,0.0,0.0
manufacture,VERB,4,B,0.0,0.0,0.0,0.0,0.0,0.0,0.0
overload,VERB,6,C,0.0,0.0,0.0,0.0,0.0,0.0,0.0
operate,VERB,4,B,0.0,0.0,0.0,0.0,0.0,0.0,0.0
murder,NOUN,3,B,0.0,0.0,0.0,0.0,0.0,0.0,0.0
mosque,NOUN,2,A,0.0,0.0,0.0,0.0,0.0,0.0,0.0
misunderstanding,NOUN,4,B,0.0,0.0,0.0,0.0,0.0,0.0,0.0
misfortune,NOUN,5,C,0.0,0.0,0.0,0.0,0.0,0.0,0.0
misuse,NOUN,5,C,0.0,0.0,0.0,0.0,0.0,0.0,0.0
misbehave,VERB,5,C,0.0,0.0,0.0,0.0,0.0,0.0,0.0
misunderstand,VERB,4,B,0.0,0.0,0.0,0.0,0.0,0.0,0.0
misuse,VERB,5,C,0.0,0.0,0.0,0.0,0.0,0.0,0.0
misplace,VERB,6,C,0.0,0.0,0.0,0.0,0.0,0.0,0.0
original,NOUN,4,B,0.0,0.0,0.0,0.0,0.0,0.0,0.0
occurrence,NOUN,5,C,0.0,0.0,0.0,0.0,0.0,0.0,0.0
negligence,NOUN,6,C,0.0,0.0,0.0,0.0,0.0,0.0,0.0
lawyer,NOUN,3,B,0.0,0.0,0.0,0.0,0.0,0.0,0.0
lighter,NOUN,3,B,0.0,0.0,0.0,0.0,0.0,0.0,0.0
lecturer,NOUN,4,B,0.0,0.0,0.0,0.0,0.0,0.0,0.0
maker,NOUN,4,B,0.0,0.0,0.0,0.0,0.0,0.0,0.0
minister,NOUN,4,B,0.0,0.0,0.0,0.0,0.0,0.0,0.0
organizer,NOUN,4,B,0.0,0.0,0.0,0.0,0.0,0.0,0.0
listener,NOUN,5,C,0.0,0.0,0.0,0.0,0.0,0.0,0.0
mechanic,NOUN,2,A,0.0,0.0,0.0,0.0,0.0,0.0,0.0
opening,NOUN,6,C,0.0,0.0,0.0,0.0,0.0,0.0,0.0
jogging,NOUN,3,B,0.0,0.0,0.0,0.0,0.0,0.0,0.0
lighting,NOUN,4,B,0.0,0.0,0.0,0.0,0.0,0.0,0.0
mining,NOUN,5,C,0.0,0.0,0.0,0.0,0.0,0.0,0.0
networking,NOUN,5,C,0.0,0.0,0.0,0.0,0.0,0.0,0.0
loathing,NOUN,6,C,0.0,0.0,0.0,0.0,0.0,0.0,0.0
living,NOUN,4,B,0.0,0.0,0.0,0.0,0.0,0.0,0.0
location,NOUN,3,B,0.0,0.0,0.0,0.0,0.0,0.0,0.0
occasion,NOUN,3,B,0.0,0.0,0.0,0.0,0.0,0.0,0.0
negotiation,NOUN,5,C,0.0,0.0,0.0,0.0,0.0,0.0,0.0
observation,NOUN,5,C,0.0,0.0,0.0,0.0,0.0,0.0,0.0
opposition,NOUN,5,C,0.0,0.0,0.0,0.0,0.0,0.0,0.0
obligation,NOUN,4,B,0.0,0.0,0.0,0.0,0.0,0.0,0.0
liberation,NOUN,5,C,0.0,0.0,0.0,0.0,0.0,0.0,0.0
limitation,NOUN,5,C,0.0,0.0,0.0,0.0,0.0,0.0,0.0
migration,NOUN,5,C,0.0,0.0,0.0,0.0,0.0,0.0,0.0
modification,NOUN,5,C,0.0,0.0,0.0,0.0,0.0,0.0,0.0
nomination,NOUN,5,C,0.0,0.0,0.0,0.0,0.0,0.0,0.0
medication,NOUN,6,C,0.0,0.0,0.0,0.0,0.0,0.0,0.0
mechanism,NOUN,5,C,0.0,0.0,0.0,0.0,0.0,0.0,0.0
journalism,NOUN,4,B,0.0,0.0,0.0,0.0,0.0,0.0,0.0
materialism,NOUN,6,C,0.0,0.0,0.0,0.0,0.0,0.0,0.0
journalist,NOUN,3,B,0.0,0.0,0.0,0.0,0.0,0.0,0.0
novelist,NOUN,4,B,0.0,0.0,0.0,0.0,0.0,0.0,0.0
mentality,NOUN,5,C,0.0,0.0,0.0,0.0,0.0,0.0,0.0
necessity,NOUN,5,C,0.0,0.0,0.0,0.0,0.0,0.0,0.0
liability,NOUN,5,C,0.0,0.0,0.0,0.0,0.0,0.0,0.0
mediocrity,NOUN,6,C,0.0,0.0,0.0,0.0,0.0,0.0,0.0
normality,NOUN,6,C,0.0,0.0,0.0,0.0,0.0,0.0,0.0
nationality,NOUN,1,A,0.0,0.0,0.0,0.0,0.0,0.0,0.0
opportunity,NOUN,3,B,0.0,0.0,0.0,0.0,0.0,0.0,0.0
objective,NOUN,4,B,0.0,0.0,0.0,0.0,0.0,0.0,0.0
minimize,VERB,5,C,0.0,0.0,0.0,0.0,0.0,0.0,0.0
maximize,VERB,6,C,0.0,0.0,0.0,0.0,0.0,0.0,0.0
judgment,NOUN,4,B,0.0,0.0,0.0,0.0,0.0,0.0,0.0
loneliness,NOUN,5,C,0.0,0.0,0.0,0.0,0.0,0.0,0.0
membership,NOUN,3,B,0.0,0.0,0.0,0.0,0.0,0.0,0.0
killing,NOUN,3,B,0.0,0.0,0.0,0.0,0.0,0.0,0.0
kind,NOUN,1,A,0.0,0.0,0.0,0.0,0.0,0.0,0.0
mobile,NOUN,1,A,0.0,0.0,0.0,0.0,0.0,0.0,0.0
month,NOUN,1,A,0.0,0.0,0.0,0.0,0.0,0.0,0.0
kite,NOUN,2,A,0.0,0.0,0.0,0.0,0.0,0.0,0.0
mistake,NOUN,2,A,0.0,0.0,0.0,0.0,0.0,0.0,0.0
moment,NOUN,2,A,0.0,0.0,0.0,0.0,0.0,0.0,0.0
noun,NOUN,2,A,0.0,0.0,0.0,0.0,0.0,0.0,0.0
nurse,NOUN,2,A,0.0,0.0,0.0,0.0,0.0,0.0,0.0
jar,NOUN,3,B,0.0,0.0,0.0,0.0,0.0,0.0,0.0
judge,NOUN,3,B,0.0,0.0,0.0,0.0,0.0,0.0,0.0
jug,NOUN,3,B,0.0,0.0,0.0,0.0,0.0,0.0,0.0
lecture,NOUN,3,B,0.0,0.0,0.0,0.0,0.0,0.0,0.0
lock,NOUN,3,B,0.0,0.0,0.0,0.0,0.0,0.0,0.0
lottery,NOUN,3,B,0.0,0.0,0.0,0.0,0.0,0.0,0.0
mall,NOUN,3,B,0.0,0.0,0.0,0.0,0.0,0.0,0.0
method,NOUN,3,B,0.0,0.0,0.0,0.0,0.0,0.0,0.0
musician,NOUN,3,B,0.0,0.0,0.0,0.0,0.0,0.0,0.0
neighbourhood,NOUN,3,B,0.0,0.0,0.0,0.0,0.0,0.0,0.0
nightclub,NOUN,3,B,0.0,0.0,0.0,0.0,0.0,0.0,0.0
nightmare,NOUN,3,B,0.0,0.0,0.0,0.0,0.0,0.0,0.0
noticeboard,NOUN,3,B,0.0,0.0,0.0,0.0,0.0,0.0,0.0
object,NOUN,3,B,0.0,0.0,0.0,0.0,0.0,0.0,0.0
olive,NOUN,3,B,0.0,0.0,0.0,0.0,0.0,0.0,0.0
opinion,NOUN,3,B,0.0,0.0,0.0,0.0,0.0,0.0,0.0
opposite,NOUN,3,B,0.0,0.0,0.0,0.0,0.0,0.0,0.0
option,NOUN,3,B,0.0,0.0,0.0,0.0,0.0,0.0,0.0
jewel,NOUN,4,B,0.0,0.0,0.0,0.0,0.0,0.0,0.0
landlady,NOUN,4,B,0.0,0.0,0.0,0.0,0.0,0.0,0.0
landlord,NOUN,4,B,0.0,0.0,0.0,0.0,0.0,0.0,0.0
layer,NOUN,4,B,0.0,0.0,0.0,0.0,0.0,0.0,0.0
leaflet,NOUN,4,B,0.0,0.0,0.0,0.0,0.0,0.0,0.0
leak,NOUN,4,B,0.0,0.0,0.0,0.0,0.0,0.0,0.0
lid,NOUN,4,B,0.0,0.0,0.0,0.0,0.0,0.0,0.0
lifestyle,NOUN,4,B,0.0,0.0,0.0,0.0,0.0,0.0,0.0
male,NOUN,4,B,0.0,0.0,0.0,0.0,0.0,0.0,0.0
mayor,NOUN,4,B,0.0,0.0,0.0,0.0,0.0,0.0,0.0
medal,NOUN,4,B,0.0,0.0,0.0,0.0,0.0,0.0,0.0
mine,NOUN,4,B,0.0,0.0,0.0,0.0,0.0,0.0,0.0
miracle,NOUN,4,B,0.0,0.0,0.0,0.0,0.0,0.0,0.0
motive,NOUN,4,B,0.0,0.0,0.0,0.0,0.0,0.0,0.0
motor,NOUN,4,B,0.0,0.0,0.0,0.0,0.0,0.0,0.0
nut,NOUN,4,B,0.0,0.0,0.0,0.0,0.0,0.0,0.0
journal,NOUN,5,C,0.0,0.0,0.0,0.0,0.0,0.0,0.0
knob,NOUN,5,C,0.0,0.0,0.0,0.0,0.0,0.0,0.0
lawn,NOUN,5,C,0.0,0.0,0.0,0.0,0.0,0.0,0.0
layout,NOUN,5,C,0.0,0.0,0.0,0.0,0.0,0.0,0.0
luxury,NOUN,5,C,0.0,0.0,0.0,0.0,0.0,0.0,0.0
mat,NOUN,5,C,0.0,0.0,0.0,0.0,0.0,0.0,0.0
ministry,NOUN,5,C,0.0,0.0,0.0,0.0,0.0,0.0,0.0
mode,NOUN,5,C,0.0,0.0,0.0,0.0,0.0,0.0,0.0
nap,NOUN,5,C,0.0,0.0,0.0,0.0,0.0,0.0,0.0
newsletter,NOUN,5,C,0.0,0.0,0.0,0.0,0.0,0.0,0.0
nickname,NOUN,5,C,0.0,0.0,0.0,0.0,0.0,0.0,0.0
norm,NOUN,5,C,0.0,0.0,0.0,0.0,0.0,0.0,0.0
notion,NOUN,5,C,0.0,0.0,0.0,0.0,0.0,0.0,0.0
obstacle,NOUN,5,C,0.0,0.0,0.0,0.0,0.0,0.0,0.0
overview,NOUN,5,C,0.0,0.0,0.0,0.0,0.0,0.0,0.0
knot,NOUN,6,C,0.0,0.0,0.0,0.0,0.0,0.0,0.0
leap,NOUN,6,C,0.0,0.0,0.0,0.0,0.0,0.0,0.0
lifespan,NOUN,6,C,0.0,0.0,0.0,0.0,0.0,0.0,0.0
lump,NOUN,6,C,0.0,0.0,0.0,0.0,0.0,0.0,0.0
memorial,NOUN,6,C,0.0,0.0,0.0,0.0,0.0,0.0,0.0
millennium,NOUN,6,C,0.0,0.0,0.0,0.0,0.0,0.0,0.0
missile,NOUN,6,C,0.0,0.0,0.0,0.0,0.0,0.0,0.0
murmur,NOUN,6,C,0.0,0.0,0.0,0.0,0.0,0.0,0.0
novelty,NOUN,6,C,0.0,0.0,0.0,0.0,0.0,0.0,0.0
odour,NOUN,6,C,0.0,0.0,0.0,0.0,0.0,0.0,0.0
ordeal,NOUN,6,C,0.0,0.0,0.0,0.0,0.0,0.0,0.0
ornament,NOUN,6,C,0.0,0.0,0.0,0.0,0.0,0.0,0.0
outbreak,NOUN,6,C,0.0,0.0,0.0,0.0,0.0,0.0,0.0
outlet,NOUN,6,C,0.0,0.0,0.0,0.0,0.0,0.0,0.0
leather,NOUN,2,A,0.0,0.0,0.0,0.0,0.0,0.0,0.0
luck,NOUN,2,A,0.0,0.0,0.0,0.0,0.0,0.0,0.0
magic,NOUN,2,A,0.0,0.0,0.0,0.0,0.0,0.0,0.0
midday,NOUN,2,A,0.0,0.0,0.0,0.0,0.0,0.0,0.0
midnight,NOUN,2,A,0.0,0.0,0.0,0.0,0.0,0.0,0.0
noon,NOUN,2,A,0.0,0.0,0.0,0.0,0.0,0.0,0.0
north,NOUN,2,A,0.0,0.0,0.0,0.0,0.0,0.0,0.0
nightlife,NOUN,3,B,0.0,0.0,0.0,0.0,0.0,0.0,0.0
northeast,NOUN,3,B,0.0,0.0,0.0,0.0,0.0,0.0,0.0
northwest,NOUN,3,B,0.0,0.0,0.0,0.0,0.0,0.0,0.0
laundry,NOUN,4,B,0.0,0.0,0.0,0.0,0.0,0.0,0.0
liberty,NOUN,4,B,0.0,0.0,0.0,0.0,0.0,0.0,0.0
litter,NOUN,4,B,0.0,0.0,0.0,0.0,0.0,0.0,0.0
mankind,NOUN,4,B,0.0,0.0,0.0,0.0,0.0,0.0,0.0
jealousy,NOUN,5,C,0.0,0.0,0.0,0.0,0.0,0.0,0.0
literacy,NOUN,5,C,0.0,0.0,0.0,0.0,0.0,0.0,0.0
logic,NOUN,5,C,0.0,0.0,0.0,0.0,0.0,0.0,0.0
neglect,NOUN,5,C,0.0,0.0,0.0,0.0,0.0,0.0,0.0
nutrition,NOUN,5,C,0.0,0.0,0.0,0.0,0.0,0.0,0.0
likelihood,NOUN,6,C,0.0,0.0,0.0,0.0,0.0,0.0,0.0
linen,NOUN,6,C,0.0,0.0,0.0,0.0,0.0,0.0,0.0
lure,NOUN,6,C,0.0,0.0,0.0,0.0,0.0,0.0,0.0
momentum,NOUN,6,C,0.0,0.0,0.0,0.0,0.0,0.0,0.0
morale,NOUN,6,C,0.0,0.0,0.0,0.0,0.0,0.0,0.0
nostalgia,NOUN,6,C,0.0,0.0,0.0,0.0,0.0,0.0,0.0
output,NOUN,6,C,0.0,0.0,0.0,0.0,0.0,0.0,0.0
January,NOUN,1,A,0.0,0.0,0.0,0.0,0.0,0.0,0.0
July,NOUN,1,A,0.0,0.0,0.0,0.0,0.0,0.0,0.0
June,NOUN,1,A,0.0,0.0,0.0,0.0,0.0,0.0,0.0
March,NOUN,1,A,0.0,0.0,0.0,0.0,0.0,0.0,0.0
May,NOUN,1,A,0.0,0.0,0.0,0.0,0.0,0.0,0.0
Monday,NOUN,1,A,0.0,0.0,0.0,0.0,0.0,0.0,0.0
morning,NOUN,1,A,0.0,0.0,0.0,0.0,0.0,0.0,0.0
night,NOUN,1,A,0.0,0.0,0.0,0.0,0.0,0.0,0.0
noise,NOUN,1,A,0.0,0.0,0.0,0.0,0.0,0.0,0.0
November,NOUN,1,A,0.0,0.0,0.0,0.0,0.0,0.0,0.0
October,NOUN,1,A,0.0,0.0,0.0,0.0,0.0,0.0,0.0
jail,NOUN,3,B,0.0,0.0,0.0,0.0,0.0,0.0,0.0
lamb,NOUN,3,B,0.0,0.0,0.0,0.0,0.0,0.0,0.0
liquid,NOUN,3,B,0.0,0.0,0.0,0.0,0.0,0.0,0.0
mystery,NOUN,3,B,0.0,0.0,0.0,0.0,0.0,0.0,0.0
mixture,NOUN,4,B,0.0,0.0,0.0,0.0,0.0,0.0,0.0
origin,NOUN,4,B,0.0,0.0,0.0,0.0,0.0,0.0,0.0
justification,NOUN,6,C,0.0,0.0,0.0,0.0,0.0,0.0,0.0
merger,NOUN,6,C,0.0,0.0,0.0,0.0,0.0,0.0,0.0
mishap,NOUN,6,C,0.0,0.0,0.0,0.0,0.0,0.0,0.0
monopoly,NOUN,6,C,0.0,0.0,0.0,0.0,0.0,0.0,0.0
muddle,NOUN,6,C,0.0,0.0,0.0,0.0,0.0,0.0,0.0
omission,NOUN,6,C,0.0,0.0,0.0,0.0,0.0,0.0,0.0
overload,NOUN,6,C,0.0,0.0,0.0,0.0,0.0,0.0,0.0
outskirts,NOUN,4,B,0.0,0.0,0.0,0.0,0.0,0.0,0.0
odds,NOUN,5,C,0.0,0.0,0.0,0.0,0.0,0.0,0.0
mix,NOUN,3,B,0.0,0.0,0.0,0.0,0.0,0.0,0.0
manner,NOUN,4,B,0.0,0.0,0.0,0.0,0.0,0.0,0.0
mess,NOUN,4,B,0.0,0.0,0.0,0.0,0.0,0.0,0.0
need,NOUN,4,B,0.0,0.0,0.0,0.0,0.0,0.0,0.0
outlook,NOUN,5,C,0.0,0.0,0.0,0.0,0.0,0.0,0.0
matter,VERB,2,A,0.0,0.0,0.0,0.0,0.0,0.0,0.0
live,VERB,3,B,0.0,0.0,0.0,0.0,0.0,0.0,0.0
occur,VERB,4,B,0.0,0.0,0.0,0.0,0.0,0.0,0.0
mingle,VERB,5,C,0.0,0.0,0.0,0.0,0.0,0.0,0.0
lecture,VERB,6,C,0.0,0.0,0.0,0.0,0.0,0.0,0.0
linger,VERB,6,C,0.0,0.0,0.0,0.0,0.0,0.0,0.0
loom,VERB,6,C,0.0,0.0,0.0,0.0,0.0,0.0,0.0
need,VERB,1,A,0.0,0.0,0.0,0.0,0.0,0.0,0.0
let,VERB,3,B,0.0,0.0,0.0,0.0,0.0,0.0,0.0
own,VERB,3,B,0.0,0.0,0.0,0.0,0.0,0.0,0.0
lack,VERB,4,B,0.0,0.0,0.0,0.0,0.0,0.0,0.0
link,VERB,4,B,0.0,0.0,0.0,0.0,0.0,0.0,0.0
measure,VERB,4,B,0.0,0.0,0.0,0.0,0.0,0.0,0.0
overlook,VERB,4,B,0.0,0.0,0.0,0.0,0.0,0.0,0.0
label,VERB,5,C,0.0,0.0,0.0,0.0,0.0,0.0,0.0
match,VERB,5,C,0.0,0.0,0.0,0.0,0.0,0.0,0.0
modify,VERB,5,C,0.0,0.0,0.0,0.0,0.0,0.0,0.0
neglect,VERB,5,C,0.0,0.0,0.0,0.0,0.0,0.0,0.0
nominate,VERB,5,C,0.0,0.0,0.0,0.0,0.0,0.0,0.0
number,VERB,5,C,0.0,0.0,0.0,0.0,0.0,0.0,0.0
outnumber,VERB,5,C,0.0,0.0,0.0,0.0,0.0,0.0,0.0
outrage,VERB,5,C,0.0,0.0,0.0,0.0,0.0,0.0,0.0
outweigh,VERB,5,C,0.0,0.0,0.0,0.0,0.0,0.0,0.0
overdo,VERB,5,C,0.0,0.0,0.0,0.0,0.0,0.0,0.0
overtake,VERB,5,C,0.0,0.0,0.0,0.0,0.0,0.0,0.0
overwhelm,VERB,5,C,0.0,0.0,0.0,0.0,0.0,0.0,0.0
juggle,VERB,6,C,0.0,0.0,0.0,0.0,0.0,0.0,0.0
leak,VERB,6,C,0.0,0.0,0.0,0.0,0.0,0.0,0.0
line,VERB,6,C,0.0,0.0,0.0,0.0,0.0,0.0,0.0
loathe,VERB,6,C,0.0,0.0,0.0,0.0,0.0,0.0,0.0
lure,VERB,6,C,0.0,0.0,0.0,0.0,0.0,0.0,0.0
moderate,VERB,6,C,0.0,0.0,0.0,0.0,0.0,0.0,0.0
nurse,VERB,6,C,0.0,0.0,0.0,0.0,0.0,0.0,0.0
offset,VERB,6,C,0.0,0.0,0.0,0.0,0.0,0.0,0.0
overhear,VERB,6,C,0.0,0.0,0.0,0.0,0.0,0.0,0.0
knit,VERB,3,B,0.0,0.0,0.0,0.0,0.0,0.0,0.0
marry,VERB,3,B,0.0,0.0,0.0,0.0,0.0,0.0,0.0
melt,VERB,4,B,0.0,0.0,0.0,0.0,0.0,0.0,0.0
nod,VERB,4,B,0.0,0.0,0.0,0.0,0.0,0.0,0.0
jam,VERB,5,C,0.0,0.0,0.0,0.0,0.0,0.0,0.0
lengthen,VERB,5,C,0.0,0.0,0.0,0.0,0.0,0.0,0.0
lessen,VERB,5,C,0.0,0.0,0.0,0.0,0.0,0.0,0.0
negotiate,VERB,5,C,0.0,0.0,0.0,0.0,0.0,0.0,0.0
overestimate,VERB,5,C,0.0,0.0,0.0,0.0,0.0,0.0,0.0
loosen,VERB,6,C,0.0,0.0,0.0,0.0,0.0,0.0,0.0
murmur,VERB,6,C,0.0,0.0,0.0,0.0,0.0,0.0,0.0
overflow,VERB,6,C,0.0,0.0,0.0,0.0,0.0,0.0,0.0
overlap,VERB,6,C,0.0,0.0,0.0,0.0,0.0,0.0,0.0
murder,VERB,3,B,0.0,0.0,0.0,0.0,0.0,0.0,0.0
OK,ADJ,1,A,0.0,0.0,0.0,0.0,0.0,0.0,0.0
moreover,ADV,4,B,0.0,0.0,0.0,0.0,0.0,0.0,0.0
mad,ADJ,2,A,0.0,0.0,0.0,0.0,0.0,0.0,0.0
laid-back,ADJ,6,C,0.0,0.0,0.0,0.0,0.0,0.0,0.0
notwithstanding,ADV,5,C,0.0,0.0,0.0,0.0,0.0,0.0,0.0
likewise,ADV,6,C,0.0,0.0,0.0,0.0,0.0,0.0,0.0
miserable,ADJ,6,C,0.0,0.0,0.0,0.0,0.0,0.0,0.0
OK,ADV,2,A,0.0,0.0,0.0,0.0,0.0,0.0,0.0
misleading,ADJ,4,B,0.0,0.0,0.0,0.0,0.0,0.0,0.0
misinterpretation,NOUN,6,C,0.0,0.0,0.0,0.0,0.0,0.0,0.0
noticeable,ADJ,5,C,0.0,0.0,0.0,0.0,0.0,0.0,0.0
musical,ADJ,2,A,0.0,0.0,0.0,0.0,0.0,0.0,0.0
orchestral,ADJ,4,B,0.0,0.0,0.0,0.0,0.0,0.0,0.0
original,ADJ,4,B,0.0,0.0,0.0,0.0,0.0,0.0,0.0
medical,ADJ,4,B,0.0,0.0,0.0,0.0,0.0,0.0,0.0
oral,ADJ,4,B,0.0,0.0,0.0,0.0,0.0,0.0,0.0
minimal,ADJ,5,C,0.0,0.0,0.0,0.0,0.0,0.0,0.0
mental,ADJ,4,B,0.0,0.0,0.0,0.0,0.0,0.0,0.0
liberal,ADJ,5,C,0.0,0.0,0.0,0.0,0.0,0.0,0.0
natural,ADJ,5,C,0.0,0.0,0.0,0.0,0.0,0.0,0.0
national,ADJ,2,A,0.0,0.0,0.0,0.0,0.0,0.0,0.0
official,ADJ,4,B,0.0,0.0,0.0,0.0,0.0,0.0,0.0
observant,ADJ,6,C,0.0,0.0,0.0,0.0,0.0,0.0,0.0
limited,ADJ,3,B,0.0,0.0,0.0,0.0,0.0,0.0,0.0
old-fashioned,ADJ,3,B,0.0,0.0,0.0,0.0,0.0,0.0,0.0
middle-aged,ADJ,3,B,0.0,0.0,0.0,0.0,0.0,0.0,0.0
motivated,ADJ,4,B,0.0,0.0,0.0,0.0,0.0,0.0,0.0
organized,ADJ,4,B,0.0,0.0,0.0,0.0,0.0,0.0,0.0
narrow-minded,ADJ,5,C,0.0,0.0,0.0,0.0,0.0,0.0,0.0
open-minded,ADJ,5,C,0.0,0.0,0.0,0.0,0.0,0.0,0.0
married,ADJ,2,A,0.0,0.0,0.0,0.0,0.0,0.0,0.0
overworked,ADJ,5,C,0.0,0.0,0.0,0.0,0.0,0.0,0.0
lenient,ADJ,6,C,0.0,0.0,0.0,0.0,0.0,0.0,0.0
negligible,ADJ,6,C,0.0,0.0,0.0,0.0,0.0,0.0,0.0
organic,ADJ,4,B,0.0,0.0,0.0,0.0,0.0,0.0,0.0
optimistic,ADJ,4,B,0.0,0.0,0.0,0.0,0.0,0.0,0.0
magnetic,ADJ,5,C,0.0,0.0,0.0,0.0,0.0,0.0,0.0
outstanding,ADJ,4,B,0.0,0.0,0.0,0.0,0.0,0.0,0.0
off-putting,ADJ,6,C,0.0,0.0,0.0,0.0,0.0,0.0,0.0
moving,ADJ,4,B,0.0,0.0,0.0,0.0,0.0,0.0,0.0
outgoing,ADJ,5,C,0.0,0.0,0.0,0.0,0.0,0.0,0.0
overwhelming,ADJ,5,C,0.0,0.0,0.0,0.0,0.0,0.0,0.0
operation,NOUN,3,B,0.0,0.0,0.0,0.0,0.0,0.0,0.0
negative,ADJ,4,B,0.0,0.0,0.0,0.0,0.0,0.0,0.0
massive,ADJ,4,B,0.0,0.0,0.0,0.0,0.0,0.0,0.0
lucrative,ADJ,6,C,0.0,0.0,0.0,0.0,0.0,0.0,0.0
objective,ADJ,4,B,0.0,0.0,0.0,0.0,0.0,0.0,0.0
offensive,ADJ,4,B,0.0,0.0,0.0,0.0,0.0,0.0,0.0
obsessive,ADJ,6,C,0.0,0.0,0.0,0.0,0.0,0.0,0.0
merciless,ADJ,6,C,0.0,0.0,0.0,0.0,0.0,0.0,0.0
musically,ADV,6,C,0.0,0.0,0.0,0.0,0.0,0.0,0.0
naturally,ADV,5,C,0.0,0.0,0.0,0.0,0.0,0.0,0.0
medically,ADV,6,C,0.0,0.0,0.0,0.0,0.0,0.0,0.0
mainly,ADV,3,B,0.0,0.0,0.0,0.0,0.0,0.0,0.0
largely,ADV,4,B,0.0,0.0,0.0,0.0,0.0,0.0,0.0
necessarily,ADV,4,B,0.0,0.0,0.0,0.0,0.0,0.0,0.0
legally,ADV,4,B,0.0,0.0,0.0,0.0,0.0,0.0,0.0
lovely,ADJ,2,A,0.0,0.0,0.0,0.0,0.0,0.0,0.0
merely,ADV,4,B,0.0,0.0,0.0,0.0,0.0,0.0,0.0
negatively,ADV,4,B,0.0,0.0,0.0,0.0,0.0,0.0,0.0
nicely,ADV,4,B,0.0,0.0,0.0,0.0,0.0,0.0,0.0
moderately,ADV,6,C,0.0,0.0,0.0,0.0,0.0,0.0,0.0
lively,ADJ,3,B,0.0,0.0,0.0,0.0,0.0,0.0,0.0
lonely,ADJ,3,B,0.0,0.0,0.0,0.0,0.0,0.0,0.0
kindly,ADV,3,B,0.0,0.0,0.0,0.0,0.0,0.0,0.0
jealously,ADV,4,B,0.0,0.0,0.0,0.0,0.0,0.0,0.0
nervously,ADV,4,B,0.0,0.0,0.0,0.0,0.0,0.0,0.0
openly,ADV,5,C,0.0,0.0,0.0,0.0,0.0,0.0,0.0
measurement,NOUN,4,B,0.0,0.0,0.0,0.0,0.0,0.0,0.0
marvellous,ADJ,3,B,0.0,0.0,0.0,0.0,0.0,0.0,0.0
luxurious,ADJ,5,C,0.0,0.0,0.0,0.0,0.0,0.0,0.0
monotonous,ADJ,5,C,0.0,0.0,0.0,0.0,0.0,0.0,0.0
numerous,ADJ,5,C,0.0,0.0,0.0,0.0,0.0,0.0,0.0
jealous,ADJ,3,B,0.0,0.0,0.0,0.0,0.0,0.0,0.0
nervous,ADJ,3,B,0.0,0.0,0.0,0.0,0.0,0.0,0.0
outrageous,ADJ,4,B,0.0,0.0,0.0,0.0,0.0,0.0,0.0
malicious,ADJ,6,C,0.0,0.0,0.0,0.0,0.0,0.0,0.0
misty,ADJ,4,B,0.0,0.0,0.0,0.0,0.0,0.0,0.0
lazy,ADJ,2,A,0.0,0.0,0.0,0.0,0.0,0.0,0.0
nosy,ADJ,6,C,0.0,0.0,0.0,0.0,0.0,0.0,0.0
lead,ADJ,3,B,0.0,0.0,0.0,0.0,0.0,0.0,0.0
live,ADJ,3,B,0.0,0.0,0.0,0.0,0.0,0.0,0.0
literary,ADJ,4,B,0.0,0.0,0.0,0.0,0.0,0.0,0.0
on,ADV,6,C,0.0,0.0,0.0,0.0,0.0,0.0,0.0
orchestra,NOUN,3,B,0.0,0.0,0.0,0.0,0.0,0.0,0.0
non-smoking,ADJ,4,B,0.0,0.0,0.0,0.0,0.0,0.0,0.0
long,ADJ,2,A,0.0,0.0,0.0,0.0,0.0,0.0,0.0
little,ADJ,4,B,0.0,0.0,0.0,0.0,0.0,0.0,0.0
no,ADV,1,A,0.0,0.0,0.0,0.0,0.0,0.0,0.0
maybe,ADV,2,A,0.0,0.0,0.0,0.0,0.0,0.0,0.0
just,ADV,3,B,0.0,0.0,0.0,0.0,0.0,0.0,0.0
nevertheless,ADV,4,B,0.0,0.0,0.0,0.0,0.0,0.0,0.0
overall,ADV,4,B,0.0,0.0,0.0,0.0,0.0,0.0,0.0
madam,NOUN,3,B,0.0,0.0,0.0,0.0,0.0,0.0,0.0
nonsense,NOUN,4,B,0.0,0.0,0.0,0.0,0.0,0.0,0.0
legal,ADJ,4,B,0.0,0.0,0.0,0.0,0.0,0.0,0.0
legitimate,ADJ,6,C,0.0,0.0,0.0,0.0,0.0,0.0,0.0
jury,NOUN,4,B,0.0,0.0,0.0,0.0,0.0,0.0,0.0
light,ADJ,1,A,0.0,0.0,0.0,0.0,0.0,0.0,0.0
new,ADJ,1,A,0.0,0.0,0.0,0.0,0.0,0.0,0.0
nice,ADJ,1,A,0.0,0.0,0.0,0.0,0.0,0.0,0.0
orange,ADJ,1,A,0.0,0.0,0.0,0.0,0.0,0.0,0.0
large,ADJ,2,A,0.0,0.0,0.0,0.0,0.0,0.0,0.0
left,ADJ,2,A,0.0,0.0,0.0,0.0,0.0,0.0,0.0
left-hand,ADJ,2,A,0.0,0.0,0.0,0.0,0.0,0.0,0.0
loud,ADJ,2,A,0.0,0.0,0.0,0.0,0.0,0.0,0.0
low,ADJ,2,A,0.0,0.0,0.0,0.0,0.0,0.0,0.0
old,ADJ,2,A,0.0,0.0,0.0,0.0,0.0,0.0,0.0
last,ADJ,3,B,0.0,0.0,0.0,0.0,0.0,0.0,0.0
magnificent,ADJ,3,B,0.0,0.0,0.0,0.0,0.0,0.0,0.0
main,ADJ,3,B,0.0,0.0,0.0,0.0,0.0,0.0,0.0
maximum,ADJ,3,B,0.0,0.0,0.0,0.0,0.0,0.0,0.0
medium,ADJ,3,B,0.0,0.0,0.0,0.0,0.0,0.0,0.0
minimum,ADJ,3,B,0.0,0.0,0.0,0.0,0.0,0.0,0.0
narrow,ADJ,3,B,0.0,0.0,0.0,0.0,0.0,0.0,0.0
nasty,ADJ,3,B,0.0,0.0,0.0,0.0,0.0,0.0,0.0
near,ADJ,3,B,0.0,0.0,0.0,0.0,0.0,0.0,0.0
nearby,ADJ,3,B,0.0,0.0,0.0,0.0,0.0,0.0,0.0
opposite,ADJ,3,B,0.0,0.0,0.0,0.0,0.0,0.0,0.0
outdoor,ADJ,3,B,0.0,0.0,0.0,0.0,0.0,0.0,0.0
key,ADJ,4,B,0.0,0.0,0.0,0.0,0.0,0.0,0.0
level,ADJ,4,B,0.0,0.0,0.0,0.0,0.0,0.0,0.0
medieval,ADJ,4,B,0.0,0.0,0.0,0.0,0.0,0.0,0.0
mere,ADJ,4,B,0.0,0.0,0.0,0.0,0.0,0.0,0.0
middle,ADJ,4,B,0.0,0.0,0.0,0.0,0.0,0.0,0.0
modest,ADJ,4,B,0.0,0.0,0.0,0.0,0.0,0.0,0.0
outer,ADJ,4,B,0.0,0.0,0.0,0.0,0.0,0.0,0.0
outside,ADJ,4,B,0.0,0.0,0.0,0.0,0.0,0.0,0.0
oval,ADJ,4,B,0.0,0.0,0.0,0.0,0.0,0.0,0.0
mild,ADJ,5,C,0.0,0.0,0.0,0.0,0.0,0.0,0.0
moderate,ADJ,5,C,0.0,0.0,0.0,0.0,0.0,0.0,0.0
mundane,ADJ,5,C,0.0,0.0,0.0,0.0,0.0,0.0,0.0
marginal,ADJ,6,C,0.0,0.0,0.0,0.0,0.0,0.0,0.0
mediocre,ADJ,6,C,0.0,0.0,0.0,0.0,0.0,0.0,0.0
minute,ADJ,6,C,0.0,0.0,0.0,0.0,0.0,0.0,0.0
outside,ADV,1,A,0.0,0.0,0.0,0.0,0.0,0.0,0.0
left,ADV,2,A,0.0,0.0,0.0,0.0,0.0,0.0,0.0
less,ADV,2,A,0.0,0.0,0.0,0.0,0.0,0.0,0.0
most,ADV,2,A,0.0,0.0,0.0,0.0,0.0,0.0,0.0
over,ADV,2,A,0.0,0.0,0.0,0.0,0.0,0.0,0.0
least,ADV,3,B,0.0,0.0,0.0,0.0,0.0,0.0,0.0
low,ADV,3,B,0.0,0.0,0.0,0.0,0.0,0.0,0.0
more,ADV,3,B,0.0,0.0,0.0,0.0,0.0,0.0,0.0
much,ADV,3,B,0.0,0.0,0.0,0.0,0.0,0.0,0.0
near,ADV,3,B,0.0,0.0,0.0,0.0,0.0,0.0,0.0
nearby,ADV,3,B,0.0,0.0,0.0,0.0,0.0,0.0,0.0
opposite,ADV,3,B,0.0,0.0,0.0,0.0,0.0,0.0,0.0
little,ADV,5,C,0.0,0.0,0.0,0.0,0.0,0.0,0.0
minimum,NOUN,3,B,0.0,0.0,0.0,0.0,0.0,0.0,0.0
off,ADJ,4,B,0.0,0.0,0.0,0.0,0.0,0.0,0.0
overdrawn,ADJ,5,C,0.0,0.0,0.0,0.0,0.0,0.0,0.0
monetary,ADJ,6,C,0.0,0.0,0.0,0.0,0.0,0.0,0.0
owe,VERB,3,B,0.0,0.0,0.0,0.0,0.0,0.0,0.0
manual,ADJ,4,B,0.0,0.0,0.0,0.0,0.0,0.0,0.0
kind,ADJ,2,A,0.0,0.0,0.0,0.0,0.0,0.0,0.0
keen,ADJ,3,B,0.0,0.0,0.0,0.0,0.0,0.0,0.0
loyal,ADJ,4,B,0.0,0.0,0.0,0.0,0.0,0.0,0.0
mature,ADJ,4,B,0.0,0.0,0.0,0.0,0.0,0.0,0.0
mean,ADJ,4,B,0.0,0.0,0.0,0.0,0.0,0.0,0.0
naughty,ADJ,4,B,0.0,0.0,0.0,0.0,0.0,0.0,0.0
knowledgeable,ADJ,5,C,0.0,0.0,0.0,0.0,0.0,0.0,0.0
naive,ADJ,5,C,0.0,0.0,0.0,0.0,0.0,0.0,0.0
noble,ADJ,5,C,0.0,0.0,0.0,0.0,0.0,0.0,0.0
mechanical,ADJ,6,C,0.0,0.0,0.0,0.0,0.0,0.0,0.0
open,ADJ,6,C,0.0,0.0,0.0,0.0,0.0,0.0,0.0
mentally,ADV,4,B,0.0,0.0,0.0,0.0,0.0,0.0,0.0
knowledge,NOUN,3,B,0.0,0.0,0.0,0.0,0.0,0.0,0.0
nuisance,NOUN,4,B,0.0,0.0,0.0,0.0,0.0,0.0,0.0
left-wing,ADJ,5,C,0.0,0.0,0.0,0.0,0.0,0.0,0.0
out,ADV,3,B,0.0,0.0,0.0,0.0,0.0,0.0,0.0
online,ADJ,2,A,0.0,0.0,0.0,0.0,0.0,0.0,0.0
off,ADV,2,A,0.0,0.0,0.0,0.0,0.0,0.0,0.0
online,ADV,2,A,0.0,0.0,0.0,0.0,0.0,0.0,0.0
misinform,VERB,5,C,0.0,0.0,0.0,0.0,0.0,0.0,0.0
memorable,ADJ,4,B,0.0,0.0,0.0,0.0,0.0,0.0,0.0
liable,ADJ,5,C,0.0,0.0,0.0,0.0,0.0,0.0,0.0
notable,ADJ,5,C,0.0,0.0,0.0,0.0,0.0,0.0,0.0
normal,ADJ,2,A,0.0,0.0,0.0,0.0,0.0,0.0,0.0
logical,ADJ,4,B,0.0,0.0,0.0,0.0,0.0,0.0,0.0
magical,ADJ,4,B,0.0,0.0,0.0,0.0,0.0,0.0,0.0
mathematical,ADJ,4,B,0.0,0.0,0.0,0.0,0.0,0.0,0.0
optional,ADJ,4,B,0.0,0.0,0.0,0.0,0.0,0.0,0.0
municipal,ADJ,5,C,0.0,0.0,0.0,0.0,0.0,0.0,0.0
nutritional,ADJ,5,C,0.0,0.0,0.0,0.0,0.0,0.0,0.0
occasional,ADJ,5,C,0.0,0.0,0.0,0.0,0.0,0.0,0.0
literal,ADJ,6,C,0.0,0.0,0.0,0.0,0.0,0.0,0.0
naval,ADJ,6,C,0.0,0.0,0.0,0.0,0.0,0.0,0.0
overcrowded,ADJ,5,C,0.0,0.0,0.0,0.0,0.0,0.0,0.0
muddled,ADJ,6,C,0.0,0.0,0.0,0.0,0.0,0.0,0.0
non-existent,ADJ,5,C,0.0,0.0,0.0,0.0,0.0,0.0,0.0
negligent,ADJ,6,C,0.0,0.0,0.0,0.0,0.0,0.0,0.0
later,ADJ,4,B,0.0,0.0,0.0,0.0,0.0,0.0,0.0
later,ADV,2,A,0.0,0.0,0.0,0.0,0.0,0.0,0.0
meaningful,ADJ,4,B,0.0,0.0,0.0,0.0,0.0,0.0,0.0
merciful,ADJ,6,C,0.0,0.0,0.0,0.0,0.0,0.0,0.0
linguistic,ADJ,5,C,0.0,0.0,0.0,0.0,0.0,0.0,0.0
materialistic,ADJ,6,C,0.0,0.0,0.0,0.0,0.0,0.0,0.0
nostalgic,ADJ,6,C,0.0,0.0,0.0,0.0,0.0,0.0,0.0
missing,ADJ,2,A,0.0,0.0,0.0,0.0,0.0,0.0,0.0
leading,ADJ,4,B,0.0,0.0,0.0,0.0,0.0,0.0,0.0
living,ADJ,4,B,0.0,0.0,0.0,0.0,0.0,0.0,0.0
neighbouring,ADJ,4,B,0.0,0.0,0.0,0.0,0.0,0.0,0.0
never-ending,ADJ,5,C,0.0,0.0,0.0,0.0,0.0,0.0,0.0
opening,ADJ,5,C,0.0,0.0,0.0,0.0,0.0,0.0,0.0
long-lasting,ADJ,6,C,0.0,0.0,0.0,0.0,0.0,0.0,0.0
long-running,ADJ,6,C,0.0,0.0,0.0,0.0,0.0,0.0,0.0
ongoing,ADJ,6,C,0.0,0.0,0.0,0.0,0.0,0.0,0.0
longing,NOUN,6,C,0.0,0.0,0.0,0.0,0.0,0.0,0.0
materialist,ADJ,6,C,0.0,0.0,0.0,0.0,0.0,0.0,0.0
needless,ADJ,6,C,0.0,0.0,0.0,0.0,0.0,0.0,0.0
likely,ADJ,3,B,0.0,0.0,0.0,0.0,0.0,0.0,0.0
monthly,ADJ,3,B,0.0,0.0,0.0,0.0,0.0,0.0,0.0
nearly,ADV,2,A,0.0,0.0,0.0,0.0,0.0,0.0,0.0
lately,ADV,3,B,0.0,0.0,0.0,0.0,0.0,0.0,0.0
lightly,ADV,3,B,0.0,0.0,0.0,0.0,0.0,0.0,0.0
loudly,ADV,3,B,0.0,0.0,0.0,0.0,0.0,0.0,0.0
mostly,ADV,3,B,0.0,0.0,0.0,0.0,0.0,0.0,0.0
normally,ADV,3,B,0.0,0.0,0.0,0.0,0.0,0.0,0.0
obviously,ADV,3,B,0.0,0.0,0.0,0.0,0.0,0.0,0.0
lastly,ADV,4,B,0.0,0.0,0.0,0.0,0.0,0.0,0.0
literally,ADV,4,B,0.0,0.0,0.0,0.0,0.0,0.0,0.0
morally,ADV,4,B,0.0,0.0,0.0,0.0,0.0,0.0,0.0
narrowly,ADV,4,B,0.0,0.0,0.0,0.0,0.0,0.0,0.0
newly,ADV,4,B,0.0,0.0,0.0,0.0,0.0,0.0,0.0
occasionally,ADV,4,B,0.0,0.0,0.0,0.0,0.0,0.0,0.0
originally,ADV,4,B,0.0,0.0,0.0,0.0,0.0,0.0,0.0
jointly,ADV,5,C,0.0,0.0,0.0,0.0,0.0,0.0,0.0
likely,ADV,5,C,0.0,0.0,0.0,0.0,0.0,0.0,0.0
magnificently,ADV,5,C,0.0,0.0,0.0,0.0,0.0,0.0,0.0
modestly,ADV,5,C,0.0,0.0,0.0,0.0,0.0,0.0,0.0
mysteriously,ADV,5,C,0.0,0.0,0.0,0.0,0.0,0.0,0.0
neatly,ADV,5,C,0.0,0.0,0.0,0.0,0.0,0.0,0.0
notably,ADV,5,C,0.0,0.0,0.0,0.0,0.0,0.0,0.0
noticeably,ADV,5,C,0.0,0.0,0.0,0.0,0.0,0.0,0.0
objectively,ADV,5,C,0.0,0.0,0.0,0.0,0.0,0.0,0.0
officially,ADV,5,C,0.0,0.0,0.0,0.0,0.0,0.0,0.0
logically,ADV,6,C,0.0,0.0,0.0,0.0,0.0,0.0,0.0
oddly,ADV,6,C,0.0,0.0,0.0,0.0,0.0,0.0,0.0
obvious,ADJ,3,B,0.0,0.0,0.0,0.0,0.0,0.0,0.0
mysterious,ADJ,4,B,0.0,0.0,0.0,0.0,0.0,0.0,0.0
notorious,ADJ,5,C,0.0,0.0,0.0,0.0,0.0,0.0,0.0
nutritious,ADJ,5,C,0.0,0.0,0.0,0.0,0.0,0.0,0.0
meticulous,ADJ,6,C,0.0,0.0,0.0,0.0,0.0,0.0,0.0
lucky,ADJ,2,A,0.0,0.0,0.0,0.0,0.0,0.0,0.0
noisy,ADJ,2,A,0.0,0.0,0.0,0.0,0.0,0.0,0.0
juicy,ADJ,3,B,0.0,0.0,0.0,0.0,0.0,0.0,0.0
messy,ADJ,3,B,0.0,0.0,0.0,0.0,0.0,0.0,0.0
muddy,ADJ,4,B,0.0,0.0,0.0,0.0,0.0,0.0,0.0
lengthy,ADJ,5,C,0.0,0.0,0.0,0.0,0.0,0.0,0.0
mighty,ADJ,6,C,0.0,0.0,0.0,0.0,0.0,0.0,0.0
late,ADJ,1,A,0.0,0.0,0.0,0.0,0.0,0.0,0.0
only,ADJ,1,A,0.0,0.0,0.0,0.0,0.0,0.0,0.0
latest,ADJ,2,A,0.0,0.0,0.0,0.0,0.0,0.0,0.0
lost,ADJ,2,A,0.0,0.0,0.0,0.0,0.0,0.0,0.0
magic,ADJ,2,A,0.0,0.0,0.0,0.0,0.0,0.0,0.0
modern,ADJ,2,A,0.0,0.0,0.0,0.0,0.0,0.0,0.0
next,ADJ,2,A,0.0,0.0,0.0,0.0,0.0,0.0,0.0
north,ADJ,2,A,0.0,0.0,0.0,0.0,0.0,0.0,0.0
own,ADJ,2,A,0.0,0.0,0.0,0.0,0.0,0.0,0.0
local,ADJ,3,B,0.0,0.0,0.0,0.0,0.0,0.0,0.0
loose,ADJ,3,B,0.0,0.0,0.0,0.0,0.0,0.0,0.0
male,ADJ,3,B,0.0,0.0,0.0,0.0,0.0,0.0,0.0
neat,ADJ,3,B,0.0,0.0,0.0,0.0,0.0,0.0,0.0
necessary,ADJ,3,B,0.0,0.0,0.0,0.0,0.0,0.0,0.0
next-door,ADJ,3,B,0.0,0.0,0.0,0.0,0.0,0.0,0.0
northeast,ADJ,3,B,0.0,0.0,0.0,0.0,0.0,0.0,0.0
northern,ADJ,3,B,0.0,0.0,0.0,0.0,0.0,0.0,0.0
northwest,ADJ,3,B,0.0,0.0,0.0,0.0,0.0,0.0,0.0
ordinary,ADJ,3,B,0.0,0.0,0.0,0.0,0.0,0.0,0.0
out-of-date,ADJ,3,B,0.0,0.0,0.0,0.0,0.0,0.0,0.0
overnight,ADJ,3,B,0.0,0.0,0.0,0.0,0.0,0.0,0.0
joint,ADJ,4,B,0.0,0.0,0.0,0.0,0.0,0.0,0.0
junior,ADJ,4,B,0.0,0.0,0.0,0.0,0.0,0.0,0.0
known,ADJ,4,B,0.0,0.0,0.0,0.0,0.0,0.0,0.0
last-minute,ADJ,4,B,0.0,0.0,0.0,0.0,0.0,0.0,0.0
latter,ADJ,4,B,0.0,0.0,0.0,0.0,0.0,0.0,0.0
long-distance,ADJ,4,B,0.0,0.0,0.0,0.0,0.0,0.0,0.0
long-term,ADJ,4,B,0.0,0.0,0.0,0.0,0.0,0.0,0.0
major,ADJ,4,B,0.0,0.0,0.0,0.0,0.0,0.0,0.0
minor,ADJ,4,B,0.0,0.0,0.0,0.0,0.0,0.0,0.0
moral,ADJ,4,B,0.0,0.0,0.0,0.0,0.0,0.0,0.0
naked,ADJ,4,B,0.0,0.0,0.0,0.0,0.0,0.0,0.0
nationwide,ADJ,4,B,0.0,0.0,0.0,0.0,0.0,0.0,0.0
native,ADJ,4,B,0.0,0.0,0.0,0.0,0.0,0.0,0.0
nuclear,ADJ,4,B,0.0,0.0,0.0,0.0,0.0,0.0,0.0
odd,ADJ,4,B,0.0,0.0,0.0,0.0,0.0,0.0,0.0
overseas,ADJ,4,B,0.0,0.0,0.0,0.0,0.0,0.0,0.0
overweight,ADJ,4,B,0.0,0.0,0.0,0.0,0.0,0.0,0.0
just,ADJ,5,C,0.0,0.0,0.0,0.0,0.0,0.0,0.0
justified,ADJ,5,C,0.0,0.0,0.0,0.0,0.0,0.0,0.0
juvenile,ADJ,5,C,0.0,0.0,0.0,0.0,0.0,0.0,0.0
legendary,ADJ,5,C,0.0,0.0,0.0,0.0,0.0,0.0,0.0
long-time,ADJ,5,C,0.0,0.0,0.0,0.0,0.0,0.0,0.0
masculine,ADJ,5,C,0.0,0.0,0.0,0.0,0.0,0.0,0.0
mass,ADJ,5,C,0.0,0.0,0.0,0.0,0.0,0.0,0.0
middle-class,ADJ,5,C,0.0,0.0,0.0,0.0,0.0,0.0,0.0
mistaken,ADJ,5,C,0.0,0.0,0.0,0.0,0.0,0.0,0.0
multiple,ADJ,5,C,0.0,0.0,0.0,0.0,0.0,0.0,0.0
mutual,ADJ,5,C,0.0,0.0,0.0,0.0,0.0,0.0,0.0
neutral,ADJ,5,C,0.0,0.0,0.0,0.0,0.0,0.0,0.0
obese,ADJ,5,C,0.0,0.0,0.0,0.0,0.0,0.0,0.0
obligatory,ADJ,5,C,0.0,0.0,0.0,0.0,0.0,0.0,0.0
obsolete,ADJ,5,C,0.0,0.0,0.0,0.0,0.0,0.0,0.0
justifiable,ADJ,6,C,0.0,0.0,0.0,0.0,0.0,0.0,0.0
lavish,ADJ,6,C,0.0,0.0,0.0,0.0,0.0,0.0,0.0
lethal,ADJ,6,C,0.0,0.0,0.0,0.0,0.0,0.0,0.0
lifelong,ADJ,6,C,0.0,0.0,0.0,0.0,0.0,0.0,0.0
literate,ADJ,6,C,0.0,0.0,0.0,0.0,0.0,0.0,0.0
mainstream,ADJ,6,C,0.0,0.0,0.0,0.0,0.0,0.0,0.0
miniature,ADJ,6,C,0.0,0.0,0.0,0.0,0.0,0.0,0.0
orthodox,ADJ,6,C,0.0,0.0,0.0,0.0,0.0,0.0,0.0
never,ADV,1,A,0.0,0.0,0.0,0.0,0.0,0.0,0.0
not,ADV,1,A,0.0,0.0,0.0,0.0,0.0,0.0,0.0
now,ADV,1,A,0.0,0.0,0.0,0.0,0.0,0.0,0.0
often,ADV,1,A,0.0,0.0,0.0,0.0,0.0,0.0,0.0
only,ADV,1,A,0.0,0.0,0.0,0.0,0.0,0.0,0.0
late,ADV,2,A,0.0,0.0,0.0,0.0,0.0,0.0,0.0
long,ADV,2,A,0.0,0.0,0.0,0.0,0.0,0.0,0.0
next,ADV,2,A,0.0,0.0,0.0,0.0,0.0,0.0,0.0
north,ADV,2,A,0.0,0.0,0.0,0.0,0.0,0.0,0.0
once,ADV,2,A,0.0,0.0,0.0,0.0,0.0,0.0,0.0
last,ADV,3,B,0.0,0.0,0.0,0.0,0.0,0.0,0.0
loud,ADV,3,B,0.0,0.0,0.0,0.0,0.0,0.0,0.0
luckily,ADV,3,B,0.0,0.0,0.0,0.0,0.0,0.0,0.0
meanwhile,ADV,3,B,0.0,0.0,0.0,0.0,0.0,0.0,0.0
nowadays,ADV,3,B,0.0,0.0,0.0,0.0,0.0,0.0,0.0
nowhere,ADV,3,B,0.0,0.0,0.0,0.0,0.0,0.0,0.0
otherwise,ADV,3,B,0.0,0.0,0.0,0.0,0.0,0.0,0.0
outdoors,ADV,3,B,0.0,0.0,0.0,0.0,0.0,0.0,0.0
nationwide,ADV,4,B,0.0,0.0,0.0,0.0,0.0,0.0,0.0
neither,ADV,4,B,0.0,0.0,0.0,0.0,0.0,0.0,0.0
nor,ADV,4,B,0.0,0.0,0.0,0.0,0.0,0.0,0.0
namely,ADV,5,C,0.0,0.0,0.0,0.0,0.0,0.0,0.0
nonetheless,ADV,5,C,0.0,0.0,0.0,0.0,0.0,0.0,0.0
knowingly,ADV,6,C,0.0,0.0,0.0,0.0,0.0,0.0,0.0
overboard,ADV,6,C,0.0,0.0,0.0,0.0,0.0,0.0,0.0
Miss,NOUN,1,A,0.0,0.0,0.0,0.0,0.0,0.0,0.0
Mr,NOUN,1,A,0.0,0.0,0.0,0.0,0.0,0.0,0.0
Mrs,NOUN,1,A,0.0,0.0,0.0,0.0,0.0,0.0,0.0
Ms,NOUN,2,A,0.0,0.0,0.0,0.0,0.0,0.0,0.0
lifetime,NOUN,4,B,0.0,0.0,0.0,0.0,0.0,0.0,0.0
outcome,NOUN,5,C,0.0,0.0,0.0,0.0,0.0,0.0,0.0
local,NOUN,6,C,0.0,0.0,0.0,0.0,0.0,0.0,0.0
medium,NOUN,6,C,0.0,0.0,0.0,0.0,0.0,0.0,0.0
last,VERB,3,B,0.0,0.0,0.0,0.0,0.0,0.0,0.0
narrow,VERB,5,C,0.0,0.0,0.0,0.0,0.0,0.0,0.0
military,ADJ,4,B,0.0,0.0,0.0,0.0,0.0,0.0,0.0
obscene,ADJ,6,C,0.0,0.0,0.0,0.0,0.0,0.0,0.0
navy,NOUN,4,B,0.0,0.0,0.0,0.0,0.0,0.0,0.0
residence,NOUN,6,C,0.0,0.0,0.0,0.0,0.0,0.0,0.0
reflection,NOUN,6,C,0.0,0.0,0.0,0.0,0.0,0.0,0.0
position,NOUN,4,B,0.0,0.0,0.0,0.0,0.0,0.0,0.0
protagonist,NOUN,6,C,0.0,0.0,0.0,0.0,0.0,0.0,0.0
sensibility,NOUN,6,C,0.0,0.0,0.0,0.0,0.0,0.0,0.0
relate,VERB,6,C,0.0,0.0,0.0,0.0,0.0,0.0,0.0
rubbish,NOUN,4,B,0.0,0.0,0.0,0.0,0.0,0.0,0.0
place,NOUN,2,A,0.0,0.0,0.0,0.0,0.0,0.0,0.0
rip-off,NOUN,5,C,0.0,0.0,0.0,0.0,0.0,0.0,0.0
perform,VERB,4,B,0.0,0.0,0.0,0.0,0.0,0.0,0.0
seek,VERB,4,B,0.0,0.0,0.0,0.0,0.0,0.0,0.0
resume,VERB,5,C,0.0,0.0,0.0,0.0,0.0,0.0,0.0
regard,NOUN,5,C,0.0,0.0,0.0,0.0,0.0,0.0,0.0
resolve,NOUN,6,C,0.0,0.0,0.0,0.0,0.0,0.0,0.0
purchase,NOUN,4,B,0.0,0.0,0.0,0.0,0.0,0.0,0.0
remove,VERB,6,C,0.0,0.0,0.0,0.0,0.0,0.0,0.0
replace,VERB,6,C,0.0,0.0,0.0,0.0,0.0,0.0,0.0
practitioner,NOUN,6,C,0.0,0.0,0.0,0.0,0.0,0.0,0.0
possession,NOUN,6,C,0.0,0.0,0.0,0.0,0.0,0.0,0.0
proximity,NOUN,6,C,0.0,0.0,0.0,0.0,0.0,0.0,0.0
paradigm,NOUN,6,C,0.0,0.0,0.0,0.0,0.0,0.0,0.0
quest,NOUN,6,C,0.0,0.0,0.0,0.0,0.0,0.0,0.0
realm,NOUN,6,C,0.0,0.0,0.0,0.0,0.0,0.0,0.0
receipt,NOUN,4,B,0.0,0.0,0.0,0.0,0.0,0.0,0.0
plight,NOUN,6,C,0.0,0.0,0.0,0.0,0.0,0.0,0.0
permit,VERB,5,C,0.0,0.0,0.0,0.0,0.0,0.0,0.0
prevail,VERB,6,C,0.0,0.0,0.0,0.0,0.0,0.0,0.0
refrain,VERB,6,C,0.0,0.0,0.0,0.0,0.0,0.0,0.0
reign,VERB,6,C,0.0,0.0,0.0,0.0,0.0,0.0,0.0
purchase,VERB,4,B,0.0,0.0,0.0,0.0,0.0,0.0,0.0
regret,VERB,4,B,0.0,0.0,0.0,0.0,0.0,0.0,0.0
perceive,VERB,5,C,0.0,0.0,0.0,0.0,0.0,0.0,0.0
rectify,VERB,5,C,0.0,0.0,0.0,0.0,0.0,0.0,0.0
render,VERB,5,C,0.0,0.0,0.0,0.0,0.0,0.0,0.0
precede,VERB,6,C,0.0,0.0,0.0,0.0,0.0,0.0,0.0
sadden,VERB,6,C,0.0,0.0,0.0,0.0,0.0,0.0,0.0
second,NOUN,3,B,0.0,0.0,0.0,0.0,0.0,0.0,0.0
plus,NOUN,4,B,0.0,0.0,0.0,0.0,0.0,0.0,0.0
racket,NOUN,6,C,0.0,0.0,0.0,0.0,0.0,0.0,0.0
scrap,VERB,6,C,0.0,0.0,0.0,0.0,0.0,0.0,0.0
riches,NOUN,6,C,0.0,0.0,0.0,0.0,0.0,0.0,0.0
ponder,VERB,6,C,0.0,0.0,0.0,0.0,0.0,0.0,0.0
reassurance,NOUN,6,C,0.0,0.0,0.0,0.0,0.0,0.0,0.0
revision,NOUN,3,B,0.0,0.0,0.0,0.0,0.0,0.0,0.0
reconstruction,NOUN,5,C,0.0,0.0,0.0,0.0,0.0,0.0,0.0
rewrite,VERB,4,B,0.0,0.0,0.0,0.0,0.0,0.0,0.0
reassure,VERB,5,C,0.0,0.0,0.0,0.0,0.0,0.0,0.0
reflect,VERB,5,C,0.0,0.0,0.0,0.0,0.0,0.0,0.0
rearrange,VERB,4,B,0.0,0.0,0.0,0.0,0.0,0.0,0.0
rebuild,VERB,4,B,0.0,0.0,0.0,0.0,0.0,0.0,0.0
repay,VERB,4,B,0.0,0.0,0.0,0.0,0.0,0.0,0.0
reconstruct,VERB,5,C,0.0,0.0,0.0,0.0,0.0,0.0,0.0
redistribute,VERB,6,C,0.0,0.0,0.0,0.0,0.0,0.0,0.0
refusal,NOUN,5,C,0.0,0.0,0.0,0.0,0.0,0.0,0.0
potential,NOUN,4,B,0.0,0.0,0.0,0.0,0.0,0.0,0.0
radical,NOUN,6,C,0.0,0.0,0.0,0.0,0.0,0.0,0.0
professional,NOUN,5,C,0.0,0.0,0.0,0.0,0.0,0.0,0.0
performance,NOUN,3,B,0.0,0.0,0.0,0.0,0.0,0.0,0.0
resistance,NOUN,6,C,0.0,0.0,0.0,0.0,0.0,0.0,0.0
self-assurance,NOUN,6,C,0.0,0.0,0.0,0.0,0.0,0.0,0.0
self-reliance,NOUN,6,C,0.0,0.0,0.0,0.0,0.0,0.0,0.0
reference,NOUN,4,B,0.0,0.0,0.0,0.0,0.0,0.0,0.0
patience,NOUN,4,B,0.0,0.0,0.0,0.0,0.0,0.0,0.0
self-confidence,NOUN,4,B,0.0,0.0,0.0,0.0,0.0,0.0,0.0
resilience,NOUN,6,C,0.0,0.0,0.0,0.0,0.0,0.0,0.0
preference,NOUN,4,B,0.0,0.0,0.0,0.0,0.0,0.0,0.0
painter,NOUN,2,A,0.0,0.0,0.0,0.0,0.0,0.0,0.0
player,NOUN,2,A,0.0,0.0,0.0,0.0,0.0,0.0,0.0
poster,NOUN,2,A,0.0,0.0,0.0,0.0,0.0,0.0,0.0
performer,NOUN,3,B,0.0,0.0,0.0,0.0,0.0,0.0,0.0
presenter,NOUN,4,B,0.0,0.0,0.0,0.0,0.0,0.0,0.0
reader,NOUN,3,B,0.0,0.0,0.0,0.0,0.0,0.0,0.0
reminder,NOUN,5,C,0.0,0.0,0.0,0.0,0.0,0.0,0.0
partner,NOUN,3,B,0.0,0.0,0.0,0.0,0.0,0.0,0.0
runner,NOUN,2,A,0.0,0.0,0.0,0.0,0.0,0.0,0.0
printer,NOUN,2,A,0.0,0.0,0.0,0.0,0.0,0.0,0.0
passenger,NOUN,2,A,0.0,0.0,0.0,0.0,0.0,0.0,0.0
scooter,NOUN,2,A,0.0,0.0,0.0,0.0,0.0,0.0,0.0
plumber,NOUN,4,B,0.0,0.0,0.0,0.0,0.0,0.0,0.0
researcher,NOUN,4,B,0.0,0.0,0.0,0.0,0.0,0.0,0.0
painting,NOUN,2,A,0.0,0.0,0.0,0.0,0.0,0.0,0.0
recording,NOUN,3,B,0.0,0.0,0.0,0.0,0.0,0.0,0.0
reading,NOUN,1,A,0.0,0.0,0.0,0.0,0.0,0.0,0.0
schooling,NOUN,6,C,0.0,0.0,0.0,0.0,0.0,0.0,0.0
running,NOUN,2,A,0.0,0.0,0.0,0.0,0.0,0.0,0.0
sailing,NOUN,2,A,0.0,0.0,0.0,0.0,0.0,0.0,0.0
programming,NOUN,4,B,0.0,0.0,0.0,0.0,0.0,0.0,0.0
parking,NOUN,3,B,0.0,0.0,0.0,0.0,0.0,0.0,0.0
publication,NOUN,4,B,0.0,0.0,0.0,0.0,0.0,0.0,0.0
production,NOUN,4,B,0.0,0.0,0.0,0.0,0.0,0.0,0.0
promotion,NOUN,4,B,0.0,0.0,0.0,0.0,0.0,0.0,0.0
reaction,NOUN,4,B,0.0,0.0,0.0,0.0,0.0,0.0,0.0
sensation,NOUN,4,B,0.0,0.0,0.0,0.0,0.0,0.0,0.0
presentation,NOUN,3,B,0.0,0.0,0.0,0.0,0.0,0.0,0.0
recommendation,NOUN,4,B,0.0,0.0,0.0,0.0,0.0,0.0,0.0
quotation,NOUN,6,C,0.0,0.0,0.0,0.0,0.0,0.0,0.0
punctuation,NOUN,3,B,0.0,0.0,0.0,0.0,0.0,0.0,0.0
registration,NOUN,3,B,0.0,0.0,0.0,0.0,0.0,0.0,0.0
persuasion,NOUN,6,C,0.0,0.0,0.0,0.0,0.0,0.0,0.0
pronunciation,NOUN,3,B,0.0,0.0,0.0,0.0,0.0,0.0,0.0
prediction,NOUN,4,B,0.0,0.0,0.0,0.0,0.0,0.0,0.0
prosecution,NOUN,6,C,0.0,0.0,0.0,0.0,0.0,0.0,0.0
recession,NOUN,4,B,0.0,0.0,0.0,0.0,0.0,0.0,0.0
pollution,NOUN,3,B,0.0,0.0,0.0,0.0,0.0,0.0,0.0
preparation,NOUN,3,B,0.0,0.0,0.0,0.0,0.0,0.0,0.0
prevention,NOUN,4,B,0.0,0.0,0.0,0.0,0.0,0.0,0.0
satisfaction,NOUN,4,B,0.0,0.0,0.0,0.0,0.0,0.0,0.0
resignation,NOUN,6,C,0.0,0.0,0.0,0.0,0.0,0.0,0.0
reputation,NOUN,4,B,0.0,0.0,0.0,0.0,0.0,0.0,0.0
reception,NOUN,5,C,0.0,0.0,0.0,0.0,0.0,0.0,0.0
revolution,NOUN,4,B,0.0,0.0,0.0,0.0,0.0,0.0,0.0
relation,NOUN,3,B,0.0,0.0,0.0,0.0,0.0,0.0,0.0
separation,NOUN,4,B,0.0,0.0,0.0,0.0,0.0,0.0,0.0
qualification,NOUN,5,C,0.0,0.0,0.0,0.0,0.0,0.0,0.0
recreation,NOUN,4,B,0.0,0.0,0.0,0.0,0.0,0.0,0.0
reservation,NOUN,3,B,0.0,0.0,0.0,0.0,0.0,0.0,0.0
racism,NOUN,4,B,0.0,0.0,0.0,0.0,0.0,0.0,0.0
quantity,NOUN,3,B,0.0,0.0,0.0,0.0,0.0,0.0,0.0
prosperity,NOUN,5,C,0.0,0.0,0.0,0.0,0.0,0.0,0.0
personality,NOUN,4,B,0.0,0.0,0.0,0.0,0.0,0.0,0.0
quality,NOUN,4,B,0.0,0.0,0.0,0.0,0.0,0.0,0.0
sensitivity,NOUN,5,C,0.0,0.0,0.0,0.0,0.0,0.0,0.0
security,NOUN,6,C,0.0,0.0,0.0,0.0,0.0,0.0,0.0
serenity,NOUN,6,C,0.0,0.0,0.0,0.0,0.0,0.0,0.0
priority,NOUN,4,B,0.0,0.0,0.0,0.0,0.0,0.0,0.0
responsibility,NOUN,4,B,0.0,0.0,0.0,0.0,0.0,0.0,0.0
relative,NOUN,3,B,0.0,0.0,0.0,0.0,0.0,0.0,0.0
realize,VERB,3,B,0.0,0.0,0.0,0.0,0.0,0.0,0.0
punishment,NOUN,4,B,0.0,0.0,0.0,0.0,0.0,0.0,0.0
payment,NOUN,4,B,0.0,0.0,0.0,0.0,0.0,0.0,0.0
resentment,NOUN,6,C,0.0,0.0,0.0,0.0,0.0,0.0,0.0
retirement,NOUN,4,B,0.0,0.0,0.0,0.0,0.0,0.0,0.0
politeness,NOUN,4,B,0.0,0.0,0.0,0.0,0.0,0.0,0.0
sadness,NOUN,4,B,0.0,0.0,0.0,0.0,0.0,0.0,0.0
rudeness,NOUN,5,C,0.0,0.0,0.0,0.0,0.0,0.0,0.0
selfishness,NOUN,5,C,0.0,0.0,0.0,0.0,0.0,0.0,0.0
self-awareness,NOUN,6,C,0.0,0.0,0.0,0.0,0.0,0.0,0.0
predator,NOUN,5,C,0.0,0.0,0.0,0.0,0.0,0.0,0.0
scholarship,NOUN,5,C,0.0,0.0,0.0,0.0,0.0,0.0,0.0
relationship,NOUN,3,B,0.0,0.0,0.0,0.0,0.0,0.0,0.0
partnership,NOUN,4,B,0.0,0.0,0.0,0.0,0.0,0.0,0.0
pet,NOUN,1,A,0.0,0.0,0.0,0.0,0.0,0.0,0.0
pig,NOUN,1,A,0.0,0.0,0.0,0.0,0.0,0.0,0.0
rabbit,NOUN,2,A,0.0,0.0,0.0,0.0,0.0,0.0,0.0
rat,NOUN,2,A,0.0,0.0,0.0,0.0,0.0,0.0,0.0
parrot,NOUN,3,B,0.0,0.0,0.0,0.0,0.0,0.0,0.0
penguin,NOUN,3,B,0.0,0.0,0.0,0.0,0.0,0.0,0.0
puppy,NOUN,3,B,0.0,0.0,0.0,0.0,0.0,0.0,0.0
paw,NOUN,4,B,0.0,0.0,0.0,0.0,0.0,0.0,0.0
seal,NOUN,4,B,0.0,0.0,0.0,0.0,0.0,0.0,0.0
pony,NOUN,5,C,0.0,0.0,0.0,0.0,0.0,0.0,0.0
reptile,NOUN,5,C,0.0,0.0,0.0,0.0,0.0,0.0,0.0
pack,NOUN,6,C,0.0,0.0,0.0,0.0,0.0,0.0,0.0
saddle,NOUN,6,C,0.0,0.0,0.0,0.0,0.0,0.0,0.0
prey,NOUN,6,C,0.0,0.0,0.0,0.0,0.0,0.0,0.0
page,NOUN,1,A,0.0,0.0,0.0,0.0,0.0,0.0,0.0
photo,NOUN,1,A,0.0,0.0,0.0,0.0,0.0,0.0,0.0
picture,NOUN,1,A,0.0,0.0,0.0,0.0,0.0,0.0,0.0
radio,NOUN,1,A,0.0,0.0,0.0,0.0,0.0,0.0,0.0
photograph,NOUN,2,A,0.0,0.0,0.0,0.0,0.0,0.0,0.0
piano,NOUN,2,A,0.0,0.0,0.0,0.0,0.0,0.0,0.0
play,NOUN,2,A,0.0,0.0,0.0,0.0,0.0,0.0,0.0
programme,NOUN,2,A,0.0,0.0,0.0,0.0,0.0,0.0,0.0
paper,NOUN,3,B,0.0,0.0,0.0,0.0,0.0,0.0,0.0
part,NOUN,3,B,0.0,0.0,0.0,0.0,0.0,0.0,0.0
poem,NOUN,3,B,0.0,0.0,0.0,0.0,0.0,0.0,0.0
poet,NOUN,3,B,0.0,0.0,0.0,0.0,0.0,0.0,0.0
record,NOUN,3,B,0.0,0.0,0.0,0.0,0.0,0.0,0.0
role,NOUN,3,B,0.0,0.0,0.0,0.0,0.0,0.0,0.0
scene,NOUN,3,B,0.0,0.0,0.0,0.0,0.0,0.0,0.0
series,NOUN,3,B,0.0,0.0,0.0,0.0,0.0,0.0,0.0
piece,NOUN,4,B,0.0,0.0,0.0,0.0,0.0,0.0,0.0
portrait,NOUN,4,B,0.0,0.0,0.0,0.0,0.0,0.0,0.0
script,NOUN,4,B,0.0,0.0,0.0,0.0,0.0,0.0,0.0
photography,NOUN,2,A,0.0,0.0,0.0,0.0,0.0,0.0,0.0
pop,NOUN,2,A,0.0,0.0,0.0,0.0,0.0,0.0,0.0
rap,NOUN,2,A,0.0,0.0,0.0,0.0,0.0,0.0,0.0
rock,NOUN,2,A,0.0,0.0,0.0,0.0,0.0,0.0,0.0
poetry,NOUN,3,B,0.0,0.0,0.0,0.0,0.0,0.0,0.0
publicity,NOUN,4,B,0.0,0.0,0.0,0.0,0.0,0.0,0.0
sculpture,NOUN,3,B,0.0,0.0,0.0,0.0,0.0,0.0,0.0
rhythm,NOUN,4,B,0.0,0.0,0.0,0.0,0.0,0.0,0.0
present,VERB,4,B,0.0,0.0,0.0,0.0,0.0,0.0,0.0
print,VERB,4,B,0.0,0.0,0.0,0.0,0.0,0.0,0.0
promote,VERB,4,B,0.0,0.0,0.0,0.0,0.0,0.0,0.0
run,VERB,5,C,0.0,0.0,0.0,0.0,0.0,0.0,0.0
portray,VERB,6,C,0.0,0.0,0.0,0.0,0.0,0.0,0.0
patient,NOUN,3,B,0.0,0.0,0.0,0.0,0.0,0.0,0.0
pill,NOUN,3,B,0.0,0.0,0.0,0.0,0.0,0.0,0.0
remedy,NOUN,4,B,0.0,0.0,0.0,0.0,0.0,0.0,0.0
rib,NOUN,4,B,0.0,0.0,0.0,0.0,0.0,0.0,0.0
scar,NOUN,4,B,0.0,0.0,0.0,0.0,0.0,0.0,0.0
sense,NOUN,4,B,0.0,0.0,0.0,0.0,0.0,0.0,0.0
pulse,NOUN,5,C,0.0,0.0,0.0,0.0,0.0,0.0,0.0
palm,NOUN,6,C,0.0,0.0,0.0,0.0,0.0,0.0,0.0
plague,NOUN,6,C,0.0,0.0,0.0,0.0,0.0,0.0,0.0
rash,NOUN,6,C,0.0,0.0,0.0,0.0,0.0,0.0,0.0
sample,NOUN,6,C,0.0,0.0,0.0,0.0,0.0,0.0,0.0
scan,NOUN,6,C,0.0,0.0,0.0,0.0,0.0,0.0,0.0
posture,NOUN,5,C,0.0,0.0,0.0,0.0,0.0,0.0,0.0
pain,NOUN,2,A,0.0,0.0,0.0,0.0,0.0,0.0,0.0
poison,NOUN,4,B,0.0,0.0,0.0,0.0,0.0,0.0,0.0
pregnancy,NOUN,5,C,0.0,0.0,0.0,0.0,0.0,0.0,0.0
recover,VERB,3,B,0.0,0.0,0.0,0.0,0.0,0.0,0.0
react,VERB,5,C,0.0,0.0,0.0,0.0,0.0,0.0,0.0
prescribe,VERB,6,C,0.0,0.0,0.0,0.0,0.0,0.0,0.0
relax,VERB,5,C,0.0,0.0,0.0,0.0,0.0,0.0,0.0
pocket,NOUN,2,A,0.0,0.0,0.0,0.0,0.0,0.0,0.0
raincoat,NOUN,2,A,0.0,0.0,0.0,0.0,0.0,0.0,0.0
ring,NOUN,2,A,0.0,0.0,0.0,0.0,0.0,0.0,0.0
scarf,NOUN,2,A,0.0,0.0,0.0,0.0,0.0,0.0,0.0
pullover,NOUN,3,B,0.0,0.0,0.0,0.0,0.0,0.0,0.0
sandal,NOUN,3,B,0.0,0.0,0.0,0.0,0.0,0.0,0.0
pants,NOUN,3,B,0.0,0.0,0.0,0.0,0.0,0.0,0.0
pyjamas,NOUN,4,B,0.0,0.0,0.0,0.0,0.0,0.0,0.0
pen,NOUN,1,A,0.0,0.0,0.0,0.0,0.0,0.0,0.0
pencil,NOUN,1,A,0.0,0.0,0.0,0.0,0.0,0.0,0.0
question,NOUN,1,A,0.0,0.0,0.0,0.0,0.0,0.0,0.0
sentence,NOUN,1,A,0.0,0.0,0.0,0.0,0.0,0.0,0.0
postcard,NOUN,2,A,0.0,0.0,0.0,0.0,0.0,0.0,0.0
rubber,NOUN,2,A,0.0,0.0,0.0,0.0,0.0,0.0,0.0
paragraph,NOUN,3,B,0.0,0.0,0.0,0.0,0.0,0.0,0.0
photocopy,NOUN,3,B,0.0,0.0,0.0,0.0,0.0,0.0,0.0
phrase,NOUN,3,B,0.0,0.0,0.0,0.0,0.0,0.0,0.0
point,NOUN,3,B,0.0,0.0,0.0,0.0,0.0,0.0,0.00026
prayer,NOUN,3,B,2.9e-05,2.9e-05,3.2e-05,3.1e-05,3e-05,3.1e-05,3.1e-05
promise,NOUN,3,B,2.5e-05,2.7e-05,2.9e-05,2.9e-05,2.9e-05,2.9e-05,2.9e-05
questionnaire,NOUN,3,B,8e-06,7e-06,6e-06,6e-06,6e-06,6e-06,6e-06
scream,NOUN,3,B,6e-06,6e-06,7e-06,7e-06,7e-06,7e-06,7e-06
profile,NOUN,4,B,2.4e-05,2.1e-05,2e-05,2.1e-05,2.1e-05,2e-05,2e-05
proposal,NOUN,4,B,2.2e-05,2.2e-05,2.1e-05,2.2e-05,2.1e-05,2e-05,2e-05
quarrel,NOUN,4,B,2e-06,3e-06,3e-06,3e-06,3e-06,4e-06,4e-06
query,NOUN,4,B,1e-05,9e-06,8e-06,9e-06,8e-06,7e-06,7e-06
remark,NOUN,4,B,8e-06,8e-06,8e-06,8e-06,9e-06,1e-05,1e-05
row,NOUN,4,B,2.8e-05,2.7e-05,2.7e-05,2.7e-05,2.5e-05,2.4e-05,2.4e-05
semicolon,NOUN,4,B,1e-06,1e-06,0.0,0.0,0.0,0.0,0.0
plea,NOUN,6,C,0.0,0.0,0.0,0.0,0.0,0.0,0.0
proverb,NOUN,6,C,0.0,0.0,0.0,0.0,0.0,0.0,0.0
quote,NOUN,6,C,0.0,0.0,0.0,0.0,0.0,0.0,0.0
saying,NOUN,6,C,0.0,0.0,0.0,0.0,0.0,0.0,0.0
post,NOUN,2,A,0.0,0.0,0.0,0.0,0.0,0.0,0.0
pressure,NOUN,4,B,0.0,0.0,0.0,0.0,0.0,0.0,0.0
print,NOUN,6,C,0.0,0.0,0.0,0.0,0.0,0.0,0.0
propaganda,NOUN,6,C,0.0,0.0,0.0,0.0,0.0,0.0,0.0
reply,NOUN,3,B,0.0,0.0,0.0,0.0,0.0,0.0,0.0
request,NOUN,3,B,0.0,0.0,0.0,0.0,0.0,0.0,0.0
protest,NOUN,4,B,0.0,0.0,0.0,0.0,0.0,0.0,0.0
response,NOUN,4,B,0.0,0.0,0.0,0.0,0.0,0.0,0.0
rumour,NOUN,4,B,0.0,0.0,0.0,0.0,0.0,0.0,0.0
reproach,NOUN,6,C,0.0,0.0,0.0,0.0,0.0,0.0,0.0
pray,VERB,2,A,0.0,0.0,0.0,0.0,0.0,0.0,0.0
quarrel,VERB,4,B,0.0,0.0,0.0,0.0,0.0,0.0,0.0
respond,VERB,4,B,0.0,0.0,0.0,0.0,0.0,0.0,0.0
say,VERB,1,A,0.0,0.0,0.0,0.0,0.0,0.0,0.0
see,VERB,1,A,0.0,0.0,0.0,0.0,0.0,0.0,0.0
put,VERB,2,A,0.0,0.0,0.0,0.0,0.0,0.0,0.0
persuade,VERB,3,B,0.0,0.0,0.0,0.0,0.0,0.0,0.0
predict,VERB,3,B,0.0,0.0,0.0,0.0,0.0,0.0,0.0
promise,VERB,3,B,0.0,0.0,0.0,0.0,0.0,0.0,0.0
pronounce,VERB,3,B,0.0,0.0,0.0,0.0,0.0,0.0,0.0
recommend,VERB,3,B,0.0,0.0,0.0,0.0,0.0,0.0,0.0
remind,VERB,3,B,0.0,0.0,0.0,0.0,0.0,0.0,0.0
repeat,VERB,3,B,0.0,0.0,0.0,0.0,0.0,0.0,0.0
report,VERB,3,B,0.0,0.0,0.0,0.0,0.0,0.0,0.0
request,VERB,3,B,0.0,0.0,0.0,0.0,0.0,0.0,0.0
praise,VERB,4,B,0.0,0.0,0.0,0.0,0.0,0.0,0.0
propose,VERB,4,B,0.0,0.0,0.0,0.0,0.0,0.0,0.0
reach,VERB,4,B,0.0,0.0,0.0,0.0,0.0,0.0,0.0
reject,VERB,4,B,0.0,0.0,0.0,0.0,0.0,0.0,0.0
remark,VERB,4,B,0.0,0.0,0.0,0.0,0.0,0.0,0.0
represent,VERB,4,B,0.0,0.0,0.0,0.0,0.0,0.0,0.0
reveal,VERB,4,B,0.0,0.0,0.0,0.0,0.0,0.0,0.0
release,VERB,5,C,0.0,0.0,0.0,0.0,0.0,0.0,0.0
plant,VERB,6,C,0.0,0.0,0.0,0.0,0.0,0.0,0.0
reproach,VERB,6,C,0.0,0.0,0.0,0.0,0.0,0.0,0.0
sell,VERB,6,C,0.0,0.0,0.0,0.0,0.0,0.0,0.0
read,VERB,1,A,0.0,0.0,0.0,0.0,0.0,0.0,0.0
refuse,VERB,3,B,0.0,0.0,0.0,0.0,0.0,0.0,0.0
register,VERB,3,B,0.0,0.0,0.0,0.0,0.0,0.0,0.0
reply,VERB,3,B,0.0,0.0,0.0,0.0,0.0,0.0,0.0
ring,VERB,3,B,0.0,0.0,0.0,0.0,0.0,0.0,0.0
scream,VERB,3,B,0.0,0.0,0.0,0.0,0.0,0.0,0.0
protest,VERB,4,B,0.0,0.0,0.0,0.0,0.0,0.0,0.0
quote,VERB,5,C,0.0,0.0,0.0,0.0,0.0,0.0,0.0
pirate,NOUN,3,B,0.0,0.0,0.0,0.0,0.0,0.0,0.0
prisoner,NOUN,3,B,0.0,0.0,0.0,0.0,0.0,0.0,0.0
rule,NOUN,3,B,0.0,0.0,0.0,0.0,0.0,0.0,0.0
penalty,NOUN,4,B,0.0,0.0,0.0,0.0,0.0,0.0,0.0
police,NOUN,2,A,0.0,0.0,0.0,0.0,0.0,0.0,0.0
proceedings,NOUN,6,C,0.0,0.0,0.0,0.0,0.0,0.0,0.0
pair,NOUN,2,A,0.0,0.0,0.0,0.0,0.0,0.0,0.0
pattern,NOUN,3,B,0.0,0.0,0.0,0.0,0.0,0.0,0.0
pile,NOUN,3,B,0.0,0.0,0.0,0.0,0.0,0.0,0.0
percentage,NOUN,4,B,0.0,0.0,0.0,0.0,0.0,0.0,0.0
pint,NOUN,4,B,0.0,0.0,0.0,0.0,0.0,0.0,0.0
pound,NOUN,4,B,0.0,0.0,0.0,0.0,0.0,0.0,0.0
roll,NOUN,4,B,0.0,0.0,0.0,0.0,0.0,0.0,0.0
scale,NOUN,4,B,0.0,0.0,0.0,0.0,0.0,0.0,0.0
pink,NOUN,2,A,0.0,0.0,0.0,0.0,0.0,0.0,0.0
purple,NOUN,2,A,0.0,0.0,0.0,0.0,0.0,0.0,0.0
red,NOUN,2,A,0.0,0.0,0.0,0.0,0.0,0.0,0.0
right,NOUN,2,A,0.0,0.0,0.0,0.0,0.0,0.0,0.0
project,NOUN,2,A,0.0,0.0,0.0,0.0,0.0,0.0,0.0
pupil,NOUN,2,A,0.0,0.0,0.0,0.0,0.0,0.0,0.0
schoolchild,NOUN,2,A,0.0,0.0,0.0,0.0,0.0,0.0,0.0
period,NOUN,3,B,0.0,0.0,0.0,0.0,0.0,0.0,0.0
pass,NOUN,4,B,0.0,0.0,0.0,0.0,0.0,0.0,0.0
seminar,NOUN,4,B,0.0,0.0,0.0,0.0,0.0,0.0,0.0
scholar,NOUN,5,C,0.0,0.0,0.0,0.0,0.0,0.0,0.0
physics,NOUN,2,A,0.0,0.0,0.0,0.0,0.0,0.0,0.0
school,NOUN,2,A,0.0,0.0,0.0,0.0,0.0,0.0,0.0
science,NOUN,2,A,0.0,0.0,0.0,0.0,0.0,0.0,0.0
philosophy,NOUN,4,B,0.0,0.0,0.0,0.0,0.0,0.0,0.0
pass,VERB,2,A,0.0,0.0,0.0,0.0,0.0,0.0,0.0
picnic,NOUN,1,A,0.0,0.0,0.0,0.0,0.0,0.0,0.0
plate,NOUN,1,A,0.0,0.0,0.0,0.0,0.0,0.0,0.0
sandwich,NOUN,1,A,0.0,0.0,0.0,0.0,0.0,0.0,0.0
pan,NOUN,3,B,0.0,0.0,0.0,0.0,0.0,0.0,0.0
pea,NOUN,3,B,0.0,0.0,0.0,0.0,0.0,0.0,0.0
peanut,NOUN,3,B,0.0,0.0,0.0,0.0,0.0,0.0,0.0
pepper,NOUN,3,B,0.0,0.0,0.0,0.0,0.0,0.0,0.0
pot,NOUN,3,B,0.0,0.0,0.0,0.0,0.0,0.0,0.0
recipe,NOUN,3,B,0.0,0.0,0.0,0.0,0.0,0.0,0.0
saucepan,NOUN,3,B,0.0,0.0,0.0,0.0,0.0,0.0,0.0
saucer,NOUN,3,B,0.0,0.0,0.0,0.0,0.0,0.0,0.0
pancake,NOUN,4,B,0.0,0.0,0.0,0.0,0.0,0.0,0.0
portion,NOUN,4,B,0.0,0.0,0.0,0.0,0.0,0.0,0.0
prawn,NOUN,4,B,0.0,0.0,0.0,0.0,0.0,0.0,0.0
pastry,NOUN,5,C,0.0,0.0,0.0,0.0,0.0,0.0,0.0
relish,NOUN,6,C,0.0,0.0,0.0,0.0,0.0,0.0,0.0
rice,NOUN,1,A,0.0,0.0,0.0,0.0,0.0,0.0,0.0
salt,NOUN,1,A,0.0,0.0,0.0,0.0,0.0,0.0,0.0
pasta,NOUN,2,A,0.0,0.0,0.0,0.0,0.0,0.0,0.0
pizza,NOUN,1,A,0.0,0.0,0.0,0.0,0.0,0.0,0.0
potato,NOUN,1,A,0.0,0.0,0.0,0.0,0.0,0.0,0.0
pear,NOUN,2,A,0.0,0.0,0.0,0.0,0.0,0.0,0.0
salad,NOUN,2,A,0.0,0.0,0.0,0.0,0.0,0.0,0.0
sauce,NOUN,2,A,0.0,0.0,0.0,0.0,0.0,0.0,0.0
sausage,NOUN,2,A,0.0,0.0,0.0,0.0,0.0,0.0,0.0
peach,NOUN,3,B,0.0,0.0,0.0,0.0,0.0,0.0,0.0
pie,NOUN,3,B,0.0,0.0,0.0,0.0,0.0,0.0,0.0
pineapple,NOUN,3,B,0.0,0.0,0.0,0.0,0.0,0.0,0.0
pudding,NOUN,4,B,0.0,0.0,0.0,0.0,0.0,0.0,0.0
refreshments,NOUN,3,B,0.0,0.0,0.0,0.0,0.0,0.0,0.0
roast,VERB,2,A,0.0,0.0,0.0,0.0,0.0,0.0,0.0
room,NOUN,1,A,0.0,0.0,0.0,0.0,0.0,0.0,0.0
pillow,NOUN,2,A,0.0,0.0,0.0,0.0,0.0,0.0,0.0
roof,NOUN,2,A,0.0,0.0,0.0,0.0,0.0,0.0,0.0
seat,NOUN,2,A,0.0,0.0,0.0,0.0,0.0,0.0,0.0
palace,NOUN,3,B,0.0,0.0,0.0,0.0,0.0,0.0,0.0
rug,NOUN,3,B,0.0,0.0,0.0,0.0,0.0,0.0,0.0
ruin,NOUN,3,B,0.0,0.0,0.0,0.0,0.0,0.0,0.0
passage,NOUN,4,B,0.0,0.0,0.0,0.0,0.0,0.0,0.0
resident,NOUN,4,B,0.0,0.0,0.0,0.0,0.0,0.0,0.0
property,NOUN,4,B,0.0,0.0,0.0,0.0,0.0,0.0,0.0
premises,NOUN,5,C,0.0,0.0,0.0,0.0,0.0,0.0,0.0
penny,NOUN,3,B,0.0,0.0,0.0,0.0,0.0,0.0,0.0
rate,NOUN,4,B,0.0,0.0,0.0,0.0,0.0,0.0,0.0
saving,NOUN,5,C,0.0,0.0,0.0,0.0,0.0,0.0,0.0
sector,NOUN,5,C,0.0,0.0,0.0,0.0,0.0,0.0,0.0
poverty,NOUN,4,B,0.0,0.0,0.0,0.0,0.0,0.0,0.0
profit,NOUN,4,B,0.0,0.0,0.0,0.0,0.0,0.0,0.0
savings,NOUN,4,B,0.0,0.0,0.0,0.0,0.0,0.0,0.0
rent,VERB,2,A,0.0,0.0,0.0,0.0,0.0,0.0,0.0
park,NOUN,1,A,0.0,0.0,0.0,0.0,0.0,0.0,0.0
plant,NOUN,1,A,0.0,0.0,0.0,0.0,0.0,0.0,0.0
river,NOUN,1,A,0.0,0.0,0.0,0.0,0.0,0.0,0.0
peak,NOUN,3,B,0.0,0.0,0.0,0.0,0.0,0.0,0.0
planet,NOUN,3,B,0.0,0.0,0.0,0.0,0.0,0.0,0.0
region,NOUN,3,B,0.0,0.0,0.0,0.0,0.0,0.0,0.0
rose,NOUN,3,B,0.0,0.0,0.0,0.0,0.0,0.0,0.0
season,NOUN,3,B,0.0,0.0,0.0,0.0,0.0,0.0,0.0
pond,NOUN,4,B,0.0,0.0,0.0,0.0,0.0,0.0,0.0
pool,NOUN,4,B,0.0,0.0,0.0,0.0,0.0,0.0,0.0
rainbow,NOUN,4,B,0.0,0.0,0.0,0.0,0.0,0.0,0.0
range,NOUN,4,B,0.0,0.0,0.0,0.0,0.0,0.0,0.0
reserve,NOUN,4,B,0.0,0.0,0.0,0.0,0.0,0.0,0.0
root,NOUN,4,B,0.0,0.0,0.0,0.0,0.0,0.0,0.0
seed,NOUN,4,B,0.0,0.0,0.0,0.0,0.0,0.0,0.0
rain,NOUN,1,A,0.0,0.0,0.0,0.0,0.0,0.0,0.0
sand,NOUN,3,B,0.0,0.0,0.0,0.0,0.0,0.0,0.0
scenery,NOUN,3,B,0.0,0.0,0.0,0.0,0.0,0.0,0.0
oxygen,NOUN,4,B,0.0,0.0,0.0,0.0,0.0,0.0,0.0
sea,NOUN,1,A,0.0,0.0,0.0,0.0,0.0,0.0,0.0
rainforest,NOUN,3,B,0.0,0.0,0.0,0.0,0.0,0.0,0.0
pine,NOUN,4,B,0.0,0.0,0.0,0.0,0.0,0.0,0.0
pour,VERB,3,B,0.0,0.0,0.0,0.0,0.0,0.0,0.0
rise,VERB,3,B,0.0,0.0,0.0,0.0,0.0,0.0,0.0
search,NOUN,3,B,0.0,0.0,0.0,0.0,0.0,0.0,0.0
process,NOUN,4,B,0.0,0.0,0.0,0.0,0.0,0.0,0.0
punch,NOUN,4,B,0.0,0.0,0.0,0.0,0.0,0.0,0.0
practice,NOUN,2,A,0.0,0.0,0.0,0.0,0.0,0.0,0.0
reach,NOUN,4,B,0.0,0.0,0.0,0.0,0.0,0.0,0.0
rescue,NOUN,3,B,0.0,0.0,0.0,0.0,0.0,0.0,0.0
routine,NOUN,3,B,0.0,0.0,0.0,0.0,0.0,0.0,0.0
rush,NOUN,4,B,0.0,0.0,0.0,0.0,0.0,0.0,0.0
point,VERB,2,A,0.0,0.0,0.0,0.0,0.0,0.0,0.0
pause,VERB,3,B,0.0,0.0,0.0,0.0,0.0,0.0,0.0
rest,VERB,3,B,0.0,0.0,0.0,0.0,0.0,0.0,0.0
participate,VERB,4,B,0.0,0.0,0.0,0.0,0.0,0.0,0.0
queue,VERB,4,B,0.0,0.0,0.0,0.0,0.0,0.0,0.0
scratch,VERB,4,B,0.0,0.0,0.0,0.0,0.0,0.0,0.0
pose,VERB,5,C,0.0,0.0,0.0,0.0,0.0,0.0,0.0
retreat,VERB,6,C,0.0,0.0,0.0,0.0,0.0,0.0,0.0
revolt,VERB,6,C,0.0,0.0,0.0,0.0,0.0,0.0,0.0
repair,VERB,2,A,0.0,0.0,0.0,0.0,0.0,0.0,0.0
return,VERB,2,A,0.0,0.0,0.0,0.0,0.0,0.0,0.0
pick,VERB,3,B,0.0,0.0,0.0,0.0,0.0,0.0,0.0
pin,VERB,3,B,0.0,0.0,0.0,0.0,0.0,0.0,0.0
postpone,VERB,3,B,0.0,0.0,0.0,0.0,0.0,0.0,0.0
prevent,VERB,3,B,0.0,0.0,0.0,0.0,0.0,0.0,0.0
produce,VERB,3,B,0.0,0.0,0.0,0.0,0.0,0.0,0.0
prove,VERB,3,B,0.0,0.0,0.0,0.0,0.0,0.0,0.0
provide,VERB,3,B,0.0,0.0,0.0,0.0,0.0,0.0,0.0
push,VERB,3,B,0.0,0.0,0.0,0.0,0.0,0.0,0.0
quit,VERB,3,B,0.0,0.0,0.0,0.0,0.0,0.0,0.0
raise,VERB,3,B,0.0,0.0,0.0,0.0,0.0,0.0,0.0
rescue,VERB,3,B,0.0,0.0,0.0,0.0,0.0,0.0,0.0
save,VERB,3,B,0.0,0.0,0.0,0.0,0.0,0.0,0.0
select,VERB,3,B,0.0,0.0,0.0,0.0,0.0,0.0,0.0
poison,VERB,4,B,0.0,0.0,0.0,0.0,0.0,0.0,0.0
preserve,VERB,4,B,0.0,0.0,0.0,0.0,0.0,0.0,0.0
process,VERB,4,B,0.0,0.0,0.0,0.0,0.0,0.0,0.0
punch,VERB,4,B,0.0,0.0,0.0,0.0,0.0,0.0,0.0
restore,VERB,4,B,0.0,0.0,0.0,0.0,0.0,0.0,0.0
reward,VERB,4,B,0.0,0.0,0.0,0.0,0.0,0.0,0.0
roll,VERB,4,B,0.0,0.0,0.0,0.0,0.0,0.0,0.0
rub,VERB,4,B,0.0,0.0,0.0,0.0,0.0,0.0,0.0
ruin,VERB,4,B,0.0,0.0,0.0,0.0,0.0,0.0,0.0
seize,VERB,4,B,0.0,0.0,0.0,0.0,0.0,0.0,0.0
send,VERB,4,B,0.0,0.0,0.0,0.0,0.0,0.0,0.0
resist,VERB,5,C,0.0,0.0,0.0,0.0,0.0,0.0,0.0
restrain,VERB,5,C,0.0,0.0,0.0,0.0,0.0,0.0,0.0
restrict,VERB,5,C,0.0,0.0,0.0,0.0,0.0,0.0,0.0
sacrifice,VERB,5,C,0.0,0.0,0.0,0.0,0.0,0.0,0.0
scan,VERB,5,C,0.0,0.0,0.0,0.0,0.0,0.0,0.0
pat,VERB,6,C,0.0,0.0,0.0,0.0,0.0,0.0,0.0
refine,VERB,6,C,0.0,0.0,0.0,0.0,0.0,0.0,0.0
retrieve,VERB,6,C,0.0,0.0,0.0,0.0,0.0,0.0,0.0
practise,VERB,1,A,0.0,0.0,0.0,0.0,0.0,0.0,0.0
paint,VERB,2,A,0.0,0.0,0.0,0.0,0.0,0.0,0.0
prepare,VERB,2,A,0.0,0.0,0.0,0.0,0.0,0.0,0.0
pull,VERB,2,A,0.0,0.0,0.0,0.0,0.0,0.0,0.0
plan,VERB,3,B,0.0,0.0,0.0,0.0,0.0,0.0,0.0
press,VERB,3,B,0.0,0.0,0.0,0.0,0.0,0.0,0.0
protect,VERB,3,B,0.0,0.0,0.0,0.0,0.0,0.0,0.0
search,VERB,3,B,0.0,0.0,0.0,0.0,0.0,0.0,0.0
pound,VERB,4,B,0.0,0.0,0.0,0.0,0.0,0.0,0.0
research,VERB,4,B,0.0,0.0,0.0,0.0,0.0,0.0,0.0
rip,VERB,4,B,0.0,0.0,0.0,0.0,0.0,0.0,0.0
rush,VERB,4,B,0.0,0.0,0.0,0.0,0.0,0.0,0.0
separate,VERB,4,B,0.0,0.0,0.0,0.0,0.0,0.0,0.0
rock,VERB,6,C,0.0,0.0,0.0,0.0,0.0,0.0,0.0
perfume,NOUN,2,A,0.0,0.0,0.0,0.0,0.0,0.0,0.0
race,NOUN,5,C,0.0,0.0,0.0,0.0,0.0,0.0,0.0
resemble,VERB,5,C,0.0,0.0,0.0,0.0,0.0,0.0,0.0
peace,NOUN,3,B,0.0,0.0,0.0,0.0,0.0,0.0,0.0
pleasure,NOUN,3,B,0.0,0.0,0.0,0.0,0.0,0.0,0.0
respect,NOUN,3,B,0.0,0.0,0.0,0.0,0.0,0.0,0.0
pity,NOUN,4,B,0.0,0.0,0.0,0.0,0.0,0.0,0.0
pride,NOUN,4,B,0.0,0.0,0.0,0.0,0.0,0.0,0.0
revenge,NOUN,4,B,0.0,0.0,0.0,0.0,0.0,0.0,0.0
self-esteem,NOUN,5,C,0.0,0.0,0.0,0.0,0.0,0.0,0.0
restraint,NOUN,6,C,0.0,0.0,0.0,0.0,0.0,0.0,0.0
self-control,NOUN,6,C,0.0,0.0,0.0,0.0,0.0,0.0,0.0
self-discipline,NOUN,6,C,0.0,0.0,0.0,0.0,0.0,0.0,0.0
self-respect,NOUN,6,C,0.0,0.0,0.0,0.0,0.0,0.0,0.0
panic,NOUN,4,B,0.0,0.0,0.0,0.0,0.0,0.0,0.0
passion,NOUN,4,B,0.0,0.0,0.0,0.0,0.0,0.0,0.0
rage,NOUN,4,B,0.0,0.0,0.0,0.0,0.0,0.0,0.0
regret,NOUN,4,B,0.0,0.0,0.0,0.0,0.0,0.0,0.0
pretend,VERB,4,B,0.0,0.0,0.0,0.0,0.0,0.0,0.0
prefer,VERB,2,A,0.0,0.0,0.0,0.0,0.0,0.0,0.0
respect,VERB,3,B,0.0,0.0,0.0,0.0,0.0,0.0,0.0
risk,VERB,4,B,0.0,0.0,0.0,0.0,0.0,0.0,0.0
satisfy,VERB,4,B,0.0,0.0,0.0,0.0,0.0,0.0,0.0
resent,VERB,6,C,0.0,0.0,0.0,0.0,0.0,0.0,0.0
sense,VERB,6,C,0.0,0.0,0.0,0.0,0.0,0.0,0.0
please,VERB,3,B,0.0,0.0,0.0,0.0,0.0,0.0,0.0
panic,VERB,4,B,0.0,0.0,0.0,0.0,0.0,0.0,0.0
reckon,VERB,4,B,0.0,0.0,0.0,0.0,0.0,0.0,0.0
president,NOUN,3,B,0.0,0.0,0.0,0.0,0.0,0.0,0.0
policy,NOUN,4,B,0.0,0.0,0.0,0.0,0.0,0.0,0.0
republic,NOUN,5,C,0.0,0.0,0.0,0.0,0.0,0.0,0.0
referendum,NOUN,6,C,0.0,0.0,0.0,0.0,0.0,0.0,0.0
regime,NOUN,6,C,0.0,0.0,0.0,0.0,0.0,0.0,0.0
politics,NOUN,3,B,0.0,0.0,0.0,0.0,0.0,0.0,0.0
power,NOUN,5,C,0.0,0.0,0.0,0.0,0.0,0.0,0.0
reform,NOUN,6,C,0.0,0.0,0.0,0.0,0.0,0.0,0.0
rule,VERB,4,B,0.0,0.0,0.0,0.0,0.0,0.0,0.0
parent,NOUN,1,A,0.0,0.0,0.0,0.0,0.0,0.0,0.0
party,NOUN,1,A,0.0,0.0,0.0,0.0,0.0,0.0,0.0
roommate,NOUN,4,B,0.0,0.0,0.0,0.0,0.0,0.0,0.0
romance,NOUN,3,B,0.0,0.0,0.0,0.0,0.0,0.0,0.0
rear,VERB,5,C,0.0,0.0,0.0,0.0,0.0,0.0,0.0
playground,NOUN,2,A,0.0,0.0,0.0,0.0,0.0,0.0,0.0
puzzle,NOUN,2,A,0.0,0.0,0.0,0.0,0.0,0.0,0.0
quiz,NOUN,2,A,0.0,0.0,0.0,0.0,0.0,0.0,0.0
product,NOUN,3,B,0.0,0.0,0.0,0.0,0.0,0.0,0.0
score,NOUN,3,B,0.0,0.0,0.0,0.0,0.0,0.0,0.0
pitch,NOUN,4,B,0.0,0.0,0.0,0.0,0.0,0.0,0.0
referee,NOUN,4,B,0.0,0.0,0.0,0.0,0.0,0.0,0.0
run,NOUN,4,B,0.0,0.0,0.0,0.0,0.0,0.0,0.0
rugby,NOUN,2,A,0.0,0.0,0.0,0.0,0.0,0.0,0.0
sale,NOUN,4,B,0.0,0.0,0.0,0.0,0.0,0.0,0.0
PC,NOUN,2,A,0.0,0.0,0.0,0.0,0.0,0.0,0.0
program,NOUN,2,A,0.0,0.0,0.0,0.0,0.0,0.0,0.0
password,NOUN,3,B,0.0,0.0,0.0,0.0,0.0,0.0,0.0
plug,NOUN,3,B,0.0,0.0,0.0,0.0,0.0,0.0,0.0
pump,NOUN,3,B,0.0,0.0,0.0,0.0,0.0,0.0,0.0
pedal,NOUN,4,B,0.0,0.0,0.0,0.0,0.0,0.0,0.0
satellite,NOUN,4,B,0.0,0.0,0.0,0.0,0.0,0.0,0.0
return,NOUN,3,B,0.0,0.0,0.0,0.0,0.0,0.0,0.0
plane,NOUN,1,A,0.0,0.0,0.0,0.0,0.0,0.0,0.0
path,NOUN,2,A,0.0,0.0,0.0,0.0,0.0,0.0,0.0
platform,NOUN,2,A,0.0,0.0,0.0,0.0,0.0,0.0,0.0
railway,NOUN,2,A,0.0,0.0,0.0,0.0,0.0,0.0,0.0
roundabout,NOUN,2,A,0.0,0.0,0.0,0.0,0.0,0.0,0.0
pavement,NOUN,3,B,0.0,0.0,0.0,0.0,0.0,0.0,0.0
resort,NOUN,3,B,0.0,0.0,0.0,0.0,0.0,0.0,0.0
ride,NOUN,3,B,0.0,0.0,0.0,0.0,0.0,0.0,0.0
route,NOUN,3,B,0.0,0.0,0.0,0.0,0.0,0.0,0.0
parachute,NOUN,4,B,0.0,0.0,0.0,0.0,0.0,0.0,0.0
rocket,NOUN,4,B,0.0,0.0,0.0,0.0,0.0,0.0,0.0
petrol,NOUN,2,A,0.0,0.0,0.0,0.0,0.0,0.0,0.0
rail,NOUN,3,B,0.0,0.0,0.0,0.0,0.0,0.0,0.0
reverse,NOUN,6,C,0.0,0.0,0.0,0.0,0.0,0.0,0.0
road,NOUN,1,A,0.0,0.0,0.0,0.0,0.0,0.0,0.0
port,NOUN,3,B,0.0,0.0,0.0,0.0,0.0,0.0,0.0
sail,VERB,3,B,0.0,0.0,0.0,0.0,0.0,0.0,0.0
secretary,NOUN,2,A,0.0,0.0,0.0,0.0,0.0,0.0,0.0
profession,NOUN,3,B,0.0,0.0,0.0,0.0,0.0,0.0,0.0
perk,NOUN,5,C,0.0,0.0,0.0,0.0,0.0,0.0,0.0
recruit,NOUN,6,C,0.0,0.0,0.0,0.0,0.0,0.0,0.0
paperwork,NOUN,4,B,0.0,0.0,0.0,0.0,0.0,0.0,0.0
rank,NOUN,5,C,0.0,0.0,0.0,0.0,0.0,0.0,0.0
personnel,NOUN,5,C,0.0,0.0,0.0,0.0,0.0,0.0,0.0
retire,VERB,3,B,0.0,0.0,0.0,0.0,0.0,0.0,0.0
rape,NOUN,4,B,0.0,0.0,0.0,0.0,0.0,0.0,0.0
robbery,NOUN,4,B,0.0,0.0,0.0,0.0,0.0,0.0,0.0
pork,NOUN,3,B,0.0,0.0,0.0,0.0,0.0,0.0,0.0
priest,NOUN,3,B,0.0,0.0,0.0,0.0,0.0,0.0,0.0
recycling,NOUN,3,B,0.0,0.0,0.0,0.0,0.0,0.0,0.0
reorganize,VERB,5,C,0.0,0.0,0.0,0.0,0.0,0.0,0.0
replacement,NOUN,4,B,0.0,0.0,0.0,0.0,0.0,0.0,0.0
redevelopment,NOUN,5,C,0.0,0.0,0.0,0.0,0.0,0.0,0.0
refund,NOUN,3,B,0.0,0.0,0.0,0.0,0.0,0.0,0.0
review,NOUN,3,B,0.0,0.0,0.0,0.0,0.0,0.0,0.0
reunion,NOUN,6,C,0.0,0.0,0.0,0.0,0.0,0.0,0.0
readjust,VERB,6,C,0.0,0.0,0.0,0.0,0.0,0.0,0.0
recur,VERB,6,C,0.0,0.0,0.0,0.0,0.0,0.0,0.0
regain,VERB,4,B,0.0,0.0,0.0,0.0,0.0,0.0,0.0
review,VERB,4,B,0.0,0.0,0.0,0.0,0.0,0.0,0.0
recharge,VERB,5,C,0.0,0.0,0.0,0.0,0.0,0.0,0.0
recreate,VERB,5,C,0.0,0.0,0.0,0.0,0.0,0.0,0.0
redevelop,VERB,5,C,0.0,0.0,0.0,0.0,0.0,0.0,0.0
refund,VERB,5,C,0.0,0.0,0.0,0.0,0.0,0.0,0.0
reinforce,VERB,5,C,0.0,0.0,0.0,0.0,0.0,0.0,0.0
restart,VERB,5,C,0.0,0.0,0.0,0.0,0.0,0.0,0.0
recycle,VERB,3,B,0.0,0.0,0.0,0.0,0.0,0.0,0.0
reconsider,VERB,5,C,0.0,0.0,0.0,0.0,0.0,0.0,0.0
relocate,VERB,5,C,0.0,0.0,0.0,0.0,0.0,0.0,0.0
rethink,VERB,5,C,0.0,0.0,0.0,0.0,0.0,0.0,0.0
restructure,VERB,6,C,0.0,0.0,0.0,0.0,0.0,0.0,0.0
principal,NOUN,4,B,0.0,0.0,0.0,0.0,0.0,0.0,0.0
reversal,NOUN,6,C,0.0,0.0,0.0,0.0,0.0,0.0,0.0
renewal,NOUN,5,C,0.0,0.0,0.0,0.0,0.0,0.0,0.0
relevance,NOUN,5,C,0.0,0.0,0.0,0.0,0.0,0.0,0.0
perseverance,NOUN,6,C,0.0,0.0,0.0,0.0,0.0,0.0,0.0
resemblance,NOUN,6,C,0.0,0.0,0.0,0.0,0.0,0.0,0.0
participant,NOUN,5,C,0.0,0.0,0.0,0.0,0.0,0.0,0.0
persistence,NOUN,6,C,0.0,0.0,0.0,0.0,0.0,0.0,0.0
presence,NOUN,6,C,0.0,0.0,0.0,0.0,0.0,0.0,0.0
photographer,NOUN,2,A,0.0,0.0,0.0,0.0,0.0,0.0,0.0
ruler,NOUN,2,A,0.0,0.0,0.0,0.0,0.0,0.0,0.0
owner,NOUN,3,B,0.0,0.0,0.0,0.0,0.0,0.0,0.0
reporter,NOUN,3,B,0.0,0.0,0.0,0.0,0.0,0.0,0.0
rider,NOUN,3,B,0.0,0.0,0.0,0.0,0.0,0.0,0.0
seller,NOUN,3,B,0.0,0.0,0.0,0.0,0.0,0.0,0.0
philosopher,NOUN,4,B,0.0,0.0,0.0,0.0,0.0,0.0,0.0
producer,NOUN,4,B,0.0,0.0,0.0,0.0,0.0,0.0,0.0
publisher,NOUN,4,B,0.0,0.0,0.0,0.0,0.0,0.0,0.0
pensioner,NOUN,5,C,0.0,0.0,0.0,0.0,0.0,0.0,0.0
programmer,NOUN,5,C,0.0,0.0,0.0,0.0,0.0,0.0,0.0
provider,NOUN,5,C,0.0,0.0,0.0,0.0,0.0,0.0,0.0
retailer,NOUN,6,C,0.0,0.0,0.0,0.0,0.0,0.0,0.0
plastic,NOUN,2,A,0.0,0.0,0.0,0.0,0.0,0.0,0.0
ruling,NOUN,6,C,0.0,0.0,0.0,0.0,0.0,0.0,0.0
planning,NOUN,4,B,0.0,0.0,0.0,0.0,0.0,0.0,0.0
reasoning,NOUN,6,C,0.0,0.0,0.0,0.0,0.0,0.0,0.0
regulation,NOUN,4,B,0.0,0.0,0.0,0.0,0.0,0.0,0.0
selection,NOUN,4,B,0.0,0.0,0.0,0.0,0.0,0.0,0.0
precaution,NOUN,5,C,0.0,0.0,0.0,0.0,0.0,0.0,0.0
projection,NOUN,5,C,0.0,0.0,0.0,0.0,0.0,0.0,0.0
proposition,NOUN,5,C,0.0,0.0,0.0,0.0,0.0,0.0,0.0
presumption,NOUN,6,C,0.0,0.0,0.0,0.0,0.0,0.0,0.0
procession,NOUN,6,C,0.0,0.0,0.0,0.0,0.0,0.0,0.0
rejection,NOUN,6,C,0.0,0.0,0.0,0.0,0.0,0.0,0.0
resolution,NOUN,6,C,0.0,0.0,0.0,0.0,0.0,0.0,0.0
revelation,NOUN,6,C,0.0,0.0,0.0,0.0,0.0,0.0,0.0
sanction,NOUN,6,C,0.0,0.0,0.0,0.0,0.0,0.0,0.0
relaxation,NOUN,3,B,0.0,0.0,0.0,0.0,0.0,0.0,0.0
protection,NOUN,4,B,0.0,0.0,0.0,0.0,0.0,0.0,0.0
perfection,NOUN,5,C,0.0,0.0,0.0,0.0,0.0,0.0,0.0
preservation,NOUN,5,C,0.0,0.0,0.0,0.0,0.0,0.0,0.0
radiation,NOUN,5,C,0.0,0.0,0.0,0.0,0.0,0.0,0.0
renovation,NOUN,5,C,0.0,0.0,0.0,0.0,0.0,0.0,0.0
realization,NOUN,6,C,0.0,0.0,0.0,0.0,0.0,0.0,0.0
recognition,NOUN,6,C,0.0,0.0,0.0,0.0,0.0,0.0,0.0
retention,NOUN,6,C,0.0,0.0,0.0,0.0,0.0,0.0,0.0
population,NOUN,3,B,0.0,0.0,0.0,0.0,0.0,0.0,0.0
reduction,NOUN,4,B,0.0,0.0,0.0,0.0,0.0,0.0,0.0
progression,NOUN,5,C,0.0,0.0,0.0,0.0,0.0,0.0,0.0
provision,NOUN,5,C,0.0,0.0,0.0,0.0,0.0,0.0,0.0
restriction,NOUN,5,C,0.0,0.0,0.0,0.0,0.0,0.0,0.0
perception,NOUN,6,C,0.0,0.0,0.0,0.0,0.0,0.0,0.0
provocation,NOUN,6,C,0.0,0.0,0.0,0.0,0.0,0.0,0.0
recollection,NOUN,6,C,0.0,0.0,0.0,0.0,0.0,0.0,0.0
repetition,NOUN,6,C,0.0,0.0,0.0,0.0,0.0,0.0,0.0
receptionist,NOUN,2,A,0.0,0.0,0.0,0.0,0.0,0.0,0.0
scientist,NOUN,3,B,0.0,0.0,0.0,0.0,0.0,0.0,0.0
pharmacist,NOUN,4,B,0.0,0.0,0.0,0.0,0.0,0.0,0.0
psychologist,NOUN,4,B,0.0,0.0,0.0,0.0,0.0,0.0,0.0
psychiatrist,NOUN,6,C,0.0,0.0,0.0,0.0,0.0,0.0,0.0
possibility,NOUN,4,B,0.0,0.0,0.0,0.0,0.0,0.0,0.0
popularity,NOUN,4,B,0.0,0.0,0.0,0.0,0.0,0.0,0.0
reality,NOUN,4,B,0.0,0.0,0.0,0.0,0.0,0.0,0.0
productivity,NOUN,5,C,0.0,0.0,0.0,0.0,0.0,0.0,0.0
purity,NOUN,5,C,0.0,0.0,0.0,0.0,0.0,0.0,0.0
rarity,NOUN,5,C,0.0,0.0,0.0,0.0,0.0,0.0,0.0
reliability,NOUN,5,C,0.0,0.0,0.0,0.0,0.0,0.0,0.0
probability,NOUN,5,C,0.0,0.0,0.0,0.0,0.0,0.0,0.0
scarcity,NOUN,6,C,0.0,0.0,0.0,0.0,0.0,0.0,0.0
recognize,VERB,3,B,0.0,0.0,0.0,0.0,0.0,0.0,0.0
privatize,VERB,5,C,0.0,0.0,0.0,0.0,0.0,0.0,0.0
requirement,NOUN,4,B,0.0,0.0,0.0,0.0,0.0,0.0,0.0
recruitment,NOUN,5,C,0.0,0.0,0.0,0.0,0.0,0.0,0.0
readiness,NOUN,5,C,0.0,0.0,0.0,0.0,0.0,0.0,0.0
richness,NOUN,5,C,0.0,0.0,0.0,0.0,0.0,0.0,0.0
professor,NOUN,3,B,0.0,0.0,0.0,0.0,0.0,0.0,0.0
sailor,NOUN,3,B,0.0,0.0,0.0,0.0,0.0,0.0,0.0
razor,NOUN,4,B,0.0,0.0,0.0,0.0,0.0,0.0,0.0
predecessor,NOUN,6,C,0.0,0.0,0.0,0.0,0.0,0.0,0.0
prosecutor,NOUN,6,C,0.0,0.0,0.0,0.0,0.0,0.0,0.0
ownership,NOUN,5,C,0.0,0.0,0.0,0.0,0.0,0.0,0.0
readership,NOUN,5,C,0.0,0.0,0.0,0.0,0.0,0.0,0.0
racist,NOUN,6,C,0.0,0.0,0.0,0.0,0.0,0.0,0.0
person,NOUN,1,A,0.0,0.0,0.0,0.0,0.0,0.0,0.0
problem,NOUN,1,A,0.0,0.0,0.0,0.0,0.0,0.0,0.0
restaurant,NOUN,1,A,0.0,0.0,0.0,0.0,0.0,0.0,0.0
passport,NOUN,2,A,0.0,0.0,0.0,0.0,0.0,0.0,0.0
penfriend,NOUN,2,A,0.0,0.0,0.0,0.0,0.0,0.0,0.0
pilot,NOUN,2,A,0.0,0.0,0.0,0.0,0.0,0.0,0.0
plan,NOUN,2,A,0.0,0.0,0.0,0.0,0.0,0.0,0.0
policeman,NOUN,2,A,0.0,0.0,0.0,0.0,0.0,0.0,0.0
policewoman,NOUN,2,A,0.0,0.0,0.0,0.0,0.0,0.0,0.0
present,NOUN,2,A,0.0,0.0,0.0,0.0,0.0,0.0,0.0
price,NOUN,2,A,0.0,0.0,0.0,0.0,0.0,0.0,0.0
prize,NOUN,2,A,0.0,0.0,0.0,0.0,0.0,0.0,0.0
purse,NOUN,2,A,0.0,0.0,0.0,0.0,0.0,0.0,0.0
quarter,NOUN,2,A,0.0,0.0,0.0,0.0,0.0,0.0,0.0
queen,NOUN,2,A,0.0,0.0,0.0,0.0,0.0,0.0,0.0
reason,NOUN,2,A,0.0,0.0,0.0,0.0,0.0,0.0,0.0
salesperson,NOUN,2,A,0.0,0.0,0.0,0.0,0.0,0.0,0.0
screen,NOUN,2,A,0.0,0.0,0.0,0.0,0.0,0.0,0.0
packet,NOUN,3,B,0.0,0.0,0.0,0.0,0.0,0.0,0.0
parcel,NOUN,3,B,0.0,0.0,0.0,0.0,0.0,0.0,0.0
pedestrian,NOUN,3,B,0.0,0.0,0.0,0.0,0.0,0.0,0.0
pharmacy,NOUN,3,B,0.0,0.0,0.0,0.0,0.0,0.0,0.0
pin,NOUN,3,B,0.0,0.0,0.0,0.0,0.0,0.0,0.0
pipe,NOUN,3,B,0.0,0.0,0.0,0.0,0.0,0.0,0.0
politician,NOUN,3,B,0.0,0.0,0.0,0.0,0.0,0.0,0.0
postman,NOUN,3,B,0.0,0.0,0.0,0.0,0.0,0.0,0.0
preposition,NOUN,3,B,0.0,0.0,0.0,0.0,0.0,0.0,0.0
prescription,NOUN,3,B,0.0,0.0,0.0,0.0,0.0,0.0,0.0
prince,NOUN,3,B,0.0,0.0,0.0,0.0,0.0,0.0,0.0
princess,NOUN,3,B,0.0,0.0,0.0,0.0,0.0,0.0,0.0
pronoun,NOUN,3,B,0.0,0.0,0.0,0.0,0.0,0.0,0.0
purpose,NOUN,3,B,0.0,0.0,0.0,0.0,0.0,0.0,0.0
queue,NOUN,3,B,0.0,0.0,0.0,0.0,0.0,0.0,0.0
report,NOUN,3,B,0.0,0.0,0.0,0.0,0.0,0.0,0.0
result,NOUN,3,B,0.0,0.0,0.0,0.0,0.0,0.0,0.0
reward,NOUN,3,B,0.0,0.0,0.0,0.0,0.0,0.0,0.0
robot,NOUN,3,B,0.0,0.0,0.0,0.0,0.0,0.0,0.0
salesman,NOUN,3,B,0.0,0.0,0.0,0.0,0.0,0.0,0.0
saleswoman,NOUN,3,B,0.0,0.0,0.0,0.0,0.0,0.0,0.0
secret,NOUN,3,B,0.0,0.0,0.0,0.0,0.0,0.0,0.0
section,NOUN,3,B,0.0,0.0,0.0,0.0,0.0,0.0,0.0
package,NOUN,4,B,0.0,0.0,0.0,0.0,0.0,0.0,0.0
parade,NOUN,4,B,0.0,0.0,0.0,0.0,0.0,0.0,0.0
pause,NOUN,4,B,0.0,0.0,0.0,0.0,0.0,0.0,0.0
pension,NOUN,4,B,0.0,0.0,0.0,0.0,0.0,0.0,0.0
phase,NOUN,4,B,0.0,0.0,0.0,0.0,0.0,0.0,0.0
plot,NOUN,4,B,0.0,0.0,0.0,0.0,0.0,0.0,0.0
prefix,NOUN,4,B,0.0,0.0,0.0,0.0,0.0,0.0,0.0
ray,NOUN,4,B,0.0,0.0,0.0,0.0,0.0,0.0,0.0
rebel,NOUN,4,B,0.0,0.0,0.0,0.0,0.0,0.0,0.0
release,NOUN,4,B,0.0,0.0,0.0,0.0,0.0,0.0,0.0
representative,NOUN,4,B,0.0,0.0,0.0,0.0,0.0,0.0,0.0
resource,NOUN,4,B,0.0,0.0,0.0,0.0,0.0,0.0,0.0
rise,NOUN,4,B,0.0,0.0,0.0,0.0,0.0,0.0,0.0
salon,NOUN,4,B,0.0,0.0,0.0,0.0,0.0,0.0,0.0
scent,NOUN,4,B,0.0,0.0,0.0,0.0,0.0,0.0,0.0
schedule,NOUN,4,B,0.0,0.0,0.0,0.0,0.0,0.0,0.0
scheme,NOUN,4,B,0.0,0.0,0.0,0.0,0.0,0.0,0.0
scratch,NOUN,4,B,0.0,0.0,0.0,0.0,0.0,0.0,0.0
panel,NOUN,5,C,0.0,0.0,0.0,0.0,0.0,0.0,0.0
peasant,NOUN,5,C,0.0,0.0,0.0,0.0,0.0,0.0,0.0
peer,NOUN,5,C,0.0,0.0,0.0,0.0,0.0,0.0,0.0
permit,NOUN,5,C,0.0,0.0,0.0,0.0,0.0,0.0,0.0
perspective,NOUN,5,C,0.0,0.0,0.0,0.0,0.0,0.0,0.0
phenomenon,NOUN,5,C,0.0,0.0,0.0,0.0,0.0,0.0,0.0
principle,NOUN,5,C,0.0,0.0,0.0,0.0,0.0,0.0,0.0
privilege,NOUN,5,C,0.0,0.0,0.0,0.0,0.0,0.0,0.0
proportion,NOUN,5,C,0.0,0.0,0.0,0.0,0.0,0.0,0.0
push,NOUN,5,C,0.0,0.0,0.0,0.0,0.0,0.0,0.0
pyramid,NOUN,5,C,0.0,0.0,0.0,0.0,0.0,0.0,0.0
ratio,NOUN,5,C,0.0,0.0,0.0,0.0,0.0,0.0,0.0
rectangle,NOUN,5,C,0.0,0.0,0.0,0.0,0.0,0.0,0.0
reign,NOUN,5,C,0.0,0.0,0.0,0.0,0.0,0.0,0.0
riot,NOUN,5,C,0.0,0.0,0.0,0.0,0.0,0.0,0.0
risk,NOUN,5,C,0.0,0.0,0.0,0.0,0.0,0.0,0.0
rival,NOUN,5,C,0.0,0.0,0.0,0.0,0.0,0.0,0.0
runway,NOUN,5,C,0.0,0.0,0.0,0.0,0.0,0.0,0.0
sack,NOUN,5,C,0.0,0.0,0.0,0.0,0.0,0.0,0.0
saint,NOUN,5,C,0.0,0.0,0.0,0.0,0.0,0.0,0.0
serial,NOUN,5,C,0.0,0.0,0.0,0.0,0.0,0.0,0.0
pact,NOUN,6,C,0.0,0.0,0.0,0.0,0.0,0.0,0.0
paradox,NOUN,6,C,0.0,0.0,0.0,0.0,0.0,0.0,0.0
parallel,NOUN,6,C,0.0,0.0,0.0,0.0,0.0,0.0,0.0
particle,NOUN,6,C,0.0,0.0,0.0,0.0,0.0,0.0,0.0
pastime,NOUN,6,C,0.0,0.0,0.0,0.0,0.0,0.0,0.0
patch,NOUN,6,C,0.0,0.0,0.0,0.0,0.0,0.0,0.0
pioneer,NOUN,6,C,0.0,0.0,0.0,0.0,0.0,0.0,0.0
pit,NOUN,6,C,0.0,0.0,0.0,0.0,0.0,0.0,0.0
pole,NOUN,6,C,0.0,0.0,0.0,0.0,0.0,0.0,0.0
raid,NOUN,6,C,0.0,0.0,0.0,0.0,0.0,0.0,0.0
rally,NOUN,6,C,0.0,0.0,0.0,0.0,0.0,0.0,0.0
retreat,NOUN,6,C,0.0,0.0,0.0,0.0,0.0,0.0,0.0
rhyme,NOUN,6,C,0.0,0.0,0.0,0.0,0.0,0.0,0.0
ribbon,NOUN,6,C,0.0,0.0,0.0,0.0,0.0,0.0,0.0
ritual,NOUN,6,C,0.0,0.0,0.0,0.0,0.0,0.0,0.0
roar,NOUN,6,C,0.0,0.0,0.0,0.0,0.0,0.0,0.0
round,NOUN,6,C,0.0,0.0,0.0,0.0,0.0,0.0,0.0
sail,NOUN,6,C,0.0,0.0,0.0,0.0,0.0,0.0,0.0
scenario,NOUN,6,C,0.0,0.0,0.0,0.0,0.0,0.0,0.0
scrap,NOUN,6,C,0.0,0.0,0.0,0.0,0.0,0.0,0.0
pay,NOUN,3,B,0.0,0.0,0.0,0.0,0.0,0.0,0.0
permission,NOUN,3,B,0.0,0.0,0.0,0.0,0.0,0.0,0.0
progress,NOUN,3,B,0.0,0.0,0.0,0.0,0.0,0.0,0.0
research,NOUN,3,B,0.0,0.0,0.0,0.0,0.0,0.0,0.0
pace,NOUN,4,B,0.0,0.0,0.0,0.0,0.0,0.0,0.0
pottery,NOUN,4,B,0.0,0.0,0.0,0.0,0.0,0.0,0.0
privacy,NOUN,4,B,0.0,0.0,0.0,0.0,0.0,0.0,0.0
proof,NOUN,4,B,0.0,0.0,0.0,0.0,0.0,0.0,0.0
psychology,NOUN,4,B,0.0,0.0,0.0,0.0,0.0,0.0,0.0
quiet,NOUN,4,B,0.0,0.0,0.0,0.0,0.0,0.0,0.0
safety,NOUN,4,B,0.0,0.0,0.0,0.0,0.0,0.0,0.0
ozone,NOUN,5,C,0.0,0.0,0.0,0.0,0.0,0.0,0.0
praise,NOUN,5,C,0.0,0.0,0.0,0.0,0.0,0.0,0.0
prestige,NOUN,5,C,0.0,0.0,0.0,0.0,0.0,0.0,0.0
protein,NOUN,5,C,0.0,0.0,0.0,0.0,0.0,0.0,0.0
retail,NOUN,5,C,0.0,0.0,0.0,0.0,0.0,0.0,0.0
revenue,NOUN,5,C,0.0,0.0,0.0,0.0,0.0,0.0,0.0
scope,NOUN,5,C,0.0,0.0,0.0,0.0,0.0,0.0,0.0
pursuit,NOUN,6,C,0.0,0.0,0.0,0.0,0.0,0.0,0.0
recovery,NOUN,6,C,0.0,0.0,0.0,0.0,0.0,0.0,0.0
refuge,NOUN,6,C,0.0,0.0,0.0,0.0,0.0,0.0,0.0
relief,NOUN,6,C,0.0,0.0,0.0,0.0,0.0,0.0,0.0
remorse,NOUN,6,C,0.0,0.0,0.0,0.0,0.0,0.0,0.0
scrutiny,NOUN,6,C,0.0,0.0,0.0,0.0,0.0,0.0,0.0
paint,NOUN,1,A,0.0,0.0,0.0,0.0,0.0,0.0,0.0
phone,NOUN,1,A,0.0,0.0,0.0,0.0,0.0,0.0,0.0
Saturday,NOUN,1,A,0.0,0.0,0.0,0.0,0.0,0.0,0.0
September,NOUN,1,A,0.0,0.0,0.0,0.0,0.0,0.0,0.0
plural,NOUN,2,A,0.0,0.0,0.0,0.0,0.0,0.0,0.0
rent,NOUN,2,A,0.0,0.0,0.0,0.0,0.0,0.0,0.0
rest,NOUN,2,A,0.0,0.0,0.0,0.0,0.0,0.0,0.0
powder,NOUN,3,B,0.0,0.0,0.0,0.0,0.0,0.0,0.0
prison,NOUN,3,B,0.0,0.0,0.0,0.0,0.0,0.0,0.0
religion,NOUN,3,B,0.0,0.0,0.0,0.0,0.0,0.0,0.0
repair,NOUN,3,B,0.0,0.0,0.0,0.0,0.0,0.0,0.0
salary,NOUN,3,B,0.0,0.0,0.0,0.0,0.0,0.0,0.0
salmon,NOUN,3,B,0.0,0.0,0.0,0.0,0.0,0.0,0.0
prejudice,NOUN,4,B,0.0,0.0,0.0,0.0,0.0,0.0,0.0
procedure,NOUN,4,B,0.0,0.0,0.0,0.0,0.0,0.0,0.0
prospect,NOUN,4,B,0.0,0.0,0.0,0.0,0.0,0.0,0.0
rehearsal,NOUN,4,B,0.0,0.0,0.0,0.0,0.0,0.0,0.0
rope,NOUN,4,B,0.0,0.0,0.0,0.0,0.0,0.0,0.0
scandal,NOUN,4,B,0.0,0.0,0.0,0.0,0.0,0.0,0.0
paradise,NOUN,5,C,0.0,0.0,0.0,0.0,0.0,0.0,0.0
redundancy,NOUN,5,C,0.0,0.0,0.0,0.0,0.0,0.0,0.0
register,NOUN,5,C,0.0,0.0,0.0,0.0,0.0,0.0,0.0
sacrifice,NOUN,5,C,0.0,0.0,0.0,0.0,0.0,0.0,0.0
self,NOUN,5,C,0.0,0.0,0.0,0.0,0.0,0.0,0.0
portrayal,NOUN,6,C,0.0,0.0,0.0,0.0,0.0,0.0,0.0
precedent,NOUN,6,C,0.0,0.0,0.0,0.0,0.0,0.0,0.0
rivalry,NOUN,6,C,0.0,0.0,0.0,0.0,0.0,0.0,0.0
people,NOUN,1,A,0.0,0.0,0.0,0.0,0.0,0.0,0.0
scissors,NOUN,2,A,0.0,0.0,0.0,0.0,0.0,0.0,0.0
remains,NOUN,4,B,0.0,0.0,0.0,0.0,0.0,0.0,0.0
read,NOUN,6,C,0.0,0.0,0.0,0.0,0.0,0.0,0.0
progress,VERB,4,B,0.0,0.0,0.0,0.0,0.0,0.0,0.0
qualify,VERB,4,B,0.0,0.0,0.0,0.0,0.0,0.0,0.0
rebel,VERB,4,B,0.0,0.0,0.0,0.0,0.0,0.0,0.0
remain,VERB,4,B,0.0,0.0,0.0,0.0,0.0,0.0,0.0
plunge,VERB,5,C,0.0,0.0,0.0,0.0,0.0,0.0,0.0
proceed,VERB,5,C,0.0,0.0,0.0,0.0,0.0,0.0,0.0
pay,VERB,6,C,0.0,0.0,0.0,0.0,0.0,0.0,0.0
persist,VERB,6,C,0.0,0.0,0.0,0.0,0.0,0.0,0.0
prosper,VERB,6,C,0.0,0.0,0.0,0.0,0.0,0.0,0.0
rage,VERB,6,C,0.0,0.0,0.0,0.0,0.0,0.0,0.0
rhyme,VERB,6,C,0.0,0.0,0.0,0.0,0.0,0.0,0.0
riot,VERB,6,C,0.0,0.0,0.0,0.0,0.0,0.0,0.0
post,VERB,2,A,0.0,0.0,0.0,0.0,0.0,0.0,0.0
receive,VERB,2,A,0.0,0.0,0.0,0.0,0.0,0.0,0.0
play,VERB,3,B,0.0,0.0,0.0,0.0,0.0,0.0,0.0
punish,VERB,3,B,0.0,0.0,0.0,0.0,0.0,0.0,0.0
reduce,VERB,3,B,0.0,0.0,0.0,0.0,0.0,0.0,0.0
require,VERB,3,B,0.0,0.0,0.0,0.0,0.0,0.0,0.0
reserve,VERB,3,B,0.0,0.0,0.0,0.0,0.0,0.0,0.0
rob,VERB,3,B,0.0,0.0,0.0,0.0,0.0,0.0,0.0
peel,VERB,4,B,0.0,0.0,0.0,0.0,0.0,0.0,0.0
photograph,VERB,4,B,0.0,0.0,0.0,0.0,0.0,0.0,0.0
pollute,VERB,4,B,0.0,0.0,0.0,0.0,0.0,0.0,0.0
record,VERB,4,B,0.0,0.0,0.0,0.0,0.0,0.0,0.0
renew,VERB,4,B,0.0,0.0,0.0,0.0,0.0,0.0,0.0
revise,VERB,4,B,0.0,0.0,0.0,0.0,0.0,0.0,0.0
sack,VERB,4,B,0.0,0.0,0.0,0.0,0.0,0.0,0.0
sentence,VERB,4,B,0.0,0.0,0.0,0.0,0.0,0.0,0.0
picture,VERB,5,C,0.0,0.0,0.0,0.0,0.0,0.0,0.0
place,VERB,5,C,0.0,0.0,0.0,0.0,0.0,0.0,0.0
possess,VERB,5,C,0.0,0.0,0.0,0.0,0.0,0.0,0.0
presume,VERB,5,C,0.0,0.0,0.0,0.0,0.0,0.0,0.0
prolong,VERB,5,C,0.0,0.0,0.0,0.0,0.0,0.0,0.0
pursue,VERB,5,C,0.0,0.0,0.0,0.0,0.0,0.0,0.0
rate,VERB,5,C,0.0,0.0,0.0,0.0,0.0,0.0,0.0
refresh,VERB,5,C,0.0,0.0,0.0,0.0,0.0,0.0,0.0
regulate,VERB,5,C,0.0,0.0,0.0,0.0,0.0,0.0,0.0
renovate,VERB,5,C,0.0,0.0,0.0,0.0,0.0,0.0,0.0
resolve,VERB,5,C,0.0,0.0,0.0,0.0,0.0,0.0,0.0
reverse,VERB,5,C,0.0,0.0,0.0,0.0,0.0,0.0,0.0
scare,VERB,5,C,0.0,0.0,0.0,0.0,0.0,0.0,0.0
patch,VERB,6,C,0.0,0.0,0.0,0.0,0.0,0.0,0.0
pinpoint,VERB,6,C,0.0,0.0,0.0,0.0,0.0,0.0,0.0
pity,VERB,6,C,0.0,0.0,0.0,0.0,0.0,0.0,0.0
plague,VERB,6,C,0.0,0.0,0.0,0.0,0.0,0.0,0.0
provoke,VERB,6,C,0.0,0.0,0.0,0.0,0.0,0.0,0.0
raid,VERB,6,C,0.0,0.0,0.0,0.0,0.0,0.0,0.0
recollect,VERB,6,C,0.0,0.0,0.0,0.0,0.0,0.0,0.0
reconcile,VERB,6,C,0.0,0.0,0.0,0.0,0.0,0.0,0.0
reform,VERB,6,C,0.0,0.0,0.0,0.0,0.0,0.0,0.0
relieve,VERB,6,C,0.0,0.0,0.0,0.0,0.0,0.0,0.0
relish,VERB,6,C,0.0,0.0,0.0,0.0,0.0,0.0,0.0
retain,VERB,6,C,0.0,0.0,0.0,0.0,0.0,0.0,0.0
rival,VERB,6,C,0.0,0.0,0.0,0.0,0.0,0.0,0.0
saddle,VERB,6,C,0.0,0.0,0.0,0.0,0.0,0.0,0.0
sample,VERB,6,C,0.0,0.0,0.0,0.0,0.0,0.0,0.0
phone,VERB,1,A,0.0,0.0,0.0,0.0,0.0,0.0,0.0
remember,VERB,1,A,0.0,0.0,0.0,0.0,0.0,0.0,0.0
ride,VERB,1,A,0.0,0.0,0.0,0.0,0.0,0.0,0.0
pack,VERB,2,A,0.0,0.0,0.0,0.0,0.0,0.0,0.0
park,VERB,2,A,0.0,0.0,0.0,0.0,0.0,0.0,0.0
race,VERB,3,B,0.0,0.0,0.0,0.0,0.0,0.0,0.0
score,VERB,3,B,0.0,0.0,0.0,0.0,0.0,0.0,0.0
recall,VERB,4,B,0.0,0.0,0.0,0.0,0.0,0.0,0.0
resign,VERB,4,B,0.0,0.0,0.0,0.0,0.0,0.0,0.0
row,VERB,4,B,0.0,0.0,0.0,0.0,0.0,0.0,0.0
rank,VERB,5,C,0.0,0.0,0.0,0.0,0.0,0.0,0.0
rehearse,VERB,5,C,0.0,0.0,0.0,0.0,0.0,0.0,0.0
pop,VERB,6,C,0.0,0.0,0.0,0.0,0.0,0.0,0.0
prosecute,VERB,6,C,0.0,0.0,0.0,0.0,0.0,0.0,0.0
rot,VERB,6,C,0.0,0.0,0.0,0.0,0.0,0.0,0.0
pub,NOUN,2,A,0.0,0.0,0.0,0.0,0.0,0.0,0.0
refugee,NOUN,4,B,0.0,0.0,0.0,0.0,0.0,0.0,0.0
prostitute,NOUN,5,C,0.0,0.0,0.0,0.0,0.0,0.0,0.0
rebellion,NOUN,5,C,0.0,0.0,0.0,0.0,0.0,0.0,0.0
rape,VERB,4,B,0.0,0.0,0.0,0.0,0.0,0.0,0.0
pathetic,ADJ,6,C,0.0,0.0,0.0,0.0,0.0,0.0,0.0
poorly,ADJ,5,C,0.0,0.0,0.0,0.0,0.0,0.0,0.0
scary,ADJ,3,B,0.0,0.0,0.0,0.0,0.0,0.0,0.0
pretty,ADV,3,B,0.0,0.0,0.0,0.0,0.0,0.0,0.0
part,VERB,6,C,0.0,0.0,0.0,0.0,0.0,0.0,0.0
relative,ADJ,5,C,0.0,0.0,0.0,0.0,0.0,0.0,0.0
presently,ADV,5,C,0.0,0.0,0.0,0.0,0.0,0.0,0.0
paramount,ADJ,6,C,0.0,0.0,0.0,0.0,0.0,0.0,0.0
posh,ADJ,4,B,0.0,0.0,0.0,0.0,0.0,0.0,0.0
recycled,ADJ,3,B,0.0,0.0,0.0,0.0,0.0,0.0,0.0
reproduce,VERB,6,C,0.0,0.0,0.0,0.0,0.0,0.0,0.0
reasonable,ADJ,3,B,0.0,0.0,0.0,0.0,0.0,0.0,0.0
remarkable,ADJ,4,B,0.0,0.0,0.0,0.0,0.0,0.0,0.0
pleasurable,ADJ,5,C,0.0,0.0,0.0,0.0,0.0,0.0,0.0
portable,ADJ,5,C,0.0,0.0,0.0,0.0,0.0,0.0,0.0
reputable,ADJ,5,C,0.0,0.0,0.0,0.0,0.0,0.0,0.0
respectable,ADJ,6,C,0.0,0.0,0.0,0.0,0.0,0.0,0.0
payable,ADJ,5,C,0.0,0.0,0.0,0.0,0.0,0.0,0.0
reliable,ADJ,3,B,0.0,0.0,0.0,0.0,0.0,0.0,0.0
physical,ADJ,4,B,0.0,0.0,0.0,0.0,0.0,0.0,0.0
psychological,ADJ,4,B,0.0,0.0,0.0,0.0,0.0,0.0,0.0
sensational,ADJ,6,C,0.0,0.0,0.0,0.0,0.0,0.0,0.0
residential,ADJ,6,C,0.0,0.0,0.0,0.0,0.0,0.0,0.0
regional,ADJ,4,B,0.0,0.0,0.0,0.0,0.0,0.0,0.0
racial,ADJ,4,B,0.0,0.0,0.0,0.0,0.0,0.0,0.0
professional,ADJ,3,B,0.0,0.0,0.0,0.0,0.0,0.0,0.0
rational,ADJ,5,C,0.0,0.0,0.0,0.0,0.0,0.0,0.0
philosophical,ADJ,6,C,0.0,0.0,0.0,0.0,0.0,0.0,0.0
practical,ADJ,6,C,0.0,0.0,0.0,0.0,0.0,0.0,0.0
sceptical,ADJ,6,C,0.0,0.0,0.0,0.0,0.0,0.0,0.0
sentimental,ADJ,6,C,0.0,0.0,0.0,0.0,0.0,0.0,0.0
political,ADJ,3,B,0.0,0.0,0.0,0.0,0.0,0.0,0.0
presidential,ADJ,4,B,0.0,0.0,0.0,0.0,0.0,0.0,0.0
radical,ADJ,6,C,0.0,0.0,0.0,0.0,0.0,0.0,0.0
recreational,ADJ,6,C,0.0,0.0,0.0,0.0,0.0,0.0,0.0
self-reliant,ADJ,6,C,0.0,0.0,0.0,0.0,0.0,0.0,0.0
redundant,ADJ,4,B,0.0,0.0,0.0,0.0,0.0,0.0,0.0
secluded,ADJ,6,C,0.0,0.0,0.0,0.0,0.0,0.0,0.0
semi-detached,ADJ,5,C,0.0,0.0,0.0,0.0,0.0,0.0,0.0
pleased,ADJ,2,A,0.0,0.0,0.0,0.0,0.0,0.0,0.0
relaxed,ADJ,3,B,0.0,0.0,0.0,0.0,0.0,0.0,0.0
satisfied,ADJ,3,B,0.0,0.0,0.0,0.0,0.0,0.0,0.0
scared,ADJ,3,B,0.0,0.0,0.0,0.0,0.0,0.0,0.0
petrified,ADJ,4,B,0.0,0.0,0.0,0.0,0.0,0.0,0.0
puzzled,ADJ,4,B,0.0,0.0,0.0,0.0,0.0,0.0,0.0
qualified,ADJ,4,B,0.0,0.0,0.0,0.0,0.0,0.0,0.0
relieved,ADJ,4,B,0.0,0.0,0.0,0.0,0.0,0.0,0.0
respected,ADJ,4,B,0.0,0.0,0.0,0.0,0.0,0.0,0.0
self-centred,ADJ,5,C,0.0,0.0,0.0,0.0,0.0,0.0,0.0
reserved,ADJ,6,C,0.0,0.0,0.0,0.0,0.0,0.0,0.0
self-assured,ADJ,6,C,0.0,0.0,0.0,0.0,0.0,0.0,0.0
related,ADJ,4,B,0.0,0.0,0.0,0.0,0.0,0.0,0.0
scheduled,ADJ,4,B,0.0,0.0,0.0,0.0,0.0,0.0,0.0
retired,ADJ,4,B,0.0,0.0,0.0,0.0,0.0,0.0,0.0
persistent,ADJ,6,C,0.0,0.0,0.0,0.0,0.0,0.0,0.0
painful,ADJ,3,B,0.0,0.0,0.0,0.0,0.0,0.0,0.0
pitiful,ADJ,6,C,0.0,0.0,0.0,0.0,0.0,0.0,0.0
peaceful,ADJ,3,B,0.0,0.0,0.0,0.0,0.0,0.0,0.0
powerful,ADJ,3,B,0.0,0.0,0.0,0.0,0.0,0.0,0.0
respectful,ADJ,5,C,0.0,0.0,0.0,0.0,0.0,0.0,0.0
resourceful,ADJ,6,C,0.0,0.0,0.0,0.0,0.0,0.0,0.0
reversible,ADJ,6,C,0.0,0.0,0.0,0.0,0.0,0.0,0.0
sensible,ADJ,3,B,0.0,0.0,0.0,0.0,0.0,0.0,0.0
responsible,ADJ,4,B,0.0,0.0,0.0,0.0,0.0,0.0,0.0
romantic,ADJ,3,B,0.0,0.0,0.0,0.0,0.0,0.0,0.0
poetic,ADJ,6,C,0.0,0.0,0.0,0.0,0.0,0.0,0.0
scenic,ADJ,5,C,0.0,0.0,0.0,0.0,0.0,0.0,0.0
scientific,ADJ,3,B,0.0,0.0,0.0,0.0,0.0,0.0,0.0
pessimistic,ADJ,4,B,0.0,0.0,0.0,0.0,0.0,0.0,0.0
realistic,ADJ,4,B,0.0,0.0,0.0,0.0,0.0,0.0,0.0
sarcastic,ADJ,6,C,0.0,0.0,0.0,0.0,0.0,0.0,0.0
relaxing,ADJ,3,B,0.0,0.0,0.0,0.0,0.0,0.0,0.0
self-catering,ADJ,5,C,0.0,0.0,0.0,0.0,0.0,0.0,0.0
representation,NOUN,6,C,0.0,0.0,0.0,0.0,0.0,0.0,0.0
selfish,ADJ,3,B,0.0,0.0,0.0,0.0,0.0,0.0,0.0
quality,ADJ,3,B,0.0,0.0,0.0,0.0,0.0,0.0,0.0
repetitive,ADJ,5,C,0.0,0.0,0.0,0.0,0.0,0.0,0.0
sensitive,ADJ,4,B,0.0,0.0,0.0,0.0,0.0,0.0,0.0
protective,ADJ,5,C,0.0,0.0,0.0,0.0,0.0,0.0,0.0
perceptive,ADJ,6,C,0.0,0.0,0.0,0.0,0.0,0.0,0.0
receptive,ADJ,6,C,0.0,0.0,0.0,0.0,0.0,0.0,0.0
restless,ADJ,5,C,0.0,0.0,0.0,0.0,0.0,0.0,0.0
ruthless,ADJ,6,C,0.0,0.0,0.0,0.0,0.0,0.0,0.0
physically,ADV,4,B,0.0,0.0,0.0,0.0,0.0,0.0,0.0
psychologically,ADV,4,B,0.0,0.0,0.0,0.0,0.0,0.0,0.0
really,ADV,1,A,0.0,0.0,0.0,0.0,0.0,0.0,0.0
particularly,ADV,3,B,0.0,0.0,0.0,0.0,0.0,0.0,0.0
partly,ADV,3,B,0.0,0.0,0.0,0.0,0.0,0.0,0.0
personally,ADV,3,B,0.0,0.0,0.0,0.0,0.0,0.0,0.0
possibly,ADV,3,B,0.0,0.0,0.0,0.0,0.0,0.0,0.0
perfectly,ADV,4,B,0.0,0.0,0.0,0.0,0.0,0.0,0.0
precisely,ADV,4,B,0.0,0.0,0.0,0.0,0.0,0.0,0.0
secondly,ADV,4,B,0.0,0.0,0.0,0.0,0.0,0.0,0.0
roughly,ADV,4,B,0.0,0.0,0.0,0.0,0.0,0.0,0.0
scientifically,ADV,4,B,0.0,0.0,0.0,0.0,0.0,0.0,0.0
racially,ADV,5,C,0.0,0.0,0.0,0.0,0.0,0.0,0.0
politely,ADV,3,B,0.0,0.0,0.0,0.0,0.0,0.0,0.0
passionately,ADV,4,B,0.0,0.0,0.0,0.0,0.0,0.0,0.0
patiently,ADV,4,B,0.0,0.0,0.0,0.0,0.0,0.0,0.0
peacefully,ADV,4,B,0.0,0.0,0.0,0.0,0.0,0.0,0.0
positively,ADV,4,B,0.0,0.0,0.0,0.0,0.0,0.0,0.0
proudly,ADV,4,B,0.0,0.0,0.0,0.0,0.0,0.0,0.0
readily,ADV,4,B,0.0,0.0,0.0,0.0,0.0,0.0,0.0
reasonably,ADV,4,B,0.0,0.0,0.0,0.0,0.0,0.0,0.0
sadly,ADV,4,B,0.0,0.0,0.0,0.0,0.0,0.0,0.0
reluctantly,ADV,5,C,0.0,0.0,0.0,0.0,0.0,0.0,0.0
rudely,ADV,5,C,0.0,0.0,0.0,0.0,0.0,0.0,0.0
sensibly,ADV,5,C,0.0,0.0,0.0,0.0,0.0,0.0,0.0
respectfully,ADV,6,C,0.0,0.0,0.0,0.0,0.0,0.0,0.0
precious,ADJ,4,B,0.0,0.0,0.0,0.0,0.0,0.0,0.0
prosperous,ADJ,5,C,0.0,0.0,0.0,0.0,0.0,0.0,0.0
self-conscious,ADJ,5,C,0.0,0.0,0.0,0.0,0.0,0.0,0.0
rosy,ADJ,6,C,0.0,0.0,0.0,0.0,0.0,0.0,0.0
scruffy,ADJ,6,C,0.0,0.0,0.0,0.0,0.0,0.0,0.0
salty,ADJ,4,B,0.0,0.0,0.0,0.0,0.0,0.0,0.0
rainy,ADJ,3,B,0.0,0.0,0.0,0.0,0.0,0.0,0.0
sandy,ADJ,3,B,0.0,0.0,0.0,0.0,0.0,0.0,0.0
rocky,ADJ,5,C,0.0,0.0,0.0,0.0,0.0,0.0,0.0
risky,ADJ,4,B,0.0,0.0,0.0,0.0,0.0,0.0,0.0
rusty,ADJ,4,B,0.0,0.0,0.0,0.0,0.0,0.0,0.0
pushy,ADJ,6,C,0.0,0.0,0.0,0.0,0.0,0.0,0.0
publish,VERB,3,B,0.0,0.0,0.0,0.0,0.0,0.0,0.0
pregnant,ADJ,3,B,0.0,0.0,0.0,0.0,0.0,0.0,0.0
poisonous,ADJ,4,B,0.0,0.0,0.0,0.0,0.0,0.0,0.0
plump,ADJ,6,C,0.0,0.0,0.0,0.0,0.0,0.0,0.0
positive,ADJ,6,C,0.0,0.0,0.0,0.0,0.0,0.0,0.0
sane,ADJ,6,C,0.0,0.0,0.0,0.0,0.0,0.0,0.0
scar,VERB,6,C,0.0,0.0,0.0,0.0,0.0,0.0,0.0
pure,ADJ,4,B,0.0,0.0,0.0,0.0,0.0,0.0,0.0
quite,ADV,2,A,0.0,0.0,0.0,0.0,0.0,0.0,0.0
right,ADV,2,A,0.0,0.0,0.0,0.0,0.0,0.0,0.0
rather,ADV,3,B,0.0,0.0,0.0,0.0,0.0,0.0,0.0
question,VERB,4,B,0.0,0.0,0.0,0.0,0.0,0.0,0.0
plead,VERB,6,C,0.0,0.0,0.0,0.0,0.0,0.0,0.0
serial,ADJ,5,C,0.0,0.0,0.0,0.0,0.0,0.0,0.0
red,ADJ,1,A,0.0,0.0,0.0,0.0,0.0,0.0,0.0
perfect,ADJ,2,A,0.0,0.0,0.0,0.0,0.0,0.0,0.0
pink,ADJ,2,A,0.0,0.0,0.0,0.0,0.0,0.0,0.0
pleasant,ADJ,2,A,0.0,0.0,0.0,0.0,0.0,0.0,0.0
purple,ADJ,2,A,0.0,0.0,0.0,0.0,0.0,0.0,0.0
right,ADJ,2,A,0.0,0.0,0.0,0.0,0.0,0.0,0.0
right-hand,ADJ,2,A,0.0,0.0,0.0,0.0,0.0,0.0,0.0
round,ADJ,2,A,0.0,0.0,0.0,0.0,0.0,0.0,0.0
pretty,ADJ,3,B,0.0,0.0,0.0,0.0,0.0,0.0,0.0
regular,ADJ,3,B,0.0,0.0,0.0,0.0,0.0,0.0,0.0
rough,ADJ,3,B,0.0,0.0,0.0,0.0,0.0,0.0,0.0
poor,ADJ,4,B,0.0,0.0,0.0,0.0,0.0,0.0,0.0
precise,ADJ,4,B,0.0,0.0,0.0,0.0,0.0,0.0,0.0
rectangular,ADJ,4,B,0.0,0.0,0.0,0.0,0.0,0.0,0.0
satisfactory,ADJ,4,B,0.0,0.0,0.0,0.0,0.0,0.0,0.0
scarce,ADJ,5,C,0.0,0.0,0.0,0.0,0.0,0.0,0.0
quaint,ADJ,6,C,0.0,0.0,0.0,0.0,0.0,0.0,0.0
percent,ADV,3,B,0.0,0.0,0.0,0.0,0.0,0.0,0.0
round,ADV,3,B,0.0,0.0,0.0,0.0,0.0,0.0,0.0
secondary,ADJ,3,B,0.0,0.0,0.0,0.0,0.0,0.0,0.0
roast,ADJ,2,A,0.0,0.0,0.0,0.0,0.0,0.0,0.0
raw,ADJ,3,B,0.0,0.0,0.0,0.0,0.0,0.0,0.0
rich,ADJ,4,B,0.0,0.0,0.0,0.0,0.0,0.0,0.0
rotten,ADJ,4,B,0.0,0.0,0.0,0.0,0.0,0.0,0.0
rare,ADJ,5,C,0.0,0.0,0.0,0.0,0.0,0.0,0.0
rural,ADJ,4,B,0.0,0.0,0.0,0.0,0.0,0.0,0.0
schedule,VERB,4,B,0.0,0.0,0.0,0.0,0.0,0.0,0.0
seduce,VERB,6,C,0.0,0.0,0.0,0.0,0.0,0.0,0.0
plain,ADJ,6,C,0.0,0.0,0.0,0.0,0.0,0.0,0.0
sad,ADJ,1,A,0.0,0.0,0.0,0.0,0.0,0.0,0.0
polite,ADJ,2,A,0.0,0.0,0.0,0.0,0.0,0.0,0.0
patient,ADJ,3,B,0.0,0.0,0.0,0.0,0.0,0.0,0.0
proud,ADJ,3,B,0.0,0.0,0.0,0.0,0.0,0.0,0.0
passionate,ADJ,4,B,0.0,0.0,0.0,0.0,0.0,0.0,0.0
passive,ADJ,4,B,0.0,0.0,0.0,0.0,0.0,0.0,0.0
secure,ADJ,4,B,0.0,0.0,0.0,0.0,0.0,0.0,0.0
self-confident,ADJ,4,B,0.0,0.0,0.0,0.0,0.0,0.0,0.0
particular,ADJ,5,C,0.0,0.0,0.0,0.0,0.0,0.0,0.0
serene,ADJ,6,C,0.0,0.0,0.0,0.0,0.0,0.0,0.0
public,ADJ,3,B,0.0,0.0,0.0,0.0,0.0,0.0,0.0
revolutionary,ADJ,4,B,0.0,0.0,0.0,0.0,0.0,0.0,0.0
right-wing,ADJ,6,C,0.0,0.0,0.0,0.0,0.0,0.0,0.0
parliament,NOUN,4,B,0.0,0.0,0.0,0.0,0.0,0.0,0.0
presidency,NOUN,4,B,0.0,0.0,0.0,0.0,0.0,0.0,0.0
semi-final,NOUN,4,B,0.0,0.0,0.0,0.0,0.0,0.0,0.0
senior,ADJ,4,B,0.0,0.0,0.0,0.0,0.0,0.0,0.0
part-time,ADV,3,B,0.0,0.0,0.0,0.0,0.0,0.0,0.0
recruit,VERB,5,C,0.0,0.0,0.0,0.0,0.0,0.0,0.0
reassuring,ADJ,5,C,0.0,0.0,0.0,0.0,0.0,0.0,0.0
reproduction,NOUN,5,C,0.0,0.0,0.0,0.0,0.0,0.0,0.0
predictable,ADJ,4,B,0.0,0.0,0.0,0.0,0.0,0.0,0.0
preferable,ADJ,4,B,0.0,0.0,0.0,0.0,0.0,0.0,0.0
probable,ADJ,4,B,0.0,0.0,0.0,0.0,0.0,0.0,0.0
profitable,ADJ,4,B,0.0,0.0,0.0,0.0,0.0,0.0,0.0
renewable,ADJ,5,C,0.0,0.0,0.0,0.0,0.0,0.0,0.0
questionable,ADJ,6,C,0.0,0.0,0.0,0.0,0.0,0.0,0.0
personal,ADJ,3,B,0.0,0.0,0.0,0.0,0.0,0.0,0.0
principal,ADJ,3,B,0.0,0.0,0.0,0.0,0.0,0.0,0.0
partial,ADJ,4,B,0.0,0.0,0.0,0.0,0.0,0.0,0.0
potential,ADJ,4,B,0.0,0.0,0.0,0.0,0.0,0.0,0.0
seasonal,ADJ,4,B,0.0,0.0,0.0,0.0,0.0,0.0,0.0
postal,ADJ,5,C,0.0,0.0,0.0,0.0,0.0,0.0,0.0
paradoxical,ADJ,6,C,0.0,0.0,0.0,0.0,0.0,0.0,0.0
phenomenal,ADJ,6,C,0.0,0.0,0.0,0.0,0.0,0.0,0.0
provincial,ADJ,6,C,0.0,0.0,0.0,0.0,0.0,0.0,0.0
revival,NOUN,6,C,0.0,0.0,0.0,0.0,0.0,0.0,0.0
reluctant,ADJ,5,C,0.0,0.0,0.0,0.0,0.0,0.0,0.0
predominant,ADJ,6,C,0.0,0.0,0.0,0.0,0.0,0.0,0.0
prepared,ADJ,3,B,0.0,0.0,0.0,0.0,0.0,0.0,0.0
prejudiced,ADJ,5,C,0.0,0.0,0.0,0.0,0.0,0.0,0.0
privileged,ADJ,5,C,0.0,0.0,0.0,0.0,0.0,0.0,0.0
prolonged,ADJ,5,C,0.0,0.0,0.0,0.0,0.0,0.0,0.0
restricted,ADJ,5,C,0.0,0.0,0.0,0.0,0.0,0.0,0.0
refined,ADJ,6,C,0.0,0.0,0.0,0.0,0.0,0.0,0.0
renowned,ADJ,6,C,0.0,0.0,0.0,0.0,0.0,0.0,0.0
repeated,ADJ,6,C,0.0,0.0,0.0,0.0,0.0,0.0,0.0
scattered,ADJ,6,C,0.0,0.0,0.0,0.0,0.0,0.0,0.0
resilient,ADJ,6,C,0.0,0.0,0.0,0.0,0.0,0.0,0.0
possible,ADJ,1,A,0.0,0.0,0.0,0.0,0.0,0.0,0.0
plausible,ADJ,6,C,0.0,0.0,0.0,0.0,0.0,0.0,0.0
plastic,ADJ,2,A,0.0,0.0,0.0,0.0,0.0,0.0,0.0
problematic,ADJ,5,C,0.0,0.0,0.0,0.0,0.0,0.0,0.0
pragmatic,ADJ,6,C,0.0,0.0,0.0,0.0,0.0,0.0,0.0
remaining,ADJ,4,B,0.0,0.0,0.0,0.0,0.0,0.0,0.0
promising,ADJ,5,C,0.0,0.0,0.0,0.0,0.0,0.0,0.0
refreshing,ADJ,5,C,0.0,0.0,0.0,0.0,0.0,0.0,0.0
rewarding,ADJ,5,C,0.0,0.0,0.0,0.0,0.0,0.0,0.0
rating,NOUN,5,C,0.0,0.0,0.0,0.0,0.0,0.0,0.0
possessive,ADJ,3,B,0.0,0.0,0.0,0.0,0.0,0.0,0.0
productive,ADJ,4,B,0.0,0.0,0.0,0.0,0.0,0.0,0.0
progressive,ADJ,4,B,0.0,0.0,0.0,0.0,0.0,0.0,0.0
persuasive,ADJ,5,C,0.0,0.0,0.0,0.0,0.0,0.0,0.0
primitive,ADJ,5,C,0.0,0.0,0.0,0.0,0.0,0.0,0.0
selective,ADJ,5,C,0.0,0.0,0.0,0.0,0.0,0.0,0.0
preventive,ADJ,6,C,0.0,0.0,0.0,0.0,0.0,0.0,0.0
restrictive,ADJ,6,C,0.0,0.0,0.0,0.0,0.0,0.0,0.0
priceless,ADJ,4,B,0.0,0.0,0.0,0.0,0.0,0.0,0.0
pointless,ADJ,5,C,0.0,0.0,0.0,0.0,0.0,0.0,0.0
reckless,ADJ,6,C,0.0,0.0,0.0,0.0,0.0,0.0,0.0
relentless,ADJ,6,C,0.0,0.0,0.0,0.0,0.0,0.0,0.0
senseless,ADJ,6,C,0.0,0.0,0.0,0.0,0.0,0.0,0.0
regardless,ADV,6,C,0.0,0.0,0.0,0.0,0.0,0.0,0.0
probably,ADV,2,A,0.0,0.0,0.0,0.0,0.0,0.0,0.0
quickly,ADV,2,A,0.0,0.0,0.0,0.0,0.0,0.0,0.0
pleasantly,ADV,3,B,0.0,0.0,0.0,0.0,0.0,0.0,0.0
previously,ADV,3,B,0.0,0.0,0.0,0.0,0.0,0.0,0.0
properly,ADV,3,B,0.0,0.0,0.0,0.0,0.0,0.0,0.0
quietly,ADV,3,B,0.0,0.0,0.0,0.0,0.0,0.0,0.0
rarely,ADV,3,B,0.0,0.0,0.0,0.0,0.0,0.0,0.0
recently,ADV,3,B,0.0,0.0,0.0,0.0,0.0,0.0,0.0
regularly,ADV,3,B,0.0,0.0,0.0,0.0,0.0,0.0,0.0
secretly,ADV,3,B,0.0,0.0,0.0,0.0,0.0,0.0,0.0
permanently,ADV,4,B,0.0,0.0,0.0,0.0,0.0,0.0,0.0
potentially,ADV,4,B,0.0,0.0,0.0,0.0,0.0,0.0,0.0
powerfully,ADV,4,B,0.0,0.0,0.0,0.0,0.0,0.0,0.0
practically,ADV,4,B,0.0,0.0,0.0,0.0,0.0,0.0,0.0
preferably,ADV,4,B,0.0,0.0,0.0,0.0,0.0,0.0,0.0
presumably,ADV,4,B,0.0,0.0,0.0,0.0,0.0,0.0,0.0
primarily,ADV,4,B,0.0,0.0,0.0,0.0,0.0,0.0,0.0
privately,ADV,4,B,0.0,0.0,0.0,0.0,0.0,0.0,0.0
promptly,ADV,4,B,0.0,0.0,0.0,0.0,0.0,0.0,0.0
rapidly,ADV,4,B,0.0,0.0,0.0,0.0,0.0,0.0,0.0
rightly,ADV,4,B,0.0,0.0,0.0,0.0,0.0,0.0,0.0
separately,ADV,4,B,0.0,0.0,0.0,0.0,0.0,0.0,0.0
partially,ADV,5,C,0.0,0.0,0.0,0.0,0.0,0.0,0.0
poorly,ADV,5,C,0.0,0.0,0.0,0.0,0.0,0.0,0.0
publicly,ADV,5,C,0.0,0.0,0.0,0.0,0.0,0.0,0.0
purely,ADV,5,C,0.0,0.0,0.0,0.0,0.0,0.0,0.0
radically,ADV,5,C,0.0,0.0,0.0,0.0,0.0,0.0,0.0
randomly,ADV,5,C,0.0,0.0,0.0,0.0,0.0,0.0,0.0
realistically,ADV,5,C,0.0,0.0,0.0,0.0,0.0,0.0,0.0
remarkably,ADV,5,C,0.0,0.0,0.0,0.0,0.0,0.0,0.0
repeatedly,ADV,5,C,0.0,0.0,0.0,0.0,0.0,0.0,0.0
respectively,ADV,5,C,0.0,0.0,0.0,0.0,0.0,0.0,0.0
satisfactorily,ADV,5,C,0.0,0.0,0.0,0.0,0.0,0.0,0.0
seemingly,ADV,5,C,0.0,0.0,0.0,0.0,0.0,0.0,0.0
predominantly,ADV,6,C,0.0,0.0,0.0,0.0,0.0,0.0,0.0
profoundly,ADV,6,C,0.0,0.0,0.0,0.0,0.0,0.0,0.0
relentlessly,ADV,6,C,0.0,0.0,0.0,0.0,0.0,0.0,0.0
scarcely,ADV,6,C,0.0,0.0,0.0,0.0,0.0,0.0,0.0
previous,ADJ,3,B,0.0,0.0,0.0,0.0,0.0,0.0,0.0
serious,ADJ,3,B,0.0,0.0,0.0,0.0,0.0,0.0,0.0
religious,ADJ,4,B,0.0,0.0,0.0,0.0,0.0,0.0,0.0
ridiculous,ADJ,4,B,0.0,0.0,0.0,0.0,0.0,0.0,0.0
prestigious,ADJ,5,C,0.0,0.0,0.0,0.0,0.0,0.0,0.0
rebellious,ADJ,5,C,0.0,0.0,0.0,0.0,0.0,0.0,0.0
petty,ADJ,6,C,0.0,0.0,0.0,0.0,0.0,0.0,0.0
racist,ADJ,6,C,0.0,0.0,0.0,0.0,0.0,0.0,0.0
quick,ADJ,1,A,0.0,0.0,0.0,0.0,0.0,0.0,0.0
ready,ADJ,1,A,0.0,0.0,0.0,0.0,0.0,0.0,0.0
safe,ADJ,1,A,0.0,0.0,0.0,0.0,0.0,0.0,0.0
same,ADJ,1,A,0.0,0.0,0.0,0.0,0.0,0.0,0.0
popular,ADJ,2,A,0.0,0.0,0.0,0.0,0.0,0.0,0.0
quiet,ADJ,2,A,0.0,0.0,0.0,0.0,0.0,0.0,0.0
real,ADJ,2,A,0.0,0.0,0.0,0.0,0.0,0.0,0.0
past,ADJ,3,B,0.0,0.0,0.0,0.0,0.0,0.0,0.0
permanent,ADJ,3,B,0.0,0.0,0.0,0.0,0.0,0.0,0.0
present,ADJ,3,B,0.0,0.0,0.0,0.0,0.0,0.0,0.0
private,ADJ,3,B,0.0,0.0,0.0,0.0,0.0,0.0,0.0
proper,ADJ,3,B,0.0,0.0,0.0,0.0,0.0,0.0,0.0
recent,ADJ,3,B,0.0,0.0,0.0,0.0,0.0,0.0,0.0
rude,ADJ,3,B,0.0,0.0,0.0,0.0,0.0,0.0,0.0
second-hand,ADJ,3,B,0.0,0.0,0.0,0.0,0.0,0.0,0.0
secret,ADJ,3,B,0.0,0.0,0.0,0.0,0.0,0.0,0.0
self-service,ADJ,3,B,0.0,0.0,0.0,0.0,0.0,0.0,0.0
separate,ADJ,3,B,0.0,0.0,0.0,0.0,0.0,0.0,0.0
packed,ADJ,4,B,0.0,0.0,0.0,0.0,0.0,0.0,0.0
pale,ADJ,4,B,0.0,0.0,0.0,0.0,0.0,0.0,0.0
peculiar,ADJ,4,B,0.0,0.0,0.0,0.0,0.0,0.0,0.0
picturesque,ADJ,4,B,0.0,0.0,0.0,0.0,0.0,0.0,0.0
primary,ADJ,4,B,0.0,0.0,0.0,0.0,0.0,0.0,0.0
prompt,ADJ,4,B,0.0,0.0,0.0,0.0,0.0,0.0,0.0
proposed,ADJ,4,B,0.0,0.0,0.0,0.0,0.0,0.0,0.0
rapid,ADJ,4,B,0.0,0.0,0.0,0.0,0.0,0.0,0.0
rear,ADJ,4,B,0.0,0.0,0.0,0.0,0.0,0.0,0.0
relevant,ADJ,4,B,0.0,0.0,0.0,0.0,0.0,0.0,0.0
remote,ADJ,4,B,0.0,0.0,0.0,0.0,0.0,0.0,0.0
ripe,ADJ,4,B,0.0,0.0,0.0,0.0,0.0,0.0,0.0
royal,ADJ,4,B,0.0,0.0,0.0,0.0,0.0,0.0,0.0
preliminary,ADJ,5,C,0.0,0.0,0.0,0.0,0.0,0.0,0.0
prior,ADJ,5,C,0.0,0.0,0.0,0.0,0.0,0.0,0.0
prominent,ADJ,5,C,0.0,0.0,0.0,0.0,0.0,0.0,0.0
random,ADJ,5,C,0.0,0.0,0.0,0.0,0.0,0.0,3e-05
resident,ADJ,5,C,2e-06,2e-06,2e-06,2e-06,2e-06,2e-06,2e-06
respective,ADJ,5,C,1.8e-05,1.7e-05,1.6e-05,1.7e-05,1.7e-05,1.6e-05,1.7e-05
sacred,ADJ,5,C,1.9e-05,1.9e-05,2e-05,2.1e-05,2.1e-05,2.1e-05,2.2e-05
parallel,ADJ,6,C,1.7e-05,1.5e-05,1.3e-05,1.4e-05,1.4e-05,1.3e-05,1.3e-05
premium,ADJ,6,C,1e-06,1e-06,1e-06,1e-06,1e-06,0.0,0.0
prime,ADJ,6,C,1.8e-05,1.9e-05,1.9e-05,1.9e-05,1.7e-05,1.6e-05,1.6e-05
profound,ADJ,6,C,1.6e-05,1.6e-05,1.6e-05,1.7e-05,1.7e-05,1.7e-05,1.8e-05
rash,ADJ,6,C,2e-06,2e-06,2e-06,2e-06,2e-06,2e-06,2e-06
rigid,ADJ,6,C,1.5e-05,1.4e-05,1.3e-05,1.2e-05,1.3e-05,1.3e-05,1.2e-05
routine,ADJ,6,C,1.4e-05,1.3e-05,1.2e-05,1.3e-05,1.2e-05,1.1e-05,1.1e-05
sedentary,ADJ,6,C,2e-06,2e-06,2e-06,2e-06,0.0,0.0,0.0
self-made,ADJ,6,C,0.0,0.0,0.0,0.0,0.0,0.0,0.0
self-sufficient,ADJ,6,C,0.0,0.0,0.0,0.0,0.0,0.0,0.0
p.m.,ADV,1,A,0.0,0.0,0.0,0.0,0.0,0.0,0.0
perhaps,ADV,2,A,0.0,0.0,0.0,0.0,0.0,0.0,0.0
safely,ADV,3,B,0.0,0.0,0.0,0.0,0.0,0.0,0.0
second,ADV,3,B,0.0,0.0,0.0,0.0,0.0,0.0,0.0
seldom,ADV,4,B,0.0,0.0,0.0,0.0,0.0,0.0,0.0
reportedly,ADV,6,C,0.0,0.0,0.0,0.0,0.0,0.0,0.0
pence,NOUN,2,A,0.0,0.0,0.0,0.0,0.0,0.0,0.0
sequence,NOUN,5,C,0.0,0.0,0.0,0.0,0.0,0.0,0.0
premium,NOUN,6,C,0.0,0.0,0.0,0.0,0.0,0.0,0.0
produce,NOUN,6,C,0.0,0.0,0.0,0.0,0.0,0.0,0.0
province,NOUN,6,C,0.0,0.0,0.0,0.0,0.0,0.0,0.0
sentiment,NOUN,6,C,0.0,0.0,0.0,0.0,0.0,0.0,0.0
prohibit,VERB,4,B,0.0,0.0,0.0,0.0,0.0,0.0,0.0
regard,VERB,4,B,0.0,0.0,0.0,0.0,0.0,0.0,0.0
price,VERB,5,C,0.0,0.0,0.0,0.0,0.0,0.0,0.0
puzzle,VERB,5,C,0.0,0.0,0.0,0.0,0.0,0.0,0.0
perfect,VERB,6,C,0.0,0.0,0.0,0.0,0.0,0.0,0.0
revive,VERB,6,C,0.0,0.0,0.0,0.0,0.0,0.0,0.0
roar,VERB,6,C,0.0,0.0,0.0,0.0,0.0,0.0,0.0
seal,VERB,6,C,0.0,0.0,0.0,0.0,0.0,0.0,0.0
television,NOUN,1,A,0.0,0.0,0.0,0.0,0.0,0.0,0.0
telly,NOUN,5,C,0.0,0.0,0.0,0.0,0.0,0.0,0.0
succumb,VERB,6,C,0.0,0.0,0.0,0.0,0.0,0.0,0.0
state,VERB,4,B,0.0,0.0,0.0,0.0,0.0,0.0,0.0
trash,NOUN,6,C,0.0,0.0,0.0,0.0,0.0,0.0,0.0
sorrow,NOUN,6,C,0.0,0.0,0.0,0.0,0.0,0.0,0.0
sibling,NOUN,6,C,0.0,0.0,0.0,0.0,0.0,0.0,0.0
spouse,NOUN,6,C,0.0,0.0,0.0,0.0,0.0,0.0,0.0
specification,NOUN,5,C,0.0,0.0,0.0,0.0,0.0,0.0,0.0
thesis,NOUN,6,C,0.0,0.0,0.0,0.0,0.0,0.0,0.0
strive,VERB,6,C,0.0,0.0,0.0,0.0,0.0,0.0,0.0
summon,VERB,6,C,0.0,0.0,0.0,0.0,0.0,0.0,0.0
surpass,VERB,6,C,0.0,0.0,0.0,0.0,0.0,0.0,0.0
telephone,VERB,2,A,0.0,0.0,0.0,0.0,0.0,0.0,0.0
translate,VERB,6,C,0.0,0.0,0.0,0.0,0.0,0.0,0.0
soul,NOUN,4,B,0.0,0.0,0.0,0.0,0.0,0.0,0.0
tip,NOUN,6,C,0.0,0.0,0.0,0.0,0.0,0.0,0.0
tolerance,NOUN,6,C,0.0,0.0,0.0,0.0,0.0,0.0,0.0
thriller,NOUN,3,B,0.0,0.0,0.0,0.0,0.0,0.0,0.0
sufferer,NOUN,6,C,0.0,0.0,0.0,0.0,0.0,0.0,0.0
sweater,NOUN,2,A,0.0,0.0,0.0,0.0,0.0,0.0,0.0
trainer,NOUN,2,A,0.0,0.0,0.0,0.0,0.0,0.0,0.0
speaker,NOUN,3,B,0.0,0.0,0.0,0.0,0.0,0.0,0.0
smoker,NOUN,4,B,0.0,0.0,0.0,0.0,0.0,0.0,0.0
teenager,NOUN,2,A,0.0,0.0,0.0,0.0,0.0,0.0,0.0
stranger,NOUN,3,B,0.0,0.0,0.0,0.0,0.0,0.0,0.0
supporter,NOUN,3,B,0.0,0.0,0.0,0.0,0.0,0.0,0.0
swimmer,NOUN,3,B,0.0,0.0,0.0,0.0,0.0,0.0,0.0
supplier,NOUN,4,B,0.0,0.0,0.0,0.0,0.0,0.0,0.0
striker,NOUN,6,C,0.0,0.0,0.0,0.0,0.0,0.0,0.0
server,NOUN,3,B,0.0,0.0,0.0,0.0,0.0,0.0,0.0
traveller,NOUN,3,B,0.0,0.0,0.0,0.0,0.0,0.0,0.0
spelling,NOUN,2,A,0.0,0.0,0.0,0.0,0.0,0.0,0.0
spending,NOUN,6,C,0.0,0.0,0.0,0.0,0.0,0.0,0.0
smoking,NOUN,1,A,0.0,0.0,0.0,0.0,0.0,0.0,0.0
sewing,NOUN,5,C,0.0,0.0,0.0,0.0,0.0,0.0,0.0
shopping,NOUN,2,A,0.0,0.0,0.0,0.0,0.0,0.0,0.0
training,NOUN,3,B,0.0,0.0,0.0,0.0,0.0,0.0,0.0
sightseeing,NOUN,2,A,0.0,0.0,0.0,0.0,0.0,0.0,0.0
trekking,NOUN,4,B,0.0,0.0,0.0,0.0,0.0,0.0,0.0
station,NOUN,3,B,0.0,0.0,0.0,0.0,0.0,0.0,0.0
starvation,NOUN,6,C,0.0,0.0,0.0,0.0,0.0,0.0,0.0
suggestion,NOUN,3,B,0.0,0.0,0.0,0.0,0.0,0.0,0.0
translation,NOUN,3,B,0.0,0.0,0.0,0.0,0.0,0.0,0.0
suspicion,NOUN,5,C,0.0,0.0,0.0,0.0,0.0,0.0,0.0
supervision,NOUN,5,C,0.0,0.0,0.0,0.0,0.0,0.0,0.0
tension,NOUN,4,B,0.0,0.0,0.0,0.0,0.0,0.0,0.0
temptation,NOUN,4,B,0.0,0.0,0.0,0.0,0.0,0.0,0.0
transportation,NOUN,5,C,0.0,0.0,0.0,0.0,0.0,0.0,0.0
socialism,NOUN,6,C,0.0,0.0,0.0,0.0,0.0,0.0,0.0
tourism,NOUN,3,B,0.0,0.0,0.0,0.0,0.0,0.0,0.0
therapist,NOUN,5,C,0.0,0.0,0.0,0.0,0.0,0.0,0.0
specialist,NOUN,4,B,0.0,0.0,0.0,0.0,0.0,0.0,0.0
socialist,NOUN,5,C,0.0,0.0,0.0,0.0,0.0,0.0,0.0
tourist,NOUN,2,A,0.0,0.0,0.0,0.0,0.0,0.0,0.0
sincerity,NOUN,6,C,0.0,0.0,0.0,0.0,0.0,0.0,0.0
stupidity,NOUN,6,C,0.0,0.0,0.0,0.0,0.0,0.0,0.0
superiority,NOUN,6,C,0.0,0.0,0.0,0.0,0.0,0.0,0.0
summarize,VERB,5,C,0.0,0.0,0.0,0.0,0.0,0.0,0.0
socialize,VERB,4,B,0.0,0.0,0.0,0.0,0.0,0.0,0.0
treatment,NOUN,4,B,0.0,0.0,0.0,0.0,0.0,0.0,0.0
statement,NOUN,4,B,0.0,0.0,0.0,0.0,0.0,0.0,0.0
sickness,NOUN,4,B,0.0,0.0,0.0,0.0,0.0,0.0,0.0
softness,NOUN,4,B,0.0,0.0,0.0,0.0,0.0,0.0,0.0
tiredness,NOUN,4,B,0.0,0.0,0.0,0.0,0.0,0.0,0.0
shyness,NOUN,5,C,0.0,0.0,0.0,0.0,0.0,0.0,0.0
stubbornness,NOUN,6,C,0.0,0.0,0.0,0.0,0.0,0.0,0.0
tenderness,NOUN,6,C,0.0,0.0,0.0,0.0,0.0,0.0,0.0
toughness,NOUN,6,C,0.0,0.0,0.0,0.0,0.0,0.0,0.0
sponsor,NOUN,4,B,0.0,0.0,0.0,0.0,0.0,0.0,0.0
sponsor,VERB,4,B,0.0,0.0,0.0,0.0,0.0,0.0,0.0
solicitor,NOUN,5,C,0.0,0.0,0.0,0.0,0.0,0.0,0.0
successor,NOUN,5,C,0.0,0.0,0.0,0.0,0.0,0.0,0.0
supervisor,NOUN,5,C,0.0,0.0,0.0,0.0,0.0,0.0,0.0
sponsorship,NOUN,5,C,0.0,0.0,0.0,0.0,0.0,0.0,0.0
terrorism,NOUN,4,B,0.0,0.0,0.0,0.0,0.0,0.0,0.0
terrorist,NOUN,4,B,0.0,0.0,0.0,0.0,0.0,0.0,0.0
sheep,NOUN,1,A,0.0,0.0,0.0,0.0,0.0,0.0,0.0
snake,NOUN,2,A,0.0,0.0,0.0,0.0,0.0,0.0,0.0
shark,NOUN,3,B,0.0,0.0,0.0,0.0,0.0,0.0,0.0
tiger,NOUN,3,B,0.0,0.0,0.0,0.0,0.0,0.0,0.0
species,NOUN,4,B,0.0,0.0,0.0,0.0,0.0,0.0,0.0
swan,NOUN,4,B,0.0,0.0,0.0,0.0,0.0,0.0,0.0
tail,NOUN,4,B,0.0,0.0,0.0,0.0,0.0,0.0,0.0
trap,NOUN,4,B,0.0,0.0,0.0,0.0,0.0,0.0,0.0
trail,NOUN,6,C,0.0,0.0,0.0,0.0,0.0,0.0,0.0
territory,NOUN,4,B,0.0,0.0,0.0,0.0,0.0,0.0,0.0
show,NOUN,2,A,0.0,0.0,0.0,0.0,0.0,0.0,0.0
song,NOUN,2,A,0.0,0.0,0.0,0.0,0.0,0.0,0.0
stage,NOUN,2,A,0.0,0.0,0.0,0.0,0.0,0.0,0.0
star,NOUN,2,A,0.0,0.0,0.0,0.0,0.0,0.0,0.0
tune,NOUN,2,A,0.0,0.0,0.0,0.0,0.0,0.0,0.0
soap,NOUN,3,B,0.0,0.0,0.0,0.0,0.0,0.0,0.0
statue,NOUN,3,B,0.0,0.0,0.0,0.0,0.0,0.0,0.0
trumpet,NOUN,3,B,0.0,0.0,0.0,0.0,0.0,0.0,0.0
set,NOUN,4,B,0.0,0.0,0.0,0.0,0.0,0.0,0.0
shot,NOUN,4,B,0.0,0.0,0.0,0.0,0.0,0.0,0.0
solo,NOUN,4,B,0.0,0.0,0.0,0.0,0.0,0.0,0.0
soundtrack,NOUN,4,B,0.0,0.0,0.0,0.0,0.0,0.0,0.0
string,NOUN,4,B,0.0,0.0,0.0,0.0,0.0,0.0,0.0
tabloid,NOUN,4,B,0.0,0.0,0.0,0.0,0.0,0.0,0.0
track,NOUN,4,B,0.0,0.0,0.0,0.0,0.0,0.0,0.0
sketch,NOUN,5,C,0.0,0.0,0.0,0.0,0.0,0.0,0.0
spotlight,NOUN,6,C,0.0,0.0,0.0,0.0,0.0,0.0,0.0
trilogy,NOUN,6,C,0.0,0.0,0.0,0.0,0.0,0.0,0.0
techno,NOUN,5,C,0.0,0.0,0.0,0.0,0.0,0.0,0.0
subtitles,NOUN,5,C,0.0,0.0,0.0,0.0,0.0,0.0,0.0
star,VERB,3,B,0.0,0.0,0.0,0.0,0.0,0.0,0.0
tooth,NOUN,1,A,0.0,0.0,0.0,0.0,0.0,0.0,0.0
stomach,NOUN,2,A,0.0,0.0,0.0,0.0,0.0,0.0,0.0
temperature,NOUN,2,A,0.0,0.0,0.0,0.0,0.0,0.0,0.0
toe,NOUN,2,A,0.0,0.0,0.0,0.0,0.0,0.0,0.0
shoulder,NOUN,3,B,0.0,0.0,0.0,0.0,0.0,0.0,0.0
tablet,NOUN,3,B,0.0,0.0,0.0,0.0,0.0,0.0,0.0
test,NOUN,3,B,0.0,0.0,0.0,0.0,0.0,0.0,0.0
throat,NOUN,3,B,0.0,0.0,0.0,0.0,0.0,0.0,0.0
thumb,NOUN,3,B,0.0,0.0,0.0,0.0,0.0,0.0,0.0
tongue,NOUN,3,B,0.0,0.0,0.0,0.0,0.0,0.0,0.0
skeleton,NOUN,4,B,0.0,0.0,0.0,0.0,0.0,0.0,0.0
spot,NOUN,4,B,0.0,0.0,0.0,0.0,0.0,0.0,0.0
stroke,NOUN,4,B,0.0,0.0,0.0,0.0,0.0,0.0,0.0
symptom,NOUN,4,B,0.0,0.0,0.0,0.0,0.0,0.0,0.0
thigh,NOUN,4,B,0.0,0.0,0.0,0.0,0.0,0.0,0.0
toenail,NOUN,4,B,0.0,0.0,0.0,0.0,0.0,0.0,0.0
spine,NOUN,5,C,0.0,0.0,0.0,0.0,0.0,0.0,0.0
skull,NOUN,6,C,0.0,0.0,0.0,0.0,0.0,0.0,0.0
system,NOUN,6,C,0.0,0.0,0.0,0.0,0.0,0.0,0.0
transplant,NOUN,6,C,0.0,0.0,0.0,0.0,0.0,0.0,0.0
sight,NOUN,3,B,0.0,0.0,0.0,0.0,0.0,0.0,0.0
smell,NOUN,4,B,0.0,0.0,0.0,0.0,0.0,0.0,0.0
surgery,NOUN,4,B,0.0,0.0,0.0,0.0,0.0,0.0,0.0
sweat,NOUN,4,B,0.0,0.0,0.0,0.0,0.0,0.0,0.0
touch,NOUN,4,B,0.0,0.0,0.0,0.0,0.0,0.0,0.0
stamina,NOUN,5,C,0.0,0.0,0.0,0.0,0.0,0.0,0.0
toothache,NOUN,2,A,0.0,0.0,0.0,0.0,0.0,0.0,0.0
skin,NOUN,3,B,0.0,0.0,0.0,0.0,0.0,0.0,0.0
therapy,NOUN,4,B,0.0,0.0,0.0,0.0,0.0,0.0,0.0
strain,NOUN,6,C,0.0,0.0,0.0,0.0,0.0,0.0,0.0
sweat,VERB,4,B,0.0,0.0,0.0,0.0,0.0,0.0,0.0
treat,VERB,4,B,0.0,0.0,0.0,0.0,0.0,0.0,0.0
transmit,VERB,6,C,0.0,0.0,0.0,0.0,0.0,0.0,0.0
starve,VERB,5,C,0.0,0.0,0.0,0.0,0.0,0.0,0.0
shirt,NOUN,1,A,0.0,0.0,0.0,0.0,0.0,0.0,0.0
shoe,NOUN,1,A,0.0,0.0,0.0,0.0,0.0,0.0,0.0
skirt,NOUN,1,A,0.0,0.0,0.0,0.0,0.0,0.0,0.0
T-shirt,NOUN,1,A,0.0,0.0,0.0,0.0,0.0,0.0,0.0
sock,NOUN,2,A,0.0,0.0,0.0,0.0,0.0,0.0,0.0
suit,NOUN,2,A,0.0,0.0,0.0,0.0,0.0,0.0,0.0
tie,NOUN,2,A,0.0,0.0,0.0,0.0,0.0,0.0,0.0
sleeve,NOUN,3,B,0.0,0.0,0.0,0.0,0.0,0.0,0.0
sweatshirt,NOUN,3,B,0.0,0.0,0.0,0.0,0.0,0.0,0.0
top,NOUN,3,B,0.0,0.0,0.0,0.0,0.0,0.0,0.0
tracksuit,NOUN,3,B,0.0,0.0,0.0,0.0,0.0,0.0,0.0
stocking,NOUN,5,C,0.0,0.0,0.0,0.0,0.0,0.0,0.0
strap,NOUN,6,C,0.0,0.0,0.0,0.0,0.0,0.0,0.0
trousers,NOUN,1,A,0.0,0.0,0.0,0.0,0.0,0.0,0.0
shorts,NOUN,2,A,0.0,0.0,0.0,0.0,0.0,0.0,0.0
sunglasses,NOUN,2,A,0.0,0.0,0.0,0.0,0.0,0.0,0.0
tights,NOUN,2,A,0.0,0.0,0.0,0.0,0.0,0.0,0.0
take,VERB,3,B,0.0,0.0,0.0,0.0,0.0,0.0,0.0
sign,NOUN,2,A,0.0,0.0,0.0,0.0,0.0,0.0,0.0
stamp,NOUN,2,A,0.0,0.0,0.0,0.0,0.0,0.0,0.0
story,NOUN,2,A,0.0,0.0,0.0,0.0,0.0,0.0,0.0
shout,NOUN,3,B,0.0,0.0,0.0,0.0,0.0,0.0,0.0
signature,NOUN,3,B,0.0,0.0,0.0,0.0,0.0,0.0,0.0
subject,NOUN,3,B,0.0,0.0,0.0,0.0,0.0,0.0,0.0
table,NOUN,3,B,0.0,0.0,0.0,0.0,0.0,0.0,0.0
talk,NOUN,3,B,0.0,0.0,0.0,0.0,0.0,0.0,0.0
text,NOUN,3,B,0.0,0.0,0.0,0.0,0.0,0.0,0.0
tick,NOUN,3,B,0.0,0.0,0.0,0.0,0.0,0.0,0.0
title,NOUN,3,B,0.0,0.0,0.0,0.0,0.0,0.0,0.0
topic,NOUN,3,B,0.0,0.0,0.0,0.0,0.0,0.0,0.0
signal,NOUN,4,B,0.0,0.0,0.0,0.0,0.0,0.0,0.0
slash,NOUN,4,B,0.0,0.0,0.0,0.0,0.0,0.0,0.0
speech,NOUN,4,B,0.0,0.0,0.0,0.0,0.0,0.0,0.0
summary,NOUN,4,B,0.0,0.0,0.0,0.0,0.0,0.0,0.0
survey,NOUN,4,B,0.0,0.0,0.0,0.0,0.0,0.0,0.0
syllable,NOUN,4,B,0.0,0.0,0.0,0.0,0.0,0.0,0.0
symbol,NOUN,4,B,0.0,0.0,0.0,0.0,0.0,0.0,0.0
tale,NOUN,4,B,0.0,0.0,0.0,0.0,0.0,0.0,0.0
term,NOUN,4,B,0.0,0.0,0.0,0.0,0.0,0.0,0.0
theme,NOUN,4,B,0.0,0.0,0.0,0.0,0.0,0.0,0.0
threat,NOUN,4,B,0.0,0.0,0.0,0.0,0.0,0.0,0.0
slogan,NOUN,5,C,0.0,0.0,0.0,0.0,0.0,0.0,0.0
support,NOUN,4,B,0.0,0.0,0.0,0.0,0.0,0.0,0.0
slang,NOUN,5,C,0.0,0.0,0.0,0.0,0.0,0.0,0.0
stress,NOUN,4,B,0.0,0.0,0.0,0.0,0.0,0.0,0.0
tone,NOUN,4,B,0.0,0.0,0.0,0.0,0.0,0.0,0.0
tribute,NOUN,6,C,0.0,0.0,0.0,0.0,0.0,0.0,0.0
terms,NOUN,4,B,0.0,0.0,0.0,0.0,0.0,0.0,0.0
thanks,NOUN,4,B,0.0,0.0,0.0,0.0,0.0,0.0,0.0
talk,VERB,1,A,0.0,0.0,0.0,0.0,0.0,0.0,0.0
swear,VERB,4,B,0.0,0.0,0.0,0.0,0.0,0.0,0.0
speak,VERB,1,A,0.0,0.0,0.0,0.0,0.0,0.0,0.0
tell,VERB,1,A,0.0,0.0,0.0,0.0,0.0,0.0,0.0
thank,VERB,2,A,0.0,0.0,0.0,0.0,0.0,0.0,0.0
show,VERB,3,B,0.0,0.0,0.0,0.0,0.0,0.0,0.0
suggest,VERB,3,B,0.0,0.0,0.0,0.0,0.0,0.0,0.0
settle,VERB,4,B,0.0,0.0,0.0,0.0,0.0,0.0,0.0
specify,VERB,4,B,0.0,0.0,0.0,0.0,0.0,0.0,0.0
stress,VERB,4,B,0.0,0.0,0.0,0.0,0.0,0.0,0.0
support,VERB,4,B,0.0,0.0,0.0,0.0,0.0,0.0,0.0
threaten,VERB,4,B,0.0,0.0,0.0,0.0,0.0,0.0,0.0
skip,VERB,5,C,0.0,0.0,0.0,0.0,0.0,0.0,0.0
shout,VERB,2,A,0.0,0.0,0.0,0.0,0.0,0.0,0.0
spell,VERB,2,A,0.0,0.0,0.0,0.0,0.0,0.0,0.0
sign,VERB,3,B,0.0,0.0,0.0,0.0,0.0,0.0,0.0
spread,VERB,4,B,0.0,0.0,0.0,0.0,0.0,0.0,0.0
tease,VERB,4,B,0.0,0.0,0.0,0.0,0.0,0.0,0.0
snap,VERB,6,C,0.0,0.0,0.0,0.0,0.0,0.0,0.0
suspect,NOUN,4,B,0.0,0.0,0.0,0.0,0.0,0.0,0.0
trial,NOUN,4,B,0.0,0.0,0.0,0.0,0.0,0.0,0.0
testify,VERB,6,C,0.0,0.0,0.0,0.0,0.0,0.0,0.0
suspect,VERB,4,B,0.0,0.0,0.0,0.0,0.0,0.0,0.0
smuggle,VERB,5,C,0.0,0.0,0.0,0.0,0.0,0.0,0.0
serve,VERB,6,C,0.0,0.0,0.0,0.0,0.0,0.0,0.0
try,VERB,6,C,0.0,0.0,0.0,0.0,0.0,0.0,0.0
size,NOUN,2,A,0.0,0.0,0.0,0.0,0.0,0.0,0.0
square,NOUN,2,A,0.0,0.0,0.0,0.0,0.0,0.0,0.0
stripe,NOUN,3,B,0.0,0.0,0.0,0.0,0.0,0.0,0.0
shade,NOUN,4,B,0.0,0.0,0.0,0.0,0.0,0.0,0.0
shortage,NOUN,4,B,0.0,0.0,0.0,0.0,0.0,0.0,0.0
ton,NOUN,4,B,0.0,0.0,0.0,0.0,0.0,0.0,0.0
triangle,NOUN,4,B,0.0,0.0,0.0,0.0,0.0,0.0,0.0
strip,NOUN,5,C,0.0,0.0,0.0,0.0,0.0,0.0,0.0
shape,NOUN,3,B,0.0,0.0,0.0,0.0,0.0,0.0,0.0
student,NOUN,1,A,0.0,0.0,0.0,0.0,0.0,0.0,0.0
timetable,NOUN,2,A,0.0,0.0,0.0,0.0,0.0,0.0,0.0
syllabus,NOUN,6,C,0.0,0.0,0.0,0.0,0.0,0.0,0.0
study,VERB,4,B,0.0,0.0,0.0,0.0,0.0,0.0,0.0
slice,NOUN,2,A,0.0,0.0,0.0,0.0,0.0,0.0,0.0
snack,NOUN,2,A,0.0,0.0,0.0,0.0,0.0,0.0,0.0
spoon,NOUN,2,A,0.0,0.0,0.0,0.0,0.0,0.0,0.0
sweet,NOUN,2,A,0.0,0.0,0.0,0.0,0.0,0.0,0.0
strawberry,NOUN,3,B,0.0,0.0,0.0,0.0,0.0,0.0,0.0
takeaway,NOUN,3,B,0.0,0.0,0.0,0.0,0.0,0.0,0.0
tin,NOUN,3,B,0.0,0.0,0.0,0.0,0.0,0.0,0.0
teaspoon,NOUN,4,B,0.0,0.0,0.0,0.0,0.0,0.0,0.0
tray,NOUN,4,B,0.0,0.0,0.0,0.0,0.0,0.0,0.0
spirit,NOUN,5,C,0.0,0.0,0.0,0.0,0.0,0.0,0.0
sip,NOUN,6,C,0.0,0.0,0.0,0.0,0.0,0.0,0.0
stone,NOUN,6,C,0.0,0.0,0.0,0.0,0.0,0.0,0.0
straw,NOUN,6,C,0.0,0.0,0.0,0.0,0.0,0.0,0.0
soup,NOUN,1,A,0.0,0.0,0.0,0.0,0.0,0.0,0.0
sugar,NOUN,1,A,0.0,0.0,0.0,0.0,0.0,0.0,0.0
toast,NOUN,2,A,0.0,0.0,0.0,0.0,0.0,0.0,0.0
spinach,NOUN,3,B,0.0,0.0,0.0,0.0,0.0,0.0,0.0
tea,NOUN,3,B,0.0,0.0,0.0,0.0,0.0,0.0,0.0
service,NOUN,4,B,0.0,0.0,0.0,0.0,0.0,0.0,0.0
soya,NOUN,5,C,0.0,0.0,0.0,0.0,0.0,0.0,0.0
tomato,NOUN,1,A,0.0,0.0,0.0,0.0,0.0,0.0,0.0
steak,NOUN,2,A,0.0,0.0,0.0,0.0,0.0,0.0,0.0
supper,NOUN,2,A,0.0,0.0,0.0,0.0,0.0,0.0,0.0
spice,NOUN,3,B,0.0,0.0,0.0,0.0,0.0,0.0,0.0
taste,NOUN,3,B,0.0,0.0,0.0,0.0,0.0,0.0,0.0
tuna,NOUN,3,B,0.0,0.0,0.0,0.0,0.0,0.0,0.0
sweets,NOUN,2,A,0.0,0.0,0.0,0.0,0.0,0.0,0.0
sip,VERB,5,C,0.0,0.0,0.0,0.0,0.0,0.0,0.0
shower,NOUN,1,A,0.0,0.0,0.0,0.0,0.0,0.0,0.0
toilet,NOUN,1,A,0.0,0.0,0.0,0.0,0.0,0.0,0.0
shelf,NOUN,2,A,0.0,0.0,0.0,0.0,0.0,0.0,0.0
sink,NOUN,2,A,0.0,0.0,0.0,0.0,0.0,0.0,0.0
sofa,NOUN,2,A,0.0,0.0,0.0,0.0,0.0,0.0,0.0
towel,NOUN,2,A,0.0,0.0,0.0,0.0,0.0,0.0,0.0
sheet,NOUN,3,B,0.0,0.0,0.0,0.0,0.0,0.0,0.0
step,NOUN,3,B,0.0,0.0,0.0,0.0,0.0,0.0,0.0
study,NOUN,3,B,0.0,0.0,0.0,0.0,0.0,0.0,0.0
tap,NOUN,3,B,0.0,0.0,0.0,0.0,0.0,0.0,0.0
tower,NOUN,3,B,0.0,0.0,0.0,0.0,0.0,0.0,0.0
shed,NOUN,4,B,0.0,0.0,0.0,0.0,0.0,0.0,0.0
shelter,NOUN,4,B,0.0,0.0,0.0,0.0,0.0,0.0,0.0
stool,NOUN,4,B,0.0,0.0,0.0,0.0,0.0,0.0,0.0
storey,NOUN,4,B,0.0,0.0,0.0,0.0,0.0,0.0,0.0
terrace,NOUN,4,B,0.0,0.0,0.0,0.0,0.0,0.0,0.0
staircase,NOUN,5,C,0.0,0.0,0.0,0.0,0.0,0.0,0.0
stable,NOUN,6,C,0.0,0.0,0.0,0.0,0.0,0.0,0.0
structure,NOUN,6,C,0.0,0.0,0.0,0.0,0.0,0.0,0.0
throne,NOUN,6,C,0.0,0.0,0.0,0.0,0.0,0.0,0.0
stairs,NOUN,2,A,0.0,0.0,0.0,0.0,0.0,0.0,0.0
sum,NOUN,3,B,0.0,0.0,0.0,0.0,0.0,0.0,0.0
subsidy,NOUN,5,C,0.0,0.0,0.0,0.0,0.0,0.0,0.0
treasure,NOUN,4,B,0.0,0.0,0.0,0.0,0.0,0.0,0.0
tax,NOUN,3,B,0.0,0.0,0.0,0.0,0.0,0.0,0.0
tax,VERB,5,C,0.0,0.0,0.0,0.0,0.0,0.0,0.0
squander,VERB,6,C,0.0,0.0,0.0,0.0,0.0,0.0,0.0
tree,NOUN,1,A,0.0,0.0,0.0,0.0,0.0,0.0,0.0
storm,NOUN,2,A,0.0,0.0,0.0,0.0,0.0,0.0,0.0
thunderstorm,NOUN,2,A,0.0,0.0,0.0,0.0,0.0,0.0,0.0
stream,NOUN,3,B,0.0,0.0,0.0,0.0,0.0,0.0,0.0
suburb,NOUN,4,B,0.0,0.0,0.0,0.0,0.0,0.0,0.0
tide,NOUN,4,B,0.0,0.0,0.0,0.0,0.0,0.0,0.0
tornado,NOUN,4,B,0.0,0.0,0.0,0.0,0.0,0.0,0.0
trunk,NOUN,4,B,0.0,0.0,0.0,0.0,0.0,0.0,0.0
spring,NOUN,5,C,0.0,0.0,0.0,0.0,0.0,0.0,0.0
state,NOUN,5,C,0.0,0.0,0.0,0.0,0.0,0.0,0.0
stretch,NOUN,5,C,0.0,0.0,0.0,0.0,0.0,0.0,0.0
snow,NOUN,1,A,0.0,0.0,0.0,0.0,0.0,0.0,0.0
silver,NOUN,2,A,0.0,0.0,0.0,0.0,0.0,0.0,0.0
sky,NOUN,2,A,0.0,0.0,0.0,0.0,0.0,0.0,0.0
space,NOUN,3,B,0.0,0.0,0.0,0.0,0.0,0.0,0.0
sunshine,NOUN,3,B,0.0,0.0,0.0,0.0,0.0,0.0,0.0
thunder,NOUN,3,B,0.0,0.0,0.0,0.0,0.0,0.0,0.0
steam,NOUN,4,B,0.0,0.0,0.0,0.0,0.0,0.0,0.0
steel,NOUN,4,B,0.0,0.0,0.0,0.0,0.0,0.0,0.0
sunlight,NOUN,4,B,0.0,0.0,0.0,0.0,0.0,0.0,0.0
tobacco,NOUN,5,C,0.0,0.0,0.0,0.0,0.0,0.0,0.0
summer,NOUN,1,A,0.0,0.0,0.0,0.0,0.0,0.0,0.0
town,NOUN,1,A,0.0,0.0,0.0,0.0,0.0,0.0,0.0
shore,NOUN,3,B,0.0,0.0,0.0,0.0,0.0,0.0,0.0
sunrise,NOUN,3,B,0.0,0.0,0.0,0.0,0.0,0.0,0.0
sunset,NOUN,3,B,0.0,0.0,0.0,0.0,0.0,0.0,0.0
shell,NOUN,4,B,0.0,0.0,0.0,0.0,0.0,0.0,0.0
soil,NOUN,4,B,0.0,0.0,0.0,0.0,0.0,0.0,0.0
snow,VERB,2,A,0.0,0.0,0.0,0.0,0.0,0.0,0.0
set,VERB,3,B,0.0,0.0,0.0,0.0,0.0,0.0,0.0
sigh,NOUN,4,B,0.0,0.0,0.0,0.0,0.0,0.0,0.0
struggle,NOUN,4,B,0.0,0.0,0.0,0.0,0.0,0.0,0.0
sit,VERB,2,A,0.0,0.0,0.0,0.0,0.0,0.0,0.0
stand,VERB,2,A,0.0,0.0,0.0,0.0,0.0,0.0,0.0
slip,VERB,3,B,0.0,0.0,0.0,0.0,0.0,0.0,0.0
succeed,VERB,3,B,0.0,0.0,0.0,0.0,0.0,0.0,0.0
sunbathe,VERB,3,B,0.0,0.0,0.0,0.0,0.0,0.0,0.0
turn,VERB,3,B,0.0,0.0,0.0,0.0,0.0,0.0,0.0
shiver,VERB,4,B,0.0,0.0,0.0,0.0,0.0,0.0,0.0
snore,VERB,4,B,0.0,0.0,0.0,0.0,0.0,0.0,0.0
stare,VERB,4,B,0.0,0.0,0.0,0.0,0.0,0.0,0.0
struggle,VERB,4,B,0.0,0.0,0.0,0.0,0.0,0.0,0.0
switch,VERB,4,B,0.0,0.0,0.0,0.0,0.0,0.0,0.0
trip,VERB,4,B,0.0,0.0,0.0,0.0,0.0,0.0,0.0
shudder,VERB,6,C,0.0,0.0,0.0,0.0,0.0,0.0,0.0
sniff,VERB,6,C,0.0,0.0,0.0,0.0,0.0,0.0,0.0
stagger,VERB,6,C,0.0,0.0,0.0,0.0,0.0,0.0,0.0
spend,VERB,2,A,0.0,0.0,0.0,0.0,0.0,0.0,0.0
tidy,VERB,2,A,0.0,0.0,0.0,0.0,0.0,0.0,0.0
smell,VERB,3,B,0.0,0.0,0.0,0.0,0.0,0.0,0.0
spoil,VERB,3,B,0.0,0.0,0.0,0.0,0.0,0.0,0.0
stop,VERB,3,B,0.0,0.0,0.0,0.0,0.0,0.0,0.0
strike,VERB,3,B,0.0,0.0,0.0,0.0,0.0,0.0,0.0
tie,VERB,3,B,0.0,0.0,0.0,0.0,0.0,0.0,0.0
transfer,VERB,3,B,0.0,0.0,0.0,0.0,0.0,0.0,0.0
slap,VERB,4,B,0.0,0.0,0.0,0.0,0.0,0.0,0.0
slice,VERB,4,B,0.0,0.0,0.0,0.0,0.0,0.0,0.0
sort,VERB,4,B,0.0,0.0,0.0,0.0,0.0,0.0,0.0
spot,VERB,4,B,0.0,0.0,0.0,0.0,0.0,0.0,0.0
spray,VERB,4,B,0.0,0.0,0.0,0.0,0.0,0.0,0.0
squash,VERB,4,B,0.0,0.0,0.0,0.0,0.0,0.0,0.0
squeeze,VERB,4,B,0.0,0.0,0.0,0.0,0.0,0.0,0.0
stimulate,VERB,4,B,0.0,0.0,0.0,0.0,0.0,0.0,0.0
store,VERB,4,B,0.0,0.0,0.0,0.0,0.0,0.0,0.0
stroke,VERB,4,B,0.0,0.0,0.0,0.0,0.0,0.0,0.0
substitute,VERB,4,B,0.0,0.0,0.0,0.0,0.0,0.0,0.0
supply,VERB,4,B,0.0,0.0,0.0,0.0,0.0,0.0,0.0
sweep,VERB,4,B,0.0,0.0,0.0,0.0,0.0,0.0,0.0
tackle,VERB,4,B,0.0,0.0,0.0,0.0,0.0,0.0,0.0
test,VERB,4,B,0.0,0.0,0.0,0.0,0.0,0.0,0.0
time,VERB,4,B,0.0,0.0,0.0,0.0,0.0,0.0,0.0
transform,VERB,4,B,0.0,0.0,0.0,0.0,0.0,0.0,0.0
shift,VERB,5,C,0.0,0.0,0.0,0.0,0.0,0.0,0.0
simplify,VERB,5,C,0.0,0.0,0.0,0.0,0.0,0.0,0.0
sow,VERB,5,C,0.0,0.0,0.0,0.0,0.0,0.0,0.0
total,VERB,5,C,0.0,0.0,0.0,0.0,0.0,0.0,0.0
trace,VERB,5,C,0.0,0.0,0.0,0.0,0.0,0.0,0.0
snatch,VERB,6,C,0.0,0.0,0.0,0.0,0.0,0.0,0.0
sprinkle,VERB,6,C,0.0,0.0,0.0,0.0,0.0,0.0,0.0
track,VERB,6,C,0.0,0.0,0.0,0.0,0.0,0.0,0.0
smoke,VERB,1,A,0.0,0.0,0.0,0.0,0.0,0.0,0.0
start,VERB,1,A,0.0,0.0,0.0,0.0,0.0,0.0,0.0
share,VERB,2,A,0.0,0.0,0.0,0.0,0.0,0.0,0.0
shut,VERB,2,A,0.0,0.0,0.0,0.0,0.0,0.0,0.0
throw,VERB,2,A,0.0,0.0,0.0,0.0,0.0,0.0,0.0
shake,VERB,3,B,0.0,0.0,0.0,0.0,0.0,0.0,0.0
shoot,VERB,3,B,0.0,0.0,0.0,0.0,0.0,0.0,0.0
spill,VERB,3,B,0.0,0.0,0.0,0.0,0.0,0.0,0.0
stick,VERB,3,B,0.0,0.0,0.0,0.0,0.0,0.0,0.0
tear,VERB,3,B,0.0,0.0,0.0,0.0,0.0,0.0,0.0
slam,VERB,4,B,0.0,0.0,0.0,0.0,0.0,0.0,0.0
smash,VERB,4,B,0.0,0.0,0.0,0.0,0.0,0.0,0.0
soak,VERB,4,B,0.0,0.0,0.0,0.0,0.0,0.0,0.0
splash,VERB,4,B,0.0,0.0,0.0,0.0,0.0,0.0,0.0
split,VERB,4,B,0.0,0.0,0.0,0.0,0.0,0.0,0.0
stretch,VERB,4,B,0.0,0.0,0.0,0.0,0.0,0.0,0.0
supervise,VERB,4,B,0.0,0.0,0.0,0.0,0.0,0.0,0.0
swing,VERB,4,B,0.0,0.0,0.0,0.0,0.0,0.0,0.0
tap,VERB,4,B,0.0,0.0,0.0,0.0,0.0,0.0,0.0
tighten,VERB,4,B,0.0,0.0,0.0,0.0,0.0,0.0,0.0
slow,VERB,6,C,0.0,0.0,0.0,0.0,0.0,0.0,0.0
spit,VERB,6,C,0.0,0.0,0.0,0.0,0.0,0.0,0.0
stain,VERB,6,C,0.0,0.0,0.0,0.0,0.0,0.0,0.0
stamp,VERB,6,C,0.0,0.0,0.0,0.0,0.0,0.0,0.0
tip,VERB,6,C,0.0,0.0,0.0,0.0,0.0,0.0,0.0
tread,VERB,6,C,0.0,0.0,0.0,0.0,0.0,0.0,0.0
tan,NOUN,4,B,0.0,0.0,0.0,0.0,0.0,0.0,0.0
sex,NOUN,3,B,0.0,0.0,0.0,0.0,0.0,0.0,0.0
strength,NOUN,4,B,0.0,0.0,0.0,0.0,0.0,0.0,0.0
style,NOUN,4,B,0.0,0.0,0.0,0.0,0.0,0.0,0.0
shampoo,NOUN,2,A,0.0,0.0,0.0,0.0,0.0,0.0,0.0
shave,VERB,3,B,0.0,0.0,0.0,0.0,0.0,0.0,0.0
strengthen,VERB,4,B,0.0,0.0,0.0,0.0,0.0,0.0,0.0
thought,NOUN,3,B,0.0,0.0,0.0,0.0,0.0,0.0,0.0
snob,NOUN,6,C,0.0,0.0,0.0,0.0,0.0,0.0,0.0
trait,NOUN,6,C,0.0,0.0,0.0,0.0,0.0,0.0,0.0
surprise,NOUN,4,B,0.0,0.0,0.0,0.0,0.0,0.0,0.0
sympathy,NOUN,4,B,0.0,0.0,0.0,0.0,0.0,0.0,0.0
trust,NOUN,4,B,0.0,0.0,0.0,0.0,0.0,0.0,0.0
shame,NOUN,5,C,0.0,0.0,0.0,0.0,0.0,0.0,0.0
spite,NOUN,6,C,0.0,0.0,0.0,0.0,0.0,0.0,0.0
tact,NOUN,6,C,0.0,0.0,0.0,0.0,0.0,0.0,0.0
triumph,NOUN,6,C,0.0,0.0,0.0,0.0,0.0,0.0,0.0
shock,NOUN,3,B,0.0,0.0,0.0,0.0,0.0,0.0,0.0
skill,NOUN,3,B,0.0,0.0,0.0,0.0,0.0,0.0,0.0
talent,NOUN,3,B,0.0,0.0,0.0,0.0,0.0,0.0,0.0
standard,NOUN,6,C,0.0,0.0,0.0,0.0,0.0,0.0,0.0
surprise,VERB,3,B,0.0,0.0,0.0,0.0,0.0,0.0,0.0
trust,VERB,3,B,0.0,0.0,0.0,0.0,0.0,0.0,0.0
terrify,VERB,4,B,0.0,0.0,0.0,0.0,0.0,0.0,0.0
tolerate,VERB,4,B,0.0,0.0,0.0,0.0,0.0,0.0,0.0
think,VERB,1,A,0.0,0.0,0.0,0.0,0.0,0.0,0.0
shock,VERB,4,B,0.0,0.0,0.0,0.0,0.0,0.0,0.0
suffer,VERB,4,B,0.0,0.0,0.0,0.0,0.0,0.0,0.0
tire,VERB,6,C,0.0,0.0,0.0,0.0,0.0,0.0,0.0
sister,NOUN,1,A,0.0,0.0,0.0,0.0,0.0,0.0,0.0
son,NOUN,1,A,0.0,0.0,0.0,0.0,0.0,0.0,0.0
sister-in-law,NOUN,4,B,0.0,0.0,0.0,0.0,0.0,0.0,0.0
son-in-law,NOUN,4,B,0.0,0.0,0.0,0.0,0.0,0.0,0.0
stepfather,NOUN,4,B,0.0,0.0,0.0,0.0,0.0,0.0,0.0
stepmother,NOUN,4,B,0.0,0.0,0.0,0.0,0.0,0.0,0.0
sport,NOUN,1,A,0.0,0.0,0.0,0.0,0.0,0.0,0.0
skateboard,NOUN,2,A,0.0,0.0,0.0,0.0,0.0,0.0,0.0
toy,NOUN,2,A,0.0,0.0,0.0,0.0,0.0,0.0,0.0
ski,NOUN,3,B,0.0,0.0,0.0,0.0,0.0,0.0,0.0
snowboard,NOUN,3,B,0.0,0.0,0.0,0.0,0.0,0.0,0.0
stall,NOUN,3,B,0.0,0.0,0.0,0.0,0.0,0.0,0.0
tournament,NOUN,3,B,0.0,0.0,0.0,0.0,0.0,0.0,0.0
swing,NOUN,4,B,0.0,0.0,0.0,0.0,0.0,0.0,0.0
target,NOUN,4,B,0.0,0.0,0.0,0.0,0.0,0.0,0.0
trophy,NOUN,4,B,0.0,0.0,0.0,0.0,0.0,0.0,0.0
squad,NOUN,6,C,0.0,0.0,0.0,0.0,0.0,0.0,0.0
tennis,NOUN,1,A,0.0,0.0,0.0,0.0,0.0,0.0,0.0
squash,NOUN,3,B,0.0,0.0,0.0,0.0,0.0,0.0,0.0
stock,NOUN,4,B,0.0,0.0,0.0,0.0,0.0,0.0,0.0
stock,VERB,5,C,0.0,0.0,0.0,0.0,0.0,0.0,0.0
site,NOUN,2,A,0.0,0.0,0.0,0.0,0.0,0.0,0.0
switch,NOUN,3,B,0.0,0.0,0.0,0.0,0.0,0.0,0.0
telescope,NOUN,4,B,0.0,0.0,0.0,0.0,0.0,0.0,0.0
thermometer,NOUN,4,B,0.0,0.0,0.0,0.0,0.0,0.0,0.0
software,NOUN,2,A,0.0,0.0,0.0,0.0,0.0,0.0,0.0
spam,NOUN,5,C,0.0,0.0,0.0,0.0,0.0,0.0,0.0
technology,NOUN,3,B,0.0,0.0,0.0,0.0,0.0,0.0,0.0
stop,NOUN,1,A,0.0,0.0,0.0,0.0,0.0,0.0,0.0
street,NOUN,1,A,0.0,0.0,0.0,0.0,0.0,0.0,0.0
taxi,NOUN,1,A,0.0,0.0,0.0,0.0,0.0,0.0,0.0
train,NOUN,1,A,0.0,0.0,0.0,0.0,0.0,0.0,0.0
ship,NOUN,2,A,0.0,0.0,0.0,0.0,0.0,0.0,0.0
suitcase,NOUN,2,A,0.0,0.0,0.0,0.0,0.0,0.0,0.0
tram,NOUN,2,A,0.0,0.0,0.0,0.0,0.0,0.0,0.0
trip,NOUN,2,A,0.0,0.0,0.0,0.0,0.0,0.0,0.0
single,NOUN,3,B,0.0,0.0,0.0,0.0,0.0,0.0,0.0
souvenir,NOUN,3,B,0.0,0.0,0.0,0.0,0.0,0.0,0.0
stay,NOUN,3,B,0.0,0.0,0.0,0.0,0.0,0.0,0.0
tent,NOUN,3,B,0.0,0.0,0.0,0.0,0.0,0.0,0.0
truck,NOUN,3,B,0.0,0.0,0.0,0.0,0.0,0.0,0.0
tunnel,NOUN,3,B,0.0,0.0,0.0,0.0,0.0,0.0,0.0
stopover,NOUN,4,B,0.0,0.0,0.0,0.0,0.0,0.0,0.0
subway,NOUN,4,B,0.0,0.0,0.0,0.0,0.0,0.0,0.0
shuttle,NOUN,5,C,0.0,0.0,0.0,0.0,0.0,0.0,0.0
tank,NOUN,5,C,0.0,0.0,0.0,0.0,0.0,0.0,0.0
tractor,NOUN,6,C,0.0,0.0,0.0,0.0,0.0,0.0,0.0
traffic,NOUN,2,A,0.0,0.0,0.0,0.0,0.0,0.0,0.0
transport,NOUN,3,B,0.0,0.0,0.0,0.0,0.0,0.0,0.0
travel,NOUN,3,B,0.0,0.0,0.0,0.0,0.0,0.0,0.0
tour,NOUN,2,A,0.0,0.0,0.0,0.0,0.0,0.0,0.0
stay,VERB,2,A,0.0,0.0,0.0,0.0,0.0,0.0,0.0
servant,NOUN,4,B,0.0,0.0,0.0,0.0,0.0,0.0,0.0
slave,NOUN,4,B,0.0,0.0,0.0,0.0,0.0,0.0,0.0
superior,NOUN,5,C,0.0,0.0,0.0,0.0,0.0,0.0,0.0
takeover,NOUN,5,C,0.0,0.0,0.0,0.0,0.0,0.0,0.0
technician,NOUN,5,C,0.0,0.0,0.0,0.0,0.0,0.0,0.0
trade,NOUN,5,C,0.0,0.0,0.0,0.0,0.0,0.0,0.0
trainee,NOUN,5,C,0.0,0.0,0.0,0.0,0.0,0.0,0.0
strike,NOUN,3,B,0.0,0.0,0.0,0.0,0.0,0.0,0.0
spider,NOUN,3,B,0.0,0.0,0.0,0.0,0.0,0.0,0.0
thief,NOUN,3,B,0.0,0.0,0.0,0.0,0.0,0.0,0.0
temple,NOUN,3,B,0.0,0.0,0.0,0.0,0.0,0.0,0.0
torture,VERB,6,C,0.0,0.0,0.0,0.0,0.0,0.0,0.0
survival,NOUN,4,B,0.0,0.0,0.0,0.0,0.0,0.0,0.0
significance,NOUN,5,C,0.0,0.0,0.0,0.0,0.0,0.0,0.0
teacher,NOUN,1,A,0.0,0.0,0.0,0.0,0.0,0.0,0.0
singer,NOUN,2,A,0.0,0.0,0.0,0.0,0.0,0.0,0.0
shopkeeper,NOUN,4,B,0.0,0.0,0.0,0.0,0.0,0.0,0.0
taxpayer,NOUN,6,C,0.0,0.0,0.0,0.0,0.0,0.0,0.0
thinker,NOUN,6,C,0.0,0.0,0.0,0.0,0.0,0.0,0.0
toddler,NOUN,6,C,0.0,0.0,0.0,0.0,0.0,0.0,0.0
trader,NOUN,6,C,0.0,0.0,0.0,0.0,0.0,0.0,0.0
shortcoming,NOUN,5,C,0.0,0.0,0.0,0.0,0.0,0.0,0.0
singing,NOUN,2,A,0.0,0.0,0.0,0.0,0.0,0.0,0.0
skateboarding,NOUN,2,A,0.0,0.0,0.0,0.0,0.0,0.0,0.0
skating,NOUN,2,A,0.0,0.0,0.0,0.0,0.0,0.0,0.0
skiing,NOUN,2,A,0.0,0.0,0.0,0.0,0.0,0.0,0.0
snowboarding,NOUN,2,A,0.0,0.0,0.0,0.0,0.0,0.0,0.0
surfing,NOUN,2,A,0.0,0.0,0.0,0.0,0.0,0.0,0.0
swimming,NOUN,2,A,0.0,0.0,0.0,0.0,0.0,0.0,0.0
teaching,NOUN,3,B,0.0,0.0,0.0,0.0,0.0,0.0,0.0
suffering,NOUN,4,B,0.0,0.0,0.0,0.0,0.0,0.0,0.0
timing,NOUN,4,B,0.0,0.0,0.0,0.0,0.0,0.0,0.0
situation,NOUN,3,B,0.0,0.0,0.0,0.0,0.0,0.0,0.0
solution,NOUN,3,B,0.0,0.0,0.0,0.0,0.0,0.0,0.0
speculation,NOUN,5,C,0.0,0.0,0.0,0.0,0.0,0.0,0.0
simplification,NOUN,6,C,0.0,0.0,0.0,0.0,0.0,0.0,0.0
tradition,NOUN,4,B,0.0,0.0,0.0,0.0,0.0,0.0,0.0
simulation,NOUN,5,C,0.0,0.0,0.0,0.0,0.0,0.0,0.0
substitution,NOUN,5,C,0.0,0.0,0.0,0.0,0.0,0.0,0.0
transaction,NOUN,5,C,0.0,0.0,0.0,0.0,0.0,0.0,0.0
transformation,NOUN,5,C,0.0,0.0,0.0,0.0,0.0,0.0,0.0
transition,NOUN,6,C,0.0,0.0,0.0,0.0,0.0,0.0,0.0
speciality,NOUN,5,C,0.0,0.0,0.0,0.0,0.0,0.0,0.0
simplicity,NOUN,5,C,0.0,0.0,0.0,0.0,0.0,0.0,0.0
solidarity,NOUN,5,C,0.0,0.0,0.0,0.0,0.0,0.0,0.0
stability,NOUN,5,C,0.0,0.0,0.0,0.0,0.0,0.0,0.0
suitability,NOUN,5,C,0.0,0.0,0.0,0.0,0.0,0.0,0.0
severity,NOUN,6,C,0.0,0.0,0.0,0.0,0.0,0.0,0.0
sustainability,NOUN,6,C,0.0,0.0,0.0,0.0,0.0,0.0,0.0
tranquility,NOUN,6,C,0.0,0.0,0.0,0.0,0.0,0.0,0.0
similarity,NOUN,4,B,0.0,0.0,0.0,0.0,0.0,0.0,0.0
superlative,NOUN,2,A,0.0,0.0,0.0,0.0,0.0,0.0,0.0
specialize,VERB,4,B,0.0,0.0,0.0,0.0,0.0,0.0,0.0
sympathize,VERB,6,C,0.0,0.0,0.0,0.0,0.0,0.0,0.0
settlement,NOUN,5,C,0.0,0.0,0.0,0.0,0.0,0.0,0.0
spectator,NOUN,4,B,0.0,0.0,0.0,0.0,0.0,0.0,0.0
survivor,NOUN,4,B,0.0,0.0,0.0,0.0,0.0,0.0,0.0
shooting,NOUN,4,B,0.0,0.0,0.0,0.0,0.0,0.0,0.0
shop,NOUN,1,A,0.0,0.0,0.0,0.0,0.0,0.0,0.0
supermarket,NOUN,1,A,0.0,0.0,0.0,0.0,0.0,0.0,0.0
thing,NOUN,1,A,0.0,0.0,0.0,0.0,0.0,0.0,0.0
ticket,NOUN,1,A,0.0,0.0,0.0,0.0,0.0,0.0,0.0
side,NOUN,2,A,0.0,0.0,0.0,0.0,0.0,0.0,0.0
skate,NOUN,2,A,0.0,0.0,0.0,0.0,0.0,0.0,0.0
sort,NOUN,2,A,0.0,0.0,0.0,0.0,0.0,0.0,0.0
stadium,NOUN,2,A,0.0,0.0,0.0,0.0,0.0,0.0,0.0
surname,NOUN,2,A,0.0,0.0,0.0,0.0,0.0,0.0,0.0
textbook,NOUN,2,A,0.0,0.0,0.0,0.0,0.0,0.0,0.0
theatre,NOUN,2,A,0.0,0.0,0.0,0.0,0.0,0.0,0.0
toothbrush,NOUN,2,A,0.0,0.0,0.0,0.0,0.0,0.0,0.0
session,NOUN,3,B,0.0,0.0,0.0,0.0,0.0,0.0,0.0
signpost,NOUN,3,B,0.0,0.0,0.0,0.0,0.0,0.0,0.0
sleep,NOUN,3,B,0.0,0.0,0.0,0.0,0.0,0.0,0.0
smile,NOUN,3,B,0.0,0.0,0.0,0.0,0.0,0.0,0.0
spy,NOUN,3,B,0.0,0.0,0.0,0.0,0.0,0.0,0.0
stick,NOUN,3,B,0.0,0.0,0.0,0.0,0.0,0.0,0.0
store,NOUN,3,B,0.0,0.0,0.0,0.0,0.0,0.0,0.0
studio,NOUN,3,B,0.0,0.0,0.0,0.0,0.0,0.0,0.0
success,NOUN,3,B,0.0,0.0,0.0,0.0,0.0,0.0,0.0
tense,NOUN,3,B,0.0,0.0,0.0,0.0,0.0,0.0,0.0
tissue,NOUN,3,B,0.0,0.0,0.0,0.0,0.0,0.0,0.0
total,NOUN,3,B,0.0,0.0,0.0,0.0,0.0,0.0,0.0
trend,NOUN,3,B,0.0,0.0,0.0,0.0,0.0,0.0,0.0
trick,NOUN,3,B,0.0,0.0,0.0,0.0,0.0,0.0,0.0
tube,NOUN,3,B,0.0,0.0,0.0,0.0,0.0,0.0,0.0
slope,NOUN,4,B,0.0,0.0,0.0,0.0,0.0,0.0,0.0
society,NOUN,4,B,0.0,0.0,0.0,0.0,0.0,0.0,0.0
source,NOUN,4,B,0.0,0.0,0.0,0.0,0.0,0.0,0.0
splash,NOUN,4,B,0.0,0.0,0.0,0.0,0.0,0.0,0.0
spray,NOUN,4,B,0.0,0.0,0.0,0.0,0.0,0.0,0.0
spreadsheet,NOUN,4,B,0.0,0.0,0.0,0.0,0.0,0.0,0.0
stain,NOUN,4,B,0.0,0.0,0.0,0.0,0.0,0.0,0.0
strategy,NOUN,4,B,0.0,0.0,0.0,0.0,0.0,0.0,0.0
substitute,NOUN,4,B,0.0,0.0,0.0,0.0,0.0,0.0,0.0
suffix,NOUN,4,B,0.0,0.0,0.0,0.0,0.0,0.0,0.0
surface,NOUN,4,B,0.0,0.0,0.0,0.0,0.0,0.0,0.0
sword,NOUN,4,B,0.0,0.0,0.0,0.0,0.0,0.0,0.0
task,NOUN,4,B,0.0,0.0,0.0,0.0,0.0,0.0,0.0
terminal,NOUN,4,B,0.0,0.0,0.0,0.0,0.0,0.0,0.0
theory,NOUN,4,B,0.0,0.0,0.0,0.0,0.0,0.0,0.0
third,NOUN,4,B,0.0,0.0,0.0,0.0,0.0,0.0,0.0
time,NOUN,4,B,0.0,0.0,0.0,0.0,0.0,0.0,0.0
tomb,NOUN,4,B,0.0,0.0,0.0,0.0,0.0,0.0,0.0
tool,NOUN,4,B,0.0,0.0,0.0,0.0,0.0,0.0,0.0
torch,NOUN,4,B,0.0,0.0,0.0,0.0,0.0,0.0,0.0
trolley,NOUN,4,B,0.0,0.0,0.0,0.0,0.0,0.0,0.0
setback,NOUN,5,C,0.0,0.0,0.0,0.0,0.0,0.0,0.0
slot,NOUN,5,C,0.0,0.0,0.0,0.0,0.0,0.0,0.0
spectrum,NOUN,5,C,0.0,0.0,0.0,0.0,0.0,0.0,0.0
sphere,NOUN,5,C,0.0,0.0,0.0,0.0,0.0,0.0,0.0
spokesman,NOUN,5,C,0.0,0.0,0.0,0.0,0.0,0.0,0.0
spokesperson,NOUN,5,C,0.0,0.0,0.0,0.0,0.0,0.0,0.0
stand,NOUN,5,C,0.0,0.0,0.0,0.0,0.0,0.0,0.0
statistic,NOUN,5,C,0.0,0.0,0.0,0.0,0.0,0.0,0.0
stereotype,NOUN,5,C,0.0,0.0,0.0,0.0,0.0,0.0,0.0
stroll,NOUN,5,C,0.0,0.0,0.0,0.0,0.0,0.0,0.0
summit,NOUN,5,C,0.0,0.0,0.0,0.0,0.0,0.0,0.0
surge,NOUN,5,C,0.0,0.0,0.0,0.0,0.0,0.0,0.0
surgeon,NOUN,5,C,0.0,0.0,0.0,0.0,0.0,0.0,0.0
tactic,NOUN,5,C,0.0,0.0,0.0,0.0,0.0,0.0,0.0
tendency,NOUN,5,C,0.0,0.0,0.0,0.0,0.0,0.0,0.0
thrill,NOUN,5,C,0.0,0.0,0.0,0.0,0.0,0.0,0.0
token,NOUN,5,C,0.0,0.0,0.0,0.0,0.0,0.0,0.0
trek,NOUN,5,C,0.0,0.0,0.0,0.0,0.0,0.0,0.0
shield,NOUN,6,C,0.0,0.0,0.0,0.0,0.0,0.0,0.0
siren,NOUN,6,C,0.0,0.0,0.0,0.0,0.0,0.0,0.0
spade,NOUN,6,C,0.0,0.0,0.0,0.0,0.0,0.0,0.0
spark,NOUN,6,C,0.0,0.0,0.0,0.0,0.0,0.0,0.0
specimen,NOUN,6,C,0.0,0.0,0.0,0.0,0.0,0.0,0.0
stance,NOUN,6,C,0.0,0.0,0.0,0.0,0.0,0.0,0.0
standpoint,NOUN,6,C,0.0,0.0,0.0,0.0,0.0,0.0,0.0
start,NOUN,6,C,0.0,0.0,0.0,0.0,0.0,0.0,0.0
strand,NOUN,6,C,0.0,0.0,0.0,0.0,0.0,0.0,0.0
supplement,NOUN,6,C,0.0,0.0,0.0,0.0,0.0,0.0,0.0
synonym,NOUN,6,C,0.0,0.0,0.0,0.0,0.0,0.0,0.0
tenant,NOUN,6,C,0.0,0.0,0.0,0.0,0.0,0.0,0.0
thread,NOUN,6,C,0.0,0.0,0.0,0.0,0.0,0.0,0.0
threshold,NOUN,6,C,0.0,0.0,0.0,0.0,0.0,0.0,0.0
timber,NOUN,6,C,0.0,0.0,0.0,0.0,0.0,0.0,0.0
treaty,NOUN,6,C,0.0,0.0,0.0,0.0,0.0,0.0,0.0
truth,NOUN,6,C,0.0,0.0,0.0,0.0,0.0,0.0,0.0
today,NOUN,1,A,0.0,0.0,0.0,0.0,0.0,0.0,0.0
tomorrow,NOUN,1,A,0.0,0.0,0.0,0.0,0.0,0.0,0.0
south,NOUN,2,A,0.0,0.0,0.0,0.0,0.0,0.0,0.0
tonight,NOUN,2,A,0.0,0.0,0.0,0.0,0.0,0.0,0.0
silence,NOUN,3,B,0.0,0.0,0.0,0.0,0.0,0.0,0.0
silk,NOUN,3,B,0.0,0.0,0.0,0.0,0.0,0.0,0.0
smoke,NOUN,3,B,0.0,0.0,0.0,0.0,0.0,0.0,0.0
southeast,NOUN,3,B,0.0,0.0,0.0,0.0,0.0,0.0,0.0
southwest,NOUN,3,B,0.0,0.0,0.0,0.0,0.0,0.0,0.0
stuff,NOUN,3,B,0.0,0.0,0.0,0.0,0.0,0.0,0.0
toothpaste,NOUN,3,B,0.0,0.0,0.0,0.0,0.0,0.0,0.0
trouble,NOUN,3,B,0.0,0.0,0.0,0.0,0.0,0.0,0.0
speed,NOUN,4,B,0.0,0.0,0.0,0.0,0.0,0.0,0.0
storage,NOUN,4,B,0.0,0.0,0.0,0.0,0.0,0.0,0.0
slavery,NOUN,5,C,0.0,0.0,0.0,0.0,0.0,0.0,0.0
smog,NOUN,5,C,0.0,0.0,0.0,0.0,0.0,0.0,0.0
solitude,NOUN,5,C,0.0,0.0,0.0,0.0,0.0,0.0,0.0
status,NOUN,5,C,0.0,0.0,0.0,0.0,0.0,0.0,0.0
teamwork,NOUN,5,C,0.0,0.0,0.0,0.0,0.0,0.0,0.0
tuition,NOUN,5,C,0.0,0.0,0.0,0.0,0.0,0.0,0.0
slaughter,NOUN,6,C,0.0,0.0,0.0,0.0,0.0,0.0,0.0
stardom,NOUN,6,C,0.0,0.0,0.0,0.0,0.0,0.0,0.0
suspense,NOUN,6,C,0.0,0.0,0.0,0.0,0.0,0.0,0.0
Sunday,NOUN,1,A,0.0,0.0,0.0,0.0,0.0,0.0,0.0
Thursday,NOUN,1,A,0.0,0.0,0.0,0.0,0.0,0.0,0.0
Tuesday,NOUN,1,A,0.0,0.0,0.0,0.0,0.0,0.0,0.0
sound,NOUN,2,A,0.0,0.0,0.0,0.0,0.0,0.0,0.0
telephone,NOUN,2,A,0.0,0.0,0.0,0.0,0.0,0.0,0.0
shadow,NOUN,3,B,0.0,0.0,0.0,0.0,0.0,0.0,0.0
technique,NOUN,3,B,0.0,0.0,0.0,0.0,0.0,0.0,0.0
turkey,NOUN,3,B,0.0,0.0,0.0,0.0,0.0,0.0,0.0
substance,NOUN,4,B,0.0,0.0,0.0,0.0,0.0,0.0,0.0
supply,NOUN,4,B,0.0,0.0,0.0,0.0,0.0,0.0,0.0
trace,NOUN,4,B,0.0,0.0,0.0,0.0,0.0,0.0,0.0
tragedy,NOUN,4,B,0.0,0.0,0.0,0.0,0.0,0.0,0.0
transfer,NOUN,4,B,0.0,0.0,0.0,0.0,0.0,0.0,0.0
texture,NOUN,5,C,0.0,0.0,0.0,0.0,0.0,0.0,0.0
splendour,NOUN,6,C,0.0,0.0,0.0,0.0,0.0,0.0,0.0
stimulus,NOUN,6,C,0.0,0.0,0.0,0.0,0.0,0.0,0.0
surplus,NOUN,6,C,0.0,0.0,0.0,0.0,0.0,0.0,0.0
trauma,NOUN,6,C,0.0,0.0,0.0,0.0,0.0,0.0,0.0
statistics,NOUN,4,B,0.0,0.0,0.0,0.0,0.0,0.0,0.0
surroundings,NOUN,4,B,0.0,0.0,0.0,0.0,0.0,0.0,0.0
telecommunications,NOUN,4,B,0.0,0.0,0.0,0.0,0.0,0.0,0.0
talks,NOUN,6,C,0.0,0.0,0.0,0.0,0.0,0.0,0.0
troops,NOUN,6,C,0.0,0.0,0.0,0.0,0.0,0.0,0.0
singular,NOUN,2,A,0.0,0.0,0.0,0.0,0.0,0.0,0.0
swim,NOUN,2,A,0.0,0.0,0.0,0.0,0.0,0.0,0.0
toll,NOUN,5,C,0.0,0.0,0.0,0.0,0.0,0.0,0.0
sleep,VERB,1,A,0.0,0.0,0.0,0.0,0.0,0.0,0.0
shine,VERB,3,B,0.0,0.0,0.0,0.0,0.0,0.0,0.0
shop,VERB,3,B,0.0,0.0,0.0,0.0,0.0,0.0,0.0
skate,VERB,3,B,0.0,0.0,0.0,0.0,0.0,0.0,0.0
ski,VERB,3,B,0.0,0.0,0.0,0.0,0.0,0.0,0.0
surf,VERB,3,B,0.0,0.0,0.0,0.0,0.0,0.0,0.0
travel,VERB,3,B,0.0,0.0,0.0,0.0,0.0,0.0,0.0
sigh,VERB,4,B,0.0,0.0,0.0,0.0,0.0,0.0,0.0
sink,VERB,4,B,0.0,0.0,0.0,0.0,0.0,0.0,0.0
sneeze,VERB,4,B,0.0,0.0,0.0,0.0,0.0,0.0,0.0
sob,VERB,4,B,0.0,0.0,0.0,0.0,0.0,0.0,0.0
train,VERB,4,B,0.0,0.0,0.0,0.0,0.0,0.0,0.0
tremble,VERB,4,B,0.0,0.0,0.0,0.0,0.0,0.0,0.0
spy,VERB,5,C,0.0,0.0,0.0,0.0,0.0,0.0,0.0
thrive,VERB,5,C,0.0,0.0,0.0,0.0,0.0,0.0,0.0
soar,VERB,6,C,0.0,0.0,0.0,0.0,0.0,0.0,0.0
squeak,VERB,6,C,0.0,0.0,0.0,0.0,0.0,0.0,0.0
stumble,VERB,6,C,0.0,0.0,0.0,0.0,0.0,0.0,0.0
submit,VERB,6,C,0.0,0.0,0.0,0.0,0.0,0.0,0.0
tick,VERB,6,C,0.0,0.0,0.0,0.0,0.0,0.0,0.0
teach,VERB,2,A,0.0,0.0,0.0,0.0,0.0,0.0,0.0
text,VERB,2,A,0.0,0.0,0.0,0.0,0.0,0.0,0.0
solve,VERB,3,B,0.0,0.0,0.0,0.0,0.0,0.0,0.0
surround,VERB,3,B,0.0,0.0,0.0,0.0,0.0,0.0,0.0
taste,VERB,3,B,0.0,0.0,0.0,0.0,0.0,0.0,0.0
stab,VERB,4,B,0.0,0.0,0.0,0.0,0.0,0.0,0.0
strain,VERB,4,B,0.0,0.0,0.0,0.0,0.0,0.0,0.0
suit,VERB,4,B,0.0,0.0,0.0,0.0,0.0,0.0,0.0
suspend,VERB,4,B,0.0,0.0,0.0,0.0,0.0,0.0,0.0
transport,VERB,4,B,0.0,0.0,0.0,0.0,0.0,0.0,0.0
trick,VERB,4,B,0.0,0.0,0.0,0.0,0.0,0.0,0.0
shield,VERB,5,C,0.0,0.0,0.0,0.0,0.0,0.0,0.0
spare,VERB,5,C,0.0,0.0,0.0,0.0,0.0,0.0,0.0
suppose,VERB,5,C,0.0,0.0,0.0,0.0,0.0,0.0,0.0
trigger,VERB,5,C,0.0,0.0,0.0,0.0,0.0,0.0,0.0
shape,VERB,6,C,0.0,0.0,0.0,0.0,0.0,0.0,0.0
sharpen,VERB,6,C,0.0,0.0,0.0,0.0,0.0,0.0,0.0
spark,VERB,6,C,0.0,0.0,0.0,0.0,0.0,0.0,0.0
spur,VERB,6,C,0.0,0.0,0.0,0.0,0.0,0.0,0.0
stir,VERB,6,C,0.0,0.0,0.0,0.0,0.0,0.0,0.0
structure,VERB,6,C,0.0,0.0,0.0,0.0,0.0,0.0,0.0
supplement,VERB,6,C,0.0,0.0,0.0,0.0,0.0,0.0,0.0
suppress,VERB,6,C,0.0,0.0,0.0,0.0,0.0,0.0,0.0
sustain,VERB,6,C,0.0,0.0,0.0,0.0,0.0,0.0,0.0
swallow,VERB,6,C,0.0,0.0,0.0,0.0,0.0,0.0,0.0
target,VERB,6,C,0.0,0.0,0.0,0.0,0.0,0.0,0.0
thrill,VERB,6,C,0.0,0.0,0.0,0.0,0.0,0.0,0.0
top,VERB,6,C,0.0,0.0,0.0,0.0,0.0,0.0,0.0
sing,VERB,1,A,0.0,0.0,0.0,0.0,0.0,0.0,0.0
swim,VERB,1,A,0.0,0.0,0.0,0.0,0.0,0.0,0.0
steal,VERB,2,A,0.0,0.0,0.0,0.0,0.0,0.0,0.0
sew,VERB,3,B,0.0,0.0,0.0,0.0,0.0,0.0,0.0
smile,VERB,3,B,0.0,0.0,0.0,0.0,0.0,0.0,0.0
tour,VERB,3,B,0.0,0.0,0.0,0.0,0.0,0.0,0.0
shrink,VERB,4,B,0.0,0.0,0.0,0.0,0.0,0.0,0.0
steer,VERB,4,B,0.0,0.0,0.0,0.0,0.0,0.0,0.0
survive,VERB,4,B,0.0,0.0,0.0,0.0,0.0,0.0,0.0
touch,VERB,4,B,0.0,0.0,0.0,0.0,0.0,0.0,0.0
trade,VERB,4,B,0.0,0.0,0.0,0.0,0.0,0.0,0.0
shorten,VERB,5,C,0.0,0.0,0.0,0.0,0.0,0.0,0.0
spin,VERB,5,C,0.0,0.0,0.0,0.0,0.0,0.0,0.0
sue,VERB,5,C,0.0,0.0,0.0,0.0,0.0,0.0,0.0
swap,VERB,5,C,0.0,0.0,0.0,0.0,0.0,0.0,0.0
shrug,VERB,6,C,0.0,0.0,0.0,0.0,0.0,0.0,0.0
signal,VERB,6,C,0.0,0.0,0.0,0.0,0.0,0.0,0.0
speculate,VERB,6,C,0.0,0.0,0.0,0.0,0.0,0.0,0.0
suck,VERB,6,C,0.0,0.0,0.0,0.0,0.0,0.0,0.0
trail,VERB,6,C,0.0,0.0,0.0,0.0,0.0,0.0,0.0
soldier,NOUN,3,B,0.0,0.0,0.0,0.0,0.0,0.0,0.0
torture,NOUN,5,C,0.0,0.0,0.0,0.0,0.0,0.0,0.0
suicide,NOUN,4,B,0.0,0.0,0.0,0.0,0.0,0.0,0.0
theft,NOUN,4,B,0.0,0.0,0.0,0.0,0.0,0.0,0.0
shattered,ADJ,6,C,0.0,0.0,0.0,0.0,0.0,0.0,0.0
starving,ADJ,4,B,0.0,0.0,0.0,0.0,0.0,0.0,0.0
thus,ADV,4,B,0.0,0.0,0.0,0.0,0.0,0.0,0.0
sir,NOUN,3,B,0.0,0.0,0.0,0.0,0.0,0.0,0.0
sure,ADV,2,A,0.0,0.0,0.0,0.0,0.0,0.0,0.0
tiresome,ADJ,6,C,0.0,0.0,0.0,0.0,0.0,0.0,0.0
tertiary,ADJ,5,C,0.0,0.0,0.0,0.0,0.0,0.0,0.0
somewhat,ADV,5,C,0.0,0.0,0.0,0.0,0.0,0.0,0.0
thereby,ADV,5,C,0.0,0.0,0.0,0.0,0.0,0.0,0.0
thereafter,ADV,6,C,0.0,0.0,0.0,0.0,0.0,0.0,0.0
substantial,ADJ,4,B,0.0,0.0,0.0,0.0,0.0,0.0,0.0
trivial,ADJ,4,B,0.0,0.0,0.0,0.0,0.0,0.0,0.0
tropical,ADJ,4,B,0.0,0.0,0.0,0.0,0.0,0.0,0.0
torrential,ADJ,6,C,0.0,0.0,0.0,0.0,0.0,0.0,0.0
spiritual,ADJ,4,B,0.0,0.0,0.0,0.0,0.0,0.0,0.0
technical,ADJ,4,B,0.0,0.0,0.0,0.0,0.0,0.0,0.0
stereotypical,ADJ,6,C,0.0,0.0,0.0,0.0,0.0,0.0,0.0
superficial,ADJ,6,C,0.0,0.0,0.0,0.0,0.0,0.0,0.0
technological,ADJ,4,B,0.0,0.0,0.0,0.0,0.0,0.0,0.0
short-sighted,ADJ,6,C,0.0,0.0,0.0,0.0,0.0,0.0,0.0
so-called,ADJ,4,B,0.0,0.0,0.0,0.0,0.0,0.0,0.0
tired,ADJ,1,A,0.0,0.0,0.0,0.0,0.0,0.0,0.0
surprised,ADJ,2,A,0.0,0.0,0.0,0.0,0.0,0.0,0.0
shocked,ADJ,3,B,0.0,0.0,0.0,0.0,0.0,0.0,0.0
stressed,ADJ,3,B,0.0,0.0,0.0,0.0,0.0,0.0,0.0
talented,ADJ,3,B,0.0,0.0,0.0,0.0,0.0,0.0,0.0
terrified,ADJ,3,B,0.0,0.0,0.0,0.0,0.0,0.0,0.0
sophisticated,ADJ,4,B,0.0,0.0,0.0,0.0,0.0,0.0,0.0
thrilled,ADJ,4,B,0.0,0.0,0.0,0.0,0.0,0.0,0.0
stunned,ADJ,6,C,0.0,0.0,0.0,0.0,0.0,0.0,0.0
stressful,ADJ,3,B,0.0,0.0,0.0,0.0,0.0,0.0,0.0
skilful,ADJ,4,B,0.0,0.0,0.0,0.0,0.0,0.0,0.0
thoughtful,ADJ,4,B,0.0,0.0,0.0,0.0,0.0,0.0,0.0
tactful,ADJ,6,C,0.0,0.0,0.0,0.0,0.0,0.0,0.0
toxic,ADJ,4,B,0.0,0.0,0.0,0.0,0.0,0.0,0.0
therapeutic,ADJ,5,C,0.0,0.0,0.0,0.0,0.0,0.0,0.0
sympathetic,ADJ,4,B,0.0,0.0,0.0,0.0,0.0,0.0,0.0
tragic,ADJ,4,B,0.0,0.0,0.0,0.0,0.0,0.0,0.0
setting,NOUN,4,B,0.0,0.0,0.0,0.0,0.0,0.0,0.0
stunning,ADJ,4,B,0.0,0.0,0.0,0.0,0.0,0.0,0.0
thrilling,ADJ,4,B,0.0,0.0,0.0,0.0,0.0,0.0,0.0
sparkling,ADJ,5,C,0.0,0.0,0.0,0.0,0.0,0.0,0.0
staggering,ADJ,5,C,0.0,0.0,0.0,0.0,0.0,0.0,0.0
soothing,ADJ,6,C,0.0,0.0,0.0,0.0,0.0,0.0,0.0
thriving,ADJ,6,C,0.0,0.0,0.0,0.0,0.0,0.0,0.0
shocking,ADJ,3,B,0.0,0.0,0.0,0.0,0.0,0.0,0.0
surprising,ADJ,3,B,0.0,0.0,0.0,0.0,0.0,0.0,0.0
tiring,ADJ,3,B,0.0,0.0,0.0,0.0,0.0,0.0,0.0
terrifying,ADJ,4,B,0.0,0.0,0.0,0.0,0.0,0.0,0.0
transmission,NOUN,6,C,0.0,0.0,0.0,0.0,0.0,0.0,0.0
stylish,ADJ,3,B,0.0,0.0,0.0,0.0,0.0,0.0,0.0
snobbish,ADJ,6,C,0.0,0.0,0.0,0.0,0.0,0.0,0.0
supportive,ADJ,5,C,0.0,0.0,0.0,0.0,0.0,0.0,0.0
talkative,ADJ,5,C,0.0,0.0,0.0,0.0,0.0,0.0,0.0
spotless,ADJ,6,C,0.0,0.0,0.0,0.0,0.0,0.0,0.0
tasteless,ADJ,6,C,0.0,0.0,0.0,0.0,0.0,0.0,0.0
speechless,ADJ,5,C,0.0,0.0,0.0,0.0,0.0,0.0,0.0
tactless,ADJ,6,C,0.0,0.0,0.0,0.0,0.0,0.0,0.0
thoughtless,ADJ,6,C,0.0,0.0,0.0,0.0,0.0,0.0,0.0
terribly,ADV,3,B,0.0,0.0,0.0,0.0,0.0,0.0,0.0
totally,ADV,3,B,0.0,0.0,0.0,0.0,0.0,0.0,0.0
seriously,ADV,4,B,0.0,0.0,0.0,0.0,0.0,0.0,0.0
simply,ADV,4,B,0.0,0.0,0.0,0.0,0.0,0.0,0.0
slightly,ADV,4,B,0.0,0.0,0.0,0.0,0.0,0.0,0.0
strongly,ADV,4,B,0.0,0.0,0.0,0.0,0.0,0.0,0.0
surely,ADV,4,B,0.0,0.0,0.0,0.0,0.0,0.0,0.0
tremendously,ADV,4,B,0.0,0.0,0.0,0.0,0.0,0.0,0.0
truly,ADV,5,C,0.0,0.0,0.0,0.0,0.0,0.0,0.0
sufficiently,ADV,5,C,0.0,0.0,0.0,0.0,0.0,0.0,0.0
surprisingly,ADV,3,B,0.0,0.0,0.0,0.0,0.0,0.0,0.0
tragically,ADV,6,C,0.0,0.0,0.0,0.0,0.0,0.0,0.0
technologically,ADV,5,C,0.0,0.0,0.0,0.0,0.0,0.0,0.0
suspicious,ADJ,4,B,0.0,0.0,0.0,0.0,0.0,0.0,0.0
simultaneous,ADJ,5,C,0.0,0.0,0.0,0.0,0.0,0.0,0.0
spacious,ADJ,5,C,0.0,0.0,0.0,0.0,0.0,0.0,0.0
tedious,ADJ,5,C,0.0,0.0,0.0,0.0,0.0,0.0,0.0
sexy,ADJ,4,B,0.0,0.0,0.0,0.0,0.0,0.0,0.0
shabby,ADJ,5,C,0.0,0.0,0.0,0.0,0.0,0.0,0.0
stormy,ADJ,5,C,0.0,0.0,0.0,0.0,0.0,0.0,0.0
thirsty,ADJ,2,A,0.0,0.0,0.0,0.0,0.0,0.0,0.0
spicy,ADJ,3,B,0.0,0.0,0.0,0.0,0.0,0.0,0.0
tasty,ADJ,3,B,0.0,0.0,0.0,0.0,0.0,0.0,0.0
sunny,ADJ,2,A,0.0,0.0,0.0,0.0,0.0,0.0,0.0
sporty,ADJ,5,C,0.0,0.0,0.0,0.0,0.0,0.0,0.0
sexual,ADJ,5,C,0.0,0.0,0.0,0.0,0.0,0.0,0.0
tabloid,ADJ,4,B,0.0,0.0,0.0,0.0,0.0,0.0,0.0
trio,NOUN,6,C,0.0,0.0,0.0,0.0,0.0,0.0,0.0
sick,ADJ,2,A,0.0,0.0,0.0,0.0,0.0,0.0,0.0
sore,ADJ,3,B,0.0,0.0,0.0,0.0,0.0,0.0,0.0
swollen,ADJ,4,B,0.0,0.0,0.0,0.0,0.0,0.0,0.0
stitch,NOUN,6,C,0.0,0.0,0.0,0.0,0.0,0.0,0.0
tight,ADJ,3,B,0.0,0.0,0.0,0.0,0.0,0.0,0.0
sorry,ADJ,1,A,0.0,0.0,0.0,0.0,0.0,0.0,0.0
short,ADJ,2,A,0.0,0.0,0.0,0.0,0.0,0.0,0.0
slight,ADJ,4,B,0.0,0.0,0.0,0.0,0.0,0.0,0.0
straight,ADJ,4,B,0.0,0.0,0.0,0.0,0.0,0.0,0.0
total,ADJ,4,B,0.0,0.0,0.0,0.0,0.0,0.0,0.0
so,ADV,2,A,0.0,0.0,0.0,0.0,0.0,0.0,0.0
therefore,ADV,3,B,0.0,0.0,0.0,0.0,0.0,0.0,0.0
strict,ADJ,4,B,0.0,0.0,0.0,0.0,0.0,0.0,0.0
small,ADJ,1,A,0.0,0.0,0.0,0.0,0.0,0.0,0.0
silver,ADJ,2,A,0.0,0.0,0.0,0.0,0.0,0.0,0.0
single,ADJ,2,A,0.0,0.0,0.0,0.0,0.0,0.0,0.0
soft,ADJ,2,A,0.0,0.0,0.0,0.0,0.0,0.0,0.0
special,ADJ,2,A,0.0,0.0,0.0,0.0,0.0,0.0,0.0
square,ADJ,2,A,0.0,0.0,0.0,0.0,0.0,0.0,0.0
terrible,ADJ,2,A,0.0,0.0,0.0,0.0,0.0,0.0,0.0
thin,ADJ,2,A,0.0,0.0,0.0,0.0,0.0,0.0,0.0
sharp,ADJ,3,B,0.0,0.0,0.0,0.0,0.0,0.0,0.0
smooth,ADJ,3,B,0.0,0.0,0.0,0.0,0.0,0.0,0.0
strong,ADJ,3,B,0.0,0.0,0.0,0.0,0.0,0.0,0.0
terrific,ADJ,3,B,0.0,0.0,0.0,0.0,0.0,0.0,0.0
thick,ADJ,3,B,0.0,0.0,0.0,0.0,0.0,0.0,0.0
tiny,ADJ,3,B,0.0,0.0,0.0,0.0,0.0,0.0,0.0
severe,ADJ,4,B,0.0,0.0,0.0,0.0,0.0,0.0,0.0
shallow,ADJ,4,B,0.0,0.0,0.0,0.0,0.0,0.0,0.0
solid,ADJ,4,B,0.0,0.0,0.0,0.0,0.0,0.0,0.0
standard,ADJ,4,B,0.0,0.0,0.0,0.0,0.0,0.0,0.0
stiff,ADJ,4,B,0.0,0.0,0.0,0.0,0.0,0.0,0.0
sufficient,ADJ,4,B,0.0,0.0,0.0,0.0,0.0,0.0,0.0
superb,ADJ,4,B,0.0,0.0,0.0,0.0,0.0,0.0,0.0
transparent,ADJ,4,B,0.0,0.0,0.0,0.0,0.0,0.0,0.0
tremendous,ADJ,4,B,0.0,0.0,0.0,0.0,0.0,0.0,0.0
splendid,ADJ,5,C,0.0,0.0,0.0,0.0,0.0,0.0,0.0
state-of-the-art,ADJ,5,C,0.0,0.0,0.0,0.0,0.0,0.0,0.0
tranquil,ADJ,5,C,0.0,0.0,0.0,0.0,0.0,0.0,0.0
sober,ADJ,6,C,0.0,0.0,0.0,0.0,0.0,0.0,0.0
swift,ADJ,6,C,0.0,0.0,0.0,0.0,0.0,0.0,0.0
tough,ADJ,6,C,0.0,0.0,0.0,0.0,0.0,0.0,0.0
troublesome,ADJ,6,C,0.0,0.0,0.0,0.0,0.0,0.0,0.0
through,ADV,3,B,0.0,0.0,0.0,0.0,0.0,0.0,0.0
that,ADV,4,B,0.0,0.0,0.0,0.0,0.0,0.0,0.0
together,ADV,4,B,0.0,0.0,0.0,0.0,0.0,0.0,0.0
this,ADV,5,C,0.0,0.0,0.0,0.0,0.0,0.0,0.0
tight,ADV,6,C,0.0,0.0,0.0,0.0,0.0,0.0,0.0
sweet,ADJ,1,A,0.0,0.0,0.0,0.0,0.0,0.0,0.0
sour,ADJ,3,B,0.0,0.0,0.0,0.0,0.0,0.0,0.0
still,ADJ,3,B,0.0,0.0,0.0,0.0,0.0,0.0,0.0
stale,ADJ,5,C,0.0,0.0,0.0,0.0,0.0,0.0,0.0
tender,ADJ,6,C,0.0,0.0,0.0,0.0,0.0,0.0,0.0
thirst,NOUN,4,B,0.0,0.0,0.0,0.0,0.0,0.0,0.0
share,NOUN,6,C,0.0,0.0,0.0,0.0,0.0,0.0,0.0
solar,ADJ,4,B,0.0,0.0,0.0,0.0,0.0,0.0,0.0
sun,NOUN,1,A,0.0,0.0,0.0,0.0,0.0,0.0,0.0
try,NOUN,4,B,0.0,0.0,0.0,0.0,0.0,0.0,0.0
shower,VERB,4,B,0.0,0.0,0.0,0.0,0.0,0.0,0.0
slim,ADJ,1,A,0.0,0.0,0.0,0.0,0.0,0.0,0.0
teenage,ADJ,3,B,0.0,0.0,0.0,0.0,0.0,0.0,0.0
shy,ADJ,3,B,0.0,0.0,0.0,0.0,0.0,0.0,0.0
silly,ADJ,3,B,0.0,0.0,0.0,0.0,0.0,0.0,0.0
smart,ADJ,3,B,0.0,0.0,0.0,0.0,0.0,0.0,0.0
stupid,ADJ,3,B,0.0,0.0,0.0,0.0,0.0,0.0,0.0
stubborn,ADJ,4,B,0.0,0.0,0.0,0.0,0.0,0.0,0.0
tense,ADJ,4,B,0.0,0.0,0.0,0.0,0.0,0.0,0.0
sincere,ADJ,5,C,0.0,0.0,0.0,0.0,0.0,0.0,0.0
stable,ADJ,5,C,0.0,0.0,0.0,0.0,0.0,0.0,0.0
trustworthy,ADJ,5,C,0.0,0.0,0.0,0.0,0.0,0.0,0.0
shrewd,ADJ,6,C,0.0,0.0,0.0,0.0,0.0,0.0,0.0
stern,ADJ,6,C,0.0,0.0,0.0,0.0,0.0,0.0,0.0
superior,ADJ,6,C,0.0,0.0,0.0,0.0,0.0,0.0,0.0
timid,ADJ,6,C,0.0,0.0,0.0,0.0,0.0,0.0,0.0
TRUE,ADJ,6,C,0.0,0.0,0.0,0.0,0.0,0.0,0.0
temper,NOUN,4,B,0.0,0.0,0.0,0.0,0.0,0.0,0.0
terror,NOUN,4,B,0.0,0.0,0.0,0.0,0.0,0.0,0.0
state,ADJ,4,B,0.0,0.0,0.0,0.0,0.0,0.0,0.0
totalitarian,ADJ,6,C,0.0,0.0,0.0,0.0,0.0,0.0,0.0
tribe,NOUN,4,B,0.0,0.0,0.0,0.0,0.0,0.0,0.0
shut,ADJ,3,B,0.0,0.0,0.0,0.0,0.0,0.0,0.0
sports,ADJ,3,B,0.0,0.0,0.0,0.0,0.0,0.0,0.0
team,NOUN,2,A,0.0,0.0,0.0,0.0,0.0,0.0,0.0
silent,ADJ,4,B,0.0,0.0,0.0,0.0,0.0,0.0,0.0
staff,NOUN,2,A,0.0,0.0,0.0,0.0,0.0,0.0,0.0
shift,NOUN,4,B,0.0,0.0,0.0,0.0,0.0,0.0,0.0
sociable,ADJ,3,B,0.0,0.0,0.0,0.0,0.0,0.0,0.0
suitable,ADJ,3,B,0.0,0.0,0.0,0.0,0.0,0.0,0.0
sustainable,ADJ,5,C,0.0,0.0,0.0,0.0,0.0,0.0,0.0
social,ADJ,3,B,0.0,0.0,0.0,0.0,0.0,0.0,0.0
traditional,ADJ,3,B,0.0,0.0,0.0,0.0,0.0,0.0,0.0
supernatural,ADJ,4,B,0.0,0.0,0.0,0.0,0.0,0.0,0.0
statistical,ADJ,5,C,0.0,0.0,0.0,0.0,0.0,0.0,0.0
structural,ADJ,6,C,0.0,0.0,0.0,0.0,0.0,0.0,0.0
territorial,ADJ,6,C,0.0,0.0,0.0,0.0,0.0,0.0,0.0
theoretical,ADJ,6,C,0.0,0.0,0.0,0.0,0.0,0.0,0.0
tribal,ADJ,6,C,0.0,0.0,0.0,0.0,0.0,0.0,0.0
tolerant,ADJ,5,C,0.0,0.0,0.0,0.0,0.0,0.0,0.0
skilled,ADJ,4,B,0.0,0.0,0.0,0.0,0.0,0.0,0.0
soaked,ADJ,4,B,0.0,0.0,0.0,0.0,0.0,0.0,0.0
troubled,ADJ,5,C,0.0,0.0,0.0,0.0,0.0,0.0,0.0
stranded,ADJ,6,C,0.0,0.0,0.0,0.0,0.0,0.0,0.0
structured,ADJ,6,C,0.0,0.0,0.0,0.0,0.0,0.0,0.0
successful,ADJ,3,B,0.0,0.0,0.0,0.0,0.0,0.0,0.0
shameful,ADJ,5,C,0.0,0.0,0.0,0.0,0.0,0.0,0.0
thankful,ADJ,5,C,0.0,0.0,0.0,0.0,0.0,0.0,0.0
tasteful,ADJ,6,C,0.0,0.0,0.0,0.0,0.0,0.0,0.0
tangible,ADJ,6,C,0.0,0.0,0.0,0.0,0.0,0.0,0.0
specific,ADJ,4,B,0.0,0.0,0.0,0.0,0.0,0.0,0.0
strategic,ADJ,5,C,0.0,0.0,0.0,0.0,0.0,0.0,0.0
symbolic,ADJ,6,C,0.0,0.0,0.0,0.0,0.0,0.0,0.0
systematic,ADJ,6,C,0.0,0.0,0.0,0.0,0.0,0.0,0.0
traumatic,ADJ,6,C,0.0,0.0,0.0,0.0,0.0,0.0,0.0
soaking,ADJ,4,B,0.0,0.0,0.0,0.0,0.0,0.0,0.0
striking,ADJ,4,B,0.0,0.0,0.0,0.0,0.0,0.0,0.0
surrounding,ADJ,4,B,0.0,0.0,0.0,0.0,0.0,0.0,0.0
soaring,ADJ,5,C,0.0,0.0,0.0,0.0,0.0,0.0,0.0
time-consuming,ADJ,5,C,0.0,0.0,0.0,0.0,0.0,0.0,0.0
transitive,ADJ,4,B,0.0,0.0,0.0,0.0,0.0,0.0,0.0
subjective,ADJ,5,C,0.0,0.0,0.0,0.0,0.0,0.0,0.0
successive,ADJ,6,C,0.0,0.0,0.0,0.0,0.0,0.0,0.0
slowly,ADV,2,A,0.0,0.0,0.0,0.0,0.0,0.0,0.0
softly,ADV,3,B,0.0,0.0,0.0,0.0,0.0,0.0,0.0
specially,ADV,3,B,0.0,0.0,0.0,0.0,0.0,0.0,0.0
suddenly,ADV,3,B,0.0,0.0,0.0,0.0,0.0,0.0,0.0
severely,ADV,4,B,0.0,0.0,0.0,0.0,0.0,0.0,0.0
sharply,ADV,4,B,0.0,0.0,0.0,0.0,0.0,0.0,0.0
shortly,ADV,4,B,0.0,0.0,0.0,0.0,0.0,0.0,0.0
significantly,ADV,4,B,0.0,0.0,0.0,0.0,0.0,0.0,0.0
silently,ADV,4,B,0.0,0.0,0.0,0.0,0.0,0.0,0.0
simultaneously,ADV,4,B,0.0,0.0,0.0,0.0,0.0,0.0,0.0
smoothly,ADV,4,B,0.0,0.0,0.0,0.0,0.0,0.0,0.0
steadily,ADV,4,B,0.0,0.0,0.0,0.0,0.0,0.0,0.0
strangely,ADV,4,B,0.0,0.0,0.0,0.0,0.0,0.0,0.0
strictly,ADV,4,B,0.0,0.0,0.0,0.0,0.0,0.0,0.0
successfully,ADV,4,B,0.0,0.0,0.0,0.0,0.0,0.0,0.0
suitably,ADV,4,B,0.0,0.0,0.0,0.0,0.0,0.0,0.0
suspiciously,ADV,4,B,0.0,0.0,0.0,0.0,0.0,0.0,0.0
temporarily,ADV,4,B,0.0,0.0,0.0,0.0,0.0,0.0,0.0
thoroughly,ADV,4,B,0.0,0.0,0.0,0.0,0.0,0.0,0.0
tightly,ADV,4,B,0.0,0.0,0.0,0.0,0.0,0.0,0.0
traditionally,ADV,4,B,0.0,0.0,0.0,0.0,0.0,0.0,0.0
similarly,ADV,5,C,1.5e-05,1.5e-05,1.5e-05,1.6e-05,1.5e-05,1.4e-05,1.4e-05
sincerely,ADV,5,C,3e-06,4e-06,4e-06,4e-06,4e-06,4e-06,5e-06
solely,ADV,5,C,1.6e-05,1.6e-05,1.5e-05,1.5e-05,1.5e-05,1.5e-05,1.5e-05
specifically,ADV,5,C,3.9e-05,3.8e-05,3.8e-05,4e-05,3.9e-05,3.6e-05,3.6e-05
subsequently,ADV,5,C,2e-05,1.9e-05,1.8e-05,1.9e-05,1.8e-05,1.7e-05,1.7e-05
substantially,ADV,5,C,1.5e-05,1.3e-05,1.2e-05,1.2e-05,1.2e-05,1.1e-05,1.1e-05
supposedly,ADV,5,C,7e-06,8e-06,8e-06,8e-06,8e-06,7e-06,7e-06
technically,ADV,5,C,6e-06,6e-06,6e-06,6e-06,6e-06,6e-06,6e-06
thankfully,ADV,5,C,2e-06,2e-06,2e-06,2e-06,2e-06,2e-06,2e-06
sparsely,ADV,6,C,1e-06,1e-06,1e-06,1e-06,1e-06,1e-06,1e-06
spiritually,ADV,6,C,4e-06,4e-06,4e-06,4e-06,4e-06,0.0,0.0
strategically,ADV,6,C,0.0,0.0,0.0,0.0,0.0,0.0,0.0
subconsciously,ADV,6,C,0.0,0.0,0.0,0.0,0.0,0.0,0.0
superficially,ADV,6,C,0.0,0.0,0.0,0.0,0.0,0.0,0.0
swiftly,ADV,6,C,0.0,0.0,0.0,0.0,0.0,0.0,0.0
systematically,ADV,6,C,0.0,0.0,0.0,0.0,0.0,0.0,0.0
theoretically,ADV,6,C,0.0,0.0,0.0,0.0,0.0,0.0,0.0
thoughtfully,ADV,6,C,0.0,0.0,0.0,0.0,0.0,0.0,0.0
strenuous,ADJ,6,C,0.0,0.0,0.0,0.0,0.0,0.0,0.0
superfluous,ADJ,6,C,0.0,0.0,0.0,0.0,0.0,0.0,0.0
synonymous,ADJ,6,C,0.0,0.0,0.0,0.0,0.0,0.0,0.0
shiny,ADJ,3,B,0.0,0.0,0.0,0.0,0.0,0.0,0.0
sleepy,ADJ,3,B,0.0,0.0,0.0,0.0,0.0,0.0,0.0
sticky,ADJ,3,B,0.0,0.0,0.0,0.0,0.0,0.0,0.0
tricky,ADJ,4,B,0.0,0.0,0.0,0.0,0.0,0.0,0.0
slippery,ADJ,5,C,0.0,0.0,0.0,0.0,0.0,0.0,0.0
smoky,ADJ,6,C,0.0,0.0,0.0,0.0,0.0,0.0,0.0
squeaky,ADJ,6,C,0.0,0.0,0.0,0.0,0.0,0.0,0.0
slow,ADJ,1,A,0.0,0.0,0.0,0.0,0.0,0.0,0.0
tall,ADJ,1,A,0.0,0.0,0.0,0.0,0.0,0.0,0.0
simple,ADJ,2,A,0.0,0.0,0.0,0.0,0.0,0.0,0.0
singular,ADJ,2,A,0.0,0.0,0.0,0.0,0.0,0.0,0.0
south,ADJ,2,A,0.0,0.0,0.0,0.0,0.0,0.0,0.0
strange,ADJ,2,A,0.0,0.0,0.0,0.0,0.0,0.0,0.0
sure,ADJ,2,A,0.0,0.0,0.0,0.0,0.0,0.0,0.0
tidy,ADJ,2,A,0.0,0.0,0.0,0.0,0.0,0.0,0.0
similar,ADJ,3,B,0.0,0.0,0.0,0.0,0.0,0.0,0.0
southeast,ADJ,3,B,0.0,0.0,0.0,0.0,0.0,0.0,0.0
southern,ADJ,3,B,0.0,0.0,0.0,0.0,0.0,0.0,0.0
southwest,ADJ,3,B,0.0,0.0,0.0,0.0,0.0,0.0,0.0
spare,ADJ,3,B,0.0,0.0,0.0,0.0,0.0,0.0,0.0
spectacular,ADJ,3,B,0.0,0.0,0.0,0.0,0.0,0.0,0.0
steep,ADJ,3,B,0.0,0.0,0.0,0.0,0.0,0.0,0.0
temporary,ADJ,3,B,0.0,0.0,0.0,0.0,0.0,0.0,0.0
top,ADJ,3,B,0.0,0.0,0.0,0.0,0.0,0.0,0.0
short-term,ADJ,4,B,0.0,0.0,0.0,0.0,0.0,0.0,0.0
significant,ADJ,4,B,0.0,0.0,0.0,0.0,0.0,0.0,0.0
solo,ADJ,4,B,0.0,0.0,0.0,0.0,0.0,0.0,0.0
steady,ADJ,4,B,0.0,0.0,0.0,0.0,0.0,0.0,0.0
straightforward,ADJ,4,B,0.0,0.0,0.0,0.0,0.0,0.0,0.0
stuck,ADJ,4,B,0.0,0.0,0.0,0.0,0.0,0.0,0.0
sudden,ADJ,4,B,0.0,0.0,0.0,0.0,0.0,0.0,0.0
thorough,ADJ,4,B,0.0,0.0,0.0,0.0,0.0,0.0,0.0
sheer,ADJ,5,C,0.0,0.0,0.0,0.0,0.0,0.0,0.0
sole,ADJ,5,C,0.0,0.0,0.0,0.0,0.0,0.0,0.0
subsequent,ADJ,5,C,0.0,0.0,0.0,0.0,0.0,0.0,0.0
through,ADJ,5,C,0.0,0.0,0.0,0.0,0.0,0.0,0.0
set,ADJ,6,C,0.0,0.0,0.0,0.0,0.0,0.0,0.0
shaken,ADJ,6,C,0.0,0.0,0.0,0.0,0.0,0.0,0.0
slender,ADJ,6,C,0.0,0.0,0.0,0.0,0.0,0.0,0.0
solitary,ADJ,6,C,0.0,0.0,0.0,0.0,0.0,0.0,0.0
subject,ADJ,6,C,0.0,0.0,0.0,0.0,0.0,0.0,0.0
subtle,ADJ,6,C,0.0,0.0,0.0,0.0,0.0,0.0,0.0
supplementary,ADJ,6,C,0.0,0.0,0.0,0.0,0.0,0.0,0.0
turbulent,ADJ,6,C,0.0,0.0,0.0,0.0,0.0,0.0,0.0
sometimes,ADV,1,A,0.0,0.0,0.0,0.0,0.0,0.0,0.0
then,ADV,1,A,0.0,0.0,0.0,0.0,0.0,0.0,0.0
there,ADV,1,A,0.0,0.0,0.0,0.0,0.0,0.0,0.0
today,ADV,1,A,0.0,0.0,0.0,0.0,0.0,0.0,0.0
tomorrow,ADV,1,A,0.0,0.0,0.0,0.0,0.0,0.0,0.0
tonight,ADV,1,A,0.0,0.0,0.0,0.0,0.0,0.0,0.0
too,ADV,1,A,0.0,0.0,0.0,0.0,0.0,0.0,0.0
somewhere,ADV,2,A,0.0,0.0,0.0,0.0,0.0,0.0,0.0
soon,ADV,2,A,0.0,0.0,0.0,0.0,0.0,0.0,0.0
south,ADV,2,A,0.0,0.0,0.0,0.0,0.0,0.0,0.0
still,ADV,2,A,0.0,0.0,0.0,0.0,0.0,0.0,0.0
straight,ADV,2,A,0.0,0.0,0.0,0.0,0.0,0.0,0.0
somehow,ADV,3,B,0.0,0.0,0.0,0.0,0.0,0.0,0.0
since,ADV,4,B,0.0,0.0,0.0,0.0,0.0,0.0,0.0
though,ADV,4,B,0.0,0.0,0.0,0.0,0.0,0.0,0.0
top,ADV,4,B,0.0,0.0,0.0,0.0,0.0,0.0,0.0
sharp,ADV,5,C,0.0,0.0,0.0,0.0,0.0,0.0,0.0
throughout,ADV,5,C,0.0,0.0,0.0,0.0,0.0,0.0,0.0
sideways,ADV,6,C,0.0,0.0,0.0,0.0,0.0,0.0,0.0
tear,NOUN,3,B,0.0,0.0,0.0,0.0,0.0,0.0,0.0
spread,NOUN,4,B,0.0,0.0,0.0,0.0,0.0,0.0,0.0
sin,NOUN,6,C,0.0,0.0,0.0,0.0,0.0,0.0,0.0
slap,NOUN,6,C,0.0,0.0,0.0,0.0,0.0,0.0,0.0
treat,NOUN,6,C,0.0,0.0,0.0,0.0,0.0,0.0,0.0
turmoil,NOUN,6,C,0.0,0.0,0.0,0.0,0.0,0.0,0.0
surge,VERB,5,C,0.0,0.0,0.0,0.0,0.0,0.0,0.0
survey,VERB,5,C,0.0,0.0,0.0,0.0,0.0,0.0,0.0
surrender,VERB,6,C,0.0,0.0,0.0,0.0,0.0,0.0,0.0
treasure,VERB,6,C,0.0,0.0,0.0,0.0,0.0,0.0,0.0
utter,VERB,6,C,0.0,0.0,0.0,0.0,0.0,0.0,0.0
undertake,VERB,5,C,0.0,0.0,0.0,0.0,0.0,0.0,0.0
unwind,VERB,5,C,0.0,0.0,0.0,0.0,0.0,0.0,0.0
workaholic,NOUN,6,C,0.0,0.0,0.0,0.0,0.0,0.0,0.0
violate,VERB,6,C,0.0,0.0,0.0,0.0,0.0,0.0,0.0
weep,VERB,6,C,0.0,0.0,0.0,0.0,0.0,0.0,0.0
unemployment,NOUN,3,B,0.0,0.0,0.0,0.0,0.0,0.0,0.0
unhappiness,NOUN,4,B,0.0,0.0,0.0,0.0,0.0,0.0,0.0
unwillingness,NOUN,5,C,0.0,0.0,0.0,0.0,0.0,0.0,0.0
undo,VERB,4,B,0.0,0.0,0.0,0.0,0.0,0.0,0.0
unlock,VERB,4,B,0.0,0.0,0.0,0.0,0.0,0.0,0.0
untie,VERB,4,B,0.0,0.0,0.0,0.0,0.0,0.0,0.0
unfold,VERB,5,C,0.0,0.0,0.0,0.0,0.0,0.0,0.0
unload,VERB,6,C,0.0,0.0,0.0,0.0,0.0,0.0,0.0
withdrawal,NOUN,6,C,0.0,0.0,0.0,0.0,0.0,0.0,0.0
viewer,NOUN,4,B,0.0,0.0,0.0,0.0,0.0,0.0,0.0
voter,NOUN,6,C,0.0,0.0,0.0,0.0,0.0,0.0,0.0
winner,NOUN,2,A,0.0,0.0,0.0,0.0,0.0,0.0,0.0
worker,NOUN,2,A,0.0,0.0,0.0,0.0,0.0,0.0,0.0
well-being,NOUN,5,C,0.0,0.0,0.0,0.0,0.0,0.0,0.0
writing,NOUN,1,A,0.0,0.0,0.0,0.0,0.0,0.0,0.0
warning,NOUN,3,B,0.0,0.0,0.0,0.0,0.0,0.0,0.0
walking,NOUN,2,A,0.0,0.0,0.0,0.0,0.0,0.0,0.0
understanding,NOUN,4,B,0.0,0.0,0.0,0.0,0.0,0.0,0.0
wedding,NOUN,3,B,0.0,0.0,0.0,0.0,0.0,0.0,0.0
windsurfing,NOUN,3,B,0.0,0.0,0.0,0.0,0.0,0.0,0.0
turning,NOUN,3,B,0.0,0.0,0.0,0.0,0.0,0.0,0.0
vocation,NOUN,6,C,0.0,0.0,0.0,0.0,0.0,0.0,0.0
vanity,NOUN,6,C,0.0,0.0,0.0,0.0,0.0,0.0,0.0
vitality,NOUN,6,C,0.0,0.0,0.0,0.0,0.0,0.0,0.0
willingness,NOUN,4,B,0.0,0.0,0.0,0.0,0.0,0.0,0.0
visitor,NOUN,2,A,0.0,0.0,0.0,0.0,0.0,0.0,0.0
zoo,NOUN,1,A,0.0,0.0,0.0,0.0,0.0,0.0,0.0
web,NOUN,3,B,0.0,0.0,0.0,0.0,0.0,0.0,0.0
whale,NOUN,3,B,0.0,0.0,0.0,0.0,0.0,0.0,0.0
wing,NOUN,3,B,0.0,0.0,0.0,0.0,0.0,0.0,0.0
wasp,NOUN,4,B,0.0,0.0,0.0,0.0,0.0,0.0,0.0
wolf,NOUN,4,B,0.0,0.0,0.0,0.0,0.0,0.0,0.0
worm,NOUN,4,B,0.0,0.0,0.0,0.0,0.0,0.0,0.0
zebra,NOUN,4,B,0.0,0.0,0.0,0.0,0.0,0.0,0.0
violin,NOUN,2,A,0.0,0.0,0.0,0.0,0.0,0.0,0.0
verse,NOUN,4,B,0.0,0.0,0.0,0.0,0.0,0.0,0.0
whistle,NOUN,4,B,0.0,0.0,0.0,0.0,0.0,0.0,0.0
work,NOUN,4,B,0.0,0.0,0.0,0.0,0.0,0.0,0.0
virus,NOUN,4,B,0.0,0.0,0.0,0.0,0.0,0.0,0.0
waist,NOUN,4,B,0.0,0.0,0.0,0.0,0.0,0.0,0.0
wound,NOUN,4,B,0.0,0.0,0.0,0.0,0.0,0.0,0.0
wrist,NOUN,4,B,0.0,0.0,0.0,0.0,0.0,0.0,0.0
X-ray,NOUN,4,B,0.0,0.0,0.0,0.0,0.0,0.0,0.0
vein,NOUN,5,C,0.0,0.0,0.0,0.0,0.0,0.0,0.0
wreck,NOUN,6,C,0.0,0.0,0.0,0.0,0.0,0.0,0.0
wrinkle,NOUN,6,C,0.0,0.0,0.0,0.0,0.0,0.0,0.0
welfare,NOUN,4,B,0.0,0.0,0.0,0.0,0.0,0.0,0.0
vaccine,NOUN,6,C,0.0,0.0,0.0,0.0,0.0,0.0,0.0
water,VERB,6,C,0.0,0.0,0.0,0.0,0.0,0.0,0.0
twist,VERB,5,C,0.0,0.0,0.0,0.0,0.0,0.0,0.0
vaccinate,VERB,6,C,0.0,0.0,0.0,0.0,0.0,0.0,0.0
vomit,VERB,6,C,0.0,0.0,0.0,0.0,0.0,0.0,0.0
watch,NOUN,1,A,0.0,0.0,0.0,0.0,0.0,0.0,0.0
umbrella,NOUN,2,A,0.0,0.0,0.0,0.0,0.0,0.0,0.0
zip,NOUN,4,B,0.0,0.0,0.0,0.0,0.0,0.0,0.0
veil,NOUN,5,C,0.0,0.0,0.0,0.0,0.0,0.0,0.0
vest,NOUN,5,C,0.0,0.0,0.0,0.0,0.0,0.0,0.0
underwear,NOUN,3,B,0.0,0.0,0.0,0.0,0.0,0.0,0.0
velvet,NOUN,6,C,0.0,0.0,0.0,0.0,0.0,0.0,0.0
underpants,NOUN,3,B,0.0,0.0,0.0,0.0,0.0,0.0,0.0
wardrobe,NOUN,5,C,0.0,0.0,0.0,0.0,0.0,0.0,0.0
wear,VERB,1,A,0.0,0.0,0.0,0.0,0.0,0.0,0.0
word,NOUN,1,A,0.0,0.0,0.0,0.0,0.0,0.0,0.0
verb,NOUN,2,A,0.0,0.0,0.0,0.0,0.0,0.0,0.0
vowel,NOUN,3,B,0.0,0.0,0.0,0.0,0.0,0.0,0.0
update,NOUN,4,B,0.0,0.0,0.0,0.0,0.0,0.0,0.0
use,NOUN,4,B,0.0,0.0,0.0,0.0,0.0,0.0,0.0
yell,NOUN,4,B,0.0,0.0,0.0,0.0,0.0,0.0,0.0
vocabulary,NOUN,2,A,0.0,0.0,0.0,0.0,0.0,0.0,0.0
welcome,NOUN,3,B,0.0,0.0,0.0,0.0,0.0,0.0,0.0
underline,VERB,3,B,0.0,0.0,0.0,0.0,0.0,0.0,0.0
warn,VERB,3,B,0.0,0.0,0.0,0.0,0.0,0.0,0.0
welcome,VERB,3,B,0.0,0.0,0.0,0.0,0.0,0.0,0.0
wonder,VERB,3,B,0.0,0.0,0.0,0.0,0.0,0.0,0.0
write,VERB,3,B,0.0,0.0,0.0,0.0,0.0,0.0,0.0
whisper,VERB,4,B,0.0,0.0,0.0,0.0,0.0,0.0,0.0
yell,VERB,4,B,0.0,0.0,0.0,0.0,0.0,0.0,0.0
volunteer,VERB,5,C,0.0,0.0,0.0,0.0,0.0,0.0,0.0
witness,NOUN,4,B,0.0,0.0,0.0,0.0,0.0,0.0,0.0
verdict,NOUN,6,C,0.0,0.0,0.0,0.0,0.0,0.0,0.0
yard,NOUN,3,B,0.0,0.0,0.0,0.0,0.0,0.0,0.0
volume,NOUN,4,B,0.0,0.0,0.0,0.0,0.0,0.0,0.0
weight,NOUN,4,B,0.0,0.0,0.0,0.0,0.0,0.0,0.0
yellow,NOUN,2,A,0.0,0.0,0.0,0.0,0.0,0.0,0.0
width,NOUN,4,B,0.0,0.0,0.0,0.0,0.0,0.0,0.0
worst,NOUN,3,B,0.0,0.0,0.0,0.0,0.0,0.0,0.0
university,NOUN,1,A,0.0,0.0,0.0,0.0,0.0,0.0,0.0
year,NOUN,2,A,0.0,0.0,0.0,0.0,0.0,0.0,0.0
workshop,NOUN,5,C,0.0,0.0,0.0,0.0,0.0,0.0,0.0
vegetable,NOUN,1,A,0.0,0.0,0.0,0.0,0.0,0.0,0.0
vegetarian,NOUN,3,B,0.0,0.0,0.0,0.0,0.0,0.0,0.0
vinegar,NOUN,4,B,0.0,0.0,0.0,0.0,0.0,0.0,0.0
yogurt,NOUN,2,A,0.0,0.0,0.0,0.0,0.0,0.0,0.0
wall,NOUN,1,A,0.0,0.0,0.0,0.0,0.0,0.0,0.0
window,NOUN,1,A,0.0,0.0,0.0,0.0,0.0,0.0,0.0
venue,NOUN,4,B,0.0,0.0,0.0,0.0,0.0,0.0,0.0
warehouse,NOUN,6,C,0.0,0.0,0.0,0.0,0.0,0.0,0.0
wallet,NOUN,2,A,0.0,0.0,0.0,0.0,0.0,0.0,0.0
will,NOUN,6,C,0.0,0.0,0.0,0.0,0.0,0.0,0.0
wealth,NOUN,4,B,0.0,0.0,0.0,0.0,0.0,0.0,0.0
turnover,NOUN,5,C,0.0,0.0,0.0,0.0,0.0,0.0,0.0
withdraw,VERB,5,C,0.0,0.0,0.0,0.0,0.0,0.0,0.0
village,NOUN,1,A,0.0,0.0,0.0,0.0,0.0,0.0,0.0
view,NOUN,2,A,0.0,0.0,0.0,0.0,0.0,0.0,0.0
wood,NOUN,2,A,0.0,0.0,0.0,0.0,0.0,0.0,0.0
valley,NOUN,3,B,0.0,0.0,0.0,0.0,0.0,0.0,0.0
waterfall,NOUN,3,B,0.0,0.0,0.0,0.0,0.0,0.0,0.0
wave,NOUN,3,B,0.0,0.0,0.0,0.0,0.0,0.0,0.0
volcano,NOUN,4,B,0.0,0.0,0.0,0.0,0.0,0.0,0.0
vine,NOUN,5,C,0.0,0.0,0.0,0.0,0.0,0.0,0.0
weed,NOUN,6,C,0.0,0.0,0.0,0.0,0.0,0.0,0.0
wilderness,NOUN,6,C,0.0,0.0,0.0,0.0,0.0,0.0,0.0
water,NOUN,1,A,0.0,0.0,0.0,0.0,0.0,0.0,0.0
weather,NOUN,1,A,0.0,0.0,0.0,0.0,0.0,0.0,0.0
warmth,NOUN,4,B,0.0,0.0,0.0,0.0,0.0,0.0,0.0
wind,NOUN,1,A,0.0,0.0,0.0,0.0,0.0,0.0,0.0
winter,NOUN,1,A,0.0,0.0,0.0,0.0,0.0,0.0,0.0
woodland,NOUN,6,C,0.0,0.0,0.0,0.0,0.0,0.0,0.0
world,NOUN,1,A,0.0,0.0,0.0,0.0,0.0,0.0,0.0
walk,NOUN,2,A,0.0,0.0,0.0,0.0,0.0,0.0,0.0
washing-up,NOUN,2,A,0.0,0.0,0.0,0.0,0.0,0.0,0.0
violence,NOUN,4,B,0.0,0.0,0.0,0.0,0.0,0.0,0.0
wait,NOUN,4,B,0.0,0.0,0.0,0.0,0.0,0.0,0.0
wait,VERB,1,A,0.0,0.0,0.0,0.0,0.0,0.0,0.0
wash,VERB,1,A,0.0,0.0,0.0,0.0,0.0,0.0,0.0
wander,VERB,4,B,0.0,0.0,0.0,0.0,0.0,0.0,0.0
yawn,VERB,4,B,0.0,0.0,0.0,0.0,0.0,0.0,0.0
wink,VERB,6,C,0.0,0.0,0.0,0.0,0.0,0.0,0.0
use,VERB,1,A,0.0,0.0,0.0,0.0,0.0,0.0,0.0
waste,VERB,3,B,0.0,0.0,0.0,0.0,0.0,0.0,0.0
wrap,VERB,3,B,0.0,0.0,0.0,0.0,0.0,0.0,0.0
update,VERB,4,B,0.0,0.0,0.0,0.0,0.0,0.0,0.0
upgrade,VERB,4,B,0.0,0.0,0.0,0.0,0.0,0.0,0.0
watch,VERB,4,B,0.0,0.0,0.0,0.0,0.0,0.0,0.0
wipe,VERB,4,B,0.0,0.0,0.0,0.0,0.0,0.0,0.0
wreck,VERB,6,C,0.0,0.0,0.0,0.0,0.0,0.0,0.0
visit,VERB,1,A,0.0,0.0,0.0,0.0,0.0,0.0,0.0
walk,VERB,1,A,0.0,0.0,0.0,0.0,0.0,0.0,0.0
wake,VERB,3,B,0.0,0.0,0.0,0.0,0.0,0.0,0.0
warm,VERB,4,B,0.0,0.0,0.0,0.0,0.0,0.0,0.0
whistle,VERB,4,B,0.0,0.0,0.0,0.0,0.0,0.0,0.0
widen,VERB,4,B,0.0,0.0,0.0,0.0,0.0,0.0,0.0
woman,NOUN,1,A,0.0,0.0,0.0,0.0,0.0,0.0,0.0
worry,NOUN,3,B,0.0,0.0,0.0,0.0,0.0,0.0,0.0
wish,NOUN,4,B,0.0,0.0,0.0,0.0,0.0,0.0,0.0
type,NOUN,5,C,0.0,0.0,0.0,0.0,0.0,0.0,0.0
wisdom,NOUN,4,B,0.0,0.0,0.0,0.0,0.0,0.0,0.0
wit,NOUN,5,C,0.0,0.0,0.0,0.0,0.0,0.0,0.0
willpower,NOUN,6,C,0.0,0.0,0.0,0.0,0.0,0.0,0.0
worry,VERB,2,A,0.0,0.0,0.0,0.0,0.0,0.0,0.0
want,VERB,1,A,0.0,0.0,0.0,0.0,0.0,0.0,0.0
wife,NOUN,1,A,0.0,0.0,0.0,0.0,0.0,0.0,0.0
uncle,NOUN,2,A,0.0,0.0,0.0,0.0,0.0,0.0,0.0
twin,NOUN,3,B,0.0,0.0,0.0,0.0,0.0,0.0,0.0
widow,NOUN,4,B,0.0,0.0,0.0,0.0,0.0,0.0,0.0
unit,NOUN,5,C,0.0,0.0,0.0,0.0,0.0,0.0,0.0
win,NOUN,5,C,0.0,0.0,0.0,0.0,0.0,0.0,0.0
volleyball,NOUN,2,A,0.0,0.0,0.0,0.0,0.0,0.0,0.0
yoga,NOUN,3,B,0.0,0.0,0.0,0.0,0.0,0.0,0.0
victory,NOUN,4,B,0.0,0.0,0.0,0.0,0.0,0.0,0.0
website,NOUN,1,A,0.0,0.0,0.0,0.0,0.0,0.0,0.0
webcam,NOUN,3,B,0.0,0.0,0.0,0.0,0.0,0.0,0.0
upgrade,NOUN,4,B,0.0,0.0,0.0,0.0,0.0,0.0,0.0
wire,NOUN,4,B,0.0,0.0,0.0,0.0,0.0,0.0,0.0
video,NOUN,2,A,0.0,0.0,0.0,0.0,0.0,0.0,0.0
work,VERB,2,A,0.0,0.0,0.0,0.0,0.0,0.0,0.0
tyre,NOUN,2,A,0.0,0.0,0.0,0.0,0.0,0.0,0.0
way,NOUN,2,A,0.0,0.0,0.0,0.0,0.0,0.0,0.0
van,NOUN,3,B,0.0,0.0,0.0,0.0,0.0,0.0,0.0
vehicle,NOUN,3,B,0.0,0.0,0.0,0.0,0.0,0.0,0.0
windscreen,NOUN,3,B,0.0,0.0,0.0,0.0,0.0,0.0,0.0
voyage,NOUN,4,B,0.0,0.0,0.0,0.0,0.0,0.0,0.0
yacht,NOUN,4,B,0.0,0.0,0.0,0.0,0.0,0.0,0.0
vacancy,NOUN,5,C,0.0,0.0,0.0,0.0,0.0,0.0,0.0
union,NOUN,3,B,0.0,0.0,0.0,0.0,0.0,0.0,0.0
workplace,NOUN,5,C,0.0,0.0,0.0,0.0,0.0,0.0,0.0
venture,NOUN,6,C,0.0,0.0,0.0,0.0,0.0,0.0,0.0
wine,NOUN,1,A,0.0,0.0,0.0,0.0,0.0,0.0,0.0
whisky,NOUN,4,B,0.0,0.0,0.0,0.0,0.0,0.0,0.0
uncertainty,NOUN,5,C,0.0,0.0,0.0,0.0,0.0,0.0,0.0
unrest,NOUN,6,C,0.0,0.0,0.0,0.0,0.0,0.0,0.0
uncover,VERB,5,C,0.0,0.0,0.0,0.0,0.0,0.0,0.0
undress,VERB,3,B,0.0,0.0,0.0,0.0,0.0,0.0,0.0
unpack,VERB,3,B,0.0,0.0,0.0,0.0,0.0,0.0,0.0
variable,NOUN,5,C,0.0,0.0,0.0,0.0,0.0,0.0,0.0
waiter,NOUN,1,A,0.0,0.0,0.0,0.0,0.0,0.0,0.0
user,NOUN,3,B,0.0,0.0,0.0,0.0,0.0,0.0,0.0
writer,NOUN,3,B,0.0,0.0,0.0,0.0,0.0,0.0,0.0
walker,NOUN,5,C,0.0,0.0,0.0,0.0,0.0,0.0,0.0
villager,NOUN,6,C,0.0,0.0,0.0,0.0,0.0,0.0,0.0
undertaking,NOUN,6,C,0.0,0.0,0.0,0.0,0.0,0.0,0.0
upbringing,NOUN,4,B,0.0,0.0,0.0,0.0,0.0,0.0,0.0
vision,NOUN,4,B,0.0,0.0,0.0,0.0,0.0,0.0,0.0
variation,NOUN,6,C,0.0,0.0,0.0,0.0,0.0,0.0,0.0
vegetation,NOUN,5,C,0.0,0.0,0.0,0.0,0.0,0.0,0.0
vandalism,NOUN,6,C,0.0,0.0,0.0,0.0,0.0,0.0,0.0
unity,NOUN,5,C,0.0,0.0,0.0,0.0,0.0,0.0,0.0
validity,NOUN,6,C,0.0,0.0,0.0,0.0,0.0,0.0,0.0
weakness,NOUN,4,B,0.0,0.0,0.0,0.0,0.0,0.0,0.0
usefulness,NOUN,5,C,0.0,0.0,0.0,0.0,0.0,0.0,0.0
tutor,NOUN,4,B,0.0,0.0,0.0,0.0,0.0,0.0,0.0
warrior,NOUN,5,C,0.0,0.0,0.0,0.0,0.0,0.0,0.0
waitress,NOUN,1,A,0.0,0.0,0.0,0.0,0.0,0.0,0.0
week,NOUN,1,A,0.0,0.0,0.0,0.0,0.0,0.0,0.0
weekend,NOUN,1,A,0.0,0.0,0.0,0.0,0.0,0.0,0.0
uniform,NOUN,2,A,0.0,0.0,0.0,0.0,0.0,0.0,0.0
weekday,NOUN,2,A,0.0,0.0,0.0,0.0,0.0,0.0,0.0
wheel,NOUN,2,A,0.0,0.0,0.0,0.0,0.0,0.0,0.0
turn,NOUN,3,B,0.0,0.0,0.0,0.0,0.0,0.0,0.0
vase,NOUN,3,B,0.0,0.0,0.0,0.0,0.0,0.0,0.0
vet,NOUN,3,B,0.0,0.0,0.0,0.0,0.0,0.0,0.0
visa,NOUN,3,B,0.0,0.0,0.0,0.0,0.0,0.0,0.0
visit,NOUN,3,B,0.0,0.0,0.0,0.0,0.0,0.0,0.0
voice,NOUN,3,B,0.0,0.0,0.0,0.0,0.0,0.0,0.0
vote,NOUN,3,B,0.0,0.0,0.0,0.0,0.0,0.0,0.0
wheelchair,NOUN,3,B,0.0,0.0,0.0,0.0,0.0,0.0,0.0
workout,NOUN,3,B,0.0,0.0,0.0,0.0,0.0,0.0,0.0
zone,NOUN,3,B,0.0,0.0,0.0,0.0,0.0,0.0,0.0
version,NOUN,4,B,0.0,0.0,0.0,0.0,0.0,0.0,0.0
victim,NOUN,4,B,0.0,0.0,0.0,0.0,0.0,0.0,0.0
vitamin,NOUN,4,B,0.0,0.0,0.0,0.0,0.0,0.0,0.0
volunteer,NOUN,4,B,0.0,0.0,0.0,0.0,0.0,0.0,0.0
ward,NOUN,4,B,0.0,0.0,0.0,0.0,0.0,0.0,0.0
twist,NOUN,5,C,0.0,0.0,0.0,0.0,0.0,0.0,0.0
viewpoint,NOUN,5,C,0.0,0.0,0.0,0.0,0.0,0.0,0.0
witch,NOUN,5,C,0.0,0.0,0.0,0.0,0.0,0.0,0.0
youngster,NOUN,5,C,0.0,0.0,0.0,0.0,0.0,0.0,0.0
urge,NOUN,6,C,0.0,0.0,0.0,0.0,0.0,0.0,0.0
veteran,NOUN,6,C,0.0,0.0,0.0,0.0,0.0,0.0,0.0
vice,NOUN,6,C,0.0,0.0,0.0,0.0,0.0,0.0,0.0
virgin,NOUN,6,C,0.0,0.0,0.0,0.0,0.0,0.0,0.0
virtue,NOUN,6,C,0.0,0.0,0.0,0.0,0.0,0.0,0.0
vow,NOUN,6,C,0.0,0.0,0.0,0.0,0.0,0.0,0.0
whim,NOUN,6,C,0.0,0.0,0.0,0.0,0.0,0.0,0.0
west,NOUN,2,A,0.0,0.0,0.0,0.0,0.0,0.0,0.0
wool,NOUN,2,A,0.0,0.0,0.0,0.0,0.0,0.0,0.0
value,NOUN,3,B,0.0,0.0,0.0,0.0,0.0,0.0,0.0
variety,NOUN,3,B,0.0,0.0,0.0,0.0,0.0,0.0,0.0
wildlife,NOUN,3,B,0.0,0.0,0.0,0.0,0.0,0.0,0.0
waste,NOUN,4,B,0.0,0.0,0.0,0.0,0.0,0.0,0.0
wheat,NOUN,4,B,0.0,0.0,0.0,0.0,0.0,0.0,0.0
usage,NOUN,5,C,0.0,0.0,0.0,0.0,0.0,0.0,0.0
worse,NOUN,5,C,0.0,0.0,0.0,0.0,0.0,0.0,0.0
upkeep,NOUN,6,C,0.0,0.0,0.0,0.0,0.0,0.0,0.0
worship,NOUN,6,C,0.0,0.0,0.0,0.0,0.0,0.0,0.0
wreckage,NOUN,6,C,0.0,0.0,0.0,0.0,0.0,0.0,0.0
xenophobia,NOUN,6,C,0.0,0.0,0.0,0.0,0.0,0.0,0.0
TV,NOUN,1,A,0.0,0.0,0.0,0.0,0.0,0.0,0.0
Wednesday,NOUN,1,A,0.0,0.0,0.0,0.0,0.0,0.0,0.0
white,NOUN,2,A,0.0,0.0,0.0,0.0,0.0,0.0,0.0
wage,NOUN,3,B,0.0,0.0,0.0,0.0,0.0,0.0,0.0
vanish,VERB,4,B,0.0,0.0,0.0,0.0,0.0,0.0,0.0
vary,VERB,4,B,0.0,0.0,0.0,0.0,0.0,0.0,0.0
win,VERB,2,A,0.0,0.0,0.0,0.0,0.0,0.0,0.0
upload,VERB,3,B,0.0,0.0,0.0,0.0,0.0,0.0,0.0
weigh,VERB,3,B,0.0,0.0,0.0,0.0,0.0,0.0,0.0
underestimate,VERB,4,B,0.0,0.0,0.0,0.0,0.0,0.0,0.0
upset,VERB,4,B,0.0,0.0,0.0,0.0,0.0,0.0,0.0
value,VERB,4,B,0.0,0.0,0.0,0.0,0.0,0.0,0.0
witness,VERB,4,B,0.0,0.0,0.0,0.0,0.0,0.0,0.0
undergo,VERB,5,C,0.0,0.0,0.0,0.0,0.0,0.0,0.0
verify,VERB,5,C,0.0,0.0,0.0,0.0,0.0,0.0,0.0
worship,VERB,5,C,0.0,0.0,0.0,0.0,0.0,0.0,0.0
undermine,VERB,6,C,0.0,0.0,0.0,0.0,0.0,0.0,0.0
uphold,VERB,6,C,0.0,0.0,0.0,0.0,0.0,0.0,0.0
urge,VERB,6,C,0.0,0.0,0.0,0.0,0.0,0.0,0.0
vow,VERB,6,C,0.0,0.0,0.0,0.0,0.0,0.0,0.0
wield,VERB,6,C,0.0,0.0,0.0,0.0,0.0,0.0,0.0
withstand,VERB,6,C,0.0,0.0,0.0,0.0,0.0,0.0,0.0
understand,VERB,1,A,0.0,0.0,0.0,0.0,0.0,0.0,0.0
type,VERB,3,B,0.0,0.0,0.0,0.0,0.0,0.0,0.0
vote,VERB,3,B,0.0,0.0,0.0,0.0,0.0,0.0,0.0
wave,VERB,3,B,0.0,0.0,0.0,0.0,0.0,0.0,0.0
unite,VERB,5,C,0.0,0.0,0.0,0.0,0.0,0.0,0.0
weaken,VERB,5,C,0.0,0.0,0.0,0.0,0.0,0.0,0.0
worsen,VERB,5,C,0.0,0.0,0.0,0.0,0.0,0.0,0.0
weapon,NOUN,4,B,0.0,0.0,0.0,0.0,0.0,0.0,0.0
war,NOUN,2,A,0.0,0.0,0.0,0.0,0.0,0.0,0.0
unwell,ADJ,3,B,0.0,0.0,0.0,0.0,0.0,0.0,0.0
yes,ADV,1,A,0.0,0.0,0.0,0.0,0.0,0.0,0.0
undesirable,ADJ,6,C,0.0,0.0,0.0,0.0,0.0,0.0,0.0
undue,ADJ,6,C,0.0,0.0,0.0,0.0,0.0,0.0,0.0
useless,ADJ,6,C,0.0,0.0,0.0,0.0,0.0,0.0,0.0
utmost,ADJ,5,C,0.0,0.0,0.0,0.0,0.0,0.0,0.0
worthy,ADJ,5,C,0.0,0.0,0.0,0.0,0.0,0.0,0.0
whereby,ADV,6,C,0.0,0.0,0.0,0.0,0.0,0.0,0.0
wretched,ADJ,6,C,0.0,0.0,0.0,0.0,0.0,0.0,0.0
uncomfortable,ADJ,3,B,0.0,0.0,0.0,0.0,0.0,0.0,0.0
unacceptable,ADJ,4,B,0.0,0.0,0.0,0.0,0.0,0.0,0.0
unaffordable,ADJ,5,C,0.0,0.0,0.0,0.0,0.0,0.0,0.0
unbelievable,ADJ,3,B,0.0,0.0,0.0,0.0,0.0,0.0,0.0
unreasonable,ADJ,4,B,0.0,0.0,0.0,0.0,0.0,0.0,0.0
unreliable,ADJ,4,B,0.0,0.0,0.0,0.0,0.0,0.0,0.0
unavailable,ADJ,4,B,0.0,0.0,0.0,0.0,0.0,0.0,0.0
unconventional,ADJ,5,C,0.0,0.0,0.0,0.0,0.0,0.0,0.0
unethical,ADJ,6,C,0.0,0.0,0.0,0.0,0.0,0.0,0.0
unbalanced,ADJ,6,C,0.0,0.0,0.0,0.0,0.0,0.0,0.0
undressed,ADJ,4,B,0.0,0.0,0.0,0.0,0.0,0.0,0.0
unlimited,ADJ,4,B,0.0,0.0,0.0,0.0,0.0,0.0,0.0
unspoiled,ADJ,5,C,0.0,0.0,0.0,0.0,0.0,0.0,0.0
unexpected,ADJ,3,B,0.0,0.0,0.0,0.0,0.0,0.0,0.0
uninterested,ADJ,3,B,0.0,0.0,0.0,0.0,0.0,0.0,0.0
unmarried,ADJ,5,C,0.0,0.0,0.0,0.0,0.0,0.0,0.0
unemployed,ADJ,3,B,0.0,0.0,0.0,0.0,0.0,0.0,0.0
unhelpful,ADJ,4,B,0.0,0.0,0.0,0.0,0.0,0.0,0.0
unrealistic,ADJ,4,B,0.0,0.0,0.0,0.0,0.0,0.0,0.0
uninteresting,ADJ,3,B,0.0,0.0,0.0,0.0,0.0,0.0,0.0
unfortunately,ADV,2,A,0.0,0.0,0.0,0.0,0.0,0.0,0.0
undoubtedly,ADV,4,B,0.0,0.0,0.0,0.0,0.0,0.0,0.0
unexpectedly,ADV,4,B,0.0,0.0,0.0,0.0,0.0,0.0,0.0
unreasonably,ADV,5,C,0.0,0.0,0.0,0.0,0.0,0.0,0.0
unwillingly,ADV,5,C,0.0,0.0,0.0,0.0,0.0,0.0,0.0
unconscious,ADJ,4,B,0.0,0.0,0.0,0.0,0.0,0.0,0.0
unscrupulous,ADJ,6,C,0.0,0.0,0.0,0.0,0.0,0.0,0.0
unhealthy,ADJ,3,B,0.0,0.0,0.0,0.0,0.0,0.0,0.0
unfit,ADJ,3,B,0.0,0.0,0.0,0.0,0.0,0.0,0.0
unimportant,ADJ,3,B,0.0,0.0,0.0,0.0,0.0,0.0,0.0
unpleasant,ADJ,3,B,0.0,0.0,0.0,0.0,0.0,0.0,0.0
unsatisfactory,ADJ,4,B,0.0,0.0,0.0,0.0,0.0,0.0,0.0
uneven,ADJ,6,C,0.0,0.0,0.0,0.0,0.0,0.0,0.0
unhappy,ADJ,2,A,0.0,0.0,0.0,0.0,0.0,0.0,0.0
unkind,ADJ,3,B,0.0,0.0,0.0,0.0,0.0,0.0,0.0
unaware,ADJ,4,B,0.0,0.0,0.0,0.0,0.0,0.0,0.0
uncertain,ADJ,4,B,0.0,0.0,0.0,0.0,0.0,0.0,0.0
uneasy,ADJ,4,B,0.0,0.0,0.0,0.0,0.0,0.0,0.0
unfortunate,ADJ,4,B,0.0,0.0,0.0,0.0,0.0,0.0,0.0
unpopular,ADJ,4,B,0.0,0.0,0.0,0.0,0.0,0.0,0.0
unsure,ADJ,4,B,0.0,0.0,0.0,0.0,0.0,0.0,0.0
unwise,ADJ,6,C,0.0,0.0,0.0,0.0,0.0,0.0,0.0
viable,ADJ,6,C,0.0,0.0,0.0,0.0,0.0,0.0,0.0
valuable,ADJ,3,B,0.0,0.0,0.0,0.0,0.0,0.0,0.0
virtual,ADJ,4,B,0.0,0.0,0.0,0.0,0.0,0.0,0.0
wrinkled,ADJ,6,C,0.0,0.0,0.0,0.0,0.0,0.0,0.0
twisted,ADJ,4,B,0.0,0.0,0.0,0.0,0.0,0.0,0.0
well-educated,ADJ,5,C,0.0,0.0,0.0,0.0,0.0,0.0,0.0
well-qualified,ADJ,5,C,0.0,0.0,0.0,0.0,0.0,0.0,0.0
well-balanced,ADJ,4,B,0.0,0.0,0.0,0.0,0.0,0.0,0.0
well-dressed,ADJ,3,B,0.0,0.0,0.0,0.0,0.0,0.0,0.0
worried,ADJ,2,A,0.0,0.0,0.0,0.0,0.0,0.0,0.0
united,ADJ,4,B,0.0,0.0,0.0,0.0,0.0,0.0,0.0
useful,ADJ,2,A,0.0,0.0,0.0,0.0,0.0,0.0,0.0
wonderful,ADJ,2,A,0.0,0.0,0.0,0.0,0.0,0.0,0.0
winding,ADJ,4,B,0.0,0.0,0.0,0.0,0.0,0.0,0.0
understanding,ADJ,4,B,0.0,0.0,0.0,0.0,0.0,0.0,0.0
worrying,ADJ,4,B,0.0,0.0,0.0,0.0,0.0,0.0,0.0
working,ADJ,3,B,0.0,0.0,0.0,0.0,0.0,0.0,0.0
vaccination,NOUN,6,C,0.0,0.0,0.0,0.0,0.0,0.0,0.0
virtually,ADV,4,B,0.0,0.0,0.0,0.0,0.0,0.0,0.0
violently,ADV,4,B,0.0,0.0,0.0,0.0,0.0,0.0,0.0
warmly,ADV,4,B,0.0,0.0,0.0,0.0,0.0,0.0,0.0
willingly,ADV,4,B,0.0,0.0,0.0,0.0,0.0,0.0,0.0
vivacious,ADJ,6,C,0.0,0.0,0.0,0.0,0.0,0.0,0.0
wealthy,ADJ,4,B,0.0,0.0,0.0,0.0,0.0,0.0,0.0
windy,ADJ,2,A,0.0,0.0,0.0,0.0,0.0,0.0,0.0
well,ADJ,1,A,0.0,0.0,0.0,0.0,0.0,0.0,0.0
warm,ADJ,2,A,0.0,0.0,0.0,0.0,0.0,0.0,0.0
written,ADJ,3,B,0.0,0.0,0.0,0.0,0.0,0.0,0.0
very,ADV,1,A,0.0,0.0,0.0,0.0,0.0,0.0,0.0
well,ADV,2,A,0.0,0.0,0.0,0.0,0.0,0.0,0.0
voice,VERB,6,C,0.0,0.0,0.0,0.0,0.0,0.0,0.0
white,ADJ,1,A,0.0,0.0,0.0,0.0,0.0,0.0,0.0
yellow,ADJ,1,A,0.0,0.0,0.0,0.0,0.0,0.0,0.0
whole,ADJ,2,A,0.0,0.0,0.0,0.0,0.0,0.0,0.0
wide,ADJ,2,A,0.0,0.0,0.0,0.0,0.0,0.0,0.0
worse,ADJ,2,A,0.0,0.0,0.0,0.0,0.0,0.0,0.0
worst,ADJ,2,A,0.0,0.0,0.0,0.0,0.0,0.0,0.0
upright,ADJ,4,B,0.0,0.0,0.0,0.0,0.0,0.0,0.0
vast,ADJ,4,B,0.0,0.0,0.0,0.0,0.0,0.0,0.0
vivid,ADJ,4,B,0.0,0.0,0.0,0.0,0.0,0.0,0.0
versatile,ADJ,6,C,0.0,0.0,0.0,0.0,0.0,0.0,0.0
underneath,ADV,4,B,0.0,0.0,0.0,0.0,0.0,0.0,0.0
vegetarian,ADJ,3,B,0.0,0.0,0.0,0.0,0.0,0.0,0.0
weak,ADJ,4,B,0.0,0.0,0.0,0.0,0.0,0.0,0.0
upstairs,ADJ,3,B,0.0,0.0,0.0,0.0,0.0,0.0,0.0
upstairs,ADV,2,A,0.0,0.0,0.0,0.0,0.0,0.0,0.0
well-off,ADJ,5,C,0.0,0.0,0.0,0.0,0.0,0.0,0.0
wet,ADJ,2,A,0.0,0.0,0.0,0.0,0.0,0.0,0.0
underground,ADJ,4,B,0.0,0.0,0.0,0.0,0.0,0.0,0.0
wild,ADJ,4,B,0.0,0.0,0.0,0.0,0.0,0.0,0.0
worldwide,ADJ,4,B,0.0,0.0,0.0,0.0,0.0,0.0,0.0
wash,NOUN,2,A,0.0,0.0,0.0,0.0,0.0,0.0,0.0
view,VERB,6,C,0.0,0.0,0.0,0.0,0.0,0.0,0.0
young,ADJ,1,A,0.0,0.0,0.0,0.0,0.0,0.0,0.0
well-built,ADJ,4,B,0.0,0.0,0.0,0.0,0.0,0.0,0.0
youth,NOUN,3,B,0.0,0.0,0.0,0.0,0.0,0.0,0.0
upset,ADJ,2,A,0.0,0.0,0.0,0.0,0.0,0.0,0.0
well-known,ADJ,2,A,0.0,0.0,0.0,0.0,0.0,0.0,0.0
welcome,ADJ,4,B,0.0,0.0,0.0,0.0,0.0,0.0,0.0
wise,ADJ,4,B,0.0,0.0,0.0,0.0,0.0,0.0,0.0
witty,ADJ,4,B,0.0,0.0,0.0,0.0,0.0,0.0,0.0
vain,ADJ,6,C,0.0,0.0,0.0,0.0,0.0,0.0,0.0
wary,ADJ,6,C,0.0,0.0,0.0,0.0,0.0,0.0,0.0
wicked,ADJ,6,C,0.0,0.0,0.0,0.0,0.0,0.0,0.0
willing,ADJ,6,C,0.0,0.0,0.0,0.0,0.0,0.0,0.0
withdrawn,ADJ,6,C,0.0,0.0,0.0,0.0,0.0,0.0,0.0
vacant,ADJ,4,B,0.0,0.0,0.0,0.0,0.0,0.0,0.0
workforce,NOUN,5,C,0.0,0.0,0.0,0.0,0.0,0.0,0.0
violent,ADJ,4,B,0.0,0.0,0.0,0.0,0.0,0.0,0.0
unforgettable,ADJ,3,B,0.0,0.0,0.0,0.0,0.0,0.0,0.0
unbearable,ADJ,4,B,0.0,0.0,0.0,0.0,0.0,0.0,0.0
unfashionable,ADJ,4,B,0.0,0.0,0.0,0.0,0.0,0.0,0.0
unpredictable,ADJ,4,B,0.0,0.0,0.0,0.0,0.0,0.0,0.0
unsuitable,ADJ,4,B,0.0,0.0,0.0,0.0,0.0,0.0,0.0
unavoidable,ADJ,5,C,0.0,0.0,0.0,0.0,0.0,0.0,0.0
undeniable,ADJ,5,C,0.0,0.0,0.0,0.0,0.0,0.0,0.0
unthinkable,ADJ,5,C,0.0,0.0,0.0,0.0,0.0,0.0,0.0
unattainable,ADJ,6,C,0.0,0.0,0.0,0.0,0.0,0.0,0.0
unfavourable,ADJ,6,C,0.0,0.0,0.0,0.0,0.0,0.0,0.0
unimaginable,ADJ,6,C,0.0,0.0,0.0,0.0,0.0,0.0,0.0
unsustainable,ADJ,6,C,0.0,0.0,0.0,0.0,0.0,0.0,0.0
unprofessional,ADJ,5,C,0.0,0.0,0.0,0.0,0.0,0.0,0.0
unconditional,ADJ,6,C,0.0,0.0,0.0,0.0,0.0,0.0,0.0
unchanged,ADJ,4,B,0.0,0.0,0.0,0.0,0.0,0.0,0.0
unjustified,ADJ,5,C,0.0,0.0,0.0,0.0,0.0,0.0,0.0
unnoticed,ADJ,5,C,0.0,0.0,0.0,0.0,0.0,0.0,0.0
unqualified,ADJ,5,C,0.0,0.0,0.0,0.0,0.0,0.0,0.0
unrelated,ADJ,5,C,0.0,0.0,0.0,0.0,0.0,0.0,0.0
unsolved,ADJ,5,C,0.0,0.0,0.0,0.0,0.0,0.0,0.0
untouched,ADJ,5,C,0.0,0.0,0.0,0.0,0.0,0.0,0.0
unwanted,ADJ,5,C,0.0,0.0,0.0,0.0,0.0,0.0,0.0
unaffected,ADJ,6,C,0.0,0.0,0.0,0.0,0.0,0.0,0.0
unbiased,ADJ,6,C,0.0,0.0,0.0,0.0,0.0,0.0,0.0
undeveloped,ADJ,6,C,0.0,0.0,0.0,0.0,0.0,0.0,0.0
undoubted,ADJ,6,C,0.0,0.0,0.0,0.0,0.0,0.0,0.0
uninhabited,ADJ,6,C,0.0,0.0,0.0,0.0,0.0,0.0,0.0
unprecedented,ADJ,6,C,0.0,0.0,0.0,0.0,0.0,0.0,0.0
unsuccessful,ADJ,4,B,0.0,0.0,0.0,0.0,0.0,0.0,0.0
uneventful,ADJ,6,C,0.0,0.0,0.0,0.0,0.0,0.0,0.0
unattractive,ADJ,4,B,0.0,0.0,0.0,0.0,0.0,0.0,0.0
unproductive,ADJ,5,C,0.0,0.0,0.0,0.0,0.0,0.0,0.0
unlikely,ADJ,3,B,0.0,0.0,0.0,0.0,0.0,0.0,0.0
unfairly,ADV,4,B,0.0,0.0,0.0,0.0,0.0,0.0,0.0
uncomfortably,ADV,5,C,0.0,0.0,0.0,0.0,0.0,0.0,0.0
unnecessarily,ADV,5,C,0.0,0.0,0.0,0.0,0.0,0.0,0.0
unquestionably,ADV,5,C,0.0,0.0,0.0,0.0,0.0,0.0,0.0
unsuccessfully,ADV,5,C,0.0,0.0,0.0,0.0,0.0,0.0,0.0
unavoidably,ADV,6,C,0.0,0.0,0.0,0.0,0.0,0.0,0.0
unconsciously,ADV,6,C,0.0,0.0,0.0,0.0,0.0,0.0,0.0
undeniably,ADV,6,C,0.0,0.0,0.0,0.0,0.0,0.0,0.0
unlucky,ADJ,3,B,0.0,0.0,0.0,0.0,0.0,0.0,0.0
unusual,ADJ,2,A,0.0,0.0,0.0,0.0,0.0,0.0,0.0
unfair,ADJ,3,B,0.0,0.0,0.0,0.0,0.0,0.0,0.0
unfriendly,ADJ,3,B,0.0,0.0,0.0,0.0,0.0,0.0,0.0
unknown,ADJ,3,B,0.0,0.0,0.0,0.0,0.0,0.0,0.0
unnecessary,ADJ,3,B,0.0,0.0,0.0,0.0,0.0,0.0,0.0
untidy,ADJ,3,B,0.0,0.0,0.0,0.0,0.0,0.0,0.0
unclear,ADJ,4,B,0.0,0.0,0.0,0.0,0.0,0.0,0.0
unfamiliar,ADJ,4,B,0.0,0.0,0.0,0.0,0.0,0.0,0.0
unnatural,ADJ,4,B,0.0,0.0,0.0,0.0,0.0,0.0,0.0
unwilling,ADJ,4,B,0.0,0.0,0.0,0.0,0.0,0.0,0.0
uncommon,ADJ,5,C,0.0,0.0,0.0,0.0,0.0,0.0,0.0
unforeseen,ADJ,5,C,0.0,0.0,0.0,0.0,0.0,0.0,0.0
unpaid,ADJ,5,C,0.0,0.0,0.0,0.0,0.0,0.0,0.0
unreal,ADJ,5,C,0.0,0.0,0.0,0.0,0.0,0.0,0.0
unsafe,ADJ,5,C,0.0,0.0,0.0,0.0,0.0,0.0,0.0
untrue,ADJ,5,C,0.0,0.0,0.0,0.0,0.0,0.0,0.0
understandable,ADJ,4,B,0.0,0.0,0.0,0.0,0.0,0.0,0.0
variable,ADJ,5,C,0.0,0.0,0.0,0.0,0.0,0.0,0.0
vulnerable,ADJ,6,C,0.0,0.0,0.0,0.0,0.0,0.0,0.0
typical,ADJ,3,B,0.0,0.0,0.0,0.0,0.0,0.0,0.0
usual,ADJ,3,B,0.0,0.0,0.0,0.0,0.0,0.0,0.0
universal,ADJ,4,B,0.0,0.0,0.0,0.0,0.0,0.0,0.0
visual,ADJ,4,B,0.0,0.0,0.0,0.0,0.0,0.0,0.0
vertical,ADJ,5,C,0.0,0.0,0.0,0.0,0.0,0.0,0.0
verbal,ADJ,6,C,0.0,0.0,0.0,0.0,0.0,0.0,0.0
vocational,ADJ,6,C,0.0,0.0,0.0,0.0,0.0,0.0,0.0
varied,ADJ,4,B,0.0,0.0,0.0,0.0,0.0,0.0,0.0
well-organized,ADJ,4,B,0.0,0.0,0.0,0.0,0.0,0.0,0.0
well-equipped,ADJ,5,C,0.0,0.0,0.0,0.0,0.0,0.0,0.0
well-informed,ADJ,5,C,0.0,0.0,0.0,0.0,0.0,0.0,0.0
underdeveloped,ADJ,6,C,0.0,0.0,0.0,0.0,0.0,0.0,0.0
visible,ADJ,4,B,0.0,0.0,0.0,0.0,0.0,0.0,0.0
upcoming,ADJ,5,C,0.0,0.0,0.0,0.0,0.0,0.0,0.0
underlying,ADJ,6,C,0.0,0.0,0.0,0.0,0.0,0.0,0.0
worthless,ADJ,5,C,0.0,0.0,0.0,0.0,0.0,0.0,0.0
weekly,ADJ,2,A,0.0,0.0,0.0,0.0,0.0,0.0,0.0
usually,ADV,2,A,0.0,0.0,0.0,0.0,0.0,0.0,0.0
typically,ADV,3,B,0.0,0.0,0.0,0.0,0.0,0.0,0.0
urgently,ADV,3,B,0.0,0.0,0.0,0.0,0.0,0.0,0.0
vividly,ADV,4,B,0.0,0.0,0.0,0.0,0.0,0.0,0.0
widely,ADV,4,B,0.0,0.0,0.0,0.0,0.0,0.0,0.0
wildly,ADV,4,B,0.0,0.0,0.0,0.0,0.0,0.0,0.0
wrongly,ADV,4,B,0.0,0.0,0.0,0.0,0.0,0.0,0.0
ultimately,ADV,5,C,0.0,0.0,0.0,0.0,0.0,0.0,0.0
understandably,ADV,5,C,0.0,0.0,0.0,0.0,0.0,0.0,0.0
universally,ADV,5,C,0.0,0.0,0.0,0.0,0.0,0.0,0.0
utterly,ADV,5,C,0.0,0.0,0.0,0.0,0.0,0.0,0.0
wisely,ADV,5,C,0.0,0.0,0.0,0.0,0.0,0.0,0.0
unanimously,ADV,6,C,0.0,0.0,0.0,0.0,0.0,0.0,0.0
vaguely,ADV,6,C,0.0,0.0,0.0,0.0,0.0,0.0,0.0
visibly,ADV,6,C,0.0,0.0,0.0,0.0,0.0,0.0,0.0
vitally,ADV,6,C,0.0,0.0,0.0,0.0,0.0,0.0,0.0
voluntarily,ADV,6,C,0.0,0.0,0.0,0.0,0.0,0.0,0.0
wholeheartedly,ADV,6,C,0.0,0.0,0.0,0.0,0.0,0.0,0.0
wholly,ADV,6,C,0.0,0.0,0.0,0.0,0.0,0.0,0.0
various,ADJ,2,A,0.0,0.0,0.0,0.0,0.0,0.0,0.0
unanimous,ADJ,6,C,0.0,0.0,0.0,0.0,0.0,0.0,0.0
vicious,ADJ,6,C,0.0,0.0,0.0,0.0,0.0,0.0,0.0
wrong,ADJ,1,A,0.0,0.0,0.0,0.0,0.0,0.0,0.0
west,ADJ,2,A,0.0,0.0,0.0,0.0,0.0,0.0,0.0
wooden,ADJ,2,A,0.0,0.0,0.0,0.0,0.0,0.0,0.0
upper,ADJ,3,B,0.0,0.0,0.0,0.0,0.0,0.0,0.0
up-to-date,ADJ,3,B,0.0,0.0,0.0,0.0,0.0,0.0,0.0
urgent,ADJ,3,B,0.0,0.0,0.0,0.0,0.0,0.0,0.0
waste,ADJ,3,B,0.0,0.0,0.0,0.0,0.0,0.0,0.0
western,ADJ,3,B,0.0,0.0,0.0,0.0,0.0,0.0,0.0
ultimate,ADJ,4,B,0.0,0.0,0.0,0.0,0.0,0.0,0.0
underwater,ADJ,4,B,0.0,0.0,0.0,0.0,0.0,0.0,0.0
unique,ADJ,4,B,0.0,0.0,0.0,0.0,0.0,0.0,0.0
urban,ADJ,4,B,0.0,0.0,0.0,0.0,0.0,0.0,0.0
valid,ADJ,4,B,0.0,0.0,0.0,0.0,0.0,0.0,0.0
vital,ADJ,4,B,0.0,0.0,0.0,0.0,0.0,0.0,0.0
waterproof,ADJ,4,B,0.0,0.0,0.0,0.0,0.0,0.0,0.0
weird,ADJ,4,B,0.0,0.0,0.0,0.0,0.0,0.0,0.0
well-paid,ADJ,4,B,0.0,0.0,0.0,0.0,0.0,0.0,0.0
worthwhile,ADJ,4,B,0.0,0.0,0.0,0.0,0.0,0.0,0.0
underpaid,ADJ,5,C,0.0,0.0,0.0,0.0,0.0,0.0,0.0
upper-class,ADJ,5,C,0.0,0.0,0.0,0.0,0.0,0.0,0.0
upward,ADJ,5,C,0.0,0.0,0.0,0.0,0.0,0.0,0.0
vague,ADJ,5,C,0.0,0.0,0.0,0.0,0.0,0.0,0.0
voluntary,ADJ,5,C,0.0,0.0,0.0,0.0,0.0,0.0,0.0
widespread,ADJ,5,C,0.0,0.0,0.0,0.0,0.0,0.0,0.0
working-class,ADJ,5,C,0.0,0.0,0.0,0.0,0.0,0.0,0.0
underway,ADJ,6,C,0.0,0.0,0.0,0.0,0.0,0.0,0.0
utter,ADJ,6,C,0.0,0.0,0.0,0.0,0.0,0.0,0.0
very,ADJ,6,C,0.0,0.0,0.0,0.0,0.0,0.0,0.0
virgin,ADJ,6,C,0.0,0.0,0.0,0.0,0.0,0.0,0.0
weary,ADJ,6,C,0.0,0.0,0.0,0.0,0.0,0.0,0.0
would-be,ADJ,6,C,0.0,0.0,0.0,0.0,0.0,0.0,0.0
up,ADV,1,A,0.0,0.0,0.0,0.0,0.0,0.0,0.0
when,ADV,1,A,0.0,0.0,0.0,0.0,0.0,0.0,0.0
where,ADV,1,A,0.0,0.0,0.0,0.0,0.0,0.0,0.0
why,ADV,1,A,0.0,0.0,0.0,0.0,0.0,0.0,0.0
yesterday,ADV,1,A,0.0,0.0,0.0,0.0,0.0,0.0,0.0
twice,ADV,2,A,0.0,0.0,0.0,0.0,0.0,0.0,0.0
west,ADV,2,A,0.0,0.0,0.0,0.0,0.0,0.0,0.0
wrong,ADV,2,A,0.0,0.0,0.0,0.0,0.0,0.0,0.0
yet,ADV,2,A,0.0,0.0,0.0,0.0,0.0,0.0,0.0
worse,ADV,3,B,0.0,0.0,0.0,0.0,0.0,0.0,0.0
wide,ADV,4,B,0.0,0.0,0.0,0.0,0.0,0.0,0.0
worst,ADV,4,B,0.0,0.0,0.0,0.0,0.0,0.0,0.0
upwards,ADV,5,C,0.0,0.0,0.0,0.0,0.0,0.0,0.0
uphill,ADV,6,C,0.0,0.0,0.0,0.0,0.0,0.0,0.0
whenever,ADV,6,C,0.0,0.0,0.0,0.0,0.0,0.0,0.0
whereabouts,ADV,6,C,0.0,0.0,0.0,0.0,0.0,0.0,0.0
whole,ADV,6,C,0.0,0.0,0.0,0.0,0.0,0.0,0.0
wound,VERB,4,B,0.0,0.0,0.0,0.0,0.0,0.0,0.0
yield,VERB,6,C,0.0,0.0,0.0,0.0,0.0,0.0,0.0
bye,EXC,1,A,0.0,0.0,0.0,0.0,0.0,0.0,0.0
Cheers!,EXC,3,B,0.0,0.0,0.0,0.0,0.0,0.0,0.0
amongst,ADP,4,B,0.0,0.0,0.0,0.0,0.0,0.0,0.0
beyond,ADP,5,C,0.0,0.0,0.0,0.0,0.0,0.0,0.0
all,DET,1,A,0.0,0.0,0.0,0.0,0.0,0.0,0.0
alright,EXC,1,A,0.0,0.0,0.0,0.0,0.0,0.0,0.0
can,MVB,1,A,0.0,0.0,0.0,0.0,0.0,0.0,0.0
about,ADP,1,A,0.0,0.0,0.0,0.0,0.0,0.0,0.0
at,ADP,2,A,0.0,0.0,0.0,0.0,0.0,0.0,0.0
against,ADP,4,B,0.0,0.0,0.0,0.0,0.0,0.0,0.0
any,DET,1,A,0.0,0.0,0.0,0.0,0.0,0.0,0.0
another,DET,2,A,0.0,0.0,0.0,0.0,0.0,0.0,0.0
behind,ADP,1,A,0.0,0.0,0.0,0.0,0.0,0.0,0.0
between,ADP,1,A,0.0,0.0,0.0,0.0,0.0,0.0,0.0
across,ADP,2,A,0.0,0.0,0.0,0.0,0.0,0.0,0.0
after,ADP,2,A,0.0,0.0,0.0,0.0,0.0,0.0,0.0
around,ADP,2,A,0.0,0.0,0.0,0.0,0.0,0.0,0.0
before,ADP,2,A,0.0,0.0,0.0,0.0,0.0,0.0,0.0
beside,ADP,2,A,0.0,0.0,0.0,0.0,0.0,0.0,0.0
along,ADP,3,B,0.0,0.0,0.0,0.0,0.0,0.0,0.0
among,ADP,3,B,0.0,0.0,0.0,0.0,0.0,0.0,0.0
by,ADP,3,B,0.0,0.0,0.0,0.0,0.0,0.0,0.0
beneath,ADP,4,B,0.0,0.0,0.0,0.0,0.0,0.0,0.0
be,AVB,2,A,0.0,0.0,0.0,0.0,0.0,0.0,0.0
a,DET,1,A,0.0,0.0,0.0,0.0,0.0,0.0,0.0
an,DET,1,A,0.0,0.0,0.0,0.0,0.0,0.0,0.0
both,DET,1,A,0.0,0.0,0.0,0.0,0.0,0.0,0.0
cannot,MVB,1,A,0.0,0.0,0.0,0.0,0.0,0.0,0.0
besides,ADP,3,B,0.0,0.0,0.0,0.0,0.0,0.0,0.0
but,ADP,3,B,0.0,0.0,0.0,0.0,0.0,0.0,0.0
amid,ADP,5,C,0.0,0.0,0.0,0.0,0.0,0.0,0.0
anything,PRONOUN,1,A,0.0,0.0,0.0,0.0,0.0,0.0,0.0
anybody,PRONOUN,2,A,0.0,0.0,0.0,0.0,0.0,0.0,0.0
anyone,PRONOUN,2,A,0.0,0.0,0.0,0.0,0.0,0.0,0.0
cool,EXC,2,A,0.0,0.0,0.0,0.0,0.0,0.0,0.0
concerning,ADP,4,B,0.0,0.0,0.0,0.0,0.0,0.0,0.0
damn,EXC,3,B,0.0,0.0,0.0,0.0,0.0,0.0,0.0
considering,ADP,4,B,0.0,0.0,0.0,0.0,0.0,0.0,0.0
do,AVB,4,B,0.0,0.0,0.0,0.0,0.0,0.0,0.0
could,MVB,2,A,0.0,0.0,0.0,0.0,0.0,0.0,0.0
despite,ADP,3,B,0.0,0.0,0.0,0.0,0.0,0.0,0.0
every,DET,1,A,0.0,0.0,0.0,0.0,0.0,0.0,0.0
enough,DET,2,A,0.0,0.0,0.0,0.0,0.0,0.0,0.0
double,DET,3,B,0.0,0.0,0.0,0.0,0.0,0.0,0.0
down,ADP,2,A,0.0,0.0,0.0,0.0,0.0,0.0,0.0
everything,PRONOUN,2,A,0.0,0.0,0.0,0.0,0.0,0.0,0.0
each,DET,1,A,0.0,0.0,0.0,0.0,0.0,0.0,0.0
congratulations,EXC,2,A,0.0,0.0,0.0,0.0,0.0,0.0,0.0
during,ADP,2,A,0.0,0.0,0.0,0.0,0.0,0.0,0.0
except,ADP,2,A,0.0,0.0,0.0,0.0,0.0,0.0,0.0
each,PRONOUN,1,A,0.0,0.0,0.0,0.0,0.0,0.0,0.0
everybody,PRONOUN,2,A,0.0,0.0,0.0,0.0,0.0,0.0,0.0
everyone,PRONOUN,2,A,0.0,0.0,0.0,0.0,0.0,0.0,0.0
either,PRONOUN,3,B,0.0,0.0,0.0,0.0,0.0,0.0,0.0
goodbye,EXC,1,A,0.0,0.0,0.0,0.0,0.0,0.0,0.0
hi,EXC,1,A,0.0,0.0,0.0,0.0,0.0,0.0,0.0
hey,EXC,2,A,0.0,0.0,0.0,0.0,0.0,0.0,0.0
in,ADP,3,B,0.0,0.0,0.0,0.0,0.0,0.0,0.0
hello,EXC,1,A,0.0,0.0,0.0,0.0,0.0,0.0,0.0
for,ADP,2,A,0.0,0.0,0.0,0.0,0.0,0.0,0.0
few,DET,3,B,0.0,0.0,0.0,0.0,0.0,0.0,0.0
from,ADP,1,A,0.0,0.0,0.0,0.0,0.0,0.0,0.0
inside,ADP,1,A,0.0,0.0,0.0,0.0,0.0,0.0,0.0
into,ADP,1,A,0.0,0.0,0.0,0.0,0.0,0.0,0.0
including,ADP,2,A,0.0,0.0,0.0,0.0,0.0,0.0,0.0
following,ADP,4,B,0.0,0.0,0.0,0.0,0.0,0.0,0.0
have,AVB,2,A,0.0,0.0,0.0,0.0,0.0,0.0,0.0
her,DET,1,A,0.0,0.0,0.0,0.0,0.0,0.0,0.0
his,DET,1,A,0.0,0.0,0.0,0.0,0.0,0.0,0.0
he,PRONOUN,1,A,0.0,0.0,0.0,0.0,0.0,0.0,0.0
her,PRONOUN,1,A,0.0,0.0,0.0,0.0,0.0,0.0,0.0
him,PRONOUN,1,A,0.0,0.0,0.0,0.0,0.0,0.0,0.0
I,PRONOUN,1,A,0.0,0.0,0.0,0.0,0.0,0.0,0.0
it,PRONOUN,1,A,0.0,0.0,0.0,0.0,0.0,0.0,0.0
hers,PRONOUN,2,A,0.0,0.0,0.0,0.0,0.0,0.0,0.0
herself,PRONOUN,2,A,0.0,0.0,0.0,0.0,0.0,0.0,0.0
himself,PRONOUN,2,A,0.0,0.0,0.0,0.0,0.0,0.0,0.0
his,PRONOUN,2,A,0.0,0.0,0.0,0.0,0.0,0.0,0.0
may,MVB,3,B,0.0,0.0,0.0,0.0,0.0,0.0,0.0
OK,EXC,1,A,0.0,0.0,0.0,0.0,0.0,0.0,0.0
much,DET,5,C,0.0,0.0,0.0,0.0,0.0,0.0,0.0
one,PRONOUN,5,C,0.0,0.0,0.0,0.0,0.0,0.0,0.0
oneself,PRONOUN,5,C,0.0,0.0,0.0,0.0,0.0,0.0,0.0
on,ADP,2,A,0.0,0.0,0.0,0.0,0.0,0.0,0.0
no,DET,2,A,0.0,0.0,0.0,0.0,0.0,0.0,0.0
oh,EXC,1,A,0.0,0.0,0.0,0.0,0.0,0.0,0.0
itself,PRONOUN,3,B,0.0,0.0,0.0,0.0,0.0,0.0,0.0
many,DET,1,A,0.0,0.0,0.0,0.0,0.0,0.0,0.0
more,DET,1,A,0.0,0.0,0.0,0.0,0.0,0.0,0.0
other,DET,1,A,0.0,0.0,0.0,0.0,0.0,0.0,0.0
less,DET,2,A,0.0,0.0,0.0,0.0,0.0,0.0,0.0
most,DET,2,A,0.0,0.0,0.0,0.0,0.0,0.0,0.0
little,DET,3,B,0.0,0.0,0.0,0.0,0.0,0.0,0.0
least,DET,4,B,0.0,0.0,0.0,0.0,0.0,0.0,0.0
near,ADP,1,A,0.0,0.0,0.0,0.0,0.0,0.0,0.0
of,ADP,1,A,0.0,0.0,0.0,0.0,0.0,0.0,0.0
opposite,ADP,2,A,0.0,0.0,0.0,0.0,0.0,0.0,0.0
outside,ADP,2,A,0.0,0.0,0.0,0.0,0.0,0.0,0.0
over,ADP,2,A,0.0,0.0,0.0,0.0,0.0,0.0,0.0
less,PRONOUN,2,A,0.0,0.0,0.0,0.0,0.0,0.0,0.0
most,PRONOUN,2,A,0.0,0.0,0.0,0.0,0.0,0.0,0.0
nothing,PRONOUN,2,A,0.0,0.0,0.0,0.0,0.0,0.0,0.0
other,PRONOUN,2,A,0.0,0.0,0.0,0.0,0.0,0.0,0.0
little,PRONOUN,3,B,0.0,0.0,0.0,0.0,0.0,0.0,0.0
none,PRONOUN,3,B,0.0,0.0,0.0,0.0,0.0,0.0,0.0
its,DET,1,A,0.0,0.0,0.0,0.0,0.0,0.0,0.0
my,DET,1,A,0.0,0.0,0.0,0.0,0.0,0.0,0.0
our,DET,1,A,0.0,0.0,0.0,0.0,0.0,0.0,0.0
one,DET,2,A,0.0,0.0,0.0,0.0,0.0,0.0,0.0
might,MVB,2,A,0.0,0.0,0.0,0.0,0.0,0.0,0.0
must,MVB,2,A,0.0,0.0,0.0,0.0,0.0,0.0,0.0
like,ADP,2,A,0.0,0.0,0.0,0.0,0.0,0.0,0.0
minus,ADP,2,A,0.0,0.0,0.0,0.0,0.0,0.0,0.0
off,ADP,3,B,0.0,0.0,0.0,0.0,0.0,0.0,0.0
onto,ADP,3,B,0.0,0.0,0.0,0.0,0.0,0.0,0.0
me,PRONOUN,1,A,0.0,0.0,0.0,0.0,0.0,0.0,0.0
mine,PRONOUN,2,A,0.0,0.0,0.0,0.0,0.0,0.0,0.0
myself,PRONOUN,2,A,0.0,0.0,0.0,0.0,0.0,0.0,0.0
nobody,PRONOUN,2,A,0.0,0.0,0.0,0.0,0.0,0.0,0.0
ours,PRONOUN,2,A,0.0,0.0,0.0,0.0,0.0,0.0,0.0
ourselves,PRONOUN,2,A,0.0,0.0,0.0,0.0,0.0,0.0,0.0
least,PRONOUN,4,B,0.0,0.0,0.0,0.0,0.0,0.0,0.0
neither,PRONOUN,4,B,0.0,0.0,0.0,0.0,0.0,0.0,0.0
next,PRONOUN,4,B,0.0,0.0,0.0,0.0,0.0,0.0,0.0
regarding,ADP,3,B,0.0,0.0,0.0,0.0,0.0,0.0,0.0
right,EXC,2,A,0.0,0.0,0.0,0.0,0.0,0.0,0.0
please,EXC,1,A,0.0,0.0,0.0,0.0,0.0,0.0,0.0
pardon,EXC,2,A,0.0,0.0,0.0,0.0,0.0,0.0,0.0
past,ADP,2,A,0.0,0.0,0.0,0.0,0.0,0.0,0.0
round,ADP,2,A,0.0,0.0,0.0,0.0,0.0,0.0,0.0
plenty,PRONOUN,3,B,0.0,0.0,0.0,0.0,0.0,0.0,0.0
per,ADP,2,A,0.0,0.0,0.0,0.0,0.0,0.0,0.0
plus,ADP,2,A,0.0,0.0,0.0,0.0,0.0,0.0,0.0
thanks,EXC,1,A,0.0,0.0,0.0,0.0,0.0,0.0,0.0
shall,MVB,2,A,0.0,0.0,0.0,0.0,0.0,0.0,0.0
to,ADP,2,A,0.0,0.0,0.0,0.0,0.0,0.0,0.0
towards,ADP,4,B,0.0,0.0,0.0,0.0,0.0,0.0,0.0
some,DET,1,A,0.0,0.0,0.0,0.0,0.0,0.0,0.0
several,DET,2,A,0.0,0.0,0.0,0.0,0.0,0.0,0.0
through,ADP,2,A,0.0,0.0,0.0,0.0,0.0,0.0,0.0
throughout,ADP,5,C,0.0,0.0,0.0,0.0,0.0,0.0,0.0
some,PRONOUN,1,A,0.0,0.0,0.0,0.0,0.0,0.0,0.0
something,PRONOUN,1,A,0.0,0.0,0.0,0.0,0.0,0.0,0.0
that,DET,1,A,0.0,0.0,0.0,0.0,0.0,0.0,0.0
the,DET,1,A,0.0,0.0,0.0,0.0,0.0,0.0,0.0
their,DET,1,A,0.0,0.0,0.0,0.0,0.0,0.0,0.0
these,DET,1,A,0.0,0.0,0.0,0.0,0.0,0.0,0.0
this,DET,1,A,0.0,0.0,0.0,0.0,0.0,0.0,0.0
those,DET,1,A,0.0,0.0,0.0,0.0,0.0,0.0,0.0
such,DET,4,B,0.0,0.0,0.0,0.0,0.0,0.0,0.0
should,MVB,2,A,0.0,0.0,0.0,0.0,0.0,0.0,0.0
than,ADP,1,A,0.0,0.0,0.0,0.0,0.0,0.0,0.0
since,ADP,2,A,0.0,0.0,0.0,0.0,0.0,0.0,0.0
till,ADP,2,A,0.0,0.0,0.0,0.0,0.0,0.0,0.0
times,ADP,4,B,0.0,0.0,0.0,0.0,0.0,0.0,0.0
she,PRONOUN,1,A,0.0,0.0,0.0,0.0,0.0,0.0,0.0
that,PRONOUN,1,A,0.0,0.0,0.0,0.0,0.0,0.0,0.0
them,PRONOUN,1,A,0.0,0.0,0.0,0.0,0.0,0.0,0.0
they,PRONOUN,1,A,0.0,0.0,0.0,0.0,0.0,0.0,0.0
somebody,PRONOUN,2,A,0.0,0.0,0.0,0.0,0.0,0.0,0.0
someone,PRONOUN,2,A,0.0,0.0,0.0,0.0,0.0,0.0,0.0
theirs,PRONOUN,2,A,0.0,0.0,0.0,0.0,0.0,0.0,0.0
themselves,PRONOUN,2,A,0.0,0.0,0.0,0.0,0.0,0.0,0.0
this,PRONOUN,2,A,0.0,0.0,0.0,0.0,0.0,0.0,0.0
such,PRONOUN,6,C,0.0,0.0,0.0,0.0,0.0,0.0,0.0
wow,EXC,2,A,0.0,0.0,0.0,0.0,0.0,0.0,0.0
yeah,EXC,2,A,0.0,0.0,0.0,0.0,0.0,0.0,0.0
upon,ADP,4,B,0.0,0.0,0.0,0.0,0.0,0.0,0.0
whom,PRONOUN,4,B,0.0,0.0,0.0,0.0,0.0,0.0,0.0
well,EXC,1,A,0.0,0.0,0.0,0.0,0.0,0.0,0.0
welcome,EXC,2,A,0.0,0.0,0.0,0.0,0.0,0.0,0.0
will,MVB,2,A,0.0,0.0,0.0,0.0,0.0,0.0,0.0
via,ADP,3,B,0.0,0.0,0.0,0.0,0.0,0.0,0.0
which,PRONOUN,3,B,0.0,0.0,0.0,0.0,0.0,0.0,0.0
whatever,PRONOUN,4,B,0.0,0.0,0.0,0.0,0.0,0.0,0.0
under,ADP,1,A,0.0,0.0,0.0,0.0,0.0,0.0,0.0
with,ADP,1,A,0.0,0.0,0.0,0.0,0.0,0.0,0.0
without,ADP,2,A,0.0,0.0,0.0,0.0,0.0,0.0,0.0
underneath,ADP,3,B,0.0,0.0,0.0,0.0,0.0,0.0,0.0
within,ADP,3,B,0.0,0.0,0.0,0.0,0.0,0.0,0.0
versus,ADP,5,C,0.0,0.0,0.0,0.0,0.0,0.0,0.0
unlike,ADP,4,B,0.0,0.0,0.0,0.0,0.0,0.0,0.0
what,DET,1,A,0.0,0.0,0.0,0.0,0.0,0.0,0.0
which,DET,1,A,0.0,0.0,0.0,0.0,0.0,0.0,0.0
your,DET,1,A,0.0,0.0,0.0,0.0,0.0,0.0,0.0
whose,DET,3,B,0.0,0.0,0.0,0.0,0.0,0.0,0.0
whatever,DET,4,B,0.0,0.0,0.0,0.0,0.0,0.0,0.0
whichever,DET,4,B,0.0,0.0,0.0,0.0,0.0,0.0,0.0
would,MVB,3,B,0.0,0.0,0.0,0.0,0.0,0.0,0.0
until,ADP,1,A,0.0,0.0,0.0,0.0,0.0,0.0,0.0
up,ADP,2,A,0.0,0.0,0.0,0.0,0.0,0.0,0.0
us,PRONOUN,1,A,0.0,0.0,0.0,0.0,0.0,0.0,0.0
we,PRONOUN,1,A,0.0,0.0,0.0,0.0,0.0,0.0,0.0
what,PRONOUN,1,A,0.0,0.0,0.0,0.0,0.0,0.0,0.0
who,PRONOUN,1,A,0.0,0.0,0.0,0.0,0.0,0.0,0.0
you,PRONOUN,1,A,0.0,0.0,0.0,0.0,0.0,0.0,0.0
yours,PRONOUN,2,A,0.0,0.0,0.0,0.0,0.0,0.0,0.0
yourself,PRONOUN,2,A,0.0,0.0,0.0,0.0,0.0,0.0,0.0
whose,PRONOUN,3,B,0.0,0.0,0.0,0.0,0.0,0.0,0.0
whichever,PRONOUN,4,B,0.0,0.0,0.0,0.0,0.0,0.0,0.0
whoever,PRONOUN,4,B,0.0,0.0,0.0,0.0,0.0,0.0,0.0
Absolutely!,PHR,5,C,0.0,0.0,0.0,0.0,0.0,0.0,0.0
arts,PHR,4,B,0.0,0.0,0.0,0.0,0.0,0.0,0.0
dozens,PHR,5,C,0.0,0.0,0.0,0.0,0.0,0.0,0.0
ethics,PHR,6,C,0.0,0.0,0.0,0.0,0.0,0.0,0.0
details,PHR,2,A,0.0,0.0,0.0,0.0,0.0,0.0,0.0
conditions,PHR,3,B,0.0,0.0,0.0,0.0,0.0,0.0,0.0
days,PHR,5,C,0.0,0.0,0.0,0.0,0.0,0.0,0.0
hours,PHR,3,B,0.0,0.0,0.0,0.0,0.0,0.0,0.0
funds,PHR,5,C,0.0,0.0,0.0,0.0,0.0,0.0,0.0
guys,PHR,3,B,0.0,0.0,0.0,0.0,0.0,0.0,0.0
gardens,PHR,5,C,0.0,0.0,0.0,0.0,0.0,0.0,0.0
God,PHR,2,A,0.0,0.0,0.0,0.0,0.0,0.0,0.0
hundreds,PHR,4,B,0.0,0.0,0.0,0.0,0.0,0.0,0.0
feelings,PHR,3,B,0.0,0.0,0.0,0.0,0.0,0.0,0.0
Help!,PHR,2,A,0.0,0.0,0.0,0.0,0.0,0.0,0.0
instructions,PHR,2,A,0.0,0.0,0.0,0.0,0.0,0.0,0.0
miles,PHR,5,C,0.0,0.0,0.0,0.0,0.0,0.0,0.0
masses,PHR,4,B,0.0,0.0,0.0,0.0,0.0,0.0,0.0
millions,PHR,4,B,0.0,0.0,0.0,0.0,0.0,0.0,0.0
let's,PHR,2,A,0.0,0.0,0.0,0.0,0.0,0.0,0.0
notes,PHR,2,A,0.0,0.0,0.0,0.0,0.0,0.0,0.0
others,PHR,4,B,0.0,0.0,0.0,0.0,0.0,0.0,0.0
needs,PHR,4,B,0.0,0.0,0.0,0.0,0.0,0.0,0.0
limitations,PHR,5,C,0.0,0.0,0.0,0.0,0.0,0.0,0.0
manners,PHR,4,B,0.0,0.0,0.0,0.0,0.0,0.0,0.0
nerves,PHR,5,C,0.0,0.0,0.0,0.0,0.0,0.0,0.0
morals,PHR,6,C,0.0,0.0,0.0,0.0,0.0,0.0,0.0
regards,PHR,3,B,0.0,0.0,0.0,0.0,0.0,0.0,0.0
roots,PHR,4,B,0.0,0.0,0.0,0.0,0.0,0.0,0.0
Road,PHR,1,A,0.0,0.0,0.0,0.0,0.0,0.0,0.0
relations,PHR,4,B,0.0,0.0,0.0,0.0,0.0,0.0,0.0
Really?,PHR,2,A,0.0,0.0,0.0,0.0,0.0,0.0,0.0
sales,PHR,4,B,0.0,0.0,0.0,0.0,0.0,0.0,0.0
preparations,PHR,4,B,0.0,0.0,0.0,0.0,0.0,0.0,0.0
scales,PHR,4,B,0.0,0.0,0.0,0.0,0.0,0.0,0.0
ties,PHR,6,C,0.0,0.0,0.0,0.0,0.0,0.0,0.0
Street,PHR,1,A,0.0,0.0,0.0,0.0,0.0,0.0,0.0
thousands,PHR,4,B,0.0,0.0,0.0,0.0,0.0,0.0,0.0
toilets,PHR,2,A,0.0,0.0,0.0,0.0,0.0,0.0,0.0
things,PHR,1,A,0.0,0.0,0.0,0.0,0.0,0.0,0.0
studies,PHR,2,A,0.0,0.0,0.0,0.0,0.0,0.0,0.0
values,PHR,4,B,0.0,0.0,0.0,0.0,0.0,0.0,0.0
above,ADJ,1,A,0.0,0.0,0.0,0.0,0.0,0.0,0.0
above,ADP,3,B,0.0,0.0,0.0,0.0,0.0,0.0,0.0
advance,VERB,3,B,0.0,0.0,0.0,0.0,0.0,0.0,0.0
after,CONJ,1,A,0.0,0.0,0.0,0.0,0.0,0.0,0.0
age,VERB,1,A,0.0,0.0,0.0,0.0,0.0,0.0,0.0
aim,VERB,3,B,0.0,0.0,0.0,0.0,0.0,0.0,0.0
alone,ADV,2,A,0.0,0.0,0.0,0.0,0.0,0.0,0.0
alongside,ADP,2,A,0.0,0.0,0.0,0.0,0.0,0.0,0.0
alright,ADV,2,A,0.0,0.0,0.0,0.0,0.0,0.0,0.0
am,ADV,1,A,0.0,0.0,0.0,0.0,0.0,0.0,0.0
amount,VERB,3,B,0.0,0.0,0.0,0.0,0.0,0.0,0.0
and,CONJ,1,A,0.0,0.0,0.0,0.0,0.0,0.0,0.0
appraise,VERB,4,B,0.0,0.0,0.0,0.0,0.0,0.0,0.0
as,ADP,2,A,0.0,0.0,0.0,0.0,0.0,0.0,0.0
as,ADV,2,A,0.0,0.0,0.0,0.0,0.0,0.0,0.0
as,CONJ,2,A,0.0,0.0,0.0,0.0,0.0,0.0,0.0
as,NOUN,2,A,0.0,0.0,0.0,0.0,0.0,0.0,0.0
assistant,ADJ,2,A,0.0,0.0,0.0,0.0,0.0,0.0,0.0
attribute,VERB,3,B,0.0,0.0,0.0,0.0,0.0,0.0,0.0
base,VERB,5,C,0.0,0.0,0.0,0.0,0.0,0.0,0.0
become,VERB,3,B,0.0,0.0,0.0,0.0,0.0,0.0,0.0
below,ADP,2,A,0.0,0.0,0.0,0.0,0.0,0.0,0.0
bill,VERB,4,B,0.0,0.0,0.0,0.0,0.0,0.0,0.0
born,VERB,1,A,0.0,0.0,0.0,0.0,0.0,0.0,0.0
bottom,ADJ,2,A,0.0,0.0,0.0,0.0,0.0,0.0,0.0
bound,VERB,4,B,0.0,0.0,0.0,0.0,0.0,0.0,0.0
but,CONJ,1,A,0.0,0.0,0.0,0.0,0.0,0.0,0.0
by,ADV,2,A,0.0,0.0,0.0,0.0,0.0,0.0,0.0
bye,ADP,1,A,0.0,0.0,0.0,0.0,0.0,0.0,0.0
can,VERB,1,A,0.0,0.0,0.0,0.0,0.0,0.0,0.0
cart,NOUN,4,B,0.0,0.0,0.0,0.0,0.0,0.0,0.0
cast,ADJ,3,B,0.0,0.0,0.0,0.0,0.0,0.0,0.0
cattle,NOUN,2,A,0.0,0.0,0.0,0.0,0.0,0.0,0.0
centre,VERB,2,A,0.0,0.0,0.0,0.0,0.0,0.0,0.0
chore,VERB,3,B,0.0,0.0,0.0,0.0,0.0,0.0,0.0
close,ADV,2,A,0.0,0.0,0.0,0.0,0.0,0.0,0.0
closer,ADV,3,B,0.0,0.0,0.0,0.0,0.0,0.0,0.0
clothes,NOUN,2,A,0.0,0.0,0.0,0.0,0.0,0.0,0.0
command,VERB,4,B,0.0,0.0,0.0,0.0,0.0,0.0,0.0
conduct,NOUN,3,B,0.0,0.0,0.0,0.0,0.0,0.0,0.0
conservative,NOUN,3,B,0.0,0.0,0.0,0.0,0.0,0.0,0.0
could,VERB,1,A,0.0,0.0,0.0,0.0,0.0,0.0,0.0
creep,VERB,3,B,0.0,0.0,0.0,0.0,0.0,0.0,0.0
criticise,VERB,3,B,0.0,0.0,0.0,0.0,0.0,0.0,0.0
crop,VERB,2,A,0.0,0.0,0.0,0.0,0.0,0.0,0.0
cup,VERB,2,A,0.0,0.0,0.0,0.0,0.0,0.0,0.0
current,NOUN,3,B,0.0,0.0,0.0,0.0,0.0,0.0,0.0
damp,VERB,3,B,0.0,0.0,0.0,0.0,0.0,0.0,0.0
dark,NOUN,1,A,0.0,0.0,0.0,0.0,0.0,0.0,0.0
deal,VERB,3,B,0.0,0.0,0.0,0.0,0.0,0.0,0.0
dear,NOUN,1,A,0.0,0.0,0.0,0.0,0.0,0.0,0.0
digest,NOUN,3,B,0.0,0.0,0.0,0.0,0.0,0.0,0.0
dip,NOUN,5,C,0.0,0.0,0.0,0.0,0.0,0.0,0.0
disorder,VERB,3,B,0.0,0.0,0.0,0.0,0.0,0.0,0.0
draw,NOUN,2,A,0.0,0.0,0.0,0.0,0.0,0.0,0.0
drift,NOUN,4,B,0.0,0.0,0.0,0.0,0.0,0.0,0.0
ease,VERB,3,B,0.0,0.0,0.0,0.0,0.0,0.0,0.0
either,DET,3,B,0.0,0.0,0.0,0.0,0.0,0.0,0.0
encounter,NOUN,4,B,0.0,0.0,0.0,0.0,0.0,0.0,0.0
faculty,NOUN,2,A,0.0,0.0,0.0,0.0,0.0,0.0,0.0
fellow,NOUN,4,B,0.0,0.0,0.0,0.0,0.0,0.0,0.0
file,VERB,3,B,0.0,0.0,0.0,0.0,0.0,0.0,0.0
finding,ADJ,2,A,0.0,0.0,0.0,0.0,0.0,0.0,0.0
finding,NOUN,3,B,0.0,0.0,0.0,0.0,0.0,0.0,0.0
fit,NOUN,1,A,0.0,0.0,0.0,0.0,0.0,0.0,0.0
focus,VERB,2,A,0.0,0.0,0.0,0.0,0.0,0.0,0.0
following,ADJ,4,B,0.0,0.0,0.0,0.0,0.0,0.0,0.0
foot,VERB,1,A,0.0,0.0,0.0,0.0,0.0,0.0,0.0
frame,VERB,4,B,0.0,0.0,0.0,0.0,0.0,0.0,0.0
front,NOUN,2,A,0.0,0.0,0.0,0.0,0.0,0.0,0.0
function,VERB,3,B,0.0,0.0,0.0,0.0,0.0,0.0,0.0
gaze,VERB,4,B,0.0,0.0,0.0,0.0,0.0,0.0,0.0
german,ADJ,1,A,0.0,0.0,0.0,0.0,0.0,0.0,0.0
german,NOUN,1,A,0.0,0.0,0.0,0.0,0.0,0.0,0.0
glance,VERB,4,B,0.0,0.0,0.0,0.0,0.0,0.0,0.0
ground,ADJ,2,A,0.0,0.0,0.0,0.0,0.0,0.0,0.0
half,DET,1,A,0.0,0.0,0.0,0.0,0.0,0.0,0.0
he,PRON,1,A,0.0,0.0,0.0,0.0,0.0,0.0,0.0
head,ADJ,1,A,0.0,0.0,0.0,0.0,0.0,0.0,0.0
hello,ADP,1,A,0.0,0.0,0.0,0.0,0.0,0.0,0.0
hers,PRON,1,A,0.0,0.0,0.0,0.0,0.0,0.0,0.0
herself,PRON,2,A,0.0,0.0,0.0,0.0,0.0,0.0,0.0
hey,ADP,1,A,0.0,0.0,0.0,0.0,0.0,0.0,0.0
high,NOUN,1,A,0.0,0.0,0.0,0.0,0.0,0.0,0.0
himself,PRON,1,A,0.0,0.0,0.0,0.0,0.0,0.0,0.0
his,PRON,1,A,0.0,0.0,0.0,0.0,0.0,0.0,0.0
hole,VERB,3,B,0.0,0.0,0.0,0.0,0.0,0.0,0.0
I,NOUN,1,A,0.0,0.0,0.0,0.0,0.0,0.0,0.0
ideal,NOUN,2,A,0.0,0.0,0.0,0.0,0.0,0.0,0.0
in,VERB,1,A,0.0,0.0,0.0,0.0,0.0,0.0,0.0
interim,NOUN,6,C,0.0,0.0,0.0,0.0,0.0,0.0,0.0
it,PRON,1,A,0.0,0.0,0.0,0.0,0.0,0.0,0.0
itself,PRON,2,A,0.0,0.0,0.0,0.0,0.0,0.0,0.0
labour,ADJ,2,A,0.0,0.0,0.0,0.0,0.0,0.0,0.0
lack,NOUN,4,B,0.0,0.0,0.0,0.0,0.0,0.0,0.0
leap,VERB,4,B,0.0,0.0,0.0,0.0,0.0,0.0,0.0
like,ADJ,2,A,0.0,0.0,0.0,0.0,0.0,0.0,0.0
lot,NOUN,2,A,0.0,0.0,0.0,0.0,0.0,0.0,0.0
market,VERB,1,A,0.0,0.0,0.0,0.0,0.0,0.0,0.0
mass,NOUN,3,B,0.0,0.0,0.0,0.0,0.0,0.0,0.0
may,VERB,2,A,0.0,0.0,0.0,0.0,0.0,0.0,0.0
middle,NOUN,1,A,0.0,0.0,0.0,0.0,0.0,0.0,0.0
might,VERB,2,A,0.0,0.0,0.0,0.0,0.0,0.0,0.0
mine,PRON,1,A,0.0,0.0,0.0,0.0,0.0,0.0,0.0
must,VERB,2,A,0.0,0.0,0.0,0.0,0.0,0.0,0.0
net,ADJ,3,B,0.0,0.0,0.0,0.0,0.0,0.0,0.0
no,NOUN,1,A,0.0,0.0,0.0,0.0,0.0,0.0,0.0
ok,ADV,1,A,0.0,0.0,0.0,0.0,0.0,0.0,0.0
olive,ADJ,2,A,0.0,0.0,0.0,0.0,0.0,0.0,0.0
one,NOUN,1,A,0.0,0.0,0.0,0.0,0.0,0.0,0.0
one,PRON,1,A,0.0,0.0,0.0,0.0,0.0,0.0,0.0
or,CONJ,1,A,0.0,0.0,0.0,0.0,0.0,0.0,0.0
other,ADJ,2,A,0.0,0.0,0.0,0.0,0.0,0.0,0.0
ought,VERB,4,B,0.0,0.0,0.0,0.0,0.0,0.0,0.0
ours,PRON,1,A,0.0,0.0,0.0,0.0,0.0,0.0,0.0
ourselves,PRON,2,A,0.0,0.0,0.0,0.0,0.0,0.0,0.0
outside,NOUN,1,A,0.0,0.0,0.0,0.0,0.0,0.0,0.0
parallel,VERB,3,B,0.0,0.0,0.0,0.0,0.0,0.0,0.0
pardon,NOUN,2,A,0.0,0.0,0.0,0.0,0.0,0.0,0.0
past,ADV,2,A,0.0,0.0,0.0,0.0,0.0,0.0,0.0
past,NOUN,1,A,0.0,0.0,0.0,0.0,0.0,0.0,0.0
pc,NOUN,1,A,0.0,0.0,0.0,0.0,0.0,0.0,0.0
peer,VERB,3,B,0.0,0.0,0.0,0.0,0.0,0.0,0.0
percent,NOUN,2,A,0.0,0.0,0.0,0.0,0.0,0.0,0.0
plain,NOUN,4,B,0.0,0.0,0.0,0.0,0.0,0.0,0.0
press,NOUN,2,A,0.0,0.0,0.0,0.0,0.0,0.0,0.0
primary,NOUN,2,A,0.0,0.0,0.0,0.0,0.0,0.0,0.0
prompt,VERB,3,B,0.0,0.0,0.0,0.0,0.0,0.0,0.0
range,VERB,4,B,0.0,0.0,0.0,0.0,0.0,0.0,0.0
refer,VERB,3,B,0.0,0.0,0.0,0.0,0.0,0.0,0.0
result,VERB,3,B,0.0,0.0,0.0,0.0,0.0,0.0,0.0
retail,ADJ,4,B,0.0,0.0,0.0,0.0,0.0,0.0,0.0
revolt,NOUN,4,B,0.0,0.0,0.0,0.0,0.0,0.0,0.0
round,VERB,2,A,0.0,0.0,0.0,0.0,0.0,0.0,0.0
ruling,ADJ,3,B,0.0,0.0,0.0,0.0,0.0,0.0,0.0
sales,NOUN,2,A,0.0,0.0,0.0,0.0,0.0,0.0,0.0
secure,VERB,3,B,0.0,0.0,0.0,0.0,0.0,0.0,0.0
seem,VERB,3,B,0.0,0.0,0.0,0.0,0.0,0.0,0.0
shadow,VERB,3,B,1e-06,1e-06,1e-06,1e-06,1e-06,1e-06,1e-06
shall,VERB,2,A,0.00023,0.000216,0.000212,0.000202,0.000253,0.000301,0.000247
she,PRON,1,A,0.002008,0.002274,0.002452,0.00224,0.002272,0.002358,0.002339
ship,VERB,2,A,2e-06,2e-06,2e-06,2e-06,2e-06,1e-06,1e-06
should,VERB,2,A,0.000681,0.00068,0.000683,0.000681,0.000682,0.000693,0.000699
simple,NOUN,1,A,7e-06,6e-06,6e-06,6e-06,6e-06,6e-06,6e-06
sin,VERB,3,B,3e-06,3e-06,3e-06,3e-06,4e-06,5e-06,4e-06
so,CONJ,2,A,2e-06,2e-06,2e-06,2e-06,2e-06,2e-06,2e-06
socialist,ADJ,4,B,8e-06,8e-06,8e-06,9e-06,9e-06,8e-06,8e-06
sound,VERB,2,A,1.8e-05,1.9e-05,2.1e-05,1.9e-05,1.9e-05,1.8e-05,1.7e-05
speed,VERB,3,B,4e-06,4e-06,4e-06,4e-06,4e-06,0.0,0.0
spell,NOUN,2,A,0.0,0.0,0.0,0.0,0.0,0.0,0.0
spring,VERB,1,A,0.0,0.0,0.0,0.0,0.0,0.0,0.0
stab,NOUN,3,B,0.0,0.0,0.0,0.0,0.0,0.0,0.0
stage,VERB,3,B,0.0,0.0,0.0,0.0,0.0,0.0,0.0
stall,VERB,4,B,0.0,0.0,0.0,0.0,0.0,0.0,0.0
step,VERB,2,A,0.0,0.0,0.0,0.0,0.0,0.0,0.0
strip,VERB,4,B,0.0,0.0,0.0,0.0,0.0,0.0,0.0
subject,VERB,1,A,0.0,0.0,0.0,0.0,0.0,0.0,0.0
surf,NOUN,2,A,0.0,0.0,0.0,0.0,0.0,0.0,0.0
surface,VERB,4,B,0.0,0.0,0.0,0.0,0.0,0.0,0.0
the,NOUN,1,A,0.0,0.0,0.0,0.0,0.0,0.0,0.0
themselves,PRON,2,A,0.0,0.0,0.0,0.0,0.0,0.0,0.0
there,DET,1,A,0.0,0.0,0.0,0.0,0.0,0.0,0.0
they,PRON,1,A,0.0,0.0,0.0,0.0,0.0,0.0,0.0
thinking,NOUN,2,A,0.0,0.0,0.0,0.0,0.0,0.0,0.0
thought,VERB,2,A,0.0,0.0,0.0,0.0,0.0,0.0,0.0
to,ADJ,1,A,0.0,0.0,0.0,0.0,0.0,0.0,0.0
toward,ADP,3,B,0.0,0.0,0.0,0.0,0.0,0.0,0.0
tv,NOUN,1,A,0.0,0.0,0.0,0.0,0.0,0.0,0.0
under,ADV,2,A,0.0,0.0,0.0,0.0,0.0,0.0,0.0
underway,ADV,4,B,0.0,0.0,0.0,0.0,0.0,0.0,0.0
want,NOUN,2,A,0.0,0.0,0.0,0.0,0.0,0.0,0.0
we,PRON,1,A,0.0,0.0,0.0,0.0,0.0,0.0,0.0
wherever,ADV,4,B,0.0,0.0,0.0,0.0,0.0,0.0,0.0
whether,CONJ,3,B,0.0,0.0,0.0,0.0,0.0,0.0,0.0
while,NOUN,2,A,0.0,0.0,0.0,0.0,0.0,0.0,0.0
who,PRON,1,A,0.0,0.0,0.0,0.0,0.0,0.0,0.0
whole,NOUN,3,B,0.0,0.0,0.0,0.0,0.0,0.0,0.0
whom,PRON,3,B,0.0,0.0,0.0,0.0,0.0,0.0,0.0
will,VERB,1,A,0.0,0.0,0.0,0.0,0.0,0.0,0.0
wind,VERB,2,A,0.0,0.0,0.0,0.0,0.0,0.0,0.0
wish,VERB,3,B,0.0,0.0,0.0,0.0,0.0,0.0,0.0
wonder,NOUN,2,A,0.0,0.0,0.0,0.0,0.0,0.0,0.0
working,NOUN,1,A,0.0,0.0,0.0,0.0,0.0,0.0,0.0
would,VERB,3,B,0.0,0.0,0.0,0.0,0.0,0.0,0.0
yield,NOUN,5,C,0.0,0.0,0.0,0.0,0.0,0.0,0.0
you,PRON,1,A,0.0,0.0,0.0,0.0,0.0,0.0,0.0
yours,PRON,2,A,0.0,0.0,0.0,0.0,0.0,0.0,0.0
yourself,PRON,1,A,0.0,0.0,0.0,0.0,0.0,0.0,0.0
