word,pos,cefr_int,cefr
cattle,NA,3,B
clothes,NA,1,A
albeit,NA,6,C
and,NA,1,A
and,NA,1,A
because,NA,1,A
but,NA,1,A
and,NA,2,A
as,NA,2,A
although,NA,3,B
although,NA,3,B
and,NA,3,B
close,NA,3,B
as,NA,1,A
and,NA,1,A
as,NA,2,A
before,NA,2,A
after,NA,3,B
as,NA,3,B
as,NA,3,B
as,NA,3,B
before,NA,3,B
before,NA,3,B
but,NA,3,B
eight,NA,1,A
eighteen,NA,1,A
eleven,NA,1,A
eighth,NA,2,A
eighty,NA,2,A
fifteen,NA,1,A
five,NA,1,A
four,NA,1,A
fourteen,NA,1,A
fifth,NA,2,A
fifty,NA,2,A
forty,NA,2,A
fourth,NA,2,A
hundred,NA,2,A
if,NA,2,A
if,NA,3,B
if,NA,3,B
if,NA,3,B
if,NA,4,B
however,NA,6,C
million,NA,2,A
like,NA,3,B
or,NA,1,A
or,NA,2,A
or,NA,3,B
or,NA,4,B
only,NA,6,C
nine,NA,1,A
nineteen,NA,1,A
one,NA,1,A
ninety,NA,2,A
ninth,NA,2,A
now,NA,4,B
once,NA,4,B
or,NA,5,C
second,NA,3,B
politically,NA,5,C
second,NA,1,A
plus,NA,3,B
second,NA,3,B
seventy,NA,2,A
so,NA,2,A
seven,NA,1,A
seventeen,NA,1,A
six,NA,1,A
sixteen,NA,1,A
ten,NA,1,A
thirteen,NA,1,A
three,NA,1,A
to,NA,1,A
seventh,NA,2,A
sixth,NA,2,A
sixty,NA,2,A
so,NA,2,A
that,NA,2,A
third,NA,2,A
thirty,NA,2,A
thousand,NA,2,A
to,NA,2,A
to,NA,2,A
since,NA,3,B
since,NA,3,B
though,NA,3,B
till,NA,3,B
though,NA,4,B
zero,NA,2,A
while,NA,4,B
while,NA,3,B
whereas,NA,4,B
zero,NA,3,B
twelve,NA,1,A
twenty,NA,1,A
two,NA,1,A
when,NA,2,A
where,NA,2,A
while,NA,2,A
unless,NA,3,B
until,NA,3,B
until,NA,3,B
whenever,NA,3,B
wherever,NA,3,B
whether,NA,3,B
yet,NA,3,B
when,NA,4,B
where,NA,4,B
caution,VERB,6,C
advertisement,NOUN,2,A
assert,VERB,5,C
address,VERB,6,C
cash,NOUN,3,B
acquire,VERB,4,B
click,VERB,6,C
bike,NOUN,3,B
clarification,NOUN,5,C
acknowledge,VERB,5,C
aid,VERB,5,C
applaud,VERB,6,C
cease,VERB,4,B
carrot,NOUN,6,C
character,NOUN,6,C
ages,NOUN,3,B
bunch,NOUN,3,B
click,VERB,6,C
birth,NOUN,5,C
approval,NOUN,4,B
chemical,NOUN,4,B
appearance,NOUN,4,B
assurance,NOUN,5,C
allowance,NOUN,5,C
assistance,NOUN,4,B
appearance,NOUN,3,B
assurance,NOUN,6,C
appearance,NOUN,4,B
assistant,NOUN,3,B
coherence,NOUN,6,C
bestseller,NOUN,4,B
beginner,NOUN,2,A
browser,NOUN,4,B
backpacker,NOUN,3,B
bumper,NOUN,4,B
cleaner,NOUN,2,A
babysitter,NOUN,3,B
barber,NOUN,3,B
builder,NOUN,3,B
adviser,NOUN,5,C
classic,NOUN,4,B
characteristic,NOUN,4,B
clothing,NOUN,4,B
catering,NOUN,4,B
boxing,NOUN,3,B
camping,NOUN,2,A
backpacking,NOUN,3,B
booking,NOUN,3,B
animation,NOUN,3,B
allegation,NOUN,5,C
addition,NOUN,4,B
admission,NOUN,4,B
admission,NOUN,3,B
action,NOUN,3,B
collection,NOUN,4,B
action,NOUN,4,B
calculation,NOUN,4,B
admiration,NOUN,4,B
ambition,NOUN,4,B
appreciation,NOUN,4,B
affection,NOUN,4,B
attraction,NOUN,6,C
celebration,NOUN,3,B
adoption,NOUN,4,B
application,NOUN,4,B
capitalism,NOUN,6,C
archaeologist,NOUN,5,C
clarity,NOUN,6,C
capacity,NOUN,4,B
capacity,NOUN,4,B
capacity,NOUN,5,C
activity,NOUN,4,B
argument,NOUN,3,B
agreement,NOUN,4,B
argument,NOUN,4,B
agreement,NOUN,4,B
arrangement,NOUN,4,B
achievement,NOUN,3,B
adjustment,NOUN,4,B
assessment,NOUN,4,B
amazement,NOUN,4,B
amusement,NOUN,4,B
astonishment,NOUN,4,B
attachment,NOUN,4,B
appointment,NOUN,6,C
blindness,NOUN,5,C
carelessness,NOUN,4,B
cheerfulness,NOUN,6,C
coldness,NOUN,6,C
collector,NOUN,4,B
ancestor,NOUN,4,B
championship,NOUN,3,B
bravery,NOUN,4,B
addiction,NOUN,4,B
abortion,NOUN,5,C
animal,NOUN,1,A
bird,NOUN,1,A
cat,NOUN,1,A
baby,NOUN,2,A
bear,NOUN,2,A
chicken,NOUN,2,A
ant,NOUN,3,B
bat,NOUN,3,B
bee,NOUN,3,B
bug,NOUN,3,B
bull,NOUN,3,B
butterfly,NOUN,3,B
cage,NOUN,3,B
calf,NOUN,3,B
camel,NOUN,3,B
breed,NOUN,4,B
cell,NOUN,4,B
collar,NOUN,4,B
beak,NOUN,5,C
bark,VERB,4,B
breed,VERB,4,B
book,NOUN,1,A
camera,NOUN,1,A
album,NOUN,2,A
cartoon,NOUN,2,A
cartoon,NOUN,2,A
channel,NOUN,2,A
clown,NOUN,2,A
act,NOUN,3,B
ad,NOUN,3,B
advert,NOUN,3,B
article,NOUN,3,B
biography,NOUN,3,B
chapter,NOUN,3,B
character,NOUN,3,B
circus,NOUN,3,B
beat,NOUN,4,B
cello,NOUN,4,B
column,NOUN,4,B
bow,NOUN,6,C
art,NOUN,2,A
cable,NOUN,3,B
cinema,NOUN,5,C
brass,NOUN,6,C
ballet,NOUN,3,B
background,NOUN,4,B
accompany,VERB,6,C
act,VERB,3,B
advertise,VERB,3,B
broadcast,VERB,4,B
arm,NOUN,1,A
body,NOUN,1,A
accident,NOUN,2,A
back,NOUN,2,A
brain,NOUN,2,A
cold,NOUN,2,A
ache,NOUN,3,B
ankle,NOUN,3,B
body,NOUN,3,B
bottom,NOUN,3,B
breast,NOUN,3,B
cheek,NOUN,3,B
chin,NOUN,3,B
beat,NOUN,4,B
bite,NOUN,4,B
breakdown,NOUN,4,B
bruise,NOUN,4,B
bug,NOUN,4,B
chest,NOUN,4,B
antibiotic,NOUN,6,C
blister,NOUN,6,C
calf,NOUN,6,C
case,NOUN,6,C
blood,NOUN,2,A
breath,NOUN,3,B
care,NOUN,4,B
cholesterol,NOUN,5,C
aspirin,NOUN,3,B
backache,NOUN,3,B
bandage,NOUN,3,B
birth,NOUN,3,B
bone,NOUN,3,B
beat,VERB,3,B
bleed,VERB,3,B
ache,VERB,4,B
catch,VERB,2,A
burn,VERB,3,B
bump,VERB,4,B
carry,VERB,5,C
attack,VERB,6,C
breathe,VERB,3,B
coat,NOUN,1,A
belt,NOUN,2,A
boot,NOUN,2,A
cap,NOUN,2,A
bracelet,NOUN,3,B
button,NOUN,3,B
collar,NOUN,3,B
badge,NOUN,4,B
bikini,NOUN,4,B
bow,NOUN,4,B
bra,NOUN,4,B
cardigan,NOUN,4,B
answer,NOUN,1,A
card,NOUN,2,A
accent,NOUN,3,B
alarm,NOUN,3,B
alphabet,NOUN,3,B
brochure,NOUN,3,B
call,NOUN,3,B
card,NOUN,3,B
certificate,NOUN,3,B
accent,NOUN,4,B
account,NOUN,4,B
apostrophe,NOUN,4,B
arrow,NOUN,4,B
ban,NOUN,4,B
booklet,NOUN,4,B
chart,NOUN,4,B
colon,NOUN,4,B
appeal,NOUN,5,C
character,NOUN,5,C
claim,NOUN,5,C
channel,NOUN,6,C
cliché,NOUN,6,C
advice,NOUN,2,A
blame,NOUN,4,B
chat,NOUN,2,A
apology,NOUN,3,B
code,NOUN,4,B
attack,NOUN,6,C
answer,NOUN,2,A
chat,VERB,2,A
apologise,VERB,3,B
argue,VERB,3,B
check,VERB,4,B
cheer,VERB,4,B
appeal,VERB,5,C
ask,VERB,2,A
add,VERB,3,B
announce,VERB,3,B
approve,VERB,3,B
blame,VERB,3,B
amuse,VERB,4,B
assume,VERB,4,B
assure,VERB,4,B
call,VERB,4,B
capture,VERB,4,B
challenge,VERB,4,B
claim,VERB,4,B
attack,VERB,5,C
clarify,VERB,5,C
allege,VERB,6,C
answer,VERB,1,A
ask,VERB,1,A
agree,VERB,2,A
answer,VERB,2,A
admit,VERB,3,B
advise,VERB,3,B
ask,VERB,3,B
ask,VERB,3,B
ask,VERB,3,B
call,VERB,3,B
argue,VERB,4,B
beg,VERB,4,B
beg,VERB,4,B
boast,VERB,4,B
claim,VERB,4,B
call,VERB,5,C
bark,VERB,6,C
burglar,NOUN,4,B
case,NOUN,4,B
case,NOUN,4,B
arrest,NOUN,4,B
burglary,NOUN,4,B
arrest,VERB,3,B
centimetre,NOUN,2,A
circle,NOUN,2,A
amount,NOUN,3,B
average,NOUN,3,B
bar,NOUN,3,B
bunch,NOUN,3,B
base,NOUN,4,B
block,NOUN,4,B
angle,NOUN,5,C
acre,NOUN,6,C
black,NOUN,2,A
accuracy,NOUN,4,B
colour,NOUN,1,A
blue,NOUN,2,A
brown,NOUN,2,A
average,NOUN,3,B
blackboard,NOUN,2,A
candidate,NOUN,3,B
branch,NOUN,4,B
chemistry,NOUN,2,A
class,NOUN,1,A
bar,NOUN,1,A
biscuit,NOUN,1,A
café,NOUN,1,A
barbecue,NOUN,2,A
bean,NOUN,2,A
bottle,NOUN,2,A
bowl,NOUN,2,A
burger,NOUN,2,A
can,NOUN,2,A
canteen,NOUN,3,B
bite,NOUN,4,B
bun,NOUN,4,B
cherry,NOUN,4,B
casserole,NOUN,6,C
bread,NOUN,1,A
butter,NOUN,1,A
beef,NOUN,3,B
broccoli,NOUN,3,B
apple,NOUN,1,A
banana,NOUN,1,A
breakfast,NOUN,1,A
cake,NOUN,1,A
cheese,NOUN,1,A
chocolate,NOUN,1,A
coffee,NOUN,1,A
carrot,NOUN,2,A
cereal,NOUN,2,A
chilli,NOUN,2,A
cola,NOUN,2,A
cabbage,NOUN,3,B
coconut,NOUN,3,B
aubergine,NOUN,4,B
appetite,NOUN,5,C
cereal,NOUN,5,C
casserole,NOUN,6,C
barbecue,VERB,3,B
boil,VERB,3,B
beat,VERB,5,C
bake,VERB,2,A
burn,VERB,3,B
address,NOUN,1,A
bath,NOUN,1,A
bathroom,NOUN,1,A
bedroom,NOUN,1,A
chair,NOUN,1,A
apartment,NOUN,2,A
armchair,NOUN,2,A
blanket,NOUN,2,A
board,NOUN,2,A
bookcase,NOUN,2,A
bookshelf,NOUN,2,A
castle,NOUN,2,A
ceiling,NOUN,2,A
centre,NOUN,2,A
area,NOUN,3,B
balcony,NOUN,3,B
basin,NOUN,3,B
bin,NOUN,3,B
block,NOUN,3,B
candle,NOUN,3,B
barrier,NOUN,4,B
basement,NOUN,4,B
bench,NOUN,4,B
brick,NOUN,4,B
cabinet,NOUN,4,B
cellar,NOUN,4,B
chimney,NOUN,4,B
cloth,NOUN,4,B
column,NOUN,4,B
cabin,NOUN,5,C
balcony,NOUN,6,C
architecture,NOUN,3,B
bed,NOUN,1,A
carpet,NOUN,2,A
atmosphere,NOUN,4,B
bank,NOUN,1,A
cent,NOUN,2,A
cheque,NOUN,2,A
account,NOUN,3,B
coin,NOUN,3,B
award,NOUN,4,B
balance,NOUN,4,B
budget,NOUN,4,B
bid,NOUN,6,C
cash,NOUN,2,A
change,NOUN,3,B
change,NOUN,3,B
borrow,VERB,2,A
change,VERB,2,A
borrow,VERB,5,C
beach,NOUN,1,A
area,NOUN,2,A
bay,NOUN,3,B
branch,NOUN,3,B
breeze,NOUN,3,B
cave,NOUN,3,B
cliff,NOUN,3,B
coast,NOUN,3,B
atom,NOUN,4,B
bank,NOUN,4,B
berry,NOUN,4,B
bush,NOUN,4,B
cloud,NOUN,4,B
bed,NOUN,6,C
air,NOUN,2,A
aluminium,NOUN,4,B
carbon,NOUN,4,B
astronomy,NOUN,6,C
autumn,NOUN,2,A
cloud,NOUN,2,A
climate,NOUN,3,B
acid,NOUN,4,B
coastline,NOUN,6,C
bottom,NOUN,3,B
blow,VERB,3,B
break,VERB,6,C
break,VERB,6,C
boil,VERB,2,A
bath,NOUN,1,A
check,NOUN,3,B
act,NOUN,4,B
attempt,NOUN,4,B
capture,NOUN,5,C
come,VERB,1,A
come,VERB,1,A
act,VERB,3,B
behave,VERB,3,B
blow,VERB,3,B
act,VERB,4,B
adjust,VERB,4,B
campaign,VERB,5,C
cling,VERB,6,C
carry,VERB,1,A
clean,VERB,1,A
colour,VERB,1,A
add,VERB,2,A
add,VERB,2,A
bring,VERB,2,A
brush,VERB,2,A
collect,VERB,2,A
collect,VERB,2,A
achieve,VERB,3,B
attach,VERB,3,B
attempt,VERB,3,B
avoid,VERB,3,B
bury,VERB,3,B
cancel,VERB,3,B
carry,VERB,3,B
catch,VERB,3,B
circle,VERB,3,B
clear,VERB,3,B
collect,VERB,3,B
acquire,VERB,4,B
adapt,VERB,4,B
adjust,VERB,4,B
adopt,VERB,4,B
analyse,VERB,4,B
arrange,VERB,4,B
assess,VERB,4,B
avoid,VERB,4,B
beat,VERB,4,B
burgle,VERB,4,B
bury,VERB,4,B
calculate,VERB,4,B
capture,VERB,4,B
clutch,VERB,6,C
catch,VERB,1,A
change,VERB,1,A
choose,VERB,1,A
close,VERB,1,A
check,VERB,2,A
climb,VERB,2,A
approach,VERB,3,B
arrange,VERB,3,B
attend,VERB,3,B
babysit,VERB,3,B
clap,VERB,3,B
assist,VERB,4,B
balance,VERB,4,B
bang,VERB,4,B
bend,VERB,4,B
brush,VERB,4,B
charge,VERB,4,B
chase,VERB,4,B
combine,VERB,4,B
blow,VERB,6,C
carve,VERB,6,C
adult,NOUN,1,A
baby,NOUN,1,A
beard,NOUN,1,A
boy,NOUN,1,A
comb,NOUN,2,A
adolescent,NOUN,6,C
beauty,NOUN,3,B
childhood,NOUN,3,B
bit,NOUN,2,A
background,NOUN,3,B
chance,NOUN,4,B
bully,NOUN,5,C
character,NOUN,5,C
anger,NOUN,4,B
anxiety,NOUN,4,B
appeal,NOUN,4,B
certainty,NOUN,4,B
charisma,NOUN,6,C
attitude,NOUN,3,B
character,NOUN,3,B
charm,NOUN,4,B
care,VERB,3,B
appeal,VERB,4,B
approve,VERB,4,B
belong,VERB,4,B
blush,VERB,4,B
believe,VERB,2,A
bother,VERB,2,A
annoy,VERB,3,B
attract,VERB,3,B
admire,VERB,4,B
appreciate,VERB,4,B
bear,VERB,4,B
betray,VERB,4,B
bother,VERB,4,B
behave,VERB,3,B
care,VERB,3,B
cheat,VERB,4,B
capital,NOUN,2,A
citizen,NOUN,4,B
chancellor,NOUN,6,C
centre,NOUN,6,C
birthday,NOUN,1,A
brother,NOUN,1,A
aunt,NOUN,2,A
boyfriend,NOUN,2,A
anniversary,NOUN,3,B
bride,NOUN,3,B
ceremony,NOUN,3,B
affair,NOUN,4,B
bond,NOUN,4,B
brother-in-law,NOUN,4,B
circle,NOUN,4,B
bond,VERB,6,C
call,VERB,3,B
celebrate,VERB,3,B
adopt,VERB,4,B
bag,NOUN,1,A
ball,NOUN,1,A
box,NOUN,1,A
bat,NOUN,2,A
board,NOUN,2,A
bookshop,NOUN,2,A
card,NOUN,2,A
basket,NOUN,3,B
captain,NOUN,3,B
chain,NOUN,3,B
champion,NOUN,3,B
checkout,NOUN,3,B
arrow,NOUN,4,B
brand,NOUN,4,B
catalogue,NOUN,4,B
business,NOUN,1,A
badminton,NOUN,2,A
chess,NOUN,2,A
athletics,NOUN,3,B
basketball,NOUN,1,A
baseball,NOUN,2,A
attack,NOUN,3,B
come,VERB,2,A
appear,VERB,4,B
browse,VERB,4,B
beat,VERB,3,B
address,NOUN,1,A
CD,NOUN,1,A
button,NOUN,3,B
card,NOUN,3,B
backup,NOUN,4,B
bookmark,NOUN,4,B
breakdown,NOUN,4,B
bug,NOUN,4,B
bulb,NOUN,4,B
chip,NOUN,4,B
access,NOUN,3,B
broadband,NOUN,4,B
CD-ROM,NOUN,3,B
cable,NOUN,4,B
attach,VERB,3,B
access,VERB,4,B
bookmark,VERB,4,B
burn,VERB,4,B
browse,VERB,4,B
charge,VERB,4,B
boat,NOUN,1,A
bus,NOUN,1,A
car,NOUN,1,A
aeroplane,NOUN,2,A
airport,NOUN,2,A
bicycle,NOUN,2,A
bike,NOUN,2,A
case,NOUN,2,A
coach,NOUN,2,A
boot,NOUN,3,B
brake,NOUN,3,B
cab,NOUN,3,B
cabin,NOUN,3,B
campsite,NOUN,3,B
aircraft,NOUN,4,B
captain,NOUN,4,B
carriage,NOUN,5,C
cabin,NOUN,6,C
carriage,NOUN,6,C
air,NOUN,2,A
baggage,NOUN,3,B
approach,NOUN,4,B
adventure,NOUN,2,A
camp,NOUN,3,B
camp,VERB,2,A
accelerate,VERB,6,C
catch,VERB,1,A
carry,VERB,4,B
book,VERB,2,A
board,VERB,3,B
boss,NOUN,2,A
business,NOUN,2,A
businessman,NOUN,2,A
businesswoman,NOUN,2,A
agency,NOUN,3,B
architect,NOUN,3,B
career,NOUN,3,B
agent,NOUN,4,B
analyst,NOUN,4,B
chief,NOUN,4,B
client,NOUN,4,B
bid,NOUN,5,C
career,NOUN,6,C
architecture,NOUN,3,B
business,NOUN,3,B
advertise,VERB,3,B
appoint,VERB,5,C
build,VERB,2,A
cigarette,NOUN,2,A
addict,NOUN,4,B
cancer,NOUN,3,B
abuse,NOUN,6,C
alcohol,NOUN,2,A
champagne,NOUN,2,A
bacon,NOUN,3,B
beer,NOUN,1,A
cathedral,NOUN,2,A
church,NOUN,2,A
bribe,NOUN,5,C
bomb,VERB,3,B
arrival,NOUN,5,C
arrival,NOUN,3,B
approval,NOUN,4,B
arrival,NOUN,6,C
acquaintance,NOUN,5,C
appliance,NOUN,5,C
alliance,NOUN,6,C
annoyance,NOUN,5,C
acceptance,NOUN,5,C
attendance,NOUN,5,C
attendance,NOUN,5,C
coherence,NOUN,6,C
coincidence,NOUN,4,B
baker,NOUN,3,B
blogger,NOUN,3,B
border,NOUN,3,B
butcher,NOUN,3,B
buyer,NOUN,3,B
banker,NOUN,4,B
climbing,NOUN,2,A
advertising,NOUN,4,B
banking,NOUN,4,B
coaching,NOUN,4,B
backing,NOUN,6,C
ambition,NOUN,3,B
application,NOUN,3,B
attraction,NOUN,3,B
collection,NOUN,3,B
collection,NOUN,3,B
addition,NOUN,4,B
association,NOUN,4,B
collocation,NOUN,4,B
accusation,NOUN,5,C
assumption,NOUN,5,C
audition,NOUN,5,C
allocation,NOUN,6,C
accommodation,NOUN,3,B
attention,NOUN,3,B
administration,NOUN,5,C
aggression,NOUN,5,C
caution,NOUN,5,C
civilization,NOUN,5,C
action,NOUN,6,C
allocation,NOUN,6,C
anticipation,NOUN,6,C
civilization,NOUN,4,B
combination,NOUN,4,B
adaptation,NOUN,5,C
alteration,NOUN,5,C
auction,NOUN,5,C
cancellation,NOUN,5,C
collaboration,NOUN,5,C
accumulation,NOUN,6,C
application,NOUN,6,C
association,NOUN,6,C
classification,NOUN,6,C
action,NOUN,6,C
artist,NOUN,2,A
chemist,NOUN,2,A
chemist,NOUN,3,B
celebrity,NOUN,3,B
authority,NOUN,5,C
activity,NOUN,4,B
authority,NOUN,4,B
availability,NOUN,4,B
charity,NOUN,6,C
ability,NOUN,3,B
charity,NOUN,3,B
capability,NOUN,5,C
ambiguity,NOUN,6,C
alternative,NOUN,4,B
authorize,VERB,5,C
appointment,NOUN,2,A
arrangement,NOUN,4,B
attachment,NOUN,4,B
announcement,NOUN,3,B
amusement,NOUN,4,B
amendment,NOUN,5,C
attachment,NOUN,6,C
awareness,NOUN,5,C
closeness,NOUN,5,C
closeness,NOUN,5,C
blindness,NOUN,6,C
clumsiness,NOUN,6,C
coldness,NOUN,6,C
author,NOUN,3,B
calculator,NOUN,3,B
ambassador,NOUN,4,B
administrator,NOUN,5,C
anchor,NOUN,6,C
anchor,NOUN,6,C
bomber,NOUN,4,B
bomber,NOUN,6,C
alcoholic,NOUN,6,C
board,NOUN,1,A
child,NOUN,1,A
cinema,NOUN,1,A
city,NOUN,1,A
classroom,NOUN,1,A
clock,NOUN,1,A
actor,NOUN,2,A
adjective,NOUN,2,A
adverb,NOUN,2,A
album,NOUN,2,A
ambulance,NOUN,2,A
answer,NOUN,2,A
balloon,NOUN,2,A
barbecue,NOUN,2,A
battery,NOUN,2,A
bill,NOUN,2,A
body,NOUN,2,A
box,NOUN,2,A
break,NOUN,2,A
bridge,NOUN,2,A
brush,NOUN,2,A
calendar,NOUN,2,A
call,NOUN,2,A
case,NOUN,2,A
centre,NOUN,2,A
century,NOUN,2,A
chef,NOUN,2,A
class,NOUN,2,A
classmate,NOUN,2,A
click,NOUN,2,A
colleague,NOUN,2,A
accountant,NOUN,3,B
age,NOUN,3,B
aim,NOUN,3,B
airline,NOUN,3,B
alarm,NOUN,3,B
answer,NOUN,3,B
antique,NOUN,3,B
article,NOUN,3,B
athlete,NOUN,3,B
backpack,NOUN,3,B
bell,NOUN,3,B
block,NOUN,3,B
blog,NOUN,3,B
book,NOUN,3,B
branch,NOUN,3,B
break,NOUN,3,B
bucket,NOUN,3,B
canal,NOUN,3,B
case,NOUN,3,B
cashpoint,NOUN,3,B
chance,NOUN,3,B
checkout,NOUN,3,B
clinic,NOUN,3,B
coach,NOUN,3,B
affair,NOUN,4,B
agent,NOUN,4,B
animal,NOUN,4,B
approach,NOUN,4,B
area,NOUN,4,B
aspect,NOUN,4,B
bakery,NOUN,4,B
bang,NOUN,4,B
bar,NOUN,4,B
bargain,NOUN,4,B
barrier,NOUN,4,B
base,NOUN,4,B
basis,NOUN,4,B
battle,NOUN,4,B
beam,NOUN,4,B
bell,NOUN,4,B
bend,NOUN,4,B
billion,NOUN,4,B
blade,NOUN,4,B
board,NOUN,4,B
bonus,NOUN,4,B
bonus,NOUN,4,B
bow,NOUN,4,B
breakthrough,NOUN,4,B
bullet,NOUN,4,B
candidate,NOUN,4,B
carnival,NOUN,4,B
category,NOUN,4,B
cause,NOUN,4,B
cell,NOUN,4,B
cemetery,NOUN,4,B
chain,NOUN,4,B
citizen,NOUN,4,B
claim,NOUN,4,B
clause,NOUN,4,B
clue,NOUN,4,B
accessory,NOUN,5,C
agency,NOUN,5,C
agenda,NOUN,5,C
aid,NOUN,5,C
ally,NOUN,5,C
amateur,NOUN,5,C
amateur,NOUN,5,C
angle,NOUN,5,C
angle,NOUN,5,C
asset,NOUN,5,C
assignment,NOUN,5,C
avenue,NOUN,5,C
basis,NOUN,5,C
basis,NOUN,5,C
boundary,NOUN,5,C
boundary,NOUN,5,C
bracket,NOUN,5,C
brain,NOUN,5,C
break,NOUN,5,C
breakdown,NOUN,5,C
bubble,NOUN,5,C
burden,NOUN,5,C
call,NOUN,5,C
campaign,NOUN,5,C
campaign,NOUN,5,C
cause,NOUN,5,C
charge,NOUN,5,C
chore,NOUN,5,C
clutch,NOUN,5,C
code,NOUN,5,C
column,NOUN,5,C
advocate,NOUN,6,C
agenda,NOUN,6,C
ally,NOUN,6,C
arch,NOUN,6,C
arm,NOUN,6,C
assembly,NOUN,6,C
attribute,NOUN,6,C
avenue,NOUN,6,C
band,NOUN,6,C
bar,NOUN,6,C
barn,NOUN,6,C
base,NOUN,6,C
base,NOUN,6,C
battle,NOUN,6,C
bed,NOUN,6,C
bet,NOUN,6,C
bid,NOUN,6,C
blanket,NOUN,6,C
blend,NOUN,6,C
block,NOUN,6,C
blow,NOUN,6,C
blow,NOUN,6,C
break,NOUN,6,C
breakdown,NOUN,6,C
bridge,NOUN,6,C
buzz,NOUN,6,C
care,NOUN,6,C
case,NOUN,6,C
ceiling,NOUN,6,C
certainty,NOUN,6,C
challenge,NOUN,6,C
champion,NOUN,6,C
chancellor,NOUN,6,C
charm,NOUN,6,C
chest,NOUN,6,C
chill,NOUN,6,C
circuit,NOUN,6,C
circuit,NOUN,6,C
circuit,NOUN,6,C
civilian,NOUN,6,C
clash,NOUN,6,C
clash,NOUN,6,C
climate,NOUN,6,C
biology,NOUN,2,A
chicken,NOUN,2,A
access,NOUN,3,B
behaviour,NOUN,3,B
care,NOUN,3,B
chance,NOUN,3,B
absence,NOUN,4,B
agriculture,NOUN,4,B
balance,NOUN,4,B
board,NOUN,4,B
cardboard,NOUN,4,B
centigrade,NOUN,4,B
chaos,NOUN,4,B
cloth,NOUN,4,B
aid,NOUN,5,C
applause,NOUN,5,C
archaeology,NOUN,5,C
brass,NOUN,5,C
coal,NOUN,5,C
age,NOUN,6,C
alarm,NOUN,6,C
assembly,NOUN,6,C
awe,NOUN,6,C
baggage,NOUN,6,C
bark,NOUN,6,C
blackmail,NOUN,6,C
blood,NOUN,6,C
bribery,NOUN,6,C
bureaucracy,NOUN,6,C
cause,NOUN,6,C
colour,NOUN,6,C
colour,NOUN,6,C
afternoon,NOUN,1,A
age,NOUN,1,A
April,NOUN,1,A
August,NOUN,1,A
building,NOUN,2,A
chain,NOUN,2,A
change,NOUN,2,A
change,NOUN,2,A
college,NOUN,2,A
advantage,NOUN,3,B
attack,NOUN,3,B
battle,NOUN,3,B
benefit,NOUN,3,B
challenge,NOUN,3,B
chance,NOUN,3,B
charge,NOUN,3,B
cod,NOUN,3,B
absence,NOUN,4,B
advance,NOUN,4,B
advantage,NOUN,4,B
analysis,NOUN,4,B
backup,NOUN,4,B
belief,NOUN,4,B
campus,NOUN,4,B
class,NOUN,4,B
collapse,NOUN,4,B
art,NOUN,5,C
analogy,NOUN,6,C
bias,NOUN,6,C
bureaucracy,NOUN,6,C
burial,NOUN,6,C
cargo,NOUN,6,C
catastrophe,NOUN,6,C
belongings,NOUN,4,B
bacteria,NOUN,5,C
bottom,NOUN,2,A
atmosphere,NOUN,3,B
bottom,NOUN,3,B
background,NOUN,4,B
brush,NOUN,4,B
act,NOUN,6,C
air,NOUN,6,C
buzz,NOUN,6,C
chill,NOUN,6,C
change,NOUN,3,B
begin,VERB,1,A
come,VERB,1,A
arrive,VERB,2,A
chat,VERB,2,A
close,VERB,2,A
appear,VERB,3,B
appear,VERB,3,B
apply,VERB,3,B
blog,VERB,3,B
burn,VERB,3,B
agree,VERB,4,B
apply,VERB,4,B
belong,VERB,4,B
brake,VERB,4,B
climb,VERB,4,B
collapse,VERB,4,B
collapse,VERB,4,B
come,VERB,4,B
agree,VERB,5,C
arise,VERB,5,C
beware,VERB,5,C
collaborate,VERB,5,C
appeal,VERB,6,C
bubble,VERB,6,C
buzz,VERB,6,C
buzz,VERB,6,C
clash,VERB,6,C
clash,VERB,6,C
clash,VERB,6,C
coincide,VERB,6,C
coincide,VERB,6,C
collapse,VERB,6,C
buy,VERB,1,A
believe,VERB,2,A
accompany,VERB,3,B
admire,VERB,3,B
allow,VERB,3,B
answer,VERB,3,B
change,VERB,3,B
comb,VERB,3,B
abandon,VERB,4,B
abolish,VERB,4,B
absorb,VERB,4,B
accept,VERB,4,B
accept,VERB,4,B
accuse,VERB,4,B
affect,VERB,4,B
amuse,VERB,4,B
approach,VERB,4,B
balance,VERB,4,B
block,VERB,4,B
boost,VERB,4,B
burn,VERB,4,B
catch,VERB,4,B
catch,VERB,4,B
cause,VERB,4,B
chop,VERB,4,B
abandon,VERB,5,C
absorb,VERB,5,C
accomplish,VERB,5,C
acknowledge,VERB,5,C
address,VERB,5,C
alarm,VERB,5,C
allocate,VERB,5,C
allow,VERB,5,C
anticipate,VERB,5,C
apply,VERB,5,C
assign,VERB,5,C
associate,VERB,5,C
assure,VERB,5,C
attain,VERB,5,C
beat,VERB,5,C
block,VERB,5,C
bully,VERB,5,C
cap,VERB,5,C
classify,VERB,5,C
address,VERB,6,C
advocate,VERB,6,C
alert,VERB,6,C
allow,VERB,6,C
amend,VERB,6,C
appreciate,VERB,6,C
arouse,VERB,6,C
assemble,VERB,6,C
attach,VERB,6,C
back,VERB,6,C
bind,VERB,6,C
bind,VERB,6,C
blackmail,VERB,6,C
block,VERB,6,C
boast,VERB,6,C
carry,VERB,6,C
carry,VERB,6,C
chase,VERB,6,C
cloud,VERB,6,C
colour,VERB,6,C
begin,VERB,2,A
break,VERB,2,A
break,VERB,2,A
call,VERB,2,A
change,VERB,2,A
change,VERB,2,A
change,VERB,2,A
click,VERB,2,A
accept,VERB,3,B
agree,VERB,3,B
attack,VERB,3,B
bite,VERB,3,B
boil,VERB,3,B
break,VERB,3,B
burn,VERB,3,B
charge,VERB,3,B
check,VERB,3,B
alter,VERB,4,B
bend,VERB,4,B
benefit,VERB,4,B
blink,VERB,4,B
bother,VERB,4,B
bounce,VERB,4,B
break,VERB,4,B
burst,VERB,4,B
chew,VERB,4,B
chew,VERB,4,B
close,VERB,4,B
coach,VERB,4,B
collect,VERB,4,B
accelerate,VERB,5,C
accumulate,VERB,5,C
allow,VERB,5,C
applaud,VERB,5,C
bet,VERB,5,C
broaden,VERB,5,C
cater,VERB,5,C
arch,VERB,6,C
assemble,VERB,6,C
battle,VERB,6,C
beat,VERB,6,C
break,VERB,6,C
catch,VERB,6,C
circle,VERB,6,C
click,VERB,6,C
angel,NOUN,3,B
barman,NOUN,3,B
bomb,NOUN,3,B
chapel,NOUN,6,C
abuse,NOUN,4,B
abuse,NOUN,4,B
bombing,NOUN,4,B
abuse,NOUN,5,C
assault,NOUN,6,C
combat,NOUN,6,C
bribe,VERB,5,C
assault,VERB,6,C
combat,VERB,6,C
boiling,ADJ,4,B
bear,VERB,6,C
adjacent,ADJ,6,C
awesome,ADJ,2,A
big,ADJ,5,C
blue,ADJ,6,C
cast,VERB,6,C
acceptable,ADJ,3,B
capable,ADJ,4,B
available,ADJ,2,A
clinical,ADJ,5,C
alphabetical,ADJ,4,B
additional,ADJ,4,B
artificial,ADJ,4,B
beneficial,ADJ,4,B
chemical,ADJ,4,B
coastal,ADJ,4,B
artificial,ADJ,6,C
clinical,ADJ,6,C
arrogant,ADJ,4,B
animated,ADJ,3,B
addicted,ADJ,4,B
advanced,ADJ,2,A
advanced,ADJ,3,B
boiled,ADJ,2,A
canned,ADJ,4,B
bored,ADJ,1,A
amazed,ADJ,3,B
annoyed,ADJ,3,B
ashamed,ADJ,3,B
addicted,ADJ,4,B
amused,ADJ,4,B
astonished,ADJ,4,B
bad-tempered,ADJ,4,B
bothered,ADJ,4,B
animated,ADJ,6,C
closed,ADJ,6,C
adopted,ADJ,4,B
closed,ADJ,1,A
better,ADJ,1,A
better,ADJ,1,A
beautiful,ADJ,1,A
colourful,ADJ,3,B
beautiful,ADJ,1,A
careful,ADJ,2,A
cheerful,ADJ,3,B
cheerful,ADJ,4,B
artistic,ADJ,4,B
classic,ADJ,4,B
chronic,ADJ,6,C
basic,ADJ,3,B
basic,ADJ,3,B
basic,ADJ,3,B
authentic,ADJ,5,C
academic,ADJ,4,B
academic,ADJ,6,C
apologetic,ADJ,6,C
charismatic,ADJ,6,C
atomic,ADJ,4,B
automatic,ADJ,4,B
amazing,ADJ,2,A
amusing,ADJ,3,B
appalling,ADJ,5,C
appalling,ADJ,6,C
boring,ADJ,1,A
amazing,ADJ,3,B
annoying,ADJ,3,B
charming,ADJ,3,B
astonishing,ADJ,4,B
caring,ADJ,4,B
circulation,NOUN,6,C
circulation,NOUN,6,C
childish,ADJ,4,B
childish,ADJ,4,B
capitalist,ADJ,6,C
active,ADJ,5,C
attractive,ADJ,2,A
aggressive,ADJ,4,B
assertive,ADJ,6,C
careless,ADJ,3,B
actually,ADV,2,A
badly,ADV,2,A
badly,ADV,2,A
certainly,ADV,2,A
certainly,ADV,2,A
clearly,ADV,2,A
absolutely,ADV,3,B
actually,ADV,3,B
clearly,ADV,3,B
actually,ADV,4,B
admittedly,ADV,4,B
alternatively,ADV,4,B
apparently,ADV,4,B
apparently,ADV,4,B
basically,ADV,5,C
badly,ADV,2,A
approximately,ADV,3,B
adequately,ADV,4,B
badly,ADV,4,B
barely,ADV,4,B
brightly,ADV,4,B
beautifully,ADV,3,B
amazingly,ADV,3,B
angrily,ADV,3,B
bravely,ADV,3,B
aggressively,ADV,4,B
anxiously,ADV,4,B
boldly,ADV,4,B
brilliantly,ADV,4,B
calmly,ADV,4,B
carelessly,ADV,4,B
cheerfully,ADV,4,B
closely,ADV,4,B
automatically,ADV,4,B
arrangement,NOUN,3,B
anxious,ADJ,3,B
adventurous,ADJ,4,B
ambitious,ADJ,4,B
anxious,ADJ,4,B
cautious,ADJ,4,B
bloody,ADJ,4,B
chatty,ADJ,5,C
bulky,ADJ,5,C
cloudy,ADJ,2,A
chatty,ADJ,5,C
alcoholic,ADJ,3,B
alcoholic,ADJ,6,C
biological,ADJ,4,B
abstract,ADJ,4,B
band,NOUN,1,A
audience,NOUN,3,B
audience,NOUN,4,B
cast,NOUN,4,B
choir,NOUN,4,B
alright,ADJ,2,A
alive,ADJ,3,B
asleep,ADJ,3,B
awake,ADJ,3,B
blind,ADJ,3,B
bump,NOUN,5,C
casual,ADJ,3,B
brief,ADJ,3,B
absolute,ADJ,4,B
clichéd,ADJ,6,C
coherent,ADJ,6,C
anyway,ADV,2,A
anyway,ADV,2,A
back,ADV,2,A
anyway,ADV,3,B
besides,ADV,3,B
anyhow,ADV,4,B
anyhow,ADV,4,B
anyhow,ADV,4,B
anyhow,ADV,5,C
bracket,NOUN,4,B
ban,VERB,4,B
bad,ADJ,1,A
best,ADJ,1,A
big,ADJ,1,A
black,ADJ,1,A
blue,ADJ,1,A
brown,ADJ,1,A
clean,ADJ,1,A
close,ADJ,1,A
back,ADJ,2,A
bad,ADJ,2,A
big,ADJ,2,A
bright,ADJ,2,A
brilliant,ADJ,2,A
broken,ADJ,2,A
clear,ADJ,2,A
accurate,ADJ,3,B
ancient,ADJ,3,B
antique,ADJ,3,B
average,ADJ,3,B
awful,ADJ,3,B
bad,ADJ,3,B
bad,ADJ,3,B
blank,ADJ,3,B
bold,ADJ,3,B
brilliant,ADJ,3,B
broad,ADJ,3,B
clever,ADJ,3,B
absurd,ADJ,4,B
adequate,ADJ,4,B
adequate,ADJ,4,B
appropriate,ADJ,4,B
approximate,ADJ,4,B
average,ADJ,4,B
bare,ADJ,4,B
bizarre,ADJ,4,B
breathtaking,ADJ,4,B
circular,ADJ,4,B
abnormal,ADJ,5,C
average,ADJ,5,C
awesome,ADJ,6,C
bland,ADJ,6,C
bleak,ADJ,6,C
above,ADV,1,A
back,ADV,1,A
below,ADV,1,A
above,ADV,2,A
across,ADV,2,A
anywhere,ADV,2,A
around,ADV,2,A
away,ADV,2,A
apart,ADV,3,B
around,ADV,3,B
away,ADV,3,B
behind,ADV,3,B
below,ADV,3,B
alongside,ADV,5,C
beyond,ADV,5,C
bottom,NOUN,1,A
be,VERB,1,A
class,NOUN,1,A
bitter,ADJ,3,B
bland,ADJ,6,C
chip,NOUN,1,A
budget,ADJ,4,B
affluent,ADJ,5,C
bankrupt,ADJ,5,C
asset,NOUN,5,C
award,VERB,4,B
bid,VERB,6,C
calm,ADJ,3,B
clear,ADJ,3,B
arid,ADJ,6,C
bronze,NOUN,6,C
choice,NOUN,3,B
adapt,VERB,4,B
aged,ADJ,2,A
black,ADJ,2,A
blonde,ADJ,2,A
awkward,ADJ,6,C
clever,ADJ,1,A
afraid,ADJ,2,A
angry,ADJ,2,A
afraid,ADJ,3,B
bad,ADJ,3,B
brave,ADJ,3,B
brilliant,ADJ,3,B
calm,ADJ,3,B
certain,ADJ,3,B
cold,ADJ,3,B
aware,ADJ,4,B
bitter,ADJ,4,B
bitter,ADJ,4,B
bitter,ADJ,4,B
bold,ADJ,4,B
bright,ADJ,4,B
bright,ADJ,4,B
clumsy,ADJ,4,B
alert,ADJ,5,C
anti-social,ADJ,5,C
able,ADJ,6,C
abrupt,ADJ,6,C
affectionate,ADJ,6,C
blank,ADJ,6,C
blunt,ADJ,6,C
belief,NOUN,4,B
boost,NOUN,4,B
close,ADJ,2,A
close,ADJ,3,B
away,ADV,5,C
club,NOUN,3,B
broken,ADJ,2,A
bound,ADJ,5,C
abroad,ADV,3,B
aboard,ADV,5,C
busy,ADJ,2,A
busy,ADJ,2,A
chief,ADJ,4,B
casual,ADJ,6,C
board,NOUN,5,C
available,ADJ,2,A
breakable,ADJ,4,B
acceptable,ADJ,5,C
affordable,ADJ,5,C
changeable,ADJ,5,C
accountable,ADJ,6,C
attainable,ADJ,6,C
annual,ADJ,3,B
central,ADJ,3,B
accidental,ADJ,4,B
analytical,ADJ,5,C
bilingual,ADJ,5,C
brutal,ADJ,5,C
central,ADJ,5,C
central,ADJ,5,C
central,ADJ,6,C
classical,ADJ,6,C
closed,ADJ,1,A
abandoned,ADJ,4,B
abandoned,ADJ,4,B
armed,ADJ,4,B
balanced,ADJ,4,B
accepted,ADJ,5,C
acclaimed,ADJ,5,C
alleged,ADJ,5,C
biased,ADJ,5,C
allied,ADJ,6,C
broadminded,ADJ,6,C
better,ADV,2,A
colourful,ADJ,4,B
accessible,ADJ,4,B
accessible,ADJ,6,C
artistic,ADJ,4,B
athletic,ADJ,4,B
chaotic,ADJ,5,C
automatic,ADJ,6,C
automatic,ADJ,6,C
characteristic,ADJ,6,C
burning,ADJ,3,B
challenging,ADJ,3,B
alarming,ADJ,5,C
beginning,NOUN,2,A
aspiration,NOUN,6,C
activity,NOUN,2,A
active,ADJ,3,B
active,ADJ,3,B
active,ADJ,4,B
alternative,ADJ,4,B
alternative,ADJ,4,B
attractive,ADJ,4,B
addictive,ADJ,5,C
administrative,ADJ,5,C
aggressive,ADJ,5,C
abusive,ADJ,6,C
carefully,ADV,2,A
clearly,ADV,2,A
accurately,ADV,3,B
briefly,ADV,3,B
accidentally,ADV,4,B
actively,ADV,4,B
additionally,ADV,4,B
annually,ADV,4,B
appropriately,ADV,4,B
artificially,ADV,4,B
automatically,ADV,4,B
basically,ADV,4,B
casually,ADV,4,B
broadly,ADV,5,C
closely,ADV,5,C
closely,ADV,5,C
anchor,VERB,6,C
anchor,VERB,6,C
ambitious,ADJ,4,B
ambiguous,ADJ,6,C
analogous,ADJ,6,C
anonymous,ADJ,6,C
bossy,ADJ,4,B
cheeky,ADJ,4,B
bloody,ADJ,5,C
chilly,ADJ,5,C
bloody,ADJ,6,C
cheap,ADJ,1,A
cold,ADJ,1,A
adult,ADJ,2,A
alone,ADJ,2,A
alright,ADJ,2,A
alright,ADJ,2,A
busy,ADJ,2,A
clear,ADJ,2,A
absent,ADJ,3,B
alike,ADJ,3,B
alright,ADJ,3,B
bald,ADJ,3,B
bright,ADJ,3,B
certain,ADJ,3,B
certain,ADJ,3,B
clear,ADJ,3,B
abstract,ADJ,4,B
actual,ADJ,4,B
apparent,ADJ,4,B
awkward,ADJ,4,B
bad,ADJ,4,B
bare,ADJ,4,B
bitter,ADJ,4,B
casual,ADJ,4,B
chief,ADJ,4,B
close,ADJ,4,B
adult,ADJ,5,C
amateur,ADJ,5,C
ample,ADJ,5,C
anti-social,ADJ,5,C
apparent,ADJ,5,C
bad,ADJ,5,C
cheap,ADJ,5,C
civil,ADJ,5,C
clear,ADJ,5,C
close,ADJ,5,C
abrupt,ADJ,6,C
ahead,ADJ,6,C
alive,ADJ,6,C
alive,ADJ,6,C
alone,ADJ,6,C
arbitrary,ADJ,6,C
backward,ADJ,6,C
bare,ADJ,6,C
bare,ADJ,6,C
bleak,ADJ,6,C
blunt,ADJ,6,C
bronze,ADJ,6,C
bronze,ADJ,6,C
carefree,ADJ,6,C
circular,ADJ,6,C
clean,ADJ,6,C
close,ADJ,6,C
coherent,ADJ,6,C
about,ADV,1,A
again,ADV,1,A
also,ADV,1,A
always,ADV,1,A
a.m.,ADV,1,A
best,ADV,1,A
after,ADV,2,A
afterwards,ADV,2,A
again,ADV,2,A
ago,ADV,2,A
all,ADV,2,A
almost,ADV,2,A
already,ADV,2,A
always,ADV,2,A
always,ADV,2,A
anymore,ADV,2,A
anywhere,ADV,2,A
away,ADV,2,A
before,ADV,2,A
above,ADV,3,B
ahead,ADV,3,B
ahead,ADV,3,B
along,ADV,3,B
along,ADV,3,B
aloud,ADV,3,B
already,ADV,3,B
altogether,ADV,3,B
any,ADV,3,B
around,ADV,3,B
back,ADV,3,B
backwards,ADV,3,B
behind,ADV,3,B
besides,ADV,3,B
best,ADV,3,B
about,ADV,4,B
ahead,ADV,4,B
alike,ADV,4,B
alike,ADV,4,B
altogether,ADV,4,B
altogether,ADV,4,B
always,ADV,4,B
apart,ADV,4,B
apart,ADV,4,B
aside,ADV,4,B
aside,ADV,4,B
away,ADV,4,B
back,ADV,4,B
back,ADV,4,B
back,ADV,4,B
alongside,ADV,5,C
behind,ADV,5,C
between,ADV,5,C
between,ADV,5,C
above,ADV,6,C
abruptly,ADV,6,C
allegedly,ADV,6,C
around,ADV,6,C
away,ADV,6,C
below,ADV,6,C
beyond,ADV,6,C
bottom,NOUN,2,A
club,NOUN,2,A
choice,NOUN,3,B
choice,NOUN,3,B
club,NOUN,3,B
background,NOUN,4,B
balance,NOUN,4,B
character,NOUN,4,B
circumstance,NOUN,4,B
alert,NOUN,5,C
bronze,NOUN,5,C
bump,NOUN,5,C
army,NOUN,6,C
belief,NOUN,6,C
body,NOUN,6,C
bundle,NOUN,6,C
casualty,NOUN,6,C
casualty,NOUN,6,C
cheer,NOUN,6,C
closure,NOUN,6,C
accompany,VERB,3,B
affect,VERB,4,B
charge,VERB,4,B
alternate,VERB,5,C
bear,VERB,5,C
cast,VERB,6,C
channel,VERB,6,C
charm,VERB,6,C
close,VERB,6,C
coin,VERB,6,C
establishment,NOUN,5,C
contract,VERB,6,C
conclude,VERB,5,C
exam,NOUN,2,A
discipline,NOUN,6,C
expenditure,NOUN,6,C
ensure,VERB,4,B
descend,VERB,4,B
dad,NOUN,1,A
fancy,VERB,4,B
depart,VERB,3,B
duration,NOUN,5,C
elapse,VERB,6,C
excel,VERB,6,C
consume,VERB,4,B
comprise,VERB,5,C
comprise,VERB,5,C
desire,VERB,5,C
employ,VERB,5,C
engage,VERB,5,C
enhance,VERB,5,C
evaluate,VERB,5,C
facilitate,VERB,5,C
compromise,VERB,6,C
deem,VERB,6,C
disclose,VERB,6,C
endorse,VERB,6,C
enjoy,VERB,6,C
eradicate,VERB,6,C
erode,VERB,6,C
examine,VERB,6,C
exemplify,VERB,6,C
exercise,VERB,6,C
commence,VERB,6,C
crush,NOUN,6,C
dump,NOUN,6,C
devil,NOUN,6,C
disapproval,NOUN,5,C
dismissal,NOUN,5,C
dissatisfaction,NOUN,4,B
disability,NOUN,4,B
disagreement,NOUN,4,B
dishonesty,NOUN,4,B
disorder,NOUN,5,C
disagree,VERB,3,B
discourage,VERB,4,B
disrespect,NOUN,5,C
disgust,NOUN,6,C
disapprove,VERB,4,B
dislike,VERB,3,B
commercial,NOUN,4,B
criminal,NOUN,3,B
disposal,NOUN,4,B
conference,NOUN,3,B
confidence,NOUN,4,B
dancer,NOUN,2,A
examiner,NOUN,3,B
cooker,NOUN,2,A
dishwasher,NOUN,3,B
customer,NOUN,2,A
diver,NOUN,3,B
consumer,NOUN,4,B
defender,NOUN,4,B
counter,NOUN,6,C
computer,NOUN,1,A
farmer,NOUN,2,A
employer,NOUN,3,B
ending,NOUN,3,B
crossing,NOUN,3,B
farming,NOUN,3,B
composition,NOUN,4,B
edition,NOUN,4,B
composition,NOUN,6,C
composition,NOUN,6,C
exhibition,NOUN,3,B
condition,NOUN,4,B
complexion,NOUN,6,C
complication,NOUN,6,C
constitution,NOUN,6,C
examination,NOUN,4,B
construction,NOUN,4,B
definition,NOUN,4,B
expression,NOUN,4,B
communication,NOUN,3,B
conversation,NOUN,1,A
description,NOUN,3,B
discussion,NOUN,3,B
explanation,NOUN,3,B
confession,NOUN,4,B
confirmation,NOUN,4,B
expression,NOUN,4,B
conviction,NOUN,6,C
devastation,NOUN,6,C
examination,NOUN,2,A
construction,NOUN,4,B
concession,NOUN,6,C
depression,NOUN,6,C
conservation,NOUN,4,B
evolution,NOUN,4,B
decision,NOUN,3,B
cooperation,NOUN,4,B
contribution,NOUN,4,B
demonstration,NOUN,5,C
disposition,NOUN,6,C
determination,NOUN,4,B
exhaustion,NOUN,4,B
confusion,NOUN,4,B
constitution,NOUN,5,C
election,NOUN,3,B
competition,NOUN,2,A
division,NOUN,4,B
destination,NOUN,3,B
expedition,NOUN,3,B
connection,NOUN,4,B
congestion,NOUN,5,C
division,NOUN,4,B
competition,NOUN,4,B
criticism,NOUN,4,B
cyclist,NOUN,3,B
creativity,NOUN,4,B
curiosity,NOUN,4,B
community,NOUN,4,B
electricity,NOUN,2,A
entertainment,NOUN,3,B
encouragement,NOUN,4,B
development,NOUN,3,B
disappointment,NOUN,3,B
disappointment,NOUN,3,B
excitement,NOUN,3,B
enjoyment,NOUN,4,B
commitment,NOUN,4,B
embarrassment,NOUN,4,B
equipment,NOUN,3,B
employment,NOUN,3,B
consciousness,NOUN,4,B
eagerness,NOUN,4,B
coolness,NOUN,6,C
coolness,NOUN,6,C
escalator,NOUN,4,B
competitor,NOUN,3,B
director,NOUN,3,B
counsellor,NOUN,6,C
enquiry,NOUN,3,B
delivery,NOUN,3,B
discovery,NOUN,4,B
contraception,NOUN,6,C
extremist,NOUN,6,C
contraceptive,NOUN,6,C
cow,NOUN,1,A
dog,NOUN,1,A
dinosaur,NOUN,2,A
duck,NOUN,2,A
elephant,NOUN,2,A
creature,NOUN,3,B
dolphin,NOUN,3,B
donkey,NOUN,3,B
crocodile,NOUN,4,B
deer,NOUN,4,B
eagle,NOUN,4,B
egg,NOUN,4,B
cry,NOUN,6,C
comic,NOUN,2,A
concert,NOUN,2,A
dance,NOUN,2,A
drum,NOUN,2,A
disc,NOUN,3,B
display,NOUN,3,B
documentary,NOUN,3,B
display,NOUN,4,B
episode,NOUN,4,B
extra,NOUN,5,C
dance,NOUN,2,A
culture,NOUN,3,B
coverage,NOUN,5,C
comedy,NOUN,3,B
drama,NOUN,3,B
craft,NOUN,4,B
contents,NOUN,3,B
contents,NOUN,4,B
compose,VERB,4,B
conduct,VERB,4,B
ear,NOUN,1,A
eye,NOUN,1,A
face,NOUN,1,A
cough,NOUN,3,B
cut,NOUN,3,B
diet,NOUN,3,B
elbow,NOUN,3,B
cure,NOUN,4,B
dose,NOUN,4,B
drug,NOUN,4,B
drug,NOUN,4,B
eyebrow,NOUN,4,B
eyelid,NOUN,4,B
corpse,NOUN,6,C
disc,NOUN,6,C
donor,NOUN,6,C
eyesight,NOUN,4,B
digestion,NOUN,5,C
diarrhoea,NOUN,6,C
disease,NOUN,3,B
earache,NOUN,3,B
deodorant,NOUN,5,C
diagnosis,NOUN,6,C
do,VERB,2,A
faint,VERB,4,B
cut,VERB,3,B
cure,VERB,4,B
digest,VERB,5,C
diagnose,VERB,6,C
develop,VERB,4,B
conceive,VERB,6,C
dress,NOUN,1,A
earring,NOUN,2,A
dress,NOUN,4,B
costume,NOUN,4,B
dress,VERB,3,B
cross,NOUN,1,A
document,NOUN,2,A
envelope,NOUN,2,A
comma,NOUN,3,B
comment,NOUN,3,B
consonant,NOUN,3,B
cry,NOUN,3,B
demand,NOUN,3,B
diagram,NOUN,3,B
entry,NOUN,3,B
excuse,NOUN,3,B
excuse,NOUN,3,B
command,NOUN,4,B
dash,NOUN,4,B
draft,NOUN,4,B
contact,NOUN,3,B
data,NOUN,4,B
complaint,NOUN,3,B
compromise,NOUN,4,B
defence,NOUN,4,B
emphasis,NOUN,4,B
dialect,NOUN,6,C
dialogue,NOUN,6,C
dispute,NOUN,6,C
directions,NOUN,2,A
complain,VERB,3,B
count,VERB,3,B
communicate,VERB,4,B
compromise,VERB,4,B
describe,VERB,2,A
discuss,VERB,2,A
convince,VERB,3,B
date,VERB,3,B
demand,VERB,3,B
encourage,VERB,3,B
encourage,VERB,3,B
excuse,VERB,3,B
confirm,VERB,4,B
defend,VERB,4,B
define,VERB,4,B
deny,VERB,4,B
emphasize,VERB,4,B
excuse,VERB,4,B
expose,VERB,4,B
express,VERB,4,B
condemn,VERB,6,C
explain,VERB,2,A
communicate,VERB,3,B
confirm,VERB,3,B
cry,VERB,3,B
comment,VERB,4,B
confess,VERB,4,B
decline,VERB,4,B
enquire,VERB,4,B
exclaim,VERB,6,C
crime,NOUN,3,B
crime,NOUN,3,B
custody,NOUN,6,C
court,NOUN,4,B
defend,VERB,5,C
convict,VERB,6,C
degree,NOUN,2,A
dozen,NOUN,3,B
drop,NOUN,3,B
extra,NOUN,3,B
curve,NOUN,4,B
diamond,NOUN,4,B
dimension,NOUN,4,B
disc,NOUN,4,B
fake,NOUN,6,C
cream,NOUN,2,A
depth,NOUN,3,B
distance,NOUN,3,B
degree,NOUN,4,B
couple,NOUN,3,B
drop,NOUN,4,B
extent,NOUN,4,B
drop,VERB,4,B
course,NOUN,1,A
dictionary,NOUN,1,A
diploma,NOUN,2,A
exercise,NOUN,2,A
curriculum,NOUN,3,B
degree,NOUN,3,B
exchange,NOUN,3,B
credit,NOUN,4,B
dissertation,NOUN,5,C
discipline,NOUN,4,B
do,VERB,1,A
fail,VERB,2,A
cup,NOUN,1,A
course,NOUN,2,A
dish,NOUN,2,A
dish,NOUN,2,A
date,NOUN,5,C
core,NOUN,6,C
dash,NOUN,6,C
cream,NOUN,2,A
corn,NOUN,3,B
dinner,NOUN,1,A
drink,NOUN,1,A
egg,NOUN,1,A
curry,NOUN,2,A
dessert,NOUN,2,A
drink,NOUN,2,A
courgette,NOUN,3,B
cucumber,NOUN,3,B
fat,NOUN,4,B
dice,VERB,6,C
desk,NOUN,1,A
door,NOUN,1,A
farm,NOUN,1,A
cupboard,NOUN,2,A
curtain,NOUN,2,A
drawer,NOUN,2,A
entrance,NOUN,2,A
exit,NOUN,2,A
cottage,NOUN,3,B
cushion,NOUN,3,B
dustbin,NOUN,3,B
duvet,NOUN,3,B
corridor,NOUN,4,B
estate,NOUN,4,B
doorway,NOUN,6,C
facilities,NOUN,3,B
dollar,NOUN,1,A
euro,NOUN,2,A
debit,NOUN,4,B
debt,NOUN,4,B
economy,NOUN,4,B
crash,NOUN,5,C
donor,NOUN,6,C
debt,NOUN,4,B
cover,NOUN,5,C
credit,NOUN,3,B
currency,NOUN,3,B
expense,NOUN,4,B
expenses,NOUN,5,C
crash,VERB,5,C
debit,VERB,4,B
compensate,VERB,5,C
cover,VERB,5,C
cover,VERB,5,C
continent,NOUN,3,B
district,NOUN,3,B
earthquake,NOUN,4,B
element,NOUN,4,B
countryside,NOUN,2,A
copper,NOUN,4,B
daylight,NOUN,4,B
earth,NOUN,4,B
coral,NOUN,6,C
desert,NOUN,2,A
dawn,NOUN,4,B
diamond,NOUN,4,B
earth,NOUN,3,B
erupt,VERB,6,C
erode,VERB,6,C
experiment,NOUN,3,B
estimate,NOUN,4,B
consumption,NOUN,5,C
effort,NOUN,3,B
exchange,NOUN,3,B
conflict,NOUN,4,B
escape,NOUN,5,C
dash,NOUN,4,B
fall,VERB,2,A
escape,VERB,3,B
cooperate,VERB,4,B
cope,VERB,4,B
crawl,VERB,4,B
dash,VERB,4,B
experiment,VERB,4,B
do,VERB,1,A
complete,VERB,2,A
complete,VERB,2,A
copy,VERB,2,A
cover,VERB,2,A
do,VERB,2,A
control,VERB,3,B
count,VERB,3,B
create,VERB,3,B
damage,VERB,3,B
decorate,VERB,3,B
defend,VERB,3,B
design,VERB,3,B
destroy,VERB,3,B
develop,VERB,3,B
discover,VERB,3,B
exchange,VERB,3,B
conduct,VERB,4,B
construct,VERB,4,B
control,VERB,4,B
copy,VERB,4,B
cut,VERB,4,B
demolish,VERB,4,B
deny,VERB,4,B
deprive,VERB,4,B
dip,VERB,4,B
disrupt,VERB,4,B
distinguish,VERB,4,B
distract,VERB,4,B
distribute,VERB,4,B
disturb,VERB,4,B
drag,VERB,4,B
drop,VERB,4,B
enable,VERB,4,B
estimate,VERB,4,B
examine,VERB,4,B
exploit,VERB,4,B
exploit,VERB,4,B
explore,VERB,4,B
extend,VERB,4,B
extract,VERB,4,B
consume,VERB,5,C
cross,VERB,2,A
cut,VERB,2,A
decide,VERB,2,A
delay,VERB,2,A
end,VERB,2,A
connect,VERB,3,B
continue,VERB,3,B
decorate,VERB,3,B
deliver,VERB,3,B
dig,VERB,3,B
divide,VERB,3,B
drop,VERB,3,B
explore,VERB,3,B
face,VERB,3,B
fasten,VERB,3,B
convert,VERB,4,B
copy,VERB,4,B
crack,VERB,4,B
distinguish,VERB,4,B
dominate,VERB,4,B
elegance,NOUN,5,C
cream,NOUN,3,B
dream,NOUN,3,B
experience,NOUN,3,B
coward,NOUN,4,B
extrovert,NOUN,5,C
fake,NOUN,6,C
fanatic,NOUN,6,C
experience,NOUN,3,B
comfort,NOUN,4,B
command,NOUN,4,B
courage,NOUN,4,B
courtesy,NOUN,4,B
credit,NOUN,4,B
despair,NOUN,4,B
disgrace,NOUN,4,B
enthusiasm,NOUN,4,B
envy,NOUN,4,B
faith,NOUN,4,B
fame,NOUN,4,B
control,NOUN,5,C
discipline,NOUN,5,C
distress,NOUN,5,C
drive,NOUN,5,C
enterprise,NOUN,5,C
dignity,NOUN,6,C
diplomacy,NOUN,6,C
empathy,NOUN,6,C
doubt,NOUN,3,B
concern,NOUN,4,B
concern,NOUN,4,B
cruelty,NOUN,4,B
delight,NOUN,4,B
depth,NOUN,4,B
desire,NOUN,4,B
emotion,NOUN,4,B
cry,VERB,2,A
enjoy,VERB,1,A
control,VERB,3,B
disappoint,VERB,3,B
experience,VERB,3,B
fancy,VERB,3,B
confuse,VERB,4,B
doubt,VERB,4,B
draw,VERB,4,B
endure,VERB,4,B
envy,VERB,4,B
face,VERB,4,B
corrupt,VERB,5,C
declaration,NOUN,5,C
deputy,NOUN,5,C
coup,NOUN,6,C
delegation,NOUN,6,C
defence,NOUN,5,C
diplomacy,NOUN,6,C
democracy,NOUN,4,B
control,VERB,4,B
daughter,NOUN,1,A
father,NOUN,1,A
cousin,NOUN,2,A
date,NOUN,3,B
enemy,NOUN,3,B
companion,NOUN,4,B
darling,NOUN,4,B
daughter-in-law,NOUN,4,B
father-in-law,NOUN,4,B
company,NOUN,4,B
culture,NOUN,3,B
divorce,NOUN,3,B
divorce,VERB,4,B
doll,NOUN,1,A
contest,NOUN,3,B
course,NOUN,3,B
court,NOUN,3,B
cup,NOUN,3,B
defeat,NOUN,3,B
dice,NOUN,6,C
cricket,NOUN,2,A
defence,NOUN,3,B
export,NOUN,4,B
eliminate,VERB,5,C
draw,VERB,5,C
DVD,NOUN,1,A
disk,NOUN,3,B
document,NOUN,3,B
download,NOUN,3,B
drive,NOUN,3,B
control,NOUN,4,B
cursor,NOUN,4,B
database,NOUN,4,B
desktop,NOUN,4,B
desktop,NOUN,4,B
device,NOUN,4,B
cookie,NOUN,6,C
dot,NOUN,3,B
data,NOUN,4,B
display,NOUN,3,B
failure,NOUN,4,B
crash,VERB,4,B
fail,VERB,4,B
equip,VERB,4,B
display,VERB,4,B
exit,NOUN,2,A
crash,NOUN,3,B
cruise,NOUN,3,B
crossroads,NOUN,4,B
cycle,NOUN,4,B
deck,NOUN,4,B
customs,NOUN,3,B
entry,NOUN,3,B
diesel,NOUN,5,C
departure,NOUN,3,B
cruise,VERB,4,B
commute,VERB,5,C
drop,VERB,5,C
divert,VERB,6,C
company,NOUN,2,A
day,NOUN,2,A
employee,NOUN,3,B
deadline,NOUN,4,B
deal,NOUN,4,B
counterpart,NOUN,5,C
enterprise,NOUN,5,C
executive,NOUN,5,C
developer,NOUN,6,C
duty,NOUN,4,B
dismissal,NOUN,5,C
disappearance,NOUN,4,B
distraction,NOUN,5,C
disruption,NOUN,5,C
distraction,NOUN,5,C
disadvantage,NOUN,3,B
discontent,NOUN,5,C
discrimination,NOUN,5,C
disorder,NOUN,5,C
displacement,NOUN,5,C
discomfort,NOUN,6,C
discomfort,NOUN,6,C
disorder,NOUN,6,C
discomfort,NOUN,5,C
disappear,VERB,3,B
disappear,VERB,3,B
disappear,VERB,4,B
discriminate,VERB,5,C
discriminate,VERB,6,C
dismiss,VERB,5,C
displace,VERB,5,C
distort,VERB,5,C
discourage,VERB,6,C
disqualify,VERB,6,C
disturbance,NOUN,6,C
dominance,NOUN,6,C
endurance,NOUN,6,C
disturbance,NOUN,5,C
consultant,NOUN,4,B
contestant,NOUN,5,C
consequence,NOUN,4,B
convenience,NOUN,5,C
existence,NOUN,5,C
difference,NOUN,6,C
convenience,NOUN,4,B
existence,NOUN,4,B
competence,NOUN,5,C
confidence,NOUN,6,C
difference,NOUN,2,A
difference,NOUN,3,B
driver,NOUN,1,A
designer,NOUN,3,B
composer,NOUN,4,B
container,NOUN,4,B
counter,NOUN,4,B
dealer,NOUN,4,B
determiner,NOUN,4,B
entertainer,NOUN,4,B
commander,NOUN,6,C
ending,NOUN,3,B
crossing,NOUN,5,C
craving,NOUN,6,C
cooking,NOUN,2,A
engineering,NOUN,3,B
counselling,NOUN,6,C
drawing,NOUN,2,A
composition,NOUN,3,B
conclusion,NOUN,3,B
direction,NOUN,3,B
conjunction,NOUN,4,B
consideration,NOUN,4,B
demonstration,NOUN,4,B
explosion,NOUN,4,B
expression,NOUN,4,B
extension,NOUN,4,B
extension,NOUN,4,B
extension,NOUN,4,B
complication,NOUN,5,C
condition,NOUN,5,C
convention,NOUN,5,C
equation,NOUN,5,C
explosion,NOUN,5,C
concession,NOUN,6,C
conclusion,NOUN,6,C
consultation,NOUN,6,C
contradiction,NOUN,6,C
direction,NOUN,6,C
concentration,NOUN,4,B
confusion,NOUN,4,B
confusion,NOUN,4,B
consideration,NOUN,4,B
construction,NOUN,4,B
decoration,NOUN,4,B
destruction,NOUN,4,B
division,NOUN,4,B
evolution,NOUN,4,B
expansion,NOUN,4,B
completion,NOUN,5,C
conservation,NOUN,5,C
corruption,NOUN,5,C
corruption,NOUN,5,C
cultivation,NOUN,5,C
definition,NOUN,5,C
direction,NOUN,5,C
distribution,NOUN,5,C
domination,NOUN,5,C
erosion,NOUN,5,C
extinction,NOUN,5,C
composition,NOUN,6,C
consideration,NOUN,6,C
consultation,NOUN,6,C
distinction,NOUN,6,C
elimination,NOUN,6,C
erosion,NOUN,6,C
connection,NOUN,3,B
correction,NOUN,3,B
connection,NOUN,4,B
creation,NOUN,4,B
decoration,NOUN,4,B
depression,NOUN,4,B
distinction,NOUN,4,B
donation,NOUN,4,B
exception,NOUN,4,B
convention,NOUN,5,C
demonstration,NOUN,5,C
emission,NOUN,5,C
evaluation,NOUN,5,C
exaggeration,NOUN,5,C
exploration,NOUN,5,C
concentration,NOUN,6,C
conception,NOUN,6,C
confrontation,NOUN,6,C
conversion,NOUN,6,C
conviction,NOUN,6,C
dentist,NOUN,2,A
economist,NOUN,4,B
environmentalist,NOUN,5,C
facility,NOUN,4,B
equality,NOUN,4,B
complexity,NOUN,6,C
continuity,NOUN,6,C
credibility,NOUN,6,C
comparative,NOUN,2,A
explosive,NOUN,6,C
commitment,NOUN,4,B
development,NOUN,4,B
development,NOUN,3,B
establishment,NOUN,5,C
development,NOUN,6,C
darkness,NOUN,4,B
coolness,NOUN,5,C
effectiveness,NOUN,5,C
fairness,NOUN,5,C
craziness,NOUN,6,C
consciousness,NOUN,5,C
doctor,NOUN,1,A
director,NOUN,3,B
conductor,NOUN,4,B
editor,NOUN,4,B
emperor,NOUN,5,C
difficulty,NOUN,4,B
discovery,NOUN,5,C
enquiry,NOUN,6,C
difficulty,NOUN,3,B
country,NOUN,1,A
dance,NOUN,1,A
date,NOUN,1,A
day,NOUN,1,A
email,NOUN,1,A
end,NOUN,1,A
example,NOUN,1,A
factory,NOUN,1,A
contact,NOUN,2,A
cook,NOUN,2,A
corner,NOUN,2,A
diary,NOUN,2,A
diary,NOUN,2,A
disco,NOUN,2,A
discount,NOUN,2,A
dream,NOUN,2,A
end,NOUN,2,A
engine,NOUN,2,A
engineer,NOUN,2,A
fact,NOUN,2,A
fan,NOUN,2,A
contract,NOUN,3,B
copy,NOUN,3,B
cover,NOUN,3,B
cover,NOUN,3,B
crop,NOUN,3,B
cross,NOUN,3,B
CV,NOUN,3,B
dance,NOUN,3,B
danger,NOUN,3,B
date,NOUN,3,B
deposit,NOUN,3,B
design,NOUN,3,B
detail,NOUN,3,B
detective,NOUN,3,B
DJ,NOUN,3,B
drive,NOUN,3,B
edge,NOUN,3,B
embassy,NOUN,3,B
essay,NOUN,3,B
event,NOUN,3,B
event,NOUN,3,B
expert,NOUN,3,B
fair,NOUN,3,B
fan,NOUN,3,B
fare,NOUN,3,B
concept,NOUN,4,B
control,NOUN,4,B
copy,NOUN,4,B
county,NOUN,4,B
crash,NOUN,4,B
critic,NOUN,4,B
cut,NOUN,4,B
cycle,NOUN,4,B
decade,NOUN,4,B
dilemma,NOUN,4,B
dimension,NOUN,4,B
diplomat,NOUN,4,B
dive,NOUN,4,B
dive,NOUN,4,B
dot,NOUN,4,B
edge,NOUN,4,B
electrician,NOUN,4,B
element,NOUN,4,B
environment,NOUN,4,B
episode,NOUN,4,B
equal,NOUN,4,B
era,NOUN,4,B
estate,NOUN,4,B
example,NOUN,4,B
extract,NOUN,4,B
factor,NOUN,4,B
faith,NOUN,4,B
fate,NOUN,4,B
comfort,NOUN,5,C
command,NOUN,5,C
commodity,NOUN,5,C
complaint,NOUN,5,C
component,NOUN,5,C
component,NOUN,5,C
criterion,NOUN,5,C
critic,NOUN,5,C
cut,NOUN,5,C
cutback,NOUN,5,C
debut,NOUN,5,C
defect,NOUN,5,C
deficit,NOUN,5,C
delegate,NOUN,5,C
deposit,NOUN,5,C
deposit,NOUN,5,C
design,NOUN,5,C
destiny,NOUN,5,C
developer,NOUN,5,C
directory,NOUN,5,C
divide,NOUN,5,C
dock,NOUN,5,C
domain,NOUN,5,C
draught,NOUN,5,C
drawback,NOUN,5,C
dump,NOUN,5,C
empire,NOUN,5,C
empire,NOUN,5,C
equivalent,NOUN,5,C
exhibit,NOUN,5,C
exterior,NOUN,5,C
fair,NOUN,5,C
comeback,NOUN,6,C
compliment,NOUN,6,C
constraint,NOUN,6,C
contact,NOUN,6,C
corner,NOUN,6,C
count,NOUN,6,C
crack,NOUN,6,C
crackdown,NOUN,6,C
creep,NOUN,6,C
cricket,NOUN,6,C
cushion,NOUN,6,C
deposit,NOUN,6,C
descendant,NOUN,6,C
deterrent,NOUN,6,C
drain,NOUN,6,C
echo,NOUN,6,C
embrace,NOUN,6,C
enterprise,NOUN,6,C
entity,NOUN,6,C
entrance,NOUN,6,C
exercise,NOUN,6,C
dancing,NOUN,1,A
email,NOUN,1,A
cycling,NOUN,2,A
east,NOUN,2,A
cotton,NOUN,3,B
credit,NOUN,3,B
damage,NOUN,3,B
design,NOUN,3,B
design,NOUN,3,B
dirt,NOUN,3,B
diving,NOUN,3,B
dust,NOUN,3,B
economics,NOUN,3,B
effort,NOUN,3,B
energy,NOUN,3,B
energy,NOUN,3,B
entrance,NOUN,3,B
entry,NOUN,3,B
fashion,NOUN,3,B
commerce,NOUN,4,B
concrete,NOUN,4,B
daytime,NOUN,4,B
demand,NOUN,4,B
denim,NOUN,4,B
ease,NOUN,4,B
efficiency,NOUN,4,B
electronics,NOUN,4,B
evidence,NOUN,4,B
fact,NOUN,4,B
faith,NOUN,4,B
fate,NOUN,4,B
consent,NOUN,5,C
contact,NOUN,5,C
cover,NOUN,5,C
crawl,NOUN,5,C
daycare,NOUN,5,C
dedication,NOUN,5,C
destiny,NOUN,5,C
exposure,NOUN,5,C
comfort,NOUN,6,C
comfort,NOUN,6,C
command,NOUN,6,C
custody,NOUN,6,C
cutlery,NOUN,6,C
decay,NOUN,6,C
dependence,NOUN,6,C
depth,NOUN,6,C
desperation,NOUN,6,C
discretion,NOUN,6,C
dismay,NOUN,6,C
distress,NOUN,6,C
DNA,NOUN,6,C
doom,NOUN,6,C
evidence,NOUN,6,C
December,NOUN,1,A
evening,NOUN,1,A
cost,NOUN,2,A
danger,NOUN,2,A
day,NOUN,2,A
delay,NOUN,2,A
exercise,NOUN,2,A
fashion,NOUN,2,A
custom,NOUN,3,B
death,NOUN,3,B
decrease,NOUN,3,B
diet,NOUN,3,B
drama,NOUN,3,B
duty,NOUN,3,B
effect,NOUN,3,B
emergency,NOUN,3,B
entry,NOUN,3,B
comparison,NOUN,4,B
conflict,NOUN,4,B
context,NOUN,4,B
contrast,NOUN,4,B
control,NOUN,4,B
control,NOUN,4,B
costume,NOUN,4,B
crab,NOUN,4,B
crisis,NOUN,4,B
debate,NOUN,4,B
decline,NOUN,4,B
dialogue,NOUN,4,B
disaster,NOUN,4,B
disaster,NOUN,4,B
disguise,NOUN,4,B
error,NOUN,4,B
evil,NOUN,4,B
failure,NOUN,4,B
fantasy,NOUN,4,B
context,NOUN,5,C
controversy,NOUN,5,C
deduction,NOUN,5,C
deficiency,NOUN,5,C
density,NOUN,5,C
fabric,NOUN,5,C
conscience,NOUN,6,C
deception,NOUN,6,C
deduction,NOUN,6,C
deficiency,NOUN,6,C
denial,NOUN,6,C
deprivation,NOUN,6,C
drought,NOUN,6,C
endeavour,NOUN,6,C
famine,NOUN,6,C
contents,NOUN,3,B
earnings,NOUN,4,B
content,NOUN,4,B
distance,NOUN,4,B
crawl,NOUN,5,C
downside,NOUN,5,C
drop,NOUN,5,C
content,NOUN,6,C
core,NOUN,6,C
course,NOUN,6,C
crush,NOUN,6,C
die,VERB,1,A
eat,VERB,1,A
drink,VERB,2,A
compete,VERB,3,B
concentrate,VERB,3,B
cough,VERB,3,B
cycle,VERB,3,B
dive,VERB,3,B
dive,VERB,3,B
exist,VERB,3,B
fall,VERB,3,B
compete,VERB,4,B
cooperate,VERB,4,B
correspond,VERB,4,B
correspond,VERB,4,B
count,VERB,4,B
decline,VERB,4,B
demonstrate,VERB,4,B
differ,VERB,4,B
dip,VERB,4,B
emerge,VERB,4,B
fail,VERB,4,B
comply,VERB,5,C
daydream,VERB,5,C
deteriorate,VERB,5,C
emerge,VERB,5,C
exist,VERB,5,C
consent,VERB,6,C
contrast,VERB,6,C
count,VERB,6,C
crawl,VERB,6,C
develop,VERB,6,C
drag,VERB,6,C
drain,VERB,6,C
drift,VERB,6,C
echo,VERB,6,C
experiment,VERB,6,C
expire,VERB,6,C
fall,VERB,6,C
fall,VERB,6,C
fall,VERB,6,C
complete,VERB,2,A
contact,VERB,2,A
cost,VERB,2,A
email,VERB,2,A
contain,VERB,3,B
cover,VERB,3,B
cover,VERB,3,B
declare,VERB,3,B
defeat,VERB,3,B
delay,VERB,3,B
delete,VERB,3,B
deserve,VERB,3,B
direct,VERB,3,B
display,VERB,3,B
drag,VERB,3,B
employ,VERB,3,B
enter,VERB,3,B
expect,VERB,3,B
commit,VERB,4,B
concern,VERB,4,B
concern,VERB,4,B
confuse,VERB,4,B
congratulate,VERB,4,B
contain,VERB,4,B
cost,VERB,4,B
cover,VERB,4,B
cover,VERB,4,B
cut,VERB,4,B
deceive,VERB,4,B
declare,VERB,4,B
defeat,VERB,4,B
demand,VERB,4,B
demonstrate,VERB,4,B
disguise,VERB,4,B
distinguish,VERB,4,B
divide,VERB,4,B
edit,VERB,4,B
educate,VERB,4,B
enclose,VERB,4,B
encounter,VERB,4,B
exchange,VERB,4,B
expect,VERB,4,B
extend,VERB,4,B
face,VERB,4,B
compile,VERB,5,C
complicate,VERB,5,C
compliment,VERB,5,C
concern,VERB,5,C
conclude,VERB,5,C
consider,VERB,5,C
constitute,VERB,5,C
consult,VERB,5,C
consult,VERB,5,C
convey,VERB,5,C
cover,VERB,5,C
cultivate,VERB,5,C
cure,VERB,5,C
demonstrate,VERB,5,C
deposit,VERB,5,C
detect,VERB,5,C
determine,VERB,5,C
determine,VERB,5,C
digest,VERB,5,C
direct,VERB,5,C
distribute,VERB,5,C
divide,VERB,5,C
doubt,VERB,5,C
draft,VERB,5,C
dump,VERB,5,C
eliminate,VERB,5,C
enclose,VERB,5,C
enforce,VERB,5,C
enrich,VERB,5,C
enter,VERB,5,C
envisage,VERB,5,C
envision,VERB,5,C
exceed,VERB,5,C
exclude,VERB,5,C
exclude,VERB,5,C
exhaust,VERB,5,C
fascinate,VERB,5,C
comfort,VERB,6,C
commemorate,VERB,6,C
commit,VERB,6,C
conceal,VERB,6,C
conceive,VERB,6,C
confine,VERB,6,C
confront,VERB,6,C
confront,VERB,6,C
connect,VERB,6,C
constrain,VERB,6,C
contain,VERB,6,C
contemplate,VERB,6,C
contradict,VERB,6,C
contrast,VERB,6,C
count,VERB,6,C
count,VERB,6,C
crave,VERB,6,C
crush,VERB,6,C
cultivate,VERB,6,C
curb,VERB,6,C
dazzle,VERB,6,C
dazzle,VERB,6,C
decide,VERB,6,C
deduce,VERB,6,C
defy,VERB,6,C
demolish,VERB,6,C
demonstrate,VERB,6,C
depict,VERB,6,C
devise,VERB,6,C
differentiate,VERB,6,C
disguise,VERB,6,C
display,VERB,6,C
dispute,VERB,6,C
disturb,VERB,6,C
drain,VERB,6,C
drain,VERB,6,C
dread,VERB,6,C
drive,VERB,6,C
earn,VERB,6,C
echo,VERB,6,C
embarrass,VERB,6,C
embody,VERB,6,C
emit,VERB,6,C
equate,VERB,6,C
escape,VERB,6,C
escape,VERB,6,C
execute,VERB,6,C
execute,VERB,6,C
fake,VERB,6,C
fake,VERB,6,C
fancy,VERB,6,C
cook,VERB,1,A
dance,VERB,1,A
draw,VERB,1,A
drink,VERB,1,A
drive,VERB,1,A
eat,VERB,1,A
download,VERB,2,A
dream,VERB,2,A
dress,VERB,2,A
dry,VERB,2,A
earn,VERB,2,A
enter,VERB,2,A
compare,VERB,3,B
consider,VERB,3,B
continue,VERB,3,B
crash,VERB,3,B
decrease,VERB,3,B
develop,VERB,3,B
dial,VERB,3,B
direct,VERB,3,B
dream,VERB,3,B
enter,VERB,3,B
entertain,VERB,3,B
exercise,VERB,3,B
exit,VERB,3,B
explode,VERB,3,B
contribute,VERB,4,B
cool,VERB,4,B
decay,VERB,4,B
donate,VERB,4,B
double,VERB,4,B
escape,VERB,4,B
expand,VERB,4,B
export,VERB,4,B
fade,VERB,4,B
conquer,VERB,5,C
contradict,VERB,5,C
contribute,VERB,5,C
deepen,VERB,5,C
deliver,VERB,5,C
differentiate,VERB,5,C
diminish,VERB,5,C
dominate,VERB,5,C
donate,VERB,5,C
exaggerate,VERB,5,C
compensate,VERB,6,C
conceive,VERB,6,C
contract,VERB,6,C
convert,VERB,6,C
cross,VERB,6,C
crumble,VERB,6,C
debate,VERB,6,C
deepen,VERB,6,C
delegate,VERB,6,C
dim,VERB,6,C
dissolve,VERB,6,C
drain,VERB,6,C
devil,NOUN,4,B
fantastic,ADJ,2,A
cool,ADJ,2,A
empirical,ADJ,6,C
evidently,ADV,4,B
evident,ADJ,4,B
deceased,ADJ,6,C
due,ADJ,6,C
dead,ADJ,6,C
dead,ADV,5,C
dump,VERB,6,C
faraway,ADJ,6,C
disabled,ADJ,3,B
disorganized,ADJ,4,B
dissatisfied,ADJ,4,B
disrespectful,ADJ,6,C
dishonestly,ADV,5,C
dishonest,ADJ,4,B
dislike,NOUN,4,B
comfortable,ADJ,2,A
comparable,ADJ,5,C
comfortable,ADJ,6,C
comfortable,ADJ,3,B
enjoyable,ADJ,3,B
comfortable,ADJ,4,B
desirable,ADJ,4,B
cultural,ADJ,3,B
critical,ADJ,6,C
dental,ADJ,4,B
fatal,ADJ,4,B
facial,ADJ,6,C
critical,ADJ,4,B
criminal,ADJ,4,B
exceptional,ADJ,4,B
educational,ADJ,4,B
economical,ADJ,4,B
environmental,ADJ,3,B
ecological,ADJ,4,B
emotional,ADJ,4,B
emotional,ADJ,4,B
cynical,ADJ,6,C
constitutional,ADJ,6,C
digital,ADJ,2,A
digital,ADJ,3,B
electrical,ADJ,3,B
dominant,ADJ,6,C
engaged,ADJ,3,B
damaged,ADJ,3,B
decaffeinated,ADJ,6,C
detached,ADJ,5,C
depressed,ADJ,6,C
excited,ADJ,1,A
confused,ADJ,3,B
delighted,ADJ,3,B
disappointed,ADJ,3,B
embarrassed,ADJ,3,B
exhausted,ADJ,3,B
experienced,ADJ,3,B
concerned,ADJ,4,B
convinced,ADJ,4,B
determined,ADJ,4,B
devoted,ADJ,4,B
distinguished,ADJ,4,B
fascinated,ADJ,4,B
committed,ADJ,6,C
conceited,ADJ,6,C
detached,ADJ,6,C
dignified,ADJ,6,C
elated,ADJ,6,C
developed,ADJ,4,B
divorced,ADJ,3,B
engaged,ADJ,3,B
different,ADJ,1,A
different,ADJ,3,B
confident,ADJ,3,B
competent,ADJ,5,C
designer,ADJ,4,B
delightful,ADJ,4,B
dreadful,ADJ,4,B
doubtful,ADJ,4,B
compatible,ADJ,6,C
compatible,ADJ,5,C
domestic,ADJ,4,B
economic,ADJ,4,B
dynamic,ADJ,4,B
energetic,ADJ,4,B
enthusiastic,ADJ,4,B
democratic,ADJ,4,B
domestic,ADJ,4,B
electric,ADJ,2,A
electric,ADJ,3,B
electronic,ADJ,3,B
electronic,ADJ,3,B
disgusting,ADJ,3,B
exciting,ADJ,1,A
confusing,ADJ,3,B
disappointing,ADJ,3,B
easygoing,ADJ,3,B
embarrassing,ADJ,3,B
depressing,ADJ,4,B
distressing,ADJ,4,B
encouraging,ADJ,4,B
exhausting,ADJ,4,B
fascinating,ADJ,4,B
developing,ADJ,4,B
education,NOUN,3,B
expectation,NOUN,4,B
corporation,NOUN,4,B
community,NOUN,4,B
decorative,ADJ,4,B
extensive,ADJ,4,B
creative,ADJ,3,B
competitive,ADJ,4,B
cooperative,ADJ,4,B
decisive,ADJ,4,B
expressive,ADJ,6,C
competitive,ADJ,4,B
competitive,ADJ,4,B
criticize,VERB,4,B
especially,ADV,2,A
completely,ADV,3,B
exactly,ADV,3,B
extremely,ADV,3,B
consequently,ADV,4,B
deeply,ADV,4,B
desperately,ADV,4,B
entirely,ADV,4,B
exactly,ADV,4,B
extraordinarily,ADV,4,B
fantastically,ADV,4,B
exactly,ADV,2,A
fairly,ADV,3,B
densely,ADV,4,B
ecologically,ADV,4,B
environmentally,ADV,4,B
elegantly,ADV,4,B
cowardly,ADJ,4,B
curiously,ADV,3,B
dangerously,ADV,3,B
excitedly,ADV,3,B
confidently,ADV,4,B
creatively,ADV,4,B
cruelly,ADV,4,B
desperately,ADV,4,B
eagerly,ADV,4,B
emotionally,ADV,4,B
enthusiastically,ADV,4,B
electronically,ADV,4,B
conscious,ADJ,5,C
enormous,ADJ,3,B
disastrous,ADJ,5,C
fabulous,ADJ,5,C
famous,ADJ,1,A
dangerous,ADJ,2,A
curious,ADJ,3,B
conscientious,ADJ,5,C
courageous,ADJ,5,C
courteous,ADJ,6,C
dirty,ADJ,2,A
curly,ADJ,3,B
comic,ADJ,3,B
comedian,NOUN,4,B
deaf,ADJ,3,B
dizzy,ADJ,4,B
dry,ADJ,5,C
dumb,ADJ,5,C
dead,ADJ,6,C
eyelash,NOUN,4,B
complex,NOUN,6,C
dear,ADJ,1,A
complete,ADJ,3,B
down,ADV,3,B
far,ADV,4,B
dark,ADJ,1,A
cream,ADJ,2,A
deep,ADJ,2,A
double,ADJ,2,A
excellent,ADJ,2,A
extra,ADJ,2,A
deep,ADJ,3,B
equal,ADJ,3,B
exact,ADJ,3,B
extraordinary,ADJ,3,B
FALSE,ADJ,3,B
decent,ADJ,4,B
deep,ADJ,4,B
delicate,ADJ,4,B
delicate,ADJ,4,B
dense,ADJ,4,B
distant,ADJ,4,B
entire,ADJ,4,B
extreme,ADJ,4,B
faint,ADJ,4,B
FALSE,ADJ,4,B
dull,ADJ,5,C
fake,ADJ,5,C
crisp,ADJ,6,C
dated,ADJ,6,C
defective,ADJ,6,C
desperate,ADJ,6,C
dry,ADJ,6,C
elaborate,ADJ,6,C
down,ADV,1,A
down,ADV,2,A
else,ADV,2,A
deep,ADV,3,B
down,ADV,3,B
extra,ADV,3,B
elementary,ADJ,3,B
dairy,ADJ,4,B
dry,ADJ,5,C
crisp,NOUN,2,A
downstairs,ADJ,3,B
downstairs,ADV,2,A
complex,NOUN,5,C
extravagant,ADJ,6,C
dry,ADJ,2,A
dry,ADJ,2,A
cool,ADJ,3,B
damp,ADJ,4,B
crisp,ADJ,6,C
ecology,NOUN,5,C
fat,ADJ,1,A
fair,ADJ,2,A
elderly,ADJ,3,B
elegant,ADJ,4,B
crazy,ADJ,2,A
cruel,ADJ,3,B
difficult,ADJ,3,B
content,ADJ,4,B
crazy,ADJ,4,B
dear,ADJ,4,B
decent,ADJ,4,B
deep,ADJ,4,B
desperate,ADJ,4,B
desperate,ADJ,4,B
down,ADJ,4,B
eager,ADJ,4,B
evil,ADJ,4,B
expert,ADJ,4,B
cool,ADJ,5,C
corrupt,ADJ,5,C
devastated,ADJ,5,C
distant,ADJ,5,C
FALSE,ADJ,5,C
cool,ADJ,6,C
defensive,ADJ,6,C
diplomatic,ADJ,6,C
eccentric,ADJ,6,C
eminent,ADJ,6,C
contempt,NOUN,6,C
consider,VERB,6,C
diplomatic,ADJ,5,C
extreme,ADJ,6,C
council,NOUN,4,B
defeat,NOUN,4,B
family,NOUN,1,A
couple,NOUN,3,B
family,NOUN,3,B
down,ADJ,5,C
executive,ADJ,5,C
Dr,NOUN,2,A
committee,NOUN,4,B
crew,NOUN,4,B
drunk,ADJ,4,B
disposable,ADJ,6,C
disloyal,ADJ,6,C
disorganized,ADJ,4,B
disadvantaged,ADJ,5,C
disgusted,ADJ,5,C
disillusioned,ADJ,6,C
disruptive,ADJ,6,C
dismiss,VERB,5,C
fashionable,ADJ,3,B
considerable,ADJ,4,B
cultural,ADJ,3,B
essential,ADJ,3,B
commercial,ADJ,4,B
controversial,ADJ,4,B
conventional,ADJ,4,B
critical,ADJ,4,B
critical,ADJ,4,B
crucial,ADJ,4,B
external,ADJ,4,B
external,ADJ,4,B
fatal,ADJ,4,B
confidential,ADJ,5,C
electrical,ADJ,5,C
commercial,ADJ,6,C
continental,ADJ,6,C
essential,ADJ,6,C
ethical,ADJ,6,C
ethical,ADJ,6,C
exceptional,ADJ,6,C
experimental,ADJ,6,C
dominant,ADJ,5,C
crowded,ADJ,2,A
dressed,ADJ,2,A
complicated,ADJ,3,B
depressed,ADJ,3,B
dressed,ADJ,3,B
confused,ADJ,4,B
detailed,ADJ,4,B
divided,ADJ,4,B
educated,ADJ,4,B
endangered,ADJ,4,B
estimated,ADJ,4,B
concerned,ADJ,6,C
disturbed,ADJ,6,C
engrossed,ADJ,6,C
convenient,ADJ,3,B
convenient,ADJ,3,B
efficient,ADJ,3,B
confident,ADJ,4,B
dependent,ADJ,4,B
consistent,ADJ,6,C
doubtful,ADJ,4,B
faithful,ADJ,4,B
eventful,ADJ,6,C
faithful,ADJ,6,C
faithful,ADJ,6,C
edible,ADJ,5,C
eligible,ADJ,5,C
compatible,ADJ,6,C
dramatic,ADJ,4,B
exotic,ADJ,4,B
ethnic,ADJ,5,C
dynamic,ADJ,6,C
electric,ADJ,6,C
demanding,ADJ,4,B
entertaining,ADJ,4,B
existing,ADJ,4,B
convincing,ADJ,5,C
comforting,ADJ,6,C
corresponding,ADJ,6,C
cunning,ADJ,6,C
disturbing,ADJ,6,C
condition,NOUN,3,B
distribution,NOUN,5,C
fascination,NOUN,5,C
condition,VERB,6,C
diversity,NOUN,5,C
expensive,ADJ,1,A
communicative,ADJ,4,B
effective,ADJ,4,B
exclusive,ADJ,4,B
comparative,ADJ,5,C
comprehensive,ADJ,5,C
conservative,ADJ,5,C
constructive,ADJ,5,C
decisive,ADJ,5,C
distinctive,ADJ,5,C
excessive,ADJ,5,C
exclusive,ADJ,5,C
exhaustive,ADJ,5,C
compulsive,ADJ,6,C
compulsive,ADJ,6,C
conclusive,ADJ,6,C
consecutive,ADJ,6,C
elusive,ADJ,6,C
explosive,ADJ,6,C
explosive,ADJ,6,C
endless,ADJ,4,B
countless,ADJ,5,C
daily,ADJ,2,A
daily,ADV,2,A
easily,ADV,2,A
correctly,ADV,3,B
definitely,ADV,3,B
differently,ADV,3,B
directly,ADV,3,B
comfortably,ADV,4,B
considerably,ADV,4,B
constantly,ADV,4,B
continuously,ADV,4,B
conveniently,ADV,4,B
critically,ADV,4,B
culturally,ADV,4,B
curiously,ADV,4,B
currently,ADV,4,B
deliberately,ADV,4,B
directly,ADV,4,B
dramatically,ADV,4,B
effectively,ADV,4,B
efficiently,ADV,4,B
equally,ADV,4,B
especially,ADV,4,B
essentially,ADV,4,B
eventually,ADV,4,B
fairly,ADV,4,B
commonly,ADV,5,C
comprehensively,ADV,5,C
continually,ADV,5,C
easily,ADV,5,C
equally,ADV,5,C
equally,ADV,5,C
exclusively,ADV,5,C
conclusively,ADV,6,C
consistently,ADV,6,C
diplomatically,ADV,6,C
effectively,ADV,6,C
department,NOUN,2,A
delicious,ADJ,3,B
continuous,ADJ,4,B
continuous,ADJ,4,B
dusty,ADJ,3,B
contradictory,ADJ,6,C
difficult,ADJ,1,A
easy,ADJ,1,A
fast,ADJ,1,A
correct,ADJ,2,A
dark,ADJ,2,A
dead,ADJ,2,A
early,ADJ,2,A
east,ADJ,2,A
empty,ADJ,2,A
common,ADJ,3,B
common,ADJ,3,B
complete,ADJ,3,B
correct,ADJ,3,B
cosy,ADJ,3,B
direct,ADJ,3,B
due,ADJ,3,B
dull,ADJ,3,B
duty-free,ADJ,3,B
early,ADJ,3,B
eastern,ADJ,3,B
face-to-face,ADJ,3,B
fair,ADJ,3,B
fair,ADJ,3,B
familiar,ADJ,3,B
complex,ADJ,4,B
compulsory,ADJ,4,B
constant,ADJ,4,B
contemporary,ADJ,4,B
current,ADJ,4,B
dead,ADJ,4,B
deadly,ADJ,4,B
definite,ADJ,4,B
deliberate,ADJ,4,B
direct,ADJ,4,B
diverse,ADJ,4,B
eastern,ADJ,4,B
equal,ADJ,4,B
expected,ADJ,4,B
extreme,ADJ,4,B
far,ADJ,4,B
common,ADJ,5,C
concrete,ADJ,5,C
considerate,ADJ,5,C
continual,ADJ,5,C
corporate,ADJ,5,C
cosmopolitan,ADJ,5,C
customary,ADJ,5,C
cutting-edge,ADJ,5,C
dark,ADJ,5,C
day-to-day,ADJ,5,C
dedicated,ADJ,5,C
delicate,ADJ,5,C
deprived,ADJ,5,C
deserted,ADJ,5,C
devastating,ADJ,5,C
direct,ADJ,5,C
distinct,ADJ,5,C
distinct,ADJ,5,C
distressed,ADJ,5,C
down-to-earth,ADJ,5,C
downward,ADJ,5,C
drastic,ADJ,5,C
dual,ADJ,5,C
empty,ADJ,5,C
equivalent,ADJ,5,C
excess,ADJ,5,C
extinct,ADJ,5,C
fair,ADJ,5,C
complimentary,ADJ,6,C
complimentary,ADJ,6,C
concrete,ADJ,6,C
constant,ADJ,6,C
contrary,ADJ,6,C
crude,ADJ,6,C
crude,ADJ,6,C
dazed,ADJ,6,C
dazzling,ADJ,6,C
dazzling,ADJ,6,C
dead,ADJ,6,C
deceptive,ADJ,6,C
dedicated,ADJ,6,C
deep,ADJ,6,C
definitive,ADJ,6,C
delicate,ADJ,6,C
detrimental,ADJ,6,C
devastating,ADJ,6,C
dim,ADJ,6,C
discreet,ADJ,6,C
distant,ADJ,6,C
distinct,ADJ,6,C
dubious,ADJ,6,C
dubious,ADJ,6,C
due,ADJ,6,C
eventual,ADJ,6,C
explicit,ADJ,6,C
explicit,ADJ,6,C
exquisite,ADJ,6,C
early,ADV,1,A
early,ADV,2,A
east,ADV,2,A
else,ADV,2,A
else,ADV,2,A
enough,ADV,2,A
even,ADV,2,A
ever,ADV,2,A
everywhere,ADV,2,A
far,ADV,2,A
fast,ADV,2,A
either,ADV,3,B
even,ADV,3,B
elsewhere,ADV,4,B
downwards,ADV,5,C
drastically,ADV,5,C
exceptionally,ADV,5,C
decisively,ADV,6,C
downhill,ADV,6,C
fast,ADV,6,C
crowd,NOUN,2,A
crew,NOUN,3,B
fall,NOUN,3,B
cost,NOUN,4,B
end,NOUN,4,B
enemy,NOUN,4,B
escape,NOUN,4,B
fall,NOUN,4,B
elite,NOUN,5,C
excess,NOUN,5,C
exhaust,NOUN,5,C
exhaust,NOUN,5,C
fall,NOUN,5,C
consensus,NOUN,6,C
crystal,NOUN,6,C
essence,NOUN,6,C
exile,NOUN,6,C
do,VERB,2,A
compose,VERB,4,B
correct,VERB,4,B
correct,VERB,4,B
drown,VERB,4,B
educate,VERB,4,B
elect,VERB,4,B
entitle,VERB,4,B
establish,VERB,4,B
consider,VERB,5,C
crowd,VERB,5,C
dictate,VERB,5,C
dissolve,VERB,5,C
divide,VERB,5,C
embrace,VERB,5,C
embrace,VERB,5,C
entitle,VERB,5,C
evolve,VERB,5,C
exhibit,VERB,5,C
concede,VERB,6,C
concede,VERB,6,C
drown,VERB,6,C
embrace,VERB,6,C
establish,VERB,6,C
establish,VERB,6,C
exhibit,VERB,6,C
goalkeeper,NOUN,3,B
grant,VERB,4,B
gender,NOUN,4,B
guy,NOUN,2,A
guts,NOUN,4,B
granddad,NOUN,2,A
grandma,NOUN,2,A
grandpa,NOUN,2,A
granny,NOUN,2,A
insert,VERB,5,C
insert,VERB,5,C
inhabit,VERB,6,C
garment,NOUN,5,C
infant,NOUN,6,C
inquiry,NOUN,6,C
infer,VERB,6,C
gang,NOUN,6,C
heaven,NOUN,4,B
guts,NOUN,6,C
get,VERB,4,B
hit,VERB,6,C
intolerance,NOUN,6,C
impatience,NOUN,6,C
intruder,NOUN,6,C
installation,NOUN,5,C
interaction,NOUN,5,C
import,NOUN,5,C
import,NOUN,6,C
insomnia,NOUN,6,C
invade,VERB,4,B
introvert,NOUN,6,C
input,NOUN,4,B
interval,NOUN,3,B
interfere,VERB,4,B
intervene,VERB,6,C
guidance,NOUN,4,B
insurance,NOUN,4,B
ignorance,NOUN,6,C
independence,NOUN,4,B
intelligence,NOUN,4,B
innocence,NOUN,6,C
influence,NOUN,4,B
independence,NOUN,4,B
freezer,NOUN,3,B
heater,NOUN,3,B
helper,NOUN,4,B
footballer,NOUN,2,A
firefighter,NOUN,3,B
feeling,NOUN,3,B
greeting,NOUN,3,B
handwriting,NOUN,3,B
heating,NOUN,2,A
funding,NOUN,5,C
ironing,NOUN,3,B
fighting,NOUN,4,B
feeling,NOUN,3,B
feeling,NOUN,4,B
feeling,NOUN,3,B
fishing,NOUN,2,A
illustration,NOUN,5,C
infection,NOUN,4,B
introduction,NOUN,4,B
identification,NOUN,2,A
information,NOUN,2,A
invitation,NOUN,2,A
introduction,NOUN,4,B
institution,NOUN,4,B
inflation,NOUN,4,B
identification,NOUN,4,B
introduction,NOUN,4,B
invasion,NOUN,4,B
impression,NOUN,4,B
imagination,NOUN,3,B
frustration,NOUN,4,B
inspiration,NOUN,4,B
irritation,NOUN,6,C
generation,NOUN,4,B
immigration,NOUN,3,B
immigration,NOUN,4,B
generosity,NOUN,4,B
hostility,NOUN,6,C
humanity,NOUN,6,C
humility,NOUN,6,C
integrity,NOUN,6,C
identity,NOUN,4,B
hospitality,NOUN,5,C
imprisonment,NOUN,6,C
investment,NOUN,4,B
fulfilment,NOUN,6,C
government,NOUN,4,B
illness,NOUN,3,B
fitness,NOUN,3,B
illness,NOUN,4,B
happiness,NOUN,3,B
greatness,NOUN,4,B
investor,NOUN,4,B
instructor,NOUN,3,B
inspector,NOUN,4,B
friendship,NOUN,3,B
fish,NOUN,1,A
horse,NOUN,1,A
insect,NOUN,2,A
fly,NOUN,3,B
frog,NOUN,3,B
giraffe,NOUN,3,B
goat,NOUN,3,B
feather,NOUN,4,B
fox,NOUN,4,B
horn,NOUN,5,C
fur,NOUN,3,B
film,NOUN,1,A
guitar,NOUN,1,A
instrument,NOUN,2,A
festival,NOUN,3,B
flute,NOUN,3,B
gallery,NOUN,3,B
headline,NOUN,3,B
hero,NOUN,3,B
guest,NOUN,4,B
image,NOUN,4,B
issue,NOUN,4,B
index,NOUN,5,C
feature,NOUN,6,C
flashback,NOUN,6,C
house,NOUN,6,C
hip-hop,NOUN,2,A
fiction,NOUN,3,B
folk,NOUN,3,B
harmony,NOUN,6,C
graphics,NOUN,3,B
go,VERB,4,B
foot,NOUN,1,A
hand,NOUN,1,A
head,NOUN,1,A
finger,NOUN,2,A
headache,NOUN,2,A
heart,NOUN,2,A
forehead,NOUN,3,B
human,NOUN,3,B
fingernail,NOUN,4,B
gum,NOUN,4,B
heel,NOUN,4,B
hip,NOUN,4,B
gene,NOUN,5,C
fist,NOUN,6,C
flashback,NOUN,6,C
health,NOUN,2,A
flu,NOUN,3,B
fever,NOUN,3,B
injury,NOUN,4,B
hurt,VERB,2,A
freeze,VERB,4,B
have,VERB,1,A
have,VERB,2,A
infect,VERB,5,C
infect,VERB,6,C
heal,VERB,4,B
hat,NOUN,1,A
glove,NOUN,2,A
handbag,NOUN,2,A
heel,NOUN,3,B
helmet,NOUN,4,B
hood,NOUN,4,B
gear,NOUN,4,B
glasses,NOUN,1,A
file,NOUN,2,A
form,NOUN,2,A
figure,NOUN,3,B
form,NOUN,3,B
guess,NOUN,3,B
inquiry,NOUN,3,B
interview,NOUN,3,B
interview,NOUN,3,B
issue,NOUN,3,B
fight,NOUN,4,B
graph,NOUN,4,B
handout,NOUN,4,B
hint,NOUN,4,B
hint,NOUN,4,B
hyphen,NOUN,4,B
idiom,NOUN,4,B
insult,NOUN,4,B
groan,NOUN,6,C
inquiry,NOUN,6,C
grammar,NOUN,2,A
feedback,NOUN,4,B
fluency,NOUN,4,B
gossip,NOUN,4,B
ID,NOUN,2,A
ink,NOUN,3,B
implication,NOUN,6,C
insist,VERB,3,B
fight,VERB,4,B
gossip,VERB,4,B
insist,VERB,4,B
groan,VERB,6,C
invite,VERB,1,A
give,VERB,2,A
get,VERB,3,B
greet,VERB,3,B
inform,VERB,3,B
guarantee,VERB,4,B
highlight,VERB,4,B
highlight,VERB,4,B
indicate,VERB,4,B
insult,VERB,4,B
invent,VERB,4,B
illustrate,VERB,5,C
instruct,VERB,5,C
interpret,VERB,5,C
invite,VERB,5,C
imply,VERB,6,C
introduce,VERB,6,C
guess,VERB,2,A
forgive,VERB,3,B
hear,VERB,3,B
interrupt,VERB,3,B
inquire,VERB,4,B
interpret,VERB,4,B
gang,NOUN,4,B
guilt,NOUN,4,B
gram,NOUN,2,A
foot,NOUN,3,B
inch,NOUN,3,B
glass,NOUN,1,A
green,NOUN,2,A
grey,NOUN,2,A
height,NOUN,3,B
increase,NOUN,4,B
increase,VERB,3,B
form,NOUN,3,B
grade,NOUN,3,B
field,NOUN,4,B
graduate,NOUN,4,B
homework,NOUN,1,A
history,NOUN,2,A
gym,NOUN,3,B
graduate,VERB,4,B
instruct,VERB,6,C
glass,NOUN,1,A
fork,NOUN,2,A
fridge,NOUN,2,A
grape,NOUN,2,A
grill,NOUN,3,B
feast,NOUN,5,C
fish,NOUN,1,A
garlic,NOUN,2,A
ham,NOUN,2,A
honey,NOUN,2,A
flour,NOUN,3,B
hunger,NOUN,3,B
fibre,NOUN,5,C
food,NOUN,1,A
fruit,NOUN,1,A
flavour,NOUN,3,B
have,VERB,1,A
grill,VERB,3,B
freeze,VERB,3,B
fry,VERB,3,B
flat,NOUN,1,A
garden,NOUN,1,A
house,NOUN,1,A
floor,NOUN,2,A
garage,NOUN,2,A
gate,NOUN,2,A
hall,NOUN,2,A
hall,NOUN,2,A
frame,NOUN,3,B
gym,NOUN,3,B
hut,NOUN,3,B
iron,NOUN,3,B
fence,NOUN,4,B
frame,NOUN,4,B
hook,NOUN,4,B
furniture,NOUN,2,A
flesh,NOUN,6,C
home,NOUN,1,A
fee,NOUN,3,B
grant,NOUN,3,B
fortune,NOUN,4,B
fund,NOUN,5,C
finance,NOUN,4,B
interest,NOUN,5,C
interest,NOUN,5,C
fund,VERB,5,C
flower,NOUN,1,A
field,NOUN,2,A
hill,NOUN,2,A
island,NOUN,2,A
flood,NOUN,3,B
forecast,NOUN,3,B
hedge,NOUN,4,B
habitat,NOUN,5,C
iceberg,NOUN,5,C
grass,NOUN,1,A
geography,NOUN,2,A
gold,NOUN,2,A
ice,NOUN,2,A
heat,NOUN,3,B
iron,NOUN,3,B
ground,NOUN,4,B
hail,NOUN,6,C
fog,NOUN,2,A
forest,NOUN,2,A
frost,NOUN,4,B
gas,NOUN,4,B
harvest,NOUN,4,B
grow,VERB,2,A
flood,VERB,3,B
freeze,VERB,3,B
fight,NOUN,3,B
hug,NOUN,3,B
fight,NOUN,4,B
glance,NOUN,4,B
go,NOUN,4,B
help,NOUN,2,A
housework,NOUN,3,B
habit,NOUN,3,B
grip,NOUN,4,B
hold,NOUN,4,B
gaze,NOUN,6,C
fish,VERB,3,B
hide,VERB,3,B
fight,VERB,4,B
freeze,VERB,4,B
hesitate,VERB,4,B
giggle,VERB,6,C
glare,VERB,6,C
grin,VERB,6,C
find,VERB,1,A
give,VERB,1,A
find,VERB,2,A
get,VERB,2,A
give,VERB,2,A
hear,VERB,2,A
hit,VERB,2,A
hold,VERB,2,A
fetch,VERB,3,B
finish,VERB,3,B
fix,VERB,3,B
follow,VERB,3,B
form,VERB,3,B
give,VERB,3,B
hand,VERB,3,B
handle,VERB,3,B
hide,VERB,3,B
hit,VERB,3,B
hold,VERB,3,B
hold,VERB,3,B
hug,VERB,3,B
imagine,VERB,3,B
install,VERB,3,B
invent,VERB,3,B
fit,VERB,4,B
fix,VERB,4,B
forbid,VERB,4,B
force,VERB,4,B
found,VERB,4,B
free,VERB,4,B
gather,VERB,4,B
grip,VERB,4,B
guard,VERB,4,B
guard,VERB,4,B
identify,VERB,4,B
identify,VERB,4,B
ignore,VERB,4,B
implement,VERB,4,B
introduce,VERB,4,B
grasp,VERB,5,C
imitate,VERB,5,C
impose,VERB,5,C
impose,VERB,5,C
inspect,VERB,5,C
force,VERB,6,C
haul,VERB,6,C
initiate,VERB,6,C
finish,VERB,1,A
hear,VERB,1,A
help,VERB,1,A
fill,VERB,2,A
follow,VERB,2,A
help,VERB,2,A
hurry,VERB,2,A
improve,VERB,2,A
fight,VERB,3,B
fold,VERB,3,B
grab,VERB,3,B
hang,VERB,3,B
iron,VERB,3,B
fight,VERB,4,B
fight,VERB,4,B
fire,VERB,4,B
gather,VERB,4,B
hunt,VERB,4,B
invest,VERB,4,B
flee,VERB,5,C
form,VERB,6,C
girl,NOUN,1,A
haircut,NOUN,3,B
feature,NOUN,4,B
figure,NOUN,4,B
grown-up,NOUN,4,B
fringe,NOUN,6,C
hair,NOUN,1,A
grow,VERB,3,B
favourite,NOUN,3,B
fool,NOUN,3,B
head,NOUN,3,B
hero,NOUN,3,B
idea,NOUN,3,B
figure,NOUN,4,B
gentleman,NOUN,4,B
idiot,NOUN,4,B
fun,NOUN,1,A
force,NOUN,4,B
grief,NOUN,4,B
guilt,NOUN,4,B
honesty,NOUN,4,B
honour,NOUN,4,B
horror,NOUN,4,B
humour,NOUN,4,B
hatred,NOUN,5,C
initiative,NOUN,5,C
hypocrisy,NOUN,6,C
fear,NOUN,3,B
heart,NOUN,3,B
hope,NOUN,3,B
freedom,NOUN,4,B
image,NOUN,4,B
honour,NOUN,4,B
hate,VERB,2,A
interest,VERB,3,B
fear,VERB,4,B
fear,VERB,4,B
feel,VERB,4,B
impress,VERB,4,B
inspire,VERB,4,B
inspire,VERB,4,B
inspire,VERB,4,B
irritate,VERB,5,C
hope,VERB,2,A
feel,VERB,3,B
hurt,VERB,3,B
friend,NOUN,1,A
husband,NOUN,1,A
girlfriend,NOUN,2,A
grandchild,NOUN,2,A
granddaughter,NOUN,2,A
grandfather,NOUN,2,A
grandmother,NOUN,2,A
grandparent,NOUN,2,A
grandson,NOUN,2,A
guest,NOUN,2,A
girlfriend,NOUN,3,B
groom,NOUN,3,B
funeral,NOUN,4,B
gang,NOUN,4,B
host,NOUN,4,B
football,NOUN,1,A
game,NOUN,1,A
game,NOUN,2,A
goal,NOUN,2,A
goal,NOUN,2,A
hobby,NOUN,2,A
field,NOUN,3,B
final,NOUN,3,B
go,NOUN,3,B
favourite,NOUN,6,C
foul,NOUN,6,C
football,NOUN,1,A
golf,NOUN,2,A
hockey,NOUN,2,A
gymnastics,NOUN,3,B
guarantee,NOUN,4,B
goods,NOUN,3,B
hold,VERB,4,B
file,NOUN,2,A
folder,NOUN,3,B
hit,NOUN,4,B
icon,NOUN,4,B
IT,NOUN,2,A
hardware,NOUN,3,B
flash,NOUN,4,B
go,VERB,6,C
generate,VERB,4,B
Google,VERB,4,B
flight,NOUN,2,A
guest,NOUN,2,A
guidebook,NOUN,2,A
helicopter,NOUN,2,A
ferry,NOUN,3,B
garage,NOUN,3,B
gate,NOUN,3,B
harbour,NOUN,3,B
horn,NOUN,4,B
holiday,NOUN,1,A
fly,VERB,1,A
go,VERB,1,A
go,VERB,1,A
fly,VERB,2,A
go,VERB,3,B
fly,VERB,6,C
guide,NOUN,2,A
firm,NOUN,3,B
guard,NOUN,3,B
head,NOUN,3,B
industry,NOUN,3,B
fisherman,NOUN,4,B
giant,NOUN,6,C
industry,NOUN,4,B
holiday,NOUN,1,A
head,VERB,4,B
haunt,VERB,4,B
indifference,NOUN,6,C
inconvenience,NOUN,5,C
interference,NOUN,5,C
interference,NOUN,6,C
intruder,NOUN,6,C
installation,NOUN,5,C
integration,NOUN,5,C
inclusion,NOUN,5,C
inhibition,NOUN,6,C
intrusion,NOUN,6,C
intervention,NOUN,6,C
impossibility,NOUN,6,C
inferiority,NOUN,6,C
insecurity,NOUN,6,C
inequality,NOUN,6,C
inability,NOUN,5,C
import,VERB,4,B
inferior,NOUN,6,C
influx,NOUN,6,C
input,NOUN,4,B
inaccuracy,NOUN,5,C
injustice,NOUN,5,C
insight,NOUN,5,C
intrude,VERB,6,C
invade,VERB,5,C
inherit,VERB,6,C
invade,VERB,6,C
integrate,VERB,5,C
inherit,VERB,6,C
interval,NOUN,6,C
interact,VERB,4,B
interfere,VERB,5,C
importance,NOUN,3,B
inheritance,NOUN,6,C
innocence,NOUN,5,C
headteacher,NOUN,2,A
foreigner,NOUN,3,B
hairdresser,NOUN,3,B
hairdryer,NOUN,3,B
gardener,NOUN,4,B
follower,NOUN,6,C
founder,NOUN,6,C
further,VERB,6,C
gardening,NOUN,4,B
hunting,NOUN,4,B
housing,NOUN,5,C
generation,NOUN,3,B
generation,NOUN,4,B
generation,NOUN,4,B
institution,NOUN,4,B
foundation,NOUN,5,C
foundation,NOUN,6,C
fraction,NOUN,6,C
imitation,NOUN,6,C
inspiration,NOUN,6,C
institution,NOUN,6,C
foundation,NOUN,5,C
industrialization,NOUN,5,C
isolation,NOUN,5,C
implementation,NOUN,6,C
isolation,NOUN,6,C
invention,NOUN,3,B
intention,NOUN,4,B
interruption,NOUN,4,B
introduction,NOUN,4,B
investigation,NOUN,4,B
generalization,NOUN,5,C
indication,NOUN,5,C
innovation,NOUN,5,C
inspection,NOUN,5,C
hesitation,NOUN,6,C
illustration,NOUN,6,C
inclination,NOUN,6,C
indication,NOUN,6,C
inspection,NOUN,6,C
intuition,NOUN,6,C
invasion,NOUN,6,C
impression,NOUN,4,B
introduction,NOUN,5,C
invitation,NOUN,6,C
guitarist,NOUN,3,B
flexibility,NOUN,4,B
humanity,NOUN,5,C
humanity,NOUN,6,C
individuality,NOUN,6,C
intensity,NOUN,6,C
identity,NOUN,4,B
imperative,NOUN,4,B
generalize,VERB,5,C
improvement,NOUN,3,B
investment,NOUN,4,B
harassment,NOUN,5,C
fulfilment,NOUN,6,C
improvement,NOUN,3,B
involvement,NOUN,4,B
friendliness,NOUN,4,B
forgiveness,NOUN,6,C
goodness,NOUN,6,C
homelessness,NOUN,6,C
inspector,NOUN,4,B
inventor,NOUN,4,B
investigator,NOUN,4,B
indicator,NOUN,6,C
hardship,NOUN,5,C
gambling,NOUN,4,B
hotel,NOUN,1,A
hour,NOUN,1,A
folder,NOUN,2,A
friend,NOUN,2,A
gift,NOUN,2,A
head,NOUN,2,A
housewife,NOUN,2,A
idea,NOUN,2,A
favour,NOUN,3,B
festival,NOUN,3,B
fifth,NOUN,3,B
figure,NOUN,3,B
film-maker,NOUN,3,B
fine,NOUN,3,B
finish,NOUN,3,B
fire,NOUN,3,B
firework,NOUN,3,B
flag,NOUN,3,B
floor,NOUN,3,B
fountain,NOUN,3,B
gap,NOUN,3,B
goal,NOUN,3,B
ground,NOUN,3,B
guide,NOUN,3,B
gun,NOUN,3,B
handkerchief,NOUN,3,B
herb,NOUN,3,B
hit,NOUN,3,B
hole,NOUN,3,B
honeymoon,NOUN,3,B
hostel,NOUN,3,B
infinitive,NOUN,3,B
fault,NOUN,4,B
fault,NOUN,4,B
feature,NOUN,4,B
female,NOUN,4,B
flame,NOUN,4,B
flash,NOUN,4,B
force,NOUN,4,B
form,NOUN,4,B
function,NOUN,4,B
gap,NOUN,4,B
gap,NOUN,4,B
gap,NOUN,4,B
grave,NOUN,4,B
hair,NOUN,4,B
hammer,NOUN,4,B
handle,NOUN,4,B
heart,NOUN,4,B
highlight,NOUN,4,B
icon,NOUN,4,B
immigrant,NOUN,4,B
incident,NOUN,4,B
individual,NOUN,4,B
institute,NOUN,4,B
interior,NOUN,4,B
figure,NOUN,5,C
figure,NOUN,5,C
flaw,NOUN,5,C
fleet,NOUN,5,C
fleet,NOUN,5,C
footstep,NOUN,5,C
format,NOUN,5,C
formula,NOUN,5,C
formula,NOUN,5,C
function,NOUN,5,C
gadget,NOUN,5,C
gathering,NOUN,5,C
genius,NOUN,5,C
gerund,NOUN,5,C
gesture,NOUN,5,C
gesture,NOUN,5,C
giant,NOUN,5,C
gift,NOUN,5,C
glimpse,NOUN,5,C
grill,NOUN,5,C
hazard,NOUN,5,C
heading,NOUN,5,C
historian,NOUN,5,C
home,NOUN,5,C
idol,NOUN,5,C
implication,NOUN,5,C
initiative,NOUN,5,C
instance,NOUN,5,C
instrument,NOUN,5,C
feat,NOUN,6,C
field,NOUN,6,C
filter,NOUN,6,C
fireplace,NOUN,6,C
flash,NOUN,6,C
flood,NOUN,6,C
forgery,NOUN,6,C
framework,NOUN,6,C
fraud,NOUN,6,C
fringe,NOUN,6,C
frown,NOUN,6,C
future,NOUN,6,C
gamble,NOUN,6,C
gasp,NOUN,6,C
glare,NOUN,6,C
grin,NOUN,6,C
gulf,NOUN,6,C
head,NOUN,6,C
heir,NOUN,6,C
hierarchy,NOUN,6,C
horizon,NOUN,6,C
horn,NOUN,6,C
host,NOUN,6,C
hostage,NOUN,6,C
hypothesis,NOUN,6,C
idol,NOUN,6,C
illusion,NOUN,6,C
image,NOUN,6,C
impulse,NOUN,6,C
individual,NOUN,6,C
instruction,NOUN,6,C
instrument,NOUN,6,C
gas,NOUN,2,A
handball,NOUN,3,B
interest,NOUN,3,B
genetics,NOUN,4,B
good,NOUN,4,B
harm,NOUN,4,B
harmony,NOUN,4,B
heaven,NOUN,4,B
hunger,NOUN,4,B
friction,NOUN,5,C
geology,NOUN,5,C
glamour,NOUN,5,C
globalization,NOUN,5,C
glory,NOUN,5,C
glory,NOUN,5,C
grace,NOUN,5,C
greed,NOUN,5,C
hate,NOUN,5,C
hygiene,NOUN,5,C
fever,NOUN,6,C
fire,NOUN,6,C
flair,NOUN,6,C
focus,NOUN,6,C
forgery,NOUN,6,C
fraud,NOUN,6,C
genius,NOUN,6,C
glare,NOUN,6,C
glue,NOUN,6,C
good,NOUN,6,C
grace,NOUN,6,C
heritage,NOUN,6,C
implication,NOUN,6,C
infancy,NOUN,6,C
instruction,NOUN,6,C
February,NOUN,1,A
Friday,NOUN,1,A
hospital,NOUN,1,A
fire,NOUN,2,A
history,NOUN,2,A
fuel,NOUN,3,B
height,NOUN,3,B
fortune,NOUN,4,B
gender,NOUN,4,B
habit,NOUN,4,B
income,NOUN,4,B
gain,NOUN,5,C
fluid,NOUN,6,C
force,NOUN,6,C
fragrance,NOUN,6,C
gain,NOUN,6,C
guarantee,NOUN,6,C
illusion,NOUN,6,C
incentive,NOUN,6,C
instinct,NOUN,6,C
intellect,NOUN,6,C
interest,NOUN,6,C
fumes,NOUN,5,C
grounds,NOUN,6,C
grounds,NOUN,6,C
help,NOUN,4,B
flair,NOUN,5,C
flow,NOUN,5,C
hunger,NOUN,5,C
idea,NOUN,5,C
field,NOUN,6,C
film,NOUN,6,C
flavour,NOUN,6,C
glow,NOUN,6,C
glow,NOUN,6,C
grasp,NOUN,6,C
grasp,NOUN,6,C
grasp,NOUN,6,C
finish,VERB,1,A
grow,VERB,2,A
happen,VERB,2,A
happen,VERB,2,A
float,VERB,3,B
flow,VERB,3,B
go,VERB,3,B
go,VERB,3,B
grow,VERB,3,B
hitchhike,VERB,3,B
go,VERB,4,B
feed,VERB,5,C
hop,VERB,5,C
flourish,VERB,6,C
fluctuate,VERB,6,C
fly,VERB,6,C
frown,VERB,6,C
gasp,VERB,6,C
gasp,VERB,6,C
gesture,VERB,6,C
glow,VERB,6,C
glow,VERB,6,C
hang,VERB,6,C
hop,VERB,6,C
hop,VERB,6,C
get,VERB,1,A
get,VERB,1,A
have,VERB,1,A
forget,VERB,2,A
hurt,VERB,2,A
include,VERB,2,A
fax,VERB,3,B
feed,VERB,3,B
fill,VERB,3,B
fill,VERB,3,B
find,VERB,3,B
forget,VERB,3,B
gain,VERB,3,B
give,VERB,3,B
give,VERB,3,B
give,VERB,3,B
give,VERB,3,B
guide,VERB,3,B
have,VERB,3,B
have,VERB,3,B
hide,VERB,3,B
hire,VERB,3,B
hold,VERB,3,B
imagine,VERB,3,B
imagine,VERB,3,B
injure,VERB,3,B
install,VERB,3,B
intend,VERB,3,B
interview,VERB,3,B
introduce,VERB,3,B
involve,VERB,3,B
involve,VERB,3,B
finance,VERB,4,B
fine,VERB,4,B
fool,VERB,4,B
form,VERB,4,B
frighten,VERB,4,B
generate,VERB,4,B
grab,VERB,4,B
hang,VERB,4,B
hold,VERB,4,B
illustrate,VERB,4,B
imagine,VERB,4,B
interrupt,VERB,4,B
involve,VERB,4,B
feed,VERB,5,C
fill,VERB,5,C
fit,VERB,5,C
follow,VERB,5,C
foresee,VERB,5,C
gather,VERB,5,C
grasp,VERB,5,C
group,VERB,5,C
head,VERB,5,C
hit,VERB,5,C
hold,VERB,5,C
host,VERB,5,C
illustrate,VERB,5,C
imprison,VERB,5,C
indicate,VERB,5,C
infect,VERB,5,C
favour,VERB,6,C
figure,VERB,6,C
filter,VERB,6,C
form,VERB,6,C
formulate,VERB,6,C
formulate,VERB,6,C
found,VERB,6,C
glue,VERB,6,C
grace,VERB,6,C
greet,VERB,6,C
grip,VERB,6,C
grip,VERB,6,C
handle,VERB,6,C
hinder,VERB,6,C
house,VERB,6,C
house,VERB,6,C
imply,VERB,6,C
incorporate,VERB,6,C
incur,VERB,6,C
indulge,VERB,6,C
invite,VERB,6,C
feel,VERB,1,A
film,VERB,3,B
fit,VERB,3,B
float,VERB,3,B
follow,VERB,3,B
follow,VERB,3,B
forget,VERB,3,B
forget,VERB,3,B
gain,VERB,3,B
hunt,VERB,3,B
feature,VERB,4,B
feel,VERB,4,B
flash,VERB,4,B
flood,VERB,4,B
fly,VERB,4,B
govern,VERB,4,B
help,VERB,4,B
invest,VERB,4,B
investigate,VERB,4,B
fit,VERB,5,C
flash,VERB,6,C
flatten,VERB,6,C
gamble,VERB,6,C
go,VERB,6,C
hum,VERB,6,C
indulge,VERB,6,C
intensify,VERB,6,C
ghost,NOUN,3,B
god,NOUN,4,B
hell,NOUN,4,B
hell,NOUN,4,B
haunt,VERB,4,B
impolite,ADJ,4,B
incredible,ADJ,3,B
industrious,ADJ,6,C
frozen,ADJ,3,B
great,ADJ,1,A
half,NOUN,4,B
full,ADJ,4,B
golden,ADJ,2,A
humour,NOUN,6,C
inseparable,ADJ,6,C
insane,ADJ,5,C
irregular,ADJ,3,B
fraudulent,ADJ,6,C
imperative,ADJ,6,C
formerly,ADV,4,B
handy,ADJ,6,C
ill,ADJ,5,C
foremost,ADJ,6,C
indeed,ADV,6,C
intent,NOUN,6,C
fun,ADJ,2,A
heavenly,ADJ,5,C
hot,ADJ,5,C
fire,VERB,4,B
incurable,ADJ,6,C
intolerable,ADJ,6,C
inseparable,ADJ,6,C
illegal,ADJ,4,B
impersonal,ADJ,5,C
irrational,ADJ,6,C
insignificant,ADJ,5,C
intolerant,ADJ,6,C
inexperienced,ADJ,4,B
inedible,ADJ,5,C
irresponsible,ADJ,4,B
injection,NOUN,6,C
inclusive,ADJ,5,C
insensitive,ADJ,5,C
interactive,ADJ,5,C
interactive,ADJ,4,B
illegally,ADV,4,B
impatiently,ADV,4,B
incredibly,ADV,4,B
implicit,ADJ,6,C
impatient,ADJ,4,B
impatient,ADJ,4,B
immature,ADJ,6,C
insane,ADJ,6,C
inadequate,ADJ,5,C
inadequate,ADJ,5,C
inferior,ADJ,5,C
insecure,ADJ,5,C
inconsiderate,ADJ,6,C
inhuman,ADJ,6,C
innate,ADJ,6,C
irregular,ADJ,4,B
favourable,ADJ,4,B
formidable,ADJ,6,C
grammatical,ADJ,6,C
hierarchical,ADJ,6,C
financial,ADJ,3,B
global,ADJ,4,B
intellectual,ADJ,4,B
hysterical,ADJ,5,C
hypocritical,ADJ,6,C
intellectual,ADJ,6,C
intellectual,NOUN,6,C
industrial,ADJ,4,B
important,ADJ,1,A
inhabitant,NOUN,4,B
injured,ADJ,4,B
flawed,ADJ,6,C
fried,ADJ,2,A
grilled,ADJ,2,A
interested,ADJ,2,A
frightened,ADJ,3,B
impressed,ADJ,4,B
irritated,ADJ,4,B
gifted,ADJ,5,C
fluent,ADJ,4,B
fluent,ADJ,4,B
innocent,ADJ,4,B
innocent,ADJ,4,B
intelligent,ADJ,3,B
innocent,ADJ,4,B
independent,ADJ,4,B
harmful,ADJ,4,B
graceful,ADJ,5,C
grateful,ADJ,3,B
helpful,ADJ,3,B
hopeful,ADJ,3,B
forceful,ADJ,6,C
graceful,ADJ,6,C
genetic,ADJ,5,C
heroic,ADJ,5,C
idealistic,ADJ,5,C
gymnastic,ADJ,4,B
growing,ADJ,4,B
intriguing,ADJ,6,C
freezing,ADJ,3,B
good-looking,ADJ,2,A
interesting,ADJ,1,A
frightening,ADJ,3,B
irritating,ADJ,4,B
frustrating,ADJ,5,C
imagination,NOUN,3,B
foolish,ADJ,4,B
impressive,ADJ,4,B
imaginative,ADJ,5,C
impulsive,ADJ,6,C
harmless,ADJ,4,B
faultless,ADJ,6,C
flawless,ADJ,6,C
hopeless,ADJ,3,B
hopeless,ADJ,4,B
fearless,ADJ,6,C
finally,ADV,3,B
fortunately,ADV,3,B
fully,ADV,3,B
generally,ADV,3,B
heavily,ADV,3,B
honestly,ADV,3,B
hopefully,ADV,3,B
firstly,ADV,4,B
fluently,ADV,4,B
frankly,ADV,4,B
generally,ADV,4,B
generally,ADV,4,B
greatly,ADV,4,B
highly,ADV,5,C
incidentally,ADV,5,C
financially,ADV,4,B
globally,ADV,4,B
happily,ADV,3,B
foolishly,ADV,4,B
furiously,ADV,4,B
gently,ADV,4,B
happily,ADV,4,B
honestly,ADV,4,B
hopefully,ADV,4,B
icily,ADV,6,C
intellectually,ADV,6,C
intensely,ADV,6,C
government,NOUN,3,B
generous,ADJ,3,B
furious,ADJ,4,B
healthy,ADJ,2,A
healthy,ADJ,2,A
guilty,ADJ,4,B
faulty,ADJ,4,B
filthy,ADJ,5,C
hungry,ADJ,1,A
fatty,ADJ,5,C
foggy,ADJ,2,A
icy,ADJ,3,B
icy,ADJ,3,B
funny,ADJ,1,A
guilty,ADJ,3,B
greedy,ADJ,4,B
icy,ADJ,4,B
fussy,ADJ,6,C
fussy,ADJ,6,C
group,NOUN,1,A
fine,ADJ,1,A
good,ADJ,1,A
fit,ADJ,2,A
ill,ADJ,2,A
human,ADJ,3,B
hurt,ADJ,3,B
feeble,ADJ,6,C
fresh,ADJ,6,C
how,ADV,2,A
germ,NOUN,5,C
itch,VERB,4,B
flat,ADJ,3,B
good,ADJ,1,A
great,ADJ,3,B
here,ADV,1,A
hardly,ADV,3,B
how,ADV,3,B
how,ADV,3,B
indeed,ADV,3,B
furthermore,ADV,4,B
hardly,ADV,4,B
initial,NOUN,3,B
guideline,NOUN,5,C
inform,VERB,3,B
issue,VERB,6,C
good,ADJ,1,A
good,ADJ,1,A
green,ADJ,1,A
grey,ADJ,1,A
fine,ADJ,2,A
gold,ADJ,2,A
golden,ADJ,2,A
good,ADJ,2,A
great,ADJ,2,A
happy,ADJ,2,A
hard,ADJ,2,A
heavy,ADJ,2,A
heavy,ADJ,2,A
high,ADJ,2,A
horrible,ADJ,2,A
indoor,ADJ,2,A
flat,ADJ,3,B
front,ADJ,3,B
gentle,ADJ,3,B
giant,ADJ,3,B
heavy,ADJ,3,B
high,ADJ,3,B
high,ADJ,3,B
high,ADJ,3,B
huge,ADJ,3,B
individual,ADJ,3,B
fierce,ADJ,4,B
fine,ADJ,4,B
firm,ADJ,4,B
genuine,ADJ,4,B
high,ADJ,4,B
ideal,ADJ,4,B
inaccurate,ADJ,4,B
inconvenient,ADJ,4,B
inner,ADJ,4,B
inside,ADJ,4,B
good,ADJ,5,C
harsh,ADJ,5,C
immense,ADJ,5,C
intense,ADJ,5,C
feeble,ADJ,6,C
fine,ADJ,6,C
fluid,ADJ,6,C
fragile,ADJ,6,C
fragrant,ADJ,6,C
grim,ADJ,6,C
in,ADV,2,A
inside,ADV,2,A
high,ADV,3,B
indoors,ADV,3,B
fine,ADV,4,B
flat,ADV,4,B
high,ADV,5,C
half,NOUN,2,A
inside,NOUN,4,B
fresh,ADJ,2,A
frozen,ADJ,3,B
hot,ADJ,3,B
flat,ADJ,6,C
ingredient,NOUN,3,B
grain,NOUN,6,C
first-floor,ADJ,3,B
floor,NOUN,1,A
infrastructure,NOUN,5,C
free,ADJ,2,A
gross,ADJ,5,C
free,ADV,2,A
gold,ADJ,2,A
fine,ADJ,3,B
frozen,ADJ,3,B
green,ADJ,3,B
humid,ADJ,3,B
green,ADJ,4,B
fertile,ADJ,6,C
hail,VERB,6,C
hunt,NOUN,5,C
harm,VERB,4,B
handsome,ADJ,3,B
grown-up,ADJ,4,B
favourite,ADJ,1,A
good,ADJ,1,A
happy,ADJ,1,A
glad,ADJ,2,A
good,ADJ,2,A
gentle,ADJ,3,B
good,ADJ,3,B
honest,ADJ,3,B
honest,ADJ,3,B
hurt,ADJ,3,B
fierce,ADJ,4,B
fierce,ADJ,4,B
fond,ADJ,4,B
hard,ADJ,4,B
inner,ADJ,4,B
genuine,ADJ,5,C
harsh,ADJ,5,C
fearful,ADJ,6,C
firm,ADJ,6,C
fragile,ADJ,6,C
grim,ADJ,6,C
humble,ADJ,6,C
idle,ADJ,6,C
immune,ADJ,6,C
intense,ADJ,6,C
irritable,ADJ,6,C
generously,ADV,4,B
inside,ADV,4,B
interest,NOUN,3,B
idea,NOUN,4,B
fuss,NOUN,5,C
fury,NOUN,6,C
gay,ADJ,3,B
fellow,ADJ,4,B
intimate,ADJ,6,C
household,NOUN,4,B
hand-held,ADJ,3,B
high-tech,ADJ,4,B
hi-tech,ADJ,4,B
in,ADV,4,B
gear,NOUN,4,B
full-time,ADJ,3,B
inevitable,ADJ,5,C
invaluable,ADJ,5,C
inconceivable,ADJ,6,C
indispensable,ADJ,6,C
indisputable,ADJ,6,C
inexplicable,ADJ,6,C
innumerable,ADJ,6,C
immoral,ADJ,4,B
informal,ADJ,4,B
internal,ADJ,4,B
international,ADJ,2,A
insufficient,ADJ,5,C
indifferent,ADJ,6,C
impossible,ADJ,3,B
impossible,ADJ,6,C
irresistible,ADJ,6,C
irresistible,ADJ,6,C
irreversible,ADJ,6,C
intrinsic,ADJ,6,C
injection,NOUN,6,C
inexpensive,ADJ,3,B
incredibly,ADV,5,C
indirectly,ADV,5,C
inevitably,ADV,5,C
informally,ADV,5,C
invariably,ADV,6,C
internationally,ADV,3,B
illiterate,ADJ,6,C
imperfect,ADJ,5,C
immortal,ADJ,6,C
immortal,ADJ,6,C
inappropriate,ADJ,5,C
indirect,ADJ,5,C
inefficient,ADJ,5,C
integral,ADJ,5,C
indirect,ADJ,6,C
insecure,ADJ,6,C
intermediate,ADJ,3,B
irregular,ADJ,4,B
hospitable,ADJ,5,C
favourable,ADJ,6,C
formidable,ADJ,6,C
historical,ADJ,3,B
functional,ADJ,4,B
gradual,ADJ,4,B
identical,ADJ,4,B
horizontal,ADJ,5,C
influential,ADJ,5,C
fictional,ADJ,6,C
fundamental,ADJ,6,C
important,ADJ,3,B
fixed,ADJ,4,B
improved,ADJ,4,B
frustrated,ADJ,5,C
furnished,ADJ,5,C
honoured,ADJ,5,C
industrialized,ADJ,5,C
isolated,ADJ,5,C
isolated,ADJ,5,C
fixed,ADJ,6,C
horrified,ADJ,6,C
humiliated,ADJ,6,C
influence,VERB,4,B
independent,ADJ,3,B
independent,ADJ,4,B
innocent,ADJ,6,C
further,ADJ,2,A
further,ADV,3,B
further,ADV,4,B
fruitful,ADJ,5,C
hopeful,ADJ,6,C
flexible,ADJ,4,B
incredible,ADJ,4,B
invisible,ADJ,4,B
feasible,ADJ,5,C
flexible,ADJ,6,C
historic,ADJ,3,B
heroic,ADJ,5,C
ironic,ADJ,6,C
forthcoming,ADJ,4,B
forthcoming,ADJ,5,C
gripping,ADJ,5,C
fulfilling,ADJ,6,C
horrifying,ADJ,6,C
humiliating,ADJ,6,C
formation,NOUN,6,C
formation,NOUN,6,C
interpretation,NOUN,6,C
interpretation,NOUN,6,C
intensive,ADJ,4,B
imaginative,ADJ,5,C
informative,ADJ,5,C
innovative,ADJ,5,C
helpless,ADJ,5,C
homeless,ADJ,5,C
harmless,ADJ,6,C
hourly,ADJ,4,B
hourly,ADJ,4,B
finally,ADV,2,A
immediately,ADV,2,A
frequently,ADV,3,B
finely,ADV,4,B
firmly,ADV,4,B
firmly,ADV,4,B
freely,ADV,4,B
gradually,ADV,4,B
highly,ADV,4,B
ideally,ADV,4,B
ideally,ADV,4,B
importantly,ADV,4,B
increasingly,ADV,4,B
independently,ADV,4,B
initially,ADV,4,B
innocently,ADV,4,B
instantly,ADV,4,B
formally,ADV,5,C
formally,ADV,5,C
happily,ADV,5,C
historically,ADV,5,C
hourly,ADV,5,C
immediately,ADV,5,C
immensely,ADV,5,C
inappropriately,ADV,5,C
individually,ADV,5,C
intensively,ADV,5,C
interestingly,ADV,5,C
internally,ADV,5,C
fundamentally,ADV,6,C
harshly,ADV,6,C
hopelessly,ADV,6,C
indefinitely,ADV,6,C
infinitely,ADV,6,C
intensely,ADV,6,C
ironically,ADV,6,C
generous,ADJ,5,C
hilarious,ADJ,5,C
humorous,ADJ,5,C
hazardous,ADJ,6,C
infectious,ADJ,6,C
infectious,ADJ,6,C
funny,ADJ,3,B
filthy,ADJ,5,C
grumpy,ADJ,5,C
floppy,ADJ,6,C
handy,ADJ,6,C
healthy,ADJ,6,C
first,ADJ,1,A
good,ADJ,1,A
hard,ADJ,1,A
hot,ADJ,1,A
final,ADJ,2,A
first,ADJ,2,A
foreign,ADJ,2,A
free,ADJ,2,A
friendly,ADJ,2,A
full,ADJ,2,A
full,ADJ,2,A
full,ADJ,2,A
half-price,ADJ,2,A
female,ADJ,3,B
forbidden,ADJ,3,B
former,ADJ,3,B
frequent,ADJ,3,B
fresh,ADJ,3,B
fresh,ADJ,3,B
full,ADJ,3,B
future,ADJ,3,B
general,ADJ,3,B
gorgeous,ADJ,3,B
hard,ADJ,3,B
hidden,ADJ,3,B
incorrect,ADJ,3,B
individual,ADJ,3,B
firm,ADJ,4,B
flat,ADJ,4,B
foreign,ADJ,4,B
formal,ADJ,4,B
fortunate,ADJ,4,B
free,ADJ,4,B
free,ADJ,4,B
free,ADJ,4,B
fresh,ADJ,4,B
general,ADJ,4,B
general,ADJ,4,B
glad,ADJ,4,B
golden,ADJ,4,B
great,ADJ,4,B
grey,ADJ,4,B
hard-working,ADJ,4,B
hidden,ADJ,4,B
immediate,ADJ,4,B
immediate,ADJ,4,B
initial,ADJ,4,B
instant,ADJ,4,B
intransitive,ADJ,4,B
feminine,ADJ,5,C
fit,ADJ,5,C
formal,ADJ,5,C
formal,ADJ,5,C
foul,ADJ,5,C
fresh,ADJ,5,C
gentle,ADJ,5,C
grand,ADJ,5,C
grey,ADJ,5,C
gross,ADJ,5,C
hard,ADJ,5,C
harsh,ADJ,5,C
hectic,ADJ,5,C
holy,ADJ,5,C
hostile,ADJ,5,C
hostile,ADJ,5,C
imaginary,ADJ,5,C
immediate,ADJ,5,C
final,ADJ,6,C
finite,ADJ,6,C
firm,ADJ,6,C
foul,ADJ,6,C
frail,ADJ,6,C
frantic,ADJ,6,C
frantic,ADJ,6,C
fringe,ADJ,6,C
grim,ADJ,6,C
heavy,ADJ,6,C
high,ADJ,6,C
high-profile,ADJ,6,C
hollow,ADJ,6,C
hollow,ADJ,6,C
humanitarian,ADJ,6,C
humble,ADJ,6,C
hygienic,ADJ,6,C
idle,ADJ,6,C
ignorant,ADJ,6,C
imminent,ADJ,6,C
infinite,ADJ,6,C
inherent,ADJ,6,C
intact,ADJ,6,C
interim,ADJ,6,C
intimate,ADJ,6,C
intimate,ADJ,6,C
first,ADV,1,A
hard,ADV,1,A
here,ADV,1,A
how,ADV,1,A
first,ADV,2,A
here,ADV,2,A
home,ADV,2,A
how,ADV,2,A
however,ADV,2,A
instead,ADV,2,A
first,ADV,3,B
forever,ADV,3,B
forward,ADV,3,B
furthest,ADV,3,B
half,ADV,3,B
hard,ADV,3,B
home,ADV,3,B
in,ADV,3,B
forever,ADV,4,B
forward,ADV,4,B
free,ADV,4,B
genuinely,ADV,4,B
here,ADV,4,B
in,ADV,4,B
forward,ADV,5,C
hence,ADV,5,C
group,NOUN,1,A
fortnight,NOUN,3,B
future,NOUN,3,B
hurry,NOUN,3,B
interest,NOUN,3,B
growth,NOUN,4,B
headquarters,NOUN,4,B
impact,NOUN,4,B
ingredient,NOUN,4,B
fiction,NOUN,5,C
fright,NOUN,5,C
frenzy,NOUN,6,C
frontier,NOUN,6,C
grain,NOUN,6,C
grain,NOUN,6,C
haul,NOUN,6,C
heap,NOUN,6,C
impact,NOUN,6,C
irony,NOUN,6,C
irony,NOUN,6,C
form,VERB,4,B
hire,VERB,4,B
hit,VERB,4,B
grade,VERB,5,C
impact,VERB,5,C
hail,VERB,6,C
narrative,NOUN,6,C
notify,VERB,5,C
measure,NOUN,6,C
mountain,NOUN,6,C
maths,NOUN,2,A
lab,NOUN,3,B
joint,NOUN,5,C
note,VERB,3,B
obtain,VERB,4,B
observe,VERB,5,C
kid,NOUN,2,A
lad,NOUN,6,C
mum,NOUN,1,A
mate,NOUN,3,B
occupation,NOUN,5,C
offspring,NOUN,6,C
merit,NOUN,5,C
nature,NOUN,5,C
merit,VERB,6,C
oblige,VERB,5,C
minute,NOUN,2,A
kick,NOUN,6,C
junk,NOUN,5,C
make,VERB,3,B
land,NOUN,6,C
kill,VERB,5,C
mislead,VERB,5,C
misinterpret,VERB,6,C
musical,NOUN,4,B
official,NOUN,6,C
maintenance,NOUN,4,B
offender,NOUN,4,B
learner,NOUN,4,B
observer,NOUN,6,C
master,NOUN,6,C
monster,NOUN,6,C
leader,NOUN,3,B
lover,NOUN,3,B
keeper,NOUN,3,B
leader,NOUN,5,C
manager,NOUN,2,A
officer,NOUN,3,B
manufacturer,NOUN,4,B
officer,NOUN,4,B
miner,NOUN,5,C
meeting,NOUN,2,A
meaning,NOUN,3,B
learning,NOUN,4,B
lightning,NOUN,3,B
marketing,NOUN,4,B
landing,NOUN,4,B
manufacturing,NOUN,4,B
objection,NOUN,4,B
legislation,NOUN,6,C
orientation,NOUN,6,C
motivation,NOUN,4,B
obsession,NOUN,4,B
orientation,NOUN,6,C
occupation,NOUN,2,A
organization,NOUN,3,B
mission,NOUN,6,C
optimism,NOUN,6,C
optimist,NOUN,5,C
materialist,NOUN,6,C
motorist,NOUN,4,B
obesity,NOUN,5,C
longevity,NOUN,6,C
mortality,NOUN,6,C
majority,NOUN,4,B
minority,NOUN,4,B
organize,VERB,3,B
organize,VERB,4,B
movement,NOUN,4,B
management,NOUN,4,B
kindness,NOUN,4,B
laziness,NOUN,4,B
nervousness,NOUN,5,C
openness,NOUN,6,C
narrator,NOUN,6,C
operator,NOUN,4,B
leadership,NOUN,5,C
killer,NOUN,3,B
murderer,NOUN,3,B
lion,NOUN,2,A
monkey,NOUN,2,A
mouse,NOUN,2,A
kangaroo,NOUN,3,B
kitten,NOUN,3,B
mosquito,NOUN,3,B
leopard,NOUN,4,B
owl,NOUN,4,B
mammal,NOUN,5,C
nest,NOUN,6,C
nest,VERB,6,C
movie,NOUN,1,A
newspaper,NOUN,1,A
keyboard,NOUN,2,A
magazine,NOUN,2,A
novel,NOUN,3,B
item,NOUN,4,B
masterpiece,NOUN,6,C
melody,NOUN,6,C
note,NOUN,6,C
organ,NOUN,6,C
music,NOUN,1,A
jazz,NOUN,2,A
newspaper,NOUN,2,A
literature,NOUN,3,B
opera,NOUN,2,A
lyrics,NOUN,4,B
leg,NOUN,1,A
mouth,NOUN,1,A
nose,NOUN,1,A
neck,NOUN,2,A
knee,NOUN,3,B
lip,NOUN,3,B
jaw,NOUN,4,B
lap,NOUN,4,B
lung,NOUN,4,B
nail,NOUN,4,B
organ,NOUN,5,C
joint,NOUN,6,C
kidney,NOUN,6,C
knuckle,NOUN,6,C
needle,NOUN,6,C
nerve,NOUN,6,C
nostril,NOUN,6,C
medicine,NOUN,2,A
liver,NOUN,4,B
muscle,NOUN,4,B
labour,NOUN,6,C
jacket,NOUN,1,A
jumper,NOUN,2,A
necklace,NOUN,2,A
mask,NOUN,4,B
neck,NOUN,6,C
jewellery,NOUN,2,A
kit,NOUN,2,A
jeans,NOUN,1,A
knickers,NOUN,3,B
look,NOUN,5,C
language,NOUN,1,A
letter,NOUN,1,A
message,NOUN,1,A
name,NOUN,1,A
note,NOUN,1,A
number,NOUN,1,A
number,NOUN,1,A
letter,NOUN,2,A
licence,NOUN,2,A
list,NOUN,2,A
notebook,NOUN,2,A
notice,NOUN,2,A
offer,NOUN,2,A
joke,NOUN,3,B
label,NOUN,3,B
lie,NOUN,3,B
line,NOUN,3,B
logo,NOUN,3,B
manual,NOUN,4,B
matter,NOUN,4,B
order,NOUN,4,B
outline,NOUN,4,B
mark,NOUN,5,C
memo,NOUN,5,C
label,NOUN,6,C
margin,NOUN,6,C
motion,NOUN,6,C
mail,NOUN,2,A
mail,NOUN,2,A
news,NOUN,2,A
language,NOUN,3,B
notice,NOUN,3,B
jargon,NOUN,5,C
language,NOUN,5,C
material,NOUN,3,B
legend,NOUN,4,B
mention,NOUN,4,B
myth,NOUN,4,B
metaphor,NOUN,6,C
joke,VERB,3,B
lie,VERB,3,B
listen,VERB,3,B
object,VERB,4,B
moan,VERB,6,C
know,VERB,1,A
mean,VERB,2,A
mean,VERB,3,B
mean,VERB,3,B
mention,VERB,3,B
name,VERB,3,B
justify,VERB,4,B
list,VERB,4,B
mark,VERB,4,B
oppose,VERB,4,B
order,VERB,4,B
outline,VERB,4,B
motivate,VERB,5,C
maintain,VERB,6,C
offer,VERB,2,A
learn,VERB,3,B
mumble,VERB,4,B
mutter,VERB,4,B
lobby,VERB,6,C
offence,NOUN,4,B
magistrate,NOUN,5,C
massacre,NOUN,6,C
justice,NOUN,4,B
law,NOUN,4,B
kilo,NOUN,2,A
kilogram,NOUN,2,A
kilometre,NOUN,2,A
litre,NOUN,2,A
metre,NOUN,2,A
limit,NOUN,3,B
mile,NOUN,3,B
millimetre,NOUN,3,B
level,NOUN,4,B
level,NOUN,4,B
load,NOUN,4,B
outline,NOUN,6,C
orange,NOUN,2,A
length,NOUN,3,B
number,NOUN,3,B
length,NOUN,5,C
left,NOUN,2,A
maximum,NOUN,3,B
lesson,NOUN,1,A
mark,NOUN,2,A
nursery,NOUN,4,B
learn,VERB,1,A
know,VERB,3,B
knife,NOUN,1,A
meal,NOUN,1,A
menu,NOUN,2,A
mug,NOUN,2,A
mushroom,NOUN,2,A
omelette,NOUN,2,A
kettle,NOUN,3,B
oven,NOUN,3,B
loaf,NOUN,4,B
meat,NOUN,1,A
milk,NOUN,1,A
jam,NOUN,2,A
lemonade,NOUN,2,A
mint,NOUN,4,B
mustard,NOUN,5,C
juice,NOUN,1,A
lunch,NOUN,1,A
orange,NOUN,1,A
lemon,NOUN,2,A
lunchtime,NOUN,2,A
mango,NOUN,2,A
melon,NOUN,2,A
oil,NOUN,2,A
onion,NOUN,2,A
lettuce,NOUN,3,B
leek,NOUN,4,B
key,NOUN,1,A
kitchen,NOUN,1,A
museum,NOUN,1,A
lamp,NOUN,2,A
library,NOUN,2,A
lift,NOUN,2,A
light,NOUN,2,A
mirror,NOUN,2,A
office,NOUN,2,A
laboratory,NOUN,3,B
ladder,NOUN,3,B
monument,NOUN,3,B
lobby,NOUN,4,B
monument,NOUN,4,B
landmark,NOUN,5,C
lounge,NOUN,5,C
mansion,NOUN,5,C
loft,NOUN,6,C
loan,NOUN,3,B
note,NOUN,3,B
loss,NOUN,5,C
overdraft,NOUN,5,C
legacy,NOUN,6,C
offer,NOUN,6,C
money,NOUN,1,A
means,NOUN,6,C
outgoings,NOUN,6,C
lake,NOUN,2,A
mountain,NOUN,2,A
landscape,NOUN,3,B
leaf,NOUN,3,B
log,NOUN,5,C
nature,NOUN,2,A
land,NOUN,3,B
life,NOUN,3,B
oil,NOUN,3,B
land,NOUN,4,B
moonlight,NOUN,4,B
mud,NOUN,4,B
jungle,NOUN,3,B
metal,NOUN,3,B
mist,NOUN,4,B
oak,NOUN,4,B
ocean,NOUN,3,B
kick,NOUN,2,A
kiss,NOUN,2,A
jump,NOUN,3,B
laugh,NOUN,3,B
look,NOUN,3,B
launch,NOUN,5,C
march,NOUN,5,C
move,NOUN,5,C
move,NOUN,6,C
laughter,NOUN,4,B
listen,VERB,1,A
look,VERB,1,A
look,VERB,1,A
jump,VERB,2,A
laugh,VERB,2,A
lie,VERB,2,A
jog,VERB,3,B
knock,VERB,3,B
meet,VERB,3,B
move,VERB,3,B
kneel,VERB,4,B
march,VERB,5,C
march,VERB,5,C
opt,VERB,5,C
make,VERB,1,A
join,VERB,2,A
leave,VERB,2,A
leave,VERB,2,A
leave,VERB,2,A
leave,VERB,2,A
lend,VERB,2,A
lose,VERB,2,A
make,VERB,2,A
miss,VERB,2,A
open,VERB,2,A
join,VERB,3,B
knock,VERB,3,B
learn,VERB,3,B
lift,VERB,3,B
meet,VERB,3,B
mend,VERB,3,B
miss,VERB,3,B
name,VERB,3,B
offer,VERB,3,B
keep,VERB,4,B
launch,VERB,4,B
lick,VERB,4,B
limit,VERB,4,B
locate,VERB,4,B
lower,VERB,4,B
maintain,VERB,4,B
observe,VERB,4,B
occupy,VERB,4,B
overcome,VERB,4,B
monitor,VERB,5,C
occupy,VERB,5,C
omit,VERB,5,C
mount,VERB,6,C
kick,VERB,1,A
meet,VERB,1,A
open,VERB,1,A
join,VERB,2,A
jump,VERB,2,A
kiss,VERB,2,A
move,VERB,2,A
lead,VERB,3,B
light,VERB,3,B
lock,VERB,3,B
manage,VERB,3,B
notice,VERB,3,B
lead,VERB,4,B
load,VERB,4,B
miss,VERB,4,B
obey,VERB,4,B
merge,VERB,6,C
man,NOUN,1,A
lady,NOUN,3,B
moustache,NOUN,3,B
look,NOUN,4,B
make-up,NOUN,2,A
mind,NOUN,3,B
joy,NOUN,4,B
liar,NOUN,4,B
legend,NOUN,5,C
joy,NOUN,4,B
life,NOUN,4,B
loyalty,NOUN,4,B
offence,NOUN,4,B
mercy,NOUN,6,C
outrage,NOUN,6,C
memory,NOUN,3,B
mood,NOUN,3,B
love,NOUN,4,B
misery,NOUN,4,B
nature,NOUN,4,B
nerves,NOUN,4,B
nerve,NOUN,6,C
nerve,NOUN,6,C
like,VERB,1,A
love,VERB,1,A
know,VERB,2,A
miss,VERB,2,A
offend,VERB,4,B
judge,VERB,3,B
mind,VERB,3,B
learn,VERB,4,B
king,NOUN,2,A
kingdom,NOUN,4,B
nation,NOUN,4,B
mother,NOUN,1,A
member,NOUN,2,A
neighbour,NOUN,2,A
love,NOUN,3,B
nephew,NOUN,3,B
niece,NOUN,3,B
mother-in-law,NOUN,4,B
opponent,NOUN,4,B
orphan,NOUN,6,C
marriage,NOUN,3,B
mix,VERB,4,B
leave,VERB,3,B
market,NOUN,2,A
match,NOUN,2,A
league,NOUN,3,B
net,NOUN,3,B
lap,NOUN,4,B
marathon,NOUN,4,B
opponent,NOUN,4,B
market,NOUN,5,C
leisure,NOUN,3,B
lead,NOUN,4,B
lose,VERB,3,B
lead,VERB,4,B
keyboard,NOUN,2,A
laptop,NOUN,2,A
machine,NOUN,2,A
menu,NOUN,2,A
model,NOUN,2,A
mouse,NOUN,2,A
link,NOUN,3,B
key,NOUN,4,B
laser,NOUN,4,B
microphone,NOUN,4,B
monitor,NOUN,4,B
network,NOUN,4,B
machinery,NOUN,5,C
memory,NOUN,2,A
language,NOUN,5,C
journey,NOUN,2,A
map,NOUN,2,A
motorbike,NOUN,2,A
motorway,NOUN,2,A
jet,NOUN,3,B
line,NOUN,3,B
lorry,NOUN,3,B
jam,NOUN,4,B
lane,NOUN,4,B
lane,NOUN,4,B
itinerary,NOUN,5,C
launch,NOUN,5,C
luggage,NOUN,2,A
launch,VERB,5,C
land,VERB,3,B
job,NOUN,1,A
job,NOUN,2,A
model,NOUN,3,B
overtime,NOUN,4,B
labour,NOUN,5,C
labour,NOUN,5,C
leave,NOUN,6,C
job,NOUN,4,B
manage,VERB,3,B
manufacture,VERB,4,B
overload,VERB,6,C
open,VERB,4,B
operate,VERB,4,B
murder,NOUN,3,B
mosque,NOUN,2,A
misunderstanding,NOUN,4,B
misfortune,NOUN,5,C
misuse,NOUN,5,C
misbehave,VERB,5,C
misunderstand,VERB,4,B
misuse,VERB,5,C
misplace,VERB,6,C
original,NOUN,4,B
occurrence,NOUN,5,C
negligence,NOUN,6,C
keeper,NOUN,3,B
lawyer,NOUN,3,B
lighter,NOUN,3,B
monster,NOUN,3,B
officer,NOUN,3,B
lecturer,NOUN,4,B
maker,NOUN,4,B
master,NOUN,4,B
minister,NOUN,4,B
organizer,NOUN,4,B
listener,NOUN,5,C
mechanic,NOUN,2,A
opening,NOUN,6,C
jogging,NOUN,3,B
lighting,NOUN,4,B
mining,NOUN,5,C
networking,NOUN,5,C
loathing,NOUN,6,C
living,NOUN,4,B
location,NOUN,3,B
occasion,NOUN,3,B
mission,NOUN,4,B
occasion,NOUN,4,B
motivation,NOUN,5,C
negotiation,NOUN,5,C
observation,NOUN,5,C
organization,NOUN,3,B
observation,NOUN,4,B
opposition,NOUN,5,C
organization,NOUN,5,C
occupation,NOUN,6,C
obligation,NOUN,4,B
liberation,NOUN,5,C
limitation,NOUN,5,C
migration,NOUN,5,C
modification,NOUN,5,C
nomination,NOUN,5,C
medication,NOUN,6,C
mechanism,NOUN,5,C
mechanism,NOUN,5,C
journalism,NOUN,4,B
materialism,NOUN,6,C
journalist,NOUN,3,B
novelist,NOUN,4,B
mentality,NOUN,5,C
minority,NOUN,5,C
necessity,NOUN,5,C
liability,NOUN,5,C
necessity,NOUN,5,C
mediocrity,NOUN,6,C
normality,NOUN,6,C
nationality,NOUN,1,A
opportunity,NOUN,3,B
liability,NOUN,5,C
objective,NOUN,4,B
minimize,VERB,5,C
maximize,VERB,6,C
judgment,NOUN,4,B
movement,NOUN,5,C
judgment,NOUN,6,C
loneliness,NOUN,5,C
operator,NOUN,4,B
membership,NOUN,3,B
leadership,NOUN,5,C
killing,NOUN,3,B
kind,NOUN,1,A
minute,NOUN,1,A
mobile,NOUN,1,A
month,NOUN,1,A
month,NOUN,1,A
number,NOUN,1,A
key,NOUN,2,A
kite,NOUN,2,A
level,NOUN,2,A
line,NOUN,2,A
mistake,NOUN,2,A
model,NOUN,2,A
moment,NOUN,2,A
noun,NOUN,2,A
nurse,NOUN,2,A
office,NOUN,2,A
order,NOUN,2,A
item,NOUN,3,B
jar,NOUN,3,B
judge,NOUN,3,B
jug,NOUN,3,B
key,NOUN,3,B
kit,NOUN,3,B
label,NOUN,3,B
lecture,NOUN,3,B
lock,NOUN,3,B
lottery,NOUN,3,B
mall,NOUN,3,B
method,NOUN,3,B
moment,NOUN,3,B
musician,NOUN,3,B
neighbourhood,NOUN,3,B
nightclub,NOUN,3,B
nightmare,NOUN,3,B
nightmare,NOUN,3,B
noticeboard,NOUN,3,B
object,NOUN,3,B
object,NOUN,3,B
offer,NOUN,3,B
olive,NOUN,3,B
opinion,NOUN,3,B
opposite,NOUN,3,B
option,NOUN,3,B
jewel,NOUN,4,B
judge,NOUN,4,B
landlady,NOUN,4,B
landlord,NOUN,4,B
layer,NOUN,4,B
leaflet,NOUN,4,B
leak,NOUN,4,B
lesson,NOUN,4,B
lid,NOUN,4,B
life,NOUN,4,B
lifestyle,NOUN,4,B
line,NOUN,4,B
link,NOUN,4,B
male,NOUN,4,B
mark,NOUN,4,B
match,NOUN,4,B
mayor,NOUN,4,B
measure,NOUN,4,B
medal,NOUN,4,B
message,NOUN,4,B
mine,NOUN,4,B
miracle,NOUN,4,B
motive,NOUN,4,B
motor,NOUN,4,B
nail,NOUN,4,B
needle,NOUN,4,B
neighbour,NOUN,4,B
network,NOUN,4,B
note,NOUN,4,B
nut,NOUN,4,B
jam,NOUN,5,C
journal,NOUN,5,C
king,NOUN,5,C
knob,NOUN,5,C
ladder,NOUN,5,C
lawn,NOUN,5,C
layout,NOUN,5,C
level,NOUN,5,C
line,NOUN,5,C
luxury,NOUN,5,C
mat,NOUN,5,C
ministry,NOUN,5,C
mode,NOUN,5,C
move,NOUN,5,C
myth,NOUN,5,C
nap,NOUN,5,C
network,NOUN,5,C
network,NOUN,5,C
network,NOUN,5,C
newsletter,NOUN,5,C
nickname,NOUN,5,C
norm,NOUN,5,C
notion,NOUN,5,C
obstacle,NOUN,5,C
overview,NOUN,5,C
overview,NOUN,5,C
journal,NOUN,6,C
knot,NOUN,6,C
landmark,NOUN,6,C
law,NOUN,6,C
leak,NOUN,6,C
leap,NOUN,6,C
legacy,NOUN,6,C
lifespan,NOUN,6,C
line,NOUN,6,C
line,NOUN,6,C
line,NOUN,6,C
line,NOUN,6,C
lump,NOUN,6,C
margin,NOUN,6,C
margin,NOUN,6,C
market,NOUN,6,C
memorial,NOUN,6,C
millennium,NOUN,6,C
missile,NOUN,6,C
model,NOUN,6,C
murmur,NOUN,6,C
novelty,NOUN,6,C
odour,NOUN,6,C
ordeal,NOUN,6,C
ornament,NOUN,6,C
outbreak,NOUN,6,C
outlet,NOUN,6,C
outlet,NOUN,6,C
outrage,NOUN,6,C
leather,NOUN,2,A
luck,NOUN,2,A
magic,NOUN,2,A
magic,NOUN,2,A
midday,NOUN,2,A
midnight,NOUN,2,A
noon,NOUN,2,A
north,NOUN,2,A
law,NOUN,3,B
light,NOUN,3,B
love,NOUN,3,B
love,NOUN,3,B
luxury,NOUN,3,B
medicine,NOUN,3,B
nightlife,NOUN,3,B
northeast,NOUN,3,B
northwest,NOUN,3,B
notice,NOUN,3,B
order,NOUN,3,B
justice,NOUN,4,B
laundry,NOUN,4,B
liberty,NOUN,4,B
litter,NOUN,4,B
luck,NOUN,4,B
magic,NOUN,4,B
man,NOUN,4,B
mankind,NOUN,4,B
opinion,NOUN,4,B
order,NOUN,4,B
jealousy,NOUN,5,C
literacy,NOUN,5,C
logic,NOUN,5,C
neglect,NOUN,5,C
nutrition,NOUN,5,C
office,NOUN,5,C
likelihood,NOUN,6,C
linen,NOUN,6,C
linen,NOUN,6,C
lure,NOUN,6,C
matter,NOUN,6,C
momentum,NOUN,6,C
morale,NOUN,6,C
nostalgia,NOUN,6,C
novelty,NOUN,6,C
order,NOUN,6,C
output,NOUN,6,C
January,NOUN,1,A
July,NOUN,1,A
June,NOUN,1,A
life,NOUN,1,A
March,NOUN,1,A
May,NOUN,1,A
Monday,NOUN,1,A
morning,NOUN,1,A
night,NOUN,1,A
night,NOUN,1,A
noise,NOUN,1,A
November,NOUN,1,A
October,NOUN,1,A
mail,NOUN,2,A
jail,NOUN,3,B
lamb,NOUN,3,B
life,NOUN,3,B
liquid,NOUN,3,B
material,NOUN,3,B
mystery,NOUN,3,B
length,NOUN,4,B
loss,NOUN,4,B
loss,NOUN,4,B
material,NOUN,4,B
mixture,NOUN,4,B
origin,NOUN,4,B
origin,NOUN,5,C
justification,NOUN,6,C
memory,NOUN,6,C
merger,NOUN,6,C
mishap,NOUN,6,C
monopoly,NOUN,6,C
muddle,NOUN,6,C
omission,NOUN,6,C
overload,NOUN,6,C
means,NOUN,4,B
outskirts,NOUN,4,B
odds,NOUN,5,C
mix,NOUN,3,B
manner,NOUN,4,B
manner,NOUN,4,B
mess,NOUN,4,B
mixture,NOUN,4,B
need,NOUN,4,B
note,NOUN,5,C
outlook,NOUN,5,C
loss,NOUN,6,C
match,NOUN,6,C
outlook,NOUN,6,C
matter,VERB,2,A
lie,VERB,3,B
lie,VERB,3,B
live,VERB,3,B
operate,VERB,3,B
jump,VERB,4,B
keep,VERB,4,B
look,VERB,4,B
occur,VERB,4,B
mingle,VERB,5,C
lecture,VERB,6,C
lie,VERB,6,C
linger,VERB,6,C
live,VERB,6,C
loom,VERB,6,C
loom,VERB,6,C
moan,VERB,6,C
mount,VERB,6,C
love,VERB,1,A
love,VERB,1,A
need,VERB,1,A
keep,VERB,2,A
keep,VERB,2,A
miss,VERB,2,A
keep,VERB,3,B
know,VERB,3,B
let,VERB,3,B
lose,VERB,3,B
lose,VERB,3,B
make,VERB,3,B
mean,VERB,3,B
mean,VERB,3,B
mind,VERB,3,B
miss,VERB,3,B
need,VERB,3,B
open,VERB,3,B
own,VERB,3,B
lack,VERB,4,B
launch,VERB,4,B
leave,VERB,4,B
light,VERB,4,B
link,VERB,4,B
lose,VERB,4,B
lower,VERB,4,B
maintain,VERB,4,B
make,VERB,4,B
measure,VERB,4,B
miss,VERB,4,B
move,VERB,4,B
name,VERB,4,B
occupy,VERB,4,B
overlook,VERB,4,B
keep,VERB,5,C
label,VERB,5,C
make,VERB,5,C
manage,VERB,5,C
match,VERB,5,C
meet,VERB,5,C
modify,VERB,5,C
motivate,VERB,5,C
neglect,VERB,5,C
nominate,VERB,5,C
number,VERB,5,C
offer,VERB,5,C
outnumber,VERB,5,C
outrage,VERB,5,C
outweigh,VERB,5,C
overdo,VERB,5,C
overtake,VERB,5,C
overwhelm,VERB,5,C
juggle,VERB,6,C
know,VERB,6,C
label,VERB,6,C
land,VERB,6,C
leak,VERB,6,C
leave,VERB,6,C
line,VERB,6,C
loathe,VERB,6,C
lure,VERB,6,C
mark,VERB,6,C
measure,VERB,6,C
meet,VERB,6,C
moderate,VERB,6,C
number,VERB,6,C
nurse,VERB,6,C
observe,VERB,6,C
offset,VERB,6,C
overhear,VERB,6,C
know,VERB,1,A
leave,VERB,1,A
meet,VERB,1,A
know,VERB,2,A
mix,VERB,2,A
open,VERB,2,A
order,VERB,2,A
join,VERB,3,B
knit,VERB,3,B
live,VERB,3,B
marry,VERB,3,B
match,VERB,3,B
mix,VERB,3,B
leak,VERB,4,B
lend,VERB,4,B
load,VERB,4,B
mark,VERB,4,B
melt,VERB,4,B
nod,VERB,4,B
operate,VERB,4,B
overtake,VERB,4,B
jam,VERB,5,C
judge,VERB,5,C
lengthen,VERB,5,C
lessen,VERB,5,C
negotiate,VERB,5,C
overestimate,VERB,5,C
judge,VERB,6,C
lead,VERB,6,C
loosen,VERB,6,C
mingle,VERB,6,C
murmur,VERB,6,C
overflow,VERB,6,C
overlap,VERB,6,C
kill,VERB,2,A
murder,VERB,3,B
kill,VERB,6,C
OK,ADJ,1,A
moreover,ADV,4,B
OK,ADJ,2,A
OK,ADJ,2,A
mad,ADJ,2,A
mad,ADJ,3,B
laid-back,ADJ,6,C
notwithstanding,ADV,5,C
likewise,ADV,6,C
miserable,ADJ,6,C
OK,ADV,2,A
misleading,ADJ,4,B
misinterpretation,NOUN,6,C
noticeable,ADJ,5,C
musical,ADJ,2,A
orchestral,ADJ,4,B
original,ADJ,4,B
medical,ADJ,4,B
oral,ADJ,4,B
minimal,ADJ,5,C
mental,ADJ,4,B
liberal,ADJ,5,C
natural,ADJ,5,C
national,ADJ,2,A
official,ADJ,4,B
liberal,ADJ,5,C
observant,ADJ,6,C
limited,ADJ,3,B
old-fashioned,ADJ,3,B
middle-aged,ADJ,3,B
motivated,ADJ,4,B
organized,ADJ,4,B
narrow-minded,ADJ,5,C
open-minded,ADJ,5,C
married,ADJ,2,A
overworked,ADJ,5,C
lenient,ADJ,6,C
negligible,ADJ,6,C
organic,ADJ,4,B
optimistic,ADJ,4,B
magnetic,ADJ,5,C
outstanding,ADJ,4,B
off-putting,ADJ,6,C
moving,ADJ,4,B
outgoing,ADJ,5,C
overwhelming,ADJ,5,C
operation,NOUN,3,B
operation,NOUN,5,C
opportunity,NOUN,4,B
negative,ADJ,4,B
massive,ADJ,4,B
negative,ADJ,4,B
lucrative,ADJ,6,C
negative,ADJ,3,B
objective,ADJ,4,B
offensive,ADJ,4,B
obsessive,ADJ,6,C
merciless,ADJ,6,C
musically,ADV,6,C
naturally,ADV,5,C
medically,ADV,6,C
mainly,ADV,3,B
largely,ADV,4,B
necessarily,ADV,4,B
legally,ADV,4,B
lovely,ADJ,2,A
lovely,ADJ,2,A
merely,ADV,4,B
negatively,ADV,4,B
nicely,ADV,4,B
merely,ADV,6,C
moderately,ADV,6,C
lively,ADJ,3,B
lonely,ADJ,3,B
kindly,ADV,3,B
jealously,ADV,4,B
nervously,ADV,4,B
nicely,ADV,4,B
openly,ADV,5,C
naturally,ADV,6,C
measurement,NOUN,4,B
measurement,NOUN,6,C
marvellous,ADJ,3,B
luxurious,ADJ,5,C
monotonous,ADJ,5,C
numerous,ADJ,5,C
jealous,ADJ,3,B
nervous,ADJ,3,B
jealous,ADJ,4,B
outrageous,ADJ,4,B
malicious,ADJ,6,C
misty,ADJ,4,B
lazy,ADJ,2,A
nosy,ADJ,6,C
lead,ADJ,3,B
live,ADJ,3,B
literary,ADJ,4,B
on,ADV,6,C
orchestra,NOUN,3,B
lead,NOUN,6,C
mad,ADJ,3,B
non-smoking,ADJ,4,B
on,ADV,2,A
long,ADJ,2,A
little,ADJ,4,B
no,ADV,1,A
maybe,ADV,2,A
no,ADV,2,A
just,ADV,3,B
just,ADV,3,B
nevertheless,ADV,4,B
overall,ADV,4,B
madam,NOUN,3,B
nonsense,NOUN,4,B
material,NOUN,5,C
offer,VERB,3,B
legal,ADJ,4,B
legal,ADJ,4,B
legitimate,ADJ,6,C
jury,NOUN,4,B
light,ADJ,1,A
little,ADJ,1,A
long,ADJ,1,A
new,ADJ,1,A
nice,ADJ,1,A
orange,ADJ,1,A
large,ADJ,2,A
left,ADJ,2,A
left-hand,ADJ,2,A
light,ADJ,2,A
loud,ADJ,2,A
low,ADJ,2,A
old,ADJ,2,A
last,ADJ,3,B
light,ADJ,3,B
low,ADJ,3,B
magnificent,ADJ,3,B
main,ADJ,3,B
maximum,ADJ,3,B
medium,ADJ,3,B
minimum,ADJ,3,B
narrow,ADJ,3,B
nasty,ADJ,3,B
near,ADJ,3,B
nearby,ADJ,3,B
opposite,ADJ,3,B
outdoor,ADJ,3,B
key,ADJ,4,B
level,ADJ,4,B
low,ADJ,4,B
medieval,ADJ,4,B
mere,ADJ,4,B
middle,ADJ,4,B
modest,ADJ,4,B
outer,ADJ,4,B
outside,ADJ,4,B
oval,ADJ,4,B
middle,ADJ,5,C
mild,ADJ,5,C
moderate,ADJ,5,C
mundane,ADJ,5,C
marginal,ADJ,6,C
mediocre,ADJ,6,C
minute,ADJ,6,C
outside,ADV,1,A
left,ADV,2,A
less,ADV,2,A
most,ADV,2,A
outside,ADV,2,A
over,ADV,2,A
least,ADV,3,B
low,ADV,3,B
more,ADV,3,B
much,ADV,3,B
much,ADV,3,B
near,ADV,3,B
nearby,ADV,3,B
opposite,ADV,3,B
little,ADV,5,C
minimum,NOUN,3,B
mild,ADJ,4,B
off,ADJ,4,B
overdrawn,ADJ,5,C
monetary,ADJ,6,C
owe,VERB,3,B
lose,VERB,5,C
mild,ADJ,3,B
manual,ADJ,4,B
look,NOUN,3,B
match,VERB,3,B
mark,VERB,5,C
little,ADJ,1,A
old,ADJ,1,A
old,ADJ,1,A
nice,ADJ,1,A
kind,ADJ,2,A
keen,ADJ,3,B
keen,ADJ,3,B
miserable,ADJ,3,B
nasty,ADJ,3,B
new,ADJ,3,B
loyal,ADJ,4,B
mature,ADJ,4,B
mean,ADJ,4,B
mean,ADJ,4,B
miserable,ADJ,4,B
nasty,ADJ,4,B
naughty,ADJ,4,B
knowledgeable,ADJ,5,C
low,ADJ,5,C
modest,ADJ,5,C
naive,ADJ,5,C
noble,ADJ,5,C
mechanical,ADJ,6,C
open,ADJ,6,C
mentally,ADV,4,B
knowledge,NOUN,3,B
name,NOUN,4,B
nuisance,NOUN,4,B
move,VERB,4,B
left-wing,ADJ,5,C
out,ADV,3,B
online,ADJ,2,A
mechanical,ADJ,4,B
off,ADV,2,A
online,ADV,2,A
on,ADV,3,B
lift,NOUN,2,A
jam,VERB,6,C
manual,ADJ,4,B
off,ADV,2,A
misinform,VERB,5,C
memorable,ADJ,4,B
liable,ADJ,5,C
notable,ADJ,5,C
normal,ADJ,2,A
natural,ADJ,3,B
original,ADJ,3,B
original,ADJ,3,B
logical,ADJ,4,B
magical,ADJ,4,B
magical,ADJ,4,B
mathematical,ADJ,4,B
natural,ADJ,4,B
optional,ADJ,4,B
municipal,ADJ,5,C
musical,ADJ,5,C
nutritional,ADJ,5,C
occasional,ADJ,5,C
literal,ADJ,6,C
naval,ADJ,6,C
official,ADJ,6,C
official,ADJ,6,C
official,ADJ,6,C
limited,ADJ,4,B
organized,ADJ,4,B
overcrowded,ADJ,5,C
muddled,ADJ,6,C
non-existent,ADJ,5,C
negligent,ADJ,6,C
later,ADJ,4,B
later,ADJ,6,C
later,ADJ,6,C
later,ADV,2,A
meaningful,ADJ,4,B
meaningful,ADJ,4,B
merciful,ADJ,6,C
linguistic,ADJ,5,C
magnetic,ADJ,5,C
materialistic,ADJ,6,C
nostalgic,ADJ,6,C
missing,ADJ,2,A
missing,ADJ,3,B
leading,ADJ,4,B
living,ADJ,4,B
neighbouring,ADJ,4,B
never-ending,ADJ,5,C
opening,ADJ,5,C
long-lasting,ADJ,6,C
long-running,ADJ,6,C
ongoing,ADJ,6,C
outgoing,ADJ,6,C
meaning,NOUN,4,B
opening,NOUN,4,B
opening,NOUN,4,B
longing,NOUN,6,C
operation,NOUN,5,C
operation,NOUN,5,C
materialist,ADJ,6,C
negative,ADJ,2,A
needless,ADJ,6,C
likely,ADJ,3,B
monthly,ADJ,3,B
lonely,ADJ,4,B
nearly,ADV,2,A
lately,ADV,3,B
lightly,ADV,3,B
loudly,ADV,3,B
mostly,ADV,3,B
normally,ADV,3,B
obviously,ADV,3,B
lastly,ADV,4,B
literally,ADV,4,B
morally,ADV,4,B
narrowly,ADV,4,B
naturally,ADV,4,B
naturally,ADV,4,B
newly,ADV,4,B
normally,ADV,4,B
occasionally,ADV,4,B
originally,ADV,4,B
jointly,ADV,5,C
lightly,ADV,5,C
likely,ADV,5,C
magnificently,ADV,5,C
modestly,ADV,5,C
mysteriously,ADV,5,C
neatly,ADV,5,C
notably,ADV,5,C
noticeably,ADV,5,C
objectively,ADV,5,C
officially,ADV,5,C
logically,ADV,6,C
modestly,ADV,6,C
oddly,ADV,6,C
obvious,ADJ,3,B
mysterious,ADJ,4,B
notorious,ADJ,5,C
nutritious,ADJ,5,C
meticulous,ADJ,6,C
membership,NOUN,5,C
lucky,ADJ,2,A
noisy,ADJ,2,A
juicy,ADJ,3,B
lucky,ADJ,3,B
messy,ADJ,3,B
lazy,ADJ,4,B
muddy,ADJ,4,B
lengthy,ADJ,5,C
juicy,ADJ,6,C
mighty,ADJ,6,C
late,ADJ,1,A
late,ADJ,1,A
long,ADJ,1,A
new,ADJ,1,A
new,ADJ,1,A
only,ADJ,1,A
open,ADJ,1,A
last,ADJ,2,A
last,ADJ,2,A
last,ADJ,2,A
latest,ADJ,2,A
lost,ADJ,2,A
magic,ADJ,2,A
modern,ADJ,2,A
next,ADJ,2,A
next,ADJ,2,A
north,ADJ,2,A
open,ADJ,2,A
own,ADJ,2,A
light,ADJ,3,B
little,ADJ,3,B
local,ADJ,3,B
loose,ADJ,3,B
lost,ADJ,3,B
magic,ADJ,3,B
male,ADJ,3,B
modern,ADJ,3,B
neat,ADJ,3,B
necessary,ADJ,3,B
next-door,ADJ,3,B
northeast,ADJ,3,B
northern,ADJ,3,B
northwest,ADJ,3,B
open,ADJ,3,B
ordinary,ADJ,3,B
out-of-date,ADJ,3,B
overnight,ADJ,3,B
joint,ADJ,4,B
junior,ADJ,4,B
junior,ADJ,4,B
known,ADJ,4,B
last-minute,ADJ,4,B
latter,ADJ,4,B
little,ADJ,4,B
long-distance,ADJ,4,B
long-term,ADJ,4,B
loose,ADJ,4,B
low,ADJ,4,B
major,ADJ,4,B
minor,ADJ,4,B
moral,ADJ,4,B
naked,ADJ,4,B
nationwide,ADJ,4,B
native,ADJ,4,B
native,ADJ,4,B
nuclear,ADJ,4,B
nuclear,ADJ,4,B
odd,ADJ,4,B
open,ADJ,4,B
opposite,ADJ,4,B
overseas,ADJ,4,B
overweight,ADJ,4,B
just,ADJ,5,C
justified,ADJ,5,C
juvenile,ADJ,5,C
keen,ADJ,5,C
legendary,ADJ,5,C
legendary,ADJ,5,C
long-time,ADJ,5,C
lost,ADJ,5,C
low,ADJ,5,C
masculine,ADJ,5,C
mass,ADJ,5,C
middle-class,ADJ,5,C
mistaken,ADJ,5,C
moral,ADJ,5,C
multiple,ADJ,5,C
mutual,ADJ,5,C
mutual,ADJ,5,C
naked,ADJ,5,C
neutral,ADJ,5,C
neutral,ADJ,5,C
noble,ADJ,5,C
obese,ADJ,5,C
obligatory,ADJ,5,C
obsolete,ADJ,5,C
outside,ADJ,5,C
justifiable,ADJ,6,C
late,ADJ,6,C
lavish,ADJ,6,C
legitimate,ADJ,6,C
lethal,ADJ,6,C
lifelong,ADJ,6,C
literate,ADJ,6,C
loose,ADJ,6,C
mainstream,ADJ,6,C
mean,ADJ,6,C
miniature,ADJ,6,C
minute,ADJ,6,C
narrow,ADJ,6,C
native,ADJ,6,C
near,ADJ,6,C
obligatory,ADJ,6,C
off,ADJ,6,C
open,ADJ,6,C
orthodox,ADJ,6,C
orthodox,ADJ,6,C
overnight,ADJ,6,C
never,ADV,1,A
not,ADV,1,A
not,ADV,1,A
now,ADV,1,A
often,ADV,1,A
only,ADV,1,A
just,ADV,2,A
just,ADV,2,A
late,ADV,2,A
long,ADV,2,A
maybe,ADV,2,A
next,ADV,2,A
north,ADV,2,A
not,ADV,2,A
now,ADV,2,A
off,ADV,2,A
once,ADV,2,A
only,ADV,2,A
out,ADV,2,A
out,ADV,2,A
just,ADV,3,B
just,ADV,3,B
last,ADV,3,B
loud,ADV,3,B
luckily,ADV,3,B
meanwhile,ADV,3,B
next,ADV,3,B
not,ADV,3,B
nowadays,ADV,3,B
nowhere,ADV,3,B
off,ADV,3,B
off,ADV,3,B
once,ADV,3,B
only,ADV,3,B
only,ADV,3,B
only,ADV,3,B
otherwise,ADV,3,B
out,ADV,3,B
out,ADV,3,B
out,ADV,3,B
outdoors,ADV,3,B
over,ADV,3,B
over,ADV,3,B
last,ADV,4,B
late,ADV,4,B
nationwide,ADV,4,B
near,ADV,4,B
neither,ADV,4,B
never,ADV,4,B
nor,ADV,4,B
now,ADV,4,B
often,ADV,4,B
on,ADV,4,B
on,ADV,4,B
on,ADV,4,B
otherwise,ADV,4,B
out,ADV,4,B
over,ADV,4,B
namely,ADV,5,C
nonetheless,ADV,5,C
off,ADV,5,C
otherwise,ADV,5,C
out,ADV,5,C
knowingly,ADV,6,C
knowingly,ADV,6,C
out,ADV,6,C
overboard,ADV,6,C
Miss,NOUN,1,A
Mr,NOUN,1,A
Mrs,NOUN,1,A
Ms,NOUN,2,A
memory,NOUN,3,B
mess,NOUN,3,B
lifetime,NOUN,4,B
luxury,NOUN,4,B
jury,NOUN,5,C
outcome,NOUN,5,C
life,NOUN,6,C
local,NOUN,6,C
medium,NOUN,6,C
motion,NOUN,6,C
last,VERB,3,B
last,VERB,5,C
measure,VERB,5,C
narrow,VERB,5,C
leave,VERB,6,C
leave,VERB,6,C
narrow,VERB,6,C
overflow,VERB,6,C
overlook,VERB,6,C
military,ADJ,4,B
obscene,ADJ,6,C
obscene,ADJ,6,C
navy,NOUN,4,B
residence,NOUN,6,C
reflection,NOUN,6,C
position,NOUN,4,B
protagonist,NOUN,6,C
sensibility,NOUN,6,C
relate,VERB,6,C
rubbish,NOUN,4,B
place,NOUN,2,A
rip-off,NOUN,5,C
perform,VERB,4,B
seek,VERB,4,B
resume,VERB,5,C
regard,NOUN,5,C
resolve,NOUN,6,C
purchase,NOUN,4,B
remove,VERB,6,C
replace,VERB,6,C
practitioner,NOUN,6,C
possession,NOUN,6,C
proximity,NOUN,6,C
paradigm,NOUN,6,C
quest,NOUN,6,C
realm,NOUN,6,C
receipt,NOUN,4,B
purchase,NOUN,4,B
plight,NOUN,6,C
permit,VERB,5,C
prevail,VERB,6,C
refrain,VERB,6,C
reign,VERB,6,C
permit,VERB,3,B
purchase,VERB,4,B
regret,VERB,4,B
perceive,VERB,5,C
rectify,VERB,5,C
render,VERB,5,C
perceive,VERB,6,C
precede,VERB,6,C
render,VERB,6,C
sadden,VERB,6,C
seek,VERB,6,C
second,NOUN,3,B
plus,NOUN,4,B
racket,NOUN,6,C
scrap,VERB,6,C
riches,NOUN,6,C
ponder,VERB,6,C
reassurance,NOUN,6,C
revision,NOUN,3,B
reconstruction,NOUN,5,C
rewrite,VERB,4,B
reassure,VERB,5,C
reflect,VERB,5,C
replace,VERB,3,B
rearrange,VERB,4,B
rebuild,VERB,4,B
repay,VERB,4,B
reconstruct,VERB,5,C
redistribute,VERB,6,C
refusal,NOUN,5,C
potential,NOUN,4,B
radical,NOUN,6,C
professional,NOUN,5,C
performance,NOUN,3,B
resistance,NOUN,6,C
self-assurance,NOUN,6,C
self-reliance,NOUN,6,C
reference,NOUN,4,B
reference,NOUN,5,C
reference,NOUN,5,C
patience,NOUN,4,B
self-confidence,NOUN,4,B
resilience,NOUN,6,C
preference,NOUN,4,B
painter,NOUN,2,A
player,NOUN,2,A
poster,NOUN,2,A
performer,NOUN,3,B
presenter,NOUN,4,B
reader,NOUN,3,B
reminder,NOUN,5,C
partner,NOUN,3,B
player,NOUN,1,A
runner,NOUN,2,A
player,NOUN,2,A
printer,NOUN,2,A
passenger,NOUN,2,A
scooter,NOUN,2,A
plumber,NOUN,4,B
researcher,NOUN,4,B
painting,NOUN,2,A
recording,NOUN,3,B
painting,NOUN,2,A
reading,NOUN,1,A
schooling,NOUN,6,C
running,NOUN,2,A
sailing,NOUN,2,A
programming,NOUN,4,B
recording,NOUN,4,B
parking,NOUN,3,B
publication,NOUN,4,B
publication,NOUN,4,B
production,NOUN,4,B
promotion,NOUN,4,B
reaction,NOUN,4,B
sensation,NOUN,4,B
presentation,NOUN,3,B
recommendation,NOUN,4,B
quotation,NOUN,6,C
punctuation,NOUN,3,B
registration,NOUN,3,B
persuasion,NOUN,6,C
pronunciation,NOUN,3,B
prediction,NOUN,4,B
prosecution,NOUN,6,C
quotation,NOUN,6,C
recession,NOUN,4,B
pollution,NOUN,3,B
preparation,NOUN,3,B
prevention,NOUN,4,B
reaction,NOUN,4,B
satisfaction,NOUN,4,B
resignation,NOUN,6,C
reputation,NOUN,4,B
sensation,NOUN,4,B
reception,NOUN,5,C
revolution,NOUN,4,B
relation,NOUN,3,B
separation,NOUN,4,B
position,NOUN,3,B
qualification,NOUN,5,C
recreation,NOUN,4,B
reservation,NOUN,3,B
promotion,NOUN,4,B
resignation,NOUN,6,C
racism,NOUN,4,B
quantity,NOUN,3,B
quantity,NOUN,4,B
prosperity,NOUN,5,C
personality,NOUN,4,B
quality,NOUN,4,B
sensitivity,NOUN,5,C
sensitivity,NOUN,5,C
security,NOUN,6,C
serenity,NOUN,6,C
personality,NOUN,4,B
priority,NOUN,4,B
security,NOUN,3,B
responsibility,NOUN,4,B
relative,NOUN,3,B
realize,VERB,3,B
punishment,NOUN,4,B
payment,NOUN,4,B
resentment,NOUN,6,C
retirement,NOUN,4,B
retirement,NOUN,4,B
politeness,NOUN,4,B
sadness,NOUN,4,B
rudeness,NOUN,5,C
selfishness,NOUN,5,C
self-awareness,NOUN,6,C
predator,NOUN,5,C
scholarship,NOUN,5,C
relationship,NOUN,3,B
relationship,NOUN,3,B
partnership,NOUN,4,B
pet,NOUN,1,A
pig,NOUN,1,A
rabbit,NOUN,2,A
rat,NOUN,2,A
parrot,NOUN,3,B
penguin,NOUN,3,B
puppy,NOUN,3,B
paw,NOUN,4,B
seal,NOUN,4,B
pony,NOUN,5,C
reptile,NOUN,5,C
pack,NOUN,6,C
saddle,NOUN,6,C
prey,NOUN,6,C
page,NOUN,1,A
photo,NOUN,1,A
picture,NOUN,1,A
radio,NOUN,1,A
photograph,NOUN,2,A
piano,NOUN,2,A
play,NOUN,2,A
programme,NOUN,2,A
paper,NOUN,3,B
part,NOUN,3,B
picture,NOUN,3,B
poem,NOUN,3,B
poet,NOUN,3,B
record,NOUN,3,B
role,NOUN,3,B
scene,NOUN,3,B
series,NOUN,3,B
picture,NOUN,4,B
piece,NOUN,4,B
portrait,NOUN,4,B
script,NOUN,4,B
series,NOUN,4,B
photography,NOUN,2,A
pop,NOUN,2,A
rap,NOUN,2,A
rock,NOUN,2,A
poetry,NOUN,3,B
publicity,NOUN,4,B
sculpture,NOUN,3,B
rhythm,NOUN,4,B
present,VERB,4,B
print,VERB,4,B
print,VERB,4,B
promote,VERB,4,B
run,VERB,5,C
portray,VERB,6,C
patient,NOUN,3,B
pill,NOUN,3,B
remedy,NOUN,4,B
rib,NOUN,4,B
scar,NOUN,4,B
sense,NOUN,4,B
pulse,NOUN,5,C
palm,NOUN,6,C
plague,NOUN,6,C
rash,NOUN,6,C
sample,NOUN,6,C
scan,NOUN,6,C
posture,NOUN,5,C
pain,NOUN,2,A
poison,NOUN,4,B
pregnancy,NOUN,5,C
recover,VERB,3,B
react,VERB,5,C
prescribe,VERB,6,C
relax,VERB,5,C
pocket,NOUN,2,A
raincoat,NOUN,2,A
ring,NOUN,2,A
scarf,NOUN,2,A
pullover,NOUN,3,B
sandal,NOUN,3,B
pants,NOUN,3,B
pyjamas,NOUN,4,B
pen,NOUN,1,A
pencil,NOUN,1,A
question,NOUN,1,A
sentence,NOUN,1,A
postcard,NOUN,2,A
rubber,NOUN,2,A
paragraph,NOUN,3,B
photocopy,NOUN,3,B
phrase,NOUN,3,B
point,NOUN,3,B
prayer,NOUN,3,B
promise,NOUN,3,B
questionnaire,NOUN,3,B
scream,NOUN,3,B
profile,NOUN,4,B
proposal,NOUN,4,B
quarrel,NOUN,4,B
query,NOUN,4,B
remark,NOUN,4,B
row,NOUN,4,B
semicolon,NOUN,4,B
sense,NOUN,4,B
paper,NOUN,6,C
plea,NOUN,6,C
proverb,NOUN,6,C
quote,NOUN,6,C
saying,NOUN,6,C
post,NOUN,2,A
post,NOUN,2,A
pressure,NOUN,4,B
print,NOUN,6,C
propaganda,NOUN,6,C
reply,NOUN,3,B
request,NOUN,3,B
protest,NOUN,4,B
record,NOUN,4,B
response,NOUN,4,B
rumour,NOUN,4,B
reproach,NOUN,6,C
pray,VERB,2,A
quarrel,VERB,4,B
respond,VERB,4,B
say,VERB,1,A
see,VERB,1,A
print,VERB,2,A
put,VERB,2,A
persuade,VERB,3,B
predict,VERB,3,B
promise,VERB,3,B
pronounce,VERB,3,B
recommend,VERB,3,B
remind,VERB,3,B
repeat,VERB,3,B
report,VERB,3,B
request,VERB,3,B
say,VERB,3,B
say,VERB,3,B
say,VERB,3,B
persuade,VERB,4,B
praise,VERB,4,B
propose,VERB,4,B
reach,VERB,4,B
recommend,VERB,4,B
reject,VERB,4,B
remark,VERB,4,B
represent,VERB,4,B
reveal,VERB,4,B
release,VERB,5,C
plant,VERB,6,C
present,VERB,6,C
put,VERB,6,C
represent,VERB,6,C
reproach,VERB,6,C
sell,VERB,6,C
read,VERB,1,A
read,VERB,2,A
promise,VERB,3,B
refuse,VERB,3,B
register,VERB,3,B
reply,VERB,3,B
ring,VERB,3,B
scream,VERB,3,B
protest,VERB,4,B
quote,VERB,5,C
quote,VERB,5,C
pirate,NOUN,3,B
prisoner,NOUN,3,B
rule,NOUN,3,B
penalty,NOUN,4,B
sentence,NOUN,4,B
police,NOUN,2,A
proceedings,NOUN,6,C
pair,NOUN,2,A
pair,NOUN,2,A
piece,NOUN,2,A
piece,NOUN,2,A
pattern,NOUN,3,B
piece,NOUN,3,B
pile,NOUN,3,B
row,NOUN,3,B
percentage,NOUN,4,B
pint,NOUN,4,B
pound,NOUN,4,B
ring,NOUN,4,B
roll,NOUN,4,B
sample,NOUN,4,B
scale,NOUN,4,B
paper,NOUN,1,A
pink,NOUN,2,A
purple,NOUN,2,A
red,NOUN,2,A
scale,NOUN,4,B
right,NOUN,2,A
scale,NOUN,4,B
paper,NOUN,2,A
project,NOUN,2,A
pupil,NOUN,2,A
schoolchild,NOUN,2,A
period,NOUN,3,B
place,NOUN,3,B
pass,NOUN,4,B
seminar,NOUN,4,B
scholar,NOUN,5,C
physics,NOUN,2,A
school,NOUN,2,A
science,NOUN,2,A
philosophy,NOUN,4,B
science,NOUN,3,B
pass,VERB,2,A
picnic,NOUN,1,A
plate,NOUN,1,A
sandwich,NOUN,1,A
pan,NOUN,3,B
pea,NOUN,3,B
peanut,NOUN,3,B
pepper,NOUN,3,B
pot,NOUN,3,B
recipe,NOUN,3,B
roll,NOUN,3,B
saucepan,NOUN,3,B
saucer,NOUN,3,B
pancake,NOUN,4,B
portion,NOUN,4,B
prawn,NOUN,4,B
pastry,NOUN,5,C
relish,NOUN,6,C
rice,NOUN,1,A
salt,NOUN,1,A
pasta,NOUN,2,A
pepper,NOUN,2,A
pastry,NOUN,5,C
pizza,NOUN,1,A
potato,NOUN,1,A
pear,NOUN,2,A
salad,NOUN,2,A
sauce,NOUN,2,A
sausage,NOUN,2,A
peach,NOUN,3,B
pie,NOUN,3,B
pineapple,NOUN,3,B
pudding,NOUN,4,B
refreshments,NOUN,3,B
roast,VERB,2,A
room,NOUN,1,A
pillow,NOUN,2,A
roof,NOUN,2,A
seat,NOUN,2,A
palace,NOUN,3,B
place,NOUN,3,B
row,NOUN,3,B
rug,NOUN,3,B
ruin,NOUN,3,B
passage,NOUN,4,B
resident,NOUN,4,B
property,NOUN,4,B
premises,NOUN,5,C
pound,NOUN,2,A
penny,NOUN,3,B
rate,NOUN,4,B
saving,NOUN,5,C
sector,NOUN,5,C
poverty,NOUN,4,B
profit,NOUN,4,B
savings,NOUN,4,B
rent,VERB,2,A
quote,VERB,6,C
park,NOUN,1,A
place,NOUN,1,A
plant,NOUN,1,A
river,NOUN,1,A
peak,NOUN,3,B
planet,NOUN,3,B
region,NOUN,3,B
rose,NOUN,3,B
season,NOUN,3,B
pond,NOUN,4,B
pool,NOUN,4,B
rainbow,NOUN,4,B
range,NOUN,4,B
reserve,NOUN,4,B
root,NOUN,4,B
seed,NOUN,4,B
palm,NOUN,5,C
rain,NOUN,1,A
sand,NOUN,3,B
scenery,NOUN,3,B
oxygen,NOUN,4,B
rubber,NOUN,4,B
sea,NOUN,1,A
rainforest,NOUN,3,B
rock,NOUN,3,B
pine,NOUN,4,B
pour,VERB,3,B
rise,VERB,3,B
search,NOUN,3,B
process,NOUN,4,B
punch,NOUN,4,B
practice,NOUN,2,A
reach,NOUN,4,B
rescue,NOUN,3,B
routine,NOUN,3,B
rush,NOUN,4,B
point,VERB,2,A
pause,VERB,3,B
rest,VERB,3,B
participate,VERB,4,B
queue,VERB,4,B
scratch,VERB,4,B
pose,VERB,5,C
retreat,VERB,6,C
revolt,VERB,6,C
repair,VERB,2,A
return,VERB,2,A
pass,VERB,3,B
pick,VERB,3,B
pin,VERB,3,B
point,VERB,3,B
postpone,VERB,3,B
pour,VERB,3,B
prevent,VERB,3,B
produce,VERB,3,B
prove,VERB,3,B
provide,VERB,3,B
push,VERB,3,B
quit,VERB,3,B
raise,VERB,3,B
remove,VERB,3,B
rescue,VERB,3,B
save,VERB,3,B
select,VERB,3,B
poison,VERB,4,B
present,VERB,4,B
preserve,VERB,4,B
process,VERB,4,B
punch,VERB,4,B
remove,VERB,4,B
restore,VERB,4,B
reward,VERB,4,B
roll,VERB,4,B
rub,VERB,4,B
ruin,VERB,4,B
scratch,VERB,4,B
seize,VERB,4,B
send,VERB,4,B
push,VERB,5,C
release,VERB,5,C
resist,VERB,5,C
restrain,VERB,5,C
restrict,VERB,5,C
sacrifice,VERB,5,C
scan,VERB,5,C
pat,VERB,6,C
refine,VERB,6,C
retrieve,VERB,6,C
scan,VERB,6,C
seize,VERB,6,C
practise,VERB,1,A
run,VERB,1,A
see,VERB,1,A
paint,VERB,2,A
prepare,VERB,2,A
pull,VERB,2,A
push,VERB,2,A
pass,VERB,3,B
plan,VERB,3,B
press,VERB,3,B
protect,VERB,3,B
push,VERB,3,B
search,VERB,3,B
pound,VERB,4,B
reach,VERB,4,B
research,VERB,4,B
resist,VERB,4,B
rip,VERB,4,B
rush,VERB,4,B
separate,VERB,4,B
separate,VERB,4,B
rock,VERB,6,C
perfume,NOUN,2,A
race,NOUN,5,C
resemble,VERB,5,C
scar,NOUN,5,C
peace,NOUN,3,B
pleasure,NOUN,3,B
respect,NOUN,3,B
respect,NOUN,3,B
pain,NOUN,4,B
pity,NOUN,4,B
pride,NOUN,4,B
pride,NOUN,4,B
revenge,NOUN,4,B
sense,NOUN,4,B
self-esteem,NOUN,5,C
restraint,NOUN,6,C
self-control,NOUN,6,C
self-discipline,NOUN,6,C
self-respect,NOUN,6,C
panic,NOUN,4,B
passion,NOUN,4,B
pressure,NOUN,4,B
rage,NOUN,4,B
regret,NOUN,4,B
sense,NOUN,3,B
point,NOUN,4,B
sense,NOUN,4,B
pretend,VERB,4,B
react,VERB,4,B
prefer,VERB,2,A
regret,VERB,3,B
respect,VERB,3,B
reject,VERB,4,B
respect,VERB,4,B
risk,VERB,4,B
risk,VERB,4,B
satisfy,VERB,4,B
return,VERB,5,C
resent,VERB,6,C
sense,VERB,6,C
please,VERB,3,B
relax,VERB,3,B
panic,VERB,4,B
reckon,VERB,4,B
president,NOUN,3,B
policy,NOUN,4,B
republic,NOUN,5,C
referendum,NOUN,6,C
regime,NOUN,6,C
seat,NOUN,6,C
politics,NOUN,3,B
power,NOUN,5,C
reform,NOUN,6,C
rule,VERB,4,B
parent,NOUN,1,A
party,NOUN,1,A
roommate,NOUN,4,B
romance,NOUN,3,B
separate,VERB,4,B
rear,VERB,5,C
playground,NOUN,2,A
pool,NOUN,2,A
puzzle,NOUN,2,A
quiz,NOUN,2,A
race,NOUN,2,A
racket,NOUN,2,A
point,NOUN,3,B
product,NOUN,3,B
record,NOUN,3,B
score,NOUN,3,B
penalty,NOUN,4,B
pitch,NOUN,4,B
referee,NOUN,4,B
run,NOUN,4,B
pass,NOUN,6,C
second,NOUN,6,C
rugby,NOUN,2,A
pool,NOUN,3,B
play,NOUN,4,B
sale,NOUN,4,B
represent,VERB,4,B
page,NOUN,2,A
PC,NOUN,2,A
program,NOUN,2,A
password,NOUN,3,B
plug,NOUN,3,B
pump,NOUN,3,B
part,NOUN,4,B
pedal,NOUN,4,B
satellite,NOUN,4,B
power,NOUN,3,B
radio,NOUN,3,B
return,NOUN,3,B
scan,VERB,5,C
plane,NOUN,1,A
path,NOUN,2,A
platform,NOUN,2,A
railway,NOUN,2,A
roundabout,NOUN,2,A
pass,NOUN,3,B
pavement,NOUN,3,B
pocket,NOUN,3,B
resort,NOUN,3,B
return,NOUN,3,B
ride,NOUN,3,B
ride,NOUN,3,B
route,NOUN,3,B
parachute,NOUN,4,B
rocket,NOUN,4,B
path,NOUN,6,C
petrol,NOUN,2,A
rail,NOUN,3,B
reverse,NOUN,6,C
road,NOUN,1,A
port,NOUN,3,B
sail,VERB,3,B
run,VERB,4,B
sail,VERB,4,B
reach,VERB,3,B
sail,VERB,3,B
secretary,NOUN,2,A
profession,NOUN,3,B
post,NOUN,4,B
perk,NOUN,5,C
recruit,NOUN,6,C
paperwork,NOUN,4,B
rank,NOUN,5,C
personnel,NOUN,5,C
retire,VERB,3,B
practise,VERB,5,C
rape,NOUN,4,B
robbery,NOUN,4,B
pork,NOUN,3,B
priest,NOUN,3,B
recycling,NOUN,3,B
reconstruction,NOUN,6,C
reorganize,VERB,5,C
replacement,NOUN,4,B
replacement,NOUN,5,C
redevelopment,NOUN,5,C
refund,NOUN,3,B
review,NOUN,3,B
reunion,NOUN,6,C
review,NOUN,6,C
readjust,VERB,6,C
recur,VERB,6,C
rebuild,VERB,3,B
replace,VERB,3,B
reflect,VERB,4,B
reflect,VERB,4,B
regain,VERB,4,B
repay,VERB,4,B
replace,VERB,4,B
review,VERB,4,B
readjust,VERB,5,C
recharge,VERB,5,C
recreate,VERB,5,C
redevelop,VERB,5,C
refund,VERB,5,C
reinforce,VERB,5,C
restart,VERB,5,C
restart,VERB,5,C
review,VERB,5,C
reconstruct,VERB,6,C
reinforce,VERB,6,C
recycle,VERB,3,B
reconsider,VERB,5,C
relocate,VERB,5,C
rethink,VERB,5,C
restructure,VERB,6,C
principal,NOUN,4,B
professional,NOUN,4,B
reversal,NOUN,6,C
renewal,NOUN,5,C
renewal,NOUN,6,C
performance,NOUN,4,B
relevance,NOUN,5,C
perseverance,NOUN,6,C
resistance,NOUN,6,C
resistance,NOUN,6,C
resemblance,NOUN,6,C
resistance,NOUN,6,C
participant,NOUN,5,C
reference,NOUN,4,B
persistence,NOUN,6,C
presence,NOUN,6,C
presence,NOUN,4,B
presence,NOUN,6,C
presence,NOUN,6,C
partner,NOUN,2,A
photographer,NOUN,2,A
ruler,NOUN,2,A
owner,NOUN,3,B
reader,NOUN,3,B
reporter,NOUN,3,B
rider,NOUN,3,B
seller,NOUN,3,B
partner,NOUN,4,B
philosopher,NOUN,4,B
producer,NOUN,4,B
publisher,NOUN,4,B
pensioner,NOUN,5,C
producer,NOUN,5,C
programmer,NOUN,5,C
provider,NOUN,5,C
ruler,NOUN,5,C
retailer,NOUN,6,C
plastic,NOUN,2,A
reading,NOUN,6,C
ruling,NOUN,6,C
planning,NOUN,4,B
planning,NOUN,5,C
reasoning,NOUN,6,C
running,NOUN,6,C
position,NOUN,3,B
position,NOUN,4,B
reception,NOUN,4,B
reflection,NOUN,4,B
regulation,NOUN,4,B
revolution,NOUN,4,B
selection,NOUN,4,B
precaution,NOUN,5,C
projection,NOUN,5,C
proposition,NOUN,5,C
presumption,NOUN,6,C
procession,NOUN,6,C
rejection,NOUN,6,C
resolution,NOUN,6,C
resolution,NOUN,6,C
revelation,NOUN,6,C
sanction,NOUN,6,C
relaxation,NOUN,3,B
production,NOUN,4,B
production,NOUN,4,B
protection,NOUN,4,B
selection,NOUN,4,B
perfection,NOUN,5,C
preservation,NOUN,5,C
projection,NOUN,5,C
radiation,NOUN,5,C
regulation,NOUN,5,C
renovation,NOUN,5,C
presentation,NOUN,6,C
realization,NOUN,6,C
recognition,NOUN,6,C
recognition,NOUN,6,C
rejection,NOUN,6,C
retention,NOUN,6,C
population,NOUN,3,B
position,NOUN,3,B
presentation,NOUN,4,B
recommendation,NOUN,4,B
reduction,NOUN,4,B
relation,NOUN,4,B
separation,NOUN,4,B
progression,NOUN,5,C
provision,NOUN,5,C
restriction,NOUN,5,C
perception,NOUN,6,C
provocation,NOUN,6,C
recollection,NOUN,6,C
rejection,NOUN,6,C
repetition,NOUN,6,C
reservation,NOUN,6,C
resolution,NOUN,6,C
restriction,NOUN,6,C
reception,NOUN,3,B
realization,NOUN,5,C
receptionist,NOUN,2,A
scientist,NOUN,3,B
pharmacist,NOUN,4,B
psychologist,NOUN,4,B
psychiatrist,NOUN,6,C
possibility,NOUN,4,B
quality,NOUN,3,B
popularity,NOUN,4,B
reality,NOUN,4,B
productivity,NOUN,5,C
purity,NOUN,5,C
rarity,NOUN,5,C
reliability,NOUN,5,C
security,NOUN,5,C
possibility,NOUN,3,B
probability,NOUN,5,C
scarcity,NOUN,6,C
recognize,VERB,3,B
recognize,VERB,4,B
privatize,VERB,5,C
recognize,VERB,5,C
requirement,NOUN,4,B
payment,NOUN,4,B
recruitment,NOUN,5,C
readiness,NOUN,5,C
richness,NOUN,5,C
readiness,NOUN,6,C
professor,NOUN,3,B
sailor,NOUN,3,B
razor,NOUN,4,B
predecessor,NOUN,6,C
prosecutor,NOUN,6,C
relationship,NOUN,4,B
ownership,NOUN,5,C
readership,NOUN,5,C
racist,NOUN,6,C
pair,NOUN,1,A
part,NOUN,1,A
person,NOUN,1,A
problem,NOUN,1,A
restaurant,NOUN,1,A
passport,NOUN,2,A
penfriend,NOUN,2,A
pilot,NOUN,2,A
plan,NOUN,2,A
policeman,NOUN,2,A
policewoman,NOUN,2,A
present,NOUN,2,A
price,NOUN,2,A
prize,NOUN,2,A
purse,NOUN,2,A
quarter,NOUN,2,A
queen,NOUN,2,A
question,NOUN,2,A
reason,NOUN,2,A
receipt,NOUN,2,A
salesperson,NOUN,2,A
screen,NOUN,2,A
second,NOUN,2,A
packet,NOUN,3,B
parcel,NOUN,3,B
pedestrian,NOUN,3,B
period,NOUN,3,B
pharmacy,NOUN,3,B
pin,NOUN,3,B
pipe,NOUN,3,B
pleasure,NOUN,3,B
plug,NOUN,3,B
politician,NOUN,3,B
postman,NOUN,3,B
preposition,NOUN,3,B
prescription,NOUN,3,B
prince,NOUN,3,B
princess,NOUN,3,B
pronoun,NOUN,3,B
purpose,NOUN,3,B
queue,NOUN,3,B
range,NOUN,3,B
report,NOUN,3,B
result,NOUN,3,B
result,NOUN,3,B
reward,NOUN,3,B
reward,NOUN,3,B
ride,NOUN,3,B
robot,NOUN,3,B
rule,NOUN,3,B
run,NOUN,3,B
salesman,NOUN,3,B
saleswoman,NOUN,3,B
search,NOUN,3,B
season,NOUN,3,B
secret,NOUN,3,B
section,NOUN,3,B
pack,NOUN,4,B
package,NOUN,4,B
package,NOUN,4,B
parade,NOUN,4,B
passage,NOUN,4,B
path,NOUN,4,B
pattern,NOUN,4,B
pattern,NOUN,4,B
pause,NOUN,4,B
peak,NOUN,4,B
pension,NOUN,4,B
phase,NOUN,4,B
plan,NOUN,4,B
platform,NOUN,4,B
plot,NOUN,4,B
point,NOUN,4,B
point,NOUN,4,B
point,NOUN,4,B
prefix,NOUN,4,B
process,NOUN,4,B
programme,NOUN,4,B
project,NOUN,4,B
proposal,NOUN,4,B
question,NOUN,4,B
range,NOUN,4,B
rate,NOUN,4,B
ray,NOUN,4,B
rebel,NOUN,4,B
release,NOUN,4,B
remedy,NOUN,4,B
representative,NOUN,4,B
resource,NOUN,4,B
right,NOUN,4,B
ring,NOUN,4,B
rise,NOUN,4,B
role,NOUN,4,B
salon,NOUN,4,B
sample,NOUN,4,B
scene,NOUN,4,B
scent,NOUN,4,B
schedule,NOUN,4,B
scheme,NOUN,4,B
scratch,NOUN,4,B
series,NOUN,4,B
panel,NOUN,5,C
peasant,NOUN,5,C
peer,NOUN,5,C
permit,NOUN,5,C
perspective,NOUN,5,C
phenomenon,NOUN,5,C
philosophy,NOUN,5,C
policy,NOUN,5,C
portion,NOUN,5,C
power,NOUN,5,C
principle,NOUN,5,C
print,NOUN,5,C
privilege,NOUN,5,C
profile,NOUN,5,C
proportion,NOUN,5,C
push,NOUN,5,C
pyramid,NOUN,5,C
race,NOUN,5,C
rate,NOUN,5,C
ratio,NOUN,5,C
rectangle,NOUN,5,C
reign,NOUN,5,C
riot,NOUN,5,C
rise,NOUN,5,C
risk,NOUN,5,C
rival,NOUN,5,C
runway,NOUN,5,C
sack,NOUN,5,C
saint,NOUN,5,C
secretary,NOUN,5,C
serial,NOUN,5,C
pact,NOUN,6,C
panel,NOUN,6,C
paradox,NOUN,6,C
parallel,NOUN,6,C
particle,NOUN,6,C
pastime,NOUN,6,C
patch,NOUN,6,C
patch,NOUN,6,C
patch,NOUN,6,C
pioneer,NOUN,6,C
pit,NOUN,6,C
platform,NOUN,6,C
plot,NOUN,6,C
pocket,NOUN,6,C
point,NOUN,6,C
point,NOUN,6,C
pole,NOUN,6,C
puzzle,NOUN,6,C
quarter,NOUN,6,C
quote,NOUN,6,C
raid,NOUN,6,C
raid,NOUN,6,C
rail,NOUN,6,C
rally,NOUN,6,C
rally,NOUN,6,C
record,NOUN,6,C
reserve,NOUN,6,C
retreat,NOUN,6,C
retreat,NOUN,6,C
rhyme,NOUN,6,C
ribbon,NOUN,6,C
ritual,NOUN,6,C
roar,NOUN,6,C
rocket,NOUN,6,C
round,NOUN,6,C
round,NOUN,6,C
route,NOUN,6,C
sail,NOUN,6,C
scenario,NOUN,6,C
scene,NOUN,6,C
scrap,NOUN,6,C
pay,NOUN,3,B
permission,NOUN,3,B
progress,NOUN,3,B
property,NOUN,3,B
research,NOUN,3,B
room,NOUN,3,B
rubbish,NOUN,3,B
pace,NOUN,4,B
peace,NOUN,4,B
pottery,NOUN,4,B
pottery,NOUN,4,B
power,NOUN,4,B
privacy,NOUN,4,B
proof,NOUN,4,B
psychology,NOUN,4,B
question,NOUN,4,B
quiet,NOUN,4,B
reach,NOUN,4,B
reason,NOUN,4,B
right,NOUN,4,B
safety,NOUN,4,B
ozone,NOUN,5,C
power,NOUN,5,C
praise,NOUN,5,C
prestige,NOUN,5,C
protein,NOUN,5,C
release,NOUN,5,C
retail,NOUN,5,C
revenue,NOUN,5,C
rubbish,NOUN,5,C
safety,NOUN,5,C
scope,NOUN,5,C
pressure,NOUN,6,C
purpose,NOUN,6,C
pursuit,NOUN,6,C
range,NOUN,6,C
recovery,NOUN,6,C
refuge,NOUN,6,C
relief,NOUN,6,C
relief,NOUN,6,C
relish,NOUN,6,C
remorse,NOUN,6,C
rhyme,NOUN,6,C
ruin,NOUN,6,C
rule,NOUN,6,C
scope,NOUN,6,C
scrap,NOUN,6,C
scrutiny,NOUN,6,C
paint,NOUN,1,A
phone,NOUN,1,A
Saturday,NOUN,1,A
school,NOUN,1,A
September,NOUN,1,A
plural,NOUN,2,A
rent,NOUN,2,A
rest,NOUN,2,A
powder,NOUN,3,B
prison,NOUN,3,B
religion,NOUN,3,B
repair,NOUN,3,B
result,NOUN,3,B
salary,NOUN,3,B
salmon,NOUN,3,B
prejudice,NOUN,4,B
procedure,NOUN,4,B
prospect,NOUN,4,B
rehearsal,NOUN,4,B
risk,NOUN,4,B
rope,NOUN,4,B
scandal,NOUN,4,B
paradise,NOUN,5,C
pressure,NOUN,5,C
privilege,NOUN,5,C
redundancy,NOUN,5,C
register,NOUN,5,C
sacrifice,NOUN,5,C
self,NOUN,5,C
portrayal,NOUN,6,C
practice,NOUN,6,C
precedent,NOUN,6,C
principle,NOUN,6,C
rivalry,NOUN,6,C
script,NOUN,6,C
people,NOUN,1,A
scissors,NOUN,2,A
remains,NOUN,4,B
proceedings,NOUN,6,C
quarter,NOUN,1,A
return,NOUN,3,B
point,NOUN,4,B
rule,NOUN,4,B
price,NOUN,5,C
prospect,NOUN,6,C
read,NOUN,6,C
rush,NOUN,6,C
rush,NOUN,6,C
picture,NOUN,4,B
return,VERB,2,A
pass,VERB,3,B
point,VERB,3,B
rise,VERB,3,B
pray,VERB,4,B
progress,VERB,4,B
propose,VERB,4,B
qualify,VERB,4,B
rebel,VERB,4,B
recover,VERB,4,B
remain,VERB,4,B
return,VERB,4,B
rise,VERB,4,B
run,VERB,4,B
plunge,VERB,5,C
proceed,VERB,5,C
search,VERB,5,C
pass,VERB,6,C
pay,VERB,6,C
persist,VERB,6,C
persist,VERB,6,C
progress,VERB,6,C
prosper,VERB,6,C
rage,VERB,6,C
rage,VERB,6,C
reign,VERB,6,C
rhyme,VERB,6,C
riot,VERB,6,C
send,VERB,1,A
post,VERB,2,A
receive,VERB,2,A
repeat,VERB,2,A
save,VERB,2,A
see,VERB,2,A
sell,VERB,2,A
sell,VERB,2,A
pick,VERB,3,B
plant,VERB,3,B
play,VERB,3,B
post,VERB,3,B
punish,VERB,3,B
raise,VERB,3,B
reduce,VERB,3,B
rent,VERB,3,B
require,VERB,3,B
reserve,VERB,3,B
rob,VERB,3,B
run,VERB,3,B
save,VERB,3,B
peel,VERB,4,B
photograph,VERB,4,B
poison,VERB,4,B
pollute,VERB,4,B
present,VERB,4,B
produce,VERB,4,B
prove,VERB,4,B
put,VERB,4,B
raise,VERB,4,B
reach,VERB,4,B
record,VERB,4,B
reject,VERB,4,B
release,VERB,4,B
release,VERB,4,B
renew,VERB,4,B
represent,VERB,4,B
revise,VERB,4,B
rule,VERB,4,B
run,VERB,4,B
sack,VERB,4,B
search,VERB,4,B
see,VERB,4,B
see,VERB,4,B
sentence,VERB,4,B
picture,VERB,5,C
place,VERB,5,C
possess,VERB,5,C
presume,VERB,5,C
produce,VERB,5,C
prolong,VERB,5,C
promote,VERB,5,C
pursue,VERB,5,C
rate,VERB,5,C
receive,VERB,5,C
record,VERB,5,C
recover,VERB,5,C
refresh,VERB,5,C
regulate,VERB,5,C
regulate,VERB,5,C
renovate,VERB,5,C
resolve,VERB,5,C
restore,VERB,5,C
reverse,VERB,5,C
rush,VERB,5,C
scare,VERB,5,C
see,VERB,5,C
pass,VERB,6,C
patch,VERB,6,C
pinpoint,VERB,6,C
pity,VERB,6,C
plague,VERB,6,C
present,VERB,6,C
press,VERB,6,C
provoke,VERB,6,C
raid,VERB,6,C
raid,VERB,6,C
read,VERB,6,C
recollect,VERB,6,C
reconcile,VERB,6,C
reform,VERB,6,C
register,VERB,6,C
relieve,VERB,6,C
relish,VERB,6,C
repair,VERB,6,C
represent,VERB,6,C
retain,VERB,6,C
reveal,VERB,6,C
rival,VERB,6,C
saddle,VERB,6,C
sample,VERB,6,C
see,VERB,6,C
send,VERB,6,C
paint,VERB,1,A
pay,VERB,1,A
phone,VERB,1,A
play,VERB,1,A
play,VERB,1,A
remember,VERB,1,A
ride,VERB,1,A
pack,VERB,2,A
park,VERB,2,A
play,VERB,2,A
play,VERB,2,A
prepare,VERB,2,A
record,VERB,2,A
rent,VERB,2,A
ring,VERB,2,A
save,VERB,2,A
save,VERB,2,A
pay,VERB,3,B
perform,VERB,3,B
play,VERB,3,B
quit,VERB,3,B
race,VERB,3,B
report,VERB,3,B
revise,VERB,3,B
score,VERB,3,B
search,VERB,3,B
see,VERB,3,B
pause,VERB,4,B
qualify,VERB,4,B
qualify,VERB,4,B
recall,VERB,4,B
resign,VERB,4,B
reverse,VERB,4,B
row,VERB,4,B
scratch,VERB,4,B
sell,VERB,4,B
rank,VERB,5,C
refresh,VERB,5,C
rehearse,VERB,5,C
run,VERB,5,C
pass,VERB,6,C
peel,VERB,6,C
pop,VERB,6,C
prosecute,VERB,6,C
relate,VERB,6,C
rot,VERB,6,C
pub,NOUN,2,A
refugee,NOUN,4,B
prostitute,NOUN,5,C
rebellion,NOUN,5,C
rape,VERB,4,B
pathetic,ADJ,6,C
poorly,ADJ,5,C
scary,ADJ,3,B
pretty,ADV,3,B
part,VERB,6,C
relative,ADJ,5,C
presently,ADV,5,C
paramount,ADJ,6,C
posh,ADJ,4,B
posh,ADJ,6,C
recycled,ADJ,3,B
reproduce,VERB,6,C
reasonable,ADJ,3,B
reasonable,ADJ,3,B
remarkable,ADJ,4,B
pleasurable,ADJ,5,C
portable,ADJ,5,C
reputable,ADJ,5,C
respectable,ADJ,6,C
payable,ADJ,5,C
payable,ADJ,5,C
reliable,ADJ,3,B
reasonable,ADJ,4,B
respectable,ADJ,4,B
physical,ADJ,4,B
psychological,ADJ,4,B
sensational,ADJ,6,C
residential,ADJ,6,C
residential,ADJ,4,B
regional,ADJ,4,B
racial,ADJ,4,B
professional,ADJ,3,B
rational,ADJ,5,C
philosophical,ADJ,6,C
practical,ADJ,6,C
sceptical,ADJ,6,C
sentimental,ADJ,6,C
political,ADJ,3,B
presidential,ADJ,4,B
radical,ADJ,6,C
recreational,ADJ,6,C
professional,ADJ,4,B
self-reliant,ADJ,6,C
redundant,ADJ,4,B
secluded,ADJ,6,C
semi-detached,ADJ,5,C
pleased,ADJ,2,A
relaxed,ADJ,3,B
satisfied,ADJ,3,B
scared,ADJ,3,B
petrified,ADJ,4,B
puzzled,ADJ,4,B
qualified,ADJ,4,B
relieved,ADJ,4,B
respected,ADJ,4,B
self-centred,ADJ,5,C
reserved,ADJ,6,C
self-assured,ADJ,6,C
related,ADJ,4,B
scheduled,ADJ,4,B
retired,ADJ,4,B
persistent,ADJ,6,C
painful,ADJ,3,B
pitiful,ADJ,6,C
peaceful,ADJ,3,B
powerful,ADJ,3,B
painful,ADJ,4,B
peaceful,ADJ,4,B
respectful,ADJ,5,C
resourceful,ADJ,6,C
reversible,ADJ,6,C
sensible,ADJ,3,B
responsible,ADJ,4,B
responsible,ADJ,4,B
romantic,ADJ,3,B
poetic,ADJ,6,C
scenic,ADJ,5,C
scientific,ADJ,3,B
pessimistic,ADJ,4,B
realistic,ADJ,4,B
sarcastic,ADJ,6,C
relaxing,ADJ,3,B
self-catering,ADJ,5,C
representation,NOUN,6,C
qualification,NOUN,3,B
sensation,NOUN,4,B
qualification,NOUN,6,C
selfish,ADJ,3,B
quality,ADJ,3,B
repetitive,ADJ,5,C
sensitive,ADJ,4,B
sensitive,ADJ,4,B
protective,ADJ,5,C
perceptive,ADJ,6,C
receptive,ADJ,6,C
restless,ADJ,5,C
restless,ADJ,6,C
ruthless,ADJ,6,C
physically,ADV,4,B
psychologically,ADV,4,B
really,ADV,1,A
really,ADV,2,A
particularly,ADV,3,B
partly,ADV,3,B
personally,ADV,3,B
possibly,ADV,3,B
perfectly,ADV,4,B
personally,ADV,4,B
possibly,ADV,4,B
precisely,ADV,4,B
secondly,ADV,4,B
precisely,ADV,5,C
precisely,ADV,4,B
roughly,ADV,4,B
scientifically,ADV,4,B
racially,ADV,5,C
politely,ADV,3,B
passionately,ADV,4,B
patiently,ADV,4,B
peacefully,ADV,4,B
positively,ADV,4,B
proudly,ADV,4,B
readily,ADV,4,B
reasonably,ADV,4,B
sadly,ADV,4,B
reluctantly,ADV,5,C
rudely,ADV,5,C
sensibly,ADV,5,C
respectfully,ADV,6,C
precious,ADJ,4,B
prosperous,ADJ,5,C
self-conscious,ADJ,5,C
rosy,ADJ,6,C
scruffy,ADJ,6,C
salty,ADJ,4,B
rainy,ADJ,3,B
sandy,ADJ,3,B
rocky,ADJ,5,C
risky,ADJ,4,B
rusty,ADJ,4,B
pushy,ADJ,6,C
rocky,ADJ,6,C
publish,VERB,3,B
pregnant,ADJ,3,B
poisonous,ADJ,4,B
plump,ADJ,6,C
positive,ADJ,6,C
sane,ADJ,6,C
recovery,NOUN,4,B
scar,VERB,6,C
pure,ADJ,4,B
quite,ADV,2,A
right,ADV,2,A
quite,ADV,3,B
rather,ADV,3,B
rather,ADV,4,B
question,VERB,4,B
question,VERB,4,B
plead,VERB,6,C
plead,VERB,6,C
serial,ADJ,5,C
release,NOUN,5,C
plead,VERB,6,C
red,ADJ,1,A
perfect,ADJ,2,A
pink,ADJ,2,A
pleasant,ADJ,2,A
purple,ADJ,2,A
right,ADJ,2,A
right-hand,ADJ,2,A
round,ADJ,2,A
pretty,ADJ,3,B
regular,ADJ,3,B
rough,ADJ,3,B
rough,ADJ,3,B
poor,ADJ,4,B
precise,ADJ,4,B
rectangular,ADJ,4,B
satisfactory,ADJ,4,B
scarce,ADJ,5,C
quaint,ADJ,6,C
right,ADV,2,A
percent,ADV,3,B
round,ADV,3,B
secondary,ADJ,3,B
red,ADJ,2,A
roast,ADJ,2,A
raw,ADJ,3,B
rich,ADJ,4,B
rotten,ADJ,4,B
rare,ADJ,5,C
poor,ADJ,1,A
rich,ADJ,2,A
rough,ADJ,4,B
rural,ADJ,4,B
push,NOUN,3,B
search,NOUN,4,B
reserve,VERB,3,B
schedule,VERB,4,B
seduce,VERB,6,C
pretty,ADJ,2,A
red,ADJ,2,A
plain,ADJ,6,C
sad,ADJ,1,A
polite,ADJ,2,A
poor,ADJ,2,A
patient,ADJ,3,B
positive,ADJ,3,B
proud,ADJ,3,B
passionate,ADJ,4,B
passive,ADJ,4,B
poor,ADJ,4,B
positive,ADJ,4,B
secure,ADJ,4,B
self-confident,ADJ,4,B
particular,ADJ,5,C
serene,ADJ,6,C
relief,NOUN,4,B
public,ADJ,3,B
revolutionary,ADJ,4,B
right-wing,ADJ,6,C
party,NOUN,3,B
parliament,NOUN,4,B
presidency,NOUN,4,B
semi-final,NOUN,4,B
senior,ADJ,4,B
part-time,ADV,3,B
profession,NOUN,4,B
promote,VERB,3,B
recruit,VERB,5,C
reassuring,ADJ,5,C
reproduction,NOUN,5,C
reproduction,NOUN,6,C
reproduce,VERB,5,C
reproduce,VERB,5,C
reasonable,ADJ,3,B
predictable,ADJ,4,B
preferable,ADJ,4,B
probable,ADJ,4,B
profitable,ADJ,4,B
reasonable,ADJ,4,B
profitable,ADJ,5,C
renewable,ADJ,5,C
questionable,ADJ,6,C
questionable,ADJ,6,C
renewable,ADJ,6,C
personal,ADJ,3,B
personal,ADJ,3,B
personal,ADJ,3,B
principal,ADJ,3,B
professional,ADJ,3,B
partial,ADJ,4,B
potential,ADJ,4,B
practical,ADJ,4,B
seasonal,ADJ,4,B
postal,ADJ,5,C
practical,ADJ,5,C
practical,ADJ,5,C
radical,ADJ,5,C
sensational,ADJ,5,C
paradoxical,ADJ,6,C
phenomenal,ADJ,6,C
philosophical,ADJ,6,C
physical,ADJ,6,C
provincial,ADJ,6,C
sentimental,ADJ,6,C
revival,NOUN,6,C
reluctant,ADJ,5,C
predominant,ADJ,6,C
redundant,ADJ,6,C
prepared,ADJ,3,B
qualified,ADJ,3,B
prepared,ADJ,4,B
related,ADJ,4,B
relaxed,ADJ,4,B
scheduled,ADJ,4,B
prejudiced,ADJ,5,C
privileged,ADJ,5,C
prolonged,ADJ,5,C
restricted,ADJ,5,C
privileged,ADJ,6,C
refined,ADJ,6,C
refined,ADJ,6,C
renowned,ADJ,6,C
repeated,ADJ,6,C
scattered,ADJ,6,C
resilient,ADJ,6,C
powerful,ADJ,3,B
powerful,ADJ,4,B
possible,ADJ,1,A
possible,ADJ,3,B
plausible,ADJ,6,C
reversible,ADJ,6,C
plastic,ADJ,2,A
realistic,ADJ,3,B
romantic,ADJ,3,B
problematic,ADJ,5,C
pathetic,ADJ,6,C
pragmatic,ADJ,6,C
romantic,ADJ,6,C
remaining,ADJ,4,B
promising,ADJ,5,C
refreshing,ADJ,5,C
refreshing,ADJ,5,C
rewarding,ADJ,5,C
rating,NOUN,5,C
position,NOUN,3,B
population,NOUN,4,B
possession,NOUN,4,B
promotion,NOUN,5,C
recognition,NOUN,6,C
representation,NOUN,6,C
quality,NOUN,3,B
possessive,ADJ,3,B
productive,ADJ,4,B
productive,ADJ,4,B
progressive,ADJ,4,B
protective,ADJ,4,B
sensitive,ADJ,4,B
sensitive,ADJ,4,B
sensitive,ADJ,4,B
persuasive,ADJ,5,C
primitive,ADJ,5,C
primitive,ADJ,5,C
progressive,ADJ,5,C
selective,ADJ,5,C
possessive,ADJ,6,C
preventive,ADJ,6,C
restrictive,ADJ,6,C
priceless,ADJ,4,B
pointless,ADJ,5,C
priceless,ADJ,5,C
reckless,ADJ,6,C
relentless,ADJ,6,C
senseless,ADJ,6,C
regardless,ADV,6,C
possibly,ADV,2,A
probably,ADV,2,A
quickly,ADV,2,A
quickly,ADV,2,A
perfectly,ADV,3,B
pleasantly,ADV,3,B
previously,ADV,3,B
properly,ADV,3,B
quietly,ADV,3,B
quietly,ADV,3,B
rarely,ADV,3,B
really,ADV,3,B
recently,ADV,3,B
regularly,ADV,3,B
regularly,ADV,3,B
secretly,ADV,3,B
permanently,ADV,4,B
potentially,ADV,4,B
powerfully,ADV,4,B
practically,ADV,4,B
preferably,ADV,4,B
presumably,ADV,4,B
primarily,ADV,4,B
privately,ADV,4,B
promptly,ADV,4,B
rapidly,ADV,4,B
readily,ADV,4,B
rightly,ADV,4,B
sadly,ADV,4,B
separately,ADV,4,B
partially,ADV,5,C
poorly,ADV,5,C
publicly,ADV,5,C
purely,ADV,5,C
radically,ADV,5,C
randomly,ADV,5,C
realistically,ADV,5,C
remarkably,ADV,5,C
repeatedly,ADV,5,C
respectively,ADV,5,C
satisfactorily,ADV,5,C
seemingly,ADV,5,C
predominantly,ADV,6,C
profoundly,ADV,6,C
realistically,ADV,6,C
relentlessly,ADV,6,C
roughly,ADV,6,C
roughly,ADV,6,C
scarcely,ADV,6,C
previous,ADJ,3,B
serious,ADJ,3,B
precious,ADJ,4,B
religious,ADJ,4,B
religious,ADJ,4,B
ridiculous,ADJ,4,B
prestigious,ADJ,5,C
rebellious,ADJ,5,C
rusty,ADJ,4,B
petty,ADJ,6,C
rosy,ADJ,6,C
racist,ADJ,6,C
quick,ADJ,1,A
ready,ADJ,1,A
right,ADJ,1,A
safe,ADJ,1,A
same,ADJ,1,A
popular,ADJ,2,A
quick,ADJ,2,A
quiet,ADJ,2,A
quiet,ADJ,2,A
ready,ADJ,2,A
real,ADJ,2,A
real,ADJ,2,A
safe,ADJ,2,A
passive,ADJ,3,B
past,ADJ,3,B
past,ADJ,3,B
perfect,ADJ,3,B
permanent,ADJ,3,B
plain,ADJ,3,B
plain,ADJ,3,B
present,ADJ,3,B
private,ADJ,3,B
private,ADJ,3,B
proper,ADJ,3,B
proper,ADJ,3,B
pure,ADJ,3,B
pure,ADJ,3,B
quiet,ADJ,3,B
rare,ADJ,3,B
real,ADJ,3,B
recent,ADJ,3,B
regular,ADJ,3,B
regular,ADJ,3,B
right,ADJ,3,B
rude,ADJ,3,B
safe,ADJ,3,B
second-hand,ADJ,3,B
secret,ADJ,3,B
self-service,ADJ,3,B
separate,ADJ,3,B
separate,ADJ,3,B
packed,ADJ,4,B
pale,ADJ,4,B
particular,ADJ,4,B
peculiar,ADJ,4,B
picturesque,ADJ,4,B
poisonous,ADJ,4,B
popular,ADJ,4,B
positive,ADJ,4,B
positive,ADJ,4,B
primary,ADJ,4,B
private,ADJ,4,B
prompt,ADJ,4,B
proposed,ADJ,4,B
public,ADJ,4,B
rapid,ADJ,4,B
raw,ADJ,4,B
real,ADJ,4,B
real,ADJ,4,B
rear,ADJ,4,B
regular,ADJ,4,B
relevant,ADJ,4,B
remote,ADJ,4,B
revolutionary,ADJ,4,B
rich,ADJ,4,B
right,ADJ,4,B
ripe,ADJ,4,B
rough,ADJ,4,B
royal,ADJ,4,B
rude,ADJ,4,B
secure,ADJ,4,B
senior,ADJ,4,B
separate,ADJ,4,B
preliminary,ADJ,5,C
prior,ADJ,5,C
prominent,ADJ,5,C
random,ADJ,5,C
resident,ADJ,5,C
respective,ADJ,5,C
rough,ADJ,5,C
sacred,ADJ,5,C
safe,ADJ,5,C
secure,ADJ,5,C
parallel,ADJ,6,C
perfect,ADJ,6,C
plain,ADJ,6,C
popular,ADJ,6,C
premium,ADJ,6,C
prime,ADJ,6,C
profound,ADJ,6,C
profound,ADJ,6,C
profound,ADJ,6,C
prominent,ADJ,6,C
rash,ADJ,6,C
remote,ADJ,6,C
remote,ADJ,6,C
rigid,ADJ,6,C
routine,ADJ,6,C
sacred,ADJ,6,C
secure,ADJ,6,C
sedentary,ADJ,6,C
self-made,ADJ,6,C
self-sufficient,ADJ,6,C
p.m.,ADV,1,A
perhaps,ADV,2,A
round,ADV,2,A
right,ADV,3,B
round,ADV,3,B
round,ADV,3,B
safely,ADV,3,B
second,ADV,3,B
right,ADV,4,B
second,ADV,4,B
seldom,ADV,4,B
reportedly,ADV,6,C
right,ADV,6,C
pence,NOUN,2,A
scene,NOUN,4,B
recovery,NOUN,5,C
sequence,NOUN,5,C
passage,NOUN,6,C
premium,NOUN,6,C
produce,NOUN,6,C
province,NOUN,6,C
sentiment,NOUN,6,C
sequence,NOUN,6,C
sequence,NOUN,6,C
prohibit,VERB,4,B
raise,VERB,4,B
regard,VERB,4,B
price,VERB,5,C
puzzle,VERB,5,C
rule,VERB,5,C
part,VERB,6,C
perfect,VERB,6,C
revive,VERB,6,C
roar,VERB,6,C
roar,VERB,6,C
seal,VERB,6,C
seal,VERB,6,C
seduce,VERB,6,C
television,NOUN,1,A
television,NOUN,3,B
telly,NOUN,5,C
succumb,VERB,6,C
state,VERB,4,B
trash,NOUN,6,C
sorrow,NOUN,6,C
sibling,NOUN,6,C
spouse,NOUN,6,C
specification,NOUN,5,C
television,NOUN,1,A
thesis,NOUN,6,C
strive,VERB,6,C
succumb,VERB,6,C
summon,VERB,6,C
surpass,VERB,6,C
telephone,VERB,2,A
translate,VERB,6,C
soul,NOUN,4,B
tip,NOUN,6,C
tolerance,NOUN,6,C
thriller,NOUN,3,B
sufferer,NOUN,6,C
sweater,NOUN,2,A
trainer,NOUN,2,A
speaker,NOUN,3,B
speaker,NOUN,3,B
smoker,NOUN,4,B
teenager,NOUN,2,A
stranger,NOUN,3,B
supporter,NOUN,3,B
swimmer,NOUN,3,B
supplier,NOUN,4,B
striker,NOUN,6,C
speaker,NOUN,2,A
server,NOUN,3,B
traveller,NOUN,3,B
striker,NOUN,5,C
spelling,NOUN,2,A
spending,NOUN,6,C
smoking,NOUN,1,A
sewing,NOUN,5,C
shopping,NOUN,2,A
training,NOUN,3,B
sightseeing,NOUN,2,A
trekking,NOUN,4,B
station,NOUN,3,B
starvation,NOUN,6,C
suggestion,NOUN,3,B
translation,NOUN,3,B
suspicion,NOUN,5,C
supervision,NOUN,5,C
tension,NOUN,4,B
temptation,NOUN,4,B
tension,NOUN,4,B
transportation,NOUN,5,C
socialism,NOUN,6,C
tourism,NOUN,3,B
therapist,NOUN,5,C
specialist,NOUN,4,B
socialist,NOUN,5,C
tourist,NOUN,2,A
sincerity,NOUN,6,C
stupidity,NOUN,6,C
superiority,NOUN,6,C
summarize,VERB,5,C
socialize,VERB,4,B
treatment,NOUN,4,B
statement,NOUN,4,B
sickness,NOUN,4,B
softness,NOUN,4,B
tiredness,NOUN,4,B
shyness,NOUN,5,C
stubbornness,NOUN,6,C
tenderness,NOUN,6,C
toughness,NOUN,6,C
sponsor,NOUN,4,B
sponsor,VERB,4,B
solicitor,NOUN,5,C
successor,NOUN,5,C
supervisor,NOUN,5,C
sponsorship,NOUN,5,C
terrorism,NOUN,4,B
terrorist,NOUN,4,B
sheep,NOUN,1,A
snake,NOUN,2,A
shark,NOUN,3,B
tiger,NOUN,3,B
species,NOUN,4,B
swan,NOUN,4,B
tail,NOUN,4,B
trap,NOUN,4,B
trail,NOUN,6,C
territory,NOUN,4,B
show,NOUN,2,A
song,NOUN,2,A
stage,NOUN,2,A
star,NOUN,2,A
tune,NOUN,2,A
soap,NOUN,3,B
statue,NOUN,3,B
trumpet,NOUN,3,B
set,NOUN,4,B
shot,NOUN,4,B
show,NOUN,4,B
solo,NOUN,4,B
soundtrack,NOUN,4,B
string,NOUN,4,B
tabloid,NOUN,4,B
track,NOUN,4,B
sketch,NOUN,5,C
tune,NOUN,5,C
spotlight,NOUN,6,C
trilogy,NOUN,6,C
soul,NOUN,2,A
techno,NOUN,5,C
subtitles,NOUN,5,C
star,VERB,3,B
tooth,NOUN,1,A
stomach,NOUN,2,A
temperature,NOUN,2,A
toe,NOUN,2,A
shoulder,NOUN,3,B
tablet,NOUN,3,B
test,NOUN,3,B
throat,NOUN,3,B
thumb,NOUN,3,B
tongue,NOUN,3,B
skeleton,NOUN,4,B
spot,NOUN,4,B
stroke,NOUN,4,B
symptom,NOUN,4,B
thigh,NOUN,4,B
toenail,NOUN,4,B
spine,NOUN,5,C
skull,NOUN,6,C
system,NOUN,6,C
transplant,NOUN,6,C
sight,NOUN,3,B
smell,NOUN,4,B
surgery,NOUN,4,B
sweat,NOUN,4,B
touch,NOUN,4,B
stamina,NOUN,5,C
toothache,NOUN,2,A
skin,NOUN,3,B
therapy,NOUN,4,B
strain,NOUN,6,C
sweat,VERB,4,B
treat,VERB,4,B
transmit,VERB,6,C
starve,VERB,5,C
shirt,NOUN,1,A
shoe,NOUN,1,A
skirt,NOUN,1,A
T-shirt,NOUN,1,A
sock,NOUN,2,A
suit,NOUN,2,A
tie,NOUN,2,A
sleeve,NOUN,3,B
sweatshirt,NOUN,3,B
top,NOUN,3,B
tracksuit,NOUN,3,B
stocking,NOUN,5,C
strap,NOUN,6,C
trousers,NOUN,1,A
shorts,NOUN,2,A
sunglasses,NOUN,2,A
tights,NOUN,2,A
take,VERB,3,B
sign,NOUN,2,A
stamp,NOUN,2,A
story,NOUN,2,A
shout,NOUN,3,B
signature,NOUN,3,B
subject,NOUN,3,B
table,NOUN,3,B
talk,NOUN,3,B
text,NOUN,3,B
tick,NOUN,3,B
tip,NOUN,3,B
title,NOUN,3,B
topic,NOUN,3,B
sign,NOUN,4,B
signal,NOUN,4,B
slash,NOUN,4,B
speech,NOUN,4,B
summary,NOUN,4,B
survey,NOUN,4,B
syllable,NOUN,4,B
symbol,NOUN,4,B
tale,NOUN,4,B
talk,NOUN,4,B
term,NOUN,4,B
theme,NOUN,4,B
threat,NOUN,4,B
slogan,NOUN,5,C
story,NOUN,6,C
speech,NOUN,3,B
text,NOUN,3,B
support,NOUN,4,B
slang,NOUN,5,C
talk,NOUN,6,C
stress,NOUN,4,B
tone,NOUN,4,B
tribute,NOUN,6,C
terms,NOUN,4,B
thanks,NOUN,4,B
talk,VERB,1,A
swear,VERB,4,B
talk,VERB,4,B
talk,VERB,4,B
speak,VERB,1,A
tell,VERB,1,A
thank,VERB,2,A
show,VERB,3,B
suggest,VERB,3,B
suggest,VERB,3,B
take,VERB,3,B
settle,VERB,4,B
show,VERB,4,B
specify,VERB,4,B
stress,VERB,4,B
stress,VERB,4,B
support,VERB,4,B
tell,VERB,4,B
threaten,VERB,4,B
settle,VERB,5,C
skip,VERB,5,C
support,VERB,5,C
take,VERB,6,C
speak,VERB,1,A
shout,VERB,2,A
spell,VERB,2,A
sign,VERB,3,B
translate,VERB,3,B
spread,VERB,4,B
swear,VERB,4,B
tease,VERB,4,B
snap,VERB,6,C
suspect,NOUN,4,B
trial,NOUN,4,B
testify,VERB,6,C
suspect,VERB,4,B
smuggle,VERB,5,C
serve,VERB,6,C
try,VERB,6,C
size,NOUN,2,A
square,NOUN,2,A
star,NOUN,2,A
stripe,NOUN,3,B
shade,NOUN,4,B
shortage,NOUN,4,B
ton,NOUN,4,B
triangle,NOUN,4,B
strip,NOUN,5,C
size,NOUN,2,A
shape,NOUN,3,B
student,NOUN,1,A
subject,NOUN,1,A
test,NOUN,1,A
term,NOUN,2,A
timetable,NOUN,2,A
syllabus,NOUN,6,C
take,VERB,3,B
study,VERB,4,B
slice,NOUN,2,A
snack,NOUN,2,A
spoon,NOUN,2,A
sweet,NOUN,2,A
strawberry,NOUN,3,B
takeaway,NOUN,3,B
tin,NOUN,3,B
teaspoon,NOUN,4,B
tin,NOUN,4,B
tray,NOUN,4,B
spirit,NOUN,5,C
sip,NOUN,6,C
stone,NOUN,6,C
straw,NOUN,6,C
soup,NOUN,1,A
sugar,NOUN,1,A
toast,NOUN,2,A
spinach,NOUN,3,B
tea,NOUN,3,B
service,NOUN,4,B
soya,NOUN,5,C
tea,NOUN,1,A
tomato,NOUN,1,A
steak,NOUN,2,A
supper,NOUN,2,A
spice,NOUN,3,B
taste,NOUN,3,B
tuna,NOUN,3,B
sweets,NOUN,2,A
sip,VERB,5,C
shower,NOUN,1,A
table,NOUN,1,A
toilet,NOUN,1,A
shelf,NOUN,2,A
sink,NOUN,2,A
sofa,NOUN,2,A
towel,NOUN,2,A
sheet,NOUN,3,B
step,NOUN,3,B
study,NOUN,3,B
tap,NOUN,3,B
tower,NOUN,3,B
shed,NOUN,4,B
shelter,NOUN,4,B
stool,NOUN,4,B
storey,NOUN,4,B
terrace,NOUN,4,B
staircase,NOUN,5,C
stable,NOUN,6,C
structure,NOUN,6,C
throne,NOUN,6,C
structure,NOUN,4,B
stairs,NOUN,2,A
sum,NOUN,3,B
tip,NOUN,3,B
subsidy,NOUN,5,C
support,NOUN,4,B
treasure,NOUN,4,B
tax,NOUN,3,B
tax,VERB,5,C
settle,VERB,6,C
squander,VERB,6,C
tree,NOUN,1,A
star,NOUN,2,A
storm,NOUN,2,A
thunderstorm,NOUN,2,A
shower,NOUN,3,B
stream,NOUN,3,B
suburb,NOUN,4,B
tide,NOUN,4,B
tornado,NOUN,4,B
trunk,NOUN,4,B
spring,NOUN,5,C
state,NOUN,5,C
stretch,NOUN,5,C
snow,NOUN,1,A
silver,NOUN,2,A
sky,NOUN,2,A
shade,NOUN,3,B
space,NOUN,3,B
sunshine,NOUN,3,B
thunder,NOUN,3,B
steam,NOUN,4,B
steel,NOUN,4,B
sunlight,NOUN,4,B
straw,NOUN,5,C
tobacco,NOUN,5,C
tin,NOUN,6,C
summer,NOUN,1,A
town,NOUN,1,A
spring,NOUN,2,A
shore,NOUN,3,B
stone,NOUN,3,B
sunrise,NOUN,3,B
sunset,NOUN,3,B
shell,NOUN,4,B
skin,NOUN,4,B
soil,NOUN,4,B
snow,VERB,2,A
set,VERB,3,B
settle,VERB,5,C
shower,NOUN,1,A
step,NOUN,3,B
sigh,NOUN,4,B
struggle,NOUN,4,B
study,NOUN,4,B
tap,NOUN,4,B
support,NOUN,3,B
sit,VERB,2,A
stand,VERB,2,A
slip,VERB,3,B
succeed,VERB,3,B
sunbathe,VERB,3,B
turn,VERB,3,B
shiver,VERB,4,B
snore,VERB,4,B
stare,VERB,4,B
struggle,VERB,4,B
struggle,VERB,4,B
switch,VERB,4,B
trip,VERB,4,B
shudder,VERB,6,C
sniff,VERB,6,C
stagger,VERB,6,C
struggle,VERB,6,C
show,VERB,1,A
take,VERB,1,A
take,VERB,1,A
spend,VERB,2,A
tidy,VERB,2,A
smell,VERB,3,B
spoil,VERB,3,B
stop,VERB,3,B
strike,VERB,3,B
take,VERB,3,B
take,VERB,3,B
take,VERB,3,B
tie,VERB,3,B
transfer,VERB,3,B
try,VERB,3,B
set,VERB,4,B
skip,VERB,4,B
slap,VERB,4,B
slice,VERB,4,B
sort,VERB,4,B
spot,VERB,4,B
spray,VERB,4,B
squash,VERB,4,B
squeeze,VERB,4,B
stimulate,VERB,4,B
store,VERB,4,B
stroke,VERB,4,B
study,VERB,4,B
substitute,VERB,4,B
supply,VERB,4,B
support,VERB,4,B
sweep,VERB,4,B
tackle,VERB,4,B
take,VERB,4,B
test,VERB,4,B
time,VERB,4,B
transform,VERB,4,B
shift,VERB,5,C
simplify,VERB,5,C
sow,VERB,5,C
spread,VERB,5,C
total,VERB,5,C
trace,VERB,5,C
trace,VERB,5,C
snatch,VERB,6,C
spread,VERB,6,C
sprinkle,VERB,6,C
track,VERB,6,C
smoke,VERB,1,A
start,VERB,1,A
stop,VERB,1,A
share,VERB,2,A
share,VERB,2,A
shut,VERB,2,A
throw,VERB,2,A
try,VERB,2,A
turn,VERB,2,A
shake,VERB,3,B
shoot,VERB,3,B
spill,VERB,3,B
start,VERB,3,B
stick,VERB,3,B
stop,VERB,3,B
tear,VERB,3,B
tie,VERB,3,B
turn,VERB,3,B
share,VERB,4,B
slam,VERB,4,B
smash,VERB,4,B
soak,VERB,4,B
splash,VERB,4,B
split,VERB,4,B
stretch,VERB,4,B
stretch,VERB,4,B
supervise,VERB,4,B
swing,VERB,4,B
tap,VERB,4,B
tighten,VERB,4,B
turn,VERB,4,B
slow,VERB,6,C
snap,VERB,6,C
sniff,VERB,6,C
spit,VERB,6,C
split,VERB,6,C
stain,VERB,6,C
stamp,VERB,6,C
tip,VERB,6,C
tread,VERB,6,C
tan,NOUN,4,B
sex,NOUN,3,B
strength,NOUN,4,B
style,NOUN,4,B
shampoo,NOUN,2,A
shave,VERB,3,B
strengthen,VERB,4,B
thought,NOUN,3,B
soul,NOUN,4,B
test,NOUN,4,B
snob,NOUN,6,C
trait,NOUN,6,C
surprise,NOUN,4,B
sympathy,NOUN,4,B
trust,NOUN,4,B
shame,NOUN,5,C
strength,NOUN,5,C
spite,NOUN,6,C
tact,NOUN,6,C
triumph,NOUN,6,C
shock,NOUN,3,B
skill,NOUN,3,B
stress,NOUN,3,B
talent,NOUN,3,B
strain,NOUN,4,B
taste,NOUN,4,B
spirit,NOUN,4,B
standard,NOUN,6,C
surprise,VERB,3,B
trust,VERB,3,B
terrify,VERB,4,B
tolerate,VERB,4,B
think,VERB,1,A
think,VERB,1,A
shock,VERB,4,B
stimulate,VERB,4,B
suffer,VERB,4,B
tire,VERB,6,C
service,NOUN,4,B
sister,NOUN,1,A
son,NOUN,1,A
sister-in-law,NOUN,4,B
son-in-law,NOUN,4,B
stepfather,NOUN,4,B
stepmother,NOUN,4,B
sport,NOUN,1,A
skateboard,NOUN,2,A
toy,NOUN,2,A
ski,NOUN,3,B
snowboard,NOUN,3,B
stall,NOUN,3,B
tournament,NOUN,3,B
track,NOUN,3,B
set,NOUN,4,B
shot,NOUN,4,B
swing,NOUN,4,B
target,NOUN,4,B
trophy,NOUN,4,B
stroke,NOUN,5,C
triumph,NOUN,5,C
squad,NOUN,6,C
title,NOUN,6,C
sport,NOUN,1,A
tennis,NOUN,1,A
service,NOUN,3,B
squash,NOUN,3,B
stock,NOUN,4,B
track,NOUN,4,B
tie,VERB,6,C
support,VERB,3,B
stock,VERB,5,C
site,NOUN,2,A
switch,NOUN,3,B
signal,NOUN,4,B
telescope,NOUN,4,B
thermometer,NOUN,4,B
tone,NOUN,4,B
software,NOUN,2,A
spam,NOUN,5,C
technology,NOUN,3,B
stop,VERB,3,B
stop,NOUN,1,A
street,NOUN,1,A
taxi,NOUN,1,A
train,NOUN,1,A
ship,NOUN,2,A
suitcase,NOUN,2,A
tram,NOUN,2,A
trip,NOUN,2,A
single,NOUN,3,B
souvenir,NOUN,3,B
stay,NOUN,3,B
tent,NOUN,3,B
timetable,NOUN,3,B
track,NOUN,3,B
truck,NOUN,3,B
tunnel,NOUN,3,B
stopover,NOUN,4,B
subway,NOUN,4,B
trail,NOUN,4,B
shuttle,NOUN,5,C
tank,NOUN,5,C
tractor,NOUN,6,C
traffic,NOUN,2,A
transport,NOUN,3,B
travel,NOUN,3,B
transport,NOUN,4,B
traffic,NOUN,6,C
tour,NOUN,2,A
track,NOUN,5,C
stay,VERB,2,A
stop,VERB,2,A
take,VERB,2,A
servant,NOUN,4,B
slave,NOUN,4,B
superior,NOUN,5,C
takeover,NOUN,5,C
technician,NOUN,5,C
trade,NOUN,5,C
trainee,NOUN,5,C
service,NOUN,5,C
strike,NOUN,3,B
trade,NOUN,4,B
strike,VERB,4,B
transfer,VERB,4,B
serve,VERB,5,C
spider,NOUN,3,B
thief,NOUN,3,B
temple,NOUN,3,B
torture,VERB,6,C
survival,NOUN,4,B
significance,NOUN,5,C
teacher,NOUN,1,A
singer,NOUN,2,A
trainer,NOUN,3,B
shopkeeper,NOUN,4,B
supporter,NOUN,4,B
taxpayer,NOUN,6,C
thinker,NOUN,6,C
toddler,NOUN,6,C
trader,NOUN,6,C
shortcoming,NOUN,5,C
shopping,NOUN,1,A
singing,NOUN,2,A
skateboarding,NOUN,2,A
skating,NOUN,2,A
skiing,NOUN,2,A
snowboarding,NOUN,2,A
surfing,NOUN,2,A
swimming,NOUN,2,A
teaching,NOUN,3,B
training,NOUN,3,B
suffering,NOUN,4,B
timing,NOUN,4,B
station,NOUN,1,A
situation,NOUN,3,B
solution,NOUN,3,B
suspicion,NOUN,4,B
speculation,NOUN,5,C
simplification,NOUN,6,C
tradition,NOUN,4,B
simulation,NOUN,5,C
substitution,NOUN,5,C
transaction,NOUN,5,C
transformation,NOUN,5,C
transition,NOUN,6,C
speciality,NOUN,5,C
simplicity,NOUN,5,C
solidarity,NOUN,5,C
stability,NOUN,5,C
suitability,NOUN,5,C
severity,NOUN,6,C
superiority,NOUN,6,C
sustainability,NOUN,6,C
tranquility,NOUN,6,C
similarity,NOUN,4,B
superlative,NOUN,2,A
specialize,VERB,4,B
sympathize,VERB,6,C
sympathize,VERB,6,C
settlement,NOUN,5,C
settlement,NOUN,6,C
settlement,NOUN,6,C
statement,NOUN,6,C
treatment,NOUN,4,B
spectator,NOUN,4,B
survivor,NOUN,4,B
successor,NOUN,6,C
shooting,NOUN,4,B
shop,NOUN,1,A
supermarket,NOUN,1,A
thing,NOUN,1,A
ticket,NOUN,1,A
set,NOUN,2,A
side,NOUN,2,A
side,NOUN,2,A
side,NOUN,2,A
skate,NOUN,2,A
sort,NOUN,2,A
square,NOUN,2,A
stadium,NOUN,2,A
surname,NOUN,2,A
surprise,NOUN,2,A
text,NOUN,2,A
textbook,NOUN,2,A
theatre,NOUN,2,A
thing,NOUN,2,A
thing,NOUN,2,A
toothbrush,NOUN,2,A
top,NOUN,2,A
session,NOUN,3,B
sign,NOUN,3,B
sign,NOUN,3,B
signpost,NOUN,3,B
site,NOUN,3,B
sleep,NOUN,3,B
smell,NOUN,3,B
smile,NOUN,3,B
spot,NOUN,3,B
spy,NOUN,3,B
stick,NOUN,3,B
stop,NOUN,3,B
store,NOUN,3,B
studio,NOUN,3,B
studio,NOUN,3,B
subject,NOUN,3,B
success,NOUN,3,B
system,NOUN,3,B
tense,NOUN,3,B
tissue,NOUN,3,B
total,NOUN,3,B
trend,NOUN,3,B
trick,NOUN,3,B
trick,NOUN,3,B
tube,NOUN,3,B
shot,NOUN,4,B
side,NOUN,4,B
slope,NOUN,4,B
smell,NOUN,4,B
society,NOUN,4,B
source,NOUN,4,B
spirit,NOUN,4,B
splash,NOUN,4,B
spot,NOUN,4,B
spray,NOUN,4,B
spreadsheet,NOUN,4,B
stage,NOUN,4,B
stain,NOUN,4,B
state,NOUN,4,B
step,NOUN,4,B
story,NOUN,4,B
strategy,NOUN,4,B
studio,NOUN,4,B
substitute,NOUN,4,B
suffix,NOUN,4,B
surface,NOUN,4,B
surgery,NOUN,4,B
sword,NOUN,4,B
system,NOUN,4,B
target,NOUN,4,B
task,NOUN,4,B
terminal,NOUN,4,B
text,NOUN,4,B
theory,NOUN,4,B
thesis,NOUN,4,B
thing,NOUN,4,B
thing,NOUN,4,B
third,NOUN,4,B
threat,NOUN,4,B
time,NOUN,4,B
timetable,NOUN,4,B
tomb,NOUN,4,B
tool,NOUN,4,B
tool,NOUN,4,B
torch,NOUN,4,B
trick,NOUN,4,B
trolley,NOUN,4,B
tube,NOUN,4,B
setback,NOUN,5,C
sketch,NOUN,5,C
slot,NOUN,5,C
slot,NOUN,5,C
source,NOUN,5,C
spectrum,NOUN,5,C
sphere,NOUN,5,C
spokesman,NOUN,5,C
spokesperson,NOUN,5,C
stand,NOUN,5,C
star,NOUN,5,C
statistic,NOUN,5,C
stereotype,NOUN,5,C
strength,NOUN,5,C
stroll,NOUN,5,C
summit,NOUN,5,C
surge,NOUN,5,C
surgeon,NOUN,5,C
tactic,NOUN,5,C
tendency,NOUN,5,C
thrill,NOUN,5,C
tip,NOUN,5,C
toast,NOUN,5,C
token,NOUN,5,C
tool,NOUN,5,C
trek,NOUN,5,C
shade,NOUN,6,C
shield,NOUN,6,C
shock,NOUN,6,C
shock,NOUN,6,C
siren,NOUN,6,C
sketch,NOUN,6,C
spade,NOUN,6,C
spark,NOUN,6,C
spark,NOUN,6,C
specimen,NOUN,6,C
spectrum,NOUN,6,C
splash,NOUN,6,C
stance,NOUN,6,C
stand,NOUN,6,C
standpoint,NOUN,6,C
start,NOUN,6,C
strand,NOUN,6,C
strand,NOUN,6,C
stroke,NOUN,6,C
summit,NOUN,6,C
supplement,NOUN,6,C
symptom,NOUN,6,C
synonym,NOUN,6,C
tank,NOUN,6,C
tenant,NOUN,6,C
thread,NOUN,6,C
threshold,NOUN,6,C
timber,NOUN,6,C
touch,NOUN,6,C
treasure,NOUN,6,C
treaty,NOUN,6,C
truth,NOUN,6,C
today,NOUN,1,A
tomorrow,NOUN,1,A
soap,NOUN,2,A
south,NOUN,2,A
time,NOUN,2,A
tonight,NOUN,2,A
town,NOUN,2,A
sex,NOUN,3,B
side,NOUN,3,B
silence,NOUN,3,B
silk,NOUN,3,B
sleep,NOUN,3,B
smoke,NOUN,3,B
southeast,NOUN,3,B
southwest,NOUN,3,B
stuff,NOUN,3,B
success,NOUN,3,B
time,NOUN,3,B
toothpaste,NOUN,3,B
trade,NOUN,3,B
trouble,NOUN,3,B
shelter,NOUN,4,B
sight,NOUN,4,B
space,NOUN,4,B
speed,NOUN,4,B
storage,NOUN,4,B
study,NOUN,4,B
taste,NOUN,4,B
thought,NOUN,4,B
today,NOUN,4,B
trouble,NOUN,4,B
trouble,NOUN,4,B
trouble,NOUN,4,B
truth,NOUN,4,B
slavery,NOUN,5,C
smog,NOUN,5,C
solitude,NOUN,5,C
status,NOUN,5,C
stress,NOUN,5,C
teamwork,NOUN,5,C
time,NOUN,5,C
tuition,NOUN,5,C
silence,NOUN,6,C
slaughter,NOUN,6,C
spice,NOUN,6,C
stardom,NOUN,6,C
strength,NOUN,6,C
suspense,NOUN,6,C
sympathy,NOUN,6,C
territory,NOUN,6,C
theory,NOUN,6,C
timber,NOUN,6,C
tomorrow,NOUN,6,C
trouble,NOUN,6,C
Sunday,NOUN,1,A
Thursday,NOUN,1,A
time,NOUN,1,A
Tuesday,NOUN,1,A
sound,NOUN,2,A
space,NOUN,2,A
telephone,NOUN,2,A
temperature,NOUN,2,A
time,NOUN,2,A
service,NOUN,3,B
shadow,NOUN,3,B
society,NOUN,3,B
speed,NOUN,3,B
style,NOUN,3,B
style,NOUN,3,B
technique,NOUN,3,B
trouble,NOUN,3,B
turkey,NOUN,3,B
service,NOUN,4,B
silence,NOUN,4,B
standard,NOUN,4,B
string,NOUN,4,B
substance,NOUN,4,B
supply,NOUN,4,B
territory,NOUN,4,B
trace,NOUN,4,B
tragedy,NOUN,4,B
transfer,NOUN,4,B
spirit,NOUN,5,C
texture,NOUN,5,C
trial,NOUN,5,C
splendour,NOUN,6,C
stimulus,NOUN,6,C
surplus,NOUN,6,C
thread,NOUN,6,C
track,NOUN,6,C
trauma,NOUN,6,C
statistics,NOUN,4,B
surroundings,NOUN,4,B
telecommunications,NOUN,4,B
talks,NOUN,6,C
troops,NOUN,6,C
singular,NOUN,2,A
swim,NOUN,2,A
surface,NOUN,4,B
taste,NOUN,4,B
toll,NOUN,5,C
slice,NOUN,6,C
thought,NOUN,6,C
threat,NOUN,6,C
toll,NOUN,6,C
tone,NOUN,6,C
sit,VERB,1,A
sleep,VERB,1,A
stay,VERB,1,A
stand,VERB,2,A
stop,VERB,2,A
think,VERB,2,A
shine,VERB,3,B
shoot,VERB,3,B
shop,VERB,3,B
skate,VERB,3,B
ski,VERB,3,B
smell,VERB,3,B
stay,VERB,3,B
surf,VERB,3,B
think,VERB,3,B
think,VERB,3,B
travel,VERB,3,B
settle,VERB,4,B
shake,VERB,4,B
sigh,VERB,4,B
sink,VERB,4,B
sit,VERB,4,B
smell,VERB,4,B
sneeze,VERB,4,B
sob,VERB,4,B
speak,VERB,4,B
spread,VERB,4,B
suffer,VERB,4,B
think,VERB,4,B
train,VERB,4,B
tremble,VERB,4,B
serve,VERB,5,C
spy,VERB,5,C
stand,VERB,5,C
thrive,VERB,5,C
shake,VERB,6,C
shine,VERB,6,C
shine,VERB,6,C
slip,VERB,6,C
snap,VERB,6,C
soar,VERB,6,C
soar,VERB,6,C
squeak,VERB,6,C
stand,VERB,6,C
stand,VERB,6,C
stumble,VERB,6,C
stumble,VERB,6,C
submit,VERB,6,C
threaten,VERB,6,C
tick,VERB,6,C
serve,VERB,2,A
spend,VERB,2,A
take,VERB,2,A
take,VERB,2,A
take,VERB,2,A
teach,VERB,2,A
text,VERB,2,A
serve,VERB,3,B
solve,VERB,3,B
support,VERB,3,B
support,VERB,3,B
surround,VERB,3,B
take,VERB,3,B
taste,VERB,3,B
teach,VERB,3,B
test,VERB,3,B
tick,VERB,3,B
turn,VERB,3,B
set,VERB,4,B
show,VERB,4,B
stab,VERB,4,B
stamp,VERB,4,B
store,VERB,4,B
strain,VERB,4,B
strike,VERB,4,B
submit,VERB,4,B
suggest,VERB,4,B
suit,VERB,4,B
suit,VERB,4,B
suspect,VERB,4,B
suspend,VERB,4,B
take,VERB,4,B
test,VERB,4,B
train,VERB,4,B
transport,VERB,4,B
treat,VERB,4,B
treat,VERB,4,B
treat,VERB,4,B
trick,VERB,4,B
shield,VERB,5,C
shoot,VERB,5,C
spare,VERB,5,C
split,VERB,5,C
spoil,VERB,5,C
stand,VERB,5,C
suppose,VERB,5,C
suspend,VERB,5,C
threaten,VERB,5,C
trigger,VERB,5,C
shape,VERB,6,C
sharpen,VERB,6,C
sharpen,VERB,6,C
spark,VERB,6,C
spread,VERB,6,C
spur,VERB,6,C
stain,VERB,6,C
stir,VERB,6,C
strain,VERB,6,C
strike,VERB,6,C
structure,VERB,6,C
summon,VERB,6,C
summon,VERB,6,C
supplement,VERB,6,C
support,VERB,6,C
suppress,VERB,6,C
suppress,VERB,6,C
suppress,VERB,6,C
surround,VERB,6,C
suspect,VERB,6,C
sustain,VERB,6,C
sustain,VERB,6,C
swallow,VERB,6,C
swear,VERB,6,C
take,VERB,6,C
take,VERB,6,C
target,VERB,6,C
thrill,VERB,6,C
time,VERB,6,C
tolerate,VERB,6,C
top,VERB,6,C
track,VERB,6,C
sing,VERB,1,A
study,VERB,1,A
swim,VERB,1,A
teach,VERB,1,A
travel,VERB,1,A
shut,VERB,2,A
steal,VERB,2,A
surf,VERB,2,A
sew,VERB,3,B
share,VERB,3,B
sink,VERB,3,B
smile,VERB,3,B
stir,VERB,3,B
tour,VERB,3,B
train,VERB,3,B
shrink,VERB,4,B
spread,VERB,4,B
start,VERB,4,B
start,VERB,4,B
steer,VERB,4,B
survive,VERB,4,B
swallow,VERB,4,B
touch,VERB,4,B
trade,VERB,4,B
shift,VERB,5,C
shine,VERB,5,C
shorten,VERB,5,C
show,VERB,5,C
soak,VERB,5,C
spin,VERB,5,C
sue,VERB,5,C
swap,VERB,5,C
transmit,VERB,5,C
shrug,VERB,6,C
signal,VERB,6,C
speculate,VERB,6,C
split,VERB,6,C
stir,VERB,6,C
suck,VERB,6,C
trail,VERB,6,C
soldier,NOUN,3,B
torture,NOUN,5,C
torture,NOUN,6,C
suicide,NOUN,4,B
theft,NOUN,4,B
shattered,ADJ,6,C
starving,ADJ,4,B
thus,ADV,4,B
sir,NOUN,3,B
sure,ADV,2,A
tiresome,ADJ,6,C
tertiary,ADJ,5,C
somewhat,ADV,5,C
thereby,ADV,5,C
thereafter,ADV,6,C
substantial,ADJ,4,B
trivial,ADJ,4,B
tropical,ADJ,4,B
torrential,ADJ,6,C
spiritual,ADJ,4,B
technical,ADJ,4,B
stereotypical,ADJ,6,C
superficial,ADJ,6,C
technical,ADJ,4,B
technological,ADJ,4,B
short-sighted,ADJ,6,C
so-called,ADJ,4,B
tired,ADJ,1,A
surprised,ADJ,2,A
shocked,ADJ,3,B
stressed,ADJ,3,B
talented,ADJ,3,B
terrified,ADJ,3,B
sophisticated,ADJ,4,B
thrilled,ADJ,4,B
shattered,ADJ,6,C
short-sighted,ADJ,6,C
stunned,ADJ,6,C
sophisticated,ADJ,4,B
stressful,ADJ,3,B
skilful,ADJ,4,B
thoughtful,ADJ,4,B
thoughtful,ADJ,5,C
tactful,ADJ,6,C
toxic,ADJ,4,B
therapeutic,ADJ,5,C
sympathetic,ADJ,4,B
tragic,ADJ,4,B
setting,NOUN,4,B
stunning,ADJ,4,B
thrilling,ADJ,4,B
sparkling,ADJ,5,C
staggering,ADJ,5,C
soothing,ADJ,6,C
thriving,ADJ,6,C
setting,NOUN,4,B
shocking,ADJ,3,B
surprising,ADJ,3,B
tiring,ADJ,3,B
terrifying,ADJ,4,B
transmission,NOUN,6,C
stylish,ADJ,3,B
snobbish,ADJ,6,C
supportive,ADJ,5,C
talkative,ADJ,5,C
spotless,ADJ,6,C
tasteless,ADJ,6,C
tasteless,ADJ,5,C
speechless,ADJ,5,C
tactless,ADJ,6,C
thoughtless,ADJ,6,C
terribly,ADV,3,B
totally,ADV,3,B
seriously,ADV,4,B
simply,ADV,4,B
slightly,ADV,4,B
strongly,ADV,4,B
surely,ADV,4,B
surely,ADV,4,B
tremendously,ADV,4,B
truly,ADV,5,C
sufficiently,ADV,5,C
surprisingly,ADV,3,B
tragically,ADV,6,C
technologically,ADV,5,C
suspicious,ADJ,4,B
simultaneous,ADJ,5,C
spacious,ADJ,5,C
tedious,ADJ,5,C
serious,ADJ,3,B
suspicious,ADJ,4,B
sexy,ADJ,4,B
shabby,ADJ,5,C
stormy,ADJ,5,C
thirsty,ADJ,2,A
spicy,ADJ,3,B
tasty,ADJ,3,B
sunny,ADJ,2,A
stormy,ADJ,4,B
sporty,ADJ,5,C
sexual,ADJ,5,C
tabloid,ADJ,4,B
trio,NOUN,6,C
set,VERB,3,B
sick,ADJ,2,A
sick,ADJ,2,A
sore,ADJ,3,B
swollen,ADJ,4,B
side,NOUN,6,C
stitch,NOUN,6,C
tight,ADJ,3,B
sorry,ADJ,1,A
short,ADJ,2,A
sorry,ADJ,2,A
short,ADJ,4,B
slight,ADJ,4,B
straight,ADJ,4,B
total,ADJ,4,B
so,ADV,2,A
therefore,ADV,3,B
target,NOUN,5,C
strict,ADJ,4,B
small,ADJ,1,A
silver,ADJ,2,A
single,ADJ,2,A
soft,ADJ,2,A
soft,ADJ,2,A
special,ADJ,2,A
square,ADJ,2,A
straight,ADJ,2,A
terrible,ADJ,2,A
thin,ADJ,2,A
sharp,ADJ,3,B
smooth,ADJ,3,B
strong,ADJ,3,B
strong,ADJ,3,B
terrific,ADJ,3,B
thick,ADJ,3,B
tiny,ADJ,3,B
severe,ADJ,4,B
shallow,ADJ,4,B
single,ADJ,4,B
solid,ADJ,4,B
solid,ADJ,4,B
standard,ADJ,4,B
stiff,ADJ,4,B
stiff,ADJ,4,B
straight,ADJ,4,B
strong,ADJ,4,B
sufficient,ADJ,4,B
superb,ADJ,4,B
thick,ADJ,4,B
tight,ADJ,4,B
transparent,ADJ,4,B
tremendous,ADJ,4,B
tremendous,ADJ,4,B
solid,ADJ,5,C
splendid,ADJ,5,C
state-of-the-art,ADJ,5,C
terrific,ADJ,5,C
tranquil,ADJ,5,C
sober,ADJ,6,C
swift,ADJ,6,C
tight,ADJ,6,C
tough,ADJ,6,C
troublesome,ADJ,6,C
through,ADV,3,B
that,ADV,4,B
together,ADV,4,B
this,ADV,5,C
tight,ADV,6,C
sweet,ADJ,1,A
sour,ADJ,3,B
still,ADJ,3,B
tough,ADJ,4,B
stale,ADJ,5,C
tender,ADJ,6,C
thirst,NOUN,4,B
share,NOUN,6,C
solar,ADJ,4,B
sun,NOUN,1,A
stone,NOUN,3,B
struggle,NOUN,4,B
touch,NOUN,4,B
try,NOUN,4,B
touch,VERB,3,B
set,VERB,4,B
shower,VERB,4,B
squash,VERB,4,B
tip,VERB,6,C
slim,ADJ,1,A
small,ADJ,1,A
strong,ADJ,2,A
thin,ADJ,2,A
teenage,ADJ,3,B
shy,ADJ,3,B
silly,ADJ,3,B
smart,ADJ,3,B
strict,ADJ,3,B
stupid,ADJ,3,B
sweet,ADJ,3,B
severe,ADJ,4,B
sharp,ADJ,4,B
sorry,ADJ,4,B
strict,ADJ,4,B
strong,ADJ,4,B
strong,ADJ,4,B
stubborn,ADJ,4,B
tense,ADJ,4,B
tense,ADJ,4,B
tough,ADJ,4,B
sincere,ADJ,5,C
stable,ADJ,5,C
trustworthy,ADJ,5,C
shallow,ADJ,6,C
shrewd,ADJ,6,C
sick,ADJ,6,C
sober,ADJ,6,C
stern,ADJ,6,C
stiff,ADJ,6,C
superior,ADJ,6,C
tender,ADJ,6,C
timid,ADJ,6,C
TRUE,ADJ,6,C
side,NOUN,4,B
side,NOUN,4,B
temper,NOUN,4,B
terror,NOUN,4,B
touch,VERB,4,B
state,ADJ,4,B
totalitarian,ADJ,6,C
single,ADJ,2,A
strong,ADJ,3,B
together,ADV,1,A
tribe,NOUN,4,B
side,NOUN,6,C
shut,ADJ,3,B
sports,ADJ,3,B
team,NOUN,2,A
side,NOUN,6,C
smart,ADJ,5,C
thread,NOUN,6,C
silent,ADJ,4,B
staff,NOUN,2,A
team,NOUN,3,B
shift,NOUN,4,B
sociable,ADJ,3,B
suitable,ADJ,3,B
sustainable,ADJ,5,C
sustainable,ADJ,5,C
social,ADJ,3,B
traditional,ADJ,3,B
social,ADJ,4,B
supernatural,ADJ,4,B
statistical,ADJ,5,C
structural,ADJ,6,C
superficial,ADJ,6,C
territorial,ADJ,6,C
theoretical,ADJ,6,C
theoretical,ADJ,6,C
tribal,ADJ,6,C
tolerant,ADJ,5,C
skilled,ADJ,4,B
soaked,ADJ,4,B
so-called,ADJ,4,B
troubled,ADJ,5,C
stranded,ADJ,6,C
structured,ADJ,6,C
successful,ADJ,3,B
successful,ADJ,4,B
successful,ADJ,4,B
shameful,ADJ,5,C
skilful,ADJ,5,C
thankful,ADJ,5,C
tasteful,ADJ,6,C
thoughtful,ADJ,6,C
tangible,ADJ,6,C
specific,ADJ,4,B
specific,ADJ,5,C
strategic,ADJ,5,C
therapeutic,ADJ,5,C
symbolic,ADJ,6,C
sympathetic,ADJ,6,C
systematic,ADJ,6,C
traumatic,ADJ,6,C
soaking,ADJ,4,B
sparkling,ADJ,4,B
starving,ADJ,4,B
striking,ADJ,4,B
surrounding,ADJ,4,B
soaring,ADJ,5,C
time-consuming,ADJ,5,C
transmission,NOUN,6,C
transitive,ADJ,4,B
subjective,ADJ,5,C
successive,ADJ,6,C
tasteless,ADJ,6,C
slowly,ADV,2,A
seriously,ADV,3,B
softly,ADV,3,B
specially,ADV,3,B
suddenly,ADV,3,B
severely,ADV,4,B
sharply,ADV,4,B
shortly,ADV,4,B
significantly,ADV,4,B
silently,ADV,4,B
simply,ADV,4,B
simply,ADV,4,B
simultaneously,ADV,4,B
smoothly,ADV,4,B
steadily,ADV,4,B
strangely,ADV,4,B
strictly,ADV,4,B
successfully,ADV,4,B
suitably,ADV,4,B
suspiciously,ADV,4,B
temporarily,ADV,4,B
terribly,ADV,4,B
thoroughly,ADV,4,B
thoroughly,ADV,4,B
tightly,ADV,4,B
traditionally,ADV,4,B
truly,ADV,4,B
similarly,ADV,5,C
sincerely,ADV,5,C
solely,ADV,5,C
specifically,ADV,5,C
specifically,ADV,5,C
subsequently,ADV,5,C
substantially,ADV,5,C
supposedly,ADV,5,C
technically,ADV,5,C
thankfully,ADV,5,C
smoothly,ADV,6,C
sparsely,ADV,6,C
spiritually,ADV,6,C
strategically,ADV,6,C
subconsciously,ADV,6,C
superficially,ADV,6,C
swiftly,ADV,6,C
systematically,ADV,6,C
technically,ADV,6,C
theoretically,ADV,6,C
thoughtfully,ADV,6,C
serious,ADJ,3,B
serious,ADJ,4,B
strenuous,ADJ,6,C
superfluous,ADJ,6,C
synonymous,ADJ,6,C
synonymous,ADJ,6,C
shiny,ADJ,3,B
sleepy,ADJ,3,B
sticky,ADJ,3,B
tricky,ADJ,4,B
sleepy,ADJ,5,C
slippery,ADJ,5,C
shabby,ADJ,6,C
smoky,ADJ,6,C
squeaky,ADJ,6,C
sexual,ADJ,4,B
short,ADJ,1,A
short,ADJ,1,A
slow,ADJ,1,A
tall,ADJ,1,A
simple,ADJ,2,A
singular,ADJ,2,A
small,ADJ,2,A
south,ADJ,2,A
strange,ADJ,2,A
sure,ADJ,2,A
sweet,ADJ,2,A
tall,ADJ,2,A
tidy,ADJ,2,A
TRUE,ADJ,2,A
shut,ADJ,3,B
silent,ADJ,3,B
silly,ADJ,3,B
similar,ADJ,3,B
simple,ADJ,3,B
smart,ADJ,3,B
soft,ADJ,3,B
southeast,ADJ,3,B
southern,ADJ,3,B
southwest,ADJ,3,B
spare,ADJ,3,B
special,ADJ,3,B
spectacular,ADJ,3,B
steep,ADJ,3,B
strange,ADJ,3,B
strong,ADJ,3,B
temporary,ADJ,3,B
thick,ADJ,3,B
top,ADJ,3,B
top,ADJ,3,B
total,ADJ,3,B
TRUE,ADJ,3,B
short-term,ADJ,4,B
significant,ADJ,4,B
simple,ADJ,4,B
slow,ADJ,4,B
solo,ADJ,4,B
steady,ADJ,4,B
steady,ADJ,4,B
still,ADJ,4,B
straightforward,ADJ,4,B
stuck,ADJ,4,B
sudden,ADJ,4,B
thorough,ADJ,4,B
tight,ADJ,4,B
tight,ADJ,4,B
tough,ADJ,4,B
sharp,ADJ,5,C
sheer,ADJ,5,C
sheer,ADJ,5,C
smooth,ADJ,5,C
sole,ADJ,5,C
stable,ADJ,5,C
steady,ADJ,5,C
steep,ADJ,5,C
stuck,ADJ,5,C
subsequent,ADJ,5,C
superior,ADJ,5,C
through,ADJ,5,C
set,ADJ,6,C
shaken,ADJ,6,C
sheer,ADJ,6,C
slender,ADJ,6,C
slim,ADJ,6,C
smooth,ADJ,6,C
sober,ADJ,6,C
solid,ADJ,6,C
solitary,ADJ,6,C
solitary,ADJ,6,C
stiff,ADJ,6,C
still,ADJ,6,C
strict,ADJ,6,C
subject,ADJ,6,C
subtle,ADJ,6,C
subtle,ADJ,6,C
subtle,ADJ,6,C
supplementary,ADJ,6,C
tough,ADJ,6,C
tough,ADJ,6,C
turbulent,ADJ,6,C
sometimes,ADV,1,A
then,ADV,1,A
then,ADV,1,A
there,ADV,1,A
there,ADV,1,A
today,ADV,1,A
tomorrow,ADV,1,A
tonight,ADV,1,A
too,ADV,1,A
so,ADV,2,A
somewhere,ADV,2,A
soon,ADV,2,A
south,ADV,2,A
still,ADV,2,A
straight,ADV,2,A
then,ADV,2,A
there,ADV,2,A
somehow,ADV,3,B
still,ADV,3,B
straight,ADV,3,B
together,ADV,3,B
since,ADV,4,B
somehow,ADV,4,B
then,ADV,4,B
there,ADV,4,B
though,ADV,4,B
tight,ADV,4,B
today,ADV,4,B
together,ADV,4,B
top,ADV,4,B
sharp,ADV,5,C
sharp,ADV,5,C
throughout,ADV,5,C
sideways,ADV,6,C
together,ADV,6,C
time,NOUN,2,A
start,NOUN,3,B
tear,NOUN,3,B
time,NOUN,3,B
share,NOUN,4,B
side,NOUN,4,B
spread,NOUN,4,B
strain,NOUN,4,B
track,NOUN,4,B
trap,NOUN,4,B
shift,NOUN,5,C
sin,NOUN,6,C
sin,NOUN,6,C
slap,NOUN,6,C
stitch,NOUN,6,C
treat,NOUN,6,C
turmoil,NOUN,6,C
set,VERB,4,B
tackle,VERB,4,B
set,VERB,5,C
surge,VERB,5,C
survey,VERB,5,C
survey,VERB,5,C
surrender,VERB,6,C
treasure,VERB,6,C
utter,VERB,6,C
undertake,VERB,5,C
unwind,VERB,5,C
workaholic,NOUN,6,C
violate,VERB,6,C
weep,VERB,6,C
unemployment,NOUN,3,B
unhappiness,NOUN,4,B
unwillingness,NOUN,5,C
undo,VERB,4,B
unlock,VERB,4,B
untie,VERB,4,B
unfold,VERB,5,C
unload,VERB,6,C
unwind,VERB,6,C
undo,VERB,4,B
withdrawal,NOUN,6,C
viewer,NOUN,4,B
voter,NOUN,6,C
winner,NOUN,2,A
worker,NOUN,2,A
well-being,NOUN,5,C
writing,NOUN,1,A
writing,NOUN,2,A
writing,NOUN,3,B
writing,NOUN,4,B
warning,NOUN,3,B
walking,NOUN,2,A
understanding,NOUN,4,B
wedding,NOUN,3,B
windsurfing,NOUN,3,B
turning,NOUN,3,B
vocation,NOUN,6,C
vanity,NOUN,6,C
vitality,NOUN,6,C
willingness,NOUN,4,B
visitor,NOUN,2,A
zoo,NOUN,1,A
web,NOUN,3,B
whale,NOUN,3,B
wing,NOUN,3,B
wasp,NOUN,4,B
wolf,NOUN,4,B
worm,NOUN,4,B
zebra,NOUN,4,B
violin,NOUN,2,A
verse,NOUN,4,B
whistle,NOUN,4,B
work,NOUN,4,B
virus,NOUN,4,B
waist,NOUN,4,B
wound,NOUN,4,B
wrist,NOUN,4,B
X-ray,NOUN,4,B
vein,NOUN,5,C
wreck,NOUN,6,C
wrinkle,NOUN,6,C
welfare,NOUN,4,B
vaccine,NOUN,6,C
water,VERB,6,C
twist,VERB,5,C
vaccinate,VERB,6,C
vomit,VERB,6,C
watch,NOUN,1,A
umbrella,NOUN,2,A
zip,NOUN,4,B
veil,NOUN,5,C
vest,NOUN,5,C
underwear,NOUN,3,B
velvet,NOUN,6,C
underpants,NOUN,3,B
wardrobe,NOUN,5,C
wear,VERB,1,A
word,NOUN,1,A
verb,NOUN,2,A
vowel,NOUN,3,B
update,NOUN,4,B
use,NOUN,4,B
yell,NOUN,4,B
vocabulary,NOUN,2,A
welcome,NOUN,3,B
underline,VERB,3,B
warn,VERB,3,B
welcome,VERB,3,B
underline,VERB,4,B
welcome,VERB,4,B
wonder,VERB,3,B
write,VERB,3,B
whisper,VERB,4,B
yell,VERB,4,B
volunteer,VERB,5,C
witness,NOUN,4,B
verdict,NOUN,6,C
yard,NOUN,3,B
volume,NOUN,4,B
weight,NOUN,4,B
yellow,NOUN,2,A
width,NOUN,4,B
worst,NOUN,3,B
university,NOUN,1,A
year,NOUN,2,A
workshop,NOUN,5,C
vegetable,NOUN,1,A
vegetarian,NOUN,3,B
vinegar,NOUN,4,B
yogurt,NOUN,2,A
wall,NOUN,1,A
window,NOUN,1,A
venue,NOUN,4,B
warehouse,NOUN,6,C
wallet,NOUN,2,A
will,NOUN,6,C
wealth,NOUN,4,B
turnover,NOUN,5,C
withdraw,VERB,5,C
village,NOUN,1,A
view,NOUN,2,A
wood,NOUN,2,A
valley,NOUN,3,B
waterfall,NOUN,3,B
wave,NOUN,3,B
volcano,NOUN,4,B
vine,NOUN,5,C
weed,NOUN,6,C
wilderness,NOUN,6,C
water,NOUN,1,A
weather,NOUN,1,A
water,NOUN,2,A
warmth,NOUN,4,B
wind,NOUN,1,A
winter,NOUN,1,A
woodland,NOUN,6,C
world,NOUN,1,A
walk,NOUN,2,A
use,NOUN,2,A
washing-up,NOUN,2,A
work,NOUN,3,B
violence,NOUN,4,B
wait,NOUN,4,B
wait,VERB,1,A
wash,VERB,1,A
wander,VERB,4,B
yawn,VERB,4,B
wink,VERB,6,C
use,VERB,1,A
wash,VERB,1,A
use,VERB,3,B
waste,VERB,3,B
wrap,VERB,3,B
update,VERB,4,B
upgrade,VERB,4,B
watch,VERB,4,B
water,VERB,4,B
wipe,VERB,4,B
wrap,VERB,4,B
twist,VERB,6,C
wreck,VERB,6,C
visit,VERB,1,A
walk,VERB,1,A
watch,VERB,1,A
wake,VERB,3,B
warm,VERB,4,B
whistle,VERB,4,B
widen,VERB,4,B
twist,VERB,6,C
woman,NOUN,1,A
worry,NOUN,3,B
wish,NOUN,4,B
type,NOUN,5,C
warmth,NOUN,4,B
wisdom,NOUN,4,B
worry,NOUN,4,B
will,NOUN,5,C
wit,NOUN,5,C
willpower,NOUN,6,C
will,NOUN,4,B
worry,VERB,2,A
want,VERB,1,A
worry,VERB,4,B
wing,NOUN,6,C
wife,NOUN,1,A
uncle,NOUN,2,A
twin,NOUN,3,B
widow,NOUN,4,B
unit,NOUN,5,C
win,NOUN,5,C
volleyball,NOUN,2,A
yoga,NOUN,3,B
victory,NOUN,4,B
withdraw,VERB,6,C
website,NOUN,1,A
virus,NOUN,3,B
webcam,NOUN,3,B
window,NOUN,3,B
upgrade,NOUN,4,B
wire,NOUN,4,B
volume,NOUN,3,B
video,NOUN,2,A
work,VERB,2,A
tyre,NOUN,2,A
way,NOUN,2,A
van,NOUN,3,B
vehicle,NOUN,3,B
windscreen,NOUN,3,B
voyage,NOUN,4,B
wing,NOUN,4,B
yacht,NOUN,4,B
vacancy,NOUN,5,C
wreck,NOUN,6,C
union,NOUN,3,B
vacancy,NOUN,5,C
workplace,NOUN,5,C
venture,NOUN,6,C
work,NOUN,1,A
work,NOUN,1,A
wine,NOUN,1,A
whisky,NOUN,4,B
uncertainty,NOUN,5,C
unrest,NOUN,6,C
unload,VERB,5,C
unfold,VERB,6,C
uncover,VERB,5,C
undress,VERB,3,B
unpack,VERB,3,B
variable,NOUN,5,C
withdrawal,NOUN,6,C
waiter,NOUN,1,A
user,NOUN,3,B
writer,NOUN,3,B
walker,NOUN,5,C
villager,NOUN,6,C
understanding,NOUN,6,C
undertaking,NOUN,6,C
upbringing,NOUN,4,B
vision,NOUN,4,B
variation,NOUN,6,C
vision,NOUN,4,B
vegetation,NOUN,5,C
vision,NOUN,5,C
variation,NOUN,4,B
vandalism,NOUN,6,C
unity,NOUN,5,C
validity,NOUN,6,C
weakness,NOUN,4,B
weakness,NOUN,4,B
usefulness,NOUN,5,C
tutor,NOUN,4,B
warrior,NOUN,5,C
waitress,NOUN,1,A
week,NOUN,1,A
week,NOUN,1,A
weekend,NOUN,1,A
year,NOUN,1,A
type,NOUN,2,A
uniform,NOUN,2,A
way,NOUN,2,A
weekday,NOUN,2,A
wheel,NOUN,2,A
turn,NOUN,3,B
unit,NOUN,3,B
vase,NOUN,3,B
vet,NOUN,3,B
view,NOUN,3,B
visa,NOUN,3,B
visit,NOUN,3,B
voice,NOUN,3,B
vote,NOUN,3,B
wardrobe,NOUN,3,B
way,NOUN,3,B
wheelchair,NOUN,3,B
workout,NOUN,3,B
zone,NOUN,3,B
turn,NOUN,4,B
update,NOUN,4,B
version,NOUN,4,B
victim,NOUN,4,B
vitamin,NOUN,4,B
volunteer,NOUN,4,B
ward,NOUN,4,B
wave,NOUN,4,B
weight,NOUN,4,B
twist,NOUN,5,C
version,NOUN,5,C
viewpoint,NOUN,5,C
walk,NOUN,5,C
witch,NOUN,5,C
youngster,NOUN,5,C
urge,NOUN,6,C
veteran,NOUN,6,C
veteran,NOUN,6,C
vice,NOUN,6,C
virgin,NOUN,6,C
virtue,NOUN,6,C
volume,NOUN,6,C
vow,NOUN,6,C
wave,NOUN,6,C
wave,NOUN,6,C
whim,NOUN,6,C
wish,NOUN,6,C
west,NOUN,2,A
wool,NOUN,2,A
work,NOUN,2,A
value,NOUN,3,B
variety,NOUN,3,B
weight,NOUN,3,B
wildlife,NOUN,3,B
waste,NOUN,4,B
wheat,NOUN,4,B
usage,NOUN,5,C
worse,NOUN,5,C
upkeep,NOUN,6,C
view,NOUN,6,C
violence,NOUN,6,C
virtue,NOUN,6,C
welfare,NOUN,6,C
worship,NOUN,6,C
wreckage,NOUN,6,C
xenophobia,NOUN,6,C
TV,NOUN,1,A
Wednesday,NOUN,1,A
video,NOUN,2,A
white,NOUN,2,A
use,NOUN,3,B
value,NOUN,3,B
wire,NOUN,4,B
usage,NOUN,5,C
virtue,NOUN,6,C
wage,NOUN,3,B
way,NOUN,3,B
view,NOUN,4,B
vocabulary,NOUN,5,C
way,NOUN,5,C
way,NOUN,6,C
work,VERB,3,B
vanish,VERB,4,B
vary,VERB,4,B
wait,VERB,5,C
visit,VERB,1,A
visit,VERB,2,A
win,VERB,2,A
update,VERB,3,B
upload,VERB,3,B
weigh,VERB,3,B
underestimate,VERB,4,B
upset,VERB,4,B
use,VERB,4,B
value,VERB,4,B
wear,VERB,4,B
weigh,VERB,4,B
witness,VERB,4,B
underestimate,VERB,5,C
undergo,VERB,5,C
verify,VERB,5,C
withdraw,VERB,5,C
worship,VERB,5,C
twist,VERB,6,C
undermine,VERB,6,C
uphold,VERB,6,C
uphold,VERB,6,C
urge,VERB,6,C
use,VERB,6,C
value,VERB,6,C
vow,VERB,6,C
wear,VERB,6,C
wield,VERB,6,C
withstand,VERB,6,C
understand,VERB,1,A
work,VERB,1,A
write,VERB,1,A
understand,VERB,2,A
win,VERB,2,A
write,VERB,2,A
type,VERB,3,B
understand,VERB,3,B
vote,VERB,3,B
wave,VERB,3,B
win,VERB,3,B
wonder,VERB,3,B
vary,VERB,4,B
widen,VERB,4,B
unite,VERB,5,C
wave,VERB,5,C
weaken,VERB,5,C
worsen,VERB,5,C
weaken,VERB,6,C
weapon,NOUN,4,B
war,NOUN,2,A
war,NOUN,6,C
unwell,ADJ,3,B
yes,ADV,1,A
yes,ADV,1,A
yes,ADV,2,A
undesirable,ADJ,6,C
undue,ADJ,6,C
useless,ADJ,6,C
utmost,ADJ,5,C
worthy,ADJ,5,C
whereby,ADV,6,C
wretched,ADJ,6,C
uncomfortable,ADJ,3,B
unacceptable,ADJ,4,B
unaffordable,ADJ,5,C
unbelievable,ADJ,3,B
unreasonable,ADJ,4,B
unreliable,ADJ,4,B
uncomfortable,ADJ,5,C
unavailable,ADJ,4,B
unconventional,ADJ,5,C
unethical,ADJ,6,C
unbalanced,ADJ,6,C
undressed,ADJ,4,B
unlimited,ADJ,4,B
unspoiled,ADJ,5,C
unexpected,ADJ,3,B
uninterested,ADJ,3,B
unmarried,ADJ,5,C
unemployed,ADJ,3,B
unhelpful,ADJ,4,B
unrealistic,ADJ,4,B
uninteresting,ADJ,3,B
unfortunately,ADV,2,A
undoubtedly,ADV,4,B
unexpectedly,ADV,4,B
unreasonably,ADV,5,C
unwillingly,ADV,5,C
unconscious,ADJ,4,B
unscrupulous,ADJ,6,C
unhealthy,ADJ,3,B
unfit,ADJ,3,B
unimportant,ADJ,3,B
unpleasant,ADJ,3,B
unfit,ADJ,4,B
unsatisfactory,ADJ,4,B
uneven,ADJ,6,C
unhappy,ADJ,2,A
unhappy,ADJ,3,B
unkind,ADJ,3,B
unaware,ADJ,4,B
uncertain,ADJ,4,B
uneasy,ADJ,4,B
unfortunate,ADJ,4,B
unpopular,ADJ,4,B
unsure,ADJ,4,B
unpleasant,ADJ,5,C
unwise,ADJ,6,C
viable,ADJ,6,C
valuable,ADJ,3,B
virtual,ADJ,4,B
wrinkled,ADJ,6,C
twisted,ADJ,4,B
well-educated,ADJ,5,C
well-qualified,ADJ,5,C
well-balanced,ADJ,4,B
well-dressed,ADJ,3,B
worried,ADJ,2,A
well-balanced,ADJ,5,C
united,ADJ,4,B
united,ADJ,4,B
useful,ADJ,2,A
wonderful,ADJ,2,A
winding,ADJ,4,B
understanding,ADJ,4,B
worrying,ADJ,4,B
working,ADJ,3,B
vaccination,NOUN,6,C
useless,ADJ,3,B
virtually,ADV,4,B
violently,ADV,4,B
warmly,ADV,4,B
willingly,ADV,4,B
virtually,ADV,4,B
vivacious,ADJ,6,C
wealthy,ADJ,4,B
windy,ADJ,2,A
well,ADJ,1,A
warm,ADJ,2,A
written,ADJ,3,B
very,ADV,1,A
well,ADV,2,A
well,ADV,4,B
well,ADV,5,C
voice,VERB,6,C
white,ADJ,1,A
yellow,ADJ,1,A
whole,ADJ,2,A
wide,ADJ,2,A
worse,ADJ,2,A
worst,ADJ,2,A
upright,ADJ,4,B
vast,ADJ,4,B
vivid,ADJ,4,B
versatile,ADJ,6,C
underneath,ADV,4,B
white,ADJ,2,A
white,ADJ,2,A
vegetarian,ADJ,3,B
weak,ADJ,4,B
upstairs,ADJ,3,B
upstairs,ADV,2,A
well-off,ADJ,5,C
warm,ADJ,1,A
wet,ADJ,2,A
underground,ADJ,4,B
underground,ADJ,4,B
wild,ADJ,4,B
worldwide,ADJ,4,B
wild,ADJ,6,C
wash,NOUN,2,A
waste,NOUN,3,B
view,VERB,6,C
young,ADJ,1,A
weak,ADJ,3,B
white,ADJ,3,B
well-built,ADJ,4,B
youth,NOUN,3,B
upset,ADJ,2,A
well-known,ADJ,2,A
weak,ADJ,3,B
vivid,ADJ,4,B
welcome,ADJ,4,B
wise,ADJ,4,B
witty,ADJ,4,B
vain,ADJ,6,C
versatile,ADJ,6,C
wary,ADJ,6,C
wicked,ADJ,6,C
willing,ADJ,6,C
withdrawn,ADJ,6,C
vacant,ADJ,4,B
workforce,NOUN,5,C
turnover,NOUN,6,C
violent,ADJ,4,B
violent,ADJ,4,B
unforgettable,ADJ,3,B
unbearable,ADJ,4,B
unbelievable,ADJ,4,B
unfashionable,ADJ,4,B
unpredictable,ADJ,4,B
unsuitable,ADJ,4,B
unavailable,ADJ,5,C
unavoidable,ADJ,5,C
undeniable,ADJ,5,C
unthinkable,ADJ,5,C
unattainable,ADJ,6,C
unfavourable,ADJ,6,C
unfavourable,ADJ,6,C
unimaginable,ADJ,6,C
unsustainable,ADJ,6,C
unsustainable,ADJ,6,C
unprofessional,ADJ,5,C
unconditional,ADJ,6,C
unchanged,ADJ,4,B
unjustified,ADJ,5,C
unnoticed,ADJ,5,C
unqualified,ADJ,5,C
unrelated,ADJ,5,C
unsolved,ADJ,5,C
untouched,ADJ,5,C
unwanted,ADJ,5,C
unaffected,ADJ,6,C
unbalanced,ADJ,6,C
unbiased,ADJ,6,C
undeveloped,ADJ,6,C
undoubted,ADJ,6,C
uninhabited,ADJ,6,C
unprecedented,ADJ,6,C
unsuccessful,ADJ,4,B
unhelpful,ADJ,5,C
uneventful,ADJ,6,C
unattractive,ADJ,4,B
unattractive,ADJ,5,C
unproductive,ADJ,5,C
unlikely,ADJ,3,B
unlikely,ADJ,6,C
unfairly,ADV,4,B
uncomfortably,ADV,5,C
unnecessarily,ADV,5,C
unquestionably,ADV,5,C
unsuccessfully,ADV,5,C
unavoidably,ADV,6,C
unconsciously,ADV,6,C
undeniably,ADV,6,C
unconscious,ADJ,6,C
unlucky,ADJ,3,B
unusual,ADJ,2,A
unfair,ADJ,3,B
unfriendly,ADJ,3,B
unknown,ADJ,3,B
unknown,ADJ,3,B
unnecessary,ADJ,3,B
untidy,ADJ,3,B
uncertain,ADJ,4,B
unclear,ADJ,4,B
unfair,ADJ,4,B
unfamiliar,ADJ,4,B
unfortunate,ADJ,4,B
unnatural,ADJ,4,B
unwilling,ADJ,4,B
uncommon,ADJ,5,C
unforeseen,ADJ,5,C
unpaid,ADJ,5,C
unpaid,ADJ,5,C
unreal,ADJ,5,C
unsafe,ADJ,5,C
unsafe,ADJ,5,C
untrue,ADJ,5,C
understandable,ADJ,4,B
valuable,ADJ,4,B
variable,ADJ,5,C
vulnerable,ADJ,6,C
typical,ADJ,3,B
usual,ADJ,3,B
universal,ADJ,4,B
visual,ADJ,4,B
vertical,ADJ,5,C
virtual,ADJ,5,C
verbal,ADJ,6,C
verbal,ADJ,6,C
vocational,ADJ,6,C
varied,ADJ,4,B
well-organized,ADJ,4,B
well-equipped,ADJ,5,C
well-informed,ADJ,5,C
twisted,ADJ,6,C
underdeveloped,ADJ,6,C
visible,ADJ,4,B
visible,ADJ,5,C
upcoming,ADJ,5,C
underlying,ADJ,6,C
understanding,NOUN,4,B
worthless,ADJ,5,C
worthless,ADJ,6,C
weekly,ADJ,2,A
usually,ADV,2,A
typically,ADV,3,B
urgently,ADV,3,B
typically,ADV,4,B
vividly,ADV,4,B
warmly,ADV,4,B
widely,ADV,4,B
wildly,ADV,4,B
wrongly,ADV,4,B
ultimately,ADV,5,C
understandably,ADV,5,C
universally,ADV,5,C
utterly,ADV,5,C
wisely,ADV,5,C
ultimately,ADV,6,C
unanimously,ADV,6,C
vaguely,ADV,6,C
visibly,ADV,6,C
vitally,ADV,6,C
voluntarily,ADV,6,C
wholeheartedly,ADV,6,C
wholly,ADV,6,C
wildly,ADV,6,C
various,ADJ,2,A
unanimous,ADJ,6,C
vicious,ADJ,6,C
vicious,ADJ,6,C
wrong,ADJ,1,A
west,ADJ,2,A
wet,ADJ,2,A
wild,ADJ,2,A
wooden,ADJ,2,A
upper,ADJ,3,B
up-to-date,ADJ,3,B
urgent,ADJ,3,B
warm,ADJ,3,B
waste,ADJ,3,B
welcome,ADJ,3,B
western,ADJ,3,B
western,ADJ,3,B
wet,ADJ,3,B
wrong,ADJ,3,B
ultimate,ADJ,4,B
underwater,ADJ,4,B
unique,ADJ,4,B
unique,ADJ,4,B
urban,ADJ,4,B
vacant,ADJ,4,B
valid,ADJ,4,B
valid,ADJ,4,B
vital,ADJ,4,B
waterproof,ADJ,4,B
weak,ADJ,4,B
weak,ADJ,4,B
weird,ADJ,4,B
well-paid,ADJ,4,B
wild,ADJ,4,B
worthwhile,ADJ,4,B
wrong,ADJ,4,B
ultimate,ADJ,5,C
underpaid,ADJ,5,C
upper-class,ADJ,5,C
upward,ADJ,5,C
vague,ADJ,5,C
voluntary,ADJ,5,C
weak,ADJ,5,C
weak,ADJ,5,C
widespread,ADJ,5,C
working-class,ADJ,5,C
wrong,ADJ,5,C
underway,ADJ,6,C
utter,ADJ,6,C
vague,ADJ,6,C
very,ADJ,6,C
virgin,ADJ,6,C
weary,ADJ,6,C
white,ADJ,6,C
white,ADJ,6,C
would-be,ADJ,6,C
wretched,ADJ,6,C
up,ADV,1,A
well,ADV,1,A
when,ADV,1,A
where,ADV,1,A
why,ADV,1,A
yesterday,ADV,1,A
twice,ADV,2,A
up,ADV,2,A
west,ADV,2,A
wrong,ADV,2,A
yet,ADV,2,A
yet,ADV,2,A
up,ADV,3,B
why,ADV,3,B
worse,ADV,3,B
up,ADV,4,B
up,ADV,4,B
wide,ADV,4,B
worst,ADV,4,B
upwards,ADV,5,C
yet,ADV,5,C
uphill,ADV,6,C
whenever,ADV,6,C
whereabouts,ADV,6,C
whole,ADV,6,C
wood,NOUN,2,A
world,NOUN,3,B
union,NOUN,4,B
vote,NOUN,4,B
workforce,NOUN,6,C
win,VERB,4,B
wound,VERB,4,B
worship,VERB,5,C
view,VERB,6,C
yield,VERB,6,C
violent,ADJ,6,C
bye,EXC,1,A
Cheers!,EXC,3,B
Cheers!,EXC,4,B
amongst,ADP,4,B
beyond,ADP,5,C
all,DET,1,A
alright,EXC,1,A
can,MVB,1,A
can,MVB,1,A
about,ADP,1,A
at,ADP,2,A
against,ADP,4,B
any,DET,1,A
any,DET,1,A
another,DET,2,A
at,ADP,1,A
behind,ADP,1,A
between,ADP,1,A
across,ADP,2,A
after,ADP,2,A
after,ADP,2,A
against,ADP,2,A
around,ADP,2,A
around,ADP,2,A
around,ADP,2,A
before,ADP,2,A
beside,ADP,2,A
between,ADP,2,A
after,ADP,3,B
along,ADP,3,B
among,ADP,3,B
before,ADP,3,B
by,ADP,3,B
at,ADP,4,B
beneath,ADP,4,B
beyond,ADP,4,B
can,MVB,1,A
between,ADP,1,A
be,AVB,2,A
be,AVB,2,A
a,DET,1,A
a,DET,1,A
a,DET,1,A
a,DET,1,A
all,DET,1,A
an,DET,1,A
both,DET,1,A
a,DET,2,A
a,DET,2,A
a,DET,2,A
a,DET,2,A
a,DET,2,A
a,DET,2,A
all,DET,2,A
another,DET,2,A
all,DET,3,B
Cheers!,EXC,3,B
can,MVB,1,A
cannot,MVB,1,A
can,MVB,2,A
can,MVB,3,B
can,MVB,4,B
can,MVB,4,B
after,ADP,1,A
at,ADP,1,A
at,ADP,1,A
at,ADP,1,A
before,ADP,1,A
between,ADP,1,A
against,ADP,2,A
along,ADP,2,A
among,ADP,2,A
between,ADP,2,A
between,ADP,2,A
by,ADP,2,A
by,ADP,2,A
by,ADP,2,A
against,ADP,3,B
at,ADP,3,B
before,ADP,3,B
behind,ADP,3,B
behind,ADP,3,B
besides,ADP,3,B
between,ADP,3,B
but,ADP,3,B
after,ADP,4,B
along,ADP,4,B
beyond,ADP,4,B
by,ADP,4,B
by,ADP,4,B
after,ADP,5,C
amid,ADP,5,C
among,ADP,5,C
behind,ADP,5,C
beyond,ADP,5,C
after,ADP,6,C
amid,ADP,6,C
before,ADP,6,C
behind,ADP,6,C
beneath,ADP,6,C
anything,PRONOUN,1,A
anything,PRONOUN,1,A
anybody,PRONOUN,2,A
anyone,PRONOUN,2,A
anybody,PRONOUN,3,B
anyone,PRONOUN,3,B
cool,EXC,2,A
concerning,ADP,4,B
damn,EXC,3,B
considering,ADP,4,B
do,AVB,4,B
could,MVB,2,A
could,MVB,3,B
could,MVB,3,B
despite,ADP,3,B
every,DET,1,A
enough,DET,2,A
double,DET,3,B
enough,DET,4,B
down,ADP,2,A
down,ADP,2,A
everything,PRONOUN,2,A
do,AVB,1,A
do,AVB,3,B
each,DET,1,A
every,DET,1,A
every,DET,4,B
congratulations,EXC,2,A
could,MVB,2,A
could,MVB,3,B
during,ADP,2,A
during,ADP,2,A
except,ADP,2,A
each,PRONOUN,1,A
everybody,PRONOUN,2,A
everyone,PRONOUN,2,A
either,PRONOUN,3,B
goodbye,EXC,1,A
hi,EXC,1,A
hey,EXC,2,A
in,ADP,3,B
hello,EXC,1,A
hello,EXC,1,A
for,ADP,2,A
in,ADP,3,B
for,ADP,4,B
few,DET,3,B
from,ADP,1,A
from,ADP,1,A
in,ADP,1,A
inside,ADP,1,A
into,ADP,1,A
from,ADP,2,A
in,ADP,2,A
in,ADP,3,B
from,ADP,4,B
in,ADP,3,B
for,ADP,2,A
for,ADP,3,B
including,ADP,2,A
following,ADP,4,B
have,AVB,2,A
her,DET,1,A
his,DET,1,A
for,ADP,1,A
for,ADP,1,A
from,ADP,1,A
from,ADP,1,A
in,ADP,1,A
for,ADP,2,A
for,ADP,2,A
for,ADP,2,A
for,ADP,2,A
for,ADP,2,A
for,ADP,2,A
in,ADP,2,A
into,ADP,2,A
for,ADP,3,B
from,ADP,3,B
in,ADP,3,B
into,ADP,3,B
into,ADP,3,B
from,ADP,4,B
from,ADP,4,B
from,ADP,4,B
in,ADP,4,B
for,ADP,5,C
for,ADP,5,C
in,ADP,6,C
inside,ADP,6,C
he,PRONOUN,1,A
her,PRONOUN,1,A
him,PRONOUN,1,A
I,PRONOUN,1,A
it,PRONOUN,1,A
it,PRONOUN,1,A
hers,PRONOUN,2,A
herself,PRONOUN,2,A
himself,PRONOUN,2,A
his,PRONOUN,2,A
it,PRONOUN,2,A
herself,PRONOUN,4,B
himself,PRONOUN,4,B
it,PRONOUN,4,B
it,PRONOUN,6,C
may,MVB,3,B
OK,EXC,1,A
OK,EXC,2,A
much,DET,5,C
one,PRONOUN,5,C
oneself,PRONOUN,5,C
OK,EXC,2,A
on,ADP,2,A
no,DET,2,A
oh,EXC,1,A
oh,EXC,1,A
itself,PRONOUN,3,B
many,DET,1,A
more,DET,1,A
more,DET,1,A
much,DET,1,A
no,DET,1,A
other,DET,1,A
less,DET,2,A
most,DET,2,A
other,DET,2,A
little,DET,3,B
least,DET,4,B
near,ADP,1,A
of,ADP,1,A
of,ADP,1,A
of,ADP,1,A
on,ADP,1,A
on,ADP,1,A
of,ADP,2,A
of,ADP,2,A
on,ADP,2,A
on,ADP,2,A
opposite,ADP,2,A
outside,ADP,2,A
over,ADP,2,A
of,ADP,3,B
on,ADP,3,B
over,ADP,3,B
over,ADP,3,B
less,PRONOUN,2,A
most,PRONOUN,2,A
nothing,PRONOUN,2,A
other,PRONOUN,2,A
little,PRONOUN,3,B
none,PRONOUN,3,B
on,ADP,2,A
its,DET,1,A
my,DET,1,A
our,DET,1,A
much,DET,2,A
one,DET,2,A
most,DET,3,B
other,DET,3,B
one,DET,4,B
one,DET,4,B
one,DET,4,B
one,DET,4,B
may,MVB,2,A
might,MVB,2,A
must,MVB,2,A
may,MVB,3,B
might,MVB,3,B
must,MVB,3,B
must,MVB,4,B
of,ADP,1,A
on,ADP,1,A
like,ADP,2,A
minus,ADP,2,A
of,ADP,2,A
on,ADP,2,A
over,ADP,2,A
like,ADP,3,B
of,ADP,3,B
off,ADP,3,B
off,ADP,3,B
on,ADP,3,B
on,ADP,3,B
onto,ADP,3,B
over,ADP,3,B
over,ADP,3,B
like,ADP,4,B
near,ADP,4,B
of,ADP,4,B
off,ADP,4,B
on,ADP,4,B
on,ADP,4,B
onto,ADP,4,B
over,ADP,4,B
of,ADP,5,C
near,ADP,6,C
over,ADP,6,C
over,ADP,6,C
me,PRONOUN,1,A
itself,PRONOUN,2,A
mine,PRONOUN,2,A
myself,PRONOUN,2,A
nobody,PRONOUN,2,A
one,PRONOUN,2,A
ours,PRONOUN,2,A
ourselves,PRONOUN,2,A
nothing,PRONOUN,3,B
least,PRONOUN,4,B
most,PRONOUN,4,B
myself,PRONOUN,4,B
neither,PRONOUN,4,B
next,PRONOUN,4,B
regarding,ADP,3,B
right,EXC,2,A
please,EXC,1,A
pardon,EXC,2,A
past,ADP,2,A
round,ADP,2,A
plenty,PRONOUN,3,B
past,ADP,1,A
per,ADP,2,A
plus,ADP,2,A
round,ADP,3,B
past,ADP,4,B
thanks,EXC,1,A
shall,MVB,2,A
to,ADP,2,A
towards,ADP,4,B
some,DET,1,A
several,DET,2,A
some,DET,4,B
to,ADP,1,A
through,ADP,2,A
to,ADP,3,B
throughout,ADP,5,C
some,PRONOUN,1,A
some,PRONOUN,1,A
something,PRONOUN,1,A
to,ADP,3,B
that,DET,1,A
that,DET,1,A
the,DET,1,A
the,DET,1,A
the,DET,1,A
their,DET,1,A
these,DET,1,A
this,DET,1,A
this,DET,1,A
this,DET,1,A
those,DET,1,A
the,DET,2,A
the,DET,3,B
their,DET,3,B
such,DET,4,B
the,DET,4,B
the,DET,4,B
some,DET,5,C
should,MVB,2,A
should,MVB,3,B
should,MVB,3,B
than,ADP,1,A
to,ADP,1,A
since,ADP,2,A
than,ADP,2,A
till,ADP,2,A
through,ADP,3,B
through,ADP,3,B
to,ADP,3,B
to,ADP,3,B
to,ADP,3,B
to,ADP,3,B
towards,ADP,3,B
throughout,ADP,4,B
times,ADP,4,B
to,ADP,4,B
towards,ADP,5,C
towards,ADP,5,C
she,PRONOUN,1,A
that,PRONOUN,1,A
that,PRONOUN,1,A
them,PRONOUN,1,A
they,PRONOUN,1,A
somebody,PRONOUN,2,A
someone,PRONOUN,2,A
that,PRONOUN,2,A
theirs,PRONOUN,2,A
themselves,PRONOUN,2,A
this,PRONOUN,2,A
this,PRONOUN,2,A
this,PRONOUN,2,A
that,PRONOUN,3,B
them,PRONOUN,3,B
they,PRONOUN,3,B
that,PRONOUN,4,B
that,PRONOUN,4,B
themselves,PRONOUN,4,B
they,PRONOUN,4,B
such,PRONOUN,6,C
wow,EXC,2,A
yeah,EXC,2,A
upon,ADP,4,B
whom,PRONOUN,4,B
well,EXC,1,A
welcome,EXC,2,A
will,MVB,2,A
via,ADP,3,B
which,PRONOUN,3,B
whatever,PRONOUN,4,B
under,ADP,1,A
with,ADP,1,A
under,ADP,2,A
without,ADP,2,A
underneath,ADP,3,B
with,ADP,3,B
within,ADP,3,B
within,ADP,4,B
versus,ADP,5,C
via,ADP,3,B
unlike,ADP,4,B
unlike,ADP,6,C
what,DET,1,A
which,DET,1,A
your,DET,1,A
what,DET,3,B
whose,DET,3,B
whose,DET,3,B
your,DET,3,B
whatever,DET,4,B
whichever,DET,4,B
whichever,DET,4,B
will,MVB,1,A
will,MVB,2,A
will,MVB,2,A
would,MVB,3,B
would,MVB,3,B
would,MVB,3,B
would,MVB,3,B
would,MVB,4,B
until,ADP,1,A
with,ADP,1,A
until,ADP,2,A
up,ADP,2,A
with,ADP,2,A
with,ADP,3,B
within,ADP,3,B
under,ADP,4,B
with,ADP,4,B
with,ADP,4,B
versus,ADP,5,C
within,ADP,5,C
us,PRONOUN,1,A
we,PRONOUN,1,A
what,PRONOUN,1,A
who,PRONOUN,1,A
you,PRONOUN,1,A
which,PRONOUN,2,A
which,PRONOUN,2,A
who,PRONOUN,2,A
you,PRONOUN,2,A
yours,PRONOUN,2,A
yourself,PRONOUN,2,A
we,PRONOUN,3,B
what,PRONOUN,3,B
whatever,PRONOUN,3,B
who,PRONOUN,3,B
whose,PRONOUN,3,B
which,PRONOUN,4,B
which,PRONOUN,4,B
whichever,PRONOUN,4,B
whoever,PRONOUN,4,B
whoever,PRONOUN,4,B
yourself,PRONOUN,4,B
yourself,PRONOUN,4,B
Absolutely!,PHR,5,C
arts,PHR,4,B
arts,PHR,5,C
dozens,PHR,5,C
ethics,PHR,6,C
details,PHR,2,A
conditions,PHR,3,B
days,PHR,5,C
ethics,PHR,6,C
hours,PHR,3,B
funds,PHR,5,C
guys,PHR,3,B
gardens,PHR,5,C
God,PHR,2,A
hundreds,PHR,4,B
feelings,PHR,3,B
Help!,PHR,2,A
instructions,PHR,2,A
miles,PHR,5,C
masses,PHR,4,B
millions,PHR,4,B
let's,PHR,2,A
notes,PHR,2,A
others,PHR,4,B
needs,PHR,4,B
limitations,PHR,5,C
others,PHR,3,B
manners,PHR,4,B
nerves,PHR,5,C
morals,PHR,6,C
regards,PHR,3,B
roots,PHR,4,B
Road,PHR,1,A
relations,PHR,4,B
Really?,PHR,2,A
sales,PHR,4,B
preparations,PHR,4,B
scales,PHR,4,B
ties,PHR,6,C
Street,PHR,1,A
thousands,PHR,4,B
toilets,PHR,2,A
things,PHR,1,A
studies,PHR,2,A
things,PHR,3,B
values,PHR,4,B
