Word,Synonyms
absolute_aj,"['al-mutlaq', 'abject', 'utter', 'absolutely', 'top', 'complete', 'extreme', 'outright', 'mutlaq', 'overriding', 'total', 'full', 'unconditional', 'unqualified', 'definitely', 'launching', 'unfettered', 'categorical', 'unmitigated']"
abstract_aj,"['summary', 'abstracto', 'abbreviated', 'summarized', 'abridged', 'short-form', 'abstracts', 'short', 'memorandum', 'summaries', 'résumé', 'synopsis', 'compendium', 'abstraction', 'abridgement', 'condensed']"
absurd_aj,"['preposterous', 'ridiculous', 'nonsensical', 'nonsense', 'ludicrous', 'senseless', 'unreasonable', 'pointless', 'absurdly', 'perverse', 'irrational', 'aberrant', 'farcical', 'foolish', 'silly', 'illogical', 'grotesque', 'insane', 'stupid', 'incongruous', 'bizarre', 'idiotic', 'crazy', 'laughable']"
academic_aj,"['university', 'academy', 'academics', 'universitaire', 'academia', 'university-based', 'scholarly', 'school', 'scholastic', 'theoretical', 'scholars', 'scolaire', 'universities', 'universitaires', 'educational', 'teaching', 'scholar', 'academician', 'scientific', 'university-level', 'academicians', 'formal', 'education']"
acceptable_aj,"['unacceptable', 'accepted', 'tolerable', 'admissible', 'agreeable', 'permissible', 'palatable', 'satisfactory', 'reasonable', 'maqbool', 'decent', 'eligible', 'allowable', 'acceptability', 'suitable']"
accessible_aj,"['available', 'access', 'affordable', 'accessibility', 'accessed', 'reachable', 'approachable', 'open', 'retrievable', 'attainable', 'user-friendly']"
accompanying_aj,"['flanking', 'explanatory', 'companion', 'attached', 'accompany', 'complementary', 'concomitant', 'escort', 'escorting', 'attendant', 'accompaniment', 'related', 'accompanies', 'supplementary', 'covering', 'corresponding']"
accumulated_aj,"['accrued', 'cumulative', 'cumulated', 'cum', 'amassed', 'earned', 'gained', 'rolled-up', 'acquired', 'rollup', 'banked', 'accumulative', 'accumulate', 'gathered', 'pent-up', 'period-to-date', 'collected', 'aggregate']"
accurate_aj,"['exact', 'precise', 'correct', 'specific', 'accuracy', 'accurately', 'precision', 'reliable', 'closed-form', 'faithful', 'specifies', 'minutes', 'rigorous', 'detailed', 'thorough', 'true', 'careful', 'précis', 'right', 'clarifies', 'minute', 'inaccurate', 'clear', 'proper']"
active_aj,"['assets', 'actively', 'asset', 'positive', 'proactive', 'activates', 'select', 'pro-active', 'dynamic', 'activate', 'activa', 'vigorous', 'vibrant', 'energetic', 'working', 'enable', 'effective', 'activity', 'positively', 'check', 'activist', 'lively', 'enables', 'turns', 'actif', 'activities', 'vigorously']"
actual_aj,"['real', 'effective', 'practical', 'actuals', 'genuine', 'true', 'current', 'real-world', 'royal', 'concrete', 'real-life', 'workforce', 'factual', 'realistic', 'rem', 'tangible', 'reality', 'specific']"
acute_aj,"['agudo', 'sharp', 'serious', 'severe', 'treble', 'acutely', 'aguda', 'pressing', 'grave', 'urgent', 'tweeter', 'short-lived', 'assets', 'keen', 'extreme']"
adamant_aj,"['categorical', 'inflexible', 'uncompromising', 'intransigent']"
added_aj,"['add', 'adds', 'inserted', 'aggregate', 'said', 'aggregated', 'additional', 'included', 'addendum', 'supplemented', 'addition', 'extra', 'incorporated', 'insert', 'appended']"
additional_aj,"['extra', 'supplementary', 'further', 'complementary', 'supplemental', 'incremental', 'other', 'more', 'new', 'add-on', 'added', 'add-in', 'increased', 'supplémentaires', 'others', 'increase', 'complimentary', 'additonal']"
adequate_aj,"['sufficient', 'appropriate', 'proper', 'suitable', 'enough', 'satisfactory', 'insufficient', 'ample', 'full', 'fully', 'right', 'inadequate', 'decent', 'due', 'necessary', 'adequacy', 'correct', 'sufficiently', 'adapted', 'relevant', 'good', 'fit', 'reasonable']"
administrative_aj,"['administration', 'managerial', 'management', 'administratif', 'executive', 'chief', 'administratives', 'administrativo', 'administratively', 'amministrativo', 'governing', 'clerical', 'administratifs', 'directors', 'bureaucratic', 'organizational', 'adminstrative', 'admin', 'red']"
advanced_aj,"['sophisticated', 'developed', 'state-of-the-art', 'leading-edge', 'cutting-edge', 'advance', 'progressed', 'peak', 'pointe', 'progressive', 'progress', 'high', 'modern', 'senior', 'masters', 'forward', 'advances', 'tip', 'advanced-level', 'higher', 'leading', 'high-tech', 'edge']"
advisory_aj,"['consultative', 'adviser', 'advice', 'counselling', 'consultation', 'consulting', 'consultancy', 'consultatif', 'advisor', 'counseling', 'advisers', 'consultant', 'counsel', 'consultants', 'notice', 'acabq']"
aeromedical_aj,['aero-medical']
aggressive_aj,"['offensive', 'aggression', 'hostile', 'dynamic', 'agonistic', 'energetic', 'snippy', 'bold', 'vigorous', 'dynamics', 'overbearing', 'aggressor', 'belligerent']"
agricultural_aj,"['agriculture', 'farm', 'farming', 'agrarian', 'agricole', 'agricola', 'agricoles', 'arable', 'agrícolas', 'rural', 'mezőgazdasági', 'agropecuario', 'agraria', 'agropecuaria', 'agronomique', 'agronomic', ""'agriculture"", 'crop', 'agricultura', 'farmland', 'agricoltura', 'agro-based']"
ailing_aj,"['faltering', 'sick', 'embattled', 'stumbling', 'ill', 'patient', 'deadlocked', 'weakened']"
alive_aj,"['living', 'live', 'vivo', 'viva', 'lively', 'vivid', 'alive-o', 'vivant', 'vibrant', 'loud', 'revive', 'reviving', 'residing']"
alleged_aj,"['presumed', 'suspected', 'supposed', 'presumptive', 'purported', 'claimed', 'argued', 'so-called', 'allegations', 'putative', 'assumed', 'allegation', 'asserted', 'contended', 'deemed', 'self-styled', 'accused', 'assumptions', 'invoked', 'perceived']"
altered_aj,"['amended', 'modified', 'changed', 'weathered', 'impaired', 'tampered', 'transformed', 'modify']"
alternative_aj,"['alternatives', 'alternate', 'variant', 'replacement', 'shadow', 'option', 'substitute', 'substitution', 'other', 'spare', 'alternativo', 'alternativa', 'surrogate', 'parallel', 'reciprocating', 'choice', 'different', 'solution', 'alternativas', 'alternating', 'makeshift', 'tabbed', 'choices', 'replace', 'various', 'workaround', 'lieu']"
amazing_aj,"['incredible', 'unbelievable', 'astonishing', 'surprising', 'astounding', 'fantastic', 'awesome', 'fabulous', 'stunning', 'wonderful', 'staggering', 'crazy', 'impressive', 'terrific', 'extraordinary', 'great', 'startling', 'beautiful', 'striking', 'fascinating', 'remarkable', 'mind-boggling', 'insane', 'breathtaking', 'magnificent', 'brilliant', 'formidable', 'gorgeous', 'super', 'unreal', 'delicious', 'marvelous', 'tremendous']"
ambitious_aj,"['far-reaching', 'aspirational', 'challenging', 'bold']"
amicable_aj,"['friendly', 'amiable', 'out-of-court', 'cordial']"
amphibian_aj,"['amphibians', 'amphibious', 'amphibia']"
analogous_aj,"['similar', 'analogue', 'analog', 'comparable']"
analytic_aj,"['analytical', 'analysis', 'analytics', 'summary']"
ancient_aj,"['old', 'former', 'antique', 'age-old', 'antigua', 'ancestral', 'antiquity', 'immemorial', 'archeological', 'longtime', 'long-standing', 'elders', 'centuries-old', 'ku', 'archaic', 'gu', 'archaeological', 'old-growth']"
annual_aj,"['yearly', 'annually', 'annuel', 'anniversary', 'year-on-year', 'year', 'annuelle', 'annum', 'anual', 'year-to-year', 'annualized', 'annuels', 'annuals', 'annuelles']"
anti_aj,"['anti-', 'against', 'hostile']"
anxious_aj,"['eager', 'keen', 'impatient', 'worried', 'nervous', 'concerned']"
apostate_aj,"['convert', 'renegade']"
apparent_aj,"['obvious', 'seeming', 'evident', 'clear', 'visible', 'manifest', 'zahir', 'ostensible', 'zaher', 'self-evident', 'noticeable', 'overt', 'superficial', 'akin', 'perceived', 'blatant', 'flagrant']"
appreciating_aj,"['welcoming', 'recognizing', 'acknowledging', 'commending']"
appropriate_aj,"['suitable', 'adequate', 'proper', 'relevant', 'fit', 'applicable', 'necessary', 'competent', 'timely', 'corresponding', 'right', 'adapted', 'fitting', 'due', 'opportune', 'occasion', 'appropriately', 'correct', 'pertinent', 'required', 'desirable', 'convenient', 'properly', 'tailored', 'expedient', 'good', 'advisable', 'inappropriate', 'sufficient', 'suitably', 'useful', 'decent', 'adequately', 'reasonable']"
arduous_aj,"['difficult', 'painstaking', 'hard', 'laborious', 'daunting', 'strenuous', 'formidable', 'challenging', 'tough', 'onerous', 'herculean', 'demanding', 'uphill', 'heavy', 'painful', 'hardship']"
armed_aj,"['militant', 'gunman', 'armies', 'gunmen', 'armées', 'militants', 'army', 'armadas', 'military', 'armada', 'armés', 'arming', 'reinforced', 'navy', 'cocked', 'guerrilla', 'heeled']"
artificial_aj,"['man-made', 'manmade', 'contrived', 'human-made', 'synthetic', 'unnatural', 'engineered', 'anthropogenic', 'artificially']"
artistic_aj,"['arts', 'artistique', 'art', 'artist', 'artsy', 'creative', 'arty', 'technical']"
asian_aj,"['asia', 'asiatic', 'asia-', 'asian-born', 'ajou']"
asic_aj,"['asics', 'asec', 'icss']"
asleep_aj,"['sor', 'sleeping', 'sleepy', 'sleep', 'numb', 'behemoth', 'sleeps']"
assistant_aj,"['deputy', 'wizard', 'assistants', 'aide', 'auxiliary', 'under-secretary', 'associate', 'helper', 'adjoint', 'sub', 'adjunct', 'undersecretary', 'ancillary', 'assitant', 'sidekick', 'subledger', 'sub-harnesses', 'asst']"
associated_aj,"['related', 'associate', 'linked', 'partners', 'partner', 'connected', 'associates', 'relating', 'bound', 'associés', 'tied', 'involved', 'relevant', 'corresponding', 'affiliated', 'accessories', 'asociado', 'attached', 'coupled', 'asociados']"
atrocious_aj,"['heinous', 'appalling', 'egregious', 'terrible', 'horrific', 'horrendous', 'dreadful', 'horrible', 'gruesome', 'awful', 'brutal', 'excruciating', 'abominable', 'cruel', 'hideous', 'horrifying', 'abhorrent', 'odious', 'monstrous', 'outrageous', 'despicable', 'unspeakable']"
attainable_aj,"['achievable', 'feasible', 'realizable', 'reachable', 'possible', 'workable', 'affordable', 'accessible']"
attentive_aj,"['careful', 'vigilant', 'observant', 'watchful', 'alert', 'mindful', 'responsive']"
attesting_aj,"['certifying', 'evidencing', 'confirming', 'stating', 'proving', 'attest']"
attractive_aj,"['appealing', 'interesting', 'tempting', 'compelling', 'seductive', 'exciting', 'eye-catching', 'handsome', 'good-looking', 'alluring', 'glitzy', 'beautiful', 'attracting', 'sexy']"
automatic_aj,"['auto', 'automated', 'automatically', 'automatically-operated', 'self-loading', 'self-running', 'self', 'spontaneous', 'auto-', 'automaticity', 'machine', 'automation', 'evergreen', 'autotoll']"
available_aj,"['accessible', 'provision', 'disposable', 'availability', 'offered', 'disponible', 'existing', 'disposition', 'disposal', 'provided', 'access', 'respendable', 'searchable', 'offert', 'disponibles', 'possible', 'availabe', 'unavailable', 're-spendable', 'consulted', 'accessed', 'readiness', 'posted', 'ready', 'consult', 'open', 'provide']"
average_aj,"['medium', 'mean', 'means', 'medium-sized', 'media', 'averages', 'way', 'middle', 'averaging', 'moderate', 'plea', 'median', 'east', 'avg', 'medium-', 'medium-size', 'mediterranean', '225', 'ways', 'half', 'medium-scale', 'tool', 'rate']"
aware_aj,"['conscious', 'mindful', 'cognizant', 'recognizing', 'conscience', 'informed', 'abreast', 'knowledge', 'consciousness', 'known', 'realizing', 'awareness', 'sensitized', 'familiar', 'unaware', 'realise', 'acknowledging', 'cognisant', 'sensitive', 'know', 'conscientious', 'self-aware']"
awful_aj,"['horrible', 'terrible', 'dreadful', 'horrific', 'appalling', 'hideous', 'ugly', 'horrendous', 'horrid', 'horrifying', 'atrocious', 'ghastly', 'gruesome', 'heinous', 'abhorrent', 'dog-ugly', 'god-awful', 'creepy', 'dire', 'abominable', 'bad', 'horror', 'dorky', 'nasty', 'scary', 'excruciating', 'terrifying', 'kamala']"
awkward_aj,"['embarrassing', 'clumsy', 'uncomfortable', 'inconvenient', 'weird', 'delicate', 'strange', 'butterhook', 'difficult', 'unpleasant', 'embarrassed', 'cumbersome', 'troublesome', 'thankless', 'sensitive', 'odd', 'tricky']"
baggy_aj,['coward']
baked_aj,"['bakery', 'cooked', 'boulangerie', 'baking']"
bali_aj,"['palley', 'pale']"
banished_aj,"['banned', 'exiled', 'outlawed']"
banked_aj,['accumulated']
bare_aj,"['naked', 'barry', 'bari', 'nude', 'parry', 'pari', 'barren', 'bir', 'skinned', 'nus', 'simple', 'strict']"
barred_aj,"['prevented', 'prohibited', 'banned', 'excluded', 'forbidden']"
belgian_aj,"['belge', 'belgium', 'belgische', 'belgians']"
biblical_aj,"['bible', 'evangelical', 'angeli', 'torah']"
biological_aj,"['organic', 'biologic', 'biologically', 'biology', 'biologique', 'biologiques', 'biologics', 'biodiversity', 'bio-based', 'biologicals', 'living', 'biotic', 'bacteriological', 'bio']"
bitter_aj,"['amer', 'painful', 'sour', 'acrimonious', 'scathing', 'harsh', 'embittered', 'fierce', 'resentful']"
blessed_aj,"['al-mubarak', 'unblessed', 'sanctified', 'sainte', 'holy', 'beni', 'consecrated']"
blind_aj,"['indiscriminate', 'wanton', 'blindly', 'blinds', 'acorn', 'ciego', 'bllnd', 'blinded', 'sunshade', 'blinkered', 'mindless', 'random', 'short-sighted']"
bloated_aj,"['overstaffed', 'hypertrophied', 'inflated', 'swollen', 'oversized', 'outsized']"
bloody_aj,"['deadly', 'bloodthirsty', 'sanguine', 'bloodshed', 'murderous', 'bloodstained', 'fucking', 'goddamn', 'damn', 'blood-soaked', 'blood', 'cursed', 'bloodless']"
bluff_aj,"['sham', 'cliff', 'scam', 'fake', 'racket']"
bodily_aj,"['corporal', 'tangible', 'physical', 'corporeal', 'body', 'physically']"
bold_aj,"['courageous', 'daring', 'brave', 'audacious', 'fatty', 'boldface', 'gras', 'fat', 'adventurous', 'bolding', 'valiant', 'ambitious', 'fearless', 'fats', 'aggressive', 'greasy', 'bolded']"
booming_aj,"['flourishing', 'thriving', 'prosperous', 'growing', 'boom', 'fast-growing', 'burgeoning']"
boosting_aj,"['stimulating', 'stimulate', 'strengthening', 'promoting', 'increasing']"
bosnian_aj,"['bosnia', 'bosniac', 'bosnians', 'bosniacs', 'bosniak', 'bosniaks', 'bosanski', 'bh', 'sarajevo', 'muslim-croat', 'bosnia-herzegovina', 'bosnia-hercegovina']"
bottom_aj,"['lower', 'underside', 'merits', 'low', 'substantive', 'fund', 'substance', 'bas', 'down', 'background', 'downstairs', 'below', 'inferior', 'seabed', 'fond', 'kick']"
bound_aj,"['linked', 'obliged', 'related', 'tied', 'associated', 'forced', 'compelled', 'connected', 'consolidated', 'obligated', 'required', 'held', 'doomed']"
brac_aj,"['brack', 'barak']"
brave_aj,"['courageous', 'bold', 'valiant', 'fearless', 'valiente', 'gallant', 'bravery', 'daring', 'vaillant', 'courage', 'heroic', 'feisty', 'gutsy', 'audacious', 'good']"
brief_aj,"['short', 'briefly', 'concise', 'succinct', 'summary', 'writ', 'anyway', 'writs', 'memory', 'bref', 'inform', 'quick', 'factum', 'short-term', 'short-lived', 'mémoire', 'anyways', 'letter', 'short-', 'nutshell', 'memorandum', 'brefs']"
bright_aj,"['brilliant', 'guangming', 'brillantes', 'gloss', 'brightness', 'glossy', 'shiny', 'luminous', 'smart', 'promising', 'intelligent', 'radiant', 'auburn', 'clever', 'light', 'high-gloss', 'shining', 'rosy', 'glowing', 'vif', 'glittering', 'brite', 'sunny', 'brighter']"
brilliant_aj,"['bright', 'shiny', 'gloss', 'glossy', 'glorious', 'brillantes', 'splendid', 'awesome', 'excellent', 'glittering', 'briiliant', 'sparkly', 'resplendent', 'high-gloss', 'shining', 'great', 'guanghui', 'lustrous', 'brilliantly', 'fantastic', 'wonderful', 'smart', 'magnificent', 'glowing', 'outstanding', 'distinguished', 'amazing', 'clever', 'terrific', 'stellar', 'sparkling']"
broad_aj,"['wide', 'extensive', 'comprehensive', 'large', 'wide-ranging', 'vast', 'widespread', 'brett', 'general', 'broad-based', 'great', 'large-scale', 'major', 'big', 'far-reaching', 'extensively', 'overall', 'ample', 'extended', 'enlarged', 'wide-range', 'huge', 'broad-ranging', 'wide-scale', 'massive', 'expanded', 'broadly-based', 'widely']"
broken_aj,"['differenced', 'roto', 'debruised', 'shattered', 'broke', 'fractured', 'busted', 'breached', 'violated', 'rota', 'cracked', 'smashed', 'severed', 'damaged', 'interrupted', 'fracture', 'infringed', 'snapped', 'roasted', 'corrupted', 'break', 'breaking', 'quashed', 'raped']"
capable_aj,"['able', 'competent', 'ability', 'likely', 'capacity', 'incapable', 'unable']"
capitalist_aj,"['capitalistic', 'capitalism']"
careful_aj,"['cautious', 'prudent', 'attentive', 'thorough', 'attention', 'vigilant', 'meticulous', 'wary', 'conservative', 'carefully', 'conscientiously', 'circumspect', 'rigorous', 'detailed', 'caution', 'painstaking', 'precautionary', 'prudential', 'accurate', 'scrupulous', 'prudence', 'precise', 'observant', 'conscientious', 'watchful', 'earnestly']"
cast_aj,"['plaster', 'expressed', 'sunk', 'casting', 'die-cast', 'throw', 'moulded', 'threw', 'issued', 'thrown', 'shed', 'deposited', 'ctea', 'blown', 'alloying']"
casual_aj,"['occasional', 'non-daily', 'episodic', 'temporary', 'breezy', 'unforeseen', 'flippant', 'incidental', 'contingent', 'causal', 'unplanned', 'odd-job', 'nonchalant', 'infrequent', 'accidental', 'sporadic', 'adventitious', 'provisional']"
catholic_aj,"['catholique', 'católica', 'catholicism', 'katholieke', 'universiteit']"
celebrated_aj,"['famous', 'commemorated', 'solemnized', 'celebrates', 'held', 'marked', 'celebrate', 'observed', 'notorious', 'renowned']"
central_aj,"['amid', 'center', 'centre', 'centrale', 'core', 'pivotal', 'centralized', 'cbe', 'key', 'centralised', 'plant', 'main', 'essential', 'china-eu', 'middle', 'crucial', 'focal', 'sino-eu', 'centrally', 'fundamental', 'plants', 'downtown', 'heart', 'powerhouse', 'sino-european', 'powerplant', 'non-centralized', 'chung-ang', 'vital', 'rastra', 'amidst', 'station', 'china-europe', 'joongang', 'negara', 'střední', 'critical', 'zentrale', 'major']"
centralizing_aj,"['centralize', 'centralization', 'centralising', 'centralise', 'centralisation']"
centred_aj,"['focused', 'centered', 'focussed', 'concentrated']"
centromeric_aj,['centromere']
certain_aj,"['some', 'sure', 'specific', 'selected', 'particular', 'few', 'confident', 'convinced', 'determined', 'several', 'individual', 'safe', 'specified', 'number', 'secure', 'given']"
changing_aj,"['change', 'evolving', 'evolution', 'changes', 'ever-changing', 'modify', 'shifting', 'changed', 'amend', 'amending', 'modifying', 'changeable', 'altering', 'modification', 'shift', 'transforming', 'developments', 'transformation', 'alter', 'exchange']"
characteristic_aj,"['feature', 'characteristics', 'typical', 'features', 'trait', 'character-deﬁning', 'hallmark', 'distinctive', 'character-defining', 'character', 'attribute']"
chemical_aj,"['chemicals', 'chemistry', 'chimiques', 'chemische', 'químicas', 'chemically', 'química', 'chemist', 'chimie']"
chevy_aj,"['chevrolet', 'chev']"
chief_aj,"['head', 'leader', 'chef', 'director', 'boss', 'main', 'commander', 'principal', 'administrative', 'heads', 'jefe', 'minister', 'chairman', 'manager', 'sir', 'senior', 'steering', 'director-general', 'primary', 'jefa', 'chiefs', 'master', 'major', 'president', 'sarge', 'secretariat']"
choral_aj,['choir']
christian_aj,"['christians', 'chrétien', 'cristiana', 'christianity', 'kristen', 'cristiano', 'cristian', 'christiana', 'christin', 'christiano', 'protestantism', 'christiane']"
chronic_aj,"['chronicle', 'chronique', 'chronically', 'chronicles', 'chroniques', 'chronical', 'column', 'long-term', 'recurrent', 'persistent', 'perennial', 'long-standing', 'glimpse']"
circular_aj,"['circulars', 'bulletin', 'pie', 'circulaire', 'circulate', 'move', 'notice', 'bulletins', 'circumferential', 'flyers', 'handbills', 'flyer']"
civil_aj,"['civilian', 'civilians', 'calendar', 'civic', 'civile', 'public', 'marital', 'citizens', 'civili', 'folk', 'al-ahly', 'civiles', 'al-ahli', 'nongovernmental', 'civilised', 'citizen', 'madani', 'non-military', 'eligibility', 'civilized', 'people-to-people']"
classical_aj,"['classic', 'conventional', 'traditional', 'fever', 'plague', 'classics', 'typical']"
cleared_aj,"['cleaned', 'demined', 'acquitted', 'reconciled', 'erased', 'milled', 'removed', 'eliminated', 'acquittal', 'deleted', 'liquidated', 'authorized', 'offset']"
clinical_aj,"['clinic', 'clinics', 'clinique', 'cliniques', 'clinically', 'clinician', 'clinicians', 'medical']"
closed_aj,"['private', 'closed-door', 'closure', 'deprived', 'enclosed', 'locked', 'shut', 'close', 'concluded', 'sealed', 'clos', 'ended', 'closing', 'closed-type', 'suspended', 'fenced', 'p.mclosed', 'completed', 'closed-ended', 'closes', 'terminated', 'classified', 'a.mclosed', 'latched', 'closures', 'close-ended']"
coastal_aj,"['inshore', 'coast', 'littoral', 'onshore', 'riparian', 'nearshore', 'coastline', 'côte', 'coasts', 'shoreline', 'costal', 'port', 'seaside', 'offshore', 'near-shore', 'marine', 'in-shore', 'ribs']"
collective_aj,"['mass', 'collectif', 'collectively', 'colectivo', 'collectives', 'communal', 'common', 'multifamily', 'joint', 'group', 'multi-family', 'collaborative', 'collectively-owned', 'class-action', 'group-level', 'collegial', 'socially-owned', 'basket', 'gang']"
colonial_aj,"['colony', 'colonialist', 'colonialism', 'colonized', 'colonization', 'imperialist', 'colonies', 'semi-colonial', 'colonizing', 'decolonization']"
coloured_aj,"['colourful', 'stained', 'colour', 'colored', 'color', 'colorful', 'discolored', 'dyed', 'nonferrous', 'tinted']"
combined_aj,"['combination', 'combo', 'merged', 'coupled', 'combiné', 'conjugate', 'conjugated', 'joint', 'kombinované', 'locked', 'mixed', 'merger', 'blended', 'grouped', 'merge', 'consolidated', 'pooled', 'combines', 'handsets', 'lockup', 'lockups', 'total', 'periodic', 'cumulative', 'paired', 'together', 'cumulated', 'aggregated', 'common']"
comfortable_aj,"['comfy', 'cozy', 'convenient', 'cosy', 'uncomfortable', 'pleasant', 'uneasy', 'enjoyable', 'well-off']"
commercial_aj,"['trade', 'trading', 'business', 'commerce', 'comercial', 'commerciale', 'commerciales', 'pub', 'commercially', 'utilitarian', 'trade-related', 'shopping', 'commerical', 'business-related', 'mercantile', 'marketing']"
common_aj,"['joint', 'commons', 'shared', 'ordinary', 'mutual', 'frequent', 'single', 'commune', 'commun', 'jointly', 'communes', 'comune', 'collective', 'concerted', 'prevalent', 'commonplace', 'currents', 'current', 'unified', 'usual', 'widespread', 'uniform', 'común', 'general', 'κοινή', 'routine', 'gemeinsamen', 'municipalities', 'municipality', 'joined-up', 'communal', 'together', 'consolidated', 'commonly', 'co-', 'gemeinsame', 'share', 'combined', 'customary', 'commonality']"
communist_aj,"['communism', 'communists', 'kommounistiko', 'commie', 'cpc', 'komma']"
comparable_aj,"['similar', 'comparative', 'analogous', 'equivalent', 'compare']"
competitive_aj,"['competition', 'competitiveness', 'competing', 'concurrentiel', 'competitors', 'competitively', 'cost-competitive']"
complete_aj,"['full', 'comprehensive', 'completed', 'total', 'complement', 'completing', 'conclude', 'finalize', 'finish', 'complements', 'fill', 'entire', 'thorough', 'absolute', 'fulfill', 'fulfil', 'integrity', 'completes', 'supplement', 'exhaustive', 'finalise', 'completion', 'perform', 'whole', 'fully', 'populate', 'supplements', 'accomplish', 'perfect', 'end', 'finished', 'completely', 'kamel', 'meet', 'incomplete', 'fully-qualified']"
complex_aj,"['complicated', 'complexes', 'complexity', 'compound', 'sophisticated', 'intricate', 'difficult', 'complexe', 'plex', 'elaborate', 'challenging', 'cumbersome', 'convoluted', 'tricky', 'building', 'composite', 'sprawling', 'multifaceted']"
complicated_aj,"['complex', 'difficult', 'intricate', 'tricky', 'cumbersome', 'convoluted', 'compounded', 'sophisticated', 'challenging', 'messy', 'elaborate']"
comprehensive_aj,"['overall', 'complete', 'exhaustive', 'full', 'global', 'broad', 'detailed', 'extensive', 'thorough', 'all-round', 'general', 'holistic', 'wide', 'integral', 'comprehensively', 'integrated', 'in-depth', 'wide-ranging', 'all-out', 'mass', 'overarching', 'full-scale', 'aggregate', 'all-around', 'inclusive', 'consolidated', 'composite', 'end-to-end', 'far-reaching', 'total', 'all-encompassing', 'fully', 'vast', 'all-inclusive', 'all-embracing', 'complements', 'broad-based', 'entire', 'full-scope', 'sweeping', 'whole', 'widespread', 'large', 'globale', 'across-the-board', 'completes', 'omnibus', 'destruction', 'ample', 'enlarged']"
compulsory_aj,"['mandatory', 'obligatory', 'binding', 'non-compensatory', 'obligation', 'forced', 'required', 'coercive', 'obligations', 'peremptory', 'statutory', 'forcible', 'requirement', 'obliged']"
concerned_aj,"['interested', 'involved', 'worried', 'relevant', 'affected', 'preoccupied', 'stakeholders', 'disturbed', 'related', 'respective', 'competent', 'anxious', 'concern', 'on', 'question', 'issue', 'covered', 'relating', 'worrying', 'troubled', 'alarmed', 'implicated', 'referred', 'corresponding', 'concernés']"
concrete_aj,"['specific', 'tangible', 'practical', 'cement', 'particular', 'definite', 'real', 'actual', 'precise', 'action-oriented', 'substantive', 'factual', 'substantial']"
confident_aj,"['convinced', 'sure', 'confidence', 'self-confident', 'satisfied', 'certain', 'hopeful', 'safe', 'secure', 'trusting', 'trust', 'optimistic', 'certainty']"
confused_aj,"['confusing', 'muddled', 'disoriented', 'confounded', 'troubled', 'unclear', 'bewildered', 'perplexed', 'lost', 'confusion', 'disturbed', 'disorientated', 'puzzled', 'fuzzy', 'chaotic', 'mistaken', 'messy', 'boggled', 'woolly', 'disconcerted', 'baffled', 'garbled', 'stumped', 'restive']"
conscious_aj,"['aware', 'mindful', 'cognizant', 'recognizing', 'deliberate', 'consciously', 'realizing', 'conscience', 'conscientiously', 'conscientious', 'acknowledging']"
conservative_aj,"['curator', 'tory', 'prudent', 'curators', 'conservator', 'conservatism', 'cautious', 'governor', 'governorate', 'careful', 'preservative', 'governors', 'registrar']"
considerable_aj,"['significant', 'substantial', 'great', 'large', 'sizeable', 'huge', 'major', 'enormous', 'important', 'tremendous', 'big', 'remarkable', 'notable', 'much', 'extensive', 'massive', 'appreciable', 'serious', 'many', 'vast', 'sizable', 'immense', 'dramatic', 'considerably', 'strong', 'wide', 'high', 'noticeable', 'very']"
considered_aj,"['examined', 'reviewed', 'regarded', 'discussed', 'deemed', 'viewed', 'studied', 'seen', 'envisaged', 'felt', 'believed', 'consideration', 'judged', 'considers', 'contemplated', 'investigated', 'consider', 'explored', 'addressed', 'found', 'treated', 'estimated', 'looked', 'dealt', 'review', 'account', 'thought', 'perceived', 'tried', 'judicata', 'assessed']"
consistent_aj,"['coherent', 'compatible', 'uniform', 'cohesive', 'constant', 'uniforms', 'systematic', 'coherence', 'consistency', 'homogeneous', 'accordance', 'pursuant', 'congruent', 'supported', 'steady', 'concordant', 'consequent', 'homogenous', 'commensurate', 'uniformity', 'compliant', 'constants', 'logical', 'according', 'uniforme', 'concerted', 'unanimously', 'consonant', 'conformity', 'continuous', 'unanimous', 'inconsistent', 'continuing', 'coherently', 'consistently']"
constant_aj,"['steady', 'constants', 'continuous', 'continuing', 'ongoing', 'continued', 'permanent', 'consistent', 'continual', 'constantly', 'sustained', 'persistent', 'standing', 'stable', 'steadfast', 'on-going', 'continuously', 'incessant', 'perpetual', 'ever-present', 'unchanged', 'abiding', 'unwavering', 'fixed', 'relentless', 'regular', 'recurrent', 'lasting', 'enduring']"
constitutional_aj,"['constitution', 'constitutionnel', 'constitucional', 'constitutionality', 'constituent', 'constitutions', 'unconstitutional', 'institutional']"
contemporary_aj,"['contemporain', 'modern', 'contemporaneous', 'contemporaine', 'coeval', 'contemporaines', 'modern-day', 'hyundai', 'present-day', 'current']"
contemptuous_aj,"['derogatory', 'derisory']"
content_aj,"['contents', 'substance', 'contained', 'contenu', 'happy', 'contenido', 'tenor', 'elements', 'satisfied', 'connotation', 'material', 'concentration', 'glad', 'pleased']"
continental_aj,"['shelf', 'mainland', 'continent-wide', 'continentale', 'plateau', 'continent', 'platform', 'continental-scale', 'inland', 'tray', 'intercontinental', 'hemispheric']"
continued_aj,"['continuing', 'continuation', 'continuous', 'constant', 'continues', 'suite', 'ongoing', 'continue', 'sustained', 'result', 'pursued', 'persistent', 'remained', 'prosecuted', 'continual', 'followed', 'steady', 'resumed', 'further', 'maintained', 'permanent', 'following', 'persisted', 'persistence', 'on-going', 'cont', 'uninterrupted', 'lasted', 'add', 'pursuit', 'maintenance', 'wake', 'follow-up', 'wasel', 'follows', 'continuity', 'proceeded', 'continuously', 'kept', 'pursue', 'aftermath']"
continuing_aj,"['continuous', 'continued', 'continue', 'persistent', 'ongoing', 'constant', 'continues', 'permanent', 'sustained', 'continuation', 'persistence', 'continual', 'constants', 'steady', 'persisting', 'on-going', 'standing', 'continuously', 'pursuing', 'pursue', 'further', 'pursuit', 'lingering', 'continuity', 'incessant', 'consistent']"
continuous_aj,"['continuing', 'ongoing', 'continued', 'continues', 'constant', 'continual', 'uninterrupted', 'permanent', 'sustained', 'on-going', 'continuously', 'steady', 'persistent', 'lifelong', 'continue', 'consecutive', 'constants', 'constantly', 'continuity', 'standing', 'continually', 'fanfold', 'incessant', 'seamless', 'consistent', 'life-long']"
controversial_aj,"['contentious', 'disputed', 'contradictory', 'controversy', 'polemical', 'debatable', 'questionable', 'contested', 'divisive', 'conflicting', 'uncontroversial', 'dubious', 'disputable']"
convenient_aj,"['comfortable', 'commodus', 'practice', 'convenience', 'practical', 'facilitate', 'desirable', 'appropriate', 'easy', 'expedient', 'suitable', 'practices', 'user-friendly', 'useful', 'handy']"
conventional_aj,"['traditional', 'classical', 'classic', 'classics', 'treaty', 'treaty-based', 'mainstream', 'contractual', 'ordinary', 'fever', 'regular']"
convinced_aj,"['confident', 'persuaded', 'satisfied', 'sure', 'conviction', 'belief', 'certain', 'believed', 'convincing']"
cool_aj,"['cold', 'nice', 'fresh', 'sweet', 'cooling', 'fun', 'chill', 'super', 'cooi', 'great', 'awesome', 'groovy', 'calm', 'copasetic', 'copacetic', 'fraiche', '-cool', 'neat', 'coolio', 'hip', 'cooler', 'bad-ass', 'good', 'coolest']"
cooperative_aj,"['co-operative', 'cooperation', 'cooperatives', 'collaborative', 'co-op', 'coopérative', 'cooperativa', 'co-operatives', 'concerted', 'co-operation', 'collaboration', 'co-ops', 'cooperate', 'cooperativas']"
corporate_aj,"['departmental', 'ministerial', 'companies', 'business', 'enterprise', 'organizational', 'enterprises', 'corporations', 'company', 'institutional', 'integrated', 'societies', 'entrepreneurial', 'organisational', 'general', 'corporation', 'businesses', 'firms']"
correct_aj,"['rectify', 'right', 'proper', 'accurate', 'correcting', 'exact', 'remedy', 'correctly', 'redress', 'ok', 'good', 'true', 'appropriate', 'fix', 'correction', 'correctness', 'address', 'well-formed', 'fair', 'sound', 'adequate', 'corrects', 'corrected', 'precise', 'corrective', 'accuracy']"
crazy_aj,"['insane', 'mad', 'nuts', 'madman', 'madness', 'fool', 'lunatic', 'psycho', 'amazing', 'maniac', 'fou', 'screwy', 'loony', 'sick', 'foolish', 'wacky', 'crazed', 'insanity', 'loco', 'wild', 'kooky', 'wacko', 'demented', 'stir-crazy', 'hinky', 'nutty', 'brain-dead', 'screwball', 'folly', 'coot', 'barge', 'berserk', 'loca', 'senseless', 'wack', 'absurd', 'hysterical', 'silly', 'craze', '-crazy', 'craziness', 'stupid']"
created_aj,"['established', 'creates', 'creation', 'formed', 'generated', 'create', 'establishment', 'founded', 'developed', 'caused', 'built', 'designed', 'instituted', 'produced', 'introduced', 'inception', 'constituted']"
creative_aj,"['creativity', 'innovative', 'imaginative', 'creator', 'creators', 'creation', 'inventive', 'artistic', 'establishment']"
criminal_aj,"['penal', 'crime', 'criminals', 'pénale', 'criminal-law', 'felon', 'divisional', 'crimes', 'judicial', 'offence', 'pénales', 'offences', 'offenders', 'offender']"
critical_aj,"['crucial', 'essential', 'criticism', 'decisive', 'critique', 'vital', 'key', 'critic', 'criticisms', 'fundamental', 'critics', 'important', 'critiques', 'pivotal', 'indispensable', 'criticises', 'serious', 'core', 'basic', 'sensitive', 'major', 'critically', 'imperative', 'paramount', 'instrumental', 'determinants', 'significant', 'central']"
crucial_aj,"['critical', 'essential', 'decisive', 'vital', 'key', 'fundamental', 'important', 'pivotal', 'indispensable', 'imperative', 'central', 'paramount', 'basic', 'capital', 'instrumental', 'major', 'core', 'significant', 'determinant', 'necessary']"
cultural_aj,"['culture', 'culturally', 'culturelle', 'culturel', 'culturelles', 'culturels', 'cultures', 'culturales', 'culturali', 'culturais', 'cultivation', 'crop']"
curious_aj,"['strange', 'odd', 'inquisitive', 'nosey', 'curiosity', 'nosy', 'peculiar', 'bizarre', 'funny', 'weird', 'puzzling', 'intrigued', 'remarkable', 'interesting', 'interested']"
current_aj,"['present', 'existing', 'ongoing', 'currently', 'topical', 'present-day', 'today', 'prevailing', 'underway', 'actual', 'currents', 'contemporary', 'incumbent', 'up-to-date', 'on-going', 'common', 'routine', 'course', 'flow', 'presently', 'recent', 'quo', 'day-to-day', 'flows', 'day', 'updated', 'moment']"
daily_aj,"['day-to-day', 'everyday', 'journal', 'dailies', 'dili', 'day', 'newspaper', 'diario', 'valeur', 'ilbo', 'quotidien', 'diel', 'day-today', 'dayto-day', 'ribao', 'every-day', 'quotidienne', 'routine', 'diem', 'mainichi']"
damp_aj,"['wet', 'humid', 'moist', 'moisture', 'wetland', 'wet-type', 'humidity']"
dead_aj,"['death', 'deaths', 'died', 'die', 'killed', 'deceased', 'mort', 'dode', 'fatalities', 'penalty', 'casualties', 'gone', 'killing', 'kill', 'dying', '-dead', 'dies', 'mitt', 'goner', 'corpse', 'meta', 'lives']"
deadly_aj,"['lethal', 'fatal', 'mortal', 'murderous', 'bloody', 'killer', 'life-threatening', 'murderer', 'fatally', 'homicidal']"
deaf_aj,"['sourds', 'muffled', 'taub', 'deafness', 'deafened', 'thump', 'hearing-impaired']"
dear_aj,"['expensive', 'darling', 'honey', 'aziz', 'dearest', 'beloved', 'cher', 'sweetheart', 'al-aziz', 'azizi', 'sweetie', 'ladies', 'costly', 'dearly', 'baby', 'honourable', 'pricey', 'caro', 'esteemed', 'cherished', 'babe', 'estimated', 'dearie', 'hon', 'chers', 'cari', 'precious', 'sweet']"
decent_aj,"['dignified', 'worthy', 'respectable', 'proper', 'honest', 'digna', 'adequate', 'reasonable', 'fair', 'acceptable', 'humane', 'suitable', 'appropriate', 'good']"
decorative_aj,['ornamental']
deep_aj,"['profound', 'deeply', 'profoundly', 'grave', 'in-depth', 'root', 'depth', 'deep-seated', 'deep-rooted', 'thorough', 'serious', 'far-reaching', 'deepest', 'throat', 'great', 'sincere', 'heartfelt', 'depths', 'underlying', 'sham', 'strong', 'gravely', 'deep-sea', 'severe', 'shum', 'thoroughgoing', 'interstellar']"
deepening_aj,"['deepen', 'deepened', 'intensification', 'worsening', 'drilldown', 'strengthening', 'intensifying', 'in-depth', 'depth']"
defined_aj,"['defines', 'identified', 'define', 'definition', 'determined', 'set', 'specified', 'established', 'outlined', 'delineated', 'described', 'defining', 'definite', 'articulated', 'definitions', 'delimited', 'bounded']"
definite_aj,"['definitive', 'clear', 'specific', 'concrete', 'final', 'precise', 'defined', 'categorical', 'unequivocal', 'well-defined', 'firm']"
degenerate_aj,"['degenerated', 'geek', 'pervert']"
delicate_aj,"['sensitive', 'fragile', 'subtle', 'tricky', 'thorny', 'difficult', 'awkward', 'precarious', 'minute', 'vulnerable']"
delighted_aj,"['pleased', 'glad', 'happy', 'ravi', 'satisfied', 'welcome', 'thrilled', 'nice', 'charmed']"
democratic_aj,"['democracy', 'democrat', 'démocratique', 'démocratiques', 'congo', 'democrats', 'democrática', 'dprk', 'democrático', 'pdr', 'democratically', 'democratization', 'democractic', 'pro-democracy', 'démocratie', 'undemocratic']"
dependent_aj,"['dependant', 'dependents', 'dependants', '-dependent', 'addicted', 'reliant', 'dependence', 'dependency', 'subordinate', 'subsidiary', 'codependent', 'subsidiaries', 'daughter', 'tributary']"
depressed_aj,"['depressive', 'pressed', 'pisa', 'bummed', 'depression', 'despondent', 'depressor', 'disadvantaged', 'sunken']"
desirable_aj,"['advisable', 'undesirable', 'preferable', 'appropriate', 'convenient', 'desirability', 'expedient', 'desired', 'ideal', 'useful', 'welcome']"
desperate_aj,"['hopeless', 'despairing', 'dire', 'frantic', 'distraught', 'bereft', 'despair']"
destructive_aj,"['devastating', 'disastrous', 'subversive', 'damaging', 'destroyer', 'disruptive', 'destroyed', 'catastrophic', 'devastated', 'destruction', 'harmful', 'ruinous', 'detrimental', 'corrosive']"
detailed_aj,"['detail', 'comprehensive', 'thorough', 'in-depth', 'long-form', 'verbose', 'itemized', 'details', 'extensive', 'precise', 'granular', 'exhaustive', 'full', 'elaborate', 'specific', 'step-by-step', 'disaggregated', 'careful', 'line-by-line', 'elaborated', 'accurate', 'described']"
determined_aj,"['committed', 'specified', 'identified', 'decided', 'resolute', 'determine', 'defined', 'resolved', 'established', 'calculated', 'determines', 'fixed', 'decisive', 'determinate', 'set', 'determining', 'certain', 'measured', 'firm', 'solved', 'specific', 'found', 'concluded', 'particular', 'given', 'determination', 'ascertained', 'prepared', 'ruled', 'assessed']"
developed_aj,"['prepared', 'advanced', 'elaborated', 'designed', 'drafted', 'established', 'development', 'devised', 'formulated', 'develop', 'industrialized', 'evolved', 'produced', 'created', 'industrialised', 'well-developed', 'developing', 'finalized', 'elaborate', 'conceived', 'sophisticated', 'enacted', 'expanded', 'compiled', 'crafted', 'growth', 'grown', 'built', 'formulation', 'preparation', 'made']"
developing_aj,"['development', 'develop', 'developed', 'preparing', 'elaborating', 'formulating', 'drafting', 'designing', 'devising', 'emerging', 'elaborate']"
diabetic_aj,"['diabetics', 'diabetes']"
digestive_aj,"['digestion', 'gastrointestinal', 'gut', 'gi', 'tract', 'alimentary', 'digest', 'liqueur']"
digital_aj,"['numerical', 'numeric', 'digitized', 'numérique', 'cyber', 'figures', 'digitalized', 'digitised', 'fichero', 'digitally', 'scanned', 'digitization', 'electronic']"
dim_aj,"['imgs', 'img', 'bleak', 'sun', 'dimming', 'lol', 'blacked-out', 'gloomy', 'attenuate', 'attenuation', 'dimmer', 'dark', 'dimension']"
diplomatic_aj,"['diplomacy', 'diplomat', 'diplomatique', 'diplomats', 'foreign']"
direct_aj,"['directly', 'immediate', 'straightforward', 'first-hand', 'straight', 'live', 'face-to-face', 'forthright', 'straight-through', 'immediately', 'jab', 'indirect', 'on-line', 'outright']"
disabled_aj,"['handicapped', 'disability', 'disabilities', 'deactivated', 'disable', 'invalid', 'off', 'invalids', 'handicapés', 'incapacitated', 'maimed', 'pwds', 'crippled', 'de-activated', 'quiesced', 'in-valid']"
disappointed_aj,"['disappointing', 'disillusioned', 'bummed', 'frustrated', 'dashed', 'disappointment', 'disenchanted', 'unhappy']"
disparate_aj,"['nonsense', 'different', 'uneven', 'divergent', 'heterogeneous', 'mixed', 'diverse', 'disjointed', 'various', 'rubbish', 'unequal']"
disposable_aj,"['available', 'single-use']"
disputed_aj,"['contested', 'controversial', 'contentious', 'challenged', 'disputable', 'impugned', 'debatable', 'dispute', 'questioned', 'litigious']"
dissident_aj,"['dissenting', 'renegade', 'splinter', 'breakaway', 'nonconformist', 'separatist', 'opposer', 'dissent', 'defector']"
distant_aj,"['remote', 'far-off', 'faraway', 'far', 'aloof', 'distance', 'elusive', 'outlying', 'far-away', 'far-flung']"
distasteful_aj,"['unpleasant', 'tasteless', 'tacky', 'disagreeable', 'repugnant', 'disgusting', 'unsavoury', 'repulsive', 'off-putting']"
distinct_aj,"['separate', 'different', 'distinctive', 'discrete', 'differentiated', 'unique', 'various', 'distinguished', 'clear', 'net', 'distinguishing', 'separated']"
distinctive_aj,"['distinguishing', 'distinct', 'distinguished', 'separate', 'unique', 'characteristic', 'specific']"
distressing_aj,"['painful', 'worrying', 'disturbing', 'harrowing', 'agonizing', 'sad', 'alarming', 'agonising', 'troubling', 'regrettable', 'stressful', 'depressing', 'worrisome', 'disheartening', 'deplorable', 'disquieting', 'disappointing', 'shocking']"
divisional_aj,"['division', 'divisions', 'subzone', 'criminal', 'district', 'ofﬁcer']"
domestic_aj,"['internal', 'national', 'inland', 'local', 'interior', 'internally', 'household', 'inner', 'family', 'home', 'indoor', 'residential', 'in-house', 'procedure', 'inside', 'intra-family', 'conjugal', 'spousal', 'homeland', 'canadian', 'intra-familial', 'families', 'in-country', 'intra-state', 'nationals', 'domesticated', 'single', 'home-based', 'nationale', 'mainland']"
domesticated_aj,['domestic']
dominant_aj,"['predominant', 'prevailing', 'overriding', 'mainstream', 'prevalent', 'leading', 'main', 'pervasive', 'prominent', 'preponderant', 'overarching', 'paramount', 'domineering']"
double_aj,"['dual', 'twofold', 'twice', 'twin', 'two-fold', 'duplicate', 'doubling', 'redouble', 'doubles', 'two-pronged', 'doubly', '2x', 'doppelganger', 'doubled', 'two-up', 'bend', 'twin-track', 'two-track', 'dual-track', 'duplicating', 'double-decked', 'fold', 'double-', 'doble', 'two-tier', 'duplication', 'two-factor', 'dual-', 'double-cross']"
downright_aj,"['frankly', 'absolutely', 'simply', 'totally', 'completely']"
dramatic_aj,"['spectacular', 'tragic', 'drastic', 'drama', 'radical', 'impressive', 'dramas', 'terrible', 'sharp', 'phenomenal', 'remarkable', 'tremendous', 'dire', 'theatrical', 'enormous', 'disastrous', 'considerable', 'striking', 'significant']"
dreaded_aj,"['fearsome', 'formidable', 'daunting', 'terrible']"
drunk_aj,"['bu', 'drunkard', 'intoxicated', 'drunken', 'shit-faced', 'hrti', 'drinker', 'inebriated', 'boozer', 'pissed', 'hammered', 'drunkenness', 'plastered', 'drank', 'drink', 'juicer', 'rummy', 'alcoholic', 'stuffed', 'drinking', 'wasted']"
due_aj,"['owing', 'attributable', 'because', 'duly', 'proper', 'appropriate', 'payable', 'owed', 'thanks', 'cause', 'maturity', 'properly', 'adequate', 'expiry', 'expiration', 'attributed', 'expected', 'chargeable', 'given', 'suitable', 'appropriately', 'adequately']"
dull_aj,"['boring', 'monotonic', 'monotonous', 'tedious', 'drab', 'uninspiring', 'annoying', 'razor', 'lacklustre', 'dreary', 'mat', 'blunt', 'colourless', 'tiresome']"
dynamic_aj,"['dynamics', 'vibrant', 'dynamism', 'dynamical', 'momentum', 'proactive', 'dynamically', 'dynamique', 'aggressive', 'active', 'energetic', 'vigorous', 'pivot', 'vitality', 'pro-active', 'impetus', 'strong', 'lively', 'assertive']"
eager_aj,"['anxious', 'impatient', 'keen', 'enthusiastic', 'willing', 'desirous', 'greedy', 'avid', 'excited', 'ardent']"
economic_aj,"['economy', 'economical', 'economically', 'financial', 'économique', 'economics', 'cost-effective', 'economies', 'économiques', 'economica', 'económico', 'economische', 'cost-efficient', 'económicos', 'economisch', 'económicas', 'socio-economic', 'wirtschafts-', 'conomique']"
educational_aj,"['education', 'pedagogical', 'teaching', 'educative', 'instructional', 'pedagogic', 'school', 'didactic', 'learning', 'educativa', 'éducatifs', 'academic', 'pédagogique', 'training', 'tutelary', 'instruction', 'educate', 'schooling', 'educating']"
effective_aj,"['efficient', 'effectively', 'effectiveness', 'actual', 'efficiently', 'valid', 'efficacious', 'efficiency', 'successful', 'cash', 'workforce', 'real', 'efficacy', 'effect', 'efﬁcient', 'powerful', 'good', 'active', 'useful', 'ineffective', 'genuine', 'meaningful', 'force', 'cost-effective', 'well-functioning', 'strength', 'eﬀective', 'starting']"
efficient_aj,"['effective', 'efficiency', 'efficiently', 'effectively', 'effectiveness', 'cost-effective', 'well-functioning', 'efficacious', 'rational', 'high-efficiency', 'successful', 'energy-efficient', 'efficacy']"
elderly_aj,"['older', 'seniors', 'elders', 'old', 'aged', 'age', 'ageing', 'senior', 'old-age', 'elder', 'elderlies']"
electoral_aj,"['election', 'elections', 'electors', 'voter', 'voting', 'pre-election', 'voters', 'polling', 'wyborcza', 'elect']"
electric_aj,"['electrical', 'electricity', 'power', 'motor-driven', 'électriques', 'electrique', 'elektra', 'električne']"
electrical_aj,"['electric', 'electricity', 'power', 'električne', 'électriques', 'électrique', 'electricians', 'electronic']"
electronic_aj,"['electronics', 'electronically', 'electron', 'e-mail', 'électronique', 'e-', 'email', 'électroniques', 'elettronica', 'online', 'computerized', 'e-based', 'on-line', 'e-commerce', 'digital', 'electrical']"
elegant_aj,"['stylish', 'sleek', 'elegance', 'classy', 'tasteful', 'handsome', 'glossy', 'graceful', 'fancy', 'overdressed', 'smart', 'well-formed']"
emotional_aj,"['affective', 'emotive', 'psychological', 'sentimental', 'emotions', 'mental', 'unemotional']"
empirical_aj,"['anecdotal', 'experimental', 'evidence-based', 'pilot']"
employed_aj,"['employee', 'employees', 'used', 'hired', 'employment', 'recruited', 'occupied', 'employable', 'engaged', 'worked', 'utilized', 'job']"
encouraging_aj,"['encourage', 'heartening', 'encouraged', 'encourages', 'encouragement', 'promoting', 'promising', 'fostering', 'promote', 'gratifying', 'stimulating', 'foster', 'inspiring', 'hopeful', 'promotion', 'reassuring', 'positive', 'incentive']"
endless_aj,"['interminable', 'never-ending', 'infinite', 'unending', 'inexhaustible', 'unlimited', 'eternal', 'countless', 'limitless', 'drawn-out', 'boundless', 'bottomless', 'innumerable', 'unfathomable', 'long-drawn-out', 'protracted', 'lengthy', 'ceaseless', 'long-winded']"
enjoyable_aj,"['pleasant', 'agreeable', 'pleasurable', 'nice', 'fun', 'pleasing', 'comfortable']"
entire_aj,"['whole', 'full', 'any', 'integer', 'all', 'complete', 'together', 'total', 'overall', 'entirety', 'comprehensive', 'every', 'everything', 'set']"
entitled_aj,"['titled', 'title', 'right', 'law', 'called', 'heading', 'empowered', 'authorized', 'eligible', 'intitulé', 'droit', 'headlined', 'authorised', 'headed']"
entrenched_aj,"['rooted', 'deep-rooted', 'ingrained', 'anchored', 'deep-seated', 'embedded', 'enshrined', 'grounded']"
environmental_aj,"['environment', 'ecological', 'ambiental', 'environnementale', 'ambient', 'environmentally', 'green', 'empty', 'environments', 'environment-related', 'ambientales', 'environnemental', 'environmentally-friendly', 'environ-mental']"
equivalent_aj,"['equivalents', 'equal', 'tantamount', 'equivalence', 'corresponding', 'counterpart', 'similar', 'equivalency', 'amounting', 'comparable', ""'equivalente"", 'equiv', 'same', 'eq']"
essential_aj,"['vital', 'indispensable', 'crucial', 'critical', 'fundamental', 'key', 'basic', 'necessary', 'important', 'imperative', 'core', 'main', 'pivotal', 'central', 'major', 'integral', 'substantial', 'paramount', 'primary', 'mission-critical', 'bulk', 'instrumental', 'needed', 'significant', 'decisive', 'essence', 'required', 'indispensible']"
established_aj,"['created', 'prepared', 'set', 'formed', 'establishment', 'instituted', 'developed', 'determined', 'establish', 'fixed', 'defined', 'introduced', 'founded', 'well-established', 'identified', 'establishing', 'constituted', 'built', 'compiled', 'based', 'prescribed', 'implemented', 'creation', 'launched', 'provided', 'stipulated', 'produced', 'made', 'initiated', 'settled', 'installed', 'located', 'forged', 'specified', 'laid', 'generated', 'formulated', 'enshrined']"
estimated_aj,"['estimate', 'estimates', 'calculated', 'calculates', 'esteemed', 'assessed', 'evaluated', 'estimation', 'felt', 'valued', 'approximate', 'approximately', 'believed', 'considered', 'appraised', 'projected', 'forecast', 'computed', 'estimating', 'dear', 'view', 'deemed', 'discretionary']"
eternal_aj,"['everlasting', 'timeless', 'undying', 'perpetual', 'perennial', 'endless', 'never-ending', 'unending', 'forever', 'immortal', 'incorruptible', 'permanent']"
ethnic_aj,"['ethnical', 'racial', 'ethnically', 'ethnicity', 'inter-ethnic', 'ethniques', 'strain', 'race', 'national', 'ethic', 'nation']"
european_aj,"['europe', 'eu', 'europeans', 'européenne', 'européen', 'europea', 'europeo', 'européennes', 'europäische', 'europe-wide', 'europäischen', 'europejskiego', 'europäisches', 'europeu', 'europejski']"
evident_aj,"['obvious', 'clear', 'apparent', 'manifest', 'self-evident', 'visible', 'noticeable', 'blatant', 'glaring', 'flagrant', 'overt', 'conspicuous']"
evil_aj,"['bad', 'scourge', 'diabolical', 'maleficent', 'wicked', 'evil-doing', 'wrong', 'poorly', 'vicious', 'nefarious', 'perverse', 'demon', 'badly', 'sinister', 'malicious', 'malignant', 'hurt', 'devil', 'devilish', 'onda', 'harm', 'viciousness', 'wickedness', 'demonic', 'draconian', 'diabolic', 'heinous', 'vile', 'mal', 'malign', 'malevolent', 'sin', 'ill', 'pernicious']"
exact_aj,"['accurate', 'precise', 'correct', 'exactly', 'specific', 'closed-form', 'true', 'right']"
excellent_aj,"['splendid', 'outstanding', 'good', 'wonderful', 'magnificent', 'superb', 'sterling', 'great', 'fine', 'remarkable', 'brilliant', 'first-rate', 'perfect', 'exceptional', 'exceilent', 'fantastic', 'excellence', 'first-class', 'admirable', 'marvellous', 'extraordinary', 'excellency', 'distinguished', '-excellent', 'terrific']"
exceptional_aj,"['extraordinary', 'outstanding', 'unique', 'special', 'unusual', 'excellent', 'one-off', 'exception', 'rare', 'remarkable', 'signiﬁcance', 'extreme', 'superb', 'exceptions', 'one-time']"
excessive_aj,"['undue', 'excess', 'exaggerated', 'inordinate', 'disproportionate', 'unreasonable', 'exorbitant', 'over-', 'extravagant', 'extreme', 'overblown']"
excited_aj,"['horny', 'psyched', 'enthusiastic', 'thrilled', 'packaged', 'happy', 'aroused', 'impatient', 'exciting', 'excite', 'febrile', 'agitated', 'pleased', 'nervous', 'eager', 'pumped']"
exclusive_aj,"['proprietary', 'sole', 'unique', 'exclusivity', 'exclusionary', 'exclusively', 'franchised', 'sole-source', 'only', 'dedicated']"
existing_aj,"['current', 'present', 'available', 'extant', 'prevailing', 'chargé', 'existent', 'list', 'ongoing', 'pre-existing', 'exist', 'al-qaem', 'already-existing', 'roster']"
expected_aj,"['anticipated', 'planned', 'hoped', 'projected', 'waited', 'foreseen', 'desired', 'awaited', 'scheduled', 'intended', 'envisaged', 'wait', 'predicted', 'should', 'forecast', 'hoped-for', 'expectations', 'waiting', 'expects', 'predictable', 'forecasted', 'provided', 'looked', 'due', 'foreseeable', 'prescribed', 'likely']"
expensive_aj,"['costly', 'dear', 'onerous', 'cher', 'cara', 'burdensome', 'exorbitant', 'high-cost', 'pricey', 'high', 'precious', 'beloved', 'dearest', 'cherished', 'high-priced', 'cheap']"
experienced_aj,"['seasoned', 'suffered', 'undergone', 'encountered', 'known', 'lived', 'experience', 'seen', 'witnessed', 'experimented', 'faced', 'senior', 'tested', 'underwent', 'recorded', 'veteran', 'registered', 'endured', 'piloted', 'knowledgeable', 'been', 'saw']"
experimental_aj,"['investigational', 'pilot', 'sperimentale', 'laboratory', 'experimentation', 'experiment', 'experiential', 'test', 'empirical', 'trial', 'lab']"
explicit_aj,"['explicitly', 'express', 'clear', 'self-explanatory', 'unequivocal', 'frank', 'specific', 'expresses', 'straightforward', 'candid', 'clear-cut', 'unambiguous']"
exposed_aj,"['presentations', 'briefings', 'outlined', 'vulnerable', 'presentation', 'briefing', 'exposure', 'submissions', 'prone', 'exhibited', 'incurred', 'exhibition', 'described', 'susceptible', 'revealed', 'subjected', 'displayed', 'explanatory', 'lectures', 'presented', 'expounded']"
extensive_aj,"['broad', 'wide', 'comprehensive', 'wide-ranging', 'widespread', 'vast', 'intensive', 'in-depth', 'large-scale', 'large', 'extended', 'thorough', 'far-reaching', 'exhaustive', 'extensively', 'detailed', 'broad-based', 'lengthy', 'long', 'extenso', 'massive', 'considerable', 'intense', 'abundant', 'ample', 'enlarged', 'expanded', 'significant', 'wide-range', 'substantial', 'huge', 'major', 'important', 'many', 'great', 'long-form', 'non-intensive']"
external_aj,"['foreign', 'outer', 'outside', 'exterior', 'outdoor', 'externally', 'extérieures', 'outpatient', 'extraneous', 'externa', 'extérieure', 'outward', 'field', 'outboard', 'estero', 'overseas', 'exogenous', 'externe', 'inward', 'extérieur', 'out-patient', 'off-site', 'exteriores']"
extraordinary_aj,"['exceptional', 'special', 'unusual', 'non-recurring', 'remarkable', 'outstanding', 'tremendous', 'amazing', 'extra', 'extraordinaire', 'wonderful', 'spec-tacular', 'superb', 'incredible', 'excellent', 'extra-ordinary', 'fantastic', 'unique', 'strange', 'extreme', 'astonishing', 'phenomenal']"
extravagant_aj,"['outlandish', 'flamboyant', 'fanciful', 'luxurious', 'wasteful', 'bizarre', 'excessive']"
extreme_aj,"['extremes', 'abject', 'extremist', 'ends', 'extremely', 'utmost', 'dire', 'absolute', 'radical', 'far', 'severe', 'end', 'exceptional', 'endpoints', 'paramount', 'extraordinary', 'acute', 'very', 'excessive']"
faint_aj,"['pale', 'low-intensity', 'low', 'weak']"
fair_aj,"['equitable', 'just', 'impartial', 'honest', 'loyal', 'fairness', 'equity', 'leal', 'even-handed', 'adel', 'reasonable', 'feria', 'right', 'justas', 'equal', 'equitably', 'salon', 'unfair', 'fairly', 'clean', 'justo', 'decent', 'upright', 'correct', 'unbiased', 'justice', 'foire', 'nazih', 'exhibition', 'fair-minded', 'regular', 'balanced', 'impartiality', 'righteous', 'expo', 'proper']"
familiar_aj,"['known', 'familiarize', 'well-known', 'conversant', 'mundane', 'colloquial', 'unfamiliar', 'aware', 'family', 'accustomed']"
fascinating_aj,"['intriguing', 'exciting', 'riveting', '-fascinating', 'interesting', 'compelling', 'amazing', 'mesmerizing', 'glamorous', 'captivating', 'mind-blowing']"
favourable_aj,"['conducive', 'favorable', 'positive', 'enabling', 'supportive', 'favour', 'beneficial', 'advantageous', 'propitious', 'favourably', 'good', 'satisfactory', 'favor', 'support', 'preferential', 'sympathetic', 'friendly', 'auspicious', 'concessionary', 'benign']"
fearsome_aj,"['terrifying', 'daunting', 'formidable', 'frightening', 'dreaded', 'scary', 'redoubtable', 'terrible']"
federal_aj,"['fédéral', 'federation', 'federative', 'federally', 'fannie', 'fédérale', 'dominion', 'fã', 'federalism', 'federalist', 'canada', 'government', 'federated', 'service-wide']"
fellow_aj,"['colleagues', 'colleague', 'companions', 'awardee', 'guy', 'compatriots', 'ladies', 'compatriot', 'other', 'gentlemen', 'honourable', 'co-workers', 'type']"
female_aj,"['women', 'females', 'woman', 'feminine', 'mutilation', 'wife', 'féminin', 'girls', 'girl', 'femmes', 'female-dominated']"
festive_aj,"['holiday', 'festival', 'celebratory', 'bustling', 'joyous']"
fetal_aj,"['foetal', 'fetus', 'intrauterine', 'foetus', 'intra-uterine']"
fierce_aj,"['ferocious', 'violent', 'intense', 'heated', 'pitched', 'vicious', 'stiff', 'keen', 'tough', 'vehement', 'savage', 'cut-throat', 'severe', 'heavy', 'bitter', 'drastic', 'strong', 'harsh', 'virulent', 'sharp']"
financial_aj,"['finance', 'fiscal', 'financials', 'economic', 'financing', 'monetary', 'financière', 'funding', 'ﬁnancial', 'finances', 'budgetary', 'mali', 'financiers', 'financier', 'finanziaria', 'financiero', 'capital', 'financially', 'pecuniary', 'financiera']"
finding_aj,"['find', 'conclusion', 'conclusions', 'findings', 'search', 'discovery', 'found', 'research', 'seeking', 'locate', 'discovering', 'verdict', 'searching', 'outcome', 'observation', 'identifying']"
fine_aj,"['good', 'beautiful', 'well', 'fines', 'okay', 'excellent', 'perfect', 'nice', 'penalty', 'bellas', 'ﬁne', 'fina', 'ok', 'end', 'right', 'alright', 'purposes', 'wonderful', 'fine-sounding', 'splendid', 'thin', 'lovely', 'pretty', 'belle', 'great', 'bella', 'handsome', 'fined', 'amends']"
finite_aj,"['finished', 'limited', 'finis', 'finish', 'restricted', 'over', 'finishes']"
firm_aj,"['strong', 'company', 'solid', 'farm', 'resolute', 'undertaking', 'steadfast', 'enterprise', 'farms', 'business', 'robust', 'firmness', 'staunch', 'strict', 'decisive', 'cabinet', 'unwavering', 'corporation', 'shut', 'fermi', 'resolutely', 'determined', 'ferme', 'fixed', 'unswerving', 'firmly', 'tough', 'companies', 'stable', 'sound', 'vigorous', 'strongly', 'steady', 'society', 'signature', 'forceful', 'farmhouse', 'office', 'definite', ""'entreprise"", 'enterprises', 'stringent', 'close', 'venture']"
fitted_aj,"['installed', 'mounted', 'equipped', 'adjusted', 'assembled', 'installation', 'ridden', 'installing', 'powered']"
fixed_aj,"['stationary', 'set', 'open-end', 'freeze', 'sets', 'established', 'determined', 'flat', 'repaired', 'static', 'fixes', 'firm', 'fixed-line', 'affixed', 'attached', 'flat-rate', 'corrected', 'steady', 'fix', 'constant', 'specified', 'locked-in', 'lump-sum', 'stable', 'permanent', 'landline']"
flat_aj,"['apartment', 'flats', 'dish', 'units', 'plat', 'steadies', 'fixed', 'flat-rate', 'stable', 'plate', 'unchanged', 'lump-sum', 'condo', 'planar', 'unit', 'forearm', 'steady', 'flat-head', 'uniform', 'flatbed', 'dishes', 'planas', 'plain', 'platter']"
fleshy_aj,"['succulent', 'juicy']"
flexible_aj,"['flexibility', 'flex', 'flexibly', 'adaptable', 'responsive', 'ﬂexible', 'agile', 'soft', 'pliable', 'versatile', 'resilient', 'nimble', 'supple', 'adaptive', 'floppy', 'smooth']"
flying_aj,"['flight', 'vol', 'hovering', 'fei', 'steal', 'pilotage', 'stealing', 'flights', 'hover', 'aviation', 'fly', 'wheel', 'hovers', 'theft', 'in-flight', 'beating', 'flies', 'circling', 'plane', 'flyers', 'overflying']"
following_aj,"['follows', 'after', 'next', 'hereinafter', 'below', 'subsequent', 'seq.', 'wake', 'hereafter', 'continued', 'aftermath', 'seq', 'ensuing', 'later', 'according', 'suivant', 'suite']"
foreign_aj,"['external', 'foreigners', 'alien', 'aliens', 'overseas', 'foreigner', 'outer', 'diplomatic', 'stranger', 'outside', 'abroad', 'state', 'diplomacy', 'exterior', 'étrangers', 'expatriate', 'outdoor', 'strangers', 'outboard', 'foreign-owned', 'exteriores', 'offshore', 'etrangères', 'foreign-based', 'extraneous', 'inward', 'non-canadian', 'international', 'non-national', 'field', 'outlander', 'outward', 'non-citizens', 'foreign-funded', 'estero']"
forged_aj,"['counterfeit', 'falsified', 'false', 'fake', 'forgery', 'faked', 'counterfeited', 'fabricated', 'woven', 'adulterated', 'fraudulent', 'forges', 'wrought', 'shaped', 'forging', 'counterfeiting', 'established', 'bogus']"
forgiving_aj,"['indulgent', 'lenient', 'ghafoor', 'tolerant', 'compassionate', 'ghafour']"
formal_aj,"['official', 'officially', 'structured', 'formally', 'solemn', 'formalized', 'officer', 'journal', 'oficial', 'ofﬁcial', 'officielle', 'officiel', 'academic', 'formula', 'informal', 'regular', 'officers']"
formative_aj,"['summative', 'diagnostic', 'training', 'schoolnet', 'reflex']"
forthcoming_aj,"['next', 'coming', 'upcoming', 'imminent', 'future', 'impending', 'ahead', 'incoming', 'near']"
fragmentary_aj,"['fragmented', 'piecemeal', 'patchy']"
frail_aj,"['fragile', 'weak', 'humble', 'brittle']"
frequent_aj,"['recurrent', 'prevalent', 'frequently', 'repeated', 'common', 'regular', 'frequency', 'often', 'asked', 'commonplace', 'infrequent']"
frightened_aj,"['scared', 'afraid', 'fear', 'terrified', 'scary', 'worried', 'startled', 'bang', 'spooked']"
full_aj,"['fully', 'complete', 'comprehensive', 'total', 'entire', 'fully-fledged', 'whole', 'completely', 'full-fledged', 'integral', 'plenary', 'entirely', 'kamel', 'plein', 'totally', 'thorough', 'wholehearted', 'all', 'adequate', 'detailed', 'plenty', 'complements', 'full-', 'absolute', 'comprehensively', 'wholly', 'all-round', 'lots', 'exhaustive', 'maximum', 'plenum', 'sufficient', 'entirety', 'fullest', 'full-scale', 'pleine', 'completes', 'overall', 'adequately', 'unqualified', 'any', 'midst']"
functional_aj,"['technical', 'operational', 'substantive', 'functioning', 'assistive', 'techniques', 'functions', 'functionally', 'fonctionnelle', 'workable', 'organizational', 'function', 'organic', 'operable', 'funcl', 'functionality', 'well-functioning', 'career']"
fundamental_aj,"['basic', 'essential', 'key', 'core', 'crucial', 'vital', 'critical', 'underlying', 'root', 'main', 'primary', 'fondamentaux', 'foundational', 'central', 'radical', 'elementary', 'human', 'pivotal', 'major', 'important', 'substantive', 'paramount', 'substantial', 'cardinal', 'fundamentals', 'founding', 'basically', 'overarching', 'instrumental']"
gastric_aj,"['stomach', 'reflux']"
gay_aj,"['homo', 'gays', 'homosexual', 'gai', 'cheerful', '-gay', 'faggot', 'same-sex', 'queer', 'gaya', 'lesbian', 'comrade', 'fag', 'jha', 'gaye', 'merrily', 'jay', 'comrades', 'merry']"
general_aj,"['overall', 'comprehensive', 'public', 'gen.', 'broad', 'générale', 'général', 'generally', 'secretary-general', 'plenary', 'overarching', 'generic', 'generals', 'year', 'generalised', 'whole', 'large', 'blanket', 'gerais', 'assembly', 'universal', 'ordinary', 'corporate', 'allgemeine', 'widespread', 'background', 'grand', 'algemene', 'generalized', 'gã', 'common', 'omnibus', 'mainstream', 'generali', 'geral', 'générales', 'global', 'across-the-board', 'total', 'overhead', 'executive']"
generous_aj,"['généreux', 'generously', 'bountiful', 'generosity', 'unstinting', 'unselfish', 'magnanimous', 'selfless']"
genetic_aj,"['genetics', 'gene', 'génétique', 'hereditary', 'dna', 'génétiques', 'genes', 'genetically', 'gene-based', 'linkage']"
gentle_aj,"['sweet', 'soft', 'mild', 'fresh', 'nice', 'soft-spoken', 'moderate', 'smooth']"
genuine_aj,"['real', 'true', 'authentic', 'veritable', 'actual', 'sincere', 'truly', 'vera', 'original', 'genuinely', 'honest', 'proper', 'meaningful', 'effective', 'really', 'al-sadeq', 'heartfelt']"
geographical_aj,"['geographic', 'geographically', 'geography', 'spatial']"
giant_aj,"['gigante', 'géant', 'giants', 'reus', 'gigantic', 'magnate', 'huge', 'bellwether', 'enormous', 'jumbo', 'mega', 'mammoth', 'colossus', 'titan', 'redcedar', 'juggernaut', 'phat', 'mogul', 'awesome', 'immense', 'massive']"
given_aj,"['granted', 'provided', 'awarded', 'accorded', 'seen', 'received', 'particular', 'offered', 'data', 'considering', 'paid', 'made', 'yielded', 'issued', 'donated', 'assigned', 'administered', 'delivered', 'determined', 'afforded', 'conferred', 'allocated', 'entrusted', 'taken', 'supplied', 'specified', 'due', 'attributed', 'been', 'presented', 'placed', 'submitted', 'certain']"
glassy_aj,"['vitreous', 'flint']"
global_aj,"['world', 'overall', 'worldwide', 'comprehensive', 'globally', 'universal', 'planetary', 'international', 'world-wide', 'holistic', 'aggregate', 'overarching', 'globalised', 'globalized', 'mondial', 'mundial', 'mondiale', 'globe', 'universality', 'headline', 'general', 'consolidated', 'globalization', 'total', 'global-level']"
golden_aj,"['gold', 'doré', 'gouden', 'kim', 'walleye', 'dorado', 'gilded', 'pickerel']"
governing_aj,"['guiding', 'regulating', 'administration', 'ruling', 'management', 'executive', 'governors', 'directors', 'governance', 'rector', 'administrative', 'director', 'provision', 'steering', 'government', 'relating', 'department', 'applicable', 'admin', 'judgement', 'ruler', 'verdict']"
grand_aj,"['great', 'large', 'big', 'bricks', 'major', '000', 'grandiose', 'tall', 'grande', 'resplendent', 'magnificent', 'general', 'wide', 'vast', 'high', 'tai', 'brick', 'hongwei', 'huge']"
grateful_aj,"['thankful', 'recognizing', 'appreciative', 'acknowledging', 'indebted', 'pleased', 'obliged', 'recognising', 'glad', 'happy']"
greek_aj,"['greeks', 'greece', 'greco', 'ελληνικές', 'greek-cypriot', 'hellenic', 'cypriot', 'kommounistiko']"
green_aj,"['verde', 'greens', 'verts', 'ecological', 'verte', 'lakhdar', 'vert', 'greening', 'groene', 'grüne', 'akhdar', 'groen', 'environmentally-friendly', 'al-akhdar', 'tsing', 'verdi', 'environmental', 'zielona', 'greene', 'al-khadra', 'greenery', 'verdean', 'al-khader', 'ecologist', 'grünen', 'archer', 'pan-green', 'eco-friendly', 'afforestation']"
gross_aj,"['crude', 'raw', 'flagrant', 'rough', 'brute', 'bruto', 'blatant', 'serious', 'disgusting', 'total', 'grave', 'bully', 'mao', 'glaring', 'unworked', 'macroscopic', 'brutal', 'severe', 'coarse', 'egregious', 'bullies', 'grossed-up']"
ground_aj,"['field', 'soil', 'land', 'terrestrial', 'terrain', 'earth', 'sol', 'ground-based', 'land-based', 'underground', 'reason', 'mass', 'floor', 'berri', 'masa', 'haché', 'basis', 'destruction', 'motif', 'estate', 'ﬁeld', 'groundwork', 'motive', 'terra', 'grounding', 'situ', 'sun', 'surface', 'wild', 'soils', 'loco', 'spot', 'area', 'territory', 'veld', 'land-mines', 'overland', 'land-', 'place', 'subsurface', 'birri']"
growing_aj,"['increasing', 'rising', 'growth', 'ever-increasing', 'increased', 'cultivation', 'ever-growing', 'expanding', 'mounting', 'increase', 'widening', 'croissant', 'increasingly', 'escalating', 'burgeoning', 'booming', 'crescent', 'culture', 'grow', 'cultivating']"
guilty_aj,"['guilt', 'culpable', 'culprit', 'culpability', 'responsible', 'perpetrator', 'offender', 'convicted', 'comet', 'unsub', 'blame']"
handwritten_aj,"['hand-written', 'manuscript', 'written']"
harmful_aj,"['detrimental', 'damaging', 'injurious', 'adverse', 'deleterious', 'noxious', 'prejudicial', 'pernicious', 'hazardous', 'dangerous', 'negative', 'pests', 'nuisance', 'pest', 'destructive', 'bad', 'toxic', 'unhealthy', 'nefarious', 'malicious', 'disruptive', 'counterproductive']"
harmless_aj,"['innocuous', 'inoffensive', 'non-hazardous', 'benign', 'safe', 'innocent', 'helpless', 'environmentally', 'non-dangerous']"
harsh_aj,"['tough', 'hard', 'severe', 'cruel', 'stringent', 'strict', 'rigorous', 'dura', 'difficult', 'grim', 'brutal', 'draconian', 'stark', 'strongly-worded', 'stiff', 'rough', 'bitter', 'hostile', 'fierce', 'sharp', 'heavy', 'rude']"
healing_aj,"['cure', 'resourcing', 'recovery', 'curative', 'curing', 'appeasement', 'heal', 'healer', 'scarring']"
helpful_aj,"['useful', 'beneficial', 'valuable', 'worthwhile', 'meaningful', 'instrumental', 'handy']"
historic_aj,"['historical', 'landmark', 'history', 'historique', 'background', 'historiques', 'historically', 'histórico', 'heritage', 'histories']"
historical_aj,"['historic', 'history', 'landmark', 'historique', 'background', 'histórico', 'historically', 'chronological', 'story', 'retrospective', 'past']"
holy_aj,"['sacred', 'saint', 'sainte', 'saints', 'santo', 'al-ashraf', 'santos', 'sao', 'santa', 'sagrada', 'sacrosanct', 'fucking', 'st.', 'karim', 'mecca', 'hallowed', 'sacro', 'goddamn', 'blessed', 'santi', 'holyl', 'saintly', 'al-sharif', 'st', 'sacré', 'al-sherif', 'kareem', 'helluva']"
hon_aj,"['honey', 'darling', 'meeting', 'sweetie', 'sweetheart', 'baby', 'ambrose', 'hoon', 'babe', 'dear', 'han', 'honourable']"
honest_aj,"['sincere', 'fair', 'frank', 'truthful', 'candid', 'decent', 'honestly', 'genuine', 'honesty', 'ausaid', 'heartfelt', 'honoured', 'franco', 'upstanding', 'loyal']"
hooded_aj,['masked']
horrible_aj,"['awful', 'terrible', 'horrific', 'horrendous', 'dreadful', 'horrifying', 'hideous', 'appalling', 'gruesome', 'horrid', 'heinous', 'ugly', 'dog-ugly', 'ghastly', 'atrocious', 'grisly', 'terrifying', 'creepy', 'abhorrent', 'dire', 'nasty', 'beastly', 'bad', 'horror', 'frightening', 'god-awful']"
hostile_aj,"['hostility', 'unfriendly', 'antagonistic', 'enemy', 'inimical', 'hostilities', 'aggressive', 'enmity', '-hostile', 'antagonism', 'animosity', 'rival', 'opposing', 'belligerent', 'adversarial', 'harsh', 'adverse', 'anti', 'inhospitable']"
huge_aj,"['enormous', 'immense', 'tremendous', 'massive', 'great', 'vast', 'large', 'gigantic', 'big', 'colossal', 'giant', 'considerable', 'major', 'formidable', 'mammoth', 'daunting', 'substantial', 'overwhelming', 'significant', 'monumental', 'wide', 'hefty', 'heavy', 'high', 'extensive', 'broad', 'serious', 'large-scale', 'grand']"
human_aj,"['humane', 'humans', 'humanos', 'mankind', 'manpower', 'humanity', 'man', 'humanitarian', 'humankind', 'humaine', 'rights', 'humaines', 'humana', 'humanities', 'humano', 'humains', 'fundamental', 'anthropogenic', 'people', 'bushra']"
hygienic_aj,"['hygiene', 'sanitary', 'health', 'sanitation', 'toilet', 'wholesome']"
ideal_aj,"['ideals', 'perfect', 'idéal', 'optimal', 'optimum', 'vision', 'exemplary', 'idea', 'idealism', 'satisfactory', 'desirable', 'idealistic', 'ideally']"
identical_aj,"['same', 'similar', 'equal']"
ideological_aj,"['thinking', 'ideology', 'ideologically', 'thought', 'ideas', 'thoughts']"
illegal_aj,"['illicit', 'unlawful', 'clandestine', 'illegitimate', 'illegally', 'irregular', 'wrongful', 'unlawfully', 'unauthorised', 'surreptitious', 'illegals', 'underground', 'brass', 'unlicensed', 'unauthorized', 'undeclared', 'back-street', 'iilegal', 'slush']"
immediate_aj,"['immediately', 'direct', 'prompt', 'instant', 'forthwith', 'urgent', 'proximate', 'imminent', 'near', 'pressing', 'foreseeable', 'directly', 'promptly']"
immortal_aj,"['sin', 'eternal', 'immortality', 'everlasting', 'fairy']"
imperial_aj,"['lmperial', 'imperiale', 'imperialist', 'empire', 'imperialistic', 'imperialism']"
important_aj,"['significant', 'major', 'importance', 'substantial', 'essential', 'large', 'vital', 'key', 'crucial', 'importantly', 'considerable', 'critical', 'significance', 'notices', 'prominent', 'great', 'relevant', 'valuable', 'serious', 'signiﬁcant', 'big', 'sizeable', 'elham', 'fundamental', 'meaningful', 'main', 'ilham', 'strong', 'extensive', 'momentous', 'high', 'notable']"
impossible_aj,"['unable', 'lmpossible', 'possible', 'impractical', 'impracticable', 'unattainable', 'unfeasible', 'unworkable', 'unthinkable']"
impressed_aj,"['struck', 'shocked', 'impressive']"
impressive_aj,"['remarkable', 'admirable', 'spectacular', 'striking', 'awesome', 'stunning', 'amazing', 'breathtaking', 'dramatic', 'awe-inspiring', 'staggering', 'notable', 'daunting', 'impressed', 'astounding', 'outstanding', 'formidable', 'jaw-dropping', 'astonishing', 'whopping']"
improved_aj,"['enhanced', 'improvement', 'improve', 'improving', 'better', 'upgraded', 'improvements', 'best', 'enhancing', 'enhance', 'increased', 'enhancement', 'refined', 'upgrading', 'ameliorated', 'greater', 'strengthened', 'mohsen', 'improves']"
inadequate_aj,"['insufficient', 'inappropriate', 'unsuitable', 'improper', 'unsatisfactory', 'deficient', 'sufficient', 'poor', 'inadequacy', 'kefaya', 'adequate', 'lack', 'flawed', 'incomplete', 'enough', 'weak', 'insufficiency', 'disproportionate', 'shortage']"
inc_aj,"['inc.', 'lnc', 'ltd', 'serv', 'inc.-']"
incoherent_aj,"['inconsistent', 'disjointed', 'illogical', 'unconnected']"
incompetent_aj,"['inept', 'incapable', 'unable', 'unfit']"
increased_aj,"['increase', 'increasing', 'risen', 'greater', 'grown', 'enhanced', 'rose', 'grew', 'growing', 'expanded', 'heightened', 'more', 'increases', 'intensified', 'strengthened', 'improved', 'augmented', 'further', 'rise', 'rising', 'enhance', 'multiplied', 'additional', 'enhancing', 'raised', 'strengthening', 'greatest', 'reinforced', 'climbed', 'higher', 'raising']"
increasing_aj,"['growing', 'increase', 'increased', 'rising', 'ever-increasing', 'enhance', 'raising', 'increasingly', 'enhancing', 'ever-growing', 'expanding', 'mounting', 'greater', 'improving', 'strengthening', 'improve', 'widening', 'escalating', 'raise', 'enhanced', 'rise', 'increases', 'croissant', 'boosting', 'strengthen', 'heightened', 'crescent', 'expand', 'upward']"
independent_aj,"['independence', 'stand-alone', 'separate', 'self-employed', 'autonomous', 'standalone', 'freelance', 'arms-length', 'discrete', 'unrelated', 'self-contained', 'indépendants', 'free-standing', 'independiente', 'non-attached', 'independently', 'selfemployed', 'sovereign', 'independant', 'independents', 'unbound', 'self-reliant', 'self-standing', 'self-governing', 'autonomy', 'irrespective', 'self-sustaining', 'self-employment']"
indian_aj,"['india', 'indians', 'al-hindi', 'indio', 'lndian', 'ocean', 'indias', 'honod', 'al-hendi', 'indiana', 'henoud', 'hindi', 'indien', 'amerindian', 'aboriginal', 'indies', 'hindiya', 'indo-', 'indian-controlled', 'amerindians', 'indian-israeli']"
indirect_aj,"['indirects', 'indirectly', 'circumstantial', 'proximity', 'non-direct', 'spillover', 'consequential', 'proxy', 'overhead', 'direct', 'spinoff', 'spin-off', 'non-wage', 'vicarious']"
individual_aj,"['person', 'personal', 'individually', 'particular', 'one-on-one', 'individuals', 'each', 'separate', 'different', 'solo', 'specific', 'various', 'single', 'person-level', 'isolated', 'certain', 'individualized', 'odd', 'persons', 'award', 'one-to-one', 'every', 'case-by-case', 'individual-level', 'respective', 'anybody', 'capita', 'nobody', 'anyone', 'proprietorship', 'odd-numbered', 'personne']"
industrial_aj,"['industry', 'industrialized', 'industries', 'industrielle', 'industrialised', 'industriel', 'industrialists', 'industriale', 'industrijske', 'manufacturing', 'industrialization', 'manufacturingindustry', 'industrializing']"
ineffectual_aj,"['ineffective', 'inefficient', 'useless']"
inevitable_aj,"['unavoidable', 'inescapable', 'ineluctable', 'inevitably', 'imperative', 'inevitability', 'inexorable', 'indispensable', 'foregone']"
influential_aj,"['powerful', 'influence', 'influent', 'authoritative']"
informal_aj,"['unofficial', 'non-formal', 'informals', 'unstructured', 'non-official', 'armchair', 'unorganized', 'non-documented', 'unorganised', 'irregular', 'formal', 'parallel', 'improvised']"
ingenious_aj,"['resourceful', 'crafty', 'clever', 'smart', 'inventive', 'imaginative']"
inherent_aj,"['intrinsic', 'innate', 'inbuilt', 'in-built', 'implicit', 'immanent', 'built-in', 'natural', 'own', 'integral']"
initial_aj,"['original', 'preliminary', 'first', 'initials', 'up-front', 'upfront', 'early', 'primary', 'start-up', 'starting', 'introductory', 'opening', 'beginning', 'prime', 'initially', 'teething', 'home', 'front', 'tentative', 'baseline', 'raw', 'principled']"
inner_aj,"['internal', 'interior', 'inland', 'domestic', 'inboard', 'indoor', 'inside', 'homeland', 'home']"
innocent_aj,"['innocents', 'blameless', 'harmless', 'lnnocent', 'innocente']"
insatiable_aj,"['restless', 'inexhaustible']"
instinctive_aj,"['knee-jerk', 'intuitive']"
institutional_aj,"['institutions', 'institutionnels', 'institucional', 'corporate', 'organizational', 'institutionalized', 'interinstitutional', 'institutionally', 'institution', 'enterprise', 'system', 'institutionalised', 'agencies', 'constitutional']"
insulating_aj,"['insulation', 'insulator', 'isolating', 'vinyl']"
intangible_aj,"['immaterial', 'non-material', 'non-physical', 'invisible', 'non-tangible', 'intangibles', 'incorporeal', 'inviolable', 'non-derogable', 'off-limit', 'soft', 'unalterable']"
integrated_aj,"['embedded', 'built-in', 'incorporated', 'integral', 'comprehensive', 'mainstreamed', 'integration', 'on-board', 'corporate', 'holistic', 'onboard', 'included', 'integrate', 'integrative', 'built', 'composite', 'consolidated', 'integrating', 'integrates', 'inclusive', 'integra', 'seamless', 'imbedded']"
intellectual_aj,"['intellectuelle', 'intelectual', 'knowledge', 'intellectuals', 'mental', 'spiritual', 'intelligentsia', 'cognitive', 'wisdom', 'thinker', 'knowledge-based']"
intense_aj,"['intensive', 'fierce', 'heavy', 'strong', 'heated', 'tense', 'extensive', 'severe', 'strenuous', 'lively', 'intensified', 'tight', 'vigorous', 'keen', 'hard', 'vivid', 'violent', 'sharp', 'dense', 'high-intensity']"
intensive_aj,"['intense', 'extensive', 'intensified', 'heavy', 'dense', 'in-depth', 'heavy-use', 'high-intensity', 'tight', 'labour-intensive', 'hard', 'labor-intensive', 'close', 'tense', 'concentrated', 'thorough']"
interim_aj,"['provisional', 'temporary', 'acting', 'transitional', 'tentative', 'intermediate', 'a.i.', 'mid-term', 'caretaker', 'intermediary', 'preliminary', 'progress', 'terminable', 'transition', 'precautionary', 'meantime', 'intermediaries', 'pretrial', 'intérimaire', 'pre-trial', 'medium-term', 'interlocutory', 'temporarily', 'interval', 'idler', 'intermediates', 'stepping-stone', 'provisoire', 'makeshift', 'tent.ative']"
internal_aj,"['domestic', 'interior', 'in-house', 'inner', 'inland', 'internally', 'single', 'home', 'inside', 'indoor', 'procedure', 'inboard', 'intern', 'homeland', 'internes', 'interne', 'nwri', 'displaced', 'interna', 'national', 'internally-generated', 'interns', 'innere', 'inhouse', 'inward', 'within', 'intra-state', 'back-office', 'internos']"
international_aj,"['internationally', 'internationale', 'internacional', 'internationales', 'world', 'global', 'internazionale', 'intercountry', 'internationaux', 'internationalen', 'internacionales', 'inter-country', 'internazionali', ""'l"", 'un', 'internationaler', 'foreign', 'cross-border', 'internationaal']"
intricate_aj,"['complex', 'complicated', 'convoluted', 'inextricable', 'intractable']"
investigative_aj,"['investigation', 'fact-finding', 'inquiry', 'investigations', 'research', 'survey', 'investigating', 'investigatory', 'surveys', 'co-investigating', 'enquiries', 'investigate']"
involved_aj,"['concerned', 'implicated', 'engaged', 'participated', 'participating', 'participant', 'interested', 'affected', 'associated', 'participate', 'participation', 'incurred', 'relevant', 'committed', 'included', 'associate', 'involving', 'related', 'participants', 'embroiled', 'linked', 'involvement', 'implied', 'entailed', 'covered', 'involve', 'game']"
inward_aj,"['arriving', 'arrival', 'incoming', 'arrivals', 'inbound', 'external', 'foreign', 'internal', 'entry']"
iraqi_aj,"['iraqis', 'iraq', 'al-iraqiya', 'baghdad']"
irregular_aj,"['erratic', 'illegal', 'uneven', 'improper', 'clandestine', 'abnormal', 'jagged', 'patchy', 'irregularity', 'irregularly', 'undocumented', 'unlawful', 'non-formal', 'thready', 'inconsistent', 'non-regular', 'informal']"
isolated_aj,"['insulated', 'disjunct', 'remote', 'non-recurrent', 'lone', 'reclusive', 'secluded', 'segregated', 'one-off', 'stand-alone', 'single', 'individual', 'separated', 'isolation', 'isolate', 'enclaved', 'separate', 'unaccompanied', 'solitary', 'sporadic', 'aisolated', 'lonely']"
jewish_aj,"['jews', 'jew', 'hebrew', 'judaism', 'yehuda', 'judea', 'rabbinical', 'beans']"
joint_aj,"['common', 'mixed', 'spouse', 'jointly', 'shared', 'spouses', 'commons', 'sets', 'combined', 'conjointe', 'set', 'mutual', 'conjoint', 'jumi', 'whole', 'concerted', 'commune', 'collective', 'attached', 'articular', 'collaborative', 'assemblies', 'mixte', 'commun', 'blended', 'spousal', 'mixedwood', 'single', 'co-educational', 'joints', 'united', 'joined-up', 'mixed-grass', 'together', 'consolidated', 'board', 'communes', 'assembly', 'conjunction', 'co-ed']"
judicial_aj,"['judiciary', 'legal', 'justice', 'court', 'jurisdictional', 'judiciaire', 'forensic', 'juridical', 'judiciaires', 'criminal', 'judges', 'judicature', 'adjudicative', 'trial']"
just_aj,"['only', 'simply', 'fair', 'merely', 'precisely', 'alone', 'solely', 'exactly', 'barely', 'right', 'mere', 'equitable', 'jen', 'simple', 'net', 'len', 'juste', 'purely', 'recently', 'impartial', 'exclusively', 'solo', 'immediately', 'righteous', 'single', 'little', 'that', 'scarcely', 'fairly', 'slightly']"
keen_aj,"['anxious', 'eager', 'enthusiastic', 'willing', 'fierce', 'vivo', 'ardent', 'fervent', 'interested', 'intense', 'acute', 'desirous', 'passionate', 'strong']"
known_aj,"['well-known', 'familiar', 'experienced', 'famous', 'recognized', 'renowned', 'aware', 'undergone', 'notorious', 'unknown', 'seen', 'know', 'knowledge', 'maarouf', 'understood', 'called', 'recognised', 'well-knownin']"
labour_aj,"['work', 'labor', 'working', 'workforce', 'employment', 'job', 'workers', 'manpower', 'labor-management', 'occupational', 'action', 'laboral', 'workplace', 'workday', 'pracy', 'labour-related', 'labour-capital', 'worker', 'labourers', 'work-related', 'labour-']"
lasting_aj,"['durable', 'sustainable', 'enduring', 'permanent', 'long-lasting', 'sustained', 'long-term', 'non-expendable', 'persistent', 'endurable', 'protracted', 'constant']"
late_aj,"['overdue', 'tardif', 'iate', 'belated', 'later', 'delayed', 'delay', 'deceased', 'end', 'afternoon', 'belatedly', 'evening', 'concluding', 'departed', 'tardy', 'night', 'purposes', 'tard', 'behind', 'late-onset', 'iater', 'smell', 'final', 'off-track']"
latin_aj,"['latina', 'america', 'latino', 'latine', 'canada-latin', 'latins', 'ladino']"
leading_aj,"['leadership', 'main', 'lead', 'prominent', 'major', 'principal', 'resulting', 'leaders', 'leader', 'eminent', 'guiding', 'driving', 'key', 'senior', 'dominant', 'primary', 'culminating', 'conducive', 'top', 'preponderant', 'causing', 'leading-edge', 'advanced', 'conducting', 'pioneering']"
legal_aj,"['judicial', 'juridical', 'lawful', 'law', 'statutory', 'legislative', 'juridique', 'laws', 'legitimate', 'juridiques', 'legally', 'moral', 'morales', 'jurídica', 'jurídico', 'justice', 'qanooni', 'juristische', 'jurídicas', 'legale', 'licit', 'qanouni', 'forensic', 'legislation', 'qanoni', 'jurisdictional', 'judiciary', 'right', 'oikeudellinen', 'kanoni', 'regulatory', 'jurists', 'pravni', 'court', 'lawyers']"
legislative_aj,"['legislation', 'statutory', 'legal', 'legislativo', 'legislature', 'parliamentary', 'law-making', 'legislated', 'lawmaking', 'law', 'législative', 'laws', 'legislativa', 'deliberative', 'legislate', 'regulatory', 'législatives', 'normative', 'legislating', 'législatif', 'texts']"
legitimate_aj,"['lawful', 'rightful', 'licit', 'justified', 'legal', 'justifiable', 'legitimacy', 'reasonable', 'forensic', 'valid', 'legally', 'legitimated', 'legit', 'well-founded']"
lesser_aj,"['less', 'lower', 'smaller', 'least', 'minor', 'fewer', 'lighter']"
level_aj,"['levels', 'tier', 'degree', 'scale', 'standard', 'plan', 'grade', 'driveshaft', 'amount', 'layer', 'standards', 'extent', 'rate', 'category', 'niveau', 'class', 'ladder', 'categories', 'classes', 'nivel', 'stage', 'threshold', 'rank', 'volume', 'plane', 'ebene', 'echelon', 'scope', 'concentration', 'grades', 'area', 'plano']"
liable_aj,"['responsible', 'punishable', 'accountable', 'likely', 'subject', 'responsibility', 'susceptible']"
liberal_aj,"['liberals', 'eldr', 'liberality', 'liberalism', 'free', 'al-ahrar', 'liberalist', 'free-market', 'lenient', 'liberal-minded']"
likely_aj,"['probable', 'probably', 'susceptible', 'presumably', 'unlikely', 'possible', 'inclined', 'potential', 'liable', 'prone', 'possibly', 'capable', 'plausible', 'risk', 'apt', 'likelihood', 'perhaps', 'potentially', 'probability', 'expected']"
limited_aj,"['restricted', 'confined', 'constrained', 'limitée', 'finite', 'limit', 'scarce', 'little', 'narrow', 'bounded', 'ltd', 'small', 'reduced', 'circumscribed', 'limitã', 'few', 'curtailed', 'limitada', 'limits', 'low', 'modest', 'limitation', 'capped', 'co.ltd.', 'ltd.', 'restricts', 'meagre', 'limiting', 'restrict', 'restrained', 'restrictive', 'scant', 'bit', 'only']"
linguistic_aj,"['language', 'linguistique', 'linguistics', 'linguistiques', 'linguistically', 'language-related', 'languages', 'language-specific']"
literary_aj,"['literature', 'moral', 'munhak', 'writing']"
little_aj,"['small', 'few', 'bit', 'shortly', 'low', 'iittle', 'petit', 'kid', 'limited', 'tiny', 'short', 'slightly', 'petite', 'scant', 'poorly', 'hardly', 'boy', 'minimal', 'slight', 'lite', 'scarce', 'minor', 'somewhat', 'scarcely', 'minute', 'soon', 'weak', 'wee', 'baby', 'kiddo', 'malo', 'meagre', 'sparsely', 'light', 'much', 'trifle', 'just', 'barely', 'modest', 'tad', 'not', 'poor']"
lively_aj,"['animated', 'vivid', 'heated', 'loud', 'perennial', 'vibrant', 'vivo', 'alive', 'vigorous', 'spirited', 'intense', 'active', 'facilitated', 'bustling', 'dynamic', 'living', 'passionate', 'live', 'warmly']"
living_aj,"['life', 'alive', 'live', 'lives', 'residing', 'subsistence', 'livelihood', 'resident', 'lifetime', 'births', 'vida', 'iife', 'vivo', 'vie', 'biological', 'lived', 'capita', 'lifestyle', 'residence', 'lively']"
local_aj,"['premises', 'domestic', 'locally', 'local-level', 'places', 'municipal', 'locale', 'grass-roots', 'localities', 'indigenous', 'localized', 'accommodation', 'space', 'facilities', 'place', 'district', 'grassroots', 'local-', 'community-based', 'home-grown', 'regional', 'localised', 'locally-based']"
logical_aj,"['logic', 'rationale', 'reasonable', 'illogical', 'sensible', 'sense', 'rational', 'consistent', 'coherent']"
lonely_aj,"['solitary', 'solitaire', 'lonesome', 'solitude', 'loneliness', 'ionely', 'alone', 'only', 'lone', 'single', 'hermit', 'ionesome', 'sole', 'isolated']"
long_aj,"['lengthy', 'lange', 'lang', 'langen', 'longer', 'prolonged', 'long-term', 'protracted', 'length', 'long-standing', 'largo', 'long-', 'time-consuming', 'longue', 'longstanding', 'lunga', 'extended', 'iong', 'extensive', 'cheung', 'loong', 'long-running', 'far', 'much', 'al-taweel', 'luong', 'along', 'long-staple', 'long-lasting', 'long-time', 'time']"
loose_aj,"['lax', 'coward', 'loosen', 'relaxed', 'bulk', 'cowardly', 'lenient', 'lose', 'released', 'slack']"
lost_aj,"['loss', 'iost', 'missed', 'wasted', 'lose', 'losing', 'missing', 'perdue', 'forfeited', 'confused', 'losses', 'foregone', 'gone', 'disappeared', 'doomed', 'fuddled', 'outof', 'dropped']"
loud_aj,"['loudly', 'noisy', 'aloud', 'births', 'lively', 'fort', 'loud.', 'strong', 'high', 'resounding', 'live', 'alive', 'resonant', 'heated', 'powerful', 'noise', 'tare']"
ltd_aj,"['ltd.', 'ltée', 'limited', 'inc']"
lucid_aj,"['clear-sighted', 'clear-headed', 'clear', 'sane', 'insightful']"
macabre_aj,"['ghoulish', 'sinister', 'travesty', 'grim', 'gruesome']"
mad_aj,"['crazy', 'angry', 'insane', 'upset', 'pissed', 'furious', 'madman', 'loca', 'nuts', 'hatter', 'fool', 'beef', 'irate', 'cow', 'anger', 'enraged', 'fou', 'livid', 'cows', 'rabid', 'psycho']"
magic_aj,"['magical', 'quadrant', 'magique', 'wizardry', 'sorcery', 'sahar', 'magician', 'witchcraft', 'gilly', 'hallucinogenic']"
magnetic_aj,"['magnet', 'geomagnetic', 'swipe', 'magnetism', 'electromagnetic']"
magnificent_aj,"['beautiful', 'wonderful', 'splendid', 'excellent', 'gorgeous', 'resplendent', 'fantastic', 'superb', 'grand', 'glorious', 'marvellous', 'magnifique', 'great', 'brilliant', 'amazing', 'sublime', 'grandiose', 'lovely', 'terrific', 'majestic']"
main_aj,"['principal', 'major', 'primary', 'key', 'senior', 'core', 'leading', 'mainly', 'chief', 'top', 'large', 'hand', 'basic', 'fundamental', 'essential', 'principale', 'central', 'parent', 'master', 'great', 'lead', 'prime', 'keynote', 'big', 'primarily', 'predominant', 'predicate', 'dominant', 'largest', 'foremost', 'salient', 'important', 'overriding', 'mainstream', 'greatest', 'principaux', 'significant', 'first', 'overarching']"
major_aj,"['main', 'important', 'large', 'principal', 'great', 'key', 'significant', 'big', 'primary', 'majeure', 'serious', 'substantial', 'considerable', 'huge', 'leading', 'large-scale', 'tai', 'grand', 'mainly', 'maj.', 'broad', 'vast', 'top', 'core', 'enormous', 'essential', 'heavy', 'grave', 'fundamental', 'grandes', 'larger', 'severe', 'largest', 'high', 'wide', 'senior', 'greater', 'massive', 'grands', 'commander', 'critical', 'crucial', 'maj', 'greatest', 'extensive', 'vital', 'chief', 'strong', 'prominent', 'importance', 'tremendous', 'grande', 'central', 'much']"
managing_aj,"['management', 'manage', 'administer', 'administering', 'administration', 'manager', 'governance', 'handle', 'handling', 'managerial', 'managed']"
manual_aj,"['handbook', 'manuel', 'manuals', 'manually', 'guide', 'textbook', 'guidebook', 'textbooks', 'book', 'toolkit', 'booklet', 'primer', 'hand', 'workbook', 'handbooks']"
marginal_aj,"['marginalized', 'longitudinal', 'incremental', 'peripheral', 'marginalised', 'negligible', 'minor', 'slight', 'insignificant', 'non-mainstream', 'minimal', 'borderline']"
marine_aj,"['maritime', 'navy', 'marino', 'marina', 'marin', 'marines', 'sailors', 'sea', 'sailor', 'naval', 'marinos', 'maritimes', 'ocean', 'marins', 'marinho', 'seamen', 'marinas', 'navies', 'seafarers', 'seaman', 'nautical', 'marini', 'offshore', 'mariners', 'sea-based', 'shipping', 'oceans', 'marine-based', 'seas', 'coast', 'coastal', 'mariner', 'water', 'oceanic', 'hoi', 'seafarer', 'seaborne']"
marital_aj,"['matrimonial', 'conjugal', 'spousal', 'marriage', 'civil', 'civilian', 'even-numbered', 'marriages', 'married', 'family', 'doubles']"
marked_aj,"['characterized', 'characterised', 'dialed', 'pronounced', 'tagged', 'labeled', 'labelled', 'flagged', 'notable', 'sharp', 'dialing', 'marking', 'hung', 'scarred', 'significant', 'noticeable', 'commemorated', 'markup', 'remarkable', 'celebrated', 'marqués', 'net', 'scored', 'marred', 'signalled', 'dial', 'marked-up', 'red', 'mark', 'strong', 'checked', 'identified', 'indicated']"
mas_aj,"['ag', 'mases', 'more']"
mass_aj,"['massive', 'masse', 'weight', 'collective', 'estate', 'masses', 'large-scale', 'ground', 'comprehensive', 'destruction', 'bulk', 'mace', 'mass-scale', 'jamahiriya', 'messe', 'mass-', 'massachusetts', 'masa', 'forklift', 'misa']"
massive_aj,"['mass', 'huge', 'large-scale', 'enormous', 'massif', 'tremendous', 'immense', 'large', 'vast', 'extensive', 'gigantic', 'great', 'widespread', 'colossal', 'considerable', 'major', 'substantial', 'overwhelming', 'forklift', 'bulk', 'big', 'mass-scale', 'wide', 'formidable', 'broad', 'heavy', 'mammoth', 'giant']"
mature_aj,"['ripe', 'maturity', 'maduro', 'matured', 'adult', 'ripen', 'ripeness', 'adults', 'grown-up', 'low-hanging', 'sophisticated']"
maximum_aj,"['maximal', 'utmost', 'highest', 'peak', 'max', 'ceiling', 'maxima', 'maxim', 'up', 'máximo', 'supreme', 'maxime', 'limit', 'al-aqsa', 'top', 'maximale', 'maximize', 'upper', 'full', 'aqsa', 'max.', 'greatest', 'optimum', 'optimal', 'ultimate', 'paramount', 'competition']"
meagre_aj,"['scarce', 'meager', 'lean', 'skinny', 'scant', 'modest', 'paltry', 'thin', 'skimmed', 'poor', 'low', 'limited', 'little', 'insubstantial']"
mechanical_aj,"['mechanics', 'machinery', 'mechanistic', 'mechanized', 'mechanic', 'machine-building', 'engineering', 'mechanised', 'saws']"
medical_aj,"['medicine', 'doctor', 'physician', 'doctors', 'health', 'médicale', 'physicians', 'medica', 'medicinal', 'médecins', 'médical', 'médecine', 'medically', 'health-care', 'clinical', 'healthcare', 'medicina', 'hospital', 'medici']"
medieval_aj,"['mediaeval', 'sino-cuban']"
mental_aj,"['mentally', 'psychological', 'psychotropic', 'psychiatric', 'mentale', 'spirit', 'spiritual', 'intellectual', 'psychic', 'moral', 'emotional', 'psychical', 'meld']"
merciless_aj,"['ruthless', 'relentless', 'pitiless', 'unforgiving', 'implacable', 'callous', 'unmerciful', 'heartless', 'cut-throat', 'vicious', 'cruel', 'unrelenting', 'stone-cold', 'brutal']"
mere_aj,"['simple', 'mother', 'only', 'straightforward', 'pure', 'simply', 'just', 'purely', 'sheer', 'single', 'mom', 'easy', 'queen', 'alone', 'ordinary']"
metropolitan_aj,"['métropolitain', 'metropolitana', 'metro', 'metropolis', 'greater', 'urban', 'capital', 'agglomeration', 'cosmopolitan']"
middle_aj,"['asharq', 'east', 'intermediate', 'al-sharq', 'oriente', 'medium', 'mid', 'average', 'idler', 'medium-sized', 'intermediary', 'midst', 'amid', 'central', 'environment', 'středního', 'median', 'half', 'intermediaries', 'mid-', 'middle-of-the-road', 'intermediates', 'means', 'intermedia', 'sharq', 'mid-term', 'media', 'orient', 'milieu', 'middle-level', 'centre']"
mild_aj,"['benign', 'slight', 'soft', 'low-tar', 'moderate', 'sweet', 'gentle', 'light', 'minor', 'léger', 'light-duty', 'lenient', 'fresh', 'lightweight', 'légère', 'modest', 'smooth', 'non-malignant', 'low', 'latif', 'small', 'slightly']"
military_aj,"['army', 'militaire', 'armed', 'court-martial', 'militaires', 'servicemen', 'militarily', 'soldiers', 'martial', 'troops', 'soldier', 'forces', 'militar', 'serviceman', 'asgari', 'military-to-military', 'al-askari', 'member', 'military-linked', 'defense', 'military-related']"
minor_aj,"['minors', 'small', 'slight', 'juvenile', 'underage', 'under-age', 'juveniles', 'secondary', 'mild', 'petty', 'low', 'miner', 'mineurs', 'miners', 'small-scale', 'slightly', 'lesser', 'lower', 'child', 'less', 'light', 'little', 'insignificant', 'lightweight', 'minimal', 'marginal', 'unimportant', 'modest', 'trivial', 'lowest', 'simple', 'children', 'under-aged', 'non-substantial']"
miraculous_aj,"['miracle', 'magical', 'cure-all']"
miserable_aj,"['wretched', 'unhappy', 'unfortunate', 'measly', 'lousy', 'wretch', 'sad', 'pathetic', 'unappy', 'squalid', 'pitiful', 'paltry', 'tragic', 'chickenshit', 'deplorable', 'unlucky', 'ratty']"
missing_aj,"['disappeared', 'disappearance', 'unaccounted', 'extirpated', 'disappearances', 'extinct', 'gone', 'lacking', 'lost', 'lack', 'absent', 'vanished', 'absence']"
misty_aj,"['hazy', 'foggy']"
mocking_aj,"['kidding', 'out-girling', 'shaming']"
modern_aj,"['hyundai', 'modern-day', 'contemporary', 'modernization', 'moderne', 'haditha', 'modernized', 'up-to-date', 'modernes', 'moderna', 'hadithah', 'state-of-the-art', 'latter-day', 'modernity', 'advanced', 'recent', 'modernised', 'fashionable', 'modernizing', 'modernize', 'present-day', 'fledgling', 'modernisation', 'talk']"
modest_aj,"['humble', 'moderate', 'modest-income', 'modeste', 'small', 'timid', 'meagre', 'lowly', 'slight', 'unassuming', 'low', 'limited', 'mild', 'moderate-income', 'minor', 'meager', 'modesty', 'little']"
monetary_aj,"['currency', 'cash', 'monétaire', 'pecuniary', 'money', 'financial', 'currencies', 'dollar', 'exchange', 'criticism', 'monetized']"
monthly_aj,"['month', 'mensuel', 'mensuelles', 'months', 'month-to-month']"
moral_aj,"['morales', 'ethical', 'morale', 'morality', 'morals', 'morais', 'morally', 'non-pecuniary', 'legal', 'ethics', 'juridical', 'literary', 'non-material', 'mental', 'psychological', 'immoral', 'ethic', 'spiritual', 'juristic']"
moulded_aj,"['molded', 'shaped', 'cast']"
multiple_aj,"['several', 'many', 'multi', 'manifold', 'numerous', 'various', 'multifaceted', 'multiplicity', 'multitude', 'myriad', 'multi-pronged', 'multifold', 'variety', 'multipronged', 'multifarious', 'multidrug', 'different', 'diverse', 'number', 'multi-faceted', 'plurality']"
mutual_aj,"['reciprocal', 'mutuel', 'mutually', 'common', 'mutuelle', 'joint', 'mutua', 'two-way', 'interrelationship', 'tit-for-tat']"
naked_aj,"['bare', 'nude', 'nue', 'mile', 'buck-naked', 'nus', 'bareboat', 'half-naked', 'nudes', 'now', 'hairless', 'barefoot']"
narrow_aj,"['close', 'narrow-minded', 'parochial', 'restrictive', 'limited', 'tight', 'restricted', 'reduce', 'cramped', 'restrict', 'strait', 'strict', 'petty', 'blinkered', 'small']"
nasty_aj,"['unpleasant', 'naughty', 'disgusting', 'disagreeable', 'bad', 'dirty', 'ugly', 'wicked', 'horrible', 'filthy', 'awful']"
national_aj,"['domestic', 'nationale', 'nacional', 'nationals', 'country', 'nationwide', 'countries', 'nationales', 'nationally', 'state', 'nation', 'patriotic', 'nazionale', 'nation-wide', 'states', 'national-level', 'nationaux', 'kookmin', 'nationalist', 'internal', 'ethnic', 'country-level', 'alleanza', 'nationality', 'nationaal']"
native_aj,"['aboriginal', 'indigenous', 'maternal', 'natal', 'natives', 'aboriginals', 'native-born', 'autochthonous', 'original', 'amerindian', 'christmas', 'autochtone']"
natural_aj,"['physical', 'naturelles', 'naturel', 'normal', 'naturally', 'nature', 'naturels', 'naturales', 'íatural', 'calendar', 'inherent', 'ressortissant']"
naval_aj,"['navy', 'marine', 'maritime', 'seaborne', 'sea', 'shipbuilding', 'marina', 'freely', 'navies', 'nautical', 'hoi']"
nearby_aj,"['neighboring', 'neighbouring', 'near', 'vicinity', 'adjacent', 'close', 'surrounding', 'neighbour', 'adjoining', 'neighbor', 'around']"
neat_aj,"['sec', 'nice', 'pure', 'owl', 'cool', 'super', 'dry']"
necessary_aj,"['needed', 'required', 'requisite', 'essential', 'need', 'appropriate', 'requirements', 'indispensable', 'imperative', 'vital', 'much-needed', 'adequate', 'necessity', 'unnecessary', 'crucial', 'needs', 'sufficient']"
negative_aj,"['adverse', 'negatives', 'detrimental', 'harmful', 'refusal', 'unfavourable', 'bad', 'passive', 'unfavorable', 'damaging', 'negatory', '-negative', 'disadvantageous', 'deleterious', 'undesirable']"
nervous_aj,"['jumpy', 'nerve', 'edgy', 'tense', 'neural', 'jittery', 'high-strung', 'excitable', 'twitchy', 'anxious', 'trac', 'flustered', 'restless', 'uptight', 'skittish', 'neurological', 'overwrought', 'excited', 'itchy', 'neurologic']"
net_aj,"['neto', 'tenderloin', 'network', 'safi', 'neta', 'even', 'fle', 'fillet', 'clear', 'clean', 'liquid', 'wisp', 'just', 'netback', 'filet', 'sharp', 'marked', 'nets', 'netting', '.net', 'internet', 'web', 'distinct', 'safia', 'deduction']"
neutral_aj,"['neutrality', 'neutre', 'impartial', 'neutrals', 'impasse', 'deadlock', 'gender-neutral', 'circumneutral', 'stalemate', 'unbiased', 'status-neutral', 'standstill', 'non-aligned', 'non-judgmental', 'uncharged', 'non-partisan']"
normal_aj,"['ordinary', 'usual', 'regular', 'normally', 'standard', 'normale', 'natural', 'habitual', 'typical', 'normai', 'fide', 'routine', 'normalcy', 'straight-time', 'customary', 'normality', 'solute', 'plain']"
northern_aj,"['north', 'nordic', 'nord', 'northerly', 'norte', 'north-', 'norden', 'northerners', 'boreal', 'norse', 'n.', 'ireland']"
notable_aj,"['remarkable', 'noteworthy', 'significant', 'noticeable', 'marked', 'considerable', 'outstanding', 'prominent', 'substantial', 'striking', 'appreciable', 'impressive', 'salient', 'conspicuous', 'eye-catching', 'obvious', 'important']"
nuclear_aj,"['atomic', 'nuke', 'nuclear-', 'nuclear-weapon', 'nucléaire', 'nuclear-related', 'radioactive', 'nucléaires', 'nukes']"
numb_aj,"['insensitive', 'paralyzed', 'asleep', 'paralysed']"
numerous_aj,"['many', 'countless', 'several', 'multiple', 'innumerable', 'various', 'myriad', 'much']"
objective_aj,"['goal', 'aim', 'target', 'purpose', 'objectives', 'goals', 'objectivity', 'targets', 'lens', 'objectively', 'object', 'substantive', 'aims', 'intent', 'ziel', 'factual', 'end', 'intention', 'unbiased', 'objectif', 'focus', 'obiettivo', 'ambition', 'intended', 'purposes', 'strict', 'impartial', 'order']"
obliged_aj,"['forced', 'compelled', 'bound', 'obligated', 'required', 'held', 'obligation', 'grateful', 'duty-bound', 'kept', 'duty', 'coerced', 'compulsory']"
obscure_aj,"['dark', 'unclear', 'overshadow', 'opaque', 'vague', 'hide', 'conceal', 'mysterious', 'arcane', 'shadowy', 'mask', 'non-transparent', 'murky', 'ambiguous', 'disguise', 'shady', 'obfuscate']"
observed_aj,"['noted', 'seen', 'respected', 'found', 'noticed', 'remarked', 'observe', 'adhered', 'commented', 'recorded', 'sighted', 'witnessed', 'detected', 'celebrated', 'watched', 'observable', 'complied', 'identified', 'met', 'followed', 'encountered']"
obsessive_aj,"['obsession', 'obsessed']"
obvious_aj,"['evident', 'clear', 'apparent', 'self-evident', 'manifest', 'blatant', 'visible', 'flagrant', 'glaring', 'noticeable', 'conspicuous', 'plain', 'axiomatic', 'overt', 'notable']"
occasional_aj,"['casual', 'episodic', 'non-daily', 'sporadic', 'accidental', 'one-time', 'respite', 'incidental', 'infrequent', 'contingent', 'customized', 'spin-off']"
occupational_aj,"['professional', 'vocational', 'professionals', 'career', 'professions', 'workplace', 'occupations', 'occupation', 'labour', 'job-specific', 'professionnelle', 'profession', 'pro', 'work-related', 'job', 'careers', 'work', 'employment', 'professionnel']"
odd_aj,"['strange', 'weird', 'odd-numbered', 'curious', 'bizarre', 'peculiar', 'funny', 'sdo', 'surprising', 'individual', 'unusual', 'awkward', 'freaky', 'unpaired']"
official_aj,"['formal', 'officer', 'journal', 'officially', 'officers', 'formally', 'oficial', 'officials', 'officiel', 'public', 'ufficiale', 'officielle', 'officielles', 'formalized', 'offical', 'solemn', 'agent', 'oficiales', 'crown', 'statutory', 'state-run', 'newspaper', 'authoritative', 'diary', 'responsible', 'servant', 'languages', 'employee']"
onerous_aj,"['burdensome', 'costly', 'expensive', 'heavy', 'cumbersome', 'arduous', 'difficult', 'weighty']"
operational_aj,"['operating', 'operations', 'business', 'operation', 'functioning', 'executive', 'functional', 'operative', 'task', 'exploitation', 'operationally', 'transactions', 'operational-level', 'practical']"
opposite_aj,"['contrary', 'opposed', 'inverse', 'reverse', 'contrast', 'opposing', 'contrario', 'opus', 'converse', 'conflicting', 'versa', 'reversed']"
oral_aj,"['verbal', 'orally', 'verbale', 'buccal', 'verbales', 'orale', 'bucco', 'mouth', 'verbally']"
orchestral_aj,['symphony']
ordinary_aj,"['regular', 'normal', 'usual', 'common', 'simple', 'general', 'habitual', 'standard', 'mainstream', 'routine', 'lambda', 'ordinaires', 'conventional', 'mere']"
organic_aj,"['biological', 'biologics', 'ecological', 'bio', 'biologic', 'organizational', 'organics', 'organiques', 'orgánica', 'biologique', 'biologically', 'substantive', 'biologicals', 'functional', 'membership', 'biologiques']"
original_aj,"['initial', 'originals', 'origin', 'indigenous', 'genuine', 'primitive', 'initials', 'originally', 'originale', 'initially', 'first', 'native', 'originality', 'up-front']"
outer_aj,"['external', 'foreign', 'outside', 'exterior', 'outboard', 'peripheral', 'outdoor', 'paros', 'outlying']"
outstanding_aj,"['pending', 'unresolved', 'exceptional', 'unpaid', 'remarkable', 'excellent', 'prominent', 'remaining', 'distinguished', 'unsolved', 'extraordinary', 'unliquidated', 'eminent', 'overdue', 'notable', 'salient', 'unfinished', 'unsettled', 'brilliant', 'conspicuous', 'unique', 'superb', 'defaulted', 'splendid', 'non-duty-paid', 'open', 'impressive', 'noteworthy', 'wonderful', 'illustrious']"
overall_aj,"['general', 'comprehensive', 'global', 'total', 'generally', 'holistic', 'aggregate', 'whole', 'overarching', 'globally', 'comprehensively', 'all-round', 'consolidated', 'together', 'broadly', 'entire', 'across', 'broad', 'globale', 'full', 'headline', 'overview', 'ensemble']"
overseas_aj,"['abroad', 'ultramar', 'foreign', 'oversea', ""'outre-mer"", 'offshore', 'expatriate', 'expatriates', 'outside', 'off-shore', 'o', 'external', 'field']"
packed_aj,"['packaged', 'wrapped', 'conditioned', 'packaging', 'crowded', 'packing', 'repackaged']"
painful_aj,"['distressing', 'bitter', 'agonizing', 'sore', 'embarrassing', 'harrowing', 'sad', 'grievous', 'hurtful', 'difficult', 'dire', 'laborious', 'painstaking', 'arduous']"
pale_aj,"['bali', 'blade', 'faint', 'light-coloured', 'light', 'leap', 'palley', 'livid']"
panoramic_aj,"['scenic', 'widescreen', 'pan']"
parallel_aj,"['side', 'parallelism', 'parallels', 'side-by-side', 'conjunction', 'concurrent', 'alternative', 'tandem', 'shadow', 'simultaneous', 'randomness', 'concomitant', 'paralleled', 'informal', 'concurrently', 'similar']"
parliamentary_aj,"['parliamentarians', 'parliamentarian', 'parliament', 'parlementaire', 'legislative', 'parliaments', 'inter-parliamentary', 'parlamentario', 'mps', 'house', 'congressional', 'mep', 'interparliamentary', 'mp']"
partial_aj,"['partially', 'biased', 'one-sided', 'part', 'part-time', 'by-election', 'partly', 'incomplete', 'by-elections', 'part-', 'fractional', 'piecemeal', 'micro', 'fuzzy']"
particular_aj,"['special', 'specific', 'particularly', 'especially', 'individual', 'certain', 'concrete', 'notably', 'including', 'specifically', 'unique', 'given', 'hoc', 'particulier', 'peculiar', 'specially', 'name', 'determined', 'private', 'individuals', 'particolare', 'specified']"
payable_aj,"['payables', 'exigible', 'due', 'pay', 'paid', 'chargeable', 'owing', 'enforceable', 'owed', 'callable']"
peaceful_aj,"['pacific', 'peace', 'peacefully', 'pacifique', 'peaceable', 'pacifist', 'peace-loving', 'non-violent', 'salma', 'calm', 'pacífico', 'salmiya', 'quiet', 'tranquil']"
peculiar_aj,"['strange', 'curious', 'odd', 'weird', 'unique', 'bizarre', 'particular', 'own', 'singular', 'specific', 'special']"
pejorative_aj,['derogatory']
perceived_aj,"['seen', 'collected', 'viewed', 'levied', 'perception', 'regarded', 'charged', 'earned', 'received', 'felt', 'considered', 'apparent', 'understood', 'alleged', 'perceptions']"
perceptual_aj,"['perceptive', 'perception']"
perfect_aj,"['ideal', 'flawless', 'fine', 'seamless', 'perfecting', 'excellent', 'perfection', '-perfect', 'parfait', 'great', 'good', 'complete', 'perfected', 'consummate', 'faultless', 'dyeing', 'wonderful', 'impeccable', 'imperfect', 'perfectly']"
perilous_aj,"['dangerous', 'hazardous', 'treacherous', 'risky', 'precarious']"
permanent_aj,"['standing', 'ongoing', 'lasting', 'permanente', 'constant', 'continuing', 'durable', 'continuous', 'lifelong', 'permanently', 'on-going', 'perennial', 'enduring', 'stable', 'perpetual', 'continued', 'permanents', 'life-long', 'non-lapsing', 'continual', 'final', 'long-term', 'eternal', 'fixed', 'definitive']"
perpetual_aj,"['eternal', 'perennial', 'permanent', 'constant', 'everlasting', 'continual']"
personal_aj,"['staff', 'personnel', 'individual', 'individuals', 'personally', 'private', 'personnels', 'own', 'person', 'personality', 'staffing', 'movable', 'furniture', 'personalized', 'face-to-face', 'persons', 'non-work', 'interpersonal', 'personam']"
pessimistic_aj,"['gloomy', 'downbeat', 'sombre']"
physical_aj,"['physics', 'physically', 'natural', 'bodily', 'material', 'corporal', 'tangible', 'physique', 'on-hand', 'in-kind', 'physicist', 'materials', 'corporeal', 'fitness', 'stamina']"
piercing_aj,"['drilling', 'puncturing', 'bore', 'boring', 'stud', 'perforation']"
plain_aj,"['plaine', 'ruzizi', 'plains', 'unformatted', 'clear', 'simple', 'lowland', 'floodplain', 'raw', 'yuhmur', 'plaines', 'ganges', 'obvious', 'plain-text', 'pure', 'easy', 'normal', 'flat', 'regular']"
planned_aj,"['scheduled', 'projected', 'expected', 'anticipated', 'foreseen', 'envisaged', 'intended', 'forecasted', 'planning', 'programmed', 'provided', 'predicted', 'prescribed', 'scheme', 'forecast', 'contemplated', 'stipulated', 'plans', 'plan', 'envisioned', 'proposed', 'prévues', 'referred', 'specified', 'spending', 'schemes', 'contained']"
pleased_aj,"['happy', 'glad', 'delighted', 'satisfied', 'pleasure', 'gratified', 'welcome', 'proud', 'grateful', 'thrilled', 'commends', 'nice', 'ravi', 'excited', 'congratulated', 'fortunate', 'welcomed', 'gratifying', 'content']"
polish_aj,"['poland', 'zloty', 'polska', 'polacco', 'polaco', 'polskie', 'polskiego', 'lengyel', 'polskiej', 'pole', 'polski', 'pools', 'polack']"
political_aj,"['policy', 'policies', 'politics', 'politically', 'politician', 'politique', 'politiques', 'politicians', 'polices', 'chengchi', 'político', 'política', 'politiche', 'políticos']"
possible_aj,"['potential', 'feasible', 'practicable', 'eventual', 'possibility', 'likely', 'prospective', 'impossible', 'conceivable', 'able', 'possibly', 'may', 'contingent', 'attainable', 'achievable', 'utmost', 'available', 'probable', 'potentially', 'viable', 'might', 'can', 'perhaps']"
potential_aj,"['possible', 'potentials', 'prospective', 'possibility', 'likely', 'potentially', 'opportunities', 'potentiel', 'would-be', 'eventual', 'risk', 'possibilities', 'opportunity', 'contingent', 'capacity', 'ability', 'potentialities', 'latent', 'addressable', 'capability', 'chance']"
pouring_aj,['casting']
powerful_aj,"['potent', 'strong', 'mighty', 'influential', 'forceful', 'robust', 'vigorous', 'effective', 'powerfui', 'loud', 'fort', 'solid']"
practical_aj,"['practices', 'practice', 'concrete', 'pragmatic', 'actual', 'practicable', 'hands-on', 'specific', 'tangible', 'convenient', 'realistic', 'real', 'pratique', 'process', 'workable', 'feasible', 'operation', 'action-oriented', 'viable', 'handy', 'circulation', 'operational']"
precious_aj,"['valuable', 'invaluable', 'cherished', '-precious', 'expensive', 'prized', 'costly', 'rare', 'valued', 'treasure', 'treasured', 'prestige', 'priceless', 'worthwhile', 'dear']"
precise_aj,"['accurate', 'exact', 'specific', 'clear', 'detailed', 'specifies', 'precision', 'definite', 'concrete', 'accuracy', 'clarifies', 'précis', 'specified', 'accurately', 'rigorous', 'concise', 'correct', 'careful', 'strict', 'speciﬁc', 'precisely']"
pregnant_aj,"['gravid', 'expectant', 'pregnancy', 'fora', 'enclosures', 'enclosure', 'compound', '.expecting', 'chamber', 'forum', 'cabinets', 'birthing', 'expandable']"
preliminary_aj,"['initial', 'pre-trial', 'introductory', 'provisional', 'advance', 'préliminaire', 'foreplay', 'tentative', 'pretrial', 'exploratory', 'interim', 'primary', 'preparatory', 'first', 'prior', 'pre-release', 'opening', 'pre-filing', 'early', 'draft', 'introduction']"
premier_aj,"['prime', 'first', 'pm', 'chancellor', 'vice-premier', 'zhu']"
prepared_aj,"['ready', 'willing', 'developed', 'established', 'drafted', 'preparation', 'produced', 'loans', 'loan', 'prepare', 'elaborated', 'compiled', 'preparing', 'preparations', 'formulated', 'redo', 'disposed', 'equipped', 'poised', 'written', 'prepped', 'lending', 'determined', 'set', 'devised', 'authored', 'completed', 'designed']"
present_aj,"['current', 'submit', 'this', 'existing', 'presents', 'mind', 'gift', 'presence', 'moment', 'currently', 'today', 'now', 'presente', 'introduced', 'introduce', 'présent', 'presenting', 'ongoing', 'attend', 'presented', 'provide', 'here', 'submitting', 'pose', 'present-day', 'topical', 'instant', 'attendance', 'time', 'make']"
presidential_aj,"['presidency', 'president', 'republican', 'chair', 'chairmanship', 'presidents']"
pressed_aj,"['depressed', 'pushed', 'lobbied', 'pressured', 'insisted', 'ironed']"
previous_aj,"['preceding', 'earlier', 'former', 'precedent', 'prior', 'past', 'last', 'precedents', 'above', 'anterior', 'foregoing', 'prev', 'old', 'back', 'cã', 'older', 'pre-existing']"
primary_aj,"['elementary', 'main', 'principal', 'major', 'first', 'primaire', 'basic', 'key', 'initial', 'paramount', 'overriding', 'parent', 'preliminary', 'primaria', 'junior', 'senior', 'prime', 'fundamental', 'grassroots', 'primary-school', 'grass-roots', 'front-line', 'primordial', 'core', 'chief', 'primaires', 'leading', 'essential', 'overarching', 'trial', 'resource-based', 'input', 'pre-secondary', 'principale', 'primaries']"
prime_aj,"['first', 'ministers', 'premier', 'cabinet', 'pm', 'primary', 'main', 'primo', 'ﬁrst', 'initial', 'premium', 'preferential', 'principal', 'bonus', 'differential']"
primitive_aj,"['primitives', 'primeval', 'primal', 'rudimentary', 'improvised', 'original', 'rustic', 'incivility', 'pristine', 'primordial']"
principal_aj,"['main', 'major', 'primary', 'key', 'chief', 'senior', 'leading', 'core', 'mainly', 'director', 'principals', 'top', 'master', 'principale', 'parent', 'capital', 'principle', 'lead', '1st', 'keynote', 'prime', 'basic', 'primarily']"
private_aj,"['privy', 'closed', 'deprived', 'privately', 'special', 'privé', 'privado', 'private-sector', 'privately-run', 'soldier', 'personal', 'privately-owned', 'private-', 'private-run', 'privately-managed', 'camera', 'privately-operated', 'particular', 'private-owned', 'privat-', 'civilian-run']"
profitable_aj,"['cost-effective', 'lucrative', 'cost-efficient', 'costeffective', 'beneficial', 'viable', 'gainful', 'cost-effectively', 'proﬁtable', 'affordable', 'profit-making', 'worthwhile', 'fruitful', 'cost-effectiveness', 'advantageous', 'cost-beneficial', 'profitability', 'unprofitable']"
profound_aj,"['deep', 'far-reaching', 'in-depth', 'profoundly', 'root', 'deep-seated', 'deep-rooted', 'thorough', 'grave', 'serious', 'deepest', 'sincere', 'underlying', 'deeply', 'heartfelt', 'radical', 'penetratingly', 'deep-going', 'great', 'incisively']"
progressive_aj,"['gradual', 'incremental', 'step-by-step', 'phased', 'progresista', 'forward-looking', 'progressively', 'advanced', 'progressives', 'evolutionary', 'phased-in', 'stepwise', 'gradually', 'steady', 'progress', 'step-wise', 'graduated']"
prominent_aj,"['eminent', 'outstanding', 'leading', 'distinguished', 'salient', 'conspicuous', 'pre-eminent', 'high-profile', 'senior', 'top', 'renowned', 'important', 'famous', 'notable', 'well-known', 'remarkable', 'predominant', 'significant', 'dominant', 'visible', 'major', 'striking', 'preponderant', 'featured']"
proper_aj,"['appropriate', 'adequate', 'suitable', 'correct', 'good', 'right', 'sound', 'due', 'decent', 'real', 'genuine', 'fit', 'true', 'properly', 'own', 'duly', 'relevant', 'fitting', 'correctly', 'fair', 'reasonable', 'accurate', 'sufficient']"
proportional_aj,"['proportionate', 'commensurate', 'pro-rata', 'relative', 'prorated', 'pro-rated', 'ratio', 'proportion']"
proposed_aj,"['suggested', 'proposal', 'draft', 'project', 'proposals', 'proposes', 'offered', 'nominated', 'propose', 'tabled', 'recommendations', 'envisaged', 'recommended', 'motion', 'planned', 'projected', 'presented', 'submitted', 'suggestions', 'recommendation', 'projects', 'suggestion', 'recommends', 'proposition']"
prospective_aj,"['potential', 'forward-looking', 'future', 'possible', 'foresight', 'contingent', 'eventual', 'associate', 'forward-thinking']"
protracted_aj,"['prolonged', 'lengthy', 'extended', 'long', 'long-standing', 'long-term', 'long-drawn-out', 'drawn-out', 'time-consuming', 'sustained', 'lasting', 'long-lasting', 'longstanding', 'endless', 'long-running']"
proud_aj,"['pride', 'fier', 'pleased', 'prideful', 'rely', 'proudly', 'glorious']"
proven_aj,"['proved', 'demonstrated', 'tested', 'shown', 'audited', 'verified', 'substantiated', 'revealed', 'evidenced', 'pre-tested']"
provincial_aj,"['province', 'provinces', 'provincially', 'provinciale', 'province-wide', 'provincial-level', 'province-based', 'provinciales', 'boycott', 'governorate', 'al-muqataa', 'prov', 'province-level', 'governorates', 'regional']"
psychological_aj,"['mental', 'psychology', 'psychosocial', 'emotional', 'psychiatric', 'psychic', 'moral', 'psychologically', 'mentality', 'attitudinal']"
public_aj,"['audience', 'general', 'publique', 'civil', 'audiences', 'open', 'government', 'population', 'official', 'público', 'pública', 'state', 'publiques', 'publics', 'public-sector', 'year', 'report', 'publicly', 'governmental', 'citizens', 'públicas', 'pubic', 'plenary', 'state-owned', 'public-', 'society', 'pubblica', 'citizen', 'δημοσίου', 'popular', 'people', 'government-run']"
pungent_aj,['spicy']
pure_aj,"['purely', 'pur', 'clean', 'sheer', 'pura', 'upe', 'mere', 'pure-bred', 'ren', 'queen', 'neat', 'unadulterated', 'plain', 'simple']"
qualified_aj,"['skilled', 'eligible', 'trained', 'competent', 'qualifying', 'well-qualified', 'allowable', 'nuanced', 'termed', 'educated', 'characterized', 'described', 'permissible', 'qualificada', 'well-trained', 'conditional', 'called']"
quick_aj,"['rapid', 'fast', 'quickly', 'rapidly', 'speedy', 'swift', 'prompt', 'expeditious', 'hurry', 'rapids', 'swiftly', 'timely', 'soon', 'early', 'promptly', 'brief', 'sticky', 'expeditiously', 'speedily', 'fast-track', 'short']"
quiet_aj,"['calm', 'silent', 'silence', 'tranquillity', 'tranquil', 'silencer', 'alone', 'discreet', 'hush', 'shh', 'calmness', 'tranquility', 'discrete', 'quietness', '-quiet', '-silence', 'noise', 'relax', 'peaceful', 'shhh', 'tacit', 'lull', 'silencing', 'shush', 'chut']"
racist_aj,"['racism', 'racial', 'race-related', 'racially', 'non-racial', 'racialized']"
radical_aj,"['radicals', 'drastic', 'extremist', 'sweeping', 'hardline', 'free-radical', 'dramatic', 'hard-line', 'root-and-branch', 'fundamental', 'extreme', 'profound', 'thorough', 'radicalism', 'extremists', 'root', 'far-reaching', 'hardliner', 'militant']"
random_aj,"['randomized', 'randomly', 'indiscriminate', 'haphazard', 'shuffle', 'azar', 'arbitrary', 'randomised', 'chance', 'stochastic', 'uncertain', 'slum', 'blind', 'accidental', 'adventitious', 'randomness']"
rapid_aj,"['quick', 'fast', 'speedy', 'swift', 'rapidly', 'prompt', 'expeditious', 'quickly', 'timely', 'rapids', 'early', 'promptly', 'accelerated', 'fast-track', 'highway', 'high-speed', 'expeditiously', 'expedited', 'rapide', 'speedily', 'riffle', 'speed', 'rapid-', 'cursory', 'fast-paced', 'sticky', 'timesaving', 'urgent', 'go-fast']"
rare_aj,"['uncommon', 'scarce', 'nader', 'infrequent', 'unusual', 'few', 'nadir', 'rarely', 'sparse', 'exceptional', 'rarity', 'precious', 'seldom']"
rational_aj,"['sound', 'reasonable', 'sensible', 'al-rashid', 'al-rasheed', 'streamlined', 'logical', 'rashid', 'efficient', 'rationale', 'wise', 'rationalized']"
raw_aj,"['crude', 'gross', 'rough', 'crus', 'premiums', 'untreated', 'undiluted', 'premium', 'cru', 'first', 'uncooked', 'unformatted', 'plain', 'premia', 'unprocessed', 'brute', 'feedstock', 'flood', 'bully', 'initial']"
reactive_aj,"['reagent', 'reagents', 'reactant', 'responsive', 'reaction', 'passive', 'reactivated', 'var']"
realistic_aj,"['realist', 'unrealistic', 'pragmatic', 'lifelike', 'real', 'practical', 'achievable', 'reality', 'immersive', 'feasible', 'realistically', 'realities', 'down-to-earth', 'true-to-life', 'workable', 'practicable', 'actual', 'realism', 'factual', 'life-like', 'matter-of-fact']"
reasonable_aj,"['sensible', 'rational', 'reasonably', 'unreasonable', 'reasonableness', 'fair', 'legitimate', 'logical', 'sound', 'manageable', 'justified', 'wise', 'acceptable', 'affordable', 'decent', 'justifiable', 'plausible', 'appropriate', 'proper', 'meaningful', 'adequate', 'judicious']"
recent_aj,"['recently', 'last', 'latest', 'past', 'latter', 'showcase', 'up-to-date', 'final', 'lately', 'modern', 'current', 'haditha', 'newly', 'new']"
regional_aj,"['region', 'regionale', 'régional', 'regionally', 'territorial', 'regions', 'district', 'régionales', 'area', 'region-wide', 'extended-area', 'rregional', 'areas', 'regional-level', 'regional-', 'region-led', 'provincial', 'local', 'gional']"
regular_aj,"['ordinary', 'periodic', 'normal', 'regularly', 'recurrent', 'scheduled', 'routine', 'periodically', 'systematic', 'steady', 'regulate', 'usual', 'ordinario', 'periodical', 'frequent', 'frequently', 'mainstream', 'standard', 'habitual', 'periodicals', 'regulars', 'fair', 'formal', 'regulating', 'constant', 'conventional', 'plain']"
related_aj,"['associated', 'linked', 'relating', 'relevant', 'connected', 'bound', 'tied', 'pertaining', 'corresponding', 'relative', 'interrelated', 'geotextile-related', 'concerned', 'intolerance', 'correlated', 'concerning', 'thereto', 'involved', 'relation', 'pertinent', 'on', 'allied', 'interlinked', 'pfos-related', 'accompanying', 'ancillary', 'regarding', 'relationship', 'liés', 'other', 'associate', 'relatively', 'attendant', 'liées', 'affiliated', 'pertained']"
relative_aj,"['relating', 'compared', 'comparative', 'parent', 'relatively', 'related', 'pertaining', 'concerning', 'on', 'proportional', 'relatif', 'relation', 'relatives', 'regarding', 'respect']"
relevant_aj,"['pertinent', 'competent', 'related', 'concerned', 'appropriate', 'corresponding', 'applicable', 'relevance', 'relating', 'interested', 'associated', 'respective', 'useful', 'important', 'involved', 'germane', 'pertaining', 'pertinentes', 'suitable', 'proper', 'adequate', 'meaningful', 'interest', 'responsible', 'significant', 'skilled']"
reliable_aj,"['credible', 'dependable', 'trustworthy', 'trusted', 'reliably', 'reliability', 'authoritative', 'accurate', 'sound', 'unreliable', 'secure', 'solid', 'safe', 'robust', 'reputable', 'predictable', 'viable']"
religious_aj,"['religion', 'faith-based', 'religions', 'religieux', 'religieuses', 'worship', 'denominational', 'religieuse', 'nuns', 'church', 'nun', 'faith', 'confessional', 'religiously', 'church-based', 'religion-based', 'clerical']"
reluctant_aj,"['unwilling', 'reticent', 'hesitant', 'loath', 'recalcitrant', 'resistant', 'refractory']"
remaining_aj,"['residual', 'other', 'outstanding', 'pending', 'surplus', 'remnant', 'staying', 'rest', 'remainder']"
remarkable_aj,"['notable', 'outstanding', 'noteworthy', 'noticeable', 'impressive', 'significant', 'extraordinary', 'excellent', 'striking', 'considerable', 'admirable', 'marked', 'distinguished', 'amazing', 'exceptional', 'prominent', 'tremendous', 'surprising', 'strange', 'dramatic', 'eye-catching', 'conspicuous', 'wonderful', 'substantial', 'curious', 'commendable', 'splendid', 'astonishing', 'spectacular']"
remote_aj,"['distant', 'distance', 'remotely', 'outlying', 'isolated', 'peripheral', 'far-flung', 'outermost', 'transmitter', 'far-off', 'long-range', 'telecommand', 'hard-to-reach', 'faraway', 'long-haul', 'long-distance', 'clicker']"
renewed_aj,"['renewal', 'renovated', 'renew', 'new', 'renews', 'reiterated', 'revamped', 'extended', 'refurbished', 'renewable', 'resumed', 'fresh', 'renewing', 'repeated', 'reaffirmed', 'revived', 'reappointed', 'invigorated']"
representative_aj,"['representing', 'representatives', 'delegate', 'representation', 'représentant', 'representativeness', 'represent', 'agent', 'representante', 'actress', 'representational', 'represented', 'actor', 'behalf', 'delegates', 'envoy', 'deputies', 'rep', 'representativity', 'depicting']"
repressed_aj,"['oppressed', 'suppressed', 'pent-up', 'punishable', 'quelled', 'stifled', 'punished']"
required_aj,"['necessary', 'needed', 'requisite', 'requested', 'requires', 'need', 'obliged', 'demanded', 'requirements', 'held', 'require', 'prescribed', 'mandatory', 'needs', 'compulsory', 'need-by', 'appropriate', 'requirement', 'obligated', 'obligation', 'forced', 'bound', 'kept', 'necessitated', 'charged', 'compelled', 'called', 'sought', 'essential', 'asked', 'imposed', 'indispensable', 'demands']"
requisite_aj,"['necessary', 'required', 'needed', 'requested']"
residential_aj,"['housing', 'residence', 'domestic', 'accommodation', 'residency', 'apartment', 'houses', 'dwelling', 'in-patient', 'residences', 'residential-scale', 'home', 'ahn']"
respective_aj,"['corresponding', 'relevant', 'own', 'concerned', 'various', 'individual', 'different']"
responsible_aj,"['accountable', 'responsibility', 'liable', 'chargé', 'competent', 'loaded', 'perpetrators', 'liability', 'officials', 'makers', 'authors', 'guilty', 'responsable', 'granting', 'tasked', 'lead', 'accountability', 'leaders', 'responsibly', 'responsables', 'charged', 'mandated', 'head', 'responsibilities', 'origin', 'entrusted', 'official', 'answerable', 'managers', 'relevant', 'load']"
retail_aj,"['retailing', 'retailers', 'retailer', 'detail']"
revealing_aj,"['revelatory', 'disclosing', 'telling', 'reveal', 'indicative', 'instructive', 'thought-provoking', 'enlightening']"
revised_aj,"['reviewed', 'amended', 'revision', 'modified', 'revisions', 'revise', 'amendment', 'edited', 'revisited', 'overhauled', 'review', 'reformed', 'amend', 'adjusted', 'corrected', 'amendments', 'updated', 'redesigned', 'revising', 'changed']"
revolutionary_aj,"['revolution', 'revolucionaria', 'revolucionario', 'revolucionarias', 'groundbreaking', 'revolutions', 'ground-breaking', 'urng', 'breakthrough', 'al-thawra']"
ridiculous_aj,"['ludicrous', 'laughable', 'absurd', 'derisory', 'silly', 'preposterous', 'grotesque', 'stupid', 'ridicule', 'foolish', 'farcical', 'nonsense', 'pathetic', '-ridiculous', 'risible', 'nonsensical', 'unbecoming', 'nutty']"
roman_aj,"['romaine', 'romans', 'romana', 'novel', 'romain', 'romanian', 'romano', 'rome', 'romanians', 'romanesque', 'román', 'fiction', 'romi', 'ramon', 'rumanian', 'romania']"
romantic_aj,"['romance', 'make-out', 'sentimental', 'romanticism']"
rotating_aj,"['rotation', 'rotary', 'periodic', 'rotate', 'revolving', 'rotational', 'patrol', 'turning', 'swivel', 'rocking']"
rough_aj,"['gross', 'raw', 'crude', 'approximate', 'rugged', 'roughened', 'hard', 'coarse', 'brutal', 'unworked', 'tough', 'harsh', 'rude', 'rudimentary']"
round_aj,"['cycle', 'tour', 'series', 'ronde', 'tower', 'ronda', 'inning', 'discussion', 'rounds', 'turn', 'redondo', 'wave', 'kola', 'phase', 'trick', 'part-session', 'round-table', 'cycles', 'roundtable', 'tables']"
royal_aj,"['royale', 'royalist', 'real', 'koninklijke', 'monarchy', 'actual', 'property', 'ownership', 'regal', 'oup', 'kingdom']"
ruling_aj,"['ruler', 'decision', 'judgment', 'governor', 'judgement', 'governing', 'verdict', 'gov.', 'sentence', 'administrator', 'dom', 'governance', 'ndp', 'adjudication', 'rule', 'stoppage', 'provision']"
runaway_aj,"['fugitive', 'run-away', 'rampant']"
rural_aj,"['rurale', 'countryside', 'rurales', 'agricultural', 'village', 'campesina', 'rural-based', 'peasant', 'wsi', 'villages']"
sabine_aj,['sabin']
saline_aj,"['salt', 'salted', 'salty', 'physiological', 'salina', 'salt-water', 'saltwater', 'physiologic', 'salinity', 'solute', 'brackish']"
sane_aj,"['lucid', 'healthy']"
satisfactory_aj,"['satisfying', 'successful', 'unsatisfactory', 'gratifying', 'adequate', 'good', 'acceptable', 'satisfied', 'sufficient', 'favourable', 'pleasing', 'ideal']"
satisfied_aj,"['pleased', 'convinced', 'happy', 'met', 'fulfilled', 'persuaded', 'confident', 'satisfies', 'satisfactory', 'glad', 'gratified', 'contented', 'delighted', 'satisfaction', 'complacent', 'content', 'filled', 'respected', 'satisﬁed']"
sceptical_aj,"['skeptical', 'scepticism', 'incredulous']"
scientific_aj,"['science', 'scientist', 'scientists', 'scientifique', 'science-based', 'scientifically', 'scientifica', 'sciences', 'scientifiques', 'scholarly', 'al-alami', 'science-related', 'academic', 'alami', 'scientiﬁc']"
searching_aj,"['search', 'combing', 'research', 'quest', 'seeking', 'searches', 'looking', 'finding']"
secret_aj,"['secrecy', 'secrets', 'clandestine', 'covert', 'secretive', 'confidential', 'confidentiality', 'secretly', 'undercover', 'slush', 'hidden', 'sri', 'classified', 'mystery', 'incommunicado', 'hush-hush', 'underground', 'intelligence']"
sectarian_aj,"['sectarianism', 'communal', 'factional', 'denominational', 'confessional', 'doctrinal', 'cult']"
secure_aj,"['safe', 'ensure', 'sure', 'protected', 'insurance', 'security', 'guarantee', 'obtain', 'segura', 'ensuring', 'seguro', 'secured', 'safety', 'reliable', 'confident', 'course', 'assure', 'securing', 'protect', 'safeguard', 'achieve', 'assured', 'certain', 'seguros', 'get', 'guaranteed']"
senior_aj,"['high-ranking', 'high', 'top', 'high-level', 'higher', 'upper', 'main', 'superior', 'superiors', 'senior-level', 'principal', 'prominent', 'seniors', 'primary', 'supreme', 'elder', 'veteran', 'eldest', 'experienced', 'top-level', 'chief', 'older', 'leading', 'elderly', 'advanced', 'major', 'above', 'sr.', 'altos', 'higher-level', 'high-class', 'large', 'big', 'seasoned', 'executives', 'high-', 'executive']"
sensible_aj,"['reasonable', 'wise', 'rational', 'judicious', 'sound', 'sensitive', 'common-sense', 'prudent', 'intelligent', 'meaningful', 'logical', 'smart', 'sense', 'right-minded', 'useful', 'clever', 'advisable', 'unwise']"
sensitive_aj,"['delicate', 'susceptible', 'vulnerable', 'fragile', 'confidential', 'responsive', 'sensible', 'tricky', 'sensitivity', 'thorny', 'appreciable', 'significant', 'sentient', 'receptive', 'sore', 'emotive', 'critical', 'difficult', 'noticeable', 'sensitized', 'aware', 'awkward', 'lowercase', 'touchy', 'substantial']"
separate_aj,"['distinct', 'separated', 'independent', 'separately', 'different', 'discrete', 'segregated', 'individual', 'distinctive', 'sporadic', 'segregate', 'separating', 'stand-alone', 'split', 'corrigendum', 'pry', 'various', 'distinguish', 'dissociate', 'specific', 'autonomous', 'respectively', 'independence', 'own', 'isolated', 'separation', 'decouple', 'free-standing', 'standalone', 'detach', 'toseparate', 'breakaway']"
serious_aj,"['grave', 'severe', 'seriously', 'acute', 'major', 'gross', 'dangerous', 'earnest', 'heavy', 'grievous', 'significant', 'dire', 'deep', 'graves', 'great', 'conscientiously', 'gravely', 'seriousness', 'critical', 'important', 'profound', 'considerable', 'severely', 'bad', 'earnestly', 'big', 'gravity', 'substantial', 'large', 'egregious', 'strong', 'huge', 'jad', 'real', 'difficult']"
severe_aj,"['serious', 'grave', 'harsh', 'stringent', 'strict', 'acute', 'sharp', 'heavy', 'tough', 'rigorous', 'strong', 'violent', 'seriously', 'grim', 'intense', 'major', 'stern', 'hard', 'stiff', 'gross', 'drastic', 'fierce', 'dire', 'extreme', 'grievous', 'deep', 'severo', 'graves', 'severely', 'great', 'gravely']"
sexual_aj,"['sex', 'sexually', 'sexuality', 'nationality', 'sexuelles', 'nature', 'gender', 'citizenship', 'genital', 'sex-related', 'obscene', 'gender-based', 'sexual-related']"
shallow_aj,"['superficial', 'shallow-water', 'surface', 'cursory', 'surficial', 'thin']"
shared_aj,"['common', 'sharing', 'joint', 'divided', 'share', 'commons', 'split', 'exchanged', 'pooled', 'communicated', 'shares', 'distributed', 'mixed', 'cost-shared', 'partagée']"
sheer_aj,"['pure', 'mere', 'simple', 'clean', 'purely']"
shocked_aj,"['appalled', 'shaken', 'horrified', 'outraged', 'dismayed', 'upset', 'offended', 'shook', 'scandalised', 'surprised', 'impressed', 'shocking', 'electrocuted', 'dazed', 'shock', 'rocked', 'amazed', 'alarmed']"
significant_aj,"['important', 'considerable', 'meaningful', 'substantial', 'major', 'notable', 'large', 'great', 'remarkable', 'appreciable', 'big', 'sizeable', 'serious', 'noticeable', 'sensitive', 'marked', 'importance', 'huge', 'key', 'significantly', 'strong', 'enormous', 'prominent', 'tremendous', 'noteworthy', 'high', 'extensive', 'signiﬁcant', 'essential', 'notices', 'significance', 'crucial', 'critical', 'much', 'vital', 'substantive', 'relevant', 'sizable', 'dramatic', 'main', 'momentous', 'negligible']"
similar_aj,"['analogous', 'comparable', 'same', 'analogue', 'like', 'akin', 'identical', 'such', 'equivalent', 'analog', 'corresponding', 'even', 'equal', 'parallel']"
simple_aj,"['mere', 'straightforward', 'easy', 'simply', 'single', 'simplicity', 'plain', 'ordinary', 'merely', 'uncomplicated', 'simplistic', 'just', 'baseet', 'sheer', 'simplex', 'single-wide', 'simplified', 'bare', 'straight-forward', 'user-friendly', 'minor', 'briefly', 'simpler', 'basic', 'pure']"
simplified_aj,"['streamlined', 'simplify', 'simplification', 'simplistic', 'short-form', 'simplifying', 'streamline', 'streamlining', 'simple', 'simpler']"
single_aj,"['unique', 'only', 'sole', 'alone', 'internal', 'unmarried', 'uniform', 'unitary', 'simple', 'common', 'one-time', 'unified', 'unice', 'individual', 'one', 'isolated', 'sola', 'lonely', 'one-off', 'same', 'mere', 'solo', 'singleton', 'joint', 'lone', 'unico', 'unwed', 'singles', 'one-size-fits-all', 'one-stop', 'single-parent', 'just', 'singular', 'domestic']"
sketchy_aj,"['incomplete', 'vague']"
skilled_aj,"['qualified', 'trained', 'specialized', 'competent', 'skilful', 'specialised', 'specialty', 'well-qualified', 'skillful', 'specialist', 'well-trained', 'talented', 'skills', 'relevant', 'highly-qualified']"
sliding_aj,"['slider', 'slide', 'sliders', 'slipper', 'slipping', 'skid', 'slippery', 'mobile']"
slight_aj,"['mild', 'lightweight', 'léger', 'light', 'minor', 'slightly', 'small', 'légère', 'light-duty', 'modest', 'low', 'thin', 'little', 'marginal', 'light-weight', 'lenient', 'weak']"
sloppy_aj,"['careless', 'negligent', 'disordered', 'sentimental', 'neglectful', 'disorderly', 'muddy', 'clumsy', 'messy']"
smooth_aj,"['smoothly', 'harmonious', 'seamless', 'soft', 'unhindered', 'unimpeded', 'liso', 'lisa', 'good', 'seamlessly', 'gradual', 'fluid', 'orderly', 'hassle-free', 'successful', 'problem-free', 'mild', 'gentle', 'pain-free', 'easy', 'trouble-free', 'flexible', 'smooth-bore', 'zen', 'slick']"
social_aj,"['society', 'societal', 'community', 'socially', 'sociale', 'sociales', 'sociaux', 'societies', 'socio-', 'welfare', 'sociali', 'fringe', 'soziale', 'sociais', 'soziales', 'sociaal', 'κοινωνικών', 'sociálna', 'społecznego']"
socialist_aj,"['socialism', 'socialists', 'socialista', 'socialiste', 'pse', 'social-democratic', 'socialistic', 'social-democrat']"
sole_aj,"['single', 'only', 'exclusive', 'unique', 'alone', 'lonely', 'one-time', 'exclusively']"
solid_aj,"['strong', 'robust', 'sound', 'solids', 'firm', 'stable', 'reliable', 'rock-solid', 'sturdy', 'good', 'powerful', 'down-to-earth']"
sophisticated_aj,"['advanced', 'complex', 'refined', 'state-of-the-art', 'subtle', 'complicated', 'cutting-edge', 'developed', 'leading-edge', 'high-tech', 'mature']"
sore_aj,"['wound', 'painful', 'sensitive', 'pain']"
southern_aj,"['south', 'sud', 'austral', 'southerly', 'south-', 'nan', 'nanfang']"
soviet_aj,"['ussr', 'soviet-era']"
spare_aj,"['alternate', 'parts', 'sparing', 'replacement', 'alternative', 'save', 'pieces', 'stand-by', 'free', 'standby', 'reserve', 'replenishment']"
specific_aj,"['concrete', 'particular', 'special', 'precise', 'certain', 'accurate', 'specified', 'practical', 'tangible', 'definite', 'individual', 'targeted', 'own', 'unique', 'grained', 'speciﬁc', 'spécifiques', 'exact', 'detailed', 'dedicated', 'determined', 'explicit', 'specifically', 'individuals', 'some', 'précis', 'clear', 'peculiar', 'focused', 'separate', 'treaty-specific', 'specificity', 'product-specific', '-specific', 'fine-grained', 'distinctive', 'specialized', 'actual']"
spectacular_aj,"['dramatic', 'impressive', 'dramatically', 'phenomenal', 'eye-catching', 'stunning', 'remarkable']"
spectral_aj,"['spectra', 'spectrometry', 'spectrum', 'spectroscopic']"
speculative_aj,"['hedge', 'speculation', 'hypothetical', 'conjectural', 'asset-price']"
spherical_aj,['trigonometry']
spiritual_aj,"['spirit', 'witty', 'psychotropic', 'mental', 'rouhi', 'spirituality', 'intellectual', 'rawhi', 'moral']"
splendid_aj,"['excellent', 'magnificent', 'wonderful', 'beautiful', 'brilliant', 'gorgeous', 'glorious', 'marvellous', 'fantastic', 'superb', 'resplendent', 'wondrous', 'fine', 'great', 'outstanding', 'remarkable']"
spontaneous_aj,"['unsolicited', 'unprompted', 'self-activating', 'top-of-mind', 'automatic', 'unaided', 'voluntary', 'off-the-cuff']"
spurious_aj,"['false', 'fallacious', 'illegitimate', 'bogus', 'fake', 'non-pivotal', 'counterfeit']"
stable_aj,"['stability', 'steady', 'stabilize', 'stabilizing', 'flat', 'solid', 'stabilization', 'permanent', 'constant', 'stabilised', 'unchanged', 'firm', 'robust', 'barn', 'sound', 'unstable', 'stables', 'stabilized', 'fixed', 'steady-state', 'stably']"
staggering_aj,"['astonishing', 'astounding', 'stunning', 'amazing', 'shocking', 'breathtaking', 'surprising', 'startling', 'appalling', 'impressive', 'dizzying', 'striking', 'disconcerting', 'mind-boggling', 'alarming', 'uncanny', 'jaw-dropping']"
stalinist_aj,['stalin']
standard_aj,"['standards', 'norm', 'standardized', 'level', 'normal', 'standardised', 'normalized', 'uniform', 'norma', 'rules', 'criterion', 'stallion', 'criteria', 'rule', 'norme', 'uniforms', 'off-the-shelf', 'prover', 'values', 'type', 'regular', 'levels', 'usual', 'norms', 'types', 'specification', 'ordinary', 'switchboard', 'normative', 'standaard', 'normalised', 'specifications', 'model', 'quality', 'tier', 'pattern', 'yardstick', 'unified', 'stud', 'industry-standard', 'std', 'serial', 'stock', 'consolidated', 'etalon', 'habitual']"
statistical_aj,"['statistics', 'statistic', 'statisticians', 'statistique', 'estatístico', 'estadístico', 'stats', 'estadística', 'statistiques', 'statistisches', 'statistically', 'estatística', 'stat', 'statistician']"
statutory_aj,"['legislative', 'legal', 'regulatory', 'legislated', 'solemn', 'mandatory', 'lawful', 'official', 'compulsory', 'assessed', 'legislation']"
steadfast_aj,"['unwavering', 'firm', 'unshakeable', 'unswerving', 'unflinching', 'unfailing', 'strong', 'constant', 'unshakable', 'resolute', 'staunch', 'abiding']"
steady_aj,"['constant', 'stable', 'sustained', 'regular', 'stability', 'continuous', 'steadily', 'continuing', 'stationary', 'continued', 'ongoing', 'consistent', 'stabilized', 'flat', 'constantly', 'firm', 'progressive', 'continual', 'gradual', 'fixed', 'regularly', 'stabilize']"
steep_aj,"['abrupt', 'sharp', 'rugged', 'stiff', 'strong', 'precipitous', 'pronounced']"
stiff_aj,"['rigid', 'steep', 'stiffness', 'fierce', 'harsh', 'severe', 'stone-cold', 'tough', 'hard', 'corpse']"
still_aj,"['yet', 'always', 'even', 'again', 'further', 'stiii', 'ever', 'nevertheless', 'anyway', 'consistently', 'also', 'remains', 'nonetheless', 'encore', 'however', 'increasingly']"
straightforward_aj,"['simple', 'direct', 'easy', 'mere', 'uncomplicated', 'clear', 'simply', 'forthright', 'explicit', 'non-complex']"
stranded_aj,"['stuck', 'trapped', 'blocked', 'beached', 'abandoned', 'grounded', 'failed', 'braided']"
strange_aj,"['odd', 'weird', 'bizarre', 'curious', 'peculiar', 'funny', 'ghraib', 'surprising', 'unusual', 'ghareb', 'gharib', 'freaky', 'uncanny', 'awkward', '-weird', 'strange-looking', 'alien', 'remarkable', 'extraneous', 'unfamiliar', 'eerie', 'extraordinary', 'paradoxical']"
strategic_aj,"['strategy', 'strategies', 'policy', 'stratégiques', 'stratégique', 'strategically', 'strategic-level', 'strategist']"
stressful_aj,"['stress', 'nerve-wracking', 'stress-related', 'distressing']"
strict_aj,"['stringent', 'rigorous', 'tough', 'rigid', 'strictly', 'tight', 'severe', 'harsh', 'scrupulous', 'firm', 'strong', 'rigour', 'restrictive', 'hardline', 'narrow', 'stern', 'bare', 'exacting', 'objective', 'high', 'vigorous', 'precise', 'close']"
striking_aj,"['surprising', 'impressive', 'remarkable', 'astonishing', 'hitting', 'eye-catching', 'glaring', 'stunning', 'hit', 'amazing', 'notable', 'astounding', 'blatant', 'staggering', 'conspicuous', 'shocking', 'startling', 'dramatic', 'prominent', 'flagrant', 'vivid', 'noticeable']"
structural_aj,"['structure', 'structures', 'structurally', 'structured', 'systemic']"
stupid_aj,"['silly', 'dumb', 'foolish', 'idiot', 'beast', 'idiotic', 'fool', 'idiots', 'daft', 'ridiculous', 'moron', 'stupid-ass', 'stupidity', 'dom', 'jerk', 'imbecile', 'retarded', 'asinine', 'witless', 'retard', 'moronic', 'absurd', 'siily', 'mindless', 'twit', 'injudicious', 'jackass', 'bullshit', 'dummy', 'punchy', 'crazy']"
submerged_aj,"['submersed', 'overwhelmed', 'immersed', 'flooded', 'swamped', 'submergent', 'inundated', 'sunken', 'submersible', 'deluged', 'drowned', 'underwater', 'disposed', 'overrun']"
subsequent_aj,"['later', 'posterior', 'following', 'further', 'consequent', 'future', 'successive', 'subsequently', 'next', 'follow-on', 'after', 'rear', 'trailing', 're-screen', 'consecutive', 'eventual']"
substantial_aj,"['considerable', 'significant', 'substantive', 'important', 'major', 'large', 'great', 'huge', 'big', 'sizeable', 'notable', 'appreciable', 'essential', 'enormous', 'meaningful', 'massive', 'fundamental', 'remarkable', 'serious', 'tremendous', 'extensive', 'strong', 'concrete', 'tangible', 'sensitive']"
subtle_aj,"['delicate', 'sophisticated', 'discreet', 'nuanced', 'cunning', 'perceptive']"
successful_aj,"['success', 'fruitful', 'successfully', 'satisfactory', 'prosperous', 'effective', 'succeeded', 'positive', 'good', 'productive', 'smooth', 'chengkung', 'achievement', 'succeed', 'efficient', 'successes', 'happy', 'conclusive', 'thriving']"
successive_aj,"['consecutive', 'sequential', 'subsequent', 'back-to-back', 'repeated', 'straight']"
sudden_aj,"['abrupt', 'sudden-onset', 'unexpected', 'surprise', 'suddenly', 'short-notice', 'brutal', 'sharp', 'snap', 'precipitous', 'surprising', 'unannounced', 'flash']"
sufficient_aj,"['enough', 'adequate', 'sufficiently', 'insufficient', 'ample', 'inadequate', 'satisfactory', 'suffice', 'full', 'appropriate', 'fully', 'adequately', 'necessary', 'proper']"
suitable_aj,"['appropriate', 'adequate', 'proper', 'fit', 'adapted', 'tailored', 'conducive', 'right', 'convenient', 'fitting', 'decent', 'relevant', 'acceptable', 'due', 'opportune']"
superb_aj,"['excellent', 'beautiful', 'magnificent', 'gorgeous', 'wonderful', 'splendid', 'fantastic', 'extraordinary', 'outstanding', 'exceptional']"
superior_aj,"['upper', 'higher', 'senior', 'supérieure', 'supérieur', 'above', 'top', 'superiors', 'best', 'top-level', 'tertiary', 'high', 'graduate', 'excess', 'supreme', 'supervisor', 'higher-level']"
supposed_aj,"['alleged', 'presumed', 'assumed', 'so-called', 'purported']"
supreme_aj,"['supremo', 'suprema', 'highest', 'high', 'suprême', 'higher', 'upper', 'top', 'maximum', 'ultimate', 'senior', 'paramount', 'superior', 'overriding', 'higher-order']"
surprising_aj,"['astonishing', 'amazing', 'surprised', 'striking', 'startling', 'astounding', 'stunning', 'strange', 'staggering', 'unexpected', 'odd', 'remarkable', 'puzzling', 'sudden', 'surprise', 'shocking']"
surreal_aj,"['surrealistic', 'surrealist', 'unreal', 'bizarre']"
surrounding_aj,"['neighbouring', 'neighboring', 'nearby', 'ambient', 'around', 'outlying', 'takes', 'adjacent', 'bordering', 'encircling', 'moheet']"
swedish_aj,"['sweden', 'krona', 'svenska', 'swedes', 'swede', 'svensk', 'al-suwaidi', 'crown']"
sympathetic_aj,"['compassionate', 'likable', 'likeable', 'congenial', 'sympathy', 'benevolent', 'friendly', 'sociable', 'nice', 'favourable', 'endearing', 'pleasant']"
syntactic_aj,['syntax']
syrian_aj,"['syria', 'syrians', 'syriac', 'aram', 'syrian-', 'sana', 'suri']"
systematic_aj,"['systematically', 'systemic', 'systematics', 'routine', 'regular', 'consistent', 'methodical', 'systématique', 'systematized', 'methodological', 'orderly', 'methodology', 'structured', 'deliberate', 'consistently', 'system']"
tabular_aj,"['tubular', 'table', 'tables']"
tactical_aj,"['tactics', 'tactic', 'battle']"
tactless_aj,['clumsy']
tamil_aj,"['tamils', 'ltte', 'tiger', 'tigers', 'eelam']"
taxable_aj,"['dutiable', 'non-taxable', 'assessable', 'tax', 'chargeable']"
technical_aj,"['techniques', 'technique', 'technological', 'technology', 'technologies', 'technically', 'functional', 'technicians', 'technician', 'engineering', 'technische', 'substantive', 'tech', 'técnico', 'técnica', 'skills', 'art', 'artistic', 'professional']"
technological_aj,"['technology', 'technical', 'technologies', 'technologique', 'technologiques', 'tecnológica', 'tecnológico', 'techniques', 'technology-based', 'tech', 'technique']"
temporary_aj,"['provisional', 'interim', 'temporarily', 'temporal', 'temp', 'casual', 'transitory', 'transitional', 'temporaire', 'tentative', 'tempore', 'non-regular', 'transient', 'fixed-term', 'caretaker', 'short-term', 'makeshift', 'time-limited']"
terrible_aj,"['dreadful', 'appalling', 'awful', 'horrible', 'horrific', 'horrendous', 'dire', 'horrifying', 'terrifying', 'atrocious', 'gruesome', 'bad', 'heinous', 'hideous', 'frightening', 'ugly', 'tragic', 'ghastly', 'shocking', 'devastating', 'tremendous', 'frightful', 'daunting', 'dramatic', 'disastrous', 'formidable', 'horrid', 'harrowing', 'abominable', 'fearsome', 'terrific', 'abhorrent', 'grim', 'scary', 'god-awful', 'egregious', 'dreaded']"
textual_aj,"['text-based', 'text', 'verbatim']"
thematic_aj,"['theme', 'thématique', 'thématiques', 'topical', 'themes', 'theme-based', 'topic', 'substantive', 'topics', 'subject-oriented', 'topic-based', 'subject', 'thematically', 'issue-specific', 'special-topic', 'issue-based', 'subject-matter', 'subject-related', 'thã']"
theoretical_aj,"['theory', 'notional', 'conceptual', 'theories', 'theoretically', 'theoretic', 'academic', 'moot', 'lilun', 'imputed', 'theorist', 'desk', 'doctrine', 'hypothetical', 'pre-service']"
thick_aj,"['thickness', 'dense', 'hau', 'heavy', 'bulk', 'thickened', 'coarse', 'meinung', 'thin']"
thriving_aj,"['prosperous', 'flourishing', 'booming', 'burgeoning', 'vibrant', 'buoyant', 'blossoming', 'successful']"
thrusting_aj,"['overlap', 'overlapping']"
tight_aj,"['strict', 'stringent', 'close', 'narrow', 'tense', 'rigorous', 'tough', 'intensive', 'rigid', 'intense', 'short', 'adjusted', 'tightened', 'snug', 'leakproof', 'tightly', 'restrictive']"
tory_aj,"['conservative', 'curator']"
tough_aj,"['hard', 'harsh', 'difficult', 'strict', 'stringent', 'severe', 'hardline', 'hard-line', 'rigorous', 'arduous', 'strong', 'tight', 'cruel', 'rough', 'fierce', 'firm', 'dura', 'heavy', 'rigid', 'durum', 'challenging', 'stiff', 'strongly-worded', 'grim']"
traditional_aj,"['conventional', 'tradition', 'traditions', 'classic', 'classical', 'customary', 'ancestral', 'traditionnelle', 'usual', 'mainstream', 'legacy', 'folk', 'heritage']"
traumatic_aj,"['traumatizing', 'post-traumatic', 'excessively', 'trauma']"
tremendous_aj,"['enormous', 'huge', 'immense', 'formidable', 'great', 'massive', 'vast', 'considerable', 'extraordinary', 'daunting', 'terrific', 'terrible', 'colossal', 'gigantic', 'remarkable', 'fantastic', 'wonderful', 'significant', 'large', 'dramatic', 'substantial', 'incredible', 'phenomenal', 'big', 'overwhelming', 'major', 'amazing', 'horrendous']"
trim_aj,"['garnish', 'trims', 'finisher', 'garrison', 'cutout', 'lining', 'upholstery']"
tropical_aj,"['equatorial', 'orbital', 'equatoria', 'orbiting', 'non-tropical', 'equateur', 'typhoon']"
turbulent_aj,"['troubled', 'tumultuous', 'unruly', 'stormy', 'restive', 'agitated', 'volatile', 'restless', 'eddy', 'disturbed', 'hectic', 'disordered']"
typical_aj,"['atypical', 'characteristic', 'classic', 'normal', 'usual', 'type', 'characteristics', 'types', 'habitual', 'classical', 'emblematic']"
ubiquitous_aj,"['omnipresent', 'pervasive', 'ever-present', 'widespread', 'rampant', 'all-pervasive']"
ultimate_aj,"['final', 'eventual', 'ultime', 'last', 'definitive', 'supreme', 'end', 'latter', 'maximum', 'corporate-level']"
unable_aj,"['incapable', 'able', 'impossible', 'unfit', 'incompetent', 'incapacitated', 'powerless', 'capable']"
unattractive_aj,"['unappealing', 'unglamorous', 'repellent']"
uncertain_aj,"['precarious', 'insecure', 'unsure', 'unconfirmed', 'unclear', 'uncertainty', 'unsafe', 'doubtful', 'random', 'dubious', 'unstable', 'vague', 'shaky', 'questionable', 'volatile', 'unknown', 'unsettled', 'unpredictable', 'ambiguous']"
underlying_aj,"['underpinning', 'root', 'basic', 'fundamental', 'subjacent', 'deep', 'profound', 'core', 'predicate']"
undisturbed_aj,"['unperturbed', 'intact', 'disturbed']"
unemployed_aj,"['jobless', 'unemployment', 'non-employed', 'ployed', 'redundant']"
unequivocal_aj,"['unambiguous', 'unequivocally', 'clear', 'unmistakable', 'unmistakeable', 'categorical', 'clear-cut', 'explicit', 'definite']"
unexpected_aj,"['unforeseen', 'unanticipated', 'unintended', 'sudden', 'unplanned', 'unpredictable', 'unhoped-for', 'contingencies', 'unscheduled', 'surprising', 'unforeseeable', 'surprise', 'unannounced', 'sudden-onset', 'short-notice']"
unfair_aj,"['unjust', 'inequitable', 'dishonest', 'disloyal', 'undue', 'unequal', 'iniquitous', 'unfairness', 'abusive', 'unreasonable', 'fair', 'unjustified', 'indu', 'improper', 'unscrupulous', 'wrong', 'uneven', 'invidious', 'dishonourable']"
unfamiliar_aj,"['unknown', 'familiar', 'little-known', 'unusual', 'strange']"
unfit_aj,"['unsuitable', 'incapable', 'unworthy', 'unable', 'inappropriate', 'incompetent', 'improper', 'non-eligible', 'ineligible']"
unfortunate_aj,"['regrettable', 'unhappy', 'deplorable', 'sad', 'lamentable', 'miserable', 'hapless', 'unlucky', 'wretched', 'unappy', 'tragic', 'unpleasant', 'disgraceful', 'ill-fated', 'pitiful', 'dismal', 'unfortunately', 'disappointing', 'sorrowful', 'untoward']"
unholy_aj,"['impure', 'unnatural', 'godless', 'ungodly', 'diabolical', 'unclean', 'immoral', 'sinful']"
unifying_aj,"['unify', 'unification', 'reunification', 'uniting', 'unified', 'unite']"
unique_aj,"['single', 'sole', 'exclusive', 'singular', 'exceptional', 'one-time', 'only', 'unparalleled', 'alfred', 'one-of-a-kind', 'one-off', 'distinctive', 'distinct', 'specific', 'farid', 'own', 'peculiar', 'particular', 'special', 'unprecedented', 'irreplaceable', 'fareed', 'uniqueness', 'unitary', 'unmatched', 'outstanding', 'once-in-a-lifetime', 'extraordinary', 'farida', 'unrepeatable', 'unrivaled']"
united_aj,"['nations', 'organization', 'kingdom', 'organisation', 'unies', 'unidas', 'uni', 'reino', 'unified', 'naciones', 'unidos', 'nation', 'untied', 'emirates', 'joint', 'vereinten', 'theunited', 'usa', 'verenigde']"
universal_aj,"['universelle', 'universality', 'world', 'global', 'universale', 'universally', 'universelles', 'general', 'widespread', 'one-size-fits-all', 'universalization', 'worldwide', 'generalized']"
unknown_aj,"['unidentified', 'inconnu', 'stranger', 'unfamiliar', 'unknowns', 'unrecognized', 'uncharted', 'undetermined', 'undisclosed', 'known', 'little-known', 'indeterminate', 'unsung', 'unnamed', 'anonymous', 'unspecified', 'unheard', 'doe', 'uncertain', 'undiscovered']"
unlikely_aj,"['improbable', 'implausible', 'doubtful', 'likely', 'probable']"
unnecessary_aj,"['superfluous', 'needless', 'useless', 'pointless', 'unneeded', 'undue', 'redundant', 'futile', 'unwarranted', 'non-essential', 'worthless', 'unhelpful', 'wasteful', 'avoidable', 'meaningless', 'necessary', 'vain', 'unjustified']"
untouched_aj,"['intact', 'unspoilt', 'spared']"
unusual_aj,"['uncommon', 'rare', 'abnormal', 'extraordinary', 'exceptional', 'strange', 'uncharacteristic', 'anomalous', 'odd', 'unfamiliar', 'atypical']"
upper_aj,"['superior', 'higher', 'senior', 'high', 'top', 'supérieure', 'supreme', 'above', 'graduate', 'superiors', 'al-alawi', 'maximum', 'supérieur', 'best', 'tertiary', 'excess', 'upstream', 'uppermost', 'haute', 'upper-class', 'altitude']"
urban_aj,"['urbain', 'urbaine', 'cities', 'city', 'urbana', 'town', 'towns', 'urbano', 'urbaines', 'urbanized', 'municipal', 'urbains', 'miejskiej', 'miejskie', 'metropolitan', 'urban-based', 'urbanization']"
urgent_aj,"['pressing', 'emergency', 'urgency', 'urgently', 'immediate', 'compelling', 'imperative', 'exigency', 'acute', 'prompt', 'speedy', 'flash', 'contingency', 'dire', 'time-sensitive', 'rapid']"
used_aj,"['use', 'utilized', 'employed', 'uses', 'utilised', 'applied', 'employee', 'using', 'accustomed', 'served', 'exploited', 'spent', 'employees', 'utilizes', 'utilize', 'consumed', 'operated', 'resorted', 'second-hand', 'invoked', 'usada', 'appeal', 'implemented', 'utilization']"
vague_aj,"['wave', 'waves', 'unclear', 'imprecise', 'ambiguous', 'woolly', 'obscure', 'blurred', 'mysterious', 'fuzzy', 'inaccurate', 'shadowy', 'uncertain', 'unspecific', 'hazy', 'diffuse', 'vagueness', 'tide', 'opaque', 'sketchy', 'evasive', 'spate']"
valid_aj,"['validity', 'válido', 'effective', 'validates', 'meaningful', 'validate', 'valuable', 'worthwhile', 'able-bodied', 'sound', 'invalid', 'good', 'true', 'sari', 'legitimate', 'applicable', 'effectively', 'viable', 'tenable', 'justified', 'worthy', 'well-founded', 'validated']"
valuable_aj,"['precious', 'invaluable', 'useful', 'worthwhile', 'value', 'worthy', 'helpful', 'high-value', 'valid', 'important', 'cherished', 'priceless', 'interesting', 'treasured', 'valued', 'meaningful', 'appreciable']"
various_aj,"['different', 'diverse', 'several', 'miscellaneous', 'variety', 'varying', 'varied', 'multiple', 'many', 'differing', 'individual', 'distinct', 'numerous', 'sundry', 'diverses', 'separate', 'respective', 'disparate', 'divergent', 'alternative', 'assorted', 'other']"
vast_aj,"['wide', 'overwhelming', 'broad', 'large', 'huge', 'great', 'enormous', 'immense', 'extensive', 'tremendous', 'big', 'massive', 'major', 'wide-ranging', 'grande', 'comprehensive', 'grand', 'considerable', 'large-scale', 'widespread', 'high']"
verbal_aj,"['verbale', 'verbales', 'oral', 'orally', 'word', 'rhetorical']"
vertical_aj,"['vertically', 'riser', 'upright', 'portrait', 'verticals', 'top-down', 'longitudinal', 'risers']"
victorian_aj,['victoria']
violent_aj,"['violence', 'fierce', 'brutal', 'violate', 'severe', 'abusive', 'heavy', 'vicious', 'intense']"
visible_aj,"['viewable', 'apparent', 'heavy-weight', 'tangible', 'noticeable', 'evident', 'visibly', 'obvious', 'conspicuous', 'discernible', 'visibility', 'perceptible', 'observable', 'discernable', 'clear', 'prominent', 'visual']"
visual_aj,"['visually', 'optical', 'video', 'eye', 'impaired', 'optic', 'audiovisual', 'audio-visual', 'visible', 'sight', 'vision']"
vital_aj,"['essential', 'crucial', 'critical', 'important', 'fundamental', 'indispensable', 'key', 'decisive', 'imperative', 'vitale', 'life-saving', 'necessary', 'paramount', 'pivotal', 'basic', 'capital', 'central', 'major', 'core', 'significant']"
voluntary_aj,"['volunteer', 'volunteers', 'voluntarily', 'optional', 'volunteering', 'volontaires', 'freiwilligen', 'volontari', 'volunteerism', 'wilful', 'volontaire', 'deliberate', 'volunteered', 'voluntariness', 'freewill', 'spontaneous', 'intentional', 'boneheads']"
vulnerable_aj,"['fragile', 'susceptible', 'sensitive', 'weak', 'exposed', 'vulnerability', 'disadvantaged', 'prone', 'defenceless', 'at-risk', 'endangered', 'delicate']"
weak_aj,"['low', 'feeble', 'fragile', 'poor', 'vulnerable', 'weakness', 'zaeef', 'weakened', 'small', 'tenuous', 'shaky', 'flimsy', 'frail', 'deficient', 'faint', 'little', 'sluggish', 'soft', 'insufficient', 'inadequate', 'lackluster', 'precarious', 'slack', 'powerless', 'weaker', 'slight']"
wealthy_aj,"['rich', 'affluent', 'prosperous', 'well-off', 'rika', 'riche', 'fortunate']"
welsh_aj,"['wales', 'welshman', 'welch', 'masturbating', 'wels']"
western_aj,"['west', 'sai', 'sahara', 'bank', 'occidentale', 'occidental', 'ouest', ""'ouest"", 'westerners', 'westerner', 'westerly', 'balkans', 'western-style', 'westen']"
whole_aj,"['entire', 'together', 'set', 'entirety', 'any', 'full', 'all', 'overall', 'integer', 'plenary', 'total', 'totality', 'general', 'joint', 'everything', 'ensemble', 'complete', 'package', 'every', 'comprehensive', 'suite', 'assembly']"
widespread_aj,"['generalized', 'generalised', 'pervasive', 'broad', 'prevalent', 'extensive', 'wide', 'large-scale', 'rife', 'wide-ranging', 'rampant', 'extended', 'ubiquitous', 'universal', 'general', 'broad-based', 'massive', 'common', 'across-the-board', 'wide-spread', 'widely', 'comprehensive', 'extensively', 'wide-range', 'wide-scale', 'endemic', 'vast', 'commonplace', 'prevailing']"
wild_aj,"['savage', 'feral', 'sauvage', 'wildlife', 'wild-type', 'silvestre', 'wilderness', 'wilde', 'nature', 'crazy', 'fauna', 'land-based', 'faune', 'buffalo', 'ruthless', 'ground', 'uncontrolled', 'unbridled', 'land-mines', 'yeh', 'rugged']"
willing_aj,"['ready', 'prepared', 'loans', 'disposed', 'keen', 'inclined', 'eager', 'desirous', 'lending', 'loan', 'unwilling']"
winning_aj,"['winner', 'win', 'victory', 'award-winning', 'winners', 'earn', 'wins', 'earning', 'gaining', 'gain', 'gagnant', 'defeating']"
wise_aj,"['sensible', 'sage', 'prudent', 'judicious', 'sages', 'intelligent', 'wisdom', 'al-hakim', 'clever', 'hakim', 'smart', 'unwise', 'advisable', 'hakeem', 'geds', 'reasonable', 'sound', 'elders', 'astute', 'rational', 'cautious', 'al-hekma', 'informed']"
wonderful_aj,"['marvellous', 'marvelous', 'beautiful', 'fantastic', 'magnificent', 'splendid', 'excellent', 'amazing', 'fabulous', 'terrific', 'wonderfui', 'lovely', 'great', 'gorgeous', 'formidable', 'wondrous', 'awesome', 'superb', 'wonderland', 'delightful', 'brilliant', 'glorious', '-wonderful', 'tremendous', 'extraordinary', 'fine', 'admirable', 'remarkable', 'delicious', 'perfect', 'nice', 'outstanding']"
wooden_aj,"['wood', 'muk', 'timber', 'lumber']"
worsening_aj,"['deteriorating', 'deterioration', 'aggravation', 'exacerbation', 'degradation', 'deepening', 'exacerbating', 'aggravating', 'widening', 'escalation']"
worthless_aj,"['useless', 'pointless', 'unnecessary', 'futile', 'good-for-nothing', 'non-taxable', 'meaningless']"
worthwhile_aj,"['valuable', 'useful', 'worth', 'interesting', 'worthy', 'valid', 'helpful', 'meaningful', 'penalty', 'profitable', 'commendable', 'fruitful', 'beneficial', 'laudable', 'precious']"
written_aj,"['writing', 'writings', 'writes', 'drafted', 'écrite', 'écrits', 'wrote', 'typed', 'story', 'write', 'hand-written', 'printed', 'print', 'prepared', 'documentary', 'authored', 'handwritten']"
absolutely_av,"['completely', 'totally', 'entirely', 'perfectly', 'quite', 'definitely', 'utterly', 'fully', 'certainly', 'wholly', 'absolute', 'whatsoever', 'very', 'extremely', 'vitally', 'really', 'abundantly', 'strictly', 'categorically', 'necessarily', 'altogether', 'exactly', 'downright', 'urgently', 'desperately', 'firmly', 'wholeheartedly']"
accidentally_av,"['inadvertently', 'accidently', 'unintentionally', 'incidentally', 'mistakenly']"
accordingly_av,"['consequently', 'therefore', 'thus', 'hence', 'correspondingly', 'corresponding', 'so', 'appropriately']"
actively_av,"['active', 'positive', 'proactively', 'vigorously', 'positively', 'energetically', 'aggressively', 'effectively', 'intensively', 'enthusiastically', 'proactive']"
actually_av,"['really', 'indeed', 'truly', 'genuinely', 'effectively', 'real', 'already', 'basically', 'even', 'virtually']"
afterwards_av,"['subsequently', 'later', 'after', 'then', 'thereafter', 'retrospectively']"
aggressively_av,"['dynamically', 'actively', 'vigorously', 'strongly', 'energetically']"
ahead_av,"['forward', 'before', 'forthcoming', 'future', 'coming', 'imam', 'forwards', 'prior', 'next', 'ago', 'upcoming', 'upstream']"
almost_av,"['nearly', 'virtually', 'practically', 'near', 'close', 'approximately', 'fast', 'hardly', 'closely', 'roughly', 'about', 'around', 'casi', 'pretty', 'barely', 'scarcely', 'nigh', 'près']"
along_av,"['together', 'throughout', 'over', 'jointly', 'long', 'alongside']"
already_av,"['oj', 'longer', 'previously', 'juba', 'ever', 'jo', 'now', 'because', 'actually', 'earlier', 'ya', 'unfortunately', 'since', 'as', 'even', 'back', 'indeed', 'originally', 'leaves', 'currently']"
alright_av,"['okay', 'ok', 'fine', 'good', 'well']"
alternatively_av,"['alternately', 'subsidiarily', 'otherwise', 'conversely', 'optionally', 'instead', 'furthermore']"
altogether_av,"['completely', 'entirely', 'totally', 'fully', 'wholly', 'quite', 'absolutely']"
anyway_av,"['anyhow', 'anyways', 'brief', 'anyhoo', 'writ', 'still', 'nevertheless', 'short', 'finally', 'nonetheless', 'bref']"
anywhere_av,"['nowhere', 'everywhere', 'somewhere', 'anyplace', 'elsewhere', 'wherever']"
apart_av,"['outside', 'addition', 'aside', 'regardless', 'irrespective', 'beyond', 'separately', 'furthermore', 'moreover', 'independently', 'interval']"
apparently_av,"['seemingly', 'obviously', 'evidently', 'reportedly', 'ostensibly', 'clearly', 'allegedly', 'supposedly', 'manifestly', 'seems', 'visibly', 'presumably']"
approximately_av,"['about', 'roughly', 'around', 'nearly', 'some', 'almost', 'environ', 'approx', '~', 'approximate', 'near', 'estimated', 'close', 'approximatly']"
around_av,"['approximately', 'about', 'throughout', 'roughly', 'across', 'some', 'nearly', 'autour', 'near', 'almost', 'on', 'towards', 'over', 'everywhere', 'surrounding', 'in', 'nearby']"
as_av,"['because', 'a13', 'iike', 'under', 'title', 'co', 'already', 'como', 'ab', 'equally', 'oj']"
aside_av,"['side', 'sideways', 'côté', 'apart', 'hand', 'away']"
automatically_av,"['automatic', 'auto', 'spontaneously', 'systematically', 'routinely', 'automated', 'necessarily']"
away_av,"['outside', 'far', 'out', 'aside', 'distance']"
backwards_av,"['back', 'backward', 'retrograde', 'rearward', 'upside-down', 'behind', 'ago', 'back-to-front']"
badly_av,"['poorly', 'bad', 'desperately', 'severely', 'seriously', 'wrong', 'urgently', 'evil', 'hard', 'gravely', 'ill', 'sorely', 'miserably', 'hurt', 'incorrectly']"
barely_av,"['hardly', 'scarcely', 'just', 'narrowly', 'only', 'almost', 'little']"
basically_av,"['essentially', 'fundamentally', 'mainly', 'primarily', 'basic', 'largely', 'substantially', 'virtually', 'wholesale', 'practically', 'inherently', 'mostly', 'broadly', 'principally', 'actually', 'fundamental', 'predominantly']"
below_av,"['hereinafter', 'following', 'infra', 'lower', 'underneath', 'beneath', 'under', 'hereunder', 'hereafter', 'then', 'least', 'less', 'bottom', 'lowest', 'fuse', 'ci-dessous', 'follows', 'next', 'later', 'down', 'downstream', 'underside', 'inferior', 'downstairs', 'farther']"
besides_av,"['moreover', 'furthermore', 'beside', 'alongside', 'additionally', 'beyond', 'meanwhile', 'except', 'also', 'further', 'outside']"
bloody_av,"['deadly', 'bloodthirsty', 'sanguine', 'bloodshed', 'murderous', 'bloodstained', 'fucking', 'goddamn', 'damn', 'blood-soaked', 'blood', 'cursed', 'bloodless']"
both_av,"['two', 'either', 'so', 'the', 'whether', 'each']"
bravely_av,"['courageously', 'valiantly', 'boldly', 'yong']"
briefly_av,"['brief', 'succinctly', 'short', 'summarily', 'quickly', 'brieﬂy', 'shortly', 'soon', 'concisely', 'simple', 'rapidly', 'summary']"
broadly_av,"['widely', 'largely', 'generally', 'extensively', 'wide', 'overall', 'amply', 'roughly', 'comprehensively', 'basically', 'brett', 'essentially']"
brutally_av,"['savagely', 'cruelly', 'nakedly', 'violently', 'viciously', 'abruptly', 'ruthlessly', 'sharply', 'fiendishly', 'callously', 'mercilessly', 'suddenly', 'bluntly']"
by_av,"['per', 'para', 'paras', 'via', 'par', 'under', 'torque', 'here', 'por', 'vis-', 'using', 'pair', 'because']"
certainly_av,"['surely', 'definitely', 'undoubtedly', 'indeed', 'doubtless', 'admittedly', 'absolutely', 'clearly', 'obviously', 'sure', 'unquestionably', 'really', 'probably', 'naturally', 'undeniably', 'truly', 'doubt', 'toki', 'indisputably', 'decidedly']"
cheaply_av,['cheap']
clandestinely_av,"['illegally', 'irregularly', 'secretly', 'surreptitiously']"
clearly_av,"['clear', 'obviously', 'manifestly', 'evidently', 'explicitly', 'unequivocally', 'plainly', 'apparently', 'patently', 'certainly', 'unambiguously', 'undoubtedly', 'definitely', 'expressly', 'distinctly', 'claire', 'visibly', 'demonstrably', 'naturally', 'markedly', 'soberly', 'surely', 'clara', 'significantly', 'well', 'openly', 'blatantly', 'vividly']"
close_av,"['closely', 'narrow', 'near', 'closure', 'nearly', 'closing', 'almost', 'shut', 'tight', 'nearby', 'closer', 'proximity', 'closed', 'latch', 'intimate', 'closes', 'shutdown', 'conclude', 'lock', 'vicinity', 'end', 'strong', 'straits', 'strait', 'fill', 'farm', 'conclusion', 'document', 'intimately', 'approximately', 'intensive', 'narrowly', 'next', 'adjacent', 'finish', 'closures', 'strict', 'bridge', 'firm']"
closely_av,"['close', 'carefully', 'intimately', 'tightly', 'narrowly', 'nearly', 'attentively', 'near', 'almost', 'inextricably', 'intricately', 'strictly', 'closer', 'strongly', 'thoroughly', 'integrally', 'intrinsically', 'intensively', 'intently']"
closer_av,"['narrower', 'nearest', 'close', 'closest', 'stronger', 'tighter', 'greater', 'closely', 'enhanced', 'deeper', 'more', 'nearer', 'strengthened']"
commonly_av,"['frequently', 'often', 'fluently', 'routinely', 'usually', 'fluent', 'generally', 'typically', 'widely', 'normally', 'popularly', 'ordinarily', 'common', 'ﬂuently', 'customarily']"
comparatively_av,"['relatively', 'comparably', 'fairly']"
completely_av,"['totally', 'fully', 'entirely', 'absolutely', 'wholly', 'quite', 'perfectly', 'utterly', 'altogether', 'full', 'thoroughly', 'wholeheartedly', 'very', 'abundantly', 'complete', 'radically', 'comprehensively', 'exactly', 'diametrically', 'downright']"
consequently_av,"['accordingly', 'therefore', 'thus', 'hence', 'so', 'thereby', 'correspondingly']"
considerably_av,"['significantly', 'substantially', 'greatly', 'dramatically', 'much', 'markedly', 'drastically', 'sharply', 'noticeably', 'far', 'appreciably', 'vastly', 'enormously', 'signiﬁcantly', 'widely', 'remarkably', 'severely', 'heavily', 'largely', 'considerable', 'tremendously', 'very']"
consistently_av,"['systematically', 'constantly', 'coherently', 'uniformly', 'steadily', 'always', 'invariably', 'continuously', 'evenly', 'continually', 'regularly', 'routinely', 'repeatedly', 'persistently', 'still', 'rigorously', 'uniform', 'permanently', 'tirelessly', 'systematic', 'consistent']"
constantly_av,"['continually', 'continuously', 'consistently', 'steadily', 'permanently', 'always', 'constant', 'repeatedly', 'persistently', 'continuous', 'incessantly', 'regularly', 'unceasingly', 'steady', 'ceaselessly', 'ever', 'endlessly']"
correctly_av,"['properly', 'rightly', 'successfully', 'correct', 'right', 'appropriately', 'adequately', 'accurately', 'succesfully', 'sucessfully', 'well', 'duly', 'rightfully', 'proper', 'justifiably']"
curiously_av,"['strangely', 'interestingly', 'oddly', 'bizarrely', 'surprisingly', 'amazingly', 'remarkably', 'suspiciously', 'peculiarly']"
currently_av,"['presently', 'now', 'current', 'present', 'nowadays', 'today', 'already']"
dangerously_av,"['perilously', 'precariously', 'treacherously', 'alarmingly', 'seriously', 'critically']"
deep_av,"['profound', 'deeply', 'profoundly', 'grave', 'in-depth', 'root', 'depth', 'deep-seated', 'deep-rooted', 'thorough', 'serious', 'far-reaching', 'deepest', 'throat', 'great', 'sincere', 'heartfelt', 'depths', 'underlying', 'sham', 'strong', 'gravely', 'deep-sea', 'severe', 'shum', 'thoroughgoing', 'interstellar']"
deeply_av,"['profoundly', 'deep', 'gravely', 'strongly', 'very', 'extremely', 'firmly', 'greatly', 'seriously', 'highly', 'keenly', 'acutely', 'thoroughly', 'profound', 'severely', 'utterly', 'heavily', 'bitterly', 'fundamentally', 'radically']"
definitely_av,"['certainly', 'definitively', 'surely', 'undoubtedly', 'absolutely', 'clearly', 'decidedly', 'really', 'permanently', 'unquestionably', 'strongly', 'doubtless', 'decisively', 'firmly', 'absolute', 'indeed', 'resolutely', 'categorically', 'undeniably', 'obviously']"
deliberately_av,"['intentionally', 'wilfully', 'consciously', 'knowingly', 'purposely', 'deliberate', 'advisedly', 'voluntarily', 'purposefully', 'willfully', 'willingly', 'sedulously', 'painstakingly', 'wilful']"
desperately_av,"['hopelessly', 'urgently', 'badly', 'frantically', 'frustratingly', 'sorely', 'distressingly', 'absolutely', 'disappointingly']"
differently_av,"['differentially', 'otherwise', 'unequally', 'variously']"
directly_av,"['direct', 'straight', 'immediately', 'squarely', 'first-hand', 'immediate', 'outright']"
downstairs_av,"['down', 'bottom', 'basement', 'below', 'stairs']"
dramatically_av,"['drastically', 'radically', 'spectacularly', 'significantly', 'considerably', 'sharply', 'substantially', 'greatly', 'markedly', 'spectacular', 'tremendously', 'impressively', 'tragically', 'drastic', 'remarkably', 'alarmingly', 'enormously', 'fundamentally', 'exponentially']"
earlier_av,"['previous', 'previously', 'sooner', 'early', 'before', 'prior', 'former', 'above', 'formerly', 'preceding', 'anterior', 'past', 'soon', 'ago', 'already', 'earller', 'lately', 'beforehand']"
earliest_av,"['oldest', 'first', 'closest', 'nearest', 'shortest']"
earnestly_av,"['conscientiously', 'sincerely', 'seriously', 'meticulously', 'fervently', 'earnest', 'carefully', 'wholeheartedly', 'serious', 'conscientious', 'realistically', 'careful']"
easily_av,"['readily', 'easy', 'ease', 'conveniently', 'lightly', 'simply', 'comfortably', 'smoothly', 'easier']"
effectively_av,"['efficiently', 'effective', 'efficient', 'actually', 'indeed', 'effectiveness', 'successfully', 'actively', 'really', 'valid', 'truly', 'efficiency', 'genuinely', 'validly', 'properly']"
eg_av,"['ec', 'e.g.', 'ex', 'eg.']"
either_av,"['neither', 'whether', 'or', 'both', 'nor', 'any', 'be', 'also', 'is']"
else_av,"['other', 'otherwise', 'elsewhere', 'annan', 'further']"
elsewhere_av,"['addition', 'else', 'specified', 'anywhere', 'everywhere', 'also', 'otherwise', 'abroad']"
enough_av,"['sufficient', 'sufficiently', 'adequate', 'fairly', 'quite', 'pretty', 'adequately', 'insufficient', 'rather', 'relatively', 'plenty', 'tired', 'ample', 'somewhat', 'reasonably', 'inadequate', 'insufficiently', 'too']"
entirely_av,"['completely', 'fully', 'totally', 'absolutely', 'wholly', 'quite', 'perfectly', 'utterly', 'altogether', 'exclusively', 'full', 'wholeheartedly', 'solely', 'purely', 'very', 'thoroughly', 'abundantly']"
equally_av,"['also', 'similarly', 'alike', 'likewise', 'evenly', 'equitably', 'fairly', 'uniformly', 'too', 'as']"
especially_av,"['particularly', 'particular', 'notably', 'specially', 'specifically', 'mainly', 'primarily', 'mostly', 'including', 'special', 'chiefly', 'principally', 'predominantly', 'largely', 'extremely', 'very', 'namely']"
essentially_av,"['basically', 'mainly', 'primarily', 'fundamentally', 'mostly', 'largely', 'principally', 'predominantly', 'substantially', 'chiefly', 'virtually', 'inherently', 'practically', 'broadly']"
etc_av,"['etc.', 'etcetera', 'ecc', 'géogr', 'cte', 'fte', 'cetera', 'subd.', 'so', 'cas']"
even_av,"['same', 'still', 'yet', 'also', 'pat', 'including', 'well', 'net', 'indeed', 'until', 'till', 'too', 'again', 'so', 'similar', 'already', 'aun', 'actually', 'further', 'même']"
eventually_av,"['ultimately', 'finally', 'possibly', 'lastly', 'subsequently', 'potentially', 'later']"
ever_av,"['never', 'always', 'already', 'increasingly', 'forever', 'still', ""n't"", 'constantly', 'once']"
evidently_av,"['obviously', 'apparently', 'clearly', 'manifestly', 'patently']"
exactly_av,"['precisely', 'accurately', 'just', '-exactly', 'really', 'exact', 'specifically', 'quite', 'absolutely', 'carefully', 'perfectly', 'completely', '-precisely']"
exceedingly_av,"['extremely', 'excessively', 'overly', 'very', 'vanishingly']"
exclusively_av,"['solely', 'only', 'purely', 'entirely', 'alone', 'exclusive', 'uniquely', 'strictly', 'merely', 'just', 'wholly', 'sole']"
extra_av,"['additional', 'supplementary', 'further', 'extraordinary', 'supplemental', 'incremental', 'supernumerary', 'more', 'added']"
extremely_av,"['very', 'highly', 'extraordinarily', 'incredibly', 'exceptionally', 'enormously', 'vitally', 'hugely', 'immensely', 'exceedingly', 'tremendously', 'extreme', 'particularly', 'deeply', 'crucially', 'terribly', 'supremely', 'greatly', 'quite', 'absolutely', 'much', 'eminently', 'utmost', 'critically', 'severely', 'excessively', 'utterly', 'remarkably', 'especially', 'acutely', 'unusually', 'grossly', 'profoundly']"
fairly_av,"['equitably', 'relatively', 'quite', 'enough', 'rather', 'justly', 'pretty', 'impartially', 'somewhat', 'reasonably', 'equally', 'equitable', 'fair', 'loyally', 'evenly', 'honestly', 'comparatively', 'very', 'faithfully', 'sufficiently', 'just']"
famously_av,"['swimmingly', 'notoriously']"
fast_av,"['rapid', 'quick', 'quickly', 'rapidly', 'hurry', 'speedy', 'swift', 'prompt', 'swiftly', 'soon', 'expres', 'expeditious', 'almost', 'promptly', 'fasting', 'speedily', 'expeditiously', 'timely', 'speed', 'rapids', 'early', 'high-speed', 'nearly', 'faster', 'vite', 'sticky', 'fast-track', 'accelerated']"
finally_av,"['lastly', 'ultimately', 'eventually', 'last', 'final', 'definitively', 'finaily', 'anyway', 'enfin', 'thirdly']"
financially_av,"['economically', 'fiscally', 'financial']"
finely_av,"['minutely', 'exquisitely', 'subtly']"
firmly_av,"['strongly', 'resolutely', 'securely', 'steadfastly', 'decisively', 'solidly', 'vigorously', 'unswervingly', 'deeply', 'emphatically', 'forcefully', 'categorically', 'vehemently', 'robustly', 'staunchly', 'strictly', 'firm', 'roundly', 'resolute', 'definitely', 'fully', 'tightly', 'firmness', 'determinedly', 'steadily', 'decidedly', 'absolutely']"
fittingly_av,['rightly']
flat_av,"['apartment', 'flats', 'dish', 'units', 'plat', 'steadies', 'fixed', 'flat-rate', 'stable', 'plate', 'unchanged', 'lump-sum', 'condo', 'planar', 'unit', 'forearm', 'steady', 'flat-head', 'uniform', 'flatbed', 'dishes', 'planas', 'plain', 'platter']"
forever_av,"['eternally', 'indefinitely', 'always', 'eternity', 'ever', 'permanently', 'endlessly', 'eternal', 'perennially', 'never']"
formally_av,"['officially', 'formal', 'official', 'solemnly', 'ofﬁcially', 'officiaily', 'officialy']"
formerly_av,"['previously', 'formely', 'earlier', 'former', 'before', 'once', 'above', 'originally', 'prior']"
forthwith_av,"['immediately', 'immediate', 'promptly', 'thereupon']"
fortunately_av,"['luckily', 'thankfully', 'happily', 'mercifully', 'lucky', 'hopefully', 'merrily', 'happy', 'fortunate']"
forwards_av,"['forward', 'transmits', 'resends', 'ahead', 'strikers', 'sends', 'forwarding']"
freely_av,"['free', 'freedom', 'naval', 'voluntarily', 'freedoms', 'loosely', 'openly']"
frequently_av,"['often', 'commonly', 'frequent', 'repeatedly', 'frequency', 'regularly', 'regular', 'recurrent', 'usually']"
fully_av,"['full', 'completely', 'entirely', 'totally', 'wholly', 'perfectly', 'wholeheartedly', 'absolutely', 'quite', 'unreservedly', 'utterly', 'altogether', 'comprehensively', 'thoroughly', 'adequately', 'adequate', 'comprehensive', 'complete', 'strongly', 'sufficient', 'duly', 'firmly', 'acutely', 'amply', 'integrally', 'well', 'very']"
further_av,"['additional', 'more', 'other', 'furthermore', 'new', 'moreover', 'also', 'greater', 'supplementary', 'subsequent', 'continue', 'extra', 'additionally', 'complementary', 'still', 'continued', 'future', 'again', 'longer', 'increased', 'most', 'later', 'yet', 'continuing', 'another', 'farther', 'increase', 'forward', 'besides', 'over', 'others', 'supplemental', 'subsequently', 'follow', 'even', 'else']"
furthermore_av,"['moreover', 'additionally', 'further', 'also', 'besides', 'meanwhile', 'similarly', 'apart', 'likewise', 'more', 'incidentally', 'alternatively']"
gently_av,"['smoothly', 'softly', 'mildly', 'delicately', 'nicely', 'slowly', 'carefuily', 'easy', 'lightly', 'carefully', 'slightly', 'quietly', 'kindly']"
gradually_av,"['progressively', 'incrementally', 'slowly', 'steadily', 'gradual', 'progressive', 'increasingly', 'phased']"
greatly_av,"['significantly', 'considerably', 'substantially', 'largely', 'much', 'very', 'enormously', 'dramatically', 'heavily', 'strongly', 'highly', 'widely', 'deeply', 'vastly', 'tremendously', 'extremely', 'markedly', 'sharply', 'immensely', 'drastically', 'severely', 'hugely', 'far']"
grudgingly_av,['reluctantly']
half_av,"['one-half', 'semester', 'half-year', 'halfway', 'east', 'middle', 'pol', 'halved', 'half-way', 'average', '-stanzi', 'poole', '50', 'means', 'media']"
happily_av,"['fortunately', 'cheerfully', 'thankfully', 'luckily', 'gladly', 'blithely', 'pleasantly', 'merrily', 'gaily', 'willingly', 'mercifully', 'happy']"
hardly_av,"['barely', 'scarcely', 'almost', 'little', 'rarely', 'virtually', 'practically', 'nearly', 'not']"
heavily_av,"['strongly', 'severely', 'highly', 'greatly', 'largely', 'densely', 'widely', 'intensively', 'sharply', 'massively', 'seriously', 'significantly', 'very', 'strong', 'extensively', 'considerably', 'deeply', 'hard', 'much']"
hence_av,"['therefore', 'thus', 'consequently', 'accordingly', 'so', 'thereby', 'where']"
hereto_av,"['herein', 'herewith']"
highly_av,"['very', 'extremely', 'high', 'strongly', 'heavily', 'greatly', 'eminently', 'deeply', 'quite', 'height', 'fort', 'much', 'hugely', 'great', 'strong', 'extraordinarily', 'particularly', 'enormously', 'severely', 'incredibly']"
hopefully_av,['fortunately']
hourly_av,"['schedule', 'schedules', 'hours', 'tentative', 'timetables', 'timetable', 'scheduling', 'hour']"
however_av,"['nevertheless', 'but', 'nonetheless', 'yet', 'though', 'notwithstanding', 'conversely', 'still', 'toutefois', 'instead']"
ie_av,"[""'ie"", 'i.e.', 'ci', 'separatethe', ""'ii""]"
immediately_av,"['immediate', 'forthwith', 'promptly', 'instantly', 'directly', 'urgently', 'straightaway', 'readily', 'straight', 'direct', 'now', 'soon', 'just', 'quickly', 'lmmediately', 'immediatly']"
increasingly_av,"['increasing', 'ever', 'growing', 'progressively', 'always', 'gradually', 'steadily', 'still', 'more']"
indeed_av,"['actually', 'really', 'truly', 'certainly', 'genuinely', 'effectively', 'even', 'res', 'incidentally', 'undoubtedly', 'definitely', 'surely', 'admittedly', 'already']"
inevitably_av,"['unavoidably', 'necessarily', 'inescapably', 'invariably', 'inexorably', 'inevitable', 'fatally', 'unavoidable']"
initially_av,"['originally', 'first', 'original', 'firstly', 'initial', 'tentatively', 'departing', 'early']"
inside_av,"['within', 'interior', 'indoors', 'internal', 'insideâ', 'inner', 'indoor', 'domestic', 'in', 'inland', 'internally', 'inboard']"
instantly_av,"['instantaneously', 'immediately', 'instant', 'snapshot']"
instead_av,"['rather', 'lnstead', 'conversely', 'pretty', 'however', 'alternatively']"
invariably_av,"['consistently', 'always', 'inevitably', 'routinely']"
ironically_av,"['paradoxically', 'sarcastically']"
just_av,"['only', 'simply', 'fair', 'merely', 'precisely', 'alone', 'solely', 'exactly', 'barely', 'right', 'mere', 'equitable', 'jen', 'simple', 'net', 'len', 'juste', 'purely', 'recently', 'impartial', 'exclusively', 'solo', 'immediately', 'righteous', 'single', 'little', 'that', 'scarcely', 'fairly', 'slightly']"
justifiably_av,"['rightly', 'legitimately', 'rightfully', 'justly', 'correctly']"
justly_av,"['fairly', 'rightly', 'justifiably']"
largely_av,"['widely', 'mainly', 'greatly', 'broadly', 'mostly', 'primarily', 'essentially', 'heavily', 'predominantly', 'basically', 'extensively', 'principally', 'substantially', 'significantly', 'much', 'generally', 'amply', 'chiefly', 'considerably', 'especially', 'virtually']"
late_av,"['overdue', 'tardif', 'iate', 'belated', 'later', 'delayed', 'delay', 'deceased', 'end', 'afternoon', 'belatedly', 'evening', 'concluding', 'departed', 'tardy', 'night', 'purposes', 'tard', 'behind', 'late-onset', 'iater', 'smell', 'final', 'off-track']"
later_av,"['subsequently', 'subsequent', 'after', 'late', 'latest', 'afterwards', 'thereafter', 'iater', 'then', 'posterior', 'trailing', 'further', 'future', 'rear', 'following', 'below', 'afterward', 'latter', 'eventually']"
least_av,"['less', 'minus', 'fewer', 'minimum', 'lesser', 'lower', 'moins', 'below', 'under', 'ieast', 'slightest', 'lowest', 'fewest', '<', 'iess']"
less_av,"['least', 'fewer', 'lower', 'minus', 'lesser', 'smaller', 'under', 'minimum', 'below', 'minor', 'moins', 'more', 'shorter', '<', 'low', 'reduced', 'ieast', 'minder', 'lowest', 'fewest']"
lightly_av,"['slightly', 'contemptibly', 'cavalierly', 'casually', 'frivolously', 'loosely', 'easily', 'gently', 'marginally', 'superficially', 'recklessly']"
literally_av,"['verbatim', 'textually', 'virtually']"
locally_av,"['local', 'domestically', 'indigenously', 'on-the-spot']"
long_av,"['lengthy', 'lange', 'lang', 'langen', 'longer', 'prolonged', 'long-term', 'protracted', 'length', 'long-standing', 'largo', 'long-', 'time-consuming', 'longue', 'longstanding', 'lunga', 'extended', 'iong', 'extensive', 'cheung', 'loong', 'long-running', 'far', 'much', 'al-taweel', 'luong', 'along', 'long-staple', 'long-lasting', 'long-time', 'time']"
materially_av,"['physically', 'substantially', 'significantly', 'factually']"
meanwhile_av,"['meantime', 'concurrently', 'moreover', 'furthermore', 'simultaneously', 'besides']"
mechanically_av,"['mechanistically', 'machinery']"
mentally_av,"['mental', 'psychologically', 'spiritually', 'intellectually']"
merely_av,"['simply', 'only', 'just', 'purely', 'solely', 'simple', 'alone', 'exclusively']"
metaphorically_av,['figuratively']
more_av,"['greater', 'most', 'longer', 'addition', 'further', 'sea', 'plus', 'better', 'anymore', 'additional', 'higher', 'several', 'larger', 'increased', 'greatest', 'bigger', 'largest', 'stronger', 'older', 'mer', ""n't"", 'less', 'best', 'seas', 'extra', 'closer', 'wider', 'increase', 'moreover', 'well', 'meer', 'furthermore', 'más', 'increasingly', 'excess', 'highest', 'mehr']"
moreover_av,"['furthermore', 'additionally', 'further', 'besides', 'also', 'meanwhile', 'incidentally', 'apart', 'more', 'similarly']"
most_av,"['more', 'addition', 'over', 'majority', 'longer', 'greatest', 'plus', 'best', 'but', 'greater', 'largest', 'further', 'mostly', 'anymore', 'biggest', 'very', 'highest', 'hardest']"
mostly_av,"['mainly', 'primarily', 'largely', 'predominantly', 'essentially', 'principally', 'especially', 'chiefly', 'particularly', 'most', 'often', 'generally', 'basically', 'usually']"
namely_av,"['i.e.', 'specifically', 'viz', 'notably', 'particularly', ':', 'especially', 'against']"
naturally_av,"['obviously', 'natural', 'understandably', 'certainly', 'logically', 'clearly']"
near_av,"['nearly', 'nearby', 'close', 'almost', 'vicinity', 'closely', 'next', 'neighboring', 'foreseeable', 'around', 'approximately', 'adjacent', 'nears', 'proximity', 'beside', 'short', 'immediate', 'about', 'soon', 'forthcoming', 'roughly']"
nearly_av,"['almost', 'near', 'virtually', 'approximately', 'close', 'practically', 'about', 'closely', 'around', 'roughly', 'some', 'fast', 'hardly']"
necessarily_av,"['inevitably', 'always', 'compulsorily', 'absolutely', 'automatically']"
neither_av,"['nor', 'either', 'not', 'no', 'or', 'ani', 'ni']"
nevertheless_av,"['however', 'nonetheless', 'yet', 'but', 'still', 'anyway', 'notwithstanding', 'though']"
newly_av,"['recently', 'new', 'freshly', 'newly-', 'recent', 'lately']"
nominally_av,['theoretically']
notably_av,"['particularly', 'especially', 'including', 'particular', 'namely', 'mainly', 'specifically', 'primarily']"
nowadays_av,"['today', 'currently', 'now']"
obviously_av,"['clearly', 'evidently', 'apparently', 'naturally', 'manifestly', 'patently', 'certainly', 'visibly', 'undoubtedly', 'clear', 'surely', 'blatantly', 'demonstrably', 'definitely']"
occasionally_av,"['sometimes', 'sporadically']"
officially_av,"['formally', 'formal', 'official', 'solemnly', 'officiaily', 'officialy']"
once_av,"['after', 'again', 'when', 'upon', 'formerly', 'if', 'ever', 'where', 'someday']"
originally_av,"['initially', 'original', 'formerly', 'already', 'first']"
otherwise_av,"['differently', 'else', 'alternatively', 'elsewhere', 'incidentally', 'other']"
over_av,"['during', 'above', 'most', 'throughout', 'finished', 'addition', 'along', 'longer', 'exceeding', 'plus', 'beyond', 'completed', 'around', 'across', 'anymore', 'exceed', 'greater', 'course', 'finite', 'further', 'overflew', 'compared']"
particularly_av,"['especially', 'particular', 'notably', 'specifically', 'mainly', 'including', 'special', 'specially', 'extremely', 'primarily', 'very', 'mostly', 'exceptionally', 'namely', 'highly', 'chiefly', 'principally']"
partly_av,"['partially', 'partial']"
past_av,"['last', 'previous', 'recent', 'latest', 'spent', 'latter', 'former', 'earlier', 'elapsed', 'history', 'final', 'prior', 'preceding', 'passé', 'passed', 'old', 'historical']"
peculiarly_av,['curiously']
perfectly_av,"['completely', 'fully', 'absolutely', 'entirely', 'totally', 'quite', 'very', 'wholly', 'utterly', 'seamlessly', 'well', 'abundantly', 'snugly', 'excellently', 'exactly', 'acutely', 'perfect']"
perhaps_av,"['maybe', 'possibly', 'probably', 'may', 'might', 'potentially', 'likely', 'presumably', 'possible']"
personally_av,"['myself', 'personal', 'personaily', 'individually']"
physically_av,"['physical', 'materially', 'physicaily', 'physics', 'bodily']"
politically_av,"['political', 'policy']"
possibly_av,"['perhaps', 'probably', 'potentially', 'maybe', 'eventually', 'likely', 'possible', 'arguably', 'presumably', 'conceivably']"
potentially_av,"['possibly', 'potential', 'perhaps', 'eventually', 'possible', 'likely']"
precisely_av,"['exactly', 'accurately', 'specifically', 'just', 'very', 'eben', 'rightly', 'carefully', 'precise']"
presumably_av,"['probably', 'likely', 'supposedly', 'allegedly', 'possibly', 'perhaps', 'apparently']"
previously_av,"['earlier', 'formerly', 'already', 'before', 'above', 'prior', 'beforehand', 'sooner', 'ago', 'earller', 'former']"
primarily_av,"['mainly', 'principally', 'essentially', 'mostly', 'predominantly', 'chiefly', 'largely', 'especially', 'basically', 'foremost', 'particularly', 'fundamentally', 'firstly', 'first', 'main', 'predominately', 'notably', 'principalement', 'principal']"
probably_av,"['likely', 'presumably', 'perhaps', 'possibly', 'surely', 'arguably', 'certainly', 'maybe', 'undoubtedly', 'doubtless']"
profoundly_av,"['deeply', 'deep', 'profound', 'gravely', 'penetratingly', 'thoroughly', 'in-depth', 'fundamentally', 'radically', 'extremely']"
promptly_av,"['quickly', 'rapidly', 'expeditiously', 'immediately', 'swiftly', 'speedily', 'rapid', 'timely', 'soon', 'fast', 'forthwith', 'quick', 'prompt', 'urgently', 'speedy', 'diligently', 'early', 'readily', 'immediate']"
properly_av,"['correctly', 'adequately', 'appropriately', 'duly', 'rightly', 'suitably', 'successfully', 'well', 'accurately', 'right', 'satisfactorily', 'appropriate', 'good', 'due', 'sufficiently', 'proper', 'conveniently', 'validly', 'succesfully', 'sucessfully', 'effectively']"
publicly_av,"['openly', 'publically', 'public', 'open']"
purely_av,"['pure', 'kidney', 'exclusively', 'merely', 'strictly', 'solely', 'only', 'simply', 'mere', 'clean', 'just', 'entirely', 'rein', 'sheer', 'alone']"
quickly_av,"['rapidly', 'swiftly', 'fast', 'soon', 'promptly', 'speedily', 'quick', 'expeditiously', 'rapid', 'hurry', 'urgently', 'briefly', 'early', 'prompt', 'timely', 'swift', 'readily', 'shortly', 'faster', 'speedy', 'sooner', 'immediately']"
quietly_av,"['calmly', 'discreetly', 'silently', 'discretely', 'peacefully', 'unobtrusively', 'stealthily', 'gently']"
quite_av,"['very', 'fairly', 'rather', 'completely', 'enough', 'entirely', 'absolutely', 'totally', 'perfectly', 'relatively', 'fully', 'pretty', 'somewhat', 'wholly', 'highly', 'extremely', 'utterly', 'exactly', 'much', 'really', 'well', 'altogether', 'fort', 'far', 'sufficiently', 'abundantly', 'reasonably']"
rapidly_av,"['quickly', 'rapid', 'swiftly', 'fast', 'promptly', 'quick', 'expeditiously', 'speedily', 'soon', 'prompt', 'speedy', 'swift', 'expeditious', 'timely', 'early', 'readily', 'urgently', 'sharply', 'briefly']"
rarely_av,"['seldom', 'infrequently', 'rare', 'sparsely', 'hardly', 'scarcely', 'often']"
rather_av,"['instead', 'quite', 'pretty', 'somewhat', 'fairly', 'relatively', 'enough', 'kinda', 'sooner', 'slightly', 'very', 'but']"
readily_av,"['easily', 'easy', 'immediately', 'willingly', 'quickly', 'rapidly', 'promptly', 'gladly', 'conveniently']"
realistically_av,"['realistic', 'pragmatically', 'earnestly']"
really_av,"['truly', 'actually', 'genuinely', 'indeed', 'real', 'very', 'reaily', 'res', '-really', 'certainly', 'exactly', 'sincerely', 'definitely', 'honestly', 'seriously', 'effectively', 'absolutely', 'quite', 'so', 'truth', 'terribly', 'genuine', 'awfully']"
reasonably_av,"['reasonable', 'sensibly', 'relatively', 'rationally', 'fairly', 'enough', 'logically', 'plausibly', 'acceptably', 'quite', 'wisely']"
recently_av,"['recent', 'newly', 'lately', 'just', 'latterly']"
regardless_av,"['irrespective', 'independently', 'notwithstanding', 'whatever', 'apart', 'separately']"
regularly_av,"['periodically', 'routinely', 'regular', 'steadily', 'systematically', 'periodic', 'consistently', 'frequently', 'often', 'constantly', 'recurrent', 'steady', 'continuously']"
relatively_av,"['comparatively', 'fairly', 'quite', 'relative', 'rather', 'enough', 'reasonably', 'relation', 'respect', 'somewhat', 'pretty', 'relating', 'related', 'regarding', 'comparison']"
remarkably_av,"['strikingly', 'surprisingly', 'noticeably', 'markedly', 'amazingly', 'significantly', 'impressively', 'extraordinarily', 'curiously', 'incredibly', 'dramatically', 'considerably', 'astonishingly', 'extremely', 'superbly']"
reportedly_av,"['allegedly', 'apparently', 'supposedly', 'seemingly', 'purportedly']"
respectively_av,"['successively', 'straight', 'separately', 'consecutive', 'separate']"
rightly_av,"['correctly', 'justifiably', 'rightfully', 'properly', 'legitimately', 'right', 'justly', 'aptly', 'deservedly', 'precisely', 'appropriately', 'fittingly', 'well']"
roughly_av,"['approximately', 'around', 'about', 'almost', 'nearly', 'some', 'virtually', 'broadly', 'coarsely', 'near']"
round_av,"['cycle', 'tour', 'series', 'ronde', 'tower', 'ronda', 'inning', 'discussion', 'rounds', 'turn', 'redondo', 'wave', 'kola', 'phase', 'trick', 'part-session', 'round-table', 'cycles', 'roundtable', 'tables']"
sadly_av,"['unfortunately', 'regrettably', 'alas', 'regretfully', 'woefully', 'depressingly', 'tragically', 'lamentably', 'pathetically', 'sad']"
safely_av,"['securely', 'safe', 'peacefully', 'reliably', 'dependably', 'calmly']"
scarcely_av,"['hardly', 'barely', 'little', 'rarely', 'almost', 'sparsely', 'just']"
seldom_av,"['rarely', 'infrequently', 'rare']"
separately_av,"['individually', 'separate', 'independently', 'respectively', 'seperately', 'distinctly', 'apart', 'severally', 'singly', 'regardless']"
seriously_av,"['severely', 'gravely', 'serious', 'conscientiously', 'earnestly', 'badly', 'severe', 'critically', 'deeply', 'meticulously', 'carefully', 'grave', 'really', 'heavily', 'strongly', 'hard', 'earnest', 'dangerously']"
severely_av,"['seriously', 'gravely', 'harshly', 'strictly', 'strongly', 'heavily', 'badly', 'rigorously', 'hard', 'sharply', 'greatly', 'grave', 'serious', 'extremely', 'critically', 'sternly', 'considerably', 'deeply', 'significantly', 'violently', 'highly', 'roundly', 'severe', 'very']"
sharply_av,"['abruptly', 'markedly', 'dramatically', 'drastically', 'strongly', 'suddenly', 'sharp', 'significantly', 'substantially', 'steeply', 'considerably', 'precipitously', 'heavily', 'greatly', 'brutally', 'severely', 'acutely', 'unexpectedly', 'radically', 'rapidly', 'harshly', 'pointedly']"
shortly_av,"['soon', 'little', 'bit', 'briefly', 'few', 'short', 'quickly']"
significantly_av,"['considerably', 'substantially', 'greatly', 'markedly', 'meaningfully', 'dramatically', 'appreciably', 'much', 'noticeably', 'sharply', 'drastically', 'signiﬁcantly', 'remarkably', 'far', 'largely', 'materially', 'significant', 'vastly', 'widely', 'heavily', 'distinctly', 'strongly', 'clearly', 'enormously', 'severely', 'substantively', 'importantly', 'very']"
similarly_av,"['likewise', 'equally', 'also', 'furthermore', 'analogously', 'moreover', 'conversely']"
simply_av,"['merely', 'just', 'simple', 'only', 'easy', 'mere', 'purely', 'solely', 'easily', 'plainly', 'alone', 'straightforward', 'downright']"
simultaneously_av,"['concurrently', 'simultaneous', 'concomitantly', 'contemporaneously', 'meanwhile', 'concurrent']"
since_av,"['because', 'ago', 'after', 'depuis', 'already', 'then', 'oj']"
slightly_av,"['marginally', 'somewhat', 'lightly', 'slight', 'modestly', 'mildly', 'loosely', 'little', 'weakly', 'moderately', 'minor', 'gently', 'rather', 'bit', 'just', 'low', 'mild']"
socially_av,['social']
solely_av,"['exclusively', 'only', 'alone', 'purely', 'just', 'merely', 'simply', 'entirely', 'strictly', 'uniquely']"
somehow_av,"['somewhat', 'somewhere']"
somewhat_av,"['slightly', 'rather', 'somehow', 'something', 'fairly', 'quite', 'enough', 'little', 'marginally', 'relatively', 'pretty', 'moderately', 'bit']"
somewhere_av,"['someplace', 'anywhere', 'somehow']"
soon_av,"['shortly', 'quickly', 'rapidly', 'early', 'fast', 'sooner', 'before', 'pronto', 'swiftly', 'promptly', 'quick', 'earlier', 'speedily', 'briefly', 'hurry', 'prior', 'expeditiously', 'little', 'immediately', 'short', 'near']"
specially_av,"['especially', 'specifically', 'special', 'particularly', 'specialized', 'particular', 'spécialement']"
specifically_av,"['expressly', 'explicitly', 'particularly', 'precisely', 'specially', 'especially', 'concretely', 'namely', 'distinctively', 'particular', 'accurately', 'exactly', 'notably', 'specific', 'speciﬁcally', 'special', 'specialized']"
spontaneously_av,"['voluntarily', 'automatically']"
steadily_av,"['constantly', 'consistently', 'regularly', 'continuously', 'continually', 'gradually', 'progressively', 'steady', 'routinely', 'increasingly', 'firmly']"
straight_av,"['directly', 'consecutive', 'hetero', 'respectively', 'direct', 'right', 'recto', 'successively', 'immediately', 'upright', 'heterosexual', 'law', 'successive']"
strictly_av,"['rigorously', 'strict', 'scrupulously', 'purely', 'stringent', 'severely', 'stringently', 'tightly', 'rigidly', 'narrowly', 'closely', 'exclusively', 'firmly', 'absolutely', 'rigour', 'accurately', 'carefully', 'solely', 'strongly']"
strongly_av,"['firmly', 'vigorously', 'heavily', 'forcefully', 'resolutely', 'vehemently', 'emphatically', 'strong', 'highly', 'severely', 'sharply', 'deeply', 'securely', 'energetically', 'robustly', 'categorically', 'warmly', 'greatly', 'decisively', 'roundly', 'harshly', 'steadfastly', 'fiercely', 'strenuously', 'definitely', 'wholeheartedly', 'very', 'fully', 'closely', 'aggressively', 'powerfully', 'fervently', 'keenly', 'firm', 'significantly', 'decidedly', 'staunchly', 'hard', 'seriously', 'sincerely', 'solidly', 'strictly', 'tightly']"
subsequently_av,"['thereafter', 'later', 'then', 'afterwards', 'afterward', 'subsequent', 'eventually', 'after', 'further']"
substantially_av,"['significantly', 'considerably', 'greatly', 'substantively', 'markedly', 'dramatically', 'essentially', 'appreciably', 'drastically', 'sharply', 'much', 'fundamentally', 'largely', 'materially', 'noticeably', 'basically', 'vastly', 'signiﬁcantly', 'widely', 'far']"
successfully_av,"['successful', 'correctly', 'satisfactorily', 'success', 'properly', 'effectively', 'smoothly', 'fruitfully', 'sucessfully']"
suddenly_av,"['abruptly', 'unexpectedly', 'sudden', 'sharply', 'overnight', 'brutally']"
sufficiently_av,"['enough', 'adequately', 'sufficient', 'insufficiently', 'properly', 'satisfactorily', 'quite', 'adequate', 'fairly', 'suitably', 'abundantly']"
surely_av,"['certainly', 'undoubtedly', 'definitely', 'probably', 'doubtless', 'sure', 'clearly', 'obviously', 'indeed', 'unquestionably']"
surprisingly_av,"['amazingly', 'astonishingly', 'strikingly', 'curiously', 'remarkably', 'unexpectedly', 'stunningly', 'shockingly', 'strangely', 'oddly', 'paradoxically', 'interestingly', 'incredibly']"
that_av,"['only', 'ec', 'esa', 'whom', 'que', 'because', 'da', 'whose', 'said', 'che', 'just', 'ka']"
then_av,"['subsequently', 'so', 'thereafter', 'later', 'afterwards', 'after', 'ago', 'therefore', 'dan', 'below', 'secondly', 'next', 'thus', 'since', 'than', 'tad', 'well']"
thereafter_av,"['subsequently', 'then', 'later', 'afterwards', 'after', 'afterward']"
thereby_av,"['thus', 'therefore', 'hence', 'so', 'consequently']"
therefore_av,"['thus', 'consequently', 'accordingly', 'so', 'hence', 'thereby', 'then', 'because', 'daher', 'why']"
thoroughly_av,"['carefully', 'exhaustively', 'comprehensively', 'thorough', 'completely', 'fully', 'extensively', 'rigorously', 'in-depth', 'meticulously', 'profoundly', 'closely', 'deeply', 'depth', 'totally', 'fundamentally', 'radically', 'entirely']"
though_av,"['although', 'while', 'if', 'despite', 'however', 'albeit', 'but', 'whether', 'whilst', 'nevertheless', 'notwithstanding', 'yet']"
through_av,"['via', 'across', 'using', 'during', 'adoption', 'adopted', 'passed', 'throughout', 'under', 'adopt', 'per', 'ü', 'thanks', 'travers', 'pass', 'para']"
thus_av,"['therefore', 'thereby', 'so', 'accordingly', 'consequently', 'hence', 'then', 'and']"
tightly_av,"['closely', 'hermetically', 'strictly', 'rigorously', 'firmly', 'intimately', 'tight', 'strongly']"
today_av,"['nowadays', 'now', 'day', 'current', 'present', 'currently', 'tuesday', 'thursday', 'monday', 'hoy', 'tonight', 'wednesday', 'friday', 'saturday', 'sunday', 'moment', 'my', 'date', ""'hui""]"
totally_av,"['completely', 'entirely', 'fully', 'absolutely', 'wholly', 'quite', 'perfectly', 'utterly', 'altogether', 'full', 'wholeheartedly', 'thoroughly', 'total', 'very', 'abundantly', 'downright']"
traditionally_av,"['historically', 'usually', 'normally', 'typically', 'always', 'conventionally', 'customarily', 'tradition', 'generally']"
truly_av,"['really', 'genuinely', 'actually', 'real', 'indeed', 'sincerely', 'genuine', 'true', 'certainly', 'effectively', 'honestly', 'authentically', 'very']"
twice_av,"['double', '2x', '2-fold', 'dual', 'doubly', 'twofold', 'two-fold', '-twice', 'two-times']"
typically_av,"['usually', 'generally', 'normally', 'ordinarily', 'commonly', 'distinctively', 'traditionally', 'customarily', 'characteristically', 'habitually', 'often', 'uniquely', 'routinely', 'distinctly', 'recognizably']"
ultimately_av,"['eventually', 'finally', 'lastly']"
underway_av,"['ongoing', 'current', 'on-going', 'being']"
undoubtedly_av,"['certainly', 'unquestionably', 'doubtless', 'undeniably', 'surely', 'definitely', 'indisputably', 'clearly', 'obviously', 'probably', 'admittedly', 'doubtlessly', 'indubitably', 'arguably', 'indeed', 'doubt', 'incontestably']"
unfortunately_av,"['regrettably', 'sadly', 'alas', 'regretfully', 'lamentably', 'tragically', 'unhappily', 'already', 'woefully', 'deplorably', 'unfortunate', 'alack']"
uniformly_av,"['evenly', 'consistently', 'uniform', 'homogeneously', 'equally', 'inconsistently']"
unjustly_av,"['unfairly', 'wrongly', 'wrongfully', 'unduly', 'unjustifiably', 'improperly', 'falsely', 'undeservedly']"
upwards_av,"['upward', 'up']"
virtually_av,"['practically', 'almost', 'nearly', 'hardly', 'essentially', 'literally', 'basically', 'roughly', 'largely', 'actually']"
when_av,"['whenever', 'kb', 'once', 'kai', 'quand', 'time', 'during', '.when', '-when', 'pm', 'wherever']"
whenever_av,"['wherever', 'when', 'where']"
where_av,"['wherever', '-where', 'whenever', 'whereby', 'où', 'hence', 'once', 'wherein']"
whereby_av,['where']
wherever_av,"['whenever', 'where', 'everywhere', 'anywhere', 'when']"
wholly_av,"['entirely', 'completely', 'fully', 'totally', 'absolutely', 'quite', 'perfectly', 'total', 'utterly', 'full', 'altogether', 'exclusively']"
widely_av,"['broadly', 'largely', 'extensively', 'amply', 'wide', 'commonly', 'generally', 'greatly', 'heavily', 'comprehensively', 'significantly', 'very', 'widespread', 'considerably', 'brett', 'universally', 'usually', 'substantially', 'broad']"
wildly_av,"['madly', 'deliriously', 'savagely']"
yet_av,"['still', 'however', 'even', 'but', 'again', 'nevertheless', 'nonetheless', 'after', 'further', 'stiii', 'encore', 'though']"
although_cj,"['while', 'though', 'despite', 'albeit', 'whilst', 'but', 'notwithstanding', 'whereas', 'if']"
as_cj,"['because', 'a13', 'iike', 'under', 'title', 'co', 'already', 'como', 'ab', 'equally', 'oj']"
cos_cj,"['soc', 'because', 'commanders', 'cem', 'co', 'dcrb', 'koos', 'emfs']"
except_cj,"['unless', 'excluding', 'salvo', 'save', 'sauf', 'exception', 'but', 'excepting', 'besides', 'barring', 'excepted']"
if_cj,"['lf', 'though', 'si', 'unless', 'although', 'once', 'yes', 'without']"
nor_cj,"['neither', 'or', 'either', 'ni', 'ani', 'and', 'not']"
provided_cj,"['supplied', 'offered', 'furnished', 'given', 'submitted', 'provide', 'delivered', 'gave', 'facilitated', 'insured', 'provides', 'granted', 'presented', 'rendered', 'communicated', 'planned', 'condition', 'providing', 'always', 'made', 'contained', 'available', 'received', 'paid', 'transmitted', 'proportionate', 'contributed', 'afforded', 'provision', 'assured', 'awarded', 'ensured', 'expected', 'anticipated', 'allocated', 'foreseen', 'stipulated', 'established', 'forwarded', 'status', 'envisaged', 'scheduled', 'referred', 'extended', 'brought', 'obtained', 'introduced', 'projected', 'offer', 'filed', 'lent']"
since_cj,"['because', 'ago', 'after', 'depuis', 'already', 'then', 'oj']"
that_cj,"['only', 'ec', 'esa', 'whom', 'que', 'because', 'da', 'whose', 'said', 'che', 'just', 'ka']"
though_cj,"['although', 'while', 'if', 'despite', 'however', 'albeit', 'but', 'whether', 'whilst', 'nevertheless', 'notwithstanding', 'yet']"
till_cj,"['until', 'moraine', 'untii', 'even', 'before', 'so', 'up']"
unless_cj,"['except', 'if', 'without', 'until', '-unless']"
until_cj,"['till', 'bis', 'even', 'untii', 'prior', 'pending', 'unless', 'hasta']"
whereas_cj,"['while', 'whilst', 'although', 'recital', 'recognizing', 'wheres']"
whether_cj,"['either', 'lf', 'ob', 'ali', 'though', 'si', 'both']"
while_cj,"['although', 'whereas', 'whilst', 'though', 'despite', 'albeit', 'during', 'time', 'notwithstanding']"
whilst_cj,"['while', 'although', 'whereas', 'though', 'albeit', 'despite']"
another_dt,"['other', 'latest', 'last', 'further', 'a']"
any_dt,"['every', 'everything', 'none', 'whole', 'entire', 'each', 'either', 'i.e.the', 'ho', 'i.e.', 'toute', 'whatsoever', 'full', 'anything', 'aii']"
each_dt,"['every', 'all', 'individual', 'per', 'any', 'everyone', 'chaque', 'both']"
either_dt,"['neither', 'whether', 'or', 'both', 'nor', 'any', 'be', 'also', 'is']"
enough_dt,"['sufficient', 'sufficiently', 'adequate', 'fairly', 'quite', 'pretty', 'adequately', 'insufficient', 'rather', 'relatively', 'plenty', 'tired', 'ample', 'somewhat', 'reasonably', 'inadequate', 'insufficiently', 'too']"
fewer_dt,"['less', 'least', 'smaller', 'minus', 'lower', 'lesser']"
former_dt,"['ex', 'old', 'previous', 'ancient', 'antigua', 'ago', 'earlier', 'prior', 'past', 'before', 'preceding', 'formerly', 'elders', 'predecessor', 'exs', 'first', 'ancien', 'ex-girlfriend', 'ex-', 'ex-boyfriend', 'anciens', 'ex-president', 'erstwhile', 'alumni', 'outgoing', 'f.d.', 'ousted', 'ancienne', 'ex-wife', 'long-standing', 'legacy', 'previously', 'last', 'elder', 'ex-combatants', 'antique']"
latter_dt,"['last', 'latest', 'second', 'past', 'recent', 'final', 'ultimate', 'later', 'iast']"
many_dt,"['numerous', 'several', 'much', 'multiple', 'various', 'number', 'countless', 'far', 'lot', 'great', 'very', 'considerable', 'aunt', 'large', 'name', 'extensive', 'plenty']"
more_dt,"['greater', 'most', 'longer', 'addition', 'further', 'sea', 'plus', 'better', 'anymore', 'additional', 'higher', 'several', 'larger', 'increased', 'greatest', 'bigger', 'largest', 'stronger', 'older', 'mer', ""n't"", 'less', 'best', 'seas', 'extra', 'closer', 'wider', 'increase', 'moreover', 'well', 'meer', 'furthermore', 'más', 'increasingly', 'excess', 'highest', 'mehr']"
neither_dt,"['nor', 'either', 'not', 'no', 'or', 'ani', 'ni']"
several_dt,"['many', 'various', 'multiple', 'few', 'numerous', 'different', 'more', 'certain', 'miscellaneous', 'number', 'al-adid', 'diverse']"
such_dt,"['these', 'this', 'tel', 'those', 'similar', 'esa', 'the', 'example', 'type', 'e.g.', 'like']"
whatever_dt,"['what', 'regardless', 'whichever']"
whose_dt,"['which', 'including', 'whom', 'who', 'that']"
christen_na,"['christians', 'baptize']"
de_na,"['of', 'tak', 'to', 'from', 'for', 'dy', 'in', 'n.m.', 'n.f.', 'the', 'di']"
may_na,"['mayo', 'maybe', 'mai', 'maj', 'perhaps', 'possible', 'maggio', 'ca', 'maja', 'mei', 'risk', '5', 'maio', 'ayar']"
sue_na,"['sues', 'mvm', 'sué', 'suing', 'prosecute', 'swe', 'stéphanie', 'susan', 'sued', 'continue', '-sue']"
tournament_na,"['bonspiel', 'championship', 'championships', 'invitational', 'contest', 'competition']"
ah_pp,"['oh', ""'ah"", 'aw', 'aaaah', 'uh', 'ahh', 'aah', 'welly', 'arrghh', '1426h', 'aha', 'ach', 'a.h']"
aha_pp,"['haas', 'haa', 'aah', 'adt', 'ah']"
aye_pp,"['yeah', 'yes', 'favoured']"
cor_pp,"['cdr', 'rdc', 'rdcs', 'rk', 'horn', 'cdrs', 'kr', 'colour', 'adr', 'rca', 'drc']"
damn_pp,"['shit', 'fucking', 'goddamn', 'fuck', 'cursed', 'damned', 'thin', 'jesus', 'dammit', 'crap', 'bloody', 'fucked', 'jeez', 'flute', 'goddamned', 'accursed', 'darn', 'hell', 'sacred', 'fuckin', 'motherfucking', 'goddammit', 'gee', 'whore', 'geez', 'christ', 'goddam', 'freaking', 'drats', 'god', 'ribbonsnake']"
mm_pp,"['millimetres', 'gm', 'mm.', 'messrs.', 'millimeters', 'mmhg', 'millimetre', 'millimeter', 'inches', 'messrs', 'um', 'mmm', 'artillery', 'mmh', 'shells', 'mo']"
uh_pp,"['um', 'er', 'euh', 'eh', 'uhm', 'huh', 'ah', 'uhh', 'hum', 'erm', 'uh-huh', 'oh', 'err', 'hmm', '-']"
yeah_pp,"['yes', 'yep', 'yup', '-yeah', 'aye', '-yes', 'ouais', 'oui', 'yea', 'yah', 'yay', 'okay', 'sure', 'hooah', '-', 'right', 'yeach', 'oh', 'y-yeah']"
abbey_n,"['convent', 'abi', 'ebay', 'gabby', 'ubay', 'nunnery', 'abe']"
ability_n,"['capacity', 'capability', 'capacities', 'capabilities', 'fitness', 'possibility', 'aptitude', 'skill', 'abilities', 'faculty', 'proficiency', 'capable', 'skills', 'competence', 'suitability', 'opportunity', 'able', 'potential', 'capacity-', 'power', 'competency']"
abortion_n,"['miscarriage', 'abortions']"
absence_n,"['lack', 'non-existence', 'absent', 'failure', 'absences', 'unavailability', 'no', 'absentia', 'defect', 'absenteeism', 'without', 'non-availability', ""'absence"", 'shortage', 'missing']"
absentee_n,['absent']
abuse_n,"['misuse', 'ill-treatment', 'abuses', 'maltreatment', 'mistreatment', 'violence', 'abused', 'addiction', 'exploitation', 'assault', 'abusive', 'aggression', 'consumption', 'violation', 'malpractice', 'breach', 'brutality', 'abusers', 'violations', 'misused']"
academy_n,"['académie', 'wwa', ""'académie"", 'academic', 'college', 'school', 'akademie', 'akademy', 'academia', 'oscar', 'academies', 'école', 'institute', 'acalan', 'akademia', 'oscars', 'npa', 'iaa']"
accent_n,"['emphasis', 'focus', ""'accent"", 'focused']"
acceptance_n,"['accept', 'accepting', 'accepted', 'acceptability', ""'acceptation"", 'admission', 'endorsement', 'approval', 'buy-in', 'receipt', 'acceptances', 'recognition', 'reception', 'receiving', 'consent', 'accepts', 'receive', 'adoption']"
access_n,"['accessibility', 'accessing', 'accessible', ""'accès"", 'accessed', 'acceso', 'accès', 'entry', 'availability', 'available', 'navigate', 'accede', 'approach', 'taking-up', 'obtain', 'admission', 'enter', 'accesses']"
accident_n,"['accidents', 'incident', 'crash', 'coincidence', 'disaster', 'injury', 'accidental', 'wreck', 'incidents', 'misfortune', 'mishap', 'casualty', 'crashes', 'occurrence']"
accommodation_n,"['housing', 'accommodations', 'lodging', 'shelter', 'accomodation', 'hosting', 'accomodations', 'dwelling', 'lodgings', 'adaptation', 'residential', 'quartering', 'premises', 'residence', 'dwellings', 'sleeve', 'logement', 'local', 'harbouring', 'accommodate', 'compromise', 'hospitality']"
accomodation_n,"['accommodation', 'accommodations', 'lodging']"
accompaniment_n,"['companion', 'corollary', 'accompanying', 'flanking', 'accompany']"
account_n,"['accounts', 'consideration', 'mind', 'counts', 'count', 'summary', 'behalf', 'auditors', 'regard', 'accounting', 'cont', 'compte', 'view', 'consider', 'attention', 'reflect', 'intends', 'light', 'has', 'acct', 'relies', 'considered', 'reason', 'record']"
accountant_n,"['accounting', 'accountants', 'bookkeeper', 'book', 'accountancy', 'carrying', 'counter', 'contadora', 'accountable', 'gl', 'wirtschaftsprüfer']"
accounting_n,"['accountancy', 'accountants', 'accountant', 'accounts', 'ledger', 'gl', 'bookkeeping', 'comptables', 'bookkeeper', 'book', 'book-keeping', 'crediting', 'accountable', 'account', 'accountability', 'posting', 'carrying', 'recording', 'counting']"
accuracy_n,"['precision', 'correctness', 'accurate', 'veracity', 'exactness', 'clarification', 'rigour', 'reliability', 'precise', 'accurately', 'adequacy', 'detail', 'thoroughness', 'correct']"
acetate_n,"['n-butyl', 'slide']"
achievement_n,"['attainment', 'realization', 'success', 'achievements', 'accomplishment', 'achieving', 'progress', 'achieve', 'accomplishments', 'realisation', 'fulfilment', 'feat', 'conquest', 'successes', 'pursuit', 'implementation', 'performance', 'completion', 'outcome', 'progreso', 'realizing', 'results', 'successful', 'attaining', 'result', 'reach', 'realize', 'fulfillment', 'advancement']"
achim_n,['steiner']
acquisition_n,"['purchase', 'procurement', 'acquisitions', 'purchasing', 'acquiring', 'acquire', ""'acquisition"", 'acquired', 'buying', 'takeover', 'purchases', 'buying-in', 'procuring', 'buy', 'catchment', 'purchased', 'securement']"
acre_n,"['akka', 'caer', 'ac', 'acer', 'accra', 'hectare']"
act_n,"['law', 'loi', 'legislation', 'action', 'acts', 'ley', 'bill', 'note', 'acting', 'statute', 'deed', 'tca', 'laws', 'operate', 'pcmltfa', 'behave', 'agir', 'acte', 'fact', 'proceed', 'intervene', 'event']"
action_n,"['measures', 'actions', 'operations', 'steps', 'measure', 'work', ""'action"", 'operation', 'act', 'acción', 'intervention', 'proceedings', 'decision', 'activity', 'labor', 'labour', 'measurement', 'acts', 'response', 'extent', 'shares', 'procedures', 'measurements', 'procedure', 'activities', 'efforts', 'decisions', 'agenda', 'working', 'initiatives', 'fight', 'move', 'effort']"
activity_n,"['activities', 'business', 'event', 'work', 'potency', ""'activité"", 'action', 'activité', 'operation', 'operations', 'active', 'events', 'exercise']"
addition_n,"['more', 'elsewhere', 'addendum', 'also', 'most', 'longer', 'apart', 'plus', 'add', 'over', 'anymore', 'well', 'additions', 'adding', 'added', 'complement', 'inclusion', 'supplement', 'greater', 'snap-in', 'summation']"
adjustment_n,"['adjusting', 'adaptation', 'adjustments', 'adjust', 'adjusted', 'readjustment', 'tuning', 'adapting', 'readjust', 'setting', 'readjusting', 'readjustments', 'fit', 'recosting', 'correction', 'readjusted', 'fitting', 'realignment', 'wrapping', 'reorganization', 'coping', 'fine-tuning', 'alignment', 'wrap', 'adjusts', 'retrofit', 'adaptive', 'set', 'adjustability', 'restructuring', 'adjuster', 'true-up', 'regularization', 'redevelopment', 'rectification']"
administration_n,"['management', 'administrative', 'directors', 'governing', 'trustees', 'authority', ""'administration"", 'administering', 'government', 'administer', 'governance', 'department', 'administración', 'admin', 'managing', 'service', 'manage', 'administrations', 'executive', 'authorities', 'administração', 'amministrazione', 'governors', 'stewardship', 'dispensation']"
administrator_n,"['manager', 'admin', 'director', 'adminstrator', 'administrateur', 'administrators', 'trustee', 'ruling', 'officer', 'administering', 'professional', 'manger', 'operator']"
admission_n,"['intake', 'admittance', 'admissions', 'entry', 'acceptance', 'confession', 'entrance', 'admitting', 'accession', 'importation', 'membership', 'inlet', 'admitted', 'recognition', 'access', 'enrolment']"
adoption_n,"['approval', 'adopt', 'passage', 'adopted', 'enactment', 'adoptions', 'adopting', 'endorsement', 'through', 'introduction', 'passing', 'taking', 'passed', 'approve', 'promulgation', ""'adoption"", 'take-up', 'approving', 'acceptance']"
adult_n,"['adults', 'grown-up', 'adulthood', 'grownup', 'mature', 'adultes', 'grown']"
advance_n,"['prior', 'progress', 'prepayment', 'promote', 'advancing', 'preliminary', 'advanced', 'before', 'anticipated', 'advancement', 'anticipation', 'promoting', 'early', 'breakthrough', 'advances', 'forward', 'avance', 'move', 'promotion', 'anticipatory', 'progression', 'foster', 'prerequisite']"
advancement_n,"['promotion', 'progress', 'prepayment', 'promoting', ""'avancement"", 'advance', 'progression', 'promote', 'promotional', 'enhance', 'upliftment', 'raise', 'advocacy', 'promotions', 'development', 'raising', 'reached', 'enhancing', 'breakthrough', 'achievement', 'empowerment', 'improvement', 'improve']"
advantage_n,"['benefit', 'advantages', 'edge', 'benefits', 'avantage', 'superiority', 'profit', 'party', 'asset', ""'avantage"", 'scrimmage', 'gone', 'merit', 'favour', 'strengths', 'use', 'parti', 'leverage', 'perk', 'gain']"
adventure_n,"['aventure', 'adventures', 'fling', 'affair', 'venture', 'aventures', 'adventurism', 'journey', 'adventurous', 'adventurer']"
advertisement_n,"['advertising', 'advertisements', 'announcement', 'publicity', 'announces', 'ads', 'publicité', 'ad', 'announcements', 'announcing', 'advert', 'notice', 'announced']"
advertising_n,"['publicity', 'advertisement', 'advertisements', 'publicité', 'ads', 'promotional', 'ad', 'announcements', 'advert', 'propaganda', 'publicizing', 'publicising', 'announcement', 'marketing']"
advice_n,"['councils', 'counselling', 'tips', 'advisory', 'guidance', 'boards', 'counseling', 'opinion', 'notice', 'notices', 'council', 'consulting', 'opinions', 'counsel', 'views', 'conseils', 'advise', 'consultancy', 'view', 'advising', 'consultation', 'advisories', 'board', 'recommendation', 'counsellor', 'adviser', 'observations', 'mentoring']"
adviser_n,"['counsellor', 'advisor', 'consultant', 'counsel', 'advisory', 'chancellor', 'advise', 'consultancy', 'councillor', 'consultants', 'conseiller', 'advisers', 'counselor', 'advising', 'conseillère', 'advises', 'advisors', 'asesor', 'councilman', 'consejero', 'consigliere', 'alderman', 'advice']"
affair_n,"['adventure', 'case', 'matter', 'liaison', 'aventure', 'issue', 'fling', 'mistress', 'bond', 'conjunction']"
affection_n,"['condition', 'ailment', 'sympathy', 'tenderness', 'love', 'disorder', 'warmth', 'disease']"
aftercare_n,"['after-care', 'post-treatment', 'follow-up']"
agency_n,"['office', 'body', 'agence', 'organism', 'organization', 'agencies', ""'agence"", 'iaea', 'agenzia', ""'agenzia"", 'unrwa', 'agencia', 'board', 'institution', 'cfia', 'authority', 'organisation', 'officio', 'bodies', ""'office"", 'ofﬁce', 'cra', 'institutions', 'cida', 'organizations', 'charity', 'agentur', 'neb', 'pti', 'ccra', 'entity']"
agenda_n,"['programme', 'program', 'agendas', 'schedule', 'datebook', 'action', 'agen-da', 'programa', 'diary']"
agent_n,"['officer', 'agents', 'broker', 'actor', 'patrolman', 'constable', 'officers', 'representative', '-agent', 'ofﬁcer', 'official', 'publicist', 'player']"
agreement_n,"['accord', 'agreements', 'arrangement', 'deal', 'understanding', 'convention', 'agree', 'accordance', 'right', 'contract', 'consensus', 'consent', 'treaty', 'agreed', 'settlement', 'accords', 'concurrence', 'acuerdo', 'line', ""'accord"", 'entente', 'pact', 'approval', 'assent', 'cartel', 'concur', 'concordance', 'arrangements', 'unanimity', 'megállapodás', 'compact', 'bargain']"
agriculture_n,"['agricultural', 'farming', ""'agriculture"", 'agricultura', 'farm', 'landwirtschaft', 'agricoltura', 'landbouw', ""'agricoltura"", 'cultivation', 'georgia', 'agrarian', 'agricole']"
aid_n,"['assistance', 'help', 'support', 'relief', 'aiuti', 'aids', 'pomocy', 'assist', 'assists', 'ενισχύσεις', 'pomoc', 'helps', 'beihilfen', 'pomoči', 'ενισχύσεων', 'auxílio', 'aiuto', ""'aide"", ""'aiuto"", 'helping', 'apu', 'care', 'aides', 'subsidy', 'assisting', 'assistive', 'ενίσχυσης']"
aids_n,"['alds', 'sida', 'aid', 'aids-related', 'hiv', 'side', 'assistance', 'anti-aids', 'prostheses']"
aim_n,"['objective', 'goal', 'purpose', 'target', 'object', 'intention', 'end', 'order', 'ambition', 'view', 'intent', 'objectives', 'meta', 'seek', 'goals', 'purposes', 'strive', 'aims', 'lens']"
ainu_n,"['ueno', 'inoue']"
aircraft_n,"['planes', 'plane', 'aeroplanes', 'airplanes', 'airplane', 'aircrafts', 'jets', 'aeroplane', 'apparatus', 'aviation', 'warplanes', 'air', ""'aéronefs"", 'appliances', 'aeronautics', 'helicopter', 'flight', 'aeronautical', 'airliner', 'jet', 'airliners', 'devices', 'device', 'fixed-wing', 'flights', 'airline', 'equipment', 'airframes', 'avion']"
airline_n,"['airlines', 'aviation', 'air', 'carrier', 'airways', 'company', 'airlift', 'aircraft', 'plane', 'aerial', 'flight']"
album_n,"['scrapbook', 'albums', 'record']"
alcohol_n,"['liquor', 'booze', 'alcoholism', 'drinking', 'alcohols', 'alcoholic', 'drink', 'alcoholics', 'ethanol']"
allegation_n,"['claim', 'allegations', 'contention', 'assertion', 'alleged', 'complaint', 'accusation', 'prosecution', 'indictment', 'denunciation', 'affirmation', 'grievance']"
alliance_n,"['coalition', 'partnership', 'allianz', ""'alliance"", 'alianza', 'alleanza', 'alliances', 'ring', 'nazionale', 'allied', 'union', 'league', 'allianssi', 'nato', 'lucian', 'verbond', 'afdl', 'camimh']"
allocation_n,"['assignment', 'distribution', 'allowance', 'assigning', 'attribution', 'apportionment', 'allocations', 'mapping', 'award', 'allocating', 'allotment', 'awarding', 'stipend', 'appropriation', 'assignments', 'breakdown', 'allocate', 'assign', 'imputation', 'posting', 'earmarking', 'allocated', 'allowances', 'granting', 'envelope', 'stations', 'staffing', 'endowment', 'placement', 'dispatch', 'division', 'map', 'grant', 'sharing', 'benefit', 'provision', 'distributing']"
allowance_n,"['allowances', 'allocation', 'amortization', 'stipend', 'subsidy', 'compensation', 'indemnity', 'severance', 'grant', 'benefit', 'depreciation', 'allocations', 'deduction', 'provision', 'damping', 'benefits', 'subvention', 'subsidies', 'subsidized', 'diem', 'award', 'amortisation', 'subventions', 'premium', 'bonus']"
alloy_n,"['alloying', 'alliage', 'alloys', 'ally', 'surcharge', 'allied']"
ally_n,"['allied', 'alloy', '-ally', 'partner', 'allies']"
alteration_n,"['weathering', 'tampering', 'modification', 'amendment', 'change', 'impairment', 'deterioration', 'disturbance', 'impaired', 'disruption', 'transformation', 'adulteration', 'changes', 'modifications', 'falsification', 'modified', 'spoilage']"
alternative_n,"['alternatives', 'alternate', 'variant', 'replacement', 'shadow', 'option', 'substitute', 'substitution', 'other', 'spare', 'alternativo', 'alternativa', 'surrogate', 'parallel', 'reciprocating', 'choice', 'different', 'solution', 'alternativas', 'alternating', 'makeshift', 'tabbed', 'choices', 'replace', 'various', 'workaround', 'lieu']"
amadou_n,"['amado', 'ahmadu', 'adamou']"
amazement_n,"['astonishment', 'surprise', 'consternation', 'dismay']"
amber_n,"['orange', 'yellow']"
ambition_n,"['aspiration', 'ambitiousness', 'aim', 'desire', 'objective', 'goal']"
ambroise_n,['ambrose']
amendment_n,"['amendments', 'modification', 'amending', 'amend', 'change', 'amended', 'alteration', 'amendement', 'modified', 'revision', 'revised', 'modifying', 'modifications', 'or.', 'changes', 'revise', 'modify', 'reshuffle', 'reform', 'modifies', 'revisions', 'änderung']"
amino_n,['amine']
amount_n,"['quantity', 'sum', 'amounts', 'volume', 'value', 'quantities', 'number', 'level', 'teneur', 'montant', 'figure', 'somme', 'quantum', 'size', 'total', 'qty', 'cantidad', 'provision', 'payment', 'money', 'tune', 'importance', 'extent']"
amour_n,"['love', ""'amour"", 'iove']"
analysis_n,"['analyses', 'analysing', 'analytical', 'analyse', 'analyzing', 'analyze', 'analyzes', 'analysed', 'scan', 'analytics', 'analyzed', 'análisis', ""'analyse"", 'testing', 'assessment', 'discussion', 'analytic', 'review', 'parsing', 'study', 'parse', 'tbfra', 'examination', 'scans', 'scanning', 'análise', 'tests']"
analyst_n,"['forecaster', 'shrink', 'therapist', 'psychoanalyst', 'commentator']"
andean_n,"['andina', 'andino', 'andinos', 'andes', 'clubs']"
angel_n,"['ángel', 'ange', 'engel', 'ángela', 'sweetie', 'sweetheart', 'angels', 'providential', 'indicate', 'claire-bear']"
angle_n,"['corner', 'perspective', 'cornering', 'angles', 'standpoint', 'viewpoint', 'angled', 'inclination', 'angular', 'terms', 'lens', 'prism']"
angling_n,"['sportfishing', 'fishing', 'fishery', 'fisheries']"
animator_n,"['moderator', 'facilitator', 'discussant']"
anniversary_n,"['birthday', 'anniversaire', 'annual', 'commemoration', 'jubilee']"
announcement_n,"['announces', 'advertisement', 'announced', 'announcing', 'announcements', 'communication', 'ad', 'declaration', 'notice', 'announce', 'proclamation', 'advert', 'advertises', 'ads', 'statement', 'predictsthe', 'advertising', 'advertisements', 'notification']"
annuity_n,"['pension', 'annuities', 'annualization', 'annuality', 'pensions', 'rent']"
anse_n,"[""'anse"", 'cove']"
antibody_n,['antibodies']
anvil_n,['ton']
anxiety_n,"['anguish', 'concern', 'angst', 'fear', 'disquiet', 'trepidation', 'unease', 'distress', 'unrest', 'worry', 'apprehension', 'uneasiness']"
ape_n,"['monkey', 'gorilla', 'apes', 'chimp', 'epas', 'monkeys', 'epa', 'primate', 'peap', 'goon', 'chimpanzee']"
appeal_n,"['call', 'appeals', 'appellate', 'recourse', ""'appel"", 'remedy', 'resort', 'attractiveness', 'plea', 'remedies', 'use', 'appel', 'request', 'resource', 'attraction', ""'appello"", 'redress', 'urge', 'calling', 'appello', 'cassation', 'resumption', 'invitation', 'beroep', 'appealing', 'cail', 'calls', 'used', 'appealed', 'resume']"
appearance_n,"['emergence', 'aspect', 'onset', 'arraignment', 'semblance', 'comparecencia', 'occurrence', 'apparition', 'look', 'guise', 'advent', 'seemingly', 'facially', 'attendance', 'veneer', 'presence']"
appendix_n,"['annex', 'enclosure', 'schedule', 'appendage', 'appendice', 'appendices', 'appx', 'attachment', 'annexe', 'annexes']"
applicant_n,"['plaintiff', 'complainant', 'claimant', 'candidate', 'requester', 'depositor', 'requestor', 'petitioner', 'applicants', 'requesting', 'seeker', 'candidates', 'appellant', 'asylum-seeker', 'requisitioner', 'submitter', 'supplicant', 'depositing', 'seekers', 'demandeur', 'inquirer', 'deponent', 'iecc', 'filing', 'nominee']"
application_n,"['implementation', 'request', 'applications', 'demand', 'requests', 'asks', 'claim', 'enforcement', 'candidature', 'implementing', 'apply', 'requisition', 'applying', 'applied', 'calls', 'asked', 'candidacy', 'implement', 'applicability', 'accordance', 'requested', 'use', 'demande', 'pursuance', 'ask', ""'application"", 'applicable', 'petition', 'compliance', 'submission', 'demands', 'bid', 'applicazione', 'anwendung', 'motion', 'apps', 'requesting', 'nomination', 'asking', 'purposes', 'implemented', 'operation']"
appointment_n,"['appointments', 'nomination', 'appointed', 'designation', 'appointing', 'appoint', 'rendez-vous', 'nominating', 'recruitment', 'rendezvous', 'naming', 'appoints', 'designating', 'assignment', 'investiture', 'nominations', 'nominate', 'reappointment']"
appreciation_n,"['gratitude', 'satisfaction', 'recognition', 'acknowledgement', 'acknowledgements', 'thanks', 'reconnaissance', 'acknowledgment', 'acknowledgments', 'estimate', 'assessment', 'appraisal', 'tribute', 'appréciation', 'recognizing', 'appreciative', 'discretion', 'admiration', 'understanding', 'recognising', 'praise', 'esteem']"
approach_n,"['method', 'approaches', 'attitude', 'criterion', 'strategy', 'methodology', 'focus', 'approche', 'way', 'perspective', 'approaching', ""'approche"", 'methods', 'rapprochement', 'manner', 'practice', 'access', 'démarche', 'stance', 'concept', 'position', 'approximation', 'view', 'solution', 'vision', 'practices', 'formula', 'approa-', 'ways', 'gait']"
approval_n,"['endorsement', 'adoption', 'approved', 'authorisation', 'authorization', 'approvals', 'type-approval', 'approve', 'consent', 'approving', 'sign-off', 'licensing', 'certification', 'acceptance', 'permission', 'assent', 'ratification', 'accreditation', 'licence', 'approbation', 'approves', 'registration', 'concurrence', 'homologation', 'clearance', 'agreement', 'ratify', 'authorized', 'ratified', 'authority']"
approximation_n,"['rapprochement', 'reconciliation', 'proxy', 'harmonisation', 'alignment', 'convergence', 'reconciliations', 'harmonization', 'reconciling', 'matching', 'approach', 'closeness']"
Archbishop_n,"['bishop', 'mgr', 'monsignor', 'bishops', 'msgr.', 'archbishopric', 'monseigneur']"
architecture_n,"['architectural', 'structure', 'architectures', 'flexfield', 'architect', 'construction']"
arco_n,"['arc', 'arcon', 'upright', 'arch', 'arko', 'bow']"
area_n,"['zone', 'field', 'region', 'sector', 'sphere', 'surface', 'space', 'areas', 'domain', 'district', 'scope', 'regard', 'realm', 'zones', 'fields', 'territory', 'air', 'arena', 'domaine', 'respect', 'matter', 'regional', 'zona', 'regions', 'espace', 'acreage', 'ﬁeld', 'issue', 'districts', 'aspect', 'zonal', 'ground', 'subject', 'range', 'room', 'ala', 'context', 'industry', 'place', 'ambit', 'surfaces', 'área', 'neighborhood', 'aire', ""'espace"", 'level', 'connection']"
argument_n,"['arguments', 'reasoning', 'contention', 'argumentation', 'controversy', 'polemic', 'thesis', 'point', 'dispute', 'pleadings', 'altercation', 'rationale', 'claim', 'case', 'discussion', 'assertion', 'plea', 'debate', 'reason', 'justification']"
aridity_n,"['arid', 'dryness', 'drought']"
army_n,"['military', 'armed', 'leger', 'ejército', 'jaish', 'armée', 'forces', ""'armée"", 'troops', 'force', 'fogh']"
arrangement_n,"['arrangements', 'agreement', 'arrange', 'accordance', 'arranging', 'mechanism', 'settlement', 'provision', 'understanding', 'regime', 'device', 'organization', 'agreements', 'provisions']"
arrest_n,"['detention', 'arrested', 'arrests', 'arresting', 'apprehension', 'stop', 'detain', 'detains', 'capture', 'apprehend', 'custody', 'stopping', 'judgment', 'detained', 'detaining', 'detentions', 'halt', 'warrant', 'imprisonment', 'bust', 'residence', 'seizure', 'netted']"
arrival_n,"['advent', 'arrive', 'influx', 'inward', 'arrivals', 'arrives', 'arriving', 'onset', 'entry', 'arrived', 'incoming', 'finish', 'came', 'coming', 'inflow', 'introduction']"
arrow_n,"['icon', 'arrows', 'deflection', 'cursor', 'araud', 'spire', 'spit', 'arrowhead', 'spike', 'boom']"
art_n,"['arts', ""'art"", 'artistic', 'arte', 's', 'kunst', 'kind', 'sort', 'ss', 'article', 'sect', 'type', 'artwork', 'cfn', 'art.', 'sec', 'artistry', 'beaux-arts', 'para', 'artistique', 'nature', 'rule', 'technical', 'rta', 'craft']"
article_n,"['rule', 'section', 'art.', 'articles', 'item', 'artikel', 'clause', ""'article"", 'art', 'sectionarticle', 'artículo', 'paper', ""'articolo"", 'regulation', 'artigo', 'aarticle', 'articolo', '§', 'artículoarticle', 'άρθρου', 'άρθρο', 'paragraph', 'story']"
artisan_n,"['craftsman', 'artisanal', 'craftspeople', 'maker', 'craft', 'handicraft', 'architect']"
as_n,"['because', 'a13', 'iike', 'under', 'title', 'co', 'already', 'como', 'ab', 'equally', 'oj']"
asics_n,"['asic', 'icss']"
aspect_n,"['aspects', 'appearance', 'dimension', 'point', 'element', 'facet', 'side', 'component', 'issue', 'feature', 'thing', 'part', 'regard', 'area', 'factor', 'respect', 'look', 'matter', 'strand', 'perspective']"
aspiration_n,"['suction', 'desire', 'ambition', 'yearning', 'wish', 'quest', 'vacuuming', 'sucker']"
assault_n,"['aggression', 'attack', 'offensive', 'onslaught', 'assaults', 'mugging', 'abuse', 'violence', 'attacks', 'storming', 'beating']"
assembly_n,"['house', 'assemblée', 'meeting', 'assemblage', ""'assemblée"", 'general', 'chamber', 'asamblea', 'set', 'assemblies', 'parliament', 'whole', 'gathering', 'sitting', 'joint']"
assesment_n,['assessment']
assessment_n,"['evaluation', 'appraisal', 'valuation', 'assessments', 'assessing', 'assess', 'evaluating', 'evaluate', 'evaluations', 'contributions', 'assessed', 'evaluative', 'review', 'appreciation', 'analysis', 'apportionment', 'rating', ""'évaluation"", 'contribution', 'appraisals', 'estimate', 'evaluated', 'evaluación', 'measurement', 'valutazione', 'stocktaking', 'estimation', 'study', 'assesment', 'prorate']"
asset_n,"['assets', 'active', 'property', 'abridged', 'advantage', 'wealth', 'goods', 'well', 'immobilization', 'capital']"
assignment_n,"['allocation', 'developmental', 'assignments', 'assigning', 'divestiture', 'transfer', 'cession', 'mapping', 'development', 'allocations', 'posting', 'mission', 'relinquishment', 'conveyance', 'stations', 'attribution', 'mappings', 'allotment', 'allocating', 'assign', 'surrender', 'placement', 'subpoena', 'task', 'earmarking', 'award', 'transfers', 'appointment', 'disposal', 'dispatch', 'postings']"
assistance_n,"['aid', 'help', 'support', 'assist', 'attendance', 'assisting', 'helping', 'assisted', 'care', 'assists', 'relief', 'asistencia', 'assistive', 'helps', ""'assistance"", 'welfare', 'aids', ""'aide"", 'pomoc', 'pomocy', 'competitions', 'aiding', 'competition']"
assistant_n,"['deputy', 'wizard', 'assistants', 'aide', 'auxiliary', 'under-secretary', 'associate', 'helper', 'adjoint', 'sub', 'adjunct', 'undersecretary', 'ancillary', 'assitant', 'sidekick', 'subledger', 'sub-harnesses', 'asst']"
association_n,"['partnership', ""'association"", 'associations', 'asociación', 'associação', 'associazione', 'combination', 'vereniging', 'adpl', 'link', 'associating', 'ftu', 'assocation', 'society', 'league', 'hkispa', 'iarf', 'asean', 'conjunction', 'federation', 'assn', 'wja', 'naacp']"
assumption_n,"['hypothesis', 'presumption', 'premise', 'asunción', 'supposition', ""'assomption"", 'assumptions', 'accession', 'course', 'postulate', 'scenario', 'assomption', 'principle', 'assumed', 'prerequisite', 'idea']"
assurance_n,"['insurance', 'guarantee', 'assurances', 'reliability', ""'assurance"", 'warranty', 'reassurance', 'certainty', 'guarantees', 'control', 'security', 'certification', 'guaranteeing', 'ensuring', 'credibility', 'confidence', 'guaranteed']"
atmosphere_n,"['climate', 'atmospheric', 'mood', 'air', 'environment', 'ambience', 'ambiance', 'ju', 'sentiment']"
atom_n,"['atoms', 'atomic']"
atomic_n,"['nuclear', 'atom', 'radiation']"
attack_n,"['assault', 'attacks', 'attacking', 'offensive', 'aggression', 'strike', 'onslaught', 'bombing', 'atac', 'attacked', 'stroke', 'cardiac', 'raid', 'offense', 'ataka', 'tackle', 'incursion']"
attempt_n,"['attempted', 'try', 'attempts', 'effort', 'bid', 'attempting', 'endeavour', 'seek', 'intention', 'quest']"
attendance_n,"['participation', 'presence', 'assistance', 'visitation', 'involvement', 'enrolment', 'attendee', 'attend', 'participants', 'turnout', 'participating', 'schooling', 'attendees', 'appearance', 'present', 'attending']"
attention_n,"['care', 'focus', 'emphasis', 'careful', 'consideration', 'interest', 'concern', 'ten-hut', 'atención', 'heed', 'attentiveness', 'account', 'spotlight', 'caution', 'watch', 'importance', 'eye', 'note', 'beware', 'caring']"
attitude_n,"['stance', 'attitudes', 'approach', 'position', 'behaviour', 'attitudinal', 'mentality', 'mindset', 'posture', 'stand', 'behavior', 'manner', 'conduct', 'spirit']"
attraction_n,"['attractiveness', 'attracting', 'attract', 'pull', 'appeal', 'lure', 'attractions', 'amusement', 'charm', 'seduction', 'draw']"
auction_n,"['auctioning', 'reverse', 'bidding', 'eras', 'era', 'tendering', 'bid', 'sale', 'award']"
audience_n,"['audiences', 'hearing', 'public', 'viewers', 'spectators', 'audiencia', 'readership', 'spectator', 'clientele', 'readers', 'addressees', 'viewership']"
audiencia_n,"['hearing', 'audience']"
audit_n,"['auditing', 'verification', 'audits', 'check', 'checking', 'verifying', 'auditors', 'veriﬁcation', 'auditor', 'audited', 'verifications', 'verify', 'checks', 'review', 'evaluation', 'control', 'testing', 'verified', 'examination']"
auditor_n,"['verifier', 'auditors', 'wirtschaftsprüfer', 'listener', 'audit', 'comptroller', 'accounts', 'controller', 'overseer', 'reviewer']"
author_n,"['complainant', 'perpetrator', 'writer', 'originator', ""'auteur"", 'petitioner', 'proposer', 'draftsman', 'autor', 'authors', 'questioner', 'offender', 'sponsor', 'settlor', 'auteur', 'communicant', 'authorship', 'copyright', 'creator', 'playwright']"
authority_n,"['power', 'authorities', 'authorization', 'powers', 'administration', 'hkma', 'authorisation', 'body', 'competence', 'agency', 'jurisdiction', 'autorité', 'credentials', 'permission', 'authoritative', 'directors', 'authorized', ""'autorité"", 'pa', 'eaa', 'organa', 'authoritativeness', 'entity', 'supervision', 'authorizations', 'leadership', 'oversight', 'approval', 'institution', 'trustees']"
authorship_n,"['paternity', 'authoring', 'fatherhood', 'fathering', 'author']"
autonomy_n,"['self-government', 'self-reliance', 'self-rule', 'independence', 'self-governance', 'autonomous', 'self-sufficiency', 'autonomía', 'self-governing', 'self-', 'empowerment', 'self', 'self-sustainability', 'self-determination', 'self-sufficient', 'non-self-governing', 'self-reliant', 'self-administration', 'selfsufficiency', 'selfgovernment', 'endurance', 'independent']"
availability_n,"['available', 'readiness', 'accessibility', 'existence', 'willingness', 'access', 'supply', 'standby', 'provision']"
Avenue_n,"['ave', 'avenida', 'road']"
average_n,"['medium', 'mean', 'means', 'medium-sized', 'media', 'averages', 'way', 'middle', 'averaging', 'moderate', 'plea', 'median', 'east', 'avg', 'medium-', 'medium-size', 'mediterranean', '225', 'ways', 'half', 'medium-scale', 'tool', 'rate']"
award_n,"['prize', 'price', 'awards', 'scholarship', 'awarding', 'prices', 'reward', 'attribution', 'allocation', 'granting', 'fellowship', 'bursary', 'prizes', 'grant', 'prix', 'sentence', 'compensation', 'bourse', 'scholarships', 'adjudication', 'premium', 'pricing', 'individual', 'premio', 'medal', 'rewards', 'fellowships', 'allowance', 'distinction', 'decoration', 'assignment', 'invitation', 'allocate', 'laureate', 'nobel', 'procurement', 'auction', 'prize-winner', 'allotment', 'purse', 'awarded']"
awardee_n,"['recipient', 'winner', 'fellow', 'scholar', 'awardees', 'stock', 'laureate', 'fellows']"
awareness_n,"['awareness-raising', 'sensitization', 'consciousness', 'conscience', 'outreach', 'knowledge', 'awareness-building', 'sensitisation', 'advocacy', 'consciousness-raising', 'understanding', 'sensitivity', 'sensitizing', 'sensibilisation', 'education', 'aware', 'awarenessraising', 'public-awareness', 'alertness', 'publicize', 'recognition', 'sense', 'realisation', 'conscientious', 'realization', 'understand', 'publicity', 'conciencia']"
back_n,"['return', 'backwards', 'rear', 'again', 'backward', 'rearward', 'behind', 'ago', 'returning', 'two', 'returned', 'income', 'previous', 'revenue', 'aft', 'retour', 'retrograde', 'support', 'top', 'already', 'backseat', 'turn', 'home', 'revert', 'recover']"
backdrop_n,"['background', 'context', 'light']"
backfill_n,"['embankment', 'backfilling', 'infill', 'fill', 'filling']"
background_n,"['context', 'backdrop', 'backgrounds', 'historic', 'substantive', 'fund', 'historical', 'history', 'basic', 'ambient', 'origin', 'reminder', 'merits', 'reference', 'basis', 'general', 'contextual', 'bottom', 'base', 'historique', 'recall', 'information', 'record', 'environment', 'origins', 'substance', 'core', 'light', 'framework']"
baka_n,"['batwa', 'baqa', 'myung-bak', 'bouquet']"
balance_n,"['equilibrium', 'balancing', 'balanced', 'balances', 'preponderance', 'equilibria', 'imbalance', 'pay', 'reconcile', 'snitch', 'balance-sheet', 'equilibrate', 'parity', 'remainder', 'equipoise', 'bilan', 'trade-off', 'equilibration', 'rest', 'stocktaking', 'stock', 'balancer', 'scales']"
balancing_n,"['balance', 'balancer', 'equilibrium', 'reconcile', 'equalisation', 'weighting', 'reconciling', 'wobble', 'rebalancing', 'balanced', 'equilibration']"
balcony_n,"['veranda', 'porch', 'terrace', 'gallery', 'deck']"
ball_n,"['bullet', 'balloon', 'ballon', 'bal', 'prom', 'builet', 'dance', 'balls', 'slug', 'baseball', 'bowler', 'football', 'basketball', 'shot', 'soccer', 'bola', 'flask', 'buck', 'crystal', 'lump', 'homecoming']"
ballet_n,"['ballets', 'dance', 'dancing']"
ban_n,"['prohibition', 'prohibit', 'banning', 'embargo', 'prohibiting', 'forbid', 'interdiction', 'outlaw', 'prohibited', 'prohibitions', 'nuclear-test-ban', 'proscription', 'outlawing', 'prohibits', 'proscribe', ""'interdiction"", 'banish', 'banned']"
band_n,"['bands', 'bunch', 'strip', 'banda', 'clamp', 'gang', 'bande', 'orchestra', 'ribbon', 'tape', 'stripe', 'gaza', 'orchestre', 'banding', 'strips', 'group', 'music', 'gangs', 'tapes', 'strake', 'bandwidth', 'fanfare', 'lubicon', 'holoband', 'fascia', 'belt']"
banker_n,"['bankers', 'stockbroker', 'banking', 'bank']"
bar_n,"['bars', 'barra', 'barreau', 'barre', 'rod', 'lawyers', 'barrette', 'rbb', 'helm', 'barristers', 'bass', 'toolbar', 'handrail', 'counsel', 'saloon', 'pub', 'barrister', 'solicitors', 'cantina', 'stroke', 'stand', 'attorneys', 'slash', 'handlebar', 'solicitor', 'colegio', 'lawyer', 'tiller', 'solidus', 'striped']"
barn_n,"['grange', 'goat-house', 'granary', 'pigsty', 'livery', 'fold', 'attic', 'stable', 'shed', 'children']"
barrel_n,"['barrels', 'keg', 'canon', 'cannon', 'bbl', 'bpd', 'gun', 'canyon', 'drum', 'hot', 'cylinder', 'fat']"
barricade_n,"['roadblock', 'dam', 'brace', 'barrier']"
barrier_n,"['obstacle', 'barrera', 'fence', 'impediment', 'wall', 'separating', 'barrière', 'hurdle', 'gate', 'hindrance', 'barriers', 'roadblock', 'obstacles', 'separation', 'constraint', 'barricade', 'obstruction', 'rail']"
base_n,"['basis', 'basic', 'bases', 'core', 'based', 'foundation', 'al-qaeda', 'qaeda', 'reference', 'baseline', 'plate', 'background', 'kei', 'rule', 'baze', 'database', 'foundations', 'alqaeda', 'grass-roots', 'footing', 'al-qaida', 'benchmark', 'groundwork', 'grassroots']"
basin_n,"['pool', 'cuenca', 'watershed', 'bassin', 'pelvis', 'basins', 'pond', 'catchment', 'impoundment', 'basin-wide', 'rim', 'lagoon', 'pelvic', 'watersheds', 'drainage', 'tank', 'ponds', 'hydrographic']"
basis_n,"['base', 'foundation', 'based', 'basic', 'core', 'bases', 'foundations', 'reason', 'footing', 'groundwork', 'title', 'bedrock', 'ground', 'background', 'function', 'accordance', 'baseline', 'light', 'grass-roots', 'service', 'virtue', 'grassroots', 'database', 'cornerstone', 'rationale', 'grounds', 'principle', 'framework', 'basal', 'groundless', 'backbone', 'way']"
bastard_n,"['mongrel', 'asshole', 'motherfucker', 'fucker', 'scumbag', 'jerk', 'mutt', 'prick', 'cocksucker', 'bitch', 'half-breed', 'louse', 'bugger', 'fuckbag', 'manure', 'son-of-a-bitch', 'cuckold', '.bastard', 'creep', 'shithead', 'scum', 'dirtbag', 'arsehole', 'pig', 'fuck', 'cunt', '-bastard']"
battle_n,"['fight', 'struggle', 'bataille', 'combat', 'fighting', 'battlefield', 'battles', 'battaglia', 'tactical', 'war', 'shootout', 'batlle', 'patel', 'battlefields', 'warfare', 'battleground', 'clash', 'firefight']"
bay_n,"['wan', 'baie', 'bahia', 'gulf', 'compartment', 'bays', 'berries', 'baia', 'raya']"
beam_n,"['beams', 'girder', 'bundle', 'passing', 'radius', 'gusset', 'strut', 'crossing', 'teleportation', 'haz', 'mistake', 'width', 'cross-member', 'vigo', 'plank', 'truss', 'leung']"
bean_n,['beans']
beat_n,"['defeated', 'defeats', 'defeat', 'blanked', 'beats', 'beating', 'fight', 'hit', 'bat', 'bested', 'pace', 'trounced', 'broke', 'rhythm', 'fought', 'bt', 'struck', 'overcame', 'patrol', 'overcome']"
beauty_n,"['beautiful', 'cosmetology', 'gorgeous', 'elgammal', 'gamal', 'jamal', 'cutie', 'camels', 'aesthetic', 'al-jamal', 'mei-li', 'splendour', 'good-looking', 'hotness', 'beaut', 'djamel', 'camel', 'gammal', 'sunshine', 'sexy', 'handsome', 'pretty']"
beeping_n,"['beep', 'gdp']"
behaviour_n,"['behavior', 'conduct', 'behaviours', 'behavioural', 'behaviors', 'behavioral', 'attitude', 'acts', 'attitudes', 'comportement', 'behave', 'demeanour', 'comportements', 'demeanor', 'deportment', 'misconduct', 'performance']"
beida_n,['beïda']
being_n,"['ongoing', 'underway']"
belief_n,"['conviction', 'beliefs', 'creed', 'faith', 'convinced', 'convictions', 'persuasion', 'confidence', 'opinion', 'fe', 'view', 'religion', 'worship', 'idea']"
bell_n,"['cloche', 'tink', 'campana', 'doorbell', 'dork', 'gong', 'zhong', 'ringtone', 'queensway', 'ringing']"
beloved_n,"['dear', 'well-loved', 'sweetheart', 'expensive', 'loved']"
belt_n,"['correa', 'strap', 'seatbelt', 'safety-belt', 'waist', 'belts', 'strip', 'girdle', 'straps', 'tape', 'hizam', 'ribbon', 'cordon', 'band', 'webbing', 'copperbelt', 'zone']"
bench_n,"['dynamometer', 'banc', 'hearing', 'chassis', 'fixture', 'bank', 'pew', 'judiciary', 'oar', 'laboratory', 'rig', 'magistrature', 'bed']"
benefit_n,"['benefits', 'advantage', 'profit', 'delivery', 'advantages', 'allowance', 'interest', 'favour', 'provision', 'enjoy', 'beneﬁts', 'allowances', 'gain', 'interests', 'beneﬁt', 'bienfait', 'edge', 'usefulness', 'sake', 'avantage', 'vantaggio', 'allocation', 'welfare', 'entitlements', 'beneficiary', 'beneficial', 'useful']"
berliner_n,['berlin']
bewilderment_n,"['perplexity', 'dismay', 'consternation', 'confusion']"
bias_n,"['partiality', 'prejudice', 'polarization', 'partisanship', 'one-sidedness', 'impartiality', 'skew', 'distortion', 'sexism', 'bigotry', 'means', 'slant', 'polarisation', 'unfairness']"
bib_n,"['skirt', 'peto']"
bible_n,"['biblical', 'bibles', 'scripture', 'book']"
bid_n,"['submission', 'bidding', 'tender', 'candidature', 'idb', 'bids', 'attempt', 'candidacy', 'iadb', 'offer', 'tendering', 'tenders', 'submissions', 'offers', 'nomination', 'tendered', 'zayed', 'supply', 'referrals', 'application', 'submitting', 'solicitation', 'auction', 'isdb', 'quotation']"
bill_n,"['bills', 'invoice', 'draft', 'billing', 'law', 'act', 'biil', 'charter', 'biii', 'invoicing', 'ordinance', 'legislation', 'bec', 'project', '-bill', 'list', 'bill-to', 'ticket']"
billion_n,"['million', 'billions', 'bln', 'trillion', 'millions', 'bn', '1bln', 'zillion']"
bingo_n,"['-bingo', 'yahtzee', 'jackpot', 'billiard', 'booyah', 'bowling', 'gotcha', 'bravo', 'lottery', 'eureka', 'dang', 'lotto']"
birth_n,"['births', 'childbirth', 'born', 'birthing', 'rise', 'nacer', 'native-born', 'incurrence', 'nacimiento', 'light', 'emergence', 'natality', 'delivery', 'confinement', 'fertility', 'congenital', 'natal', 'birthrate', 'kong-born']"
biscuit_n,"['cookie', 'cracker', 'twinkie', 'cookies', 'cupcake', 'cannoli', 'rusk', 'bisque', 'flake', 'cake', 'bun']"
bishop_n,"['piispa', 'mgr', 'archbishop', 'monsignor', 'monseigneur', 'msgr.', 'reverend']"
bit_n,"['bits', 'little', 'bitten', 'few', 'shortly', 'tib', 'digg', 'ilo', 'iittle', 'piece', 'tbi', 'bite', 'slightly', 'binary', 'low', 'execute', 'somewhat', 'limited']"
blade_n,"['blades', 'lamina', 'knife', 'module', 'sheet', 'pale', 'brush', 'shank', 'sword', 'slide', 'modules', 'leaf', 'swordsman', 'scoter', 'scapula', 'bladed', 'leap', 'lame', 'tip', 'thickness']"
blend_n,"['mixture', 'mix', 'mixing', 'combination', 'blending', 'mixtures', 'melange', 'merge', 'combine', 'coupage', 'melt', 'blender', 'stir']"
block_n,"['bloc', 'blocks', 'blocking', 'bloque', 'lock', 'blok', 'o.r.', 'blocs', 'obstruct', 'blockade', 'locking', 'bucket', 'prevent', 'hinder', 'building', 'box', 'chunk', 'pad', 'neighborhood', 'impede', 'freeze', 'buckets', 'blockage', 'hamper', 'lock-up']"
bloke_n,"['guy', 'type', 'dude', 'man']"
blow_n,"['coup', 'explode', 'coke', 'slap', 'breath', 'shock', 'jump', 'setback', 'detonate', 'strike', 'stroke', 'suck', 'hit', 'deathblow', 'shot']"
board_n,"['council', 'gasket', 'committee', 'jury', 'junta', 'plate', 'commission', 'boards', 'conseil', 'bureau', 'office', 'agency', 'edge', 'dam', 'card', 'tpb', 'bordo', 'motherboard', 'chamber', 'panel', 'advice', 'seal', 'councils', 'dashboard', 'bedroom', 'joint', 'body', 'room', 'jcmb', 'house', 'bord']"
bobby_n,"['-bobby', 'bobbie', 'bubi', 'mikey']"
bond_n,"['bonds', 'link', 'surety', 'bail', 'obligations', 'liaison', 'bono', 'leap', 'bonding', 'suretyship', 'linkage', 'ticket', 'notes', 'obligation', 'jump', 'adhesion', 'treasuries', 'conjunction', 'deposit', 'securities', 'binding', 'affair', 'links', 'obligor']"
bone_n,"['bony', 'bones', 'hueso', 'marrow', 'apple', 'knob', 'longnose', 'skeletal', 'acrylic']"
bonus_n,"['premium', 'differential', 'boni', 'premiums', 'perk', 'bono', 'bounty', 'gratuity', 'reward', 'gratification', 'freebie', 'premia', 'prize', 'allowance', 'prime']"
boom_n,"['auge', 'prosperity', 'thump', 'bonanza', 'bam', 'bang', 'explosion', 'bim', 'surge', 'expansion', 'boum', 'rebound', 'apogee', '-bam', 'booming', 'trough', 'recovery', 'upsurge', 'rebounds', 'arrow', 'upturn', 'tree', 'rise', 'rally']"
border_n,"['borders', 'frontier', 'boundary', 'boundaries', 'frontiers', 'frontière', 'borderline', 'frontera', 'frontières', 'edge', 'limit', 'rajan', 'limits', 'bordering', 'cross-border', 'boarder', 'border-crossing']"
borough_n,"['rounding', 'arrondissement', 'district', 'municipality']"
boundary_n,"['border', 'limit', 'limits', 'borders', 'boundaries', 'frontier', 'demarcation', 'perimeter', 'bordering', 'frontiers', 'limitations', 'borderline', 'delimitation', 'cross-boundary', 'delineation', 'neighbouring', 'frontière']"
bowel_n,"['intestinal', 'intestine', 'gut', 'colon', 'colonic', 'vesicle']"
brain_n,"['cerebral', 'e-brain', 'drain', 'mastermind', 'mind', 'leak', 'head', 'flight', 'leakage', 'skull', 'exodus']"
branch_n,"['directorate', 'directorate-general', 'rama', 'branches', 'direction', 'succursale', 'service', 'subdivision', 'section', 'bureau', 'division', 'subdirectorate', 'sous-direction', 'directorategeneral', 'dg', 'hpfb', 'sub-directorate', 'subsidiary', 'leadership', 'sector', 'arm', 'department', 'subdirección', 'power', 'limb', 'station', 'sub-', 'industry']"
brand_n,"['mark', 'brands', 'branded', 'trademark', 'marks', 'branding', 'marca', 'markup', 'trademarks', 'dials', 'label', 'marking', 'flag', 'march', 'trade-mark', 'marque', 'fire', 'stamp', 'markings', 'marques']"
brass_n,"['bronze', 'copper', 'illegal']"
breach_n,"['violation', 'infringement', 'contravention', 'non-compliance', 'violate', 'offence', 'violations', 'rape', 'non-performance', 'breccia', 'non-fulfilment', 'rupture', 'infringe', 'contrary', 'failure', 'violating', 'contravene', 'sprain', 'breakdown', 'breaching', 'infraction', 'breakage', 'break', 'dereliction', 'abuse', 'non-observance', 'default', 'breaches', 'breaking', 'non-respect', 'intrusion']"
bread_n,"['luncheon', 'pain', 'bun', 'loaf', 'bakery', 'pan', 'toast', 'brood', 'nap', 'baking', 'naps', 'roll', 'wheat']"
breakdown_n,"['ventilation', 'disaggregation', 'collapse', 'distribution', 'rupture', 'decomposition', 'drill-down', 'disintegration', 'failure', 'ventilating', 'break-up', 'allocation', 'break-down', 'apportionment', 'degradation', 'breakup', 'decay', 'break', 'disaggregate', 'breakage', 'venting', 'drilldown', 'breakdowns', 'disruption', 'breaking', 'breach', 'meltdown', 'disaggregated', 'fracture', 'dissolution', 'outage', 'deterioration', 'interruption']"
breath_n,"['breathing', 'respiration', 'saliva', 'breathe', 'puff', 'murmur', 'gasp', 'blow', 'inspiration', 'blowing', 'whiff', 'sigh', 'respiratory', 'blast']"
breed_n,"['reproduce', 'race', 'nest', 'spawn', 'breeding', 'recur', 'mate', 're-occur', 'reoccur', 'métis', 'reproducing', 'replicate', 'nesting', 'generation']"
breeding_n,"['reproduction', 'nesting', 'reproductive', 'rearing', 'husbandry', 'spawning', 'reproducing', 'nest', 'mating', 'breed', 'selection', 'farming', 'livestock', 'spawner', 'copying', 'ranching', 'broodstock', 'herding', 'reproduce', 'playback']"
breeze_n,"['nassim', 'nissim', 'wind', 'naseem', 'nasim', 'break', 'cake', 'shatter']"
bribe_n,"['bribery', 'payoff', 'kickback', 'corrupt', 'buy']"
brick_n,"['brik', 'magnesia', 'carton', 'shipper', 'stone', 'pierre', 'loader', 'ingot', 'grand']"
bridge_n,"['jumper', 'deck', 'kiu', 'bridges', 'pont', 'ponte', 'puente', 'fill', 'gateway', 'jisr', 'bridging', 'passerelle', 'overpass', 'overcome', 'footbridge', 'bridgehead', 'underpass', 'oviposition', 'walkway', 'bro', 'catwalk', 'egg-laying', 'flyover', 'mate', 'drawbridge', 'gangway', 'save', 'close', 'filling']"
brigade_n,"['brigadier', 'brigades', 'squad', 'cbg', 'major-general', 'battalion', 'gen.', 'firehouse']"
briton_n,"['british', 'britain', 'breton']"
broadcaster_n,"['diffuser', 'communicator', 'broadcasters', 'announcer', 'presenter', 'broadcasting', 'spreader', 'presenters']"
broadcasting_n,"['broadcast', 'radio-television', 'radio', 'broadcasts', 'dissemination', 'radiodiffusion', 'rundfunk', 'broadcaster', 'transmission', 'diffusion', 'radio-broadcasting', 'broadcasters', 'television', 'audiovisual', 'retransmission', 'disseminating', 'antenna', 'roadcasting']"
bronze_n,"['brass', 'copper', 'tung', 'brisbane', 'causeway']"
broth_n,"['bouillon', 'soup']"
brush_n,"['hairbrush', 'paintbrush', 'blade', 'toothbrush', 'scrub', 'brushes']"
brushing_n,['startedbrushing']
budget_n,"['budgetary', 'budgets', 'budgeting', 'fiscal', 'questions', 'estimates', 'bilancio', 'budgeted']"
bulk_n,"['majority', 'mass', 'thick', 'loose', 'essential', 'massive', 'big', 'wholesale']"
bullying_n,"['intimidation', 'harassment', 'hazing', 'intimidating', 'brutality', 'mobbing', 'enticement']"
bunch_n,"['band', 'bouquet', 'trousseau', 'strip', 'gang', 'handful', 'bande', 'tape', 'gaza', 'stripe', 'sentimentality', 'horde', 'package', 'group', 'herd']"
bundle_n,"['packet', 'package', 'beam', 'grouping', 'cluster', 'pack', 'pool', 'bundling']"
burden_n,"['load', 'onus', 'loading', 'burdens', 'charge', 'upload', 'weight', 'loads', 'cargo', 'uploading', 'instructs', 'workload', 'brunt', 'overhang', 'loaded', 'expense', 'payload', 'afford', 'pressure', 'borne', 'burden-sharing', 'charging', 'strain', 'tape', 'responsibility']"
bureau_n,"['office', 'desk', 'room', 'table', 'officers', 'mesa', 'praesidium', 'bureaux', 'suite', 'council', 'board', 'branch', 'ofﬁce', 'oﬃce', 'presidium', 'fbl', 'inning', 'unops', 'presidency', 'emb', 'oios', 'offices', 'fbi', 'προεδρείο', 'directorate-general']"
bureaucracy_n,"['tape', 'red-tape', 'bureaucratism', 'bureaucratic', 'bureaucratisation', 'paperwork', 'officialdom']"
burglar_n,"['thief', 'robber', 'prowler', 'mermaid', 'intruder']"
burka_n,"['burqa', 'burkha', 'burke']"
buyer_n,"['purchaser', 'buyers', 'purchasers', 'acquirer', 'shopper', 'seller', 'procurer', 'buying']"
buyout_n,"['buyback', 'redemption', 'shareholding', 'repurchase', 'buy-back', 'buy-out']"
cab_n,"['taxi', 'acr', 'cabin', 'rtas', 'taxicab', 'cabbie', 'pab', 'taxis', 'booth', 'stateroom', 'bac', 'array', 'carry-on', 'payphone', 'rhq', 'bwc', 'taco', 'sec']"
cabinet_n,"['enclosure', 'office', 'ministerial', 'prime', 'gabinete', 'government', 'closet', 'firm', '.cab', 'cupboard', 'filer', 'ministry', 'ministers', 'premiership', 'cabinets']"
cable_n,"['wire', 'cord', 'cables', 'câble', 'wires', 'câblodistribution', 'rope', 'hkctv', 'wiring', 'wired', 'cabling', 'wireline', 'lead', 'telegram', 'télédistribution', 'cords', 'towline']"
cad_n,"['dac', 'rao', 'csa', 'adc', 'cao', 'cdn', 'asc', 'ldc', 'kingpin', 'dic', 'ccip', 'chd', 'cda', 'dcd']"
calcium_n,"['calcique', 'hypochlorite', 'carbide', 'football', 'calcium-binding']"
calculation_n,"['calculating', 'computation', 'calculations', 'calculate', 'calc', 'computing', 'calculus', 'calculated', 'derivation', 'numeracy', 'computational', 'compute', 'math', 'determining', 'estimate', 'estimation', 'determination', 'design', 'arithmetic']"
calendar_n,"['timetable', 'schedule', 'civil', 'civilian', 'timing', 'timeline', 'calendars', 'timeframe', 'civilians', 'scheduling', 'schedules', 'timescale', 'time-frame', 'calender', 'timelines', 'dates', 'rooster', 'natural', 'timetables', 'civile', 'calendaring', 'time-scale']"
camp_n,"['camps', 'tent-circle', 'encampment', 'campsite', 'kamp', 'camping', 'side', 'tabor', 'field', 'battalion', 'ying']"
campaign_n,"['campaigning', 'campaigns', 'countryside', 'campagne', 'movement', 'campaña', 'campagna', 'field', 'drive', 'fight', 'season', 'movements', 'campania', 'sports', 'crusade', 'struggle', 'map', 'crackdown', 'activities', 'icbl']"
canal_n,"['channel', 'hotel', 'carcase', 'flume', 'ductus', 'canals', 'channels', 'conduit', 'groove']"
candidate_n,"['candidates', 'applicant', 'nominee', 'contestant', 'applicants', 'nominees', 'candidature', 'front-runner', 'candidacy', 'candidat', 'acceding', 'nomination', 'accession', 'contender']"
candle_n,"['bougie', 'candela', 'candles', 'wax', 'vela', 'candlelight', 'truism']"
canvas_n,"['toile', 'painting', 'weave', 'web', 'cloth', 'sling', 'twill', 'screen', 'ticking', 'tarp']"
cap_n,"['chap', 'acan', 'plug', 'ceiling', 'pac', 'ahrc', 'spp', 'apc', 'cape', 'lid', 'acans', 'kap', 'pag', 'cover', 'hat', 'gap', 'stopper', 'cfp', 'limit', 'capping', 'bonnet', 'alm', 'skp', 'gsp', 'ceilings', 'caps', 'clp', 'nerve', 'apg', 'aac']"
capability_n,"['capacity', 'ability', 'capacities', 'capabilities', 'functionality', 'abilities', 'capacity-', 'potential', 'proficiency', 'skills']"
capacity_n,"['ability', 'capacities', 'capability', 'capabilities', 'abilities', 'capacity-', 'capacity-building', 'skills', 'quality', 'title', 'potential', 'power', 'proficiency', 'competence', 'capable', 'means', 'capacités', 'able', 'skill']"
capital_n,"['capitals', 'equity', 'capitale', 'immobilization', 'kapitaal', 'death', 'laundering', 'deduction', 'kapital', 'non-recurrent', 'investment', 'capitalization', 'money', 'crucial', 'funds', 'vital', 'financial', 'paramount', 'principal', 'metropolitan', 'capitalism', 'capital-', 'asset', 'funding']"
capitalism_n,"['capitalist', 'capital']"
capitan_n,"['captain', 'master']"
carbon_n,"['tetrachloride', 'carbone', 'coal', 'co2']"
care_n,"['attention', 'caring', 'treatment', 'caregiving', 'soins', 'nursing', 'assistance', 'healthcare', 'welfare', 'caution', 'health-care', 'custody', 'diligence', 'services', 'kiir', 'guard', 'protection', 'health', 'guardianship', 'aid', 'childcare', 'conservation', 'nurturance', 'cure', 'kirr', 'cair', 'prudence', 'concern', 'atención', 'zorg', 'focus']"
career_n,"['careers', 'quarry', 'carrière', 'professional', 'vocational', 'race', 'occupational', 'carrera', 'quarries', 'quarrying', 'profession', 'career-related', 'functional', 'professionals', 'racing']"
carer_n,"['caregiver', 'keeper']"
cargo_n,"['freight', 'goods', 'load', 'shipment', 'loading', 'burden', 'cargoes', 'consignment', 'upload', 'shipping', 'fret', 'airfreight', 'merchandise', 'charge', 'lading', 'debit', 'charging', 'all-cargo', 'commodity', 'freighter', 'payload']"
carpet_n,"['rug', 'carpets', 'carpeting', 'mat', 'rugs', 'mats', 'tapis', 'tapetum', 'treadmill']"
carriage_n,"['transport', 'transportation', 'transporting', 'cart', 'transports', 'stroller', 'carro', 'trolley', 'wagon', 'transmission', 'transported', 'car', 'portage', 'distribution', 'carrying', 'conveyance', 'travel', 'transporte', 'shipping']"
carrier_n,"['transporter', 'carriers', 'haulier', 'airline', 'bearer', 'hauler', 'conveyor', 'transporters', 'operator', 'vector', 'tanker', 'shipper', 'transport']"
cascade_n,"['cascading', 'waterfall', 'cascaded', 'cascades', 'stunt', 'step-down']"
case_n,"['cases', 'event', 'instances', 'matter', 'cas', 'affair', 'instance', 'cause', 'issue', 'species', 'caso', 'arguments', 'circumstances', 'briefcase', 'situation', ""'affaire"", 'box', 'file', 'example', 'occurrence', 'affaire', 'dossier', 'incident', 'situations', 'business', 'fall', 'way', 'aqhi', 'suitcase', 'argument', 'decision', 'scenario', 'occasion', 'deal', 'question']"
cash_n,"['species', 'money', 'treasury', 'monetary', 'liquidity', 'liquid', 'cash-flow', 'effective', 'fund', 'silver', 'spot', 'caisse', 'fluid', 'cashier', 'cashflow', 'bodywork', 'dough']"
casing_n,"['pedestals', 'envelope', 'tubing', 'crib', 'housing', 'bezel', 'sheath', 'sarcophagus']"
casserole_n,"['stew', 'saucepan', 'pot', 'cutie', 'dope']"
cassette_n,"['tape', 'cassettes', 'cartridge', 'tray', 'tapes', 'videotape', 'tape-']"
castle_n,"['château', 'castillo', 'castelo', 'castello', ""qal'at"", 'tower', 'citadel', 'mansion', 'qala', 'qalat', 'pili']"
casualty_n,"['victim', 'casualties', 'accident', 'wounded', 'injured']"
catalogue_n,"['catalog', 'print', 'catalogues', 'cataloguing', 'list', 'repertoire', 'directory', 'contents', 'brochure', 'litany', 'repository']"
category_n,"['class', 'categories', 'grade', 'heading', 'type', 'level', 'classes', 'group', 'catégorie', 'box', 'rank', 'tier', 'status', 'kind']"
caterer_n,"['catering', 'waitress']"
cathedral_n,"['cathédrale', 'church']"
catholic_n,"['catholique', 'católica', 'catholicism', 'katholieke', 'universiteit']"
cattle_n,"['livestock', 'bovine', 'bovines', 'cows', 'ngau', 'animals', 'niu', 'veal', 'beef', 'herds', 'beasts', 'oxen']"
cave_n,"['cavern', 'grotto', 'cellar', 'basement', 'cueva', 'cava', 'cave-in', 'al-haram', 'tavern', 'caveman']"
ceiling_n,"['roof', 'limit', 'cap', 'maximum', 'threshold', 'stopper', 'al-aqsa', 'not-to-exceed', 'limits']"
celebration_n,"['celebrations', 'commemoration', 'observance', 'celebrate', 'celebrating', 'solemnization', 'holding', 'celebratory', 'festivities', 'ceremony', 'convening', 'celebrates', 'celebración', 'feast', 'party', 'fête', 'festival', 'pregunta-contestación']"
cell_n,"['cellular', 'cells', 'airframe', 'cellphone', 'unit', 'mobile', 'pile', 'stack', 'batteries', 'battery', 'uiaf', 'portable', 'lymphocyte', 'fiu', 'bfipu']"
centralizing_n,"['centralize', 'centralization', 'centralising', 'centralise', 'centralisation']"
centre_n,"['center', 'centres', 'centro', 'central', 'hub', 'heart', 'facility', 'focal', 'centers', 'observatory', 'centrum', 'focus', 'zentrum', 'core', 'clearinghouse', 'status', 'gichd', 'irc', 'apcict', 'centrepiece', 'capsa', 'itc', 'middle', 'point']"
century_n,"['xxi', 'twenty-first', 'siècle', 'siglo', 'half-century', 'age', 'millennium']"
ceremony_n,"['ceremonies', 'ceremonial', 'event', 'lai', 'celebration', 'ritual', 'rite', 'ado']"
certainty_n,"['security', 'safety', 'assurance', 'clarity', 'uncertainty', 'confidence', 'confident']"
certificate_n,"['certificates', 'certification', 'certificado', 'certificat', 'certified', 'attestation', 'licence', 'cert', 'testimony', 'licences', 'diploma', 'certifying', 'patent', 'credentials', 'martyrdom']"
cessation_n,"['termination', 'eesc', 'cease', 'quitting', 'cese', 'discontinuance', 'ceasing', 'stop', 'halt', 'judgment', 'abandonment', 'ceases', 'discontinuation', 'stopping', 'quit', 'separation', 'end', 'suspension', 'interruption', 'ceased', 'stoppage', 'stopped', 'severance', 'halting', 'halted', 'ending']"
chain_n,"['string', 'chains', 'chaîne', 'channel', 'catena', 'warp', 'cadena', 'strings', 'hierarchy', 'channels', 'series', 'line', 'octet']"
Chairman_n,"['president', 'chairperson', 'chair', 'presiding', 'speaker', 'chief', 'minister', 'head', 'presidency', 'chairwoman', 'president-in-office', 'leader', 'chairmen', 'presidente', 'chairmanship']"
challenge_n,"['challenges', 'problem', 'defiance', 'défi', 'gauntlet', 'difficulty', 'defy', 'contest', 'reto', 'task', 'provocation', 'recusal', 'challenging', 'difficult', 'issue', 'difficulties', 'obstacle', 'contestation', 'disqualification']"
chamber_n,"['room', 'house', 'bedroom', 'hall', 'camera', 'hemicycle', 'chambers', 'chambre', 'parliament', 'kammer', 'salle', 'zaal', 'saal', 'assembly', 'kamer', 'lounge', 'board', 'pregnant', 'cámara', 'sali', 'courtroom', 'rooms', 'sala', 'division']"
champagne_n,"['biron', 'cava']"
champion_n,"['champ', 'champions', 'championing', 'championship', 'chiefie', 'defender', 'hotshot', 'hero', 'buckaroo', 'slugger', 'advocate', 'defend', 'ace', 'supporter', 'three-time', 'campaigner', 'winner', 'ringer']"
championship_n,"['championships', 'tournament', 'champion', 'starring', 'cup', 'champions']"
Chancellor_n,"['adviser', 'advisor', 'counselor', 'counsellor', 'counsel', 'schüssel', 'consultant', 'premier']"
change_n,"['changes', 'changing', 'shift', 'amend', 'modify', 'changed', 'alter', 'exchange', 'modification', 'amendment', 'variation', 'climate', 'amendments', 'transformation', 'evolution', 'alteration', 'replace', 'changement', 'switch', 'contrast', 'modifying', 'shifts', 'mutations', 'evolve', 'vary', 'amending', 'transform', 'modifications', 'modified', 'cambio', 'changeover', 'altering', 'gearshift', 'reform', 'switching', 'amended', 'swap', 'currency', 'difference', 'changements', 'mutation', 'shifting', 'conversion', 'wandel', 'developments', 'variance']"
channel_n,"['canal', 'channels', 'chain', 'fairway', 'hotel', 'chenal', 'manica', 'kanal', 'canals', 'carcase', 'flume', 'channelling', 'ductus', 'conduit', 'mancha', 'duct', 'tv', 'pipe', 'circuit', 'vcp', 'groove', 'strait', 'canales', 'chanel']"
chaos_n,"['mayhem', 'anarchy', 'havoc', 'mess', 'disarray', 'turmoil', 'disorder', 'confusion', 'shambles', 'chaotic', 'pandemonium', 'lawlessness', 'unrest', 'muddle', 'bedlam', 'upheaval']"
chap_n,"['cap', 'cape', 'chaps', 'chapter', 'ch', 'course', 'wtp', 'sect', 'pab', 'c', 'headland', 'clc', 'kap', 'sects']"
chapel_n,"['chapelle', 'parish', 'paroisse', 'church', 'pastoral']"
character_n,"['nature', 'characters', 'trait', 'personality', 'characteristics', 'traits', 'temper', 'carácter', 'personage', 'characteristic', 'char', 'status', 'typeface', 'reputation']"
characteristic_n,"['feature', 'characteristics', 'typical', 'features', 'trait', 'character-deﬁning', 'hallmark', 'distinctive', 'character-defining', 'character', 'attribute']"
charge_n,"['al-qaem', 'load', 'accusation', 'responsible', 'qaim', 'burden', 'chargé', 'indictment', 'charges', 'qaem', 'fee', 'loaded', 'prosecution', 'tasked', 'existing', 'loading', 'debit', 'charging', 'fees', 'expenses', 'upload', 'costs', 'imputation', 'instructs', 'mandated', 'expense', 'cost', 'responsibility', 'royalty', 'cargo', 'levy', 'charged', 'al-qaim', 'loads', 'borne', 'fresh', 'accuse', 'accountable', 'office']"
charity_n,"['charitable', 'charities', 'caridad', 'beneficence', 'philanthropic', 'khairi', 'benevolent', 'benevolence', 'handout', 'agency', 'ihsan', 'philanthropy', 'organization', 'fundraiser', 'body']"
charm_n,"['talisman', 'spell', 'allure', 'sharm', 'glamour', 'amulet', 'seduction', 'charisma', 'mojo', 'sahar', 'fetish', 'seduce', 'attraction']"
chart_n,"['graph', 'graphic', 'diagram', 'table', 'graphical', 'figure', 'graphics', 'charts', 'map', 'graphique', 'card', 'flowchart', 'diagrama', 'diagrams', 'graphs', 'ozp', 'box', 'cards', 'maps', 'organigram', 'plot', 'graphically']"
charter_n,"['letter', 'charte', 'carta', 'chartered', 'charta', 'chartering', 'bill', 'affreightment', 'statute', 'charters', 'card', 'carte']"
check_n,"['verify', 'verification', 'cheque', 'inspect', 'test', 'checking', 'verifying', 'control', 'audit', 'tick', 'inspection', 'see', 'ascertain', 'backprobe', 'box', 'monitor', 'select', 'active', 'examine', 'review', 'checked', 'ensure', 'make', 'monitoring', 'look', 'confirm', 'auditing']"
cheek_n,"['plays', 'toupee', 'effrontery', 'play', 'insolence', 'nerve', 'playing']"
chemical_n,"['chemicals', 'chemistry', 'chimiques', 'chemische', 'químicas', 'chemically', 'química', 'chemist', 'chimie']"
chemistry_n,"['chimie', 'chemical', 'chemie', 'alchemy', 'kemi', 'chemistries', 'chem', 'química', 'chemicals', 'chemist']"
cheque_n,"['cheques', 'check', 'chequing', 'paycheck', 'rebate', 'blanche', 'checks', 'voucher']"
Chief_n,"['head', 'leader', 'chef', 'director', 'boss', 'main', 'commander', 'principal', 'administrative', 'heads', 'jefe', 'minister', 'chairman', 'manager', 'sir', 'senior', 'steering', 'director-general', 'primary', 'jefa', 'chiefs', 'master', 'major', 'president', 'sarge', 'secretariat']"
chieftain_n,"['yamagata', 'ringleader', 'leader']"
chip_n,"['chips', 'microchip', 'puce', 'flea', 'wafer', 'single-chip', 'microprocessor', 'bullet', 'smart', 'die', 'chipset', 'sweetie', 'token']"
chivalry_n,"['gallantry', 'knights', 'cavalry']"
choir_n,"['chorus', 'choral', 'singing', 'glee']"
chris_n,"['kris', 'ohris', '-chris', 'chrissy', 'maracle']"
christian_n,"['christians', 'chrétien', 'cristiana', 'christianity', 'kristen', 'cristiano', 'cristian', 'christiana', 'christin', 'christiano', 'protestantism', 'christiane']"
christianity_n,"['christian', 'christendom']"
church_n,"['churches', 'église', ""'église"", 'iglesia', 'chiesa', 'ecclesiastical', 'basilica', 'religious', 'iglesias', 'chapel', 'parish', 'cathedral']"
cigar_n,"['cigars', 'coronet']"
ciliate_n,['ciliated']
cinema_n,"['film', 'movie', 'kino', 'cinéma', 'movies', 'cine', 'theater', 'filmmaking', 'cinemas', 'cinematographic', 'clnema', 'films', 'theatre', 'cinematography', 'ﬁlm', 'cinematic', 'isced']"
circle_n,"['cercle', 'cycle', 'ring', 'circles', 'spiral', 'revolving', 'swirl', 'club', 'loop', 'encircle']"
circuit_n,"['circuits', 'circuitry', 'circuit-breaker', 'wai', 'loop', 'racetrack', 'roving', 'tour', 'channel', 'cir']"
circulation_n,"['movement', 'traffic', 'flow', 'dissemination', 'distribution', 'practice', 'diffusion', 'trading', 'drawing', 'practical', 'circulatory']"
circumstance_n,"['circumstances', 'improvised', 'situation', 'fact', 'circumstantial']"
citizen_n,"['citizens', 'burger', 'citoyen', 'citizenship', 'civic', 'nationality', 'ciudadana', 'citizenry', 'civil', 'public', 'ressortissant']"
claim_n,"['allegation', 'complaint', 'claims', 'request', 'assertion', 'application', 'demand', 'grievance', 'deduct', 'argue', 'ask', 'claimant', 'affirmation', 'contention', 'dunning', 'receivable', 'assert', 'allege', 'say', 'reclaim', 'claiming', 'claimed', 'argument', 'pretend', 'seek', 'requests', 'affirm', 'allegations', 'contend', 'prosecution', 'credit', 'complaints', 'invoke', 'asks']"
clash_n,"['shock', 'confrontation', 'clashes', 'conflict', 'collision', 'gunbattle', 'saddam', 'crash', 'battle', 'engagement']"
classic_n,"['classical', 'conventional', 'traditional', 'typical', 'fever', 'atypical', 'vanilla']"
classification_n,"['ranking', 'reclassified', 'grading', 'classifying', 'classifications', 'categorization', 'rankings', 'rating', 'categorisation', 'sort', 'nomenclature', 'sorting', 'classify', 'classified', 'filing', 'rank', 'reclassification', 'qualification', 'ipc', 'categorizing', 'classif', 'typology']"
classifier_n,"['sorter', 'grader']"
clause_n,"['clauses', 'provision', 'article', 'section', 'provisions', 'regulation', 'paragraph', 'stipulation', 'opt-out', 'articles', 'proviso']"
clay_n,"['clayey', 'earthenware', 'clays', 'ceramics', 'ceramic', 'terracotta', 'kley', 'clay-rich', 'mud', 'tao', 'clayton']"
clergy_n,"['clerics', 'priests', 'clergymen', 'priesthood', 'clergies', 'cleric', 'ecclesiastical', 'cloth', 'clerical']"
clerk_n,"['registrar', 'clerks', 'committed', 'secretary', 'clerical', 'employee', 'secretaries', 'writer']"
client_n,"['customer', 'clients', 'customers', 'clientele', 'client-side', 'cliente', 'guest', 'beneficiary', 'patron', 'proxy', 'recipient']"
cliff_n,"['falaise', 'ravine', 'clive', 'bluff', 'bluffs', 'precipice', 'escarpment']"
climate_n,"['climatic', 'atmosphere', 'weather', 'change', 'environment', 'climatological', 'climates', 'climactic', 'climate-related', 'mood', 'climatique']"
clinic_n,"['clinical', 'clinics', 'dispensary', 'out-patient', 'clinique', 'outpatient', 'clinically', 'polyclinic', 'infirmary', 'hospital']"
clink_n,['cheers']
clip_n,"['clips', 'paperclip', 'kleib', 'gallery', 'klaib', 'clamp', 'caliper', 'fastener', 'shipper', 'hook', 'video', 'pin']"
closure_n,"['closing', 'closures', 'close', 'closed', 'latch', 'shutdown', 'end', 'fence', 'decommissioning', 'conclusion', 'lock', 'concluding', 'shut-off', 'close-out', 'shut-down', 'blockade', 'shut', 'zipper', 'sealing', 'closeout', 'termination', 'fencing', 'abandonment']"
cloth_n,"['towel', 'rag', 'fabric', 'tissue', 'canvas', 'laundry', 'tela', 'fabrics', 'kleenex', 'tissues', 'linen', 'clergy', 'wipe']"
clothes_n,"['clothing', 'garments', 'apparel', 'garment', 'vêtements', 'outerwear', 'dresses', 'costumes', 'robes', 'outfits', 'habits', 'suits', 'uniforms']"
clothing_n,"['apparel', 'clothes', 'garments', 'garment', 'dress', 'yi', 'vêtements', 'outerwear', 'linen', 'attire', 'wear', 'fashion', 'clothe', 'robe', 'costume', 'laundry']"
clown_n,"['buffoon', 'bozo', 'joker', 'wiseass', 'clowning', 'jester', 'bimbo', 'joke', 'mug', 'mage', 'fool']"
club_n,"['clubs', 'clubhouse', 'nightclub', 'nadi', 'mashie', 'gym', 'circle', 'box', 'pec', 'ibsc']"
clue_n,"['index', 'idea', 'riddle', 'lantern', 'enigma', 'hint', 'indice']"
cluster_n,"['clusters', 'clustering', 'grouping', 'clustered', 'munitions', 'group', 'module', 'bundle', 'munition', 'ammunition', 'bundling', 'pool', 'modulus', 'regroupement', 'aggregation', 'clusterware']"
cm_n,"['centimetres', 'centimeters', 'cm.', 'inches', 'hf', 'centimeter', 'centimetre', 'mc', 'inch', 'cm2', 'gc', 'cms', 'mf']"
co_n,"['co.', 'cmdt', 'comd', 'commander', 'cmdr', 'oc', 'cos', 'crfs', 'cie', 'as', 'c0', 'commandant']"
coach_n,"['trainer', 'coaches', 'connaisseur', 'bus', 'coaching', 'autocar', 'instructor', 'rv', 'manager', 'advocaat', 'buses']"
coal_n,"['charcoal', 'al-fahm', 'carbon', 'smut', 'anthrax', 'coals', 'carbone']"
coalition_n,"['alliance', 'allied', 'coalitions', 'iwhc', 'catw', 'upfa', 'allying', 'angoc', 'rassemblement']"
coast_n,"['côte', 'costa', 'coasts', 'coastal', 'coastline', 'inshore', 'ribs', 'shore', 'rib', 'shoreline', 'side', 'côtes', 'seaboard', 'littoral', 'sahel', 'costas', 'cã', 'marine']"
coat_n,"['mantle', 'jacket', 'layer', 'overcoat', 'capa', 'cloak', 'integument', 'raincoat', 'blouse', 'lubricate', 'pelage', 'vest', 'coats', 'gown', 'tunic', 'tier', 'coating', 'parka', 'fur', 'ozone', 'robe', 'cladding']"
code_n,"['codes', 'código', 'law', 'codice', 'coding', 'encodes', 'accnt', 'cipher', 'wetboek', 'icoc']"
codec_n,['codecs']
codfish_n,"['cod', 'herring']"
coffin_n,['casket']
coin_n,"['medal', 'currency', 'exhibit', 'coins', 'room', 'currencies', 'corner', 'piece', 'coinage']"
collapse_n,"['meltdown', 'breakdown', 'break-up', 'disintegration', 'fall', 'cave-in', 'bankruptcy', 'demise', 'failure', 'collapsed', 'collapses', 'crash', 'downfall', 'slump', 'sinking', 'subsidence', 'crumble', 'sinkhole', 'drop', 'breakup', 'landslide', 'decline', 'debacle', 'bust', 'implosion', 'ruin']"
collar_n,"['necklace', 'collier', 'collet', 'col', 'bushing', 'neck', 'cols', 'cervix', 'pendant', 'pass', 'locket', 'snare', 'passes', 'stts']"
collection_n,"['gathering', 'collecting', 'collect', 'compilation', 'collections', 'perception', 'gather', 'collected', 'recovery', 'compendium', 'collects', 'meeting', 'sampling', 'harvesting', 'series', 'recueil', 'collation', 'picking', 'raising', 'capture', 'pickup', 'compiling', 'pick-up', 'levy', 'gathered', 'collector', 'levying', 'collating', 'receipt', 'perceptions', 'harvest', 'pick', 'ingestion']"
collector_n,"['manifold', 'commutator', 'collectors', 'gatherer', 'drainpipe', 'sensor', 'receiver', 'collection', 'bagman', 'vintage', 'sensors']"
Colonel_n,"['col.', 'coronel', 'colonei', 'oberst', 'sir', 'lieutenant-colonel', 'col', '-colonel', 'colonels', 'promenade']"
colony_n,"['colonies', 'cologne', 'colonial', 'settlement', 'settlements']"
column_n,"['columns', 'spine', 'stanchion', 'chronic', 'al-amud', 'amud', 'columnar']"
combination_n,"['mix', 'merge', 'combined', 'combinations', 'mixture', 'conjunction', 'combo', 'combining', 'blend', 'conjugation', 'association', 'jumpsuit', 'suit', 'combine', 'scheme', 'intermix', 'blending', 'mixing', 'mixed', 'conjugate', 'locked']"
comedy_n,"['comic', 'humour', 'comedian', 'charade', 'humor', 'farce', 'playhouse', 'pretense']"
comfort_n,"['convenience', 'consolation', 'solace', 'reassurance', 'discomfort', 'ease']"
command_n,"['commands', 'leadership', 'commanding', 'commandment', 'conductor', 'knob', 'commander', 'script', 'control', 'order', 'conductors', 'commando', 'headquarters']"
Commander_n,"['commandant', 'commanding', 'comandante', 'captain', 'commanders', 'leader', 'skipper', 'chief', 'co', 'commander-in-chief', 'comd', 'sir', 'command', 'kommandant', 'cmdr.', '-commander', 'frigate', 'maj.', 'c.o.', 'cdt', 'major', 'pilot-in-command', 'g.o.c.', 'commendatore', 'head', 'lieutenant-commander']"
comment_n,"['commentary', 'observation', 'remark', 'comments', 'observations', 'point', 'feedback', 'observing', 'remarks', 'commentaire', 'compliance', 'suspension', 'suspend', 'observer', ""'observation"", 'note', 'consultation', 'observational', 'suspending', 'monitoring']"
commerce_n,"['trade', 'commercial', 'trading', 'business', 'koophandel', 'usdoc', 'comercio', 'doc']"
commission_n,"['committee', 'board', 'commissione', 'kommission', 'council', 'comisión', 'panel', 'commissie', 'επιτροπή', 'whscc', 'ywchsb', 'perpetration', 'commissions', 'comissão', 'tirexb', 'unhcr', 'ilc', 'bizottság', 'chrc', 'ifa']"
commissioner_n,"['commissioners', 'commissaire', 'comissário', 'commissar', 'mr', 'delegate', 'delegated', 'mrs', 'delegates', 'commissariat', 'commissario', 'commisioner']"
commitment_n,"['engagement', 'compromise', 'commitments', 'undertaking', 'dedication', 'pledge', 'determination', 'involvement', 'encumbrance', 'obligation', 'attachment', 'promise', ""'engagement"", 'committed', 'willingness', 'accession', 'devotion', 'vcu', 'adherence', 'will', 'desire', 'effort', 'pledges', 'resolve', 'undertakings', 'enlistment', 'endeavour']"
committee_n,"['commission', 'board', 'panel', 'comité', 'committees', 'ctc', 'commissions', 'cric', 'jisc', 'eesc', 'comisión', 'comitã', 'committe']"
commodity_n,"['commodities', 'merchandise', 'goods', 'product', 'denrée', 'mercantile', 'products', 'cargo', 'ware']"
commonwealth_n,"['community', 'cis', 'cth', 'federation', 'fannie', 'chogm']"
communication_n,"['communications', 'communicating', 'submission', 'disclosure', 'comunicación', 'communicate', 'transmitted', 'announcement', 'communicative', 'telecommunications', 'contact', 'liaison', 'contacts', 'ανακοίνωση', 'notification', 'communiqué', 'statement', 'complaint', 'notice', 'telecommunication', 'comunicação', 'mitteilung', 'reporting', 'επικοινωνία', 'outreach', 'submissions', 'disclosures', 'message', 'letter', 'transmission', 'kommunikation', 'dissemination', 'paper', 'comunicaciones', 'signage']"
communicator_n,['broadcaster']
community_n,"['communities', 'community-based', 'society', 'communautaire', 'social', 'commonwealth', 'eu', 'communauté', 'communal', 'comunidad', 'communautaires', 'collectivité', 'communitybased', 'collectivity', 'gemeenschap', 'community-wide', 'ec', 'gemeinschaft', 'communitarian', 'comunitario', 'community-level', 'comunidade', 'union', 'environment', 'comunitaria', 'grass-roots']"
companion_n,"['journeyman', 'mating', 'courtesan', 'mate', 'accompaniment', 'accompanying', 'complementary', 'snap-in', 'pinion', 'supplementary', 'sprocket', 'partner', 'rafik', 'flanking', 'attendant', 'consort', 'wizard', 'colleague', 'escort', 'roommate', 'add-in', 'comrade', 'coupling', 'company']"
comparison_n,"['comparisons', 'comparing', 'compare', 'comparative', 'compared', 'comparator', 'comparaison', 'comparer', 'contrast', 'intercomparison', 'comparability', 'witness', 'report', 'compares', 'benchmarking', 'non-predictive', 'relation', 'relatively']"
compensation_n,"['remuneration', 'reparation', 'indemnification', 'set-off', 'clearing', 'compensations', 'indemnity', 'redress', 'pay', 'compensating', 'allowance', 'compensatory', 'repair', 'earnings', 'reparations', 'offset', 'offsets', 'balancer', 'damages', 'allowances', 'compensated', 'award', 'compensate', 'compensable', 'setoff', 'offsetting', 'netting', 'severance', 'awards', 'indemnities', 'reimbursement', 'compensator', 'salary', 'repairs', 'payrolls', 'indemnifications', 'restitution', 'recompense', 'set-offs', 'payment', 'wage', 'compensability', 'repairing']"
competence_n,"['jurisdiction', 'competency', 'competencies', 'skill', 'skills', 'remit', 'expertise', 'proficiency', 'competition', 'purview', 'competences', 'powers', 'responsibility', 'jurisdictional', 'power', 'authority', 'compétence', 'competent', 'ability', 'competencia', 'capacity', 'proﬁciency']"
competition_n,"['competitions', 'competitive', 'contest', 'competitiveness', 'competence', 'compete', 'rivalry', 'rival', 'wettbewerb', 'jurisdiction', 'competitors', 'contests', 'competitor', 'competing', 'concurrence', 'race', 'tournament', 'pageant', 'moot', 'assistance', 'maximum']"
competitor_n,"['competitors', 'rival', 'competing', 'contender', 'concurrent', 'contestant', 'competition', 'challenger', 'conflicting', 'opponent']"
complaint_n,"['complaints', 'claim', 'denunciation', 'grievance', 'allegation', 'complainant', 'plainte', 'complain', 'communication', 'claims', 'request', 'complained', 'petition']"
completion_n,"['conclusion', 'finalization', 'completed', 'culmination', 'termination', 'completing', 'end', 'finalisation', 'complete', 'achievement', 'realization', 'accomplishment', 'finish', 'term', 'fulfilment', 'finalizing', 'ending', 'over-completions', 'terminating', 'finalized']"
complex_n,"['complicated', 'complexes', 'complexity', 'compound', 'sophisticated', 'intricate', 'difficult', 'complexe', 'plex', 'elaborate', 'challenging', 'cumbersome', 'convoluted', 'tricky', 'building', 'composite', 'sprawling', 'multifaceted']"
complexity_n,"['complex', 'sophistication', 'intricacy', 'complication']"
component_n,"['element', 'components', 'part', 'pillar', 'strand', 'constituent', 'ingredient', 'aspect', 'stream', 'volet', 'plug-in', 'componente', 'grantor', 'factor', 'elements', 'feature', '-component', 'portion', 'dimension', 'tier', 'constituents', 'piece']"
composer_n,"['compositeur', 'songwriter', 'composers', 'cope', 'composing', 'deal', 'dial']"
composition_n,"['membership', 'make-up', 'compositional', 'makeup', 'compositions', 'dialling', 'composed', 'mix', 'compositing', 'dialing', 'formation', 'trainset', 'formed', 'compositionally', 'structure', 'typesetting', 'essay', 'composing']"
composure_n,"['serenity', 'calm', 'temper', 'self-control', 'poise', 'calmness']"
compound_n,"['composed', 'compounds', 'composite', 'complex', 'consisting', 'comprised', 'pregnant', 'consist', 'comprising', 'aggravate', 'exacerbate', 'substance', 'complicate', 'gush']"
compromise_n,"['commitment', 'compromised', 'trade-off', 'trade-offs', 'transaction', 'jeopardize', 'jeopardized', 'encumbrance', 'jeopardise', 'transactional', 'engagement', 'endanger', 'undermine', 'conciliation', 'undertaking', 'tradeoff', 'accommodation']"
computing_n,"['computer', 'informatics', 'compute', 'calculation', 'calculating', 'computational', 'informática', 'computation', 'calculate', 'computerization', 'computers', 'calculator', 'it']"
concentration_n,"['concentrations', 'focus', 'merger', 'concentrating', 'concentrated', 'levels', 'strength', 'centralisation', 'concentrate', 'content', 'level']"
concept_n,"['notion', 'concepts', 'idea', 'conceptual', 'conception', 'design', 'term', 'principle', 'concepto', 'kwun', 'notions', 'reflection', 'approach', 'concepción', 'vision', 'definition', 'sense', 'thinking', 'perception', 'understanding']"
conception_n,"['design', 'concepción', 'concept', 'kwun', 'idea', 'designing', 'notion', 'vision', 'pregnancy']"
concern_n,"['preoccupation', 'concerns', 'interest', 'anxiety', 'worry', 'disquiet', 'attention', 'fear', 'unease', 'gold', 'problem', 'relate', 'concerned', 'worries', 'apprehension', 'alarm', 'affect', 'care']"
concerto_n,"['concert', 'conjunction']"
concession_n,"['granting', 'grant', 'concessions', 'concessionaire', 'concessionary', 'dealership', 'lease', 'franchise', 'imtiaz', 'preferential', 'tenure', 'privilege', 'excellence', 'awarding', 'relief']"
conclusion_n,"['conclude', 'completion', 'conclusions', 'finding', 'concluded', 'end', 'closing', 'concluding', 'closure', 'schlussfolgerung', 'finish', 'finalization', 'concertación', 'outcome', 'findings', 'inference', 'term', 'close', 'signing', 'finalisation', 'termination', 'holding', 'result', 'culmination']"
condition_n,"['status', 'state', 'conditions', 'precondition', 'prerequisite', 'requirement', 'situation', 'affection', 'proviso', 'provided', 'disease', 'disorder', 'pre-condition', 'fitness', 'illness']"
conditioning_n,"['conditioner', 'packaging', 'air-conditioning', 'packing', 'fitness', 'conditioned', 'preconditioning', 'cooling']"
conduct_n,"['behaviour', 'behavior', 'perform', 'driving', 'behavioural', 'lead', 'undertake', 'conducting', 'acts', 'chairmanship', 'realization', 'ethics', 'behaviours', 'proceed', 'misconduct', 'holding', 'hold', 'make', 'conducted', 'organize', 'behavioral', 'pursue', 'drive', 'attitude', 'leadership', 'implementation', 'behaviors']"
conduit_n,"['duct', 'channel', 'intermediate', 'intermediary', 'canal', 'caine', 'piping', 'pipeline']"
conference_n,"['conferences', 'lecture', 'conférence', 'meeting', 'cd', 'meetings', 'congress', 'conferencing', 'conferencia', 'lectures', 'the', 'session', 'cop', 'ces', 'junket', 'symposium', 'conferenza']"
confidence_n,"['trust', 'faith', 'trusted', 'confidence-building', 'confidence-', 'self-confidence', 'confident', 'trusting', 'reliance', 'credibility', 'belief', 'certainty', 'mistrust', 'trustworthy', 'conﬁdence', 'assurance', 'distrust']"
conflict_n,"['conflicts', 'dispute', 'strife', 'disputes', 'clash', 'contradiction', 'conﬂict', 'conflicto', 'conflicting', 'conflits', 'confrontation', 'war', 'struggle', 'clashes', 'conflict-', 'contradictions']"
confusion_n,"['confounding', 'disarray', 'chaos', 'mix-up', 'muddle', 'mess', 'turmoil', 'ambiguity', 'confused', 'misunderstanding', 'obfuscation', 'intermingling', 'havoc', 'disorder', 'jumble', 'blurring', 'bewilderment', 'shambles']"
congress_n,"['congressional', 'congrès', 'congresses', 'congreso', 'conference', 'convention', 'capitol', 'conventions', 'congrã', 'congressman', 'senate']"
connection_n,"['regard', 'connecting', 'relationship', 'link', 'context', 'respect', 'connect', 'connections', 'login', 'relation', 'sign-on', 'sense', 'linkage', 'signon', 'connexion', 'connectivity', 'conjunction', 'links', 'framework', 'subject', 'attaching', 'liaison', 'attach', 'opportunity', 'correlation', 'connected', 'junction', 'report', 'matter', 'occasion', 'vein', 'topic', 'ratio', 'area']"
conscience_n,"['consciousness', 'awareness', 'conscientious', 'aware', 'conciencia', 'conscious', 'opinion', 'self-awareness', 'objector']"
consciousness_n,"['conscience', 'awareness', 'conscientiousness', 'aware', 'self-consciousness', 'self-awareness', 'knowledge', 'sense']"
consensus_n,"['unanimity', 'consensus-building', 'agreement', 'consensual', 'consensuses', 'views', 'consent', 'consensus-based']"
consent_n,"['concurrence', 'assent', 'approval', 'agreement', 'acquiescence', 'authorization', 'consensus', 'authorisation', 'permission', 'consents', 'acceptance', 'agree', 'endorsement']"
consequence_n,"['result', 'consequences', 'consistency', 'effect', 'corollary', 'implication', 'impact', 'implications', 'outcome']"
conservation_n,"['preservation', 'retention', 'conserving', 'conservancy', 'conserve', 'maintenance', 'preserving', 'storage', 'curatorial', 'protection', 'keeping', 'shelf', 'preserve', 'preservative', 'conserved', 'conservationist', 'care', 'nursing', 'retaining', 'retain', 'saving', 'storing', 'savings']"
conservative_n,"['curator', 'tory', 'prudent', 'curators', 'conservator', 'conservatism', 'cautious', 'governor', 'governorate', 'careful', 'preservative', 'governors', 'registrar']"
consideration_n,"['review', 'examination', 'account', 'exam', 'consider', 'discussion', 'study', 'attention', 'considering', 'reviewing', 'examine', 'considered', 'counterparty', 'scrutiny', 'examining', 'mind', 'deliberations', 'considerations', 'reflection', 'reviews', 'deliberation', 'test', 'recital', 'examen', 'reviewed', 'examines', 'counterpart', 'examined', 'scrutinize', 'examinations']"
consortium_n,"['consortia', 'consorcio', 'consorzio', 'syndicate', 'groupement', 'grouping']"
Constable_n,"['gendarme', 'policeman', 'police', 'agent', 'ronan', 'officer', 'constables', 'cst', 'mounties']"
constituency_n,"['riding', 'constituencies', 'district', 'circonscription', 'electorate', 'constituent']"
constituent_n,"['constitutive', 'constituting', 'grantor', 'component', 'constituents', 'constitutional', 'founding', 'constituency', 'voter', 'establishing', 'elector', 'constitution-making', 'integral', 'incorporation']"
constitution_n,"['constitutional', 'constitutions', 'incorporation', 'constitución', 'formation', 'creation', 'establishment', 'satversme', 'verfassung', 'setting-up']"
constraint_n,"['restriction', 'limitation', 'coercion', 'coercive', 'obstacle', 'delimitation', 'duress', 'stress', 'compulsion', 'restraint', 'constraints', 'impediment', 'barrier', 'forced', 'hardship', 'curtailment', 'restrictions']"
construction_n,"['building', 'build', 'construct', 'constructing', 'constructions', 'architectural', 'bau', 'constructed', 'erection', 'works', 'constructive', 'reconstruction', 'built', 'buildings', 'integration', 'manufacture', 'chee', 'edifice', 'architecture', 'constructional', 'establishment', 'structure', 'design']"
consultant_n,"['consultants', 'advisor', 'adviser', 'consultancy', 'consulting', 'counsellor', 'actuary', 'advisers', 'advisory', 'counsel', 'chancellor', 'consultative', 'counselor', 'advisors', 'councillor', 'consultation']"
consultation_n,"['consultations', 'query', 'consulting', 'consultative', 'advisory', 'consult', 'consulted', 'counselling', 'concertation', 'viewing', 'queries', 'collaboration', 'advice', 'concert', 'querying', 'consultancy', 'reference', 'consults', 'consulta', 'inquiry', 'enquiry', 'comment', 'conjunction', 'view', 'counseling', 'consultant', 'hearing']"
consumer_n,"['consumers', 'consumption', 'consommateur', 'consuming', 'customer', 'consommateurs', 'tarbikha']"
consumption_n,"['consumer', 'consuming', 'exertion', 'use', 'consumo', 'consommation', 'intake', 'drinking', 'eating', 'usage', 'consumerism', 'spending', 'consume', 'depreciation', 'abuse', 'pull', 'consumed', 'uptake']"
contact_n,"['contacts', 'touch', 'liaison', 'contacting', 'ignition', 'focal', 'contacto', 'contacted', 'call', 'communication', 'liaise', 'pinch', 'communicate', 'mating', 'interlocutor', 'coordinates', 'link', 'communications']"
container_n,"['containers', 'containing', 'receptacle', 'reservoir', 'tank', 'vessel', 'wrapper', 'packaging', 'shell']"
content_n,"['contents', 'substance', 'contained', 'contenu', 'happy', 'contenido', 'tenor', 'elements', 'satisfied', 'connotation', 'material', 'concentration', 'glad', 'pleased']"
contest_n,"['competition', 'competitions', 'challenge', 'race', 'moot', 'tournament', 'contests', 'eurovision', 'pageant']"
context_n,"['framework', 'background', 'connection', 'backdrop', 'regard', 'environment', 'respect', 'contexts', 'part', 'contexte', 'contextual', 'perspective', 'shortcut', 'setting', 'light', 'scope', 'vein', 'situation', 'marco', 'relation', 'area', 'frame', 'sense']"
continence_n,['incontinence']
continent_n,"['mainland', 'continente', 'continental', 'subcontinent', 'africa', 'sub-continent', 'continents']"
contract_n,"['contracts', 'contractual', 'agreement', 'contrat', 'market', 'contracting', 'markets', 'contracted', 'prenup', 'lease', 'marketplace', 'deal', 'treaty']"
contractor_n,"['entrepreneur', 'contractors', 'contracting', 'isc', 'subcontractor', 'entrepreneurs', 'offeror', 'supplier', 'provider', 'sub-contractor', 'bidder', 'operator', 'developer']"
contradiction_n,"['inconsistency', 'discrepancy', 'conflict', 'paradox', 'contrast', 'contradictory', 'contrary', 'variance', 'contravention', 'incompatibility']"
contrast_n,"['contrasts', 'contrary', 'difference', 'opposite', 'comparison', 'opposition', 'contradiction', 'high-contrast', 'change', 'rematch', 'contradistinction', 'revenge', 'inverse', 'objection', 'variance', 'reverse']"
contribution_n,"['contributions', 'input', 'contribute', 'contributing', 'participation', 'assessment', 'contributor', 'premium', 'speech', 'role', 'intake', 'involvement', 'beitrag', 'intervention', 'inputs', 'contributory', 'contributed']"
control_n,"['monitoring', 'oversight', 'controlling', 'controls', 'scrutiny', 'supervision', 'monitor', 'check', 'controlled', 'inspection', 'checking', 'screening', 'supervisory', 'fight', 'checks', 'contrôle', 'witness', 'surveillance', 'limitation', 'combat', 'command', 'witnesses', 'regulatory', 'mastery', 'regulate', 'controller', 'struggle', 'combating', 'review', 'contorl', 'grip', 'ownership', 'audit', 'domination', 'assurance', 'controlsolenoid', 'nations-controlled', 'masters', 'verification', 'ctrl', 'management', 'supervise', 'reduction', 'comptrollership', 'scrutinise', 'auditing']"
controversy_n,"['polemic', 'dispute', 'controversial', 'argument', 'contentions', 'disagreement', 'debate', 'disputes', 'contention']"
convention_n,"['conventions', 'agreement', 'unccd', 'ccw', 'convención', 'crc', 'treaty', 'congress', 'uncrc', 'convenzione', 'cwc', 'unfccc', 'bwc', 'covenant', 'cedaw', 'btwc', 'convenio', 'covenants', 'convenção', 'iccpr', 'cppnm']"
conversation_n,"['chat', 'talk', 'discussion', 'conversations', 'talking', 'dialogue']"
conversion_n,"['converting', 'transformation', 'convert', 'reconversion', 'conversions', 'translation', 'converted', 'processing', 'commutation', 'changeover', 'transforming', 'down-converting', 'transposition', 'retraining', 'transform', 'transfer', 'switchover', 'change']"
conviction_n,"['belief', 'condemnation', 'sentence', 'convinced', 'convicted', 'sentencing', 'convictions', 'persuasion', 'condemned', 'guilt', 'faith']"
cookery_n,"['cooking', 'kitchen', 'cuisine']"
coolant_n,"['refrigerant', 'cooling', 'cooler', 'refrigerating', 'condenser', 'refrigerated']"
copper_n,"['cobre', 'bronze', 'cu', 'tung', 'brass', 'causeway']"
copy_n,"['copying', 'exemplary', 'copies', 'exemplar', 'copie', 'copied', 'rendition', 'photocopy', 'dubbing', 'text', 'version', 'copier', 'reproduce', 'reproduction', 'painter', 'recopy']"
core_n,"['basic', 'nucleus', 'fundamental', 'heart', 'coreâ', 'central', 'base', 'basis', 'main', 'key', 'essential', 'cores', 'crux', 'principal', 'baseline', 'major', 'kernel', 'nuclei', 'centre', 'carrot', 'primary', 'essence', 'critical', 'crucial', 'background', 'kern', 'vital', 'nub', 'based', 'root', 'underlying']"
corner_n,"['angle', 'rincón', 'wedge', 'neighborhood', 'vertex', 'nook', 'kok', 'cornering', 'coin', 'spot', 'intersection']"
coronation_n,['culmination']
corp_n,"['corp.', 'company', 'corps', 'eilat']"
corporation_n,"['society', 'company', 'société', 'corporación', 'companies', 'corporations', 'societies', 'ocs', 'firm', 'corporate', 'securities', 'cmcc', 'corp.', 'sociã', 'incorporation', 'societal', 'enterprise', 'firms']"
correlation_n,"['correlated', 'correspondence', 'correlate', 'interrelationship', 'relationship', 'mapping', 'link', 'linkage', 'correlative', 'concordance', 'interrelation', 'connection', 'tradeoff', 'correspondance']"
correspondence_n,"['correspondance', 'correlation', 'mail', 'mail-order', 'letters', 'match', 'connecting', 'mailings', 'mapping', 'letter', 'matching', 'equivalences', 'correspondences', 'correspondent', 'interchange', 'concordance', 'communications', 'map', 'postal']"
correspondent_n,"['reporter', 'aljazeera', 'corresponding', 'corespondent', 'al-jazeera', 'correspondents', 'reporters', 'correspondence', 'jazeera']"
corruption_n,"['bribery', 'corrupt', 'anti-corruption', 'graft', 'anticorruption', 'corruptions', 'defilement', 'embezzlement', 'corruption-related']"
cost_n,"['costs', 'expenses', 'price', 'expense', 'expenditure', 'fee', 'costing', 'fees', 'expenditures', 'coût', 'spending', 'coste', 'charges', 'charge', 'costo', 'costa', 'fresh', 'âgés', 'coûts', 'prices']"
cottage_n,"['chalet', 'cabin', 'cottages', 'bungalow', 'cabins', 'villa', 'shack', 'craft', 'mansion']"
cotton_n,"['cot', 'cotton-growing']"
council_n,"['board', 'conseil', 'rat', 'advice', 'consejo', 'raad', 'bureau', 'councils', 'commission', 'consiglio', 'counsel', 'rats', 'conselho', 'συμβουλίου', 'boards', 'tip']"
Councillor_n,"['counsellor', 'consigliere', 'adviser', 'councilman', 'advisor', 'alderman', 'councilor', 'councillors', 'consejero', 'advise', 'conseiller', 'counsel', 'counselor', 'advising', 'consultant']"
Count_n,"['counting', 'rely', 'earl', 'comte', 'enumeration', 'recount', 'account', 'counts', 'conde', 'compter', 'tally', 'depend', 'bernadotte', 'number', 'graaf']"
counter_n,"['counteract', 'combat', 'meter', 'counters', 'comptoir', 'desk', 'combating', 'fight', 'counteracting', 'countering', 'address', 'against', 'tackle', 'contrary', 'offset', 'accountant', 'thwart', 'counterbalance', 'fighting', 'oppose', 'curb', 'confront']"
counterpart_n,"['homologous', 'counterparty', 'homologue', 'matching', 'equivalent', 'counterparts', 'interlocutor', 'contra', 'colleague', 'president', 'consideration']"
countryside_n,"['campaign', 'landscape', 'campaigns', 'reeve', 'rural', 'field']"
county_n,"['shire', 'comté', 'governorate', 'counties', 'prefecture', 'lofa', 'governate', 'megyei', 'province', 'district', 'riding', 'township', 'governorates']"
coup_n,"['blow', 'putsch', 'takeover', 'revolt', 'upheaval', 'take-over']"
courage_n,"['mod', 'bravery', 'boldness', 'value', 'nerve', 'fortitude', 'audacity', 'valor', 'courageous', 'mettle', 'valour', 'brave', 'luck']"
course_n,"['courses', 'sure', 'way', 'cours', 'curriculum', 'internship', 'safe', 'progress', 'chap', 'framework', 'direction', 'path', 'process', 'loop', 'curso', 'assumption', 'run', 'classes', 'doubt', 'secure', 'current', 'class', 'trajectory', 'curricula', 'route', 'race', 'during', 'line', 'courts', 'track', 'over', 'traineeship', 'training', 'road']"
court_n,"['tribunal', 'courts', 'cour', 'judicial', 'corte', 'tribunals', 'courtyard', 'yard', 'tribunale', 'cutoff', 'jurisdiction', 'justice', 'hof', 'short', 'judge', 'gerichtshof', 'rechtbank', 'courthouse', 'cut', 'icc', 'shut-off', 'ictr', 'courtroom', 'trial', 'icty', 'backyard', 'hearing', 'judiciary', 'ecj', 'icj', 'bíróság', 'gerechtshof', 'juridiction', 'legal']"
courtyard_n,"['patio', 'yard', 'court', 'backyard', 'playground', 'schoolyard']"
covenant_n,"['pact', 'compact', 'iccpr', 'icescr', 'pacte', 'crown', 'pacto', 'convention', 'convenant', 'covenants', 'deal', 'sgp']"
cover_n,"['lid', 'coverage', 'encompass', 'covers', 'defray', 'covering', 'bezel', 'covered', 'blanket', 'include', 'cap', 'canopy', 'hedging', 'meet', 'shroud', 'fill', 'span', 'guise', 'couverture', 'way', 'tocover', 'hedge', 'address', 'deck', 'pay', 'embrace', 'involve', 'including']"
coverage_n,"['cover', 'blanket', 'hedging', 'couverture', 'scope', 'hedge', 'covering', 'protection', 'insurance', 'covered', 'cover-up', 'roofing', 'wrap']"
coyote_n,"['coyotes', 'ferryman', 'smuggler']"
craft_n,"['crafts', 'handicraft', 'boats', 'handicrafts', 'boat', 'watercraft', 'vessels', 'artisanal', 'vessel', 'naves', 'artigianato', 'artisan', 'ship', 'craftsmanship', 'cottage', 'trades', 'cavitation', 'technicians', 'art']"
crank_n,"['crankshaft', 'ckp', 'boot']"
crash_n,"['crashes', 'crashed', 'collision', 'accident', 'collide', 'collapse', 'crushing', 'shock', 'incident', 'clash', 'accidents', 'crush', 'meltdown']"
crawl_n,"['grovel', 'slither', 'ramp', 'fawn', 'tracing']"
cream_n,"['crème', 'crema', 'creamer', 'creams', 'cream-coloured', 'lotion', 'latte', 'pudding', 'custard', 'moisturizer', 'karim', 'ice', 'kreme', 'creamy', 'vanilla', 'placebo', 'milk', 'venom']"
creation_n,"['establishment', 'inception', 'creating', 'create', 'setting-up', 'created', 'création', 'formation', 'constitution', 'creative', 'building', 'authoring', 'establish', 'generation', 'development', 'founding', 'establishing', 'introduction', 'established', 'mujahedeen', 'emergence', 'institution', 'build', 'creativity']"
creature_n,"['creatures', 'beast', 'monster', 'pisces', 'ogre']"
credit_n,"['appropriation', 'credits', 'crédit', 'lending', 'appropriations', 'loan', 'receivable', 'crédito', 'loans', 'provision', 'vote', 'solvency', 'merit', 'honour', 'credence', 'crediting', 'credibility', 'borrowing', 'receivables', 'fertiliser', 'honor', 'claim']"
creditor_n,"['creditors', 'secured', 'lender']"
crew_n,"['aircrew', 'crews', 'team', 'crewmen', 'crewmember', 'crewing', 'manning', 'wet', 'rowing', 'crewman', 'seamen']"
cricket_n,"['grasshopper', 'predatory']"
crime_n,"['offence', 'crimes', 'criminality', 'offences', 'delinquency', 'criminal', 'felony', 'crimen', 'offense', 'murder', 'brott', 'offending', 'verbrechen', 'misdemeanour']"
criminal_n,"['penal', 'crime', 'criminals', 'pénale', 'criminal-law', 'felon', 'divisional', 'crimes', 'judicial', 'offence', 'pénales', 'offences', 'offenders', 'offender']"
crisis_n,"['crises', 'kris', 'turmoil', 'crise', 'standoff', 'crunch', 'downturn', 'meltdown', 'depression', 'emergency']"
crisp_n,"['crunchy', 'sharpness', 'sharp', 'crystal-clear']"
criterion_n,"['criteria', 'test', 'yardstick', 'approach', 'standard', 'requirement', 'benchmark', 'discretion']"
critic_n,"['critical', 'commentator', 'critique', 'criticism', 'spokesperson']"
criticism_n,"['critical', 'critique', 'criticisms', 'critic', 'criticise', 'criticizing', 'criticized', 'criticising', 'monetary', 'reproach']"
crop_n,"['crops', 'harvest', 'cultures', 'harvesting', 'culture', 'cultivation', 'plant', 'cutout', 'agricultural', 'cropping', 'vegetable', 'cultural']"
cross_n,"['cruz', 'croix', 'crosses', 'croce', 'red', 'crusade', 'crossing', 'cross-', 'transverse', 'crisscross', 'bilateral', 'crucifix', 'cross-cutting', 'cross-sectional', 'roja', 'crossover', 'transversal', 'straddling', 'traverse', 'inist', 'rist', 'crossed']"
crowd_n,"['mob', 'crowds', 'multitude', 'myriad', 'variety', 'plethora', 'host', 'wealth', 'buildup', 'lot']"
crown_n,"['coronet', 'wreath', 'corona', 'state', 'krona', 'koruna', 'estonian', 'collet', 'covenant', 'slovak', 'heir', 'iceland', 'danish', 'krone', 'majesty', 'icme', 'swedish', 'official', 'sprocket', 'canopy', 'crowns', 'taj', 'prince', 'status']"
cruising_n,['cruise']
crystal_n,"['cristal', 'crystalline', 'crystals', 'orystal', 'glass', 'bandy', 'lens', 'crystallographic', 'crystallization', 'ball', 'meth', 'glazing']"
culture_n,"['cultural', 'cultures', 'cultivation', 'crop', 'cultura', 'kultur', 'civilisation', 'cropping', 'crops', 'culturing', 'kultura', 'mentality', 'culturally', 'growing', 'civilization']"
curator_n,"['conservative', 'conservator', 'tory', 'preservative', 'guardian']"
currency_n,"['currencies', 'monetary', 'coin', 'motto', 'mint', 'curr', 'money', 'exchange', 'foreign-exchange', 'species', 'coinage', 'change']"
current_n,"['present', 'existing', 'ongoing', 'currently', 'topical', 'present-day', 'today', 'prevailing', 'underway', 'actual', 'currents', 'contemporary', 'incumbent', 'up-to-date', 'on-going', 'common', 'routine', 'course', 'flow', 'presently', 'recent', 'quo', 'day-to-day', 'flows', 'day', 'updated', 'moment']"
curriculum_n,"['curricula', 'courses', 'syllabus', 'program', 'curricular', 'programme', 'course', 'programmes', 'programs', 'résumé', 'résumés', 'studies', 'curriculums', 'syllabi']"
curry_n,"['cari', 'carey']"
curve_n,"['curved', 'bend', 'curves', 'curvature', 'graph', 'bulge', 'plot', 'sag', 'line', 'plotted', 'pattern', 'contoured']"
custody_n,"['detention', 'guard', 'guardianship', 'remand', 'custodian', 'custodial', 'arrest', 'safekeeping', 'custodianship', 'garde', 'prison', 'care', 'detained', 'imprisonment', 'guarding', 'keep', 'on-call', 'trusteeship', 'detainee', 'keeps', 'detainees', 'confinement', 'possession', 'quarter', 'childcare']"
custom_n,"['customized', 'personalized', 'customised', 'customize', 'custom-built', 'personalised', 'habit', 'customs', 'custom-defined', 'self-paced', 'customizing', 'customization', 'customizable', 'tailored', 'personalize', 'personalization', 'custom-designed', 'customise', 'tradition', 'customary', 'customisable']"
customer_n,"['client', 'customers', 'clients', 'client-side', 'clientele', 'subscriber', 'consumer', 'cliente', 'customer-provided']"
cut_n,"['reduce', 'reduction', 'cutting', 'reduced', 'coupe', 'cutout', 'cortado', 'cut-o', 'cutoff', 'remove', 'cup', 'severed', 'reducing', 'court', 'haircut', 'chopped', 'cuts', 'clipping', 'sever', 'chop', 'decrease', 'incision', 'cut-off', 'snip', 'accidentallycut', 'stumpage', 'pre-cut', 'haché', 'lowered', 'lower', 'abbreviated', 'goblet', 'trimmed', 'withdraw']"
cutting_n,"['cut', 'reducing', 'cutoff', 'reduction', 'cup', 'stumpage', 'severing', 'slitting', 'reduce', 'logging', 'pieces', 'excision', 'haircut', 'lowering', 'cutout', 'coupage']"
damage_n,"['harm', 'damages', 'injury', 'prejudice', 'detriment', 'undermine', 'loss', 'deterioration', 'damaged', 'destruction', 'danni', 'devastation', 'lesion', 'pity', 'havoc', 'impair', 'injuries', 'degradation', 'jeopardize', 'sabotage', 'shame']"
dance_n,"['dancing', 'dances', 'danse', 'bal', 'ball', 'prom', 'danced', 'dancer', 'ballet', 'ballroom', 'tap-dance', 'choreography', 'cheer', 'dancers']"
danger_n,"['risk', 'hazard', 'threat', 'jeopardy', 'peril', 'dangerous', 'dangers', 'hazards', 'menace', 'hazardous', 'distress', 'stake', 'endangerment', 'threatened', 'trouble', 'risks']"
darkness_n,"['dark', 'obscurity', 'blackness', 'gloom', 'obscurantism', 'shadow', 'night', 'black']"
darling_n,"['honey', 'sweetheart', 'sweetie', 'dear', 'baby', 'babe', 'hon', 'chéri', 'chérie', 'dearest', 'love', 'dearie', 'treasure', 'treasury']"
data_n,"['information', 'figures', 'données', 'statements', 'evidence', 'database', 'dati', 'particulars', 'statistics', 'datos', 'details', 'data-', 'facts', 'date', 'given', 'dane', 'daten', 'communiques']"
database_n,"['databases', 'databank', 'db', 'data', 'data-base', 'base', 'basis']"
dawn_n,"['daybreak', 'detonated', 'sunrise', 'exploded', 'dawning', 'sunup', 'aurore', 'al-fajr', 'eve', 'alba', 'liming', 'fajr', 'blew', 'shuguang', 'sephton', 'morning', 'beginning', 'threshold', 'cusp', 'aurora', 'early', 'verge']"
deal_n,"['agreement', 'cope', 'lidar', 'dealing', 'address', 'market', 'treat', 'tackle', 'respond', 'transaction', 'resolve', 'manage', 'solve', 'treatment', 'accord', 'covenant', 'contract', 'handle', 'composer', 'face', 'case', 'contend']"
dealer_n,"['concessionaire', 'distributor', 'dealers', 'trader', 'reseller', 'dealership', 'broker', 'merchant', 'trafficker', 'dispatcher', 'pusher', 'distributors', 'retailer', 'seller', 'smuggler', 'shopkeeper', 'vendor', 'bagman', 'merchantable', 'tradesman', 'resellers']"
deathbed_n,"['bedside', 'dying']"
debate_n,"['discussion', 'segment', 'discuss', 'debates', 'discussions', 'debated', 'debating', 'vita', 'controversy', 'débat', 'dialogue', 'discourse', 'life', 'discussed', 'argument']"
debt_n,"['debts', 'indebtedness', 'al-din', 'addin', 'eddin', 'religion', 'dette', 'borrowing', 'liabilities', 'indebted', 'eldeen', 'receivable', 'el-din', 'cleric', 'dean', 'obligations', 'loan', 'eddine', 'blame', 'receivables', 'duty', 'ad-din', 'borrowings']"
debut_n,"['infancy', 'inception', 'premiere', 'beginning']"
decade_n,"['10-year', 'idndr', 'ten', 'decade-long', 'ten-year', '10']"
decision_n,"['decisions', 'ruling', 'decided', 'resolution', 'decision-making', 'determination', 'décision', 'judgment', 'rapporteur', 'decides', 'judgement', 'decide', 'decisione', 'απόφαση', 'clout', 'besluit', 'action', 'choice', 'entscheidung', 'beschluss', 'disposition', 'decisão', 'solution', 'verdict', 'ddecision', 'case', 'order', 'resolve']"
deck_n,"['bridge', 'apron', 'decks', 'pont', 'terrace', 'floor', 'decking', 'shield', 'cockpit', 'bridges', 'bezel', 'game', 'balcony', 'cover', 'platform', 'barajas', 'platinum', 'patio']"
declaration_n,"['statement', 'return', 'declarations', 'proclamation', 'announcement', 'statements', 'explanation', 'reporting', 'déclaration', 'declared', 'declaring', 'manifesto', 'declaración', 'notification']"
decline_n,"['decrease', 'drop', 'reduction', 'downturn', 'drop-off', 'fall', 'deterioration', 'declining', 'dieback', 'regression', 'decay', 'reduce', 'decadence', 'recession', 'lower', 'diminution', 'degradation', 'decreased', 'decreasing', 'slowdown', 'retreat', 'refuse', 'lowering', 'contraction', 'reduced', 'demise', 'slump', 'setback', 'diminish', 'dip', 'down', 'downfall', 'loss', 'collapse']"
decomposition_n,"['decay', 'decomposing', 'breakdown', 'consist', 'degradation']"
decrement_n,['decrease']
defeat_n,"['beat', 'defeating', 'overcome', 'vanquish', 'failure', 'conquer', 'rout', 'defeated', 'invalidation', 'defeats', 'setback', 'thwart', 'frustrate', 'overcoming', 'loss', 'slaughter']"
defect_n,"['default', 'irregularity', 'flaw', 'anomaly', 'defects', 'failure', 'shortcoming', 'vice', 'deficiency', 'abnormality', 'fault', 'absence', 'necrosis', 'malformation', 'lack', 'malfunction', 'impropriety']"
defence_n,"['defense', 'defend', 'defensive', 'defending', 'defensa', 'protection', 'advocacy', 'defence-related', 'defesa', 'dod', 'defender', 'upholding', 'self-defence', 'defences', 'gas-discharge', 'advocate', 'defenders']"
defendant_n,"['respondent', 'accused', 'indictee', 'charged', 'acknowledgement', 'reo']"
defender_n,"['advocate', 'supporter', 'defensor', 'vindicator', 'provedor', 'champion', 'ombudsman', 'ombudsperson', 'defend', 'ombud', 'campaigner', 'protector', 'defence', 'counsel', 'defenders', 'lawyer', 'defending', 'defensoría', 'proponent']"
deficit_n,"['shortfall', 'deficits', 'gap', 'shortage', 'deficiency', 'disability', 'lack', 'inability', 'shortcoming', 'incapacity']"
definition_n,"['defining', 'definitions', 'define', 'defined', 'définition', 'identification', 'definitional', 'setting', 'delineation', 'concept', 'meaning', 'articulation', 'determination', 'deﬁnition', 'mandating', 'defines']"
degree_n,"['diploma', 'extent', 'level', 'degrees', 'grade', 'measure', 'diplôme', 'rank', 'graduate', 'measurement', 'levels', 'degré', 'intensity', 'diplomas', 'bachelor', 'places', 'graduation', 'magnitude', 'deg']"
delay_n,"['delays', 'postpone', 'delaying', 'retardation', 'postponement', 'delayed', 'backlog', 'late', 'backwardness', 'deadline', 'defer', 'lag', 'lateness', 'procrastination', 'tardiness', 'demora', 'retard', 'ado', 'postponed', 'time-limit', 'period', 'slippage', 'postpones', 'overdue', 'behind', 'timeframe', 'deferral', 'time', 'wait']"
delegate_n,"['delegated', 'delegado', 'associate', 'representative', 'delegating', 'devolve', 'delegates', 'delegation', 'deputize', 'envoy', 'commissioner']"
delegation_n,"['delegations', 'délégation', 'wafd', 'delegated', 'mission', 'delegate', 'delegación', 'al-wafd', 'devolution', 'missions']"
delight_n,"['joy', 'pleasure', 'satisfaction', 'rejoicing', 'happiness', 'rapture', 'delights', 'relish']"
delivery_n,"['provision', 'benefit', 'childbirth', 'outturn', 'supply', 'execution', 'implementation', 'livraison', 'delivering', 'providing', 'surrender', 'delivered', 'distribution', 'enforcement', 'shipment', 'deliver-to', 'handover', 'deliveries', 'birth', 'deliver', 'beneﬁt', 'vector', 'performance', 'prestation', 'provide', 'confinement', 'rendition', 'implementing', 'undelivered', 'benefits', 'transmission']"
delta_n,"['beaufort-delta', 'prd', 'daemon', 'triangle', 'triangular']"
demand_n,"['request', 'application', 'require', 'requirement', 'claim', 'needs', 'demands', 'ask', 'call', 'requests', 'question', 'asks', 'insist', 'requested', 'need', 'applications', 'requirements', 'calls', 'asked', 'petition']"
democrat_n,"['democrats', 'democratic', 'democrata', 'démocrate']"
demolition_n,"['destruction', 'scrapping', 'bulldozing', 'demolished', 'clearance', 'dismantling', 'removal', 'destroying']"
demonstration_n,"['demo', 'manifestation', 'demonstrations', 'event', 'proof', 'demonstrating', 'rally', 'pilot', 'demonstrate', 'protest', 'model', 'showcase', 'expression', 'evidence', 'demos', 'procession', 'demonstrator', 'show', 'display', 'pilots']"
denim_n,['cowboy']
density_n,"['densities', 'intensity', 'dense', 'density-dependent', 'gravity', 'stocking', 'abundance']"
departure_n,"['starting', 'outset', 'output', 'exit', 'severance', 'start', 'departures', 'leave', 'leaving', 'outward', 'heading', 'left', 'beginning', 'deviation', 'outbound', 'separation', 'depart', 'outlet', 'withdrawal', 'separations', 'resignation', 'departing']"
deposit_n,"['filing', 'deposits', 'deposition', 'depot', 'tabling', 'depository', 'reservoir', 'repository', 'orebody', 'deposit-taking', 'deposited', 'depositing', 'depositary', 'file', 'tank', 'warehouse', 'cabstand', 'submission', 'lodging', 'filed', 'surety', 'depots', 'filings', 'bail', 'repositories', 'warehousing', 'lodge', 'bond']"
depression_n,"['depressive', 'vacuum', 'slump', 'recession', 'depressed', 'downturn', '1929', 'trough', 'crisis', 'frustration']"
depth_n,"['depths', 'thickness', 'deep', 'in-depth', 'detail', 'thorough', 'intensity', 'fund', 'thoroughly', 'thoroughness', 'indepth', 'deepening', 'length', 'magnitude']"
deputy_n,"['vice', 'assistant', 'vice-', 'attached', 'associate', 'mp', 'herewith', 'under-', 'adjoint', 'vice-president', 'adjunct', 'deputies', 'alternate', 'annexed', 'veep', 'vice-chairman', 'enclosed', 'aide', 'administrators', 'under-secretary-general', 'undersecretary', 'assistants', 'rep.', 'vice-minister', 'wakil', 'attorney', 'mps']"
description_n,"['descriptions', 'narrative', 'designation', 'describe', 'describing', 'described', 'alternate', 'depiction', 'descriptive', 'outline', 'overview', 'denomination', 'specification', 'descripton', 'describes', 'portrayal']"
desert_n,"['sahara', 'wasteland', 'wilderness', 'saharan', 'sahrawi', 'walkabout', 'dessert', 'deserts']"
design_n,"['layout', 'designing', 'conception', 'designs', 'designed', 'devise', 'drawings', 'concept', 'drawing', 'develop', 'formulation', 'model', 'styling', 'conceive', 'devising', 'concepción', 'development', 'designer', 'calculation', 'elaboration', 'determination', 'style', 'planning', 'conceptualization', 'dimensioning', 'conceiving', 'vision', 'engineering', 'preparation', 'plan', 'formulate', 'construction']"
designer_n,"['outliner', 'designers', 'developer', 'builder', 'creator', 'stylist', 'decorator', 'design', 'cartoonist', 'architect', 'synthetic']"
desire_n,"['wish', 'désir', 'willingness', 'desired', 'aspiration', 'desiree', 'laurent-désiré', 'longing', 'lust', 'will', 'yearning', 'want', 'intention', 'ambition', 'eagerness', 'hope', 'commitment', 'readiness', 'determination']"
destination_n,"['target', 'destinations', 'fate', 'destiny', 'destino', 'destined', 'consignee', 'targetname', 'dest', 'receiving', 'addressee', 'recipient', 'purpose', 'destinies']"
destruction_n,"['destroying', 'destroy', 'devastation', 'destroyed', 'disposal', 'demolition', 'shredding', 'mass', 'annihilation', 'damage', 'ground', 'destruction-related', 'extermination', 'depletion', 'destructions', 'destructive', 'disaster', 'sabotage', 'havoc', 'obliteration', 'desolation', 'comprehensive']"
detachment_n,"['secondment', 'posting', 'détachement', 'detachments', 'seconded', 'outposting', 'det']"
detail_n,"['details', 'detailed', 'retail', 'depth', 'drill', 'detalle', 'clarifications', 'precision', 'verbosity', 'clarification', 'particulars', 'accuracy', 'specifics', 'length', 'granularity', 'information']"
Detective_n,"['inspector', 'lnspector', 'inspecteur', 'investigator', 'lieutenant', '-detective', 'p.i.', 'pinkerton', 'inspectors', 'sergeant']"
determination_n,"['resolve', 'determining', 'identification', 'decisiveness', 'commitment', 'decision', 'determine', 'firmness', 'détermination', 'willingness', 'identifying', 'calculation', 'identify', 'resoluteness', 'determinations', 'determined', 'tenacity', 'design', 'quantitation', 'will', 'dedication', 'setting', 'desire', 'definition', 'dosage', 'ascertainment']"
detoxification_n,"['detox', 'rehab', 'drug']"
deutschmark_n,"['deutschemark', 'd-mark', 'dm', 'deutsche']"
developer_n,"['developers', 'scheduler', 'proponent', 'designer', 'promoter', 'programmer', 'sponsor', 'prospector', 'evangelist', 'creator', 'contractor']"
development_n,"['developmental', 'develop', 'developing', 'développement', 'developments', 'evolution', 'elaboration', 'desarrollo', 'growth', 'preparation', 'developed', 'formulation', 'assignment', 'establishment', 'expansion', 'drafting', 'creation', 'sviluppo', 'design', 'progress', 'desenvolvimento', 'building', 'develops', 'advancement', 'entwicklung', 'promotion', 'enhancement', 'veloppement', 'development-related']"
device_n,"['appliance', 'devices', 'apparatus', 'dispositif', 'instrument', 'equipment', 'appliances', 'mechanism', 'operative', 'aircraft', 'instruments', 'machine', 'artifact', 'machinery', 'system', 'arrangement', 'tool', 'installations', 'facility', 'camera', 'dispositive', 'controller', 'arrangements']"
devil_n,"['demon', 'diablo', 'diabo', 'hell', 'claw', 'griffe', 'daemon', 'wolf', 'scrawl', 'satan', 'fiend', 'warlock', 'lucifer', 'evil', 'scoundrel', 'heil', 'heck']"
diagnosis_n,"['diagnostic', 'diagnostics', 'diagnose', 'diagnosing', 'diagnoses', 'diagnosed', 'diag', 'detection']"
diagram_n,"['chart', 'diagrama', 'flowchart', 'graph', 'diagrams', 'figure', 'pattern', 'schema', 'schematic', 'scheme', 'charts', 'regimen', 'logic', 'diagrammatic', 'graphic']"
dialogue_n,"['dialog', 'dialogues', 'dialogs', 'talks', 'conversation', 'discussion', 'debate', 'hawar', 'concertation']"
diamond_n,"['diamonds', 'diamant', 'diamante', 'lozenge']"
diary_n,"['journal', 'newspaper', 'diaries', 'agenda', 'official', 'diario', 'gazette']"
diet_n,"['food', 'dietary', 'eating', 'nutrition', 'regime', 'feeding', ""'alimentation"", 'catering', 'sejm', 'restaurants', 'feed', 'dietetics', 'kost', 'ration']"
difference_n,"['variance', 'gap', 'distinction', 'discrepancy', 'differential', 'differences', 'divergence', 'contrast', 'disparity', 'differentiation', 'differentiate', 'variation', 'disagreement', 'deviation', 'dispute', 'diff', 'teams', 'different', 'change', 'differ']"
difficulty_n,"['difficulties', 'difficult', 'trouble', 'challenge', 'hardship', 'problem', 'challenges', 'distress', 'hard']"
digest_n,"['compendium', 'summary', 'assimilate', 'digestion', 'swallow', 'digests', 'publications', 'digestive']"
dimension_n,"['dimensions', 'size', 'aspect', 'dimensional', 'scale', 'component', 'perspective', 'aspects', 'dim']"
dip_n,"['dpi', 'pid', 'sauce', 'soak', 'fall', 'drop', 'dips', 'tumble', 'decline', 'immerse', 'selector', 'slip', 'diver', 'gravy', 'falls']"
direction_n,"['directorate', 'orientation', 'guidance', 'directions', 'leadership', 'address', 'sense', 'steering', 'instructions', 'trend', 'meaning', 'branch', 'path', 'dirección', 'course', 'way', 'guidelines', 'guideline', 'regard', 'directives', 'management', 'thrust', 'orientations', ""'orientation"", 'directing', 'instruction', 'executive', 'track', 'division', 'route', 'guiding', 'focus', 'counselling', 'directive', 'directorates', 'respect', 'road']"
directive_n,"['guideline', 'directives', 'richtlinie', 'policy', 'direttiva', 'guidance', ""directive'"", 'direction']"
director_n,"['steering', 'manager', 'directeur', 'chief', 'warden', 'superintendent', 'directors', 'administrator', 'directrice', 'head', 'headmaster', 'officer', 'direktor', 'guiding', 'master', 'directora', 'principal', 'headmistress', 'director-', 'director-general', 'registrar', 'governing', 'filmmaker', 'editor', 'officers']"
directory_n,"['directories', 'repertoire', 'yearbook', 'annuaire', 'repertory', 'inventory', 'dir', 'compendium', 'yearbooks', 'guide', 'catalogue', 'directorie', 'repository', 'index', 'register']"
disability_n,"['disabilities', 'invalidity', 'handicap', 'impairment', 'inability', 'incapacity', 'disabled', 'disablement', 'infirmity', 'deficiency', 'handicapped', 'deficit', 'handicaps', 'impairments', 'failure', 'non-validity', 'disadvantage']"
disadvantage_n,"['drawback', 'detriment', 'handicap', 'downside', 'inconvenience', 'disadvantaged', 'disadvantages', 'expense', 'shortcoming', 'unfavourable', 'disability', 'prejudice']"
disappointment_n,"['disillusionment', 'frustration', 'disenchantment', 'disillusion', 'deception', 'disappointed', 'dismay', 'regret', 'discouragement', 'displeasure', 'dissatisfaction', 'discontent', 'bummer']"
disapproval_n,"['displeasure', 'disagreement', 'censure', 'dissent', 'discontent', 'dissatisfaction', 'condemnation', 'rejection']"
disaster_n,"['catastrophe', 'disasters', 'calamity', 'accident', 'tragedy', 'cataclysm', 'mess', 'debacle', 'scourge', 'destruction', 'misfortune', 'shambles', 'ramp', 'catastrophes', 'hazards', 'devastation']"
disc_n,"['disk', 'disks', 'drive', 'discs', 'disque', 'disco', 'cd', 'drives', 'staple', 'record', 'diskette']"
discernment_n,"['discretion', 'judgement', 'judgment', 'insight']"
discipline_n,"['disciplinary', 'disciplines', 'rigour', 'disciplined', 'disciplining', 'self-discipline', 'indiscipline', 'stringency']"
discount_n,"['discounts', 'discounting', 'rebate', 'rebates', 'discounted', 'concessionary', 'remission', 'reduction']"
discourse_n,"['speech', 'speeches', 'rhetoric', 'discourses', 'discours', 'al-khattab', 'debate', 'address']"
discovery_n,"['detection', 'discovered', 'discoveries', 'découverte', 'discovering', 'discover', 'finding', 'uncovering', 'exploration', 'detect', 'found', 'detecting', 'breakthrough', 'detected', 'mine-detection', 'discoverable']"
discretion_n,"['latitude', 'discretionary', 'secrecy', 'discernment', 'appreciation', 'criterion', 'faculty']"
discrimination_n,"['discriminatory', 'distinction', 'non-discrimination', 'discriminate', 'discriminations', 'discriminación', 'discriminated', 'diskriminierung', 'distinguish', 'anti-discrimination']"
discussion_n,"['debate', 'discussions', 'discuss', 'deliberations', 'focus', 'debates', 'discussed', 'consideration', 'segment', 'review', 'round', 'conversation', 'analysis', 'deliberation', 'reflection', 'examination', 'chat', 'talk', 'discussing', 'dialogue', 'work', 'argument', 'breakout']"
disease_n,"['illness', 'diseases', 'sickness', 'illnesses', 'sick', 'morbidity', 'maladie', 'malady', 'epidemic', 'condition', 'ailment', 'ill-health', 'ill', 'infection', 'disorder', 'pathological', 'league', 'morbid', 'pathology', 'affection']"
disequilibrium_n,['imbalance']
disgust_n,"['distaste', 'revulsion', 'abhorrence', 'indignation', 'repugnance', 'loathing', 'outrage', 'aversion', 'displeasure', 'horror']"
dismissal_n,"['layoff', 'revocation', 'termination', 'redundancy', 'lay-off', 'laying-off', 'rejection', 'dismissals', 'removal', 'resignation', 'firing', 'referral', 'discharge', 'expulsion', 'reference', 'impeachment', 'retrenched', 'redundancies']"
disorder_n,"['disorders', 'unrest', 'chaos', 'mess', 'disarray', 'turmoil', 'disruption', 'disturbance', 'post-traumatic', 'clutter', 'trouble', 'strife', 'impairment', 'lawlessness', 'upheaval', 'cloudy', 'confusion', 'mayhem', 'disease', 'illness', 'condition', 'affection', 'disturbs', 'dislocation', 'anarchy', 'turbulence']"
display_n,"['screen', 'show', 'viewing', 'visualization', 'displaying', 'posting', 'displayed', 'displays', 'visualize', 'view', 'unhide', 'exhibition', 'presentation', 'demonstrate', 'showing', 'exposure', 'submission', 'signage', 'postings', 'visualisation', 'screens', 'appear', 'showcase', 'front-of-screen', 'demonstration', 'poster', 'representation', 'shows', 'panel', 'exhibit', 'post']"
disposal_n,"['elimination', 'immersion', 'disposition', 'provision', 'alienation', 'phase-out', 'destruction', 'eradication', 'evacuation', 'removal', 'dispose', 'disposed', 'available', 'eliminating', 'liquidation', 'erasure', 'landfill', 'storage', 'readiness', 'divestiture', 'eliminate', 'disposals', 'willingness', 'dumping', 'assignment', 'handling', 'neutralization', 'deletion', 'removing', 'landfilling']"
dispute_n,"['disputes', 'conflict', 'controversy', 'litigation', 'disagreement', 'quarrel', 'conflicts', 'argument', 'disputed', 'differences', 'difference', 'contention', 'strife', 'disputing', 'contentieux', 'wrangling']"
distance_n,"['distances', 'remote', 'remoteness', 'gap', 'remotely', 'cota', 'long-range', 'range', 'distant', 'separation', 'distance-learning', 'away', 'separator', 'distance-education', 'mileage', 'spacing', 'far-field']"
distinction_n,"['difference', 'differentiation', 'discrimination', 'distinctness', 'distinguishing', 'separation', 'distinguished', 'distinctions', 'award', 'honour', 'honours', 'laude']"
distress_n,"['anguish', 'plight', 'suffering', 'distressed', 'hardship', 'misery', 'despair', 'helplessness', 'pain', 'dismay', 'danger', 'desperation', 'anxiety', 'beacon', 'agony', 'sorrow', 'grief', 'difficulty']"
distribution_n,"['allocation', 'distributing', 'apportionment', 'breakdown', 'distributions', 'dissemination', 'distribute', 'circulation', 'distributional', 'distributed', 'sharing', 'dispensing', 'distributive', 'division', 'diffusion', 'delivery', 'syndication', 'share-out', 'pattern', 'redistribution', 'layout', 'distributorship', 'supply', 'répartition', 'spread', 'mailing', 'dist', 'distributor', 'circulated', 'range', 'indicatively', 'carriage', 'distributive-trade', 'apportioning', 'representation', 'occurrence', 'timing', 'allocate', 'disseminating']"
district_n,"['districts', 'zone', 'neighborhood', 'zones', 'area', 'district-level', 'distrito', 'areas', 'region', 'zoning', 'regional', 'constituency', 'rounding', 'arrondissement', 'riding', 'county', 'subzone', 'borough', 'precinct', 'local', 'dc', 'neighbourhood', 'quarter', 'district-based', 'province', 'regions', 'divisional', 'home', 'ward']"
disturbance_n,"['disruption', 'perturbation', 'disturbances', 'disruptions', 'nuisance', 'disorder', 'unrest', 'turmoil', 'disorders', 'dislocation', 'alteration', 'turbulence', 'inconvenience', 'disrupt', 'harassment', 'interference', 'riot']"
diversity_n,"['variety', 'diverse', 'diversification', 'diversité', 'diversidad', 'range', 'pluralism', 'biodiversity', 'plurality', 'multiplicity', 'diversified', 'heterogeneity', 'richness']"
dividend_n,"['dividends', 'payout', 'profit']"
division_n,"['split', 'divisions', 'secretary', 'divisional', 'section', 'divide', 'splitting', 'distribution', 'directorate', 'branch', 'dividing', 'sharing', 'partition', 'separation', 'divisiveness', 'psd', 'damr', 'direction', 'striping', 'department', 'allocation', 'apportionment', 'schism', 'divison', 'dite', 'title', 'chamber', 'splittist']"
dna_n,"['adn', 'd.n.a.', 'dnas', 'dnk', 'genetic', 'mrs', 'nads', 'dnr', 'dns', 'nfa', 'ano', 'nd', 'dna-based']"
dock_n,"['wharf', 'quai', 'pier', 'quay', 'docks', 'cale', 'dockside', 'docking', 'port', 'mating', 'berth', 'jetty', 'platform', 'wharves', 'coupler']"
doctrine_n,"['doctrina', 'theory', 'doctrinal', 'dogma', 'doctrines', 'literature', 'theoretical', 'principle', 'theories', 'jurisprudence', 'creed']"
document_n,"['paper', 'documents', 'documentation', 'documento', 'symbol', 'papers', 'text', 'handout', 'documenting', 'records', 'dossier', 'record', 'rating', 'dokument', 'report', 'corrigendum', 'close', 'documentary', 'descriptive', 'cote', 'material']"
documentation_n,"['documents', 'literature', 'document', 'records', 'backgrounders', 'papers', 'backgrounder', 'material', 'paper', 'materials', 'documenting', 'documentary', 'documentations', 'paperwork', 'dossier', 'handouts']"
dolphin_n,"['dauphin', 'dolphins', 'delphin']"
domain_n,"['realm', 'field', 'area', 'domains', 'domination', 'dominance', 'dominio', 'domino', 'sphere', 'mastery', 'domainname', 'fluent', 'realms']"
doorway_n,"['door', 'entry', 'gate', 'porch']"
dose_n,"['doses', 'dosage', 'dosing', 'intake', 'dose-dependent', 'enchilada', 'intakes', 'dosimetry', 'fix']"
dot_n,"['dowry', 'mtc', 'dower', 'mdt', 'point', 'tds', 'dop', 'erm', 'ctd', '-dot', 'tcm', 'points', 'dotted']"
doubt_n,"['question', 'doubts', 'hesitation', 'suspicion', 'wątpliwości', 'duda', 'course', 'suspected', 'uncertainty', 'certainly', 'undoubtedly', 'dubbi']"
dozen_n,"['ten', 'twelve', '12']"
draft_n,"['project', 'proposed', 'projects', 'bill', 'bills', 'proposal', 'proyecto', 'eraser', 'drafting', 'provisional', 'tentative', 'preliminary', 'projet', 'text']"
drama_n,"['dramas', 'tragedy', 'theatre', 'dramatic', 'theater', 'opera', 'tragic', 'theatrical', 'teatro']"
draw_n,"['attract', 'attracting', 'call', 'drawing', 'learn', 'bring', 'extract', 'shoot', 'derive', 'pull', 'make', 'lure', 'take', 'withdraw', 'attraction', 'point']"
drawing_n,"['draw', 'design', 'pivot', 'drawings', 'attracting', 'painting', 'sketch', 'tractor', 'appellant', 'circulation', 'attract', 'picture']"
dream_n,"['dreams', 'dreaming', 'reve', 'traum', 'fantasy', 'daydream', 'dreamt', 'dreamed', 'sleep', 'nightmare', 'slumber', 'meng']"
dregs_n,['husks']
drift_n,"['drifting', 'adrift', 'punch', 'coaster', 'derive', 'leeway', 'deviation', 'tendency']"
driving_n,"['drive', 'conduct', 'riding', 'driver', 'lead', 'motor', 'drivers', 'leading', 'leadership', 'driveability', 'conducting', 'ride', 'motorists']"
drop_n,"['decline', 'fall', 'decrease', 'coward', 'gout', 'pord', 'reduction', 'detach', 'dip', 'drops', 'down', 'abandon', 'throw', 'erase', 'collapse', 'falling', 'falls', 'lower', 'downfall', 'dips', 'cowardly', 'downturn', 'tumble', 'straw', 'slump', 'placement', 'discard', 'release', 'chute', 'freefall', 'slip']"
drug_n,"['drugs', 'medication', 'narcotics', 'pharmaceutical', 'medicines', 'medicine', 'medications', 'narcotic', 'anti-drug', 'medicament', 'dope', 'drug-drug', 'pharmaceuticals', 'pharmacare', 'medicinal', 'medicated', 'substances', 'substance', 'addiction', 'meds', 'detoxification']"
drum_n,"['tambor', 'drums', 'drummer', 'drumming', 'kwu', 'drummers', 'capstan', 'keg', 'barrel']"
Duke_n,"['duc', 'doge', 'duque', 'duca', 'ucr', 'atreides', 'blacksmith']"
dun_n,"['dün', 'shield']"
duplication_n,"['overlap', 'overlapping', 'doubling', 'duplicating', 'repetition', 'mirroring', 'duplicate', 'duplicative', 'redundancy', 'duplicity', 'rehearsal', 'repeat', 'replica', 'double', 'cross-checking', 'reproduction']"
durability_n,"['sustainability', 'longevity', 'duration', 'sustainablility']"
duration_n,"['length', 'period', 'term', 'time', 'life', 'lifetime', 'durations', 'lifespan', 'span', 'durability', 'periods', 'sessional', 'hours']"
dust_n,"['powder', 'dirt', 'dusty', 'speck', 'mah', 'ash', 'stardust', 'sandstorm', 'boot', 'smudge']"
dustbin_n,"['trash', 'garbage', 'dumpster', 'bin', 'rubbish', 'basket']"
duty_n,"['obligation', 'deber', 'responsibility', 'task', 'devoir', 'rights', 'service', 'tax', 'customs', 'obligations', 'duties', 'right', 'requirement', 'responsibilities', 'law', 'douane', 'homework', 'functions', 'obliged', 'job', 'debt', 'liability']"
eagle_n,"['hawk', 'ying']"
Earl_n,"['comte', 'count', 'earle', 'conde', 'graaf']"
earnings_n,"['gains', 'revenues', 'income', 'profits', 'remuneration', 'profit', 'revenue', 'incomes', 'winnings', 'receipts', 'pay', 'compensation', 'proceeds', 'wages', 'salary', 'gain', 'salaries', 'wage', 'benefits']"
earphone_n,"['headphone', 'headphones', 'headset', 'handset']"
ease_n,"['alleviate', 'relieve', 'facilitate', 'mitigate', 'facilitated', 'easily', 'easing', 'facility', 'lighten', 'easy', 'ease-of', 'reduce', 'facilitating', 'defuse', 'eases', 'relax', 'soften', 'allay', 'simplicity', 'calm', 'detente', 'lessen', 'appease', 'convenience', 'soothe', 'alleviation', 'calming', 'relaxation', 'comfort', 'simplify']"
easter_n,"['passover', 'pasqua', 'seder']"
echo_n,"['eco', 'écho', 'repeat', 'reiterate', 'echos']"
economics_n,"['economy', 'economic', 'economies', 'savings', 'economists']"
economist_n,"['economists', 'economistas']"
economy_n,"['economic', 'economics', 'economies', 'wirtschaft', ""'économie"", 'économie', 'economía', ""'economia"", 'saving', 'savings', 'gospodarki', 'οικονομίας']"
ecosystem_n,"['ecosystems', 'ecosystem-based', 'eco-system', 'écosystème', 'ecosystemic', 'ecological']"
edge_n,"['advantage', 'brink', 'periphery', 'bordure', 'edges', 'verge', 'pointe', 'border', 'board', 'tip', 'rim', 'bordes', 'margin', 'perimeter', 'leading-edge', 'rand', 'ledge', 'advantages', 'benefit', 'limit', 'forefront', 'cutting-edge', 'fringe', 'peak', 'superiority', 'end', 'onboard', 'advanced', 'state-of-the-art']"
edition_n,"['editing', 'édition', 'publishing', 'edit', 'version', 'editions', 'ed', 'editorial', 'publication', 'issue', 'number']"
editor_n,"['publisher', 'editor-in-chief', 'diagrammer', 'drafter', 'drafting', 'writer', 'éditeur', 'editorial', 'editora', 'assembler', 'editors', 'writing', 'wording', 'editing', 'rédaction', 'reviser', 'director', 'co-editor', 'brigitte']"
education_n,"['educational', 'teaching', 'training', 'schooling', 'instruction', 'upbringing', 'educating', 'studies', 'learning', 'educate', 'school', ""'éducation"", 'educación', 'éducation', 'tuition', 'awareness', 'formation', ""'enseignement"", 'bildung', 'educated', 'educação', 'schools', 'educative', 'instructional', 'awareness-raising', 'academic', 'study', 'enseñanza']"
effect_n,"['impact', 'effects', 'force', 'fact', 'purpose', 'influence', 'impacts', 'end', 'incidence', 'effectiveness', 'result', 'effective', 'regard', 'sense', 'affect', 'consequence', 'consequences', 'implications', 'practice', 'meaning', 'vigour']"
effectiveness_n,"['efficiency', 'efficacy', 'effective', 'efficient', 'validity', 'efficiencies', 'effectively', 'effect', ""'efficacité"", 'efﬁciency', 'performance', 'efficiently', 'cost-effectiveness', 'opposability', 'usefulness']"
efficiency_n,"['effectiveness', 'efficacy', 'efficient', 'efficiencies', 'performance', 'effective', 'efficiently', 'productivity', 'profitability', 'effectively', 'cost-effectiveness', 'yield', ""'efficacité""]"
effort_n,"['efforts', 'endeavour', 'attempt', 'work', 'initiative', 'commitment', 'endeavor', 'utmost', 'action']"
egyptian_n,"['egyptians', 'egypt', 'al-masri', 'al-masry', 'masri', 'egyptian-', 'cairo']"
elbow_n,"['kink', 'bend', 'shoulder', 'manoeuvre', 'toe']"
election_n,"['elections', 'electoral', 'choice', 'electing', 'elected', 'polls', 'elect', 'polling', 'poll', 'ballot', 'choices', 'voting', 'choosing', 'wahl', 'electors', 'selection', 'val', 'balloting', 'returning', 'option', 'vote', 'voter', 'wyborcza']"
electorate_n,"['voter', 'constituency', 'elector', 'electors']"
electricity_n,"['electrical', 'power', 'electric', 'électricité', 'strom', 'hydro', 'energy', 'electrics', 'electrification']"
electron_n,"['electronic', 'electronics']"
electronics_n,"['electronic', 'elec', 'electron']"
element_n,"['component', 'factor', 'elements', 'item', 'aspect', 'part', 'feature', 'ingredient', 'factors', 'piece', 'components', 'point', 'élément', 'thing', 'items', 'plank', 'pillar', ""'élément""]"
elite_n,"['elites', 'élite', 'elitist', 'yong-il', 'marksman']"
embassy_n,"['ambassade', 'embassies']"
emergency_n,"['contingency', 'emergencies', 'urgent', 'urgency', 'urgently', 'exception', 'relief', 'emergence', 'urgence', 'exigency', 'crisis', 'rescue']"
emission_n,"['emissions', 'issuance', 'emission-related', 'playout', 'issuing', 'programming', 'broadcasts', 'broadcast', 'discharge', 'emitting']"
emotion_n,"['emotions', 'excitement', 'thrill', 'feeling', 'sentiment', 'commotion', 'passion']"
Emperor_n,"['keizer', 'kaiser', 'king']"
emphasis_n,"['focus', 'accent', 'attention', 'importance', 'insistence', 'stress', 'priority', 'weight', 'significance', 'focusing']"
empire_n,"['imperium', 'reich', 'imperial', 'rule', 'rijk', 'kingdom', 'empire-building']"
employee_n,"['employees', 'employed', 'worker', 'used', 'staff', 'gov', 'clerk', 'officer', 'servant', 'person', 'personnel', 'official']"
employer_n,"['employers', ""'employeur"", 'employer-sponsored', 'employing', 'employeur', 'businessman', 'employer-paid']"
employment_n,"['jobs', 'job', 'use', 'labour', 'work', 'employed', 'working', 'hiring', 'unemployment', ""'emploi"", 'empleo', 'recruitment', 'labor', 'placement', 'employing', 'emploi', 'employ', 'occupation', 'werkgelegenheid', 'employability', 'occupational']"
encounter_n,"['face', 'meet', 'confrontation', 'meeting', 'encountered', 'encuentro', 'rencontre']"
encouragement_n,"['incentive', 'encourage', 'stimulus', 'encouraging', 'encourages', 'promotion', 'incitement', 'encouraged', 'stimulation', 'promoting', 'fostering', 'inducement', 'promote']"
enemy_n,"['enemies', 'foe', 'adversary', 'hostile', 'hater', 'n.v.a.', 'opponent', 'nemesis', 'foes', 'bogey']"
engagement_n,"['commitment', 'participation', 'involvement', 'betrothal', 'recruitment', 'mobilization', 'undertaking', 'compromise', 'commitments', 'collaboration', 'mission', 'intervention', 'dedication', 'hiring', 'participate', 'pledge', 'clash']"
engineering_n,"['genius', 'engineer', 'genie', 'engineers', 'works', 'technical', 'engineered', 'techniques', 'mechanical', 'inženiring', 'projects', 'project', 'brilliance', 'design']"
enquiry_n,"['inquiry', 'enquiries', 'investigation', 'survey', 'research', 'consultation']"
enterprise_n,"['company', 'business', 'enterprises', 'undertaking', 'corporate', 'entrepreneurship', 'companies', 'entrepreneurial', 'firm', 'businesses', 'firms', 'venture', 'undertakings', 'empresa', 'enterprise-class', 'institutional', 'endeavour', 'empresarial', 'undertaken', 'corporations', 'projects', 'works', ""'entreprise"", 'enterprise-level', 'corporation', 'ventures']"
entertainment_n,"['amusement', 'recreation', 'entertainments', 'leisure', 'recreational', 'entertaining', 'fun', 'spectacle', 'distraction', 'receptions', 'spectacles']"
enthusiasm_n,"['excitement', 'passion', 'zeal', 'fervor', 'eagerness', 'zest', 'gusto', 'fervour', 'euro-enthusiasm', 'exuberance', 'warmth']"
entitlement_n,"['remittance', 'eligibility', 'right', 'law', 'payment', 'remitting', 'rights', 'eligible', 'entitlements', 'admissibility', 'disbursement', 'droit']"
entity_n,"['entities', 'body', 'unit', 'status', 'institution', 'authority', 'aunty', 'unity', 'agency']"
entrance_n,"['entry', 'input', 'inlet', 'ingress', 'admission', 'coming', 'entered', 'import', 'imported', 'entrée', ""'entrée"", 'enters', 'enter', 'came', 'intake']"
entrepreneur_n,"['contractor', 'entrepreneurs', 'businessman', 'contractors', 'isc', 'offeror', 'businesswoman']"
entry_n,"['entrance', 'input', 'inlet', 'inbound', 'admission', 'coming', 'entered', 'accession', 'enter', 'entrée', 'penetration', 'access', ""'entrée"", 'ingress', 'came', 'entering', 'entries', 'heading', 'inflow', 'incoming', 'registration', 'arrival', 'doorway', 'immigration', 'intake', 'seizure', 'gate', 'entrances', 'income', 'influx', 'introduction', 'inscription', 'recordal', 'come', 'log', 'inward', 'register', 'inclusion', 'membership']"
environment_n,"['environmental', ""'environnement"", 'environments', 'environnement', 'climate', 'context', 'medium', 'milieu', 'surroundings', 'atmosphere', 'ambiente', 'ambient', 'middle', 'environmentally', 'mid', 'setting', 'framework', 'umwelt', 'conditions', 'landscape', 'empty', 'midst', 'background', 'community', 'east', 'ecological']"
episode_n,"['incident', 'episodes', 'lestat78', 'h', 'event', 'spell', 'bout']"
equality_n,"['equal', 'equity', 'parity', 'equalization', 'égalité', 'gleichstellung', ""'egalité"", 'inequality', 'equitable', 'sexes', 'fairness', 'igualdade', 'egalitarian', 'equivalence']"
equation_n,"['equations', 'formula', 'equalization']"
equilibrium_n,"['balance', 'balancing', 'equilibria', 'steady-state', 'balanced']"
equipment_n,"['computer', 'material', 'materiel', 'team', 'materials', 'apparatus', 'equipments', 'computers', 'devices', 'gear', 'hardware', 'teams', 'equipping', 'fitments', 'facilities', 'device', 'appliances', 'machine', 'appliance', 'machinery', 'équipement', 'armament', 'équipements', 'fitment', 'opreme', 'pcs', 'pc', 'accoutrements', 'fit-out', 'aircraft', 'machines', 'master', 'amenities', 'task', 'fittings', 'tooling', 'supplies']"
equity_n,"['fairness', 'equality', 'equidad', 'capital', 'fair', 'parity', 'equitable', 'equitability', 'equal', 'stock', 'justice', 'even-handedness']"
equivalence_n,"['equivalency', 'equivalent', 'equivalencies', 'equivalents', 'matching', 'parity', 'equality']"
equivalent_n,"['equivalents', 'equal', 'tantamount', 'equivalence', 'corresponding', 'counterpart', 'similar', 'equivalency', 'amounting', 'comparable', ""'equivalente"", 'equiv', 'same', 'eq']"
era_n,"['age', 'epoch', 'time', 'period', 'times', 'was', 'eras', 'ede', 'afe', 'eer', 'auction', 'eei', 'honour', 'phase', 'stage']"
error_n,"['mistake', 'errors', 'failed', 'fault', 'bug', 'failure', 'mistakes', 'miscarriage', 'blunder', 'wrong', 'flaw', 'mistaken', 'errorâ', 'erroneous', 'err', 'tolerance', 'mix-up', 'screw-up']"
escape_n,"['flee', 'evade', 'évasion', 'exhaust', 'leak', 'evacuation', 'leakage', 'elude', 'flight', 'avoid', 'shirk', 'outrun', 'jailbreak', 'avoidance', 'getaway', 'elope', 'circumvent', 'abscond', 'fugue', 'escapement', 'esc', 'run']"
essay_n,"['dissertation', 'test', 'trial', 'drafting', 'composition', 'testing']"
essence_n,"['substance', 'gasoline', 'quintessence', 'petrol', 'gist', 'heart', 'crux', 'nature', 'gas', 'core', 'essential', 'thrust', 'spirit', 'fuel']"
establishment_n,"['creation', 'institution', 'establish', 'inception', 'establishing', 'established', 'setting-up', 'create', 'creating', 'setting', 'facility', 'preparation', 'introduction', 'formation', 'constitution', 'building', 'created', 'development', 'build', 'founding', 'implementation', 'set', 'establishments', 'installation', 'emplacement', 'settlement', 'etablissement', 'creative', 'construction', 'set-up', 'forging']"
estate_n,"['estates', 'succession', 'h', 'mass', 'inheritance', 'heritage', 'chuen', 'property', 'summer', 'ground', 'housing', 'real-estate', 'a.m.', 'legacy', 'p.m.', 'immovable']"
estimate_n,"['estimation', 'estimating', 'estimates', 'estimated', 'assess', 'calculate', 'appreciation', 'evaluate', 'forecast', 'calculation', 'assessment', 'calculating', 'estimations', 'assessing', 'forecasts']"
ethic_n,"['ethics', 'ethical', 'ethos', 'ethnic', 'morality', 'moral']"
euphemism_n,['understatement']
european_n,"['europe', 'eu', 'europeans', 'européenne', 'européen', 'europea', 'europeo', 'européennes', 'europäische', 'europe-wide', 'europäischen', 'europejskiego', 'europäisches', 'europeu', 'europejski']"
evaluation_n,"['assessment', 'appraisal', 'valuation', 'assessing', 'evaluating', 'assessments', 'evaluations', 'assess', 'evaluate', 'evaluative', 'review', 'évaluation', 'assessed', 'rating', ""'évaluation"", 'evaluated', 'evaluación', 'appraisals', 'audit', 'measurement', 'stocktaking', 'valutazione', 'evaluators', 'appraise']"
event_n,"['case', 'events', 'cases', 'manifestation', 'incident', 'ceremony', 'activity', 'occurrence', 'demonstration', 'meeting', 'eventuality', 'occasion', 'activities', 'episode', 'cas', 'incidents', 'act', 'instance']"
evidence_n,"['proof', 'evidentiary', 'testimony', 'test', 'tests', 'proofs', 'testing', 'data', 'indication', 'clues', 'demonstrate', 'testimonials', 'demonstration', 'evidences', 'sign', 'testimonies', 'show', 'testament', 'guide', 'indications', 'prove', 'probative']"
evil_n,"['bad', 'scourge', 'diabolical', 'maleficent', 'wicked', 'evil-doing', 'wrong', 'poorly', 'vicious', 'nefarious', 'perverse', 'demon', 'badly', 'sinister', 'malicious', 'malignant', 'hurt', 'devil', 'devilish', 'onda', 'harm', 'viciousness', 'wickedness', 'demonic', 'draconian', 'diabolic', 'heinous', 'vile', 'mal', 'malign', 'malevolent', 'sin', 'ill', 'pernicious']"
evolution_n,"['developments', 'evolving', 'development', 'changing', 'change', 'evolución', 'trend', 'changes', ""'évolution"", 'évolution', 'progression', 'trends', 'progress', 'shift', 'evolutionary']"
exaggeration_n,['overstatement']
examination_n,"['review', 'consideration', 'examinations', 'exam', 'reviews', 'interrogation', 'inspection', 'exams', 'study', 'scrutiny', 'test', 'reviewing', 'examine', 'examining', 'discussion', 'analysis', 'questioning', 'screening', 'investigation', 'audit']"
exception_n,"['exceptions', 'derogation', 'exemption', ""'exception"", 'emergency', 'except', 'exceptional', 'exclusion', 'plea', 'opt-out', 'objection', 'waiver']"
excess_n,"['surplus', 'excessive', 'glut', 'surfeit', 'surpluses', 'exceeding', 'superior', 'overstock', 'upper', 'redundant', 'more', 'exceedance']"
exchange_n,"['exchanges', 'sharing', 'exchanging', 'interchange', 'change', 'swap', 'share', 'trade', 'exchange-rate', 'trading', 'currency', 'foreign-exchange', 'return', 'shift', 'changes', 'monetary', 'currencies', 'interaction', 'bag', 'wui', 'forex', 'changing', 'trade-in', 'exchanged']"
excitement_n,"['excitation', 'enthusiasm', 'emotion', 'thrill', 'arousal', 'exaltation', 'elation', 'agitation', 'exhilaration', 'commotion', 'ferment', 'joy', 'restlessness']"
exclusion_n,"['disqualification', 'marginalisation', 'exclusions', 'graduation', 'exclusiveness', 'excluded', 'marginalization', ""'exclusion"", 'foreclosure', 'deferral', 'exclude', 'excluding', 'exemption', 'exception', 'ostracism', 'opt-out', 'isolation', 'expulsion', 'disentitlement']"
excuse_n,"['pretext', 'apology', 'alibi', 'apologise', 'sorry', 'forgive', 'apologize', 'pardon', 'guise', 'justification', 'pretence', 'excuses', 'justify', 'apologizing']"
execution_n,"['implementation', 'outturn', 'enforcement', 'executions', 'implementing', 'delivery', 'executing', 'performance', 'run', 'run-', ""'exécution"", 'fulfilment', 'running', 'execute', 'executive', 'implement', 'death', 'implemented']"
executive_n,"['operational', 'governing', 'exécutif', 'executives', 'implementation', 'administrative', 'ejecutivo', 'administration', 'implement', 'implementing', 'ejecutivos', 'enforcement', 'frameworks', 'directorate', 'ce', 'direction', 'execution', 'steering', 'tung', 'implemented', 'general', 'senior']"
exercise_n,"['exert', 'exercising', 'enjoyment', 'exercises', 'year', 'period', 'realization', 'practice', 'drill', 'biennium', 'practise', 'perform', ""'exercice"", 'operation', 'maneuvers', 'drills', 'performance', 'fy', 'practicing', 'process', 'exerting', 'maneuver', 'ejercicio', 'fulfilment', 'discharge', 'wield', 'demonstrate', 'work', 'task', 'activity', 'engage']"
exhibition_n,"['exposure', 'exhibitions', 'exhibit', 'exposition', 'exposures', 'exhibits', ""'exposition"", 'expo', 'display', 'expositions', 'exposed', 'show', 'exibit', 'hkcec', 'fair', 'explanatory', 'presentation', 'salon', 'gallery', 'projection']"
exhibitor_n,"['exhibitors', 'outlining', 'exponent', 'operator', 'superscript']"
existence_n,"['presence', 'availability', 'exist', 'survival', 'life', 'occurrence', 'livelihood']"
expansion_n,"['enlargement', 'expanding', 'expand', 'extension', 'spanning', 'expanded', 'broadening', 'widening', ""'expansion"", 'growth', 'dilation', 'increase', 'spread', 'add-in', 'development', 'enlarging', 'broaden', 'dilatation', 'boom', 'expansionist', 'magnification', 'extending', 'enlarge', 'scaling-up', 'extend', 'expandability', 'sprawl', 'expands', 'extended']"
expatriate_n,"['expatriates', 'expatriation', 'overseas', 'foreign', 'native-speaking', 'diaspora']"
expectation_n,"['expectations', 'expectancy', 'anticipation', 'hope', 'waiting', 'wait', 'suspense']"
expediency_n,"['opportunism', 'convenience', 'desirability', 'advisability', 'expedience', 'appropriateness', 'expedient']"
expedition_n,"['shipment', 'dispatch', 'shipping', ""'expédition"", 'consignment', 'mailing', 'despatch', 'shipped']"
expenditure_n,"['spending', 'expenditures', 'expenses', 'expense', 'costs', 'cost', 'outlays', 'outlay', 'dépenses', 'tunnels', 'gasto', 'spend', 'spent', 'disbursements', 'outgoings']"
expense_n,"['detriment', 'expenditure', 'expenses', 'spending', 'cost', 'costa', 'costs', 'expenditures', 'fee', 'fees', 'charges', 'fresh', 'charge', 'disadvantage', 'burden', 'loads', 'load']"
experience_n,"['experiences', 'experiment', 'expertise', 'lessons', 'experiments', 'experienced', 'khabrat', 'khabra', 'experimentation', 'learned']"
experiment_n,"['experience', 'experimentation', 'experiences', 'experimental', 'pilot', 'test', 'testing', 'experiments', 'trial']"
expert_n,"['experts', 'specialist', 'specialists', 'specialized', 'expertise', 'whiz', 'panellist', 'panelist', 'expert-level', 'appraiser', 'specialised', 'professional']"
expertise_n,"['know-how', 'experience', 'skills', 'knowledge', 'competencies', 'competence', 'skill', 'specialization', ""'expertise"", 'competency', 'experts', 'competences', 'jurisdiction', 'expert', 'experiences', 'specialisation', 'knowhow', 'proficiency', 'specialists', 'khabrat', 'powers', 'lessons', 'specialized']"
explanation_n,"['explanations', 'clarification', 'interpretation', 'explained', 'explain', 'statement', 'declaration', 'explication', 'explaining', 'explanatory', 'rationale', 'justification', 'reason']"
exploration_n,"['prospecting', 'browsing', 'exploring', 'scan', 'explore', 'explorations', 'exploratory', 'navigation', 'scanning', 'crawling', 'browse', 'discovery', 'explorer', 'mining', 'prospection', 'exploitation']"
explosion_n,"['blast', 'bombing', 'explodes', 'detonation', 'bomb', 'exploded', 'explosive', 'exploding', 'blowout', 'bombings', 'outburst', 'boom', 'eruption', 'blasts', 'outbreak', 'burst', 'explosions']"
export_n,"['exports', 'exporting', 'exportation', 'exported', 'exportación', 'exportação', ""'exportation"", ""'esportazione"", 'ausfuhr', 'export-oriented', 'exporter', 'uitvoer', 'export-', 'exporters', 'exit']"
exposure_n,"['exhibition', 'exhibit', 'exposition', 'exposures', ""'exposition"", 'stay', 'exposed', 'exhibitions', 'display', 'presentation', 'exhibits', 'briefing', 'expo', 'statement', 'visibility', 'risk', 'explanatory']"
expression_n,"['phrase', 'term', 'speech', 'expressions', 'manifestation', ""'expression"", 'words', 'word', 'demonstration', 'expr', 'self-expression', 'wording', 'expressing', 'embodiment']"
expulsion_n,"['deportation', 'eviction', 'removal', 'expelling', 'eject', ""'expulsion"", 'expel', 'expulsions', 'banishment', 'evictions', 'expelled', 'deporting', 'dismissal', 'remoteness', 'extrusion', 'deported', 'ouster', 'deport', 'refoulement', 'exclusion', 'deportations', 'non-expulsion']"
extension_n,"['prolongation', 'expansion', 'enlargement', 'prorogation', 'extend', 'outreach', 'extending', 'extensions', 'continuance', 'extended', 'continuation', ""'extension"", 'renewal', 'popularization', 'extent', 'broadening', 'expand', 'widening', 'lengthening', 'expanding', 'length', 'rollover', 'extender', 'spread', 'elongation', 'expanded', 'roll-over', 'postponement']"
extent_n,"['measure', 'degree', 'scope', 'magnitude', 'measurement', 'scale', 'breadth', 'point', 'level', 'step', 'measuring', 'misura', 'size', 'extension', 'extended', 'position', 'action', 'amplitude', 'range', 'expanse', 'able', 'importance', 'mesure', 'measures', 'amount', 'part', 'way']"
extract_n,"['excerpt', 'retrieved', 'extracted', 'extracting', 'extracts', 'extraction', 'remove', 'extrait', 'retrieve', 'extort', 'excerpts', 'mined', 'draw', 'eject', 'ext', 'quarried', 'pull', 'removing', 'retrieving', 'mining', 'retrieval']"
extraction_n,"['mining', 'extractive', 'retrieval', 'extracting', 'removal', 'extract', 'removing', 'abstraction', 'extracted', 'pull', 'eject', 'quarrying', 'exploitation', 'drilling']"
fabric_n,"['tissue', 'cloth', 'fabrics', 'structure', 'tissues', 'flexfield', 'weft', 'frame', 'textile', 'framing', 'texture', 'woven', 'webbing']"
facet_n,['aspect']
facility_n,"['installation', 'facilities', 'installations', 'mechanism', 'facilitated', 'plant', 'centre', 'fund', 'establishment', 'ease', 'institution', 'instrument', 'installing', 'service', 'annex', 'factory', 'install', 'center', 'installed', 'mill', 'device']"
facsimile_n,"['fax', 'telefax', 'télécopieur', 'telecopier', 'telefacsimile', 'faxed', 'faxing']"
factor_n,"['factors', 'coefficient', 'element', 'mailman', 'postman', 'facteur', 'determinant', 'factorial', 'component', 'elements', 'contributor', 'player', 'aspect', 'coefﬁcient', 'actor', 'driver', 'working', 'musicaction', 'stocking']"
factory_n,"['plant', 'factories', 'mill', 'fábrica', 'usine', 'manufactures', 'fabrique', 'plants', 'facility']"
faculty_n,"['faculté', 'professors', 'teachers', 'facultad', 'faculties', 'college', 'power', 'school', 'teacher', 'ability', 'option', 'professor', 'discretion']"
failure_n,"['inability', 'omission', 'fiasco', 'failed', 'incapacity', 'lack', 'breakdown', 'malfunction', 'rupture', 'error', 'fails', 'fault', 'absence', 'default', 'fail', 'defect', 'failing', 'collapse', 'defeat', 'non-compliance', 'bankruptcy', 'flop', 'judgement', 'breach', 'refusal', 'impossibility', 'setback', 'chess', 'disability', 'flaw', 'insufficiency', 'judgment', 'deficiency', 'breakage', 'breakup', 'inadequacy', 'non-performance', 'falla', 'failures']"
fairway_n,"['channel', 'chenal']"
faith_n,"['fe', 'confidence', 'belief', 'fide', 'trust', 'pa', 'jtf', 'religion', 'authentic', 'confession', 'ef', 'religious', 'iman', 'intention', 'foi', 'feith', 'creed', 'pas', 'conviction', 'worship', 'witness', 'fides', 'fede']"
fang_n,"['fong', 'croc', 'veng', 'parties', 'catch']"
fantasy_n,"['imagination', 'imaginary', 'illusion', 'fancy', 'chimera', 'dream', 'fiction', 'fantasia', 'novelty', 'obsession', 'fantastic', 'utopia']"
farmer_n,"['farmers', 'rancher', 'peasant', 'grower', 'farms', 'producer', 'operator', 'farm', 'farming']"
fashion_n,"['way', 'mode', 'manner', 'moda', 'vogue', 'costumes', 'clothing', 'style', 'method']"
fate_n,"['destiny', 'destination', 'whereabouts', 'plight', 'lot', 'target', 'luck', 'spell', 'destin', 'doom', 'batch', 'self-determination', 'become', 'curse', 'fortune', 'consignment', 'sort']"
Father_n,"['dad', 'daddy', 'parent', 'padre', 'fathers', 'père', 'papa', 'fassia', 'pater', 'ilp', 'santa', 'pai', 'ilps', 'pop', 'paternal', 'isa', 'pa', 'sr.', 'fader', 'priest', 'eerp', '-father', 'vader']"
fault_n,"['blame', 'misconduct', 'guilt', 'culpa', 'error', 'foul', 'mistake', 'failure', 'faulting', 'flaw', 'lack', 'faults', 'failures', 'failing', 'defect', 'rift', 'anomaly', 'malfunction', 'judgement']"
favour_n,"['favor', 'favourable', 'support', 'benefit', 'favore', 'behalf', 'faveur', 'promote', 'supportive', 'advantage', 'conducive', 'positive', 'favorable', 'foster', 'supporter', 'advocate']"
fear_n,"['afraid', 'scared', 'apprehension', 'frightened', 'concern', 'anxiety', 'scare', 'terror', 'worry', 'dread', 'fright', 'suck', 'bang', 'angst', 'panic', 'worried', 'horror']"
feature_n,"['characteristic', 'function', 'functionality', 'role', 'fiction', 'features', 'element', 'characteristics', 'trait', 'aspect', 'functions', 'hallmark', 'component', 'attribute']"
federalism_n,"['federalisation', 'federal', 'federalist']"
federation_n,"['russian', 'russia', 'fannie', 'fédération', 'federal', 'federación', 'federatie', 'russie', 'federations', 'commonwealth', 'confederation', 'ftu', 'union', 'fiapa', 'federative', 'association']"
fee_n,"['fees', 'tax', 'costs', 'expenses', 'charges', 'royalty', 'fief', 'cost', 'charge', 'taxes', 'honoraria', 'levy', 'expense', 'tariff', 'rights', 'fresh', 'esrf', 'sef', 'honorary', 'consuls', 'honorarium', 'charging', 'fare', 'rate', 'right', 'honorariums', 'toll', 'law']"
feeling_n,"['sense', 'impression', 'sentiment', 'sensation', 'feel', 'emotion', 'hunch', 'perception', 'printing', 'smell', 'meaning', 'premonition', 'print']"
fellow_n,"['colleagues', 'colleague', 'companions', 'awardee', 'guy', 'compatriots', 'ladies', 'compatriot', 'other', 'gentlemen', 'honourable', 'co-workers', 'type']"
feminism_n,['feminist']
fen_n,"['bog', 'peatland', 'nps', 'yau-fun', 'nfp', 'swamp', 'marsh', 'yau-fan', 'marshes']"
fence_n,"['barrier', 'wall', 'closure', 'fencing', 'closing', 'palisade', 'fences', 'end', 'sur', 'roasting', 'gate', 'barrière', 'close-out', 'billboard', 'hurdle']"
fender_n,"['fenders', 'fenderwell', 'bumper']"
ferocity_n,"['nail', 'cruelty']"
ferry_n,"['ferries', 'pier', 'phiri', 'piers', 'shuttle', 'lac', 'terminal', 'yaumati', 'infectious']"
fever_n,"['foot', 'classical', 'plague', 'hot', 'classic', 'craze', 'febrile', 'heat', 'conventional', 'african']"
fibre_n,"['fiber', 'fibres', 'fibers', 'fibrous', 'fibreboard', 'fiber-optic']"
fiction_n,"['feature', 'imagination', 'fantasy', 'novel', 'sci-fi', 'pretence', 'roman', 'unreal']"
fiddle_n,"['violin', 'fiddler', 'oak']"
Field_n,"['area', 'ground', 'sphere', 'domain', 'fields', 'scope', 'terrain', 'sector', 'mobile', 'campo', 'ﬁeld', 'areas', 'realm', 'regard', 'zone', 'campaign', 'arena', 'domaine', 'countryside', 'field-based', 'camp', 'external', 'land', 'situ', 'respect', 'matter', 'on-site', 'foreign', 'champ', 'overseas', 'veld', 'medan', 'campos', 'missions', 'ambit', 'management', 'fieldwork']"
fight_n,"['struggle', 'combat', 'battle', 'fighting', 'combating', 'lutte', 'reduction', 'ﬁght', 'control', 'kamp', 'beat', 'war', 'counter', 'lucha', 'wrestling', 'kampf', 'strive', 'campaign', 'tackle', 'brawl', 'struggles', 'fights', 'contend', 'action', 'fiight', 'countering', 'address', 'strife']"
fighter_n,"['hunting', 'boxer', 'hunters', 'fighters', 'combatant', 'hunter', 'guerrilla', 'gunship', 'hunt', 'warrior', 'combat', 'fighting', 'militant', 'chasse', 'jet', 'veteran', 'jsf', 'bellboy', 'warplane']"
figure_n,"['chart', 'graph', 'graphic', 'illustration', 'appears', 'figures', 'number', 'chiffre', 'diagram', 'digit', 'fig', 'numeral', 'amount', 'graphical', 'silhouette', 'percentage', 'personality', 'exhibit', 'contained', 'sum', 'ﬁgure', 'appear', 'table', 'proportion', 'no.', 'ozp']"
file_n,"['files', 'dossier', 'archive', 'record', 'roster', 'archiving', 'produce', 'docket', 'records', 'archives', 'submit', 'deposit', 'archival', 'bank', 'filing', 'fichier', 'case', 'case-file', 'lodge', 'ﬁle', 'archivos', 'filename', 'issue', 'matter', 'folder', 'numérico']"
filename_n,['file']
filling_n,"['infilling', 'fill', 'filler', 'refilling', 'infill', 'refill', 'backfilling', 'bulking', 'bridging', 'backfill', 'populating', 'yau', 'completing', 'refuelling', 'populate', 'bridge', 'loading']"
filter_n,"['filters', 'filtering', 'filtration', 'filtered', 'cleaner', 'screen', 'filtrate', 'trap', 'strainer', 'ptfe']"
finance_n,"['finances', 'financial', 'financing', 'funding', 'fund', 'hacienda', 'financials', 'financiën', 'fiscal', 'finanza', 'treasury', 'funds', 'finanze', 'exchequer', 'finanças', 'finance-economy']"
finding_n,"['find', 'conclusion', 'conclusions', 'findings', 'search', 'discovery', 'found', 'research', 'seeking', 'locate', 'discovering', 'verdict', 'searching', 'outcome', 'observation', 'identifying']"
fingerprint_n,"['thumbprint', 'fingerprints', 'footprint', 'fingerprinting', 'prints', 'imprint', 'handprint', 'print']"
firing_n,"['shooting', 'fire', 'gunfire', 'tir', 'launch', 'launching', 'dismissal', 'ceasefire', 'cease-fire', 'shot', 'cooking', 'shootings', 'detonation']"
firm_n,"['strong', 'company', 'solid', 'farm', 'resolute', 'undertaking', 'steadfast', 'enterprise', 'farms', 'business', 'robust', 'firmness', 'staunch', 'strict', 'decisive', 'cabinet', 'unwavering', 'corporation', 'shut', 'fermi', 'resolutely', 'determined', 'ferme', 'fixed', 'unswerving', 'firmly', 'tough', 'companies', 'stable', 'sound', 'vigorous', 'strongly', 'steady', 'society', 'signature', 'forceful', 'farmhouse', 'office', 'definite', ""'entreprise"", 'enterprises', 'stringent', 'close', 'venture']"
fishing_n,"['fisheries', 'fishery', 'fish', 'pesca', 'ﬁshing', 'angling', 'fiske', 'catch', 'diaoyu', 'harvesting', 'fished', 'pêche', 'pesquera', 'hunting', 'visserij', 'fishermen', 'peach', 'angler', 'harvest', 'fishers']"
fist_n,"['puño', 'grip', 'punch', 'handgun', 'wrist']"
fitness_n,"['ability', 'aptitude', 'conditioning', 'suitability', 'bodybuilding', 'packaging', 'adequacy', 'condition', 'appropriateness', 'physical', 'proficiency']"
flake_n,['biscuit']
flame_n,"['torch', 'flames', 'fire', 'shula', 'shola', 'retardant', 'romance', 'inflammation', 'blaze', 'llamas']"
flavour_n,"['taste', 'flavor', 'aroma', 'flavouring', 'flavoured', 'perfume', 'scent', 'liking']"
fleet_n,"['flotilla', 'park', 'fleets', 'float', 'navy', 'floating', 'convoy', 'ﬂeet', 'floats', 'parka']"
flesh_n,"['meat', 'pulp', 'chair', 'broiler', 'skin']"
flexibility_n,"['flexible', 'latitude', 'ﬂexibility', 'agility', 'responsiveness', 'versatility', 'adaptability', 'resilience', 'leeway', 'elasticity']"
flood_n,"['flooding', 'floods', 'inundation', 'deluge', 'avalanche', 'influx', 'raw', 'floodwater', 'freshet', 'flow', 'torrent', 'wave', 'inundate']"
floor_n,"['word', 'étage', 'piso', 'footwell', 'soil', 'hard-deck', 'storey', 'ﬂoor', 'speech', 'ground', 'deck', 'speaking', 'flooring', 'floors', 'statement', 'minimum', 'sol', 'planta', 'call', 'floorboard', 'upstairs', 'plant', 'reason']"
flow_n,"['flows', 'flux', 'stream', 'debit', 'influx', 'fluxes', 'circulation', 'movement', 'streamflow', 'inflow', 'runoff', 'flowrate', 'throughput', 'streams', 'mobile', 'fluidity', 'discharge', 'outflow', 'debiting', 'movements', 'traffic', 'current', 'flow-control', 'workflow', 'capacitor', 'flowing', 'flood', 'liquidity', 'dfd', 'streamflows', 'flowmeter', 'run-off', 'drainage', 'ﬂow']"
fluency_n,['fluidity']
fluid_n,"['liquid', 'fluids', 'oil', 'liquids', 'goo', 'liquide', 'free-flowing', 'accepted', 'fluent', 'smooth', 'olive', 'cash', 'unstable']"
fluke_n,"['moat', 'halibut', 'flounder']"
focus_n,"['concentrate', 'emphasis', 'attention', 'concentration', 'accent', 'discussion', 'focusing', 'approach', 'priority', 'focused', 'orientation', 'centre', 'target', 'focuses', 'theme', 'axis', 'focussing', 'interest', 'spotlight', 'concentrating', 'refocus', 'objective', 'guidance', 'direction', 'heart', 'reflection', 'care', 'concentrated', 'devote', 'goal']"
folk_n,"['folklore', 'popular', 'civil', 'people', 'populaires', 'populaire', 'traditional']"
fool_n,"['idiot', 'imbecile', 'stupid', 'deceive', 'silly', 'crazy', 'moron', 'buffoon', 'jerk', 'delude', 'jackass', 'mislead', 'insane', 'butthead', 'dumbass', 'jester', 'mad', 'ldiot', 'idiotic', 'chump', 'madman', 'cheat', 'dumb', 'numb-wit', 'horse-trade', 'dummy', 'asshole', 'beast', 'foolish', 'goblin', 'douche', 'clown', 'dumb-ass', 'assmunch', 'moonhead', 'sucker', 'schmuck', 'twit']"
force_n,"['strength', 'forces', 'effect', 'vigour', 'unficyp', 'power', 'kraft', 'troops', 'compel', 'place', 'isaf', 'task', 'oblige', 'working', 'team', 'fuerza', 'troop', 'undof', 'vigor', 'forza', 'unifil', 'violence', 'work', 'forcibly', 'load', 'strengths', 'army', 'tasks', 'sfor', 'effective', 'applicable', 'gendarmerie']"
ford_n,['forde']
forecast_n,"['forecasting', 'forecasts', 'prediction', 'anticipation', 'provident', 'projections', 'predictions', 'projected', 'predict', 'projection', 'estimates', 'predicted', 'prognosis', 'foresight', 'predictive', 'expected', 'planned', 'predicting', 'prevision', 'anticipated', 'forecasted', 'estimate', 'expectations', 'estimated', 'anticipate', 'outlook', 'foreseen', 'foresee', 'preparation', 'weather', 'predictability']"
foreground_n,"['forefront', 'fore', 'originals', 'close-up']"
forehead_n,"['front', 'brow']"
forest_n,"['forestry', 'forests', 'forêt', 'forestière', 'forestier', 'woods', 'bosque', 'woodland', 'forestali', 'forester', 'foresters', 'forested', 'jungle', 'timber', 'forestal', 'forêts', 'stumpage', 'wald', 'logging', 'wood', 'rainforest', 'forest-related', 'selva', 'lin', 'vorst', 'woodlands', 'laforest']"
form_n,"['shape', 'forms', 'format', 'way', 'formula', 'formulary', 'manner', 'formulaire', 'kind', 'train', 'constitute', 'type', 'forma', 'forme', 'sort', 'screen', 'modality', 'proforma', 'formatting', 'forming', 'version', 'formation', 'formed', 'forman', 'are', 'mode', 'represent']"
format_n,"['formatting', 'formats', 'form', 'presentation', 'formatted', 'layout', 'submission', 'model', 'formula', 'version', 'pdf', 'form-factor', 'structure', 'shape', 'modality', 'forms', 'size']"
formation_n,"['training', 'forming', 'creation', 'constitution', 'establishment', 'education', 'train', 'composition', 'lineup', 'formed', 'learning', 'form', 'fashioning', 'line-up', 'trained']"
formula_n,"['formulas', 'formulae', 'form', 'formulates', 'recipe', 'wording', 'formulation', 'format', 'equation', 'phrase', 'formulate', 'formal', 'approach']"
fortune_n,"['fortuna', 'wealth', 'luck', 'fate']"
forum_n,"['forums', 'instance', 'foro', 'tribune', 'rostrum', 'unff', 'fora', 'iff', 'body', 'proceeding', 'fsc', 'podium', 'fórum', 'pregnant', 'platform', 'gfse', 'arf', 'pulpit', 'caucus', 'venue', 'gallery', 'symposium']"
foundation_n,"['fondation', 'basis', 'fundación', 'foundations', 'founding', 'stichting', 'stiftung', 'bases', 'base', 'fundação', 'fondazione', 'groundwork', 'fund', 'bedrock', 'cornerstone', 'basic', 'inception', 'unf', 'founded', 'crrf', 'institution', 'mfhr', 'footing', 'consortia', 'acpf', 'fundamentals', 'based']"
founder_n,"['founding', 'incorporator', 'founders', 'lachance']"
fountain_n,"['fontaine', 'trout']"
fraction_n,"['portion', 'moiety', 'fractions', 'proportion', 'aliquot', 'faction', 'part', 'split', 'percentage']"
fragment_n,"['snippet', 'chunk', 'shard', 'excerpt', 'fragments', 'fragmentation', 'piece', 'meteorite']"
frame_n,"['framework', 'frames', 'chassis', 'rack', 'section', 'raster', 'subframe', 'fabric', 'framing', 'box', 'marco', 'pattern', 'weft', 'context', 'image', 'table']"
framework_n,"['context', 'marco', 'part', 'frame', 'frameworks', 'ram', 'quadro', 'scope', 'structure', 'cadre', 'kader', 'course', 'umbrella', 'under', 'environment', 'sash', 'rma', 'connection', 'setting', 'picture', 'system', 'rahmen', 'basis', 'terms', 'background']"
fraud_n,"['frauds', 'evasion', 'deception', 'scam', 'fraudulent', 'deceit', 'cheating', 'frode', 'forgery', 'anti-fraud', 'swindling', 'impostor', 'imposter', 'rigging', 'swindle', 'counterfeiting', 'sham', 'corrupt', 'trickery', 'usurpation']"
freedom_n,"['liberty', 'free', 'freedoms', 'liberties', 'liberté', 'freely', 'libertad', 'freiheit', 'svoboda', 'release', 'swoboda', 'hurriyat']"
frequency_n,"['frequencies', 'incidence', 'periodicity', 'spectrum', 'prevalence', 'often', 'occurrence', 'frequent', 'frequently', 'frã', 'rate', 'freq']"
front_n,"['frente', 'newsweek', 'forehead', 'frontal', 'first', 'front-side', 'milf', 'before', 'head-on', 'brow', 'facade', 'prior', 'recto', 'frontline', 'page', 'ruf', 'ltte', 'face', 'initial', 'bezel', 'front-end', 'brows', 'ulfa', 'forward', 'forefront', 'ndf', 'pflp', '1st']"
fruition_n,['fruit']
frustration_n,"['disappointment', 'dissatisfaction', 'aborting', 'discontent', 'foiled', 'setback', 'depression', 'aborted']"
fuel_n,"['fuels', 'combustible', 'petrol', 'gasoline', 'oil', 'yau', 'propellant', 'carburant', 'bunker', 'combustion', 'combustibles', 'gas', 'essence']"
function_n,"['role', 'service', 'functions', 'feature', 'operate', 'functioning', 'operation', 'work', 'basis', 'functionality', 'fonction', 'duties', 'functional', 'task', 'post', 'operating', 'accordance', 'features']"
fund_n,"['funds', 'fonds', 'funding', 'merits', 'finance', 'fondo', 'caisse', 'substance', 'background', 'facility', 'bottom', 'unfpa', 'holdings', 'substantive', 'financing', 'unifem', 'foundation', 'imf', 'cerf', 'money', 'fonda', 'qef', 'box', 'cash', 'molten', 'crate', 'depth', 'fundo', 'uncdf', 'fundusz', 'caja', 'unfip', 'pbf', 'ifad', 'gearbox', 'cashier', 'unjspf']"
fundamentalist_n,"['fundamentalism', 'fundamentalists', 'salafi']"
funding_n,"['financing', 'finance', 'funds', 'fund', 'financial', 'ﬁnancing', 'money', 'funded', 'fundraising', 'financed', 'capitalization', 'financement', 'fund-raising', 'fonds', 'appropriations', 'subsidy', 'resources', 'appropriation', 'grant', 'capital', 'grants', 'support']"
funeral_n,"['burial', 'funerals', 'funerary', 'funereal', 'mortuary', 'undertaker', 'escorting', 'interment', 'consolation', 'knell']"
funnel_n,"['micropyle', 'funnels', 'hopper', 'cone', 'chimney', 'pyramid', 'fireplace']"
furnace_n,"['oven', 'kiln', 'boiler', 'chaudière', 'stove', 'ovens', 'furnaces', 'four', 'heater', 'fours', 'heating', 'smelter', 'cooker']"
future_n,"['forthcoming', 'next', 'coming', 'futures', 'prospective', 'tomorrow', 'upcoming', 'subsequent', 'ahead', ""'avenir"", 'futur', 'further', 'futuro', 'avenir', 'later', 'futura', 'forward', 'come', 'soon-to-be', 'zukunft', 'expectant', 'futuristic']"
gain_n,"['win', 'acquire', 'profit', 'obtain', 'earn', 'gains', 'get', 'earnings', 'earning', 'benefit', 'winning', 'achieve', 'acquiring', 'obtaining', 'receive', 'advantage', 'learn', 'conquer']"
gait_n,['approach']
gallery_n,"['galerie', 'photo', 'rostrum', 'clip', 'beaux-arts', 'tribune', 'galleries', 'photos', 'museum', 'hall', 'podium', 'pictures', 'tribuna', 'balcony', 'forum', 'musée', 'galeries', 'exhibition', 'tunnelsof']"
gallon_n,['litre']
gambit_n,"['masterstroke', 'maneuver']"
gang_n,"['gangs', 'band', 'bunch', 'in-band', 'kang', 'ribbon', 'mob', 'strip', 'gang-related', 'guerrilla', 'motion', 'collective', 'posse', 'stripe']"
gap_n,"['divide', 'difference', 'variance', 'disparity', 'discrepancy', 'loophole', 'ditch', 'chasm', 'gaps', 'vacuum', 'lacuna', 'deficit', 'deviation', 'gulf', 'shortcoming', 'deficiency', 'differences', 'differential', 'distance', 'shortfall', 'abyss', 'cap', 'empty', 'rift', 'discontinuity', 'disparities', 'void', 'gat', 'variances', 'hole', 'shortcomings', 'deficiencies', 'graben', 'mismatch', 'lack', 'deviations', 'jaap', 'flaw', 'lag', 'variation', 'divergence', 'hiatus', 'inequality', 'kip', 'lacunae', 'wedge', 'imbalance', 'fracture', 'bpa', 'omission', 'separation']"
garland_n,['wreath']
gaze_n,['look']
gear_n,"['sprocket', 'pinion', 'lever', 'equipment', 'braking', 'gears', 'speed', 'devices', 'speeds']"
gearbox_n,"['box', 'transmission', 'assy', '−', 'mechanism', 'fund']"
Gen_n,"['gene', 'generation', 'gender', 'gen.', 'kind']"
gender_n,"['sex', 'gender-based', 'género', 'gen', 'sexes', 'gender-specific', 'gender-', 'gender-related', 'genus', 'kind', 'genre', 'parity', 'gender-sensitive', 'sexual', 'women', 'male-female', 'type', 'genera', 'sort']"
gene_n,"['genes', 'genetic', 'gen', 'genetics', 'jin']"
General_n,"['overall', 'comprehensive', 'public', 'gen.', 'broad', 'générale', 'général', 'generally', 'secretary-general', 'plenary', 'overarching', 'generic', 'generals', 'year', 'generalised', 'whole', 'large', 'blanket', 'gerais', 'assembly', 'universal', 'ordinary', 'corporate', 'allgemeine', 'widespread', 'background', 'grand', 'algemene', 'generalized', 'gã', 'common', 'omnibus', 'mainstream', 'generali', 'geral', 'générales', 'global', 'across-the-board', 'total', 'overhead', 'executive']"
generation_n,"['generating', 'production', 'generations', 'gen', 'génération', 'generate', 'gil', 'jill', 'creation', 'jil', 'jel', 'output', 'breed']"
gentleman_n,"['nobleman', 'sir', 'gentlemen', 'mr', 'man', 'monsieur', 'mister']"
gentleness_n,"['kindness', 'sweetness', 'softness']"
geography_n,"['géographie', 'geografia', 'geographical', 'geographic']"
geologist_n,['geological']
gesture_n,"['geste', 'flick', 'move', 'posture', 'signal']"
ghost_n,"['phantom', 'ghosts', 'spectre', 'baneling', 'ghostbusters', 'specter', 'spook', 'bogey', 'shadow', 'apparition', 'spirit']"
giant_n,"['gigante', 'géant', 'giants', 'reus', 'gigantic', 'magnate', 'huge', 'bellwether', 'enormous', 'jumbo', 'mega', 'mammoth', 'colossus', 'titan', 'redcedar', 'juggernaut', 'phat', 'mogul', 'awesome', 'immense', 'massive']"
girlfriend_n,"['friend', 'girl', 'fiancée', 'blonde', 'nana', 'roommate', 'chick', 'bride', '-girlfriend', 'amie', 'blond']"
glance_n,"['peek', 'sight', 'look', 'view', 'overview', 'wink', 'vista', 'look-see', 'eye', 'jiffy', 'heartbeat']"
glory_n,"['gloria', 'fame', 'hail', 'splendour', 'glorious', 'splendor', 'luster', 'stardom', 'honor', 'thrill', 'heyday']"
gloss_n,"['brilliant', 'glossy', 'brightness', 'bright', 'satin', 'chandelier', 'lustre', 'high-gloss', 'shining', 'shiny', 'varnish', 'luster']"
goal_n,"['objective', 'aim', 'target', 'purpose', 'meta', 'objectives', 'goals', 'targets', 'intent', 'lens', 'end', 'object', 'aims', 'order', 'objectif', 'intention', 'view', 'ambition', 'purposes', 'aimed', 'focus']"
golf_n,"['golfing', 'golfer', 'gulf', 'wave']"
goods_n,"['products', 'property', 'merchandise', 'cargo', 'commodities', 'assets', 'wares', 'commodity', 'beni', 'freight', 'product', 'cargoes', 'marchandises', 'articles', 'mercancías', 'properties', 'blaga', 'items', 'outputs', 'mercadorias', 'asset', 'possessions', 'tovar', 'biens', 'merchandises', 'objects', 'supplies', 'produced', 'dangereuses', 'belongings']"
Governor_n,"['ruler', 'ruling', 'gouverneur', 'gov.', 'governador', 'governors', 'conservative', 'mayor', 'regulator', 'wali']"
gp_n,"['pg', 'pm', 'generalist', 'comm', 'lv', 'pgs']"
grace_n,"['gracia', 'majesty', 'thanks', 'pardon', 'elegance', 'mercy', 'samah', 'clemency', 'gris']"
graduate_n,"['graduates', 'postgraduate', 'post-graduate', 'graduated', 'graduation', 'diploma', 'upper', 'degree', 'graduating', 'higher', 'superior']"
grain_n,"['grains', 'cereal', 'cereals', 'squall', 'food', 'wheat', 'kernel', 'seed', 'cereale', 'seeds', 'grit', 'speck']"
grant_n,"['subsidy', 'grants', 'granting', 'concession', 'subvention', 'subsidies', 'give', 'allowance', 'donation', 'award', 'issuance', 'gratien', 'subsidisation', 'subsidization', 'awarding', 'provide', 'accord', 'concede', 'donations', 'confer', 'issuing', 'scholarship', 'don', 'premium', 'allocation', 'pay', 'funding', 'giving', 'lease', 'allow']"
graphics_n,"['charts', 'graphs', 'graphical', 'graphic', 'chart', 'graph', 'illustrations', 'images', 'erections', 'cartographic', 'wallcharts']"
grass_n,"['weed', 'herb', 'grasses', 'lawn', 'pot', 'turf', 'herbs', 'sod', 'herbaceous', 'gramineae', 'grassland', 'tallgrass', 'spliff', 'fatty', 'tso', 'd.']"
grassland_n,"['prairie', 'prairies', 'grasslands', 'pasture', 'pastures', 'grassy', 'meadow', 'grass', 'grazing', 'turf', 'pastureland', 'rangeland']"
grave_n,"['serious', 'severe', 'tomb', 'deep', 'gross', 'profound', 'acute', 'graves', 'seriously', 'cemetery', 'dangerous', 'falls', 'major', 'burial', 'great', 'severely', 'heavy', 'dire', 'grievous', 'gravesite', 'gravely', 'graveyard']"
greek_n,"['greeks', 'greece', 'greco', 'ελληνικές', 'greek-cypriot', 'hellenic', 'cypriot', 'kommounistiko']"
greeting_n,"['salutation', 'hello', 'congratulation', 'yahya', 'gco', 'salute', 'home']"
grid_n,"['network', 'grids', 'grate', 'grille', 'gate', 'template', 'matrix', 'rubric', 'grill', 'mesh', 'scale']"
grief_n,"['sorrow', 'sadness', 'pain', 'mourning', 'bereavement', 'heartache', 'grieving', 'woe', 'suffering', 'spite', 'anguish', 'distress', 'affliction', 'penalty']"
grille_n,"['louver', 'parrilla', 'grill', 'grate', 'parilla', 'grid', 'cowl', 'mesh']"
grip_n,"['puño', 'right-of-way', 'fist', 'stranglehold', 'adhesion', 'apocalypse', 'asa', 'control', 'prey', 'ferrule', 'yoke']"
ground_n,"['field', 'soil', 'land', 'terrestrial', 'terrain', 'earth', 'sol', 'ground-based', 'land-based', 'underground', 'reason', 'mass', 'floor', 'berri', 'masa', 'haché', 'basis', 'destruction', 'motif', 'estate', 'ﬁeld', 'groundwork', 'motive', 'terra', 'grounding', 'situ', 'sun', 'surface', 'wild', 'soils', 'loco', 'spot', 'area', 'territory', 'veld', 'land-mines', 'overland', 'land-', 'place', 'subsurface', 'birri']"
group_n,"['panel', 'groups', 'groupe', 'task', 'unit', 'team', 'cluster', 'grouping', 'grupo', 'working', 'syndicate', 'band', 'pool', 'party', 'collective', 'category', 'caucus', 'teams', 'bunch', 'gruppo', 'groep', 'set', 'fraktion', 'section']"
growth_n,"['growing', 'increase', 'grow', 'development', 'rise', 'expansion', 'croissance', 'grew', 'developed', 'progression']"
guarantee_n,"['ensure', 'warranty', 'guaranteeing', 'guaranteed', 'ensuring', 'guarantees', 'assurance', 'collateral', 'safeguard', 'assure', 'secure', 'guarantor', 'security', 'garantie', 'εγγύηση', 'safeguards', 'secured', 'assurances', 'securing', 'ensured', 'safeguarding', 'gage', 'warranties', 'garantía', 'provide', 'surety']"
guard_n,"['guards', 'guardia', 'custody', 'garde', 'guardsmen', 'keeper', 'guarding', 'custodian', 'keep', 'warden', 'on-call', 'guardian', 'keeps', 'garda', 'haris', 'watchkeeping', 'care', 'goalkeeper', 'custodial', 'coastguard', 'custodianship', 'guardhouse', 'saver', 'safekeeping', 'bodyguard', 'guardsman', 'vigilance', 'janitor', 'caretaker', 'watchman', 'warder', 'day-care', 'retains', 'watch']"
guardian_n,"['tutor', 'custodian', 'guardians', 'keeper', 'guarantor', 'guard', 'warden', 'guardianship', 'babysitter', 'watchdog', 'janitor', 'mentor', 'caretaker', 'protector', 'gatekeeper', 'sitter', 'trusteeship', 'watchman', 'warder', 'curator', 'caregiver']"
guest_n,"['invited', 'guests', 'daif', 'invitee', 'deif', 'host', 'invitation', 'invitees', 'houseguest', 'visiting', 'client', 'requested', 'encouraged', 'asked']"
guidance_n,"['orientation', 'guidelines', 'direction', 'advice', 'counselling', 'guide', 'guiding', 'directions', 'guideline', 'directives', 'orientations', 'steering', 'councils', 'indications', 'mentoring', 'counseling', 'instructions', 'referral', 'tips', 'coaching', 'boards', 'aiming', 'leadership', 'aimer', 'induction', 'arshad', 'thrust', 'directorate', 'directive', 'directing', 'focus', 'reference', 'guided', 'guides', 'hoda', 'policy']"
guidebook_n,"['guide', 'handbook', 'manual', 'manuel']"
guideline_n,"['directive', 'guidelines', 'guidance', 'orientation', 'recommendation', 'direction', 'guide', 'norms', 'directives']"
guilt_n,"['culpability', 'guilty', 'blame', 'remorse', 'fault', 'culpa', 'conviction', 'culprit']"
gun_n,"['weapon', 'pistol', 'rifle', 'revolver', 'shotgun', 'canon', 'firearm', 'handgun', 'cannon', 'sidearm', 'poor', 'firearms', 'weapons', 'artillery', 'barrel', 'gat', 'gunpoint', 'piece', 'howitzer', 'guns', 'arms', 'firecracker']"
habit_n,"['custom', 'mania', 'wont', 'practice', 'reflex']"
habitat_n,"['habitats', ""'habitat"", 'unchs', 'housing', 'un-habitat']"
hall_n,"['room', 'lobby', 'chamber', 'hallway', 'temple', 'hotel', 'corridor', 'holl', 'lounge', 'gallery', 'salle', 'mairie', 'concourse', 'halls', 'halli', 'foyer', 'galerie', 'courtroom', 'auditorium', 'barracks', 'aisle', 'office']"
hallmark_n,"['characteristic', 'feature', 'mark', 'stamp', 'trademark', 'seal']"
hallucination_n,['daylight']
handful_n,"['fistful', 'handle', 'handhold', 'doorknob', 'hilt', 'bunch', 'knob']"
handicap_n,"['disability', 'disadvantage', 'disabilities', 'obstacle', 'impediment', 'impairment', 'drawback']"
handle_n,"['asa', 'manage', 'manipulate', 'handful', 'handling', 'identifier', 'saa', 'address', 'treat', 'controller', 'mango', 'driver', 'id', 'processing', 'handled', 'tackle', 'managing', 'addressing', 'fistful', 'aoa', 'deal']"
handling_n,"['manipulation', 'treatment', 'processing', 'manipulating', 'handle', 'material-handling', 'management', 'handled', 'addressing', 'address', 'tampering', 'stevedoring', 'treating', 'cartage', 'disposal', 'managing', 'tackling', 'dealing', 'treat', 'cargo-handling', 'addressed', 'processed']"
harbour_n,"['port', 'havre', 'seaport', 'harbours', 'harbor', 'cross-harbour', 'ports', 'haven', 'portuaire', 'seaports', 'wearing', 'seabed']"
hardware_n,"['hw', 'equipment', 'hardware-', 'material', 'materiel', 'materials', 'hardware-based']"
harm_n,"['damage', 'injury', 'prejudice', 'hurt', 'damages', 'undermine', 'detriment', 'impair', 'harms', 'wrong', 'jeopardize', 'injure', 'evil', 'torts', 'affect', 'injuries', 'harming', 'harmfulness']"
hatch_n,"['tailgate', 'trappe', 'trapdoor', 'hatchway', 'hatching', 'outbreak', 'bunker', 'hatched', 'sas', 'rear', 'trapping', 'trap', 'traps', 'pillbox', 'shading']"
hawk_n,"['falcon', 'hawke', 'hauck', 'peregrine', 'eagle', 'buse', 'nighthawk', 'hook', 'hawks', 'hock', 'nozzle', 'red-shouldered', 'hok', 'ying', 'buzzard']"
hazard_n,"['danger', 'risk', 'hazards', 'dangers', 'risks', 'dangerous', 'jeopardy', 'threat', 'gambling', 'peril', 'likelihood']"
heading_n,"['header', 'title', 'rubric', 'position', 'category', 'entitled', 'chapeau', 'item', 'line', 'starting', 'entry', 'departure', 'letterhead', 'headings', 'positions', 'section', 'headline', 'chapter', 'subheading']"
headline_n,"['title', 'epitaph', 'holder', 'global', 'heading', 'incumbent', 'overall']"
headmaster_n,"['director', 'dumbledore', 'warden', 'principals', 'steering']"
headquarters_n,"['seat', 'hq', 'siege', 'headquarter', 'sits', 'seats', 'sede', 'seating', 'nhq', 'barracks', 'hqs', 'headquarters-based', 'headquartered', 'command', 'secretariat']"
hearing_n,"['audition', 'hearings', 'audience', 'audiencia', 'auditory', 'bench', 'listening', 'hear', 'sitting', 'trial', 'heard', 'audlence', 'listenership', 'vista', 'court', 'view', 'consultation']"
heat_n,"['thermal', 'warmth', 'heating', 'chaleur', 'hot', 'heet', 'calorific', 'warm', 'temperature', 'heats', 'defogger', 'fever', 'warming', 'caliente']"
heaven_n,"['paradise', 'paradis', 'sky', 'skies', 'ciel', 'haven', 'heavens', 'god', 'havens', 'goodness']"
heavyweight_n,"['heavy-weight', 'lorry', 'juggernaut', 'heavy']"
hedge_n,"['speculative', 'hedging', 'coverage', 'cover']"
heel_n,"['talon', 'stub', 'counterfoil', 'inclination', 'bead', 'achilles', 'camel', 'lug']"
heifer_n,['heifers']
height_n,"['altitude', 'heights', 'high', 'size', 'elevation', 'apogee', 'tall', 'commensurate', 'time', 'climax', 'highly', 'tune', 'peak', 'up', 'stature', 'culmination', 'louder']"
helicopter_n,"['helicopters', 'chopper', 'copter', 'hélicoptère', 'aircraft', 'hélicoptères', 'rotary-wing', 'helo']"
helm_n,"['rudder', 'bar', 'barre', 'head', 'helmsman', 'tiller']"
helplessness_n,"['powerlessness', 'impotence', 'defencelessness', 'distress', 'inability', 'hopelessness', 'helpless', 'orphanhood']"
hepatitis_n,['hep']
heritage_n,"['legacy', 'patrimoine', 'patrimony', 'inheritance', 'patrimonial', 'estate', 'patrimonio', 'wealth', 'property', 'héritage', 'heritages', 'endowment', 'relics', 'historic', 'assets', 'traditional']"
hermit_n,"['loner', 'solitaire', 'lonely', 'solitary']"
hero_n,"['heroes', 'all-american', 'heroic', 'heroin', 'champion', 'heroine', 'superhero', 'smack', 'chevalier', 'knight', 'hiro']"
herring_n,"['kipper', 'silvery', 'sill', 'codfish']"
hierarchy_n,"['hierarchies', 'hierarchical', 'rank', 'ranking', 'chain']"
highway_n,"['motorway', 'road', 'freeway', 'expressway', 'highways', 'autoroute', 'roads', 'hwy', 'superhighway', 'route', 'motorways', 'on-road', 'rapid', 'interstate', 'cty', 'roadway', 'routier']"
hillside_n,"['hill', 'slope']"
hint_n,"['suggestion', 'index', 'indication', 'suspicion', 'insinuation', 'track', 'allusion', 'clue', 'tip']"
hip_n,"['hips', 'pip', 'rump', 'cool']"
historian_n,"['history', 'saga']"
history_n,"['story', 'historical', 'historic', ""'histoire"", 'histoire', 'historian', 'tale', 'historia', 'histories', 'background', 'date', 'past', 'saga', 'record', 'geschichte', 'historique', 'tradition', 'backgrounds', 'annals', 'stories', 'shi']"
hit_n,"['struck', 'affected', 'beaten', 'heet', 'hits', 'hitting', 'knock', 'touched', 'knocked', 'punched', 'strike', 'rocked', 'slugged', 'jolted', 'striking', 'reached', 'beat', 'touch', 'touché', 'punch', 'collided', 'befallen', 'goafter', 'afflicted', 'rammed', 'sideswiped', 'impacted', 'pounded', 'attacking', 'jolts', 'strucked', 'shook', 'blow', 'beating', 'kicked', 'stricken', 'slapped', 'hurt', 'spilled', 'bombed']"
hold_n,"['keep', 'organize', 'retention', 'holding', 'convene', 'organise', 'take', 'held', 'maintain', 'occupy', 'retain', 'abeyance', 'celebrate', 'conduct', 'detain', 'possess', 'organizing', 'attach', 'contain', 'convening', 'detent', 'have', 'arrange', 'waiting', 'retainage', 'withholding', 'wait']"
holder_n,"['incumbent', 'proprietor', 'bracket', 'owner', 'permittee', 'holders', 'licensee', 'aa', 'cardholder', 'bearer', 'titular', 'keeper', 'yy', 'wearer', 'possessor', 'headline', 'sa', 'patentee', 'support', 'registrant', 'grantee', 'banner', 'ownership', 'chairholder', 'rightholder', 'incumbents', 'policyholder', 'pensioner', 'ftss', 'mandate-holder']"
holding_n,"['held', 'convening', 'hold', 'celebration', 'exploitation', 'portfolio', 'detention', 'holdings', 'conduct', 'holdco', 'retention', 'celebración', 'conducting', 'wallet', 'organizing', 'observance', 'pregunta-contestación', 'commemoration', 'convene', 'possession', 'organization', 'organize', 'conclusion', 'debate-votación', 'keeping', 'organising', 'celebrating']"
hole_n,"['orifice', 'loch', 'shithole', 'hellhole', 'foxhole', 'holes', 'gat', 'peephole', 'port', 'pit', 'stockade', 'dump', 'brig', 'gap', 'loophole', 'jail', 'drill', 'borehole', 'pothole', 'pozo']"
honour_n,"['honor', 'honoured', ""'honneur"", 'honorary', 'honouring', 'tribute', 'privilege', 'fulfil', 'honors', 'eer', 'honneur', 'honours', 'credit', 'pleasure', 'meet', 'respect', 'transmit', 'sharaf', 'era', 'distinction', 'lordship', 'honour-related', 'honored', 'comply', 'abide']"
hook_n,"['hooks', 'bail', 'hook.', 'hawke', 'hawk', 'quilting', 'bait', 'claw', 'hauck', 'hooked', 'clip', 'coupling', 'hitch']"
hope_n,"['expectancy', 'hopes', 'expectation', 'esperanza', 'expect', ""'espoir"", 'wish', 'hoop', 'amal', 'hoped', 'trust', 'espoir', ""'hoop"", 'hopeful', 'desire', 'expects']"
horizon_n,"['horizonte', ""'horizon"", 'horizons', 'skyline', 'term', 'sight', 'offing', 'over-the-horizon', 'prospect']"
horn_n,"['corne', 'hoorn', 'cor', 'horns', 'trumpet', 'horan', 'bighorn']"
host_n,"['hosts', 'reception', 'hospitality', 'hosting', 'homepage', 'receiver', 'receiving', 'guest', 'accommodate', 'visitor', 'foster', 'recipient', 'drop-in', 'home', 'crowd', 'multitude', 'hostess', 'hosted', 'welcome', 'organize', 'receivers', 'moderator', 'host-']"
hostel_n,"['auberge', 'inn', 'dormitory', 'quarters', 'hostels', 'hotel', 'shelter', 'shelters', 'dorm']"
hostility_n,"['enmity', 'hostile', 'animosity', 'antagonism', 'runner', 'feud', 'sprinter', 'hatred']"
household_n,"['households', 'family', 'domestic', 'home', 'tenants', 'families', 'homes', 'housework', 'foyer', 'housekeeping', 'house', 'movable', 'cleaning', 'hogar']"
housing_n,"['shelter', 'accommodation', 'dwelling', 'dwellings', 'residential', 'houses', 'lodging', 'accommodations', 'shroud', 'logement', 'bezel', 'homes', 'vivienda', 'lodgings', 'home', 'casing', 'habitat', 'estates', 'habitation', 'house', 'surround', 'flats', 'estate', 'quarters', ""'habitation"", 'uk', 'apartment', 'residence', 'real-estate']"
humour_n,"['humor', 'mood', 'humorous', 'comedy', 'joke', 'wit']"
hunting_n,"['hunt', 'fighter', 'chasse', 'caza', 'game', 'hunts', 'whaling', 'harvest', 'sealing', 'hunters', 'chasing', 'chase', 'fishing', 'hunter', 'lov', 'harvesting', 'pursuit']"
hut_n,"['cabin', 'shack', 'lodge', 'hooch', 'hike']"
hypothesis_n,"['assumption', 'premise', 'assumptions', 'assumed', 'scenario', 'supposition', 'conjecture', 'hypothetical']"
id_n,"['identifier', 'ids', 'iqd', 'identification', ""'id"", 'identity', 'designator', 'idem', 'handle', '6,791', 'appid', 'i.d.', 'designators', 'rns', 'identifiers', 'vlan-id']"
idea_n,"['notion', 'concept', 'ideas', 'thought', 'clue', 'picture', 'thinking', 'view', 'perception', 'vision', 'suggestion', 'sense', 'conception', 'indication', 'insight', 'ideal', 'understanding', 'inkling', 'proposal', 'impression', 'thrust', 'brainchild', 'belief', 'principle', 'assumption']"
ideal_n,"['ideals', 'perfect', 'idéal', 'optimal', 'optimum', 'vision', 'exemplary', 'idea', 'idealism', 'satisfactory', 'desirable', 'idealistic', 'ideally']"
identification_n,"['identifying', 'identify', 'identity', 'determination', 'id', 'identifier', ""'identification"", 'census', 'detection', 'definition', 'determining', 'determine', 'ident', 'identifications', 'designation', 'tagging', 'identified', 'marking', 'characterization', 'recognition', 'screening', 'labelling', 'individualization', 'identiﬁcation', 'i.d.', 'distinguishing']"
identity_n,"['identities', 'identification', 'id', 'identidad', 'i.d.', 'characteristics', 'branding']"
ideology_n,"['ideological', 'thinking', 'thought']"
illustration_n,"['illustrations', 'enlightenment', 'example', 'figure', 'artwork', 'picture', 'illustrative', 'illustrating', 'instance']"
image_n,"['picture', 'images', 'pictures', 'imagery', ""'image"", 'imaging', 'portrayal', 'reputation', 'img', 'profile', 'photo', 'impression', 'perception', 'graphic', 'self-image', 'frame', 'footage']"
imagination_n,"['fantasy', 'imaginary', 'fiction', 'creativity', 'inventiveness', 'fancy']"
immediacy_n,['imminence']
impact_n,"['impacts', 'effect', 'effects', 'incidence', 'implications', 'influence', 'consequences', 'affect', 'repercussions', 'affected', ""'impact"", 'shock', 'implication', 'bearing', 'affecting', 'impacto', 'purposes', 'fallout', 'purpose', 'collision', 'consequence']"
impatience_n,"['eagerness', 'anticipation', 'patience']"
implementation_n,"['application', 'implementing', 'execution', 'implement', 'enforcement', 'implemented', 'outturn', 'deployment', 'realization', 'delivery', 'fulfilment', 'executive', 'apply', 'performance', 'executing', 'applying', 'transposition', 'compliance', 'applied', 'operationalization', 'pursuance', 'realisation', 'achievement', 'run-', 'run', 'accordance', 'enforce', 'aplicación', 'execute', 'executed', ""'application"", 'operation', 'enforcing', 'establishment', 'introduction', 'running', ""'exécution"", 'observance', 'applicability', 'rollout', 'attainment', 'purposes', 'implantation', 'roll-out', 'conduct', 'enforced']"
implication_n,"['insinuation', 'involvement', 'impact', 'implications', 'inference', 'incidence', 'consequence', 'innuendo', 'consequences', 'implicit']"
import_n,"['importation', 'imports', 'importing', 'imported', 'importations', 'entrance', 'importer', ""'importation""]"
importance_n,"['significance', 'important', 'relevance', 'emphasis', 'prominence', 'weight', 'significant', 'magnitude', 'interest', 'signiﬁcance', 'value', 'meaning', 'need', 'extent', 'size', 'role', 'belang', 'attention', ""'importance"", 'major', 'amount', 'criticality', 'bedeutung']"
imposition_n,"['taxation', 'imposing', 'impose', 'imposed', 'infliction', 'levying', 'tax', 'taxing', 'institution', 'introduction', 'enforcement']"
impression_n,"['printing', 'feeling', 'print', 'perception', 'sense', 'impressions', 'printout', 'image', 'printed', 'feel', 'imitation', 'idea']"
imprisonment_n,"['prison', 'incarceration', 'jail', 'detention', 'confinement', 'reclusion', 'jailing', 'custody', 'imprisoned', 'custodial', 'arrest', 'gaol', 'sentence', 'perpetua']"
improvement_n,"['improving', 'improvements', 'improve', 'improved', 'enhancement', 'upgrading', 'enhancing', 'improves', 'enhancements', 'betterment', 'enhance', 'better', 'enhances', 'refinement', 'enhanced', 'amelioration', 'upgrade', ""'amélioration"", 'progress', 'increase', 'verbesserung', 'advancement']"
improvisation_n,['jam']
incarnation_n,"['embodiment', ""'incarnation""]"
incentive_n,"['incentives', 'stimulus', 'incitement', 'encouragement', 'inducement', 'motivation', 'impetus', 'incitation', 'enticement', 'spur', 'stimulation', 'boost', 'encouraging', 'motive', 'fillip', 'impulse', 'premium']"
inception_n,"['creation', 'establishment', 'beginning', 'launch', 'start', 'commencement', 'launching', 'debut', 'foundation', 'outset', 'initiation', 'infancy', 'startup', 'created']"
inch_n,"['inches', 'thumb', 'centimetre', 'pouce', 'centimeter', 'cm', 'iota', 'millimetre']"
incidence_n,"['impact', 'frequency', 'prevalence', 'occurrence', 'morbidity', 'effect', 'impacts', 'implication', 'rate', 'bearing', 'implications', 'incidences', 'number']"
incident_n,"['incidents', 'accident', 'event', 'events', 'episode', 'occurrence', 'mishap', 'crash', 'case', 'accidents', 'matter']"
income_n,"['revenue', 'revenues', 'incomes', 'earnings', 'revenu', 'receipts', 'proceeds', 'back', 'renta', 'earning', 'recipes', 'tax', 'entry', 'ingress']"
increase_n,"['rise', 'increasing', 'increased', 'enhance', 'growth', 'raise', 'increases', 'improve', 'grow', 'strengthen', 'increment', 'expand', 'augment', 'enhancing', 'boost', 'raising', 'surge', 'intensify', 'augmentation', 'growing', 'expansion', 'strengthening', 'rising', 'enhancement', 'improving', 'greater', 'upsurge', 'heighten', 'reinforce', 'enhanced', 'progression', 'broaden', 'improvement', 'escalation', ""'augmentation"", 'extend', 'hike', 'further', 'more', 'expanding', 'redouble', 'intensification', 'higher', 'additional', 'augmenting', 'mark-up', 'build', 'widen', 'add', 'enlarge', 'rises', 'multiply']"
independence_n,"['independent', 'autonomy', 'independencia', 'lndependence', 'independentista', 'independency', 'self-reliance', 'independently', 'self-sufficiency', 'self-government', 'statehood', 'separate']"
index_n,"['indices', 'contents', 'clue', 'indexes', 'indicator', 'indexing', 'hint', 'indice', 'rate', 'indicators', ""'index"", 'forefinger', 'indication', 'repertoire', 'comdoc', 'locator', 'directory', 'predictor']"
indication_n,"['indications', 'sign', 'hint', 'indicator', 'signal', 'evidence', 'indicates', 'marking', 'index', 'idea', 'indicating', 'designation', 'indicate', 'reference', 'mention']"
indicator_n,"['indicators', 'beacon', 'flag', 'indicatorlight', 'index', 'gauge', ""'indicateur"", 'indication', 'pointer', 'minder', 'indicateur', 'prompt', 'predictor', 'witness', 'beacons', 'marker', 'designator', 'readout', 'measure', 'proxy']"
individual_n,"['person', 'personal', 'individually', 'particular', 'one-on-one', 'individuals', 'each', 'separate', 'different', 'solo', 'specific', 'various', 'single', 'person-level', 'isolated', 'certain', 'individualized', 'odd', 'persons', 'award', 'one-to-one', 'every', 'case-by-case', 'individual-level', 'respective', 'anybody', 'capita', 'nobody', 'anyone', 'proprietorship', 'odd-numbered', 'personne']"
industry_n,"['industrial', 'industries', 'sector', ""'industrie"", 'industria', 'industrie', 'yip', ""'industria"", 'manufacturing', 'business', 'industri', 'sectors', 'area', 'trade', 'profession', 'maker', 'branch']"
inequality_n,"['inequity', 'inequalities', 'unequal', 'inequities', 'disparity', 'imbalance', 'unevenness', 'equality', 'unfairness', 'injustice', 'gap']"
infant_n,"['child', 'infants', 'infantile', 'babies', 'baby', 'newborn', 'childhood', 'neonatal', 'walkers', 'lactating', 'childish', 'infantil', 'nascent', 'neonate', 'children', 'pediatric']"
infection_n,"['infections', 'contagion', 'contamination', 'infected', 'disease', 'infectious', 'infestation']"
inflation_n,"['inflationary', 'inﬂation', 'inflator', 'swelling']"
influence_n,"['affect', 'impact', 'influences', 'influencing', 'clout', 'influenza', 'effect', 'leverage', ""'influence"", 'influenced', 'influential', 'weight', 'bearing', 'affected', 'sway', 'effects', 'right-of-way', 'affecting', 'flu', 'impacts']"
information_n,"['data', 'intelligence', 'info', ""'information"", 'informational', 'details', 'briefing', 'renseignements', 'información', 'news', 'media', 'particulars', 'informing', 'reporting', 'knowledge', 'informative', 'informations', 'message', 'inquiries', 'background', 'material', 'πληροφορίες', 'informacji', 'enquiries', 'materials', 'indications', 'detail', 'informationen', 'backgrounders', 'inform', 'messages', ""'informations"", 'informed', 'feedback', 'outreach']"
ingredient_n,"['ingredients', 'component', 'element']"
inhabitant_n,"['capita', 'habitant', 'residents', 'resident']"
initiative_n,"['initiatives', 'own-initiative', ""'initiative"", 'hdi', 'lead', 'project', 'fai', 'iniciativa', 'effort', 'instigation', 'psi', 'apci', 'endeavour', 'move']"
injury_n,"['injuries', 'damage', 'wound', 'prejudice', 'harm', 'lesion', 'wounds', 'lesions', 'trauma', 'injured', 'accident', 'wounded', 'wounding', 'accidents', 'damages', 'hurt', 'detriment', 'pity', 'shame']"
inn_n,"['iuu', 'auberge', 'nint', 'lnn', 'hostel', 'dci', 'inns', 'ibd', 'nin', 'nrc-nint', 'jiu', 'hotel', 'rin', 'icd', 'icdp', 'tavern', 'beehive', 'lodge', 'innkeeper', 'inr', 'icds']"
innovation_n,"['innovations', 'innovative', 'innovate', ""'innovation"", 'innovating', 'innovación', 'browse', 'innovativeness', 'novelty', 'creativity']"
input_n,"['entry', 'inputs', 'contribution', 'inlet', 'intake', 'comments', 'inbound', 'entries', 'contributions', 'feedback', 'entrance', 'participation', 'intakes', 'incoming', 'inrush', 'primary', 'suggestions', 'involvement', 'ingress', 'seizure', 'enter', 'inflow']"
inquiry_n,"['investigation', 'survey', 'enquiry', 'research', 'investigative', 'investigations', 'query', 'investigate', 'inquest', 'investigating', 'enquête', ""'enquête"", 'investigación', 'inquiries', 'snooping', 'enquiries', 'surveys', 'fact-finding', 'study', 'investigatory', 'consultation', 'jwee', 'probe', 'viewing']"
insect_n,"['insects', 'bug', 'beetle', 'pest', 'entomology']"
inside_n,"['within', 'interior', 'indoors', 'internal', 'insideâ', 'inner', 'indoor', 'domestic', 'in', 'inland', 'internally', 'inboard']"
insider_n,"['informant', 'mole', 'informer']"
insight_n,"['perspicacity', 'acumen', 'intuition', 'understanding', 'vision', 'knowledge', 'lucidity', 'overview', 'hunch', 'idea', 'discernment', 'perspectives', 'perspective', 'clear-sightedness', 'foresight', 'perception', 'prospects', 'far-sightedness']"
inspection_n,"['inspectorate', 'inspections', 'inspecting', 'checkpoint', 'control', 'inspected', 'examination', 'inspectorates', 'inspect', 'check', 'monitoring', 'checking', 'checks', 'censorship', 'oversight', 'visit', 'screening', 'visiting', 'verification', 'controls', 'examinations', 'scrutiny', 'inspectors', 'search', 'test', 'check-up']"
Inspector_n,"['detective', 'lnspector', 'inspecteur', 'inspectors', 'lieutenant', '-detective', 'examiner', 'inspecting', 'inspectorate', 'inspector-general']"
installation_n,"['installing', 'facility', 'install', 'setup', 'reassembly', 'installed', 'mount', 'mounting', 'fitting', 'installer', 'installations', 'fitted', 'montage', 'plant', 'set-up', 'fixture', 'settling-in', 'facilities', 'deployment', 'erection', 'fitment', 'establishment', 'devices', 'fixtures', 'installable', 'reinstallation']"
instance_n,"['example', 'forum', 'case', 'instancia', 'instancing', 'body', 'resort', 'proceeding', 'instances', 'cases', ""'instance"", 'event', 'illustration']"
instinct_n,"['gut', 'intuition', 'reflex', 'hunch']"
institute_n,"['institut', 'instituto', ""'institut"", 'instraw', 'institutes', 'istituto', 'instituut', 'unidir', 'nrc-institute', 'unitar', 'institution', 'cihr-institute', 'lnstitute', 'unafri', 'intézet', 'iig', 'unrisd', 'college', 'academy', 'iins', 'res.', 'instytut']"
institution_n,"['institutions', 'establishment', 'body', ""'institution"", 'institutional', 'facility', 'recipient', 'institute', 'agency', 'entity', 'preparation', 'agencies', 'bodies', 'establishments', 'organization', 'creation', 'foundation', 'imposition', 'setting-up', 'setting', 'istituto', 'authority']"
instruction_n,"['instructions', 'education', 'teaching', 'training', 'co-investigating', 'investigating', 'magistrate', 'investigation', 'instrucción', ""'instruction"", 'schooling', ""'enseignement"", 'directions', 'direction', 'educational', 'statement', 'appraisal', 'learning', 'indoctrination', 'pre-trial']"
insurance_n,"['assurance', 'assurances', 'insurances', 'secure', 'safe', ""'assurance"", 'ubezpieczeń', 'verzekeringen', 'seguro', 'ασφαλίσεων', 'insurers', 'security', 'assicurazioni', 'coverage', 'insurer', 'reinsurance', 'seguros']"
integration_n,"['integrating', 'inclusion', 'mainstreaming', 'integrate', 'incorporation', 'integrated', ""'intégration"", 'complementarity', 'insertion', 'reintegration', 'integración', 'intégration', 'integrative', 'integratie', 'unification', 'brassage', 'merger', 'incorporating', 'construction', 'inclusiveness', 'integrations', 'accession', 'embedding', 'mainstream', 'incorporate']"
integrity_n,"['completeness', 'probity', 'inviolability', 'complete', 'honesty', 'safety', 'entirety', 'wholeness', 'sanity', 'soundness', 'immunity']"
intelligence_n,"['information', 'intelligences', 'intellect', 'mukhabarat', 'intelligentsia', 'wisdom', 'intelligent', 'spy', 'secret', 'understanding', 'cia']"
intensity_n,"['intensities', 'brightness', 'strength', 'severity', 'density', 'amperage', 'depth', 'degree']"
intention_n,"['intent', 'intended', 'purpose', 'aim', ""'intention"", 'faith', 'intend', 'desire', 'intentions', 'objective', 'willingness', 'goal', 'plan', 'attempt', 'wish']"
interaction_n,"['interplay', 'interactions', 'interacting', 'interact', 'interactive', 'interrelationship', 'interface', 'interactivity', 'interworking', 'exchange', 'interrelatedness', 'interrelation']"
interception_n,"['interdiction', 'intercept', 'intercepting', 'interceptor', 'eavesdropping', 'intercepts', 'wiretapping', 'objection']"
intercourse_n,"['sex', 'relations', 'endometrium', 'relationship', 'coitus', 'defilement', 'relationships']"
interest_n,"['interests', 'concern', 'benefit', 'attention', 'sake', 'relevance', 'interesting', ""'intérêt"", 'importance', 'stake', 'self-interest', 'benefits', 'interested', 'focus', 'value', 'significance', 'τόκων', 'relevant', 'usefulness']"
interface_n,"['interfaces', 'interfacename', 'interfacing', 'interfaz', 'interfacial', 'interaction', 'holographic', 'per-interface', 'interrelationship']"
interim_n,"['provisional', 'temporary', 'acting', 'transitional', 'tentative', 'intermediate', 'a.i.', 'mid-term', 'caretaker', 'intermediary', 'preliminary', 'progress', 'terminable', 'transition', 'precautionary', 'meantime', 'intermediaries', 'pretrial', 'intérimaire', 'pre-trial', 'medium-term', 'interlocutory', 'temporarily', 'interval', 'idler', 'intermediates', 'stepping-stone', 'provisoire', 'makeshift', 'tent.ative']"
interior_n,"['internal', 'inner', 'indoor', 'domestic', 'inboard', 'inside', 'inland', 'home', 'procedure', 'hinterland', 'within', 'in-car', 'in-house', ""'intérieur""]"
interpretation_n,"['interpreting', 'interpretations', 'interpretive', ""'interprétation"", 'interpret', 'interpretative', 'interpreted', 'explanation', 'interpreter', 'understanding', 'definitions', 'translation', 'interpreters', 'explained', 'interpretation-related', 'reading', 'explanations', 'misinterpretation']"
interval_n,"['range', 'meantime', 'intervals', 'slot', 'interim', 'span', 'time-lapse', 'period', 'apart', 'lapse']"
intervention_n,"['interference', 'speech', 'response', 'interventions', ""'intervention"", 'involvement', 'action', 'intervene', 'interfere', 'statement', 'intervening', 'meddling', 'interfering', 'non-interference', 'interventionism', 'interposition', 'surgery', 'engagement', 'contribution', 'contingency', 'speaking', 'intervened', 'non-intervention', 'reaction']"
interview_n,"['interviews', 'interviewing', 'maintenance', 'interviewed', 'interrogation', 'interviewer', 'upkeep', 'interrogate', 'questioning', 'entretien']"
interviewee_n,"['respondent', 'referee', 'interviewees', 'responding', 'replying']"
invalidity_n,"['disability', 'nullity', 'non-validity', 'non-permissibility', 'disablement', 'invalidation', 'void', 'annulment', 'nullification', 'cancellation', 'incapacity', 'infirmity', 'invalid', 'invalids']"
invasion_n,"['invading', 'incursion', 'aggression', 'encroachment', 'invade', 'invasions', 'intrusion', 'invasiveness', 'invaded']"
investigation_n,"['inquiry', 'survey', 'investigations', 'investigative', 'research', 'surveys', 'investigating', 'investigate', 'enquiry', 'enquiries', 'inquiries', 'investigatory', 'fact-finding', 'investigación', 'probe', 'study', 'instruction', 'enquête', ""'enquête"", 'inquest', 'jwee', 'interrogation', 'review', 'examination', 'διερεύνηση', 'investigated', 'investigaciones']"
investment_n,"['investments', 'investing', 'invest', 'placement', 'invested', ""'investissement"", 'placements', 'inversión', 'capital', 'investiční', 'reversal', 'investors', 'investissements', 'investissement', 'inversiones', 'investor', 'investitionen']"
investor_n,"['investors', 'inverter', 'funder', 'investment']"
invitation_n,"['solicitation', 'invitations', 'invite', 'call', 'invited', 'inviting', 'guest', 'dawa', 'advocacy', 'invites', 'invitational', 'appeal', 'award', 'request', 'convening']"
involvement_n,"['participation', 'engagement', 'commitment', 'implication', 'participate', 'intervention', 'attendance', 'participating', 'turnout', 'inclusion', 'interference', 'participatory', 'contribution', 'involved', 'input', 'role', 'share']"
iron_n,"['fer', 'erf', 'hadid', 'al-hadid', 'hierro', 'railway', 'par', 'ferro', 'rail', 'pars', 'curtain', 'railways', 'ferric', 'kcrc', 'tomur', 'steel', 'ferrous', 'rebar', 'al-hadidi', 'railroad', 'kcr']"
irrigation_n,"['irrigated', 'watering', 'ri', 'perfusion', 'irrigate', 'sprinkler', 'lari']"
Isle_n,"[""'isle"", 'island', 'isla', 'île', ""'île""]"
isolation_n,"['insulation', 'isolating', 'confinement', 'seclusion', 'isolate', 'segregation', 'remoteness', 'solitary', 'insularity', 'isolated', 'containment', 'apartheid', 'separation', 'isolationism', 'self-isolation', 'shutoff', 'exclusion']"
issue_n,"['question', 'matter', 'problem', 'subject', 'item', 'topic', 'point', 'issues', 'issuance', 'problems', 'theme', 'cause', 'case', 'issuing', 'questions', 'aspect', 'number', 'regard', 'publish', 'dossier', 'affair', 'issued', 'challenge', 'edition', 'area', 'emit', 'thing', 'concerned', 'asia', 'respect', 'problematic', 'file', 'matters', 'run']"
item_n,"['point', 'topic', 'theme', 'issue', 'element', 'subject', 'projects', 'items', 'project', 'question', 'article', 'matter', 'heading', 'articles', 'sub-item', 'paragraph', 'tema', '54/150.item', 'section', 'verge', 'position', 'rule', 'points']"
jaw_n,"['zhao', 'chin']"
jealousy_n,"['envy', 'jealous', 'psychosis']"
jew_n,"['jewish', 'jude', 'jews']"
journal_n,"['newspaper', 'diary', 'diario', 'journals', 'official', 'gazette', 'seat', 'revue', 'daily', 'magazine', 'gazzetta', 'paper', 'seats', 'formal', 'revista', 'seating', 'review', 'log', 'jornal', 'bulletin', 'pillion', 'gaceta', 'officiel', 'tournai', 'diaries', 'newsletter', 'reviewed']"
journalist_n,"['reporter', 'press', 'newspaperman', 'journalism', 'columnist', 'journalists', 'reporters', 'news', 'q']"
journey_n,"['trip', 'travel', 'voyage', 'path', 'route', 'travelling', 'tour', 'travels', 'adventure', 'road', 'flight', 'way', 'ride', 'itinerary', 'traveling', 'út']"
joy_n,"['delight', 'happiness', 'pleasure', 'gioia', 'alegría', 'rejoicing', 'gladness', 'farah', 'glee', 'jubilation', 'cheer', 'hei', 'fun', 'excitement']"
jubilee_n,"['daqing', 'anniversary']"
judge_n,"['magistrate', 'judges', 'qadi', 'juge', 'justice', 'considers', 'qazi', 'giudice', 'court', 'richter', 'assess', 'prosecute', 'judicature', 'trier', 'deem', 'try', 'j.a.', 'al-qadi', 'justices', 'bíró', 'j.', 'magistrates', 'evaluate', 'adjudicate', 'magistrat']"
judgement_n,"['judgment', 'ruling', 'sentence', 'verdict', 'trial', 'jugement', 'decision', 'judgements', 'sentencia', 'sentencing', 'failure', 'adjudication', 'judgments', 'malfunction', 'stoppage', 'fallo', 'discernment', 'statement', 'opinion', 'judging', 'governing', 'fault', 'arrêt']"
judgment_n,"['judgement', 'ruling', 'stoppage', 'verdict', 'arrêt', 'decision', 'sentence', 'jugement', 'trial', 'dom', ""'arrêt"", 'cessation', 'stop', 'arrest', 'shutdown', 'interruption', 'adjudication', 'sentencia', 'sentencing', 'judgements', 'halt', 'discernment', 'stopping', 'judgments', 'failure', 'opinion', 'judging', 'standstill', 'discontinuation']"
junction_n,"['intersection', 'connections', 'confluence', 'joinder', 'carrefour', 'crossing', 'crossroad', 'crossroads', 'seam', 'juncture', 'boycotts', 'connection']"
jurisdiction_n,"['competence', 'competency', 'skill', 'jurisdictional', 'proficiency', 'purview', 'juridiction', 'court', 'jurisdictions', 'competent', 'expertise', 'authority', 'competencies', 'skills', 'competition', 'remit', 'proﬁciency', 'incompetence', 'responsibility', 'powers', 'mandate', 'territory', 'power']"
jury_n,"['board', 'juror', 'juries', 'jurors', 'sworn', 'panel']"
Justice_n,"['judicial', 'fairness', 'justicia', 'judiciary', 'righteousness', 'judge', 'court', 'justiça', 'giustizia', 'legal', 'equity', 'al-adl', 'law', 'fair', 'trial', 'justiz']"
justification_n,"['rationale', 'substantiation', 'reason', 'excuse', 'justifying', 'grounds', 'explanation', 'justify', 'justifiability', 'justifications', 'argument']"
keeper_n,"['custodian', 'guardian', 'guard', 'warden', 'janitor', 'holder', 'caretaker', 'watchman', 'pastor', 'possessor', 'gatekeeper', 'governess', 'goalie', 'handler', 'housekeeper', 'carer']"
kick_n,"['lower', 'socket', 'whoop', 'bottom']"
killing_n,"['murder', 'killed', 'kill', 'assassination', 'massacre', 'murdering', 'death', 'killings', 'slaughter', 'homicide', 'murders', 'kills', 'dead', 'carnage', 'manslaughter', 'deaths', 'shoot']"
kiln_n,"['oven', 'furnace', 'dryer', 'ovens', 'stove', 'furnaces', 'four', 'fours']"
kin_n,"['jian', 'chee', 'kinship', 'caine', 'next-of-kin', 'ken', 'chien', 'family', 'keane', 'yongjian', 'relatedness', 'parent']"
kind_n,"['type', 'sort', 'genus', 'nature', 'art', 'genre', 'types', 'guy', 'form', 'species', 'gender', 'class', 'kinds', 'model', 'gen', 'like', 'nice', 'sweet', 'way', 'category', 'rate']"
kingdom_n,"['uk', 'united', 'royaume', 'realm', 'reino', 'saudi', 'koninkrijk', 'britain', 'british', 'reign', 'vassiliou', 'empire', 'royal', 'coupled']"
kiss_n,"['kissing', 'fuck', 'embrace', 'kissed', 'hug', 'lick', 'screwing', 'fucked', 'screw', 'shag', 'hump', 'fucking', 'shagging', 'hugging']"
kit_n,"['toolkit', 'package', 'kits', '-kit', 'toolbox', 'folder', 'jie', 'kate']"
km_n,"['kilometres', 'kilometers', 'miles', 'kilometre', 'kms', 'rkm', 'kilometer', 'km.', 'klicks', 'kliks', 'kilos', 'mile', 'km2', 'gs', 'km-long', 'gc', 'kph']"
knowledge_n,"['expertise', 'knowledge-based', 'know-how', 'intellectual', 'awareness', 'understanding', 'know', 'skills', 'familiarity', 'aware', 'acquaintance', 'acquaintances', 'connaissances', 'cognizance', 'knowing', 'connaissance', 'information', 'insight', 'literacy', 'insights', 'acquainted', 'knowledgeable', 'known', 'consciousness', 'knowledge-', 'proficiency', 'learning']"
kurd_n,"['kurdish', 'kurdistan', 'kurds', 'al-kurdi', 'kurdi', 'kurdistani']"
label_n,"['tag', 'labels', 'labelling', 'tags', 'etiquette', 'sticker', 'emblem', 'labeling', 'mark', 'marker', 'labelled', 'brand', 'tab', 'stamp', 'marking', 'tagging', 'caption', 'placard']"
laboratory_n,"['lab', 'laboratories', 'laboratoire', 'laboratorio', 'laboratorium', 'labs', 'experimental', 'laboratoires', 'bench', 'darkroom']"
labour_n,"['work', 'labor', 'working', 'workforce', 'employment', 'job', 'workers', 'manpower', 'labor-management', 'occupational', 'action', 'laboral', 'workplace', 'workday', 'pracy', 'labour-related', 'labour-capital', 'worker', 'labourers', 'work-related', 'labour-']"
lack_n,"['absence', 'shortage', 'lacks', 'failure', 'insufficient', 'scarcity', 'missing', 'shortfall', 'dearth', 'unavailability', 'paucity', 'inadequacy', 'deficiency', 'miss', 'shortages', 'insufficiency', 'fault', 'non-existence', 'non-availability', 'shortcoming', 'deficit', 'inadequate', 'lacking', 'falta', 'gap', 'misses', 'loss', 'defect', 'misdemeanour', 'needed', 'lacked', 'absent', 'no']"
lad_n,"['boy', 'kid', 'guy', 'fda', 'son', 'forecastle']"
ladder_n,"['scale', 'staircase', 'stepladder', 'escalator', 'level']"
lag_n,"['gal', 'latency', 'lags', 'latent', 'delay', 'slippage', 'gap', 'mismatch', 'discrepancy']"
lager_n,"['beer', 'blonde']"
lagoon_n,"['pond', 'barachois', 'basin', 'étang', 'dugout', 'laguna']"
land_n,"['lands', 'earth', 'terrestrial', 'ground', 'soil', 'territory', 'agrarian', 'land-based', 'territorial', 'terra', 'territories', 'terre', 'country', 'soils', 'terrain', 'tierra', 'overland', 'terres', 'property', 'landing', 'onshore', 'field', 'farmland', 'dirt', 'mark', 'berri', 'radi', 'albar', 'luk', 'iand', 'shore', 'mainland', 'lu']"
landing_n,"['disembarkation', 'deplaning', 'startup', 'airdrop', 'disembarking', 'deboarding', 'bootable', 'unlading', 'boot', 'land', 'offloading', 'airstrip', 'start', 'touchdown', 'unloading', 'detraining']"
landlord_n,"['owner', 'lessor', 'owners', 'landowner', 'proprietor', 'homeowner', 'landlady', 'innkeeper', 'boss']"
landowner_n,"['landowners', 'owner', 'landlord', 'proprietor']"
landscape_n,"['landscapes', 'scenery', 'landscaping', 'panorama', 'countryside', 'horizontal', 'picture', 'landscaper', 'scene', 'environment', 'overview']"
lap_n,"['laps', 'abdominal', 'knee', 'wpi', 'tower', 'erotic']"
launch_n,"['launching', 'initiate', 'start', 'launched', 'commencement', 'initiation', 'launches', 'firing', 'start-up', 'begin', 'lancer', 'inception', 'initiating', 'chen', 'release', 'kick-off', 'throw', 'introduction', 'inauguration', 'undertake', 'commence', 'startup', 'opening', 'boot', 'starting', 'waging', 'roll-out', 'embark', 'launchin', 'lanzamiento', 'beginning', 'take-off', 'lance', 'introduce', 'launcher']"
layer_n,"['capa', 'diaper', 'ozone', 'coat', 'tier', 'sleeps', 'stratum', 'layers', 'coating', 'level', 'sleep', 'sleeping', 'strata']"
lead_n,"['leading', 'leadership', 'result', 'drive', 'conduct', 'bring', 'leader', 'cause', 'head', 'initiative', 'leaded', 'driving', 'carry', 'main', 'cable', 'runway', 'wire', 'responsible', 'steer', 'pb', 'induce', 'directing', 'trail', 'forefront', 'leads', 'spearhead', 'entail', 'generate', 'culminate', 'principal', 'produce', 'führen', 'guide', 'lead-based', 'directs']"
Leader_n,"['chief', 'leaders', 'head', 'commander', 'leadership', 'führer', 'chef', 'lead', 'leading', 'president', 'ringleader', 'boss', 'ruler', 'chairman', 'chieftain', 'officer']"
leadership_n,"['leaders', 'command', 'leading', 'direction', 'directorate', 'leader', 'lead', 'address', 'steering', 'leaderships', 'driving', 'guidance', 'management', 'led', 'heads', 'branch', 'aegis', 'headed', 'authority', 'conduct']"
leaf_n,"['foliar', 'sheet', 'sheets', 'leaves', 'foliage', 'map', 'blade', 'streamside', 'slip', 'refill', 'road', 'sheeting', 'worksheet', 'needle']"
leaflet_n,"['brochure', 'pamphlet', 'booklet', 'prospectus', 'flyer', 'householder', 'slip', 'handout', 'tract', 'leaflets']"
league_n,"['ligue', 'liga', 'lega', 'lwv', 'university', 'periodic', 'al-douri', 'union', 'unu', 'nld', 'alliance', 'society', 'association', 'disease', 'usbat', 'aldouri', 'al-duri', 'aldori', 'las']"
lease_n,"['rental', 'leasing', 'leases', 'rent', 'tenancy', 'renting', 'location', 'tenancies', 'rentals', 'hire', 'concession', 'leasehold', 'leased', 'contract', 'bail', 'hiring-out', 'leaseback', 'rented', 'grant']"
leather_n,"['skin', 'hides']"
leave_n,"['license', 'let', 'leaving', 'holiday', 'abandon', 'holidays', 'permission', 'vacation', 'authorization', 'exit', 'licence', 'go', 'depart', 'leaves', 'left', 'non-teaching', 'departure', 'quit', 'authorisation', 'ieave', 'flee', 'allow', 'letting', 'licenses', 'vacate', 'permit', 'vacations', 'licensing', 'leash', 'iet', 'give']"
lecture_n,"['conference', 'lectures', 'conferences', 'sermon', 'reading', 'lesson', 'chat', 'presentation', 'lecturer', 'speech']"
ledger_n,"['ledgers', 'accounting', 'gl', 'book', 'books', 'accountancy', 'workbook', 'workbooks']"
legend_n,"['caption', 'legends', 'myth', 'legendary', 'callout', 'lore', 'captions', 'lenovo', 'lege', 'tale', 'headstamp', 'script']"
legislation_n,"['laws', 'law', 'legislative', 'lawmaking', 'act', 'lois', 'legislations', 'statutes', 'regulation', 'législation', 'legislating', 'legal', 'acts', 'ordinance', 'ordinances', 'bill', 'gesetzgebung', 'statutory', 'legislature', 'normative']"
leisure_n,"['recreation', 'recreational', 'loisirs', 'entertainment', 'loisir', 'leisure-time', 'hobbies', 'hobby', 'pastime']"
length_n,"['duration', 'long', 'period', 'longitude', 'dependence', 'term', 'dependency', 'lengthwise', 'extension', 'size', 'time', 'seniority', 'detail', 'depth']"
leverage_n,"['lever', 'leveraging', 'leverages', 'influence', 'seize', 'capitalize', 'mobilize', 'exploit', 'harnessing', 'tap', 'harness', 'mobilizing', 'advantage']"
levy_n,"['levi', 'livi', 'lévy', 'royalty', 'fee', 'sampling', 'tax', 'levey', 'levies', 'impose', 'levying', 'drawdown', 'charge', 'collection', 'collect', 'surcharge', 'debiting']"
lexicon_n,"['glossary', 'vocabulary']"
liability_n,"['responsibility', 'liabilities', 'accountability', 'passive', 'haftung', 'responsibilities', 'responsible', 'responsabilité', 'obligation', 'onus', 'duty']"
liberation_n,"['release', 'liberalization', 'liberation', 'al-tahrir', 'emancipation', 'liberating', 'liberación', 'tahrir', 'liberate', 'freeing', 'releasing', 'plo', 'editorial', 'paying-up', 'hizb', 'liberalizing', 'discharge', 'editor-in-chief', 'editing']"
liberty_n,"['freedom', 'free', 'liberté', 'libertad', 'freedoms', 'release']"
licence_n,"['license', 'licences', 'licensing', 'permit', 'licenses', 'permits', 'certificate', 'licensed', 'leave', 'bachelor', 'approval', 'permission', 'licentiate', 'authorisation', 'authorization', 'allowed', 'permitted', 'licencing', 'certificates', 'licensee', 'enabled', 'licencia', 'unlicensed']"
lifespan_n,"['lifetime', 'longevity', 'life', 'life-span', 'duration', 'lifecycle', 'expectancy']"
lift_n,"['lifts', 'lifting', 'elevator', 'raise', 'lifted', 'riser', 'hoist', 'elevation', 'lifter', 'remove', 'waive', 'hoisting', 'raising', 'abolish', 'waiver', 'adjourn', 'raises', 'adjournment', 'pumping', 'follower', 'live', 'levage', 'repeal', 'escalator', 'withdraw']"
lifting_n,"['lift', 'lifted', 'hoisting', 'levage', 'waiver', 'uprising', 'adjournment', 'elevating', 'abolition', 'raise', 'raising', 'removal', 'waiving', 'adjourning', 'elevation', 'uplift', 'repeal', 'hoist', 'removing', 'face-lift', 'cancellation', 'abolishing', 'cancelled', 'elimination', 'hanger', 'deletion', 'jacking']"
lighting_n,"['illumination', 'illuminating', 'light', 'lights', 'illumi']"
lightness_n,"['levity', 'thoughtlessness', 'luminosity', 'brightness']"
liking_n,"['taste', 'sympathy', 'gusto', 'flavour', 'rancour']"
limb_n,"['lamina', 'member', 'limbo', 'branch', 'leg']"
limbo_n,"['laminae', 'uncertainty', 'limb']"
limit_n,"['restrict', 'limits', 'ceiling', 'limiting', 'limitation', 'boundary', 'confine', 'threshold', 'limited', 'restriction', 'restricts', 'restricting', 'constrain', 'limitations', 'reduce', 'limite', 'curtail', 'maximum', 'curb', 'borderline', 'boundaries', 'cut-off', 'cap', 'border', 'restrictions', 'restrain', 'limiter', 'mitigate', 'deadline', 'seam', 'edge', 'minimize', 'line']"
limitation_n,"['restriction', 'limit', 'limiting', 'restrictions', 'constraint', 'limitations', 'prescription', 'limits', 'prescribing', 'curtailment', 'control', 'restraint', 'constraints', 'limiter', 'limited', 'restrict', 'restricting', 'restricted', 'requirement', 'containment', 'reduction']"
linen_n,"['flax', 'laundry', 'lingerie', 'bedding', 'lin', 'linge', 'flaxseed', 'whatnot', 'linseed', 'clothing', 'cloth', 'lenin']"
link_n,"['liaison', 'linkage', 'relationship', 'connection', 'links', 'bind', 'nexus', 'bond', 'linking', 'lien', 'connect', 'tie', 'nol', 'liaise', 'linkages', 'enlace', 'binding', 'correlation', 'articulation', 'association', 'relation', 'bindings', '-link', 'conjunction', 'focal', 'connecting', 'interconnection', 'relate', ""'s-length"", 'linked', 'liaising', 'tying', 'ties', 'bonding', 'contact', 'hyperlink']"
liquid_n,"['liquids', 'fluid', 'liquide', 'fluids', 'cash', 'liquefied', 'net', 'watery', 'liquidates']"
literature_n,"['literary', 'documentation', 'documentary', 'publications', 'bibliography', 'doctrine', 'documents', 'bibliographic', 'munhak', 'literatures', 'documentaries', 'backgrounders', 'books', 'backgrounder', 'works']"
liver_n,"['hepatic', 'livers', 'foie']"
load_n,"['loading', 'upload', 'burden', 'charge', 'cargo', 'uploading', 'loaded', 'charging', 'loads', 'payload', 'instructs', 'vacuum', 'uploaded', 'burdens', 'carga', 'shipment', 'borne', 'uploads', 'weighing', 'onus', 'force', 'expense', 'workload', 'freight', 'loader', 'responsible']"
loan_n,"['loans', 'lending', 'ready', 'borrowing', 'credit', 'δάνειο', 'prepared', 'borrow', 'loaner', 'willing', 'debt', 'secondment', 'borrowings']"
local_n,"['premises', 'domestic', 'locally', 'local-level', 'places', 'municipal', 'locale', 'grass-roots', 'localities', 'indigenous', 'localized', 'accommodation', 'space', 'facilities', 'place', 'district', 'grassroots', 'local-', 'community-based', 'home-grown', 'regional', 'localised', 'locally-based']"
location_n,"['place', 'site', 'rental', 'localization', 'locator', 'locations', 'lease', 'siting', 'placement', 'venue', 'positioning', 'leasing', 'position', 'spot', 'locating', 'microfilm', 'localisation', 'tracing', 'locality', 'whereabouts', 'situation', 'held', 'rentals', 'emplacement', 'renting', 'campsite', 'lieu', 'rise', 'sites', 'hire', 'seat']"
Loch_n,"['hole', 'lough', 'lake']"
lock_n,"['lock-up', 'locking', 'latch', 'lockout', 'blockade', 'blocking', 'embargo', 'block', 'locks', 'lock-out', 'padlock', 'iock', 'lockdown', 'closure', 'close', 'keyhole', 'lok', 'sealing', 'cotter', 'closing', 'shutdown', 'sluice', 'blockage', 'locked', 'lock-down', 'latches', 'striker', 'lockup']"
locomotive_n,"['locomotives', 'lokomotiv', 'engine', 'powerhouse', 'tugboat']"
log_n,"['registry', 'logs', 'registration', 'register', 'logarithmic', 'logging', 'logarithm', 'record', 'login', 'logbook', 'roundwood', 'journal', 'connect', 'logon', 'registering', 'recording', 'records', 'entry', 'carnet']"
logic_n,"['logical', 'rationale', 'reasoning', 'sense', 'diagram', 'thinking', 'philosophy']"
longing_n,"['nostalgia', 'desire', 'homesickness', 'yearning']"
Lord_n,"['god', 'iord', 'lawd', 'seigneur', 'jesus', 'christ', 'lordy', 'mr', 'jeez', 'signore', 'liege', 'master', 'rabbo', 'scion', 'goodness']"
lordship_n,"['seigneury', 'seigneurie', 'highness', 'seigniory', 'holiness', 'honour', 'honor']"
lore_n,"['folklore', 'legend']"
lorry_n,"['truck', 'heavyweight']"
loss_n,"['losses', 'lost', 'losing', 'disappearance', 'damage', 'waste', 'depletion', 'wastage', 'casualties', 'prejudice', 'undoing', 'decline', 'lack', 'decrease', 'lose', 'defeat', 'leakage', 'forfeiture', 'doom', 'impoverishment']"
loudspeaker_n,"['speakerphone', 'speaker']"
lounge_n,"['salon', 'parlor', 'hall', 'parlour', 'cabaret', 'chamber', 'ballroom']"
loyalty_n,"['allegiance', 'fidelity', 'faithfulness', 'truthfulness', 'fairness', 'fealty', 'repeatability', 'trustworthiness', 'honesty', 'retention', 'faithful']"
lullaby_n,"['dodo', 'twinkle']"
lumen_n,"['ansi', 'lumens', 'light']"
lump_n,"['flat-rate', 'lump-sum', 'larva', 'lumpy', 'piece', 'ball']"
lung_n,"['pulmonary', 'lungs', 'dragon', 'dragons', 'ryong', 'respiratory', 'loong', 'loon', 'takashi', 'chest']"
lysis_n,"['lyse', 'lysed', 'plaque']"
machine_n,"['machinery', 'machines', '3-d', 'computer', 'typewriter', 'equipment', 'apparatus', 'delorean', 'team', 'jukebox', 'device', 'dh', 'appliance', 'machining', 'typescript', 'automatic', 'machine-gun']"
machinery_n,"['machines', 'mechanism', 'machine', 'mechanisms', 'mechanical', 'machine-building', 'equipment', 'apparatus', 'device', 'mechanically', 'engine']"
magistrate_n,"['judge', 'magistrates', 'magistrat', 'magistracy', 'instruction', 'judges', 'qadi', 'trial']"
maintenance_n,"['maintaining', 'maintain', 'alimony', 'upkeep', 'interview', 'preservation', 'conservation', 'servicing', 'repairs', 'retention', 'repair', 'maintained', 'continuation', 'keeping', 'peacekeeping', 'safeguarding', 'sustaining', 'entretien', 'peace-', 'maintien', 'serviceability', 'sustain', 'housekeeping', 'preserving', 'sustenance', 'continued', 'food', 'safeguard', 'upholding', 'preserve', 'retaining', 'sustainment']"
majority_n,"['bulk', 'most']"
malfunction_n,"['malfunctioning', 'dysfunction', 'failure', 'judgement', 'anomaly', 'abnormality', 'defect', 'fault']"
malt_n,"['scotch', 'malta', 'milkshake', 'malting', 'brewery', 'brasserie']"
management_n,"['managing', 'administration', 'managerial', 'manage', 'governance', 'administering', 'gestion', 'administrative', 'governing', 'managed', 'handling', 'stewardship', 'department', 'directorate', 'managers', 'mgmt', 'steering', 'direction', 'managment', 'leadership', 'manageability', 'admin', 'gestão', 'administered', 'control', 'beheer', 'manager', 'running', 'manages', 'sort', 'field']"
mane_n,"['mani', 'magne', 'clump']"
manner_n,"['way', 'mode', 'fashion', 'modalities', 'form', 'ways', 'method', 'means', 'mod', 'attitude', 'modality', 'shape', 'approach', 'order']"
manor_n,"['mansion', 'manoir']"
manual_n,"['handbook', 'manuel', 'manuals', 'manually', 'guide', 'textbook', 'guidebook', 'textbooks', 'book', 'toolkit', 'booklet', 'primer', 'hand', 'workbook', 'handbooks']"
manufacturer_n,"['builder', 'manufacturers', 'fabricator', 'producer', 'maker', 'constructor', 'publisher', 'manufacturing', 'manufacture', 'vendor']"
manufacturing_n,"['manufacture', 'fabrication', 'production', 'fabricator', 'industrialization', 'manufactures', 'manufacturers', 'fabricating', 'manufacturer', 'industry', 'mfg', 'producing', 'industrial', 'processing', 'making', 'manufactured', 'create']"
manuscript_n,"['manuscripts', 'autograph', 'handwritten', 'hand-written', 'scroll', 'looper']"
map_n,"['card', 'sheet', 'carte', 'maps', 'route', 'mapping', 'cards', 'marcia', 'wfp', 'leaf', 'pam', 'path', 'routing', 'mapâ', 'assign', 'cartographic', 'plan', 'chart', 'roadmap', 'magp', 'aap', 'allocate', 'ruta', 'mgp', 'campaign', 'postcard', 'magps', 'allocation', 'correspondence', 'ozp', 'cartography']"
marble_n,"['marbro', 'stone', 'marbled', 'keel', 'unmoved', 'plate']"
mare_n,"['maren', 'sea', 'mares', 'great', 'puddle', 'horse', 'seas', 'pond', 'pony']"
margin_n,"['marge', 'margins', 'room', 'leeway', 'scope', 'fringe', 'edge', 'headroom', 'padding', 'space', 'bordure', 'conjunction', 'marginalized', 'mark-up']"
mark_n,"['brand', 'trademark', 'marks', 'marc', 'marking', 'note', 'commemorate', 'celebrate', 'label', 'marque', 'marca', 'marka', 'sign', 'dials', 'brands', 'hallmark', 'dial', 'stamp', 'notes', 'score', 'marquez', 'branded', 'footprint', 'flag', 'signal', 'markka', 'markings', 'march', 'trademarks', 'imprint', 'land', 'dialing', 'marked', '-mark', 'marques', 'branding', 'soil', 'markup']"
marketing_n,"['commercialization', 'commercialisation', 'commercializing', 'go-to-market', 'tongyeong', 'market', 'sale', 'sales', 'merchandising', 'trading', 'commercialising', 'selling', 'marketability', 'trade', 'promotion', 'advertising', 'commercial']"
marquess_n,"['marquis', 'marquise', 'marqués']"
marriage_n,"['wedding', 'marriages', 'wedlock', 'marital', 'matrimony', 'matrimonial', 'married', 'marry', 'weddings', 'marriageable', 'couple']"
Marshal_n,"['sheriff', 'maréchal', 'mariscal', 'marshall', 'marschall', 'provost', 'mobilize', 'cfpm', 'lawman']"
mask_n,"['masks', 'masking', 'obscuration', 'masque', 'conceal', 'hide', 'disguise', 'obscure', 'disguises', 'skin', 'hides', 'masked', 'respirator', 'mascara']"
mass_n,"['massive', 'masse', 'weight', 'collective', 'estate', 'masses', 'large-scale', 'ground', 'comprehensive', 'destruction', 'bulk', 'mace', 'mass-scale', 'jamahiriya', 'messe', 'mass-', 'massachusetts', 'masa', 'forklift', 'misa']"
mast_n,"['pole', 'flagpole', 'masthead', '-having', 'mat', 'fattening']"
Master_n,"['maestro', 'captain', 'maître', 'pattern', 'counselor', 'teacher', 'masters', 'mistress', 'marse', 'padrone', 'director', 'main', 'sensei', 'capitán', 'teachers', 'mastery', 'dominus', 'amo', 'boss', 'principal', 'chief', 'sir', 'equipment', 'massa', 'lord', 'm.a.', 'dominate', 'ruler', 'grasp', 'sayed']"
match_n,"['game', 'matching', 'matches', 'coincide', 'coincidence', 'correspond', 'correspondence', 'equalize', 'confrontation', 'concordance', 'align', 'coupling', 'twinning', 'pairing', 'ballgame']"
mate_n,"['mattei', 'buddy', 'sister', 'pal', 'dude', 'companion', 'maté', 'man', 'comrade', 'mati', 'matti', 'friend', 'mateju', 'breed', 'guy', 'mating', 'bro', 'partner', 'checkmate', 'mateja', 'old', 'copulate', 'boyfriend', 'mat', 'boy', 'bridge', 'journeyman']"
material_n,"['materials', 'equipment', 'materiel', 'contents', 'physical', 'documents', 'substances', 'documentation', 'articles', 'tangible', 'substance', 'hardware', 'records', 'devices', 'substantive', 'information', 'papers', 'content', 'materialistic', 'document', 'texts']"
materialism_n,['materialist']
matrix_n,"['array', 'matric', 'matrices', 'parent', 'crosstab', 'grid', 'raster', 'table']"
matter_n,"['issue', 'question', 'subject', 'case', 'topic', 'affair', 'problem', 'item', 'point', 'regard', 'thing', 'matters', 'dossier', 'area', 'respect', 'theme', 'field', 'asia', 'aspect', 'issues', 'connection', 'file', 'incident']"
maturity_n,"['ripeness', 'mature', 'maturation', 'expiration', 'expiry', 'deadline', 'ripening', 'due', 'adulthood', 'timelines']"
Mayor_n,"['maire', 'mayors', 'bourgmestre', 'alcalde', 'governor', 'municipality']"
meal_n,"['meals', 'flour', 'soymeal', 'bonemeal', 'lunch', 'dinner', 'food', 'semolina', 'supper', 'catering', 'feast', 'dining', 'dinners', 'eating', 'feeding']"
meaning_n,"['sense', 'significance', 'direction', 'smell', 'senses', 'connotation', 'regard', 'feel', 'sens', 'meanings', 'feeling', 'importance', 'sinn', 'i.e.', 'definition', 'effect', 'means', 'respect']"
means_n,"['ways', 'mean', 'average', 'implies', 'way', 'media', 'medium', 'resources', 'pleas', 'methods', 'instruments', 'signifies', 'instrument', 'east', 'involves', 'tools', 'tool', 'entails', 'funds', 'designates', 'modes', 'avenues', 'method', 'represents', 'wherewithal', 'manner', 'approaches', 'channels', 'capacity', 'plea', 'facilities', 'is', 'mode', 'middle', 'measures', 'refers', 'translates', 'moyens', 'modalities', 'bias', 'medio', 'half', 'meaning', 'capabilities', 'midst']"
measure_n,"['extent', 'measuring', 'measurement', 'measures', 'μέτρο', 'action', 'step', 'degree', 'measured', 'assess', 'misura', 'gauge', 'evaluate', 'position', 'quantify', 'mesure', 'measurements', 'yardstick', 'indicator', 'move', 'far']"
measurement_n,"['measuring', 'measure', 'metering', 'extent', 'measures', 'measurements', 'action', 'measured', 'steps', 'degree', 'actions', 'assessment', 'evaluation', 'position', 'step', 'quantification', 'metrology', 'able', 'mesure', 'valuation']"
mechanism_n,"['machinery', 'mechanisms', 'facility', 'device', 'mécanisme', 'aprm', 'arrangement', 'system', 'nmwr', 'tool', 'instrument', 'scheme', 'nwm', 'process', 'gearbox', 'mecanismo']"
medal_n,"['medals', 'coin', 'médaille', 'medalist', 'medallion', 'medallist', 'decoration', 'wisam', 'locket', 'wissam', 'award']"
medallist_n,"['medalist', 'medal']"
medicine_n,"['medical', 'medicines', 'médecine', 'drug', 'drugs', 'medicina', 'medication', 'medizin', 'medications', 'cure', 'pharmaceutical', 'physician', 'medicinal', 'physicians', 'pharmaceuticals']"
meeting_n,"['sitting', 'session', 'meetings', 'conference', 'réunion', 'assembly', 'gathering', 'meet', 'hon', 'collection', 'event', 'plenary', 'briefing', 'meets', 'encounter', 'rencontre', 'part-session', 'wui', 'summit', 'conferences', 'rã', 'sesión', 'sessions', 'meetinggeneral', 'satisfaction', 'segment', 'mmeeting', 'respond', 'participants', 'encuentro', 'meting']"
member_n,"['members', 'states', 'membership', 'm.p.', 'state', 'mep', 'membre', 'membres', 'mp', 'μember', 'participant', 'limb', 'military', 'limbs', 'honourable', 'affiliated', 'mitglied']"
membership_n,"['composition', 'accession', 'members', 'member', 'affiliation', 'adherence', 'belonging', 'make-up', 'admission', 'organic', 'participation', 'adhesion', 'acceding', 'makeup', 'compositional', 'entry']"
memorabilia_n,"['memories', 'souvenirs', 'recollections', 'mementos']"
memorial_n,"['commemorative', 'monument', 'mémorial', 'memory', 'commemoration', 'remembrance', 'commemorate', 'souvenir', 'commemorating', 'memorials']"
memory_n,"['remembrance', 'memories', 'memoria', 'factum', 'mémoire', 'souvenir', 'memorandum', 'memorial', 'recollection', 'brief', 'memento', 'mem', 'submission', 'report', 'dissertation', 'memoir', 'thesis', 'keepsake', 'souvenirs', 'commemoration', 'mind']"
merchant_n,"['marchand', 'trader', 'merchants', 'merchantable', 'dealer', 'dealers', 'shopkeeper', 'mercantile', 'businessmen', 'market', 'tradesman', 'businessman', 'peddler', 'trade', 'shipping']"
merger_n,"['fusion', 'amalgamation', 'mergers', 'melting', 'merging', 'merge', 'smelting', 'amalgamations', 'concentration', 'merged', 'consolidation', 'conflation', 'concentrations', 'combined', 'registry', 'integration', 'melding', 'reintegration', 'unification', 'meltdown', 'consolidated', 'fusing']"
meridian_n,"['meridien', 'meridional']"
merit_n,"['deserves', 'deserve', 'mérite', 'merits', 'deserved', 'credit', 'virtue', 'advantage', 'deserving', 'value', 'merited']"
message_n,"['messages', 'signal', 'letter', 'messaging', 'msg', 'information', 'prompt', 'communication', 'sign']"
metal_n,"['metals', 'metallic', 'métal', 'mineral', 'metallurgy', 'metallurgical', 'smithery', 'base-metal', 'mittal', 'minerals']"
method_n,"['methodology', 'approach', 'methods', 'way', 'mode', 'procedure', 'technique', 'manner', 'means', 'methodologies', 'ways', 'modality', 'modalities', 'fashion']"
methyl_n,"['bromide', 'methyl-', 'dimethyl']"
metre_n,"['metres', 'metro', 'meter', 'meters', 'm', 'feet', 'yards', 'cube']"
microcosm_n,"['epitome', 'miniature']"
microprocessor_n,"['microchip', 'chip']"
microscope_n,"['microscopy', 'microscopic']"
mile_n,"['milla', 'miss', 'kilometre', 'naked', 'miles', 'mileage', 'thousand', 'km', 'mademoiselle', 'demille', 'mel', 'mille']"
mill_n,"['moulin', 'plant', 'factory', 'sawmill', 'windmill', 'mills', 'plants', 'usine', 'manufactures', 'grinder', 'fabrique', 'bailer', 'steelworks', 'facility', 'factories', 'moulins']"
miller_n,"['miiler', 'mailer', 'meunier', 'mueller']"
millionaire_n,"['billionaire', 'annuitant']"
min_n,"['my', 'minutes', 'min.', 'mn', 'minute', 'mins', 'secretary-', 'minimum']"
mind_n,"['spirit', 'account', 'present', 'head', 'bother', 'view', 'opinion', 'minds', 'esprit', 'consideration', 'brain', 'bothers', 'thinking', 'wit', 'soul', 'aql', 'memory', 'mentality', 'vein', 'cont', 'thought']"
miner_n,"['miners', 'minor', 'mining']"
mineral_n,"['minerals', 'mining', 'ore', 'ores', 'fossil', 'metal', 'metallurgical', 'minière', 'mine', 'metals', 'metallic']"
minimum_n,"['minimal', 'lowest', 'minima', 'least', 'modicum', 'insignificant', 'floor', 'less', 'threshold', 'min', 'low', 'minimalist', 'minimale']"
mining_n,"['extraction', 'mineral', 'mines', 'minière', 'mine', 'minera', 'extractive', 'exploitation', 'extracting', 'retrieval', 'miners', 'landmines', 'exploration', 'miner', 'removal', 'extract']"
minister_n,"['secretary', 'ministre', 'ministers', 'minster', 'ministry', 'ministro', 'chief', 'ministerial', 'chairman', 'head', 'ministra', 'president', 'department']"
ministry_n,"['department', 'ministerio', 'ministère', 'prosecutor', 'minister', 'ministero', 'ministerie', 'ministries', 'ministerium', 'departmental', 'министерство', 'dept.', 'mup', 'office', 'cabinet', 'dept', 'departments', 'υπουργείο', 'υπουργείου', 'mcfdf', 'minisztérium', 'secretariat']"
minority_n,['minorities']
minute_n,"['minutes', 'moment', 'unamet', 'one-minute', 'min', 'sec', 'little', 'second', 'time', 'tiny', 'accurate', 'delicate', 'instant', 'perc']"
miracle_n,"['miracles', 'wonder', 'miraculous', 'quick-fix', 'prodigy', 'marvel']"
misery_n,"['destitution', 'suffering', 'squalor', 'poverty', 'pittance', 'misfortune', 'distress', 'plight', 'wretchedness', 'hardship', 'deprivation', 'pain', 'unhappiness', 'penury', 'poverty-level', 'trifle', 'wretched', 'breadline', 'woe']"
missile_n,"['missiles', 'rocket', 'rockets', 'anti-missile', 'antimissile', 'guided-missile', 'shells', 'projectiles', 'rpgs', 'truncheon', 'ballistic']"
mission_n,"['missions', 'ffm', 'task', 'mandate', 'assignment', 'unmik', 'unamir', 'misión', 'monuc', 'cyl', 'delegation', 'minurso', 'unomig', 'unmibh', 'tasks', 'unamsil', 'unmee', 'minugua', 'remit', 'visit', 'unomil', 'engagement', 'unmot', 'minurca', 'micivih', 'unikom', 'unmop', 'regiment', 'monua', 'misab', 'mission-', 'mandates', 'job']"
mixture_n,"['mixing', 'mix', 'blend', 'blending', 'melange', 'mixtures', 'combination', 'admixture', 'mixed', 'blended', 'intermingling', 'shuffle', 'mixes', 'coupage', 'blends', 'mélanges', 'mingling', 'amalgam', 'cocktail', 'intermixing']"
mobility_n,"['mobilité', 'movement', 'mobile', 'portability', 'motility']"
mode_n,"['way', 'manner', 'fashion', 'modes', 'method', 'modality', 'pattern', 'so', 'ways', 'modus', 'modo', 'modalities', 'how', 'model', 'patterns', 'means', 'token', 'order', 'form', 'directions']"
model_n,"['models', 'template', 'type', 'modelo', 'pattern', 'paradigm', 'specimen', 'types', 'modelling', 'guy', 'modèle', 'design', 'mock-up', 'modeling', 'format', 'demonstration', 'blueprint', 'sample', 'example', 'modelled', 'paragon', 'kind', 'patterns', 'mode', 'standard', 'exemplary', 'pilot', 'templates', 'manikin', 'dummy']"
moderation_n,"['restraint', 'self-restraint', 'moderate']"
modification_n,"['amendment', 'change', 'modifying', 'alteration', 'modified', 'modify', 'amend', 'amending', 'modifications', 'amendments', 'changes', 'amended', 'changing', 'revision', 'variation', 'altering']"
module_n,"['modulus', 'modules', 'cluster', 'pod', 'blade', 'module-level', 'package', 'modulo', 'unit']"
molecule_n,['molecules']
moment_n,"['time', 'minute', 'juncture', 'present', 'point', 'instant', 'timing', 'stage', 'hour', 'moments', 'times', 'occasion', 'today', 'current', 'date']"
monarchy_n,"['royal', 'property', 'ownership', 'royalist', 'monarch']"
monitoring_n,"['surveillance', 'oversight', 'follow-up', 'supervision', 'monitor', 'control', 'supervisory', 'tracking', 'monitored', 'vigilance', 'overseeing', 'observation', 'supervising', 'followed', 'scrutiny', 'controlling', 'watch', 'inspection', 'oversee', 'watchdog', 'track', 'supervise', 'followup', 'follow', 'monitors', 'controls', 'suivi', 'observing', 'screening', 'check', 'supervisor', 'comment', 'verification', 'checking']"
monopoly_n,"['monopolies', 'monopolistic', 'monopolization', 'monopole', 'monopolist', 'demonopolization', 'monopolisation', 'anti-monopoly']"
monoxide_n,"['oxide', 'nitric']"
monster_n,"['freak', 'fiend', 'beast', 'monstrosity', 'monsters', 'creature', 'kraken', 'filth', 'creep', 'geek', 'boogeyman']"
mood_n,"['humour', 'atmosphere', 'sentiment', 'humor', 'ambiance', 'ambience', 'temper', 'climate', 'vibe', 'spirit']"
moor_n,['moorish']
moralist_n,['sanctimonious']
moron_n,"['idiot', 'jackass', 'jerk', 'fool', 'dumbass', 'butthead', 'dumb-ass', 'stupid', 'cretin', 'asshole', 'douche', 'chump', 'imbecile', 'dork', 'ass-wipe', 'knucklehead', 'dimwit', 'ldiot', 'dummy', 'dunce', 'dumb', 'schmuck', 'retard', 'sucker', 'cuttle-head', 'punk', 'shithead', 'dickhead', 'doofus', 'jabrone', 'prick', 'silly', 'schnook', 'dopey', 'blockhead', 'moronic']"
mortality_n,"['death', 'deaths', 'fatality', 'mortalidad', 'die-off', 'mortalities']"
mortgage_n,"['mortgages', 'hypothec', 'hkmc', 'subprime']"
motel_n,"['motels', 'hotel']"
motion_n,"['proposal', 'motions', 'movement', 'move', 'request', 'point', 'proposed', 'suggestion', 'resolution', 'mouvement', 'application', 'proposition', 'petition', 'gang', 'proposals']"
motivation_n,"['motive', 'motivational', 'motivations', 'incentive', 'motivator', 'motivated', 'motivating', 'reasoning', 'reason', 'reasons', 'impetus', 'rationale']"
motive_n,"['motivation', 'mobile', 'reason', 'ground', 'incentive', 'motif']"
motor_n,"['engine', 'power-driven', 'automobiles', 'automobile', 'automotive', 'motorized', 'car', 'auto', 'engines', 'motors', 'driving', 'cars', 'vehicle', 'self-propelled', 'motorised', 'driver']"
motto_n,"['slogan', 'watchword', 'currency', 'tagline', 'lema', 'bike', 'catchphrase', 'motorcycle', 'watchwords', 'theme', 'leitmotif', 'maxim', 'mantra', 'credo', 'leitmotiv', 'banner', 'catchword']"
mountaineering_n,"['climbing', 'hiking']"
move_n,"['mover', 'movement', 'moving', 'step', 'motion', 'relocate', 'go', 'moves', 'relocation', 'scroll', 'transfer', 'transition', 'gesture', 'displace', 'shift', 'proceed', 'moved', 'circular', 'travel', 'advance', 'pass', 'evolve', 'budge', 'migrate', 'displacement', 'propose', 'passage', 'circulate', 'action', 'measure', 'navigate', 'initiative', 'spend', 'wiggle']"
movement_n,"['circulation', 'movements', 'mouvement', 'move', 'displacement', 'movimiento', 'traffic', 'flow', 'motion', 'mobility', 'campaign', 'gam', 'movimento', 'travel', 'mobile', 'campaigns', 'transaction', 'moving', 'nam', 'transport', 'sports', 'flows', 'displacements', 'relocation', 'ismun', 'transfer', 'shift', 'trend']"
MP_n,"['m.p.', 'pm', 'megapixel', 'congressman', 'deputy', 'pms', 'member', 'mep', 'megapixels', 'député', 'mla', 'm.p', 'pd', 'vice', 'ncs', 'attorney', 'rep.', 'parliamentarian', 'parliamentary', 'gbo', 'bft', 'multiprocessor']"
MR_n,"['mr.', 'sir', 'madam', 'mrs', 'm.', 'herr', 'señor', 'monsieur', 'dl', 'mister', 'honourable', 'ladies', 'pan', 'colleague', 'hr', 'signor', 'dr.', 'commissioner', 'lord', 'gentleman', 'naps', 'nap', 'elmar', '-mr', 'hannes', 'jean-claude', 'j.', 'klaus-heiner', 'senhor', 'hans-gert', 'javier', 'othmar', 'reimer', 'bernd', 'messrs', 'sr.', 'karl-heinz', 'g.', 'janusz', 'georg', 'rh', 'guido', 'herman', 'bastiaan', 'mm.', 'olli', 'hartmut', 'günter', 'herrn', 'christofer', 'nikiforos', 'proinsias', 'stavros', 'ncm', 'romano']"
MS_n,"['ms.', 'mrs', 'mrs.', 'sp', 'madam', 'msec', 'emm', 'miss', 'sm', 'lijuan', 'sclerosis', 'mme', 'mlle', 'milliseconds', 'sep', 'madame', 'luciana', 'm.s.', 'dm', 'mairead', 'jade', 'pr', 'anneli', 'emms', 'fs']"
muck_n,"['mud', 'overburden', 'sludge', 'vase', 'slurry', 'peat']"
mucous_n,"['mucus', 'mucosa', 'mucosal', 'slime', 'phlegm', 'lining']"
mud_n,"['sludge', 'slurry', 'nai', 'muck', 'dirt', 'vase', 'silt', 'ooze', 'mire', 'mudslide', 'muddy', 'slime', 'sludges', 'lama', 'iml', 'clay', 'gutter']"
mummy_n,"['mom', 'mommy', 'mama', 'mum', 'mamma', 'mother', 'mammy', 'ma', 'momma']"
murder_n,"['assassination', 'killing', 'homicide', 'murders', 'killed', 'manslaughter', 'kill', 'assassinate', 'killings', 'slaying', 'murderer', 'death', 'crime', 'shooting']"
muscle_n,"['muscular', 'muscles', 'dorsi', 'brawn', 'heeling', 'musculature', 'primal']"
mystery_n,"['mysterious', 'mystère', 'riddle', 'enigma', 'puzzle', 'ambiguity', 'secret', 'vagueness', 'mystique', 'conundrum', 'obscurity', 'secrecy']"
myth_n,"['mito', 'mythe', 'mythology', 'myths', 'legend', 'mythic', 'mythical', 'fable']"
nail_n,"['fingernail', 'hock', 'ferocity', 'chlorine', 'stud']"
nationalist_n,"['nationalistic', 'nationalism', 'nacionalista', 'nationalistes', 'nationaliste', 'national']"
navigation_n,"['navigational', 'shipping', 'navi', 'browsing', 'boating', 'waterway', 'navigating', 'sailing', 'radionavigation', 'exploration', 'navigator', 'waterways', 'navigate', 'surfing', 'navigazione', 'scan', 'browse', 'crawling', 'browser', 'trail', 'radio-navigation']"
navigator_n,"['browser', 'navigation', 'navi', 'explorer', 'mariner']"
navy_n,"['marine', 'naval', 'marina', 'maritime', 'navies', 'fleet', 'armada', 'armed', 'sea', 'marines']"
necessity_n,"['need', 'necessary', 'imperative', 'requirement']"
neck_n,"['cuello', 'cou', 'eoc', 'throat', 'col', 'necklace', 'collar', 'collier', 'boca', 'skin', 'cervix']"
need_n,"['necessity', 'require', 'necessary', 'needs', 'needed', 'required', 'requirement', 'importance', 'requires', 'imperative', 'demand', 'besoin', 'requirements', 'gotta']"
needle_n,"['syringe', 'semi-sparkling', 'needles', 'pointer', 'filament', 'leaf', 'foliar', 'pin']"
negotiation_n,"['negotiating', 'bargaining', 'negotiations', 'negotiate', 'bargain', 'négociation', 'negotiated', 'talks', 'trading']"
negro_n,"['nigger', 'black', 'nigga', 'dark', 'noir']"
nerve_n,"['neurotoxic', 'nervous', 'courage', 'jumpy', 'neural', 'nervosa', 'toupee', 'audacity', 'gall', 'cheek', 'butt', 'pellet', 'cap', 'temper', 'chord']"
nest_n,"['nesting', 'nests', 'nid', 'breed', 'foxhole', 'breeding', 'niche', 'nestling', 'redd', 'doghouse', 'mountaintop', 'pid', 'nested', 'nld']"
net_n,"['neto', 'tenderloin', 'network', 'safi', 'neta', 'even', 'fle', 'fillet', 'clear', 'clean', 'liquid', 'wisp', 'just', 'netback', 'filet', 'sharp', 'marked', 'nets', 'netting', '.net', 'internet', 'web', 'distinct', 'safia', 'deduction']"
network_n,"['networks', 'red', 'réseau', 'networking', 'grid', 'system', 'net', 'lattice', 'web', 'networked', 'rede', 'dwan', 'internet', 'speech', 'bucket', 'nets', 'fcn', 'mains', 'cyber', 'adr', 'arraynear']"
networking_n,"['networks', 'network', 'interconnection', 'networked', 'network-building', 'nets', 'concatenation']"
nightmare_n,"['cabos', 'dream', 'bane']"
node_n,"['nodes', 'knot', 'ganglion', 'crux', 'nodal', 'noose']"
none_n,"['nil', 'no', 'zero', 'any', 'nothing', 'nobody', 'nothingness', 'no-one', '0', 'anything']"
nonsense_n,"['absurd', 'absurdity', 'rubbish', 'nonsensical', 'disparate', 'stupidity', 'balderdash', 'codswallop', 'ridiculous', 'poppycock', 'foolishness', 'preposterous', 'folly', 'bullshit', 'senseless', 'fiddlesticks', 'foolish', 'claptrap', 'insane']"
norm_n,"['standard', 'mnr', 'norma', 'rule', '-norm', 'standards', 'rules', 'normand', 'nrm', 'norme', 'al-qaeda']"
north_n,"['northern', 'nord', 'norte', 'northerly', 'northward', 'ireland', 'noord', 'norden', 'nordic', 'north-', 'pyongyang', 'upstate', 'al-shamal', 'pak', 'norr', 'shamal', 'n']"
note_n,"['notes', 'footnote', 'memo', 'noted', 'score', 'mark', 'nota', 'memorandum', 'remark', 'act', 'observe', 'annotation', 'notice', 'endnote', 'noteworthy', 'comment', 'ticket', 'noting', 'rating', 'anote', 'observes', 'observation', 'marks', 'attention', 'n.b.', 'see']"
notice_n,"['opinion', 'notices', 'notification', 'view', 'advice', 'opinions', 'advisories', 'biographical', 'announcement', 'notify', 'avis', 'warning', 'inform', 'informed', 'notifications', 'aviso', 'views', 'announcements', 'notified', ""'avis"", 'note', 'communication', 'circular', 'advertisement', 'reminder', 'poster', 'advisory', 'believe']"
notion_n,"['concept', 'idea', 'concepts', 'term', 'conception', 'principle']"
novel_n,"['roman', 'new', 'innovative', 'fiction', 'romanesque', 'romance', 'unpublished', 'unpubl.']"
nursery_n,"['incubator', 'sowers', 'maternal', 'kindergarten', 'nurseries', 'incubators', 'crèche', 'pre-school', 'rearing', 'day-care', 'daycare', 'preschool', 'pre-primary', 'childcare', 'kindergartens', 'seedbed']"
nursing_n,"['nurses', 'nurse', 'nursing-care', 'lactating', 'corpsman', 'breastfeeding', 'medic', 'care', 'infirmary', 'lactation', 'breast-feeding', 'suckler', 'conservation']"
nut_n,"['sleeved', 'nuts', 'nout', 'noix', 'walnuts', 'locknut', 'bolt', 'self-locking', 'walnut']"
oak_n,"['chêne', 'oaks', 'shumard', 'fiddle']"
objection_n,"['opposition', 'objections', 'object', 'oppose', 'intercept', 'opposing', 'contrast', 'exception', 'opposes', 'interception', 'protest', 'opposed']"
objective_n,"['goal', 'aim', 'target', 'purpose', 'objectives', 'goals', 'objectivity', 'targets', 'lens', 'objectively', 'object', 'substantive', 'aims', 'intent', 'ziel', 'factual', 'end', 'intention', 'unbiased', 'objectif', 'focus', 'obiettivo', 'ambition', 'intended', 'purposes', 'strict', 'impartial', 'order']"
obligation_n,"['duty', 'obligations', 'requirement', 'commitment', 'obliged', 'compulsory', 'responsibility', ""'obligation"", 'liability', 'required', 'onus', 'bond', 'mandatory', 'duties', 'requirements']"
observation_n,"['comment', 'observer', 'observing', 'remark', 'observational', 'compliance', 'observations', 'monitoring', 'observe', 'point', 'viewing', 'comments', 'oversight', ""'observation"", 'surveillance', 'sighting', 'observance', 'note', 'watch', 'finding']"
observer_n,"['observers', 'observation', 'observing', 'observateur', 'observant', 'observational', 'observe', 'spotter', 'monitors', 'comment', 'granting', 'otorgamiento', 'watcher', 'oversight', 'compliance']"
occasion_n,"['opportunity', 'chance', 'time', 'appropriate', 'event', 'reason', ""'occasion"", 'moment', 'case', 'connection']"
occupation_n,"['occupancy', 'occupying', 'profession', 'occupied', 'tenure', 'occupations', 'occupational', 'occupy', 'moc', 'vocational', 'employment', 'reoccupation', 'incumbency', 'kuwait', 'professions']"
odds_n,"['probabilities', 'chances', 'ratings', 'likelihood', 'adversities', 'scores']"
odour_n,"['smell', 'scent', 'odor', 'olfactory', 'smells', 'stench', 'whiff', 'stink', 'aroma']"
offence_n,"['crime', 'offences', 'infringement', 'offense', 'infraction', 'crimes', 'breach', 'violation', 'contravention', 'misdemeanour', 'delito', 'felony', 'misdemeanor', 'affront', 'criminal', 'insult', 'délit', 'delict']"
offender_n,"['offenders', 'infringer', 'violator', 'perpetrator', 'delincuente', 'aggressor', 'delinquent', 'wrongdoer', 'delinquents', 'author', 'criminals', 'inmate', 'guilty', 'abuser', 'reo', 'assailant', 'criminal', 'attacker']"
offer_n,"['provide', 'offers', 'offering', 'supply', 'deliver', 'provides', 'give', 'propose', 'providing', 'tender', 'bid', 'offered', 'provision', 'quotation', 'delivers', 'proposal', 'delivering', 'provided', 'submit']"
office_n,"['bureau', 'agency', 'offices', 'room', 'desk', 'cabinet', 'officers', 'suite', 'oficina', 'ofﬁce', 'board', 'ufficio', 'oﬃce', 'clerical', 'unhcr', 'bureaux', 'service', 'department', ""'office"", 'functions', 'oios', 'officio', 'ohchr', 'ministry', 'hivatal', 'tn', 'unops', 'post', 'mandate', 'ohim', 'opc', 'defensoría', 'hall', 'firm', 'charge', 'ohmi', 'commissariat']"
Officer_n,"['agent', 'official', 'officers', 'specialist', 'officer-in-charge', 'personnel', 'director', 'formal', 'agents', 'oficial', 'officier', 'staff', 'policeman', 'administrator', 'officership', 'employee', 'servant', 'officials', 'constable', 'patrolman', 'leader']"
official_n,"['formal', 'officer', 'journal', 'officially', 'officers', 'formally', 'oficial', 'officials', 'officiel', 'public', 'ufficiale', 'officielle', 'officielles', 'formalized', 'offical', 'solemn', 'agent', 'oficiales', 'crown', 'statutory', 'state-run', 'newspaper', 'authoritative', 'diary', 'responsible', 'servant', 'languages', 'employee']"
oil_n,"['petroleum', 'yau', 'fluid', 'oils', 'hydrocarbons', 'petrol', 'crude', 'huile', 'naphtha', 'hydrocarbon', 'zeit', 'tanker', 'fuel', 'oil-', 'olie', 'olive', 'lubrication', 'petroleo', 'tar', 'bituminous', 'nafta', 'aweil', 'soyoil']"
olympic_n,"['olympics', 'olympique', 'olympiad', 'ioc', 'olympians']"
omen_n,"['portent', 'harbinger', 'sign', 'curse']"
onto_n,"['on', 'in']"
opening_n,"['openness', 'introductory', 'open', 'inaugural', 'opening-up', 'commencement', 'aperture', 'fatah', 'inauguration', 'initiation', 'unlock', 'opened', 'opener', 'ouverture', 'start', 'beginning', 'initial', 'opens', 'overture', 'launch', 'keynote', 'preliminary', 'paving', 'editorial', 'reopening', 'launching', 'fath', 'liberalisation']"
opera_n,"['opéra', 'oprah', 'oper', 'drama', 'dramas', 'operatic', 'theater']"
operating_n,"['operational', 'operation', 'functioning', 'exploitation', 'operations', 'working', 'running', 'operate', 'business', 'operand', 'operandi', 'operative', 'operator', 'function', 'exploitative', 'acting', 'trading']"
operation_n,"['functioning', 'operations', 'exploitation', 'transaction', 'operating', 'operational', 'surgery', 'operate', 'action', 'process', 'function', 'opération', 'running', 'transactions', 'exercise', 'actions', 'activity', 'practical', 'op', 'implementation', ""'exploitation"", 'activities', 'use', 'work', 'business', 'operated', 'application']"
operator_n,"['operators', 'trader', 'manager', 'driver', 'exploiter', 'carrier', 'harvester', 'farmer', 'licensee', 'attendant', 'operating', 'player', 'exhibitor', 'boatmaster', 'organizer', 'exploitative', 'contractor', 'administrator']"
opponent_n,"['adversary', 'objector', 'rival', 'enemy', 'opposition', 'opposer', 'foe', 'competitor']"
opportunity_n,"['chance', 'occasion', 'possibility', 'opportunities', 'luck', 'chances', 'timeliness', 'option', 'advisability', 'desirability', 'possibilities', 'potential', ""'occasion"", 'appropriateness', 'ability', 'time', 'likelihood', 'feasibility', 'prospect', 'connection']"
opposition_n,"['objection', 'opposing', 'opposer', 'resistance', 'uto', 'contrast', 'oppose', 'opponent', 'dissent', 'exhibitions', 'opposed', 'rejection', 'opposes', 'fairs', 'disagreement']"
option_n,"['choice', 'variant', 'alternative', 'possibility', 'options', 'solution', 'opportunity', 'setting', 'choices', 'optional', 'faculty', 'election', 'chance', 'selection', 'alternatives']"
orchard_n,"['verger', 'orchards', 'grove', 'garden']"
orchestra_n,"['orchestre', 'band', 'philharmonic', 'orchestras', 'symphony', 'ensemble', 'symphonic', 'conductor']"
order_n,"['end', 'orden', 'decree', 'orders', 'ordre', 'purpose', 'prescription', ""'ordre"", 'warrant', 'ordering', 'view', 'ordinance', 'sequence', 'arrested', 'aim', 'order-in-council', 'injunction', ""'ordonnance"", 'ordonnance', 'adopted', 'request', 'fin', 'sort', 'way', 'providencia', 'procedure', 'object', 'goal', 'reorder', 'condemn', 'sight', 'command', 'manner', 'behest', 'po', 'décret', 'decision', 'mode', 'coven', 'objective', 'nature']"
organ_n,"['body', 'organs', 'bodies', 'agencies', 'institutions']"
organisation_n,"['organization', 'organising', 'united', 'organisations', 'organização', 'organizations', 'organizational', 'agency', 'body', ""'organisation"", 'organise', 'organizing', 'organisational', 'organize']"
organiser_n,"['organizer', 'organizing', 'convener', 'organising', 'promoter', 'convenor']"
organism_n,"['microorganism', 'agency', 'body', 'organization', 'micro-organism', 'bacterium']"
organization_n,"['organisation', 'organizations', 'organizational', 'united', 'organizing', 'agency', 'body', 'organize', 'organized', 'organism', ""'organisation"", 'organización', 'organising', 'organisational', 'organisations', 'arrangements', 'organise', 'org', 'institution', 'arrangement', 'opcw', 'holding', 'convening', 'arranging', 'bodies', 'structure', 'charity']"
orgasm_n,"['orgasmic', 'climax', 'hump']"
orgy_n,"['overflow', 'binge']"
origin_n,"['source', 'origins', 'original', 'descent', ""'origine"", 'provenance', 'originating', 'origine', 'origen', 'root', 'ancestry', 'home', 'background', 'backgrounds', 'rise', 'genesis', 'cause', 'sources', 'originated', 'indigenous', 'roots', 'originate', 'responsible', 'originator']"
ounce_n,"['eleven', 'gram', 'oz', 'troy', 'jot', 'shred']"
outcome_n,"['result', 'results', 'outcomes', 'final', 'findings', 'conclusions', 'output', 'end', 'conclusion', 'adjournment', 'achievement', 'achievements', 'culmination', 'upshot', 'résultat', 'concluding', 'performance', 'outturn', 'score', 'fruit', 'consequence', 'finding', 'fruits']"
outline_n,"['schema', 'describe', 'overview', 'contour', 'esquisse', 'summary', 'scheme', 'sketch', 'schematic', 'description', 'indicate', 'outlines', 'expose', 'blueprint', 'plan']"
output_n,"['exit', 'production', 'outlet', 'outbound', 'product', 'egress', 'departure', 'outputs', 'salida', 'outgoing', 'outcome', 'result', 'secondary', 'results', 'outflow', 'out', 'proceeds', 'outward', 'producing', 'produce', 'performance', 'generation', 'products', 'productivity', 'outcomes', 'yield']"
oversight_n,"['monitoring', 'supervision', 'control', 'supervisory', 'surveillance', 'supervising', 'monitor', 'overseeing', 'censorship', 'supervise', 'scrutiny', 'controls', 'controlling', 'observation', 'inspection', 'screening', 'oversee', 'omission', 'supervised', 'watchdog', 'contrôle', 'observer', 'authority', 'checking', 'monitored']"
owl_n,"['nightjar', 'chouette', 'nice', 'owls', 'neat', 'swell', 'burrow', 'burrowing']"
owner_n,"['landlord', 'proprietor', 'holder', 'owners', 'homeowner', 'landowner', 'malik', 'proprietary', 'ownership', 'landlady', 'incumbent', 'shipowner', 'permittee', 'malek', 'owning', 'proprietorship', 'shipowners', 'licensee', 'lessor', 'owns', 'boss', 'cardholder', 'proprietors', 'possessor']"
ownership_n,"['property', 'owner', 'possession', 'title', 'appropriation', 'owned', 'royal', 'propriété', 'owners', 'tenure', 'monarchy', 'propiedad', 'holder', 'control', 'proprietary', 'proprietor']"
oxygen_n,"['o2', 'heated', 'oxygenation']"
pace_n,"['rhythm', 'tempo', 'rate', ""'apce"", 'speed', 'cadence', 'pacing', 'momentum', 'step', 'beat', 'capc', 'peace']"
pack_n,"['packet', 'package', 'six-pack', 'platoon', 'packs', 'bag', 'packaging', 'bundle', 'posse', 'packets', 'paquet', 'packages', 'packing', 'purse']"
package_n,"['packet', 'pack', 'kit', 'paquet', 'packaging', 'bundle', 'packages', 'parcel', 'parcels', 'set', 'packets', 'envelope', 'packing', 'module', 'toolkit', 'whole', 'bunch', 'shitload', 'together', 'encapsulated', 'packagings', 'suite', 'encapsulation', 'series', 'programme', 'stack']"
packet_n,"['package', 'packets', 'pack', 'packages', 'bundle', 'packs', 'bundles', 'parcel', 'stack', 'suite', 'packaged']"
pair_n,"['pairs', 'couple', 'torque', 'peers', 'couples', 'by', 'doublet', 'pares']"
palace_n,"['palais', 'qasr', 'palacio', 'minors', 'palazzo', 'palate', 'kasr', 'temple', 'rapture', 'palaces', 'mansion', 'penthouse']"
pallet_n,"['pallets', 'palette', 'paddles', 'palletized', 'range']"
palm_n,"['palma', 'palme', 'palmrest', 'palmas']"
panel_n,"['pane', 'group', 'committee', 'dashboard', 'team', 'screen', 'roundtable', 'commission', 'panels', 'table', 'pad', 'goe', 'board', 'task', 'grupo', 'round-table', 'stencil', 'jury', 'display', 'groups', 'groupe']"
panic_n,"['panics', 'scare', 'alarm', 'scaremongering', 'panicked', 'fear', 'freak', 'terror', 'horror']"
parade_n,"['procession', 'eaton', 'pageant', 'processions', 'paraded', 'wheel', 'parry', 'motorcade']"
paragraph_n,"['subsection', 'subparagraph', 'para', 'sub-paragraph', 'paragraphs', 'point', 'section', 'paragrafo', 'paragraphe', 'subitem', 'absatz', 'subrule', 'item', 'clause', 'subclause', '§', 'sub-section', 'article', 'duan', 'op', 'sub-item', 'subregulation', 'para.', 'paragaph']"
parameter_n,"['parameters', 'endpoint', 'parametric', 'watermark', 'benchmark', 'setting', 'benchmarks']"
pardon_n,"['amnesty', 'pardons', 'forgiveness', 'clemency', 'forgive', 'rehabilitation', 'grace', 'excuse', 'sorry', 'gracia', 'mercy', 'thanks', 'reprieve', 'pardoning']"
parish_n,"['paroisse', 'chapel', 'barish', 'parochial', 'congregation', 'church', 'diocese', 'priesthood']"
parking_n,"['park', 'demurrage', 'berthing', 'stationing', 'parked', 'carpark', 'parkade', 'stopping']"
parliament_n,"['house', 'parliamentary', 'parliaments', 'chamber', 'parlement', 'ep', 'legislature', 'parlamento', 'parlamentu', 'assembly', 'parlament', 'riksdag']"
parole_n,"['probation', 'conditional', 'bail']"
participant_n,"['participating', 'participants', 'involved', 'attendee', 'panellist', 'co-venturer', 'member', 'participation', 'entrant', 'engaged', 'player']"
participation_n,"['involvement', 'participate', 'engagement', 'participating', 'attendance', 'turnout', 'participatory', 'input', 'involved', 'share', 'contribution', 'participated', 'participación', 'turn-out', 'take-up', 'engaging', 'membership', 'participant', 'engage', 'involve', 'presence', 'inclusion', 'co-determination', 'part']"
particle_n,"['particulate', 'particles', 'particulates', 'pm', 'parcel', 'particleboard']"
partnership_n,"['partnerships', 'association', 'partnering', 'alliance', 'collaboration', 'partenariat', 'asociación', 'alianza', 'cooperation', 'partner', 'partners', 'collaborative', 'associations', 'partnered', 'concert', 'alliances', 'conjunction', 'cpf']"
passage_n,"['crossing', 'adoption', 'duct', 'pass', 'step', 'transition', 'changeover', 'passing', 'portion', 'safelane', 'change-over', 'passageway', 'transit', 'enactment', 'shift', 'promulgation', 'corridor', 'crossings', 'traffic', 'move', 'paso', 'switch-over']"
passion_n,"['enthusiasm', 'fervor', 'hobby', 'vehemence', 'love', 'fascination', 'emotion', 'mania', 'fervour']"
patch_n,"['patches', 'patching', 'stamp', 'revision', 'parcel', 'hotfix', 'stain', 'quick-fix', 'interconnect', 'stamps', 'review', 'stopgap', 'corrigendum']"
path_n,"['route', 'way', 'road', 'trajectory', 'paths', 'track', 'pathway', 'chemin', 'journey', 'map', 'keng', 'trail', 'routing', 'direction', 'drive', 'pathname', 'course', 'roads', 'camino', 'ruta', 'via', 'voie']"
patient_n,"['patients', 'patience', 'sick', 'ill', 'ailing']"
patriot_n,"['patriote', 'patriotic', 'patriotes', 'patriótica']"
pattern_n,"['boss', 'model', 'master', 'profile', 'trend', 'patterns', 'plan', 'tendency', 'patrón', 'mode', 'diagram', 'distribution', 'modality', 'structure', 'scheme', 'frame', 'schema', 'persistent', 'configuration', 'schematic', 'standard', 'guv', 'models', 'trends', 'curve']"
pause_n,"['break', 'pausing', 'pauses', 'paused', 'recess', 'lull', 'stop', 'interruption', 'hiatus']"
pavement_n,"['sidewalk', 'footpath', 'carriageway', 'roadway', 'coating', 'paving', 'asphalt', 'causeway', 'pedestrian', 'squamous', 'walkway', 'coatings', 'curb', 'boardwalk', 'bitumen']"
pay_n,"['remuneration', 'wage', 'salary', 'payment', 'payroll', 'compensation', 'paying', 'wages', 'paid', 'pays', 'salaries', 'earnings', 'emoluments', 'repay', 'paycheck', 'balance', 'remit', 'give', 'afford', 'payable', 'provide', 'devote', 'loon', 'lend', 'buy', 'foot', 'make', 'reimburse', 'payments', 'cover', 'defray', 'grant', 'disburse', 'treatment']"
payment_n,"['payments', 'pay', 'paying', 'pmt', 'paid', 'remittance', 'pago', 'disbursement', 'remitting', 'entitlement', 'payout', 'repayment', 'kim', 'reimbursement', 'remuneration', 'instalment', 'installment', 'amount', 'fee-paying', 'compensation', 'checkout', 'non-payment', 'disbursements']"
peace_n,"['peaceful', 'fred', 'paz', 'paix', 'salam', 'al-salam', 'peace-', 'peacefully', 'capc', 'frieden', 'peacekeeping', 'pacification', 'peacemaking', 'heping', 'dpko', 'peacetime', 'tranquillity', 'pace', 'sallam']"
peak_n,"['pic', 'pico', 'maximum', 'coip', 'leading-edge', 'ridge', 'summit', 'climax', 'culmination', 'apogee', 'busy', 'icps', 'pointe', 'icp', 'state-of-the-art', 'cutting-edge', 'advanced', 'peaks', 'cip', 'crest', 'picc', 'spike', 'rush', 'tip', 'crête', 'woodpecker', 'height', 'hilltop', 'heavy', 'cips', 'edge', 'feng', 'leadingedge', 'maximal', 'heyday', 'peak-hour']"
peasant_n,"['campesino', 'campesinas', 'campesina', 'farmers', 'falah', 'farmer', 'rural']"
peg_n,"['footpegs', 'footboard', 'footboards', 'hypha', 'footpeg', 'ankle', 'pegs', 'pedal', 'parity', 'bmp', 'anchorage']"
penalty_n,"['sentence', 'punishment', 'death', 'sanction', 'penalties', 'sentences', 'worth', 'pity', 'fine', 'dead', 'assent', 'pena', 'criminalization', 'term', 'worthwhile', 'baquba', 'soda', 'sanctions', 'shame', 'fines', 'pain', 'trouble', 'sorrow', 'grief']"
penis_n,"['cock', 'dick', 'pecker', 'wiener', 'dork']"
penny_n,"['dime', 'pence', 'cent', 'sou', 'benny', 'beni']"
pension_n,"['pensions', 'retirement', 'annuity', 'superannuation', 'retiring', 'annuities', 'retreat', 'retirements', 'alimony', 'retraite', 'pensionable', 'retire', 'repurchase', 'boarding', 'retired', 'repos']"
pensioner_n,"['retired', 'ret', 'annuitant', 'pensioners', 'retiree', 'reformed', 'holder']"
percent_n,"['%', 'cent', 'percentage', 'p', '100', 'pct', 'proportion', 'n']"
percentage_n,"['proportion', 'percentages', 'percent', 'celsius', 'share', 'rate', 'ratio', 'centigrade', '%', 'pourcentage', 'figure', 'portion', 'fraction']"
perception_n,"['perceptions', 'collection', 'impression', 'perceived', 'levying', 'perceptual', 'feeling', 'idea', 'sense', 'printing', 'collecting', 'view', 'understanding', 'image', 'concept', 'insight', 'print', 'vision']"
performance_n,"['yield', 'throughput', 'results', 'return', 'efficiency', 'execution', 'implementation', 'yields', 'fulfilment', 'outturn', 'performances', 'returns', 'functioning', 'achievement', 'outcomes', 'performing', 'effectiveness', 'discharge', 'manifestations', 'exercise', 'delivery', 'enforcement', 'outcome', 'output', 'manifestation', 'behaviour', 'perform']"
perm_n,['bajram']
permission_n,"['authorization', 'permit', 'authorisation', 'permissions', 'leave', 'permits', 'approval', 'consent', 'licence', 'authority', 'furlough', 'clearance', 'permitted', 'licensing']"
personality_n,"['personhood', 'character', 'individuality', 'persona', 'person', 'figure', 'personal', 'subjectivity', 'self']"
personnel_n,"['staff', 'personal', 'officers', 'staffing', 'employees', 'individuals', 'officer', 'workers', 'officials', 'staffs', 'members', 'persons', 'agents', 'talents', 'people', 'staﬀ', 'workforce', 'manpower', 'employee', 'troops', 'talent']"
perspective_n,"['prospect', 'perspectives', 'prospects', 'outlook', 'angle', 'standpoint', 'viewpoint', 'view', 'vision', 'optical', 'context', 'approach', 'viewpoints', 'insight', 'dimension', 'light', 'views', 'lens', 'optics', 'mainstreaming', 'aspect']"
pessimism_n,"['gloom', 'pessimist']"
pet_n,"['tep', 'pets', 'animal', 'fart', 'toe', 'caress', 'favourite']"
petition_n,"['request', 'petitions', 'application', 'petitioner', 'complaint', 'motion', 'demand']"
ph_n,"['ww', 'ph-dependent']"
pharmaceutical_n,"['pharmaceuticals', 'drug', 'pharmacy', 'farmaceutyczne', 'medicinal', 'pharmacists', 'pharmacist', 'pharma', 'medicines', 'drugs', 'medicine']"
phase_n,"['stage', 'step', 'phases', 'stages', 'period', 'fase', 'juncture', 'test-bed', 'round', 'wave', 'pass', 'era', 'milestone']"
phenomenon_n,"['phenomena', 'occurrence', 'problem']"
philosophy_n,"['filosofía', 'philosophical', 'ethos', 'philo', 'thinking', 'philosopher', 'logic']"
photocopier_n,"['copier', 'photocopiers', 'photocopy', 'photocopying']"
phrase_n,"['sentence', 'expression', 'words', 'term', 'wording', 'word', 'formula', 'phrases', 'speech', ""'expression""]"
physicist_n,"['physician', 'physical', 'physicists', 'physics']"
piece_n,"['exhibit', 'bite', 'hunk', 'room', 'chunk', 'finger', 'part', 'bout', 'element', 'taco', 'coin', 'primal', 'fragment', 'text', 'lump', 'gun', 'slice', 'parcel', 'bit', 'song', 'sheet', 'nibble', 'pièce', 'component']"
pile_n,"['piles', 'sack', 'stack', 'battery', 'cell', 'piling', 'bed', 'velvet', 'stake', 'heap']"
pill_n,"['pills', 'tablet', 'stamp', 'compressed', 'caraway']"
pint_n,"['quart', 'beer', 'pitcher']"
pipe_n,"['tube', 'pipes', 'blowjob', 'tubes', 'tubing', 'calumet', 'piping', 'hose', 'tip', 'pipeline', 'line', 'channelling', 'crt', 'pipefitting', 'duct', 'channel', 'plumbing', 'pipa', 'socket', 'channeling']"
pit_n,"['ipo', 'pozo', 'mine', 'hole', 'sky', 'wells', 'irp', 'cavity', 'nuclei', 'crater', 'excavation']"
pitch_n,"['brea', 'stalls', 'pitching', 'bitumen', 'iaunch', 'stall', 'tone', 'coking', 'veld']"
pity_n,"['regrettable', 'mercy', 'shame', 'penalty', 'regret', 'compassion', 'damage', 'punishment', 'sentence', 'please', 'injury', 'disgrace', 'sin', 'worth']"
pixel_n,['pixels']
plain_n,"['plaine', 'ruzizi', 'plains', 'unformatted', 'clear', 'simple', 'lowland', 'floodplain', 'raw', 'yuhmur', 'plaines', 'ganges', 'obvious', 'plain-text', 'pure', 'easy', 'normal', 'flat', 'regular']"
plaintiff_n,"['applicant', 'complainant', 'claimant', 'petitioner', 'requester', 'requestor', 'seeker']"
planning_n,"['plan', 'planification', 'planned', 'plans', 'programming', 'scheduling', 'schedule', 'scheme', 'plotting', 'design']"
plant_n,"['factory', 'plants', 'vegetable', 'plante', 'mill', 'planta', 'station', 'vegetation', 'usine', 'facility', 'roślin', 'factories', 'central', 'crop', 'planting', 'phytosanitary', 'mills', 'installation', 'facilities', 'vegetative', 'plantes', 'floor', 'installations']"
planter_n,"['grower', 'lac']"
planting_n,"['plantation', 'cultivation', 'seeding', 'sowing', 'siembra', 'plantations', 'outplanting', 'plant', 'stocking', 'tree-planting', 'plating', 'cowing', 'seedling']"
plastic_n,"['plastics', 'vinyl', 'plastiques', 'plastique', 'aesthetic', 'rubber', 'plasticity']"
platform_n,"['shelf', 'platforms', 'plataforma', 'flat-bed', 'podium', 'rig', 'program', 'rostrum', 'programme', 'wharf', 'continental', 'forum', 'footboard', 'tribune', 'dock', 'hub', 'deck', 'pad', 'springboard', 'pulpit']"
player_n,"['actor', 'gambler', 'gamer', 'reader', 'pied', 'protagonist', 'factor', 'pianist', 'operator', 'ballplayer', 'role', 'agent', 'participant', 'partner', 'interlocutor', 'comedian']"
plc_n,"['clr', 'dfc', 'clp', 'cvp', 'crp', 'plp']"
plea_n,"['appeal', 'advocacy', 'average', 'call', 'exception', 'request', 'means', 'medium', 'way', ""'appello"", 'argument']"
pleasure_n,"['joy', 'fun', 'delight', 'pleased', 'satisfaction', 'plaisance', 'recreational', 'placentia', 'happy', 'honour', 'amusement', 'placer', 'gusto', 'enjoyment', 'placing', 'happiness', 'place', 'recreation', 'thrill', 'nice']"
plot_n,"['conspiracy', 'parcel', 'intrigue', 'parcels', 'cover-up', 'curve', 'delineation', 'chart', 'route']"
ploy_n,"['stratagem', 'trick', 'ruse', 'manoeuvre', 'sleight', 'gimmick']"
poem_n,"['poetry', 'song', 'rhyme']"
poet_n,"['shaer', 'al-shaer', 'poets', 'poetry', 'bard', 'poetic']"
poetry_n,"['poésie', 'poem', 'poetic', 'hair', 'verse', 'poet']"
point_n,"['item', 'kok', 'points', 'aspect', 'issue', 'remark', 'comment', 'paragraph', 'dot', 'stage', 'matter', 'question', 'motion', 'punto', 'moment', 'thing', 'extent', 'observation', 'time', 'verge', 'knitted', 'argument', 'element', 'regard', 'juncture', 'point-in-time', 'choose', 'subject', 'select', 'respect', 'station', 'punkt', 'sense', 'bodu', 'place', 'topic', 'pointe', 'spot', 'centre', 'draw']"
pole_n,"['mast', 'pôle', 'polo', 'polish', 'hub', 'flagpole', 'perch', 'totem', 'polar', 'polack', 'qutb', '-having', 'masthead', 'flagship', 'pol', 'cane', 'polacco']"
polemic_n,"['controversy', 'argument', 'diatribe']"
policy_n,"['political', 'policies', 'politics', 'strategic', 'politique', 'normative', 'policy-making', 'política', 'policymaking', 'directive', 'politician', 'politik', 'orientation', 'guidance', 'regulatory', 'politiques', 'politically']"
politics_n,"['policy', 'political', 'policies', 'politicians']"
poll_n,"['survey', 'referendum', 'polling', 'reconnaissance', 'ballot', 'elections', 'election', 'balloting', 'voting', 'polls', 'vote', 'probing', 'probe']"
polling_n,"['ballot', 'voting', 'balloting', 'vote', 'poll', 'election', 'offices', 'electoral', 'survey', 'ballots']"
pollution_n,"['contamination', 'polluted', 'pollutants', 'polluting', 'pollutant', 'contaminated', 'pollutions']"
polytechnic_n,"['polytechnique', 'polytechnics', 'politecnico', 'polytechnical']"
polythene_n,['polyethylene']
pond_n,"['étang', 'dugout', 'ponds', 'basin', 'lagoon', '£', 'gbp', 'pool', 'pound', 'lays', 'tong', 'baraka', 'pools', 'mare', 'bassin']"
population_n,"['populations', 'demographic', 'people', 'residents', 'inhabitants', 'populace', 'población', 'public', 'demography', 'peoples', 'canadians', 'population-based', 'demographics']"
port_n,"['puerto', 'harbour', 'ports', 'seaport', 'harbor', 'porto', 'portuaire', 'harbours', 'orifice', 'wearing', 'haven', 'hole', 'rico', 'rican', 'oporto', 'pier', 'dock', 'coastal', 'mina']"
portfolio_n,"['wallet', 'portfolios', 'wailet', 'holding', 'elp', 'pocketbook', 'range', 'holdings', 'securities']"
portion_n,"['part', 'party', 'fraction', 'proportion', 'moiety', 'share', 'aliquot', 'serving', 'passage', 'segment', 'section', 'component', 'percentage', 'hand', 'slice', 'crossing', 'servings']"
portrait_n,"['picture', 'portraits', 'vertical', 'portrayal', 'sketch', 'profile', 'spitting', 'likeness', 'snapshot', 'overview', 'depiction', 'painting']"
position_n,"['stance', 'post', 'stand', 'situation', 'positions', 'attitude', 'status', 'heading', 'positioning', 'posture', 'view', 'standpoint', 'location', 'poste', 'opinion', 'ext', 'job', 'place', 'station', 'conditions', 'measure', 'extent', 'posts', 'kannan', 'plaza', 'viewpoint', 'measurement', 'approach', 'item', 'standing', 'line', 'mail']"
possession_n,"['tenure', 'possessing', 'ownership', 'possess', 'detention', 'posse', 'owning', 'possessed', 'holding', 'custody', 'tenancy', 'owned']"
possibility_n,"['opportunity', 'chance', 'option', 'potential', 'possibilities', 'ability', 'feasibility', 'likelihood', 'prospect', 'possible', 'eventuality', 'able', 'probability', 'opportunities', 'risk', 'scope']"
post_n,"['posts', 'position', 'positions', 'postal', 'mail', 'job', 'edited', 'correos', 'poste', 'ext', 'station', 'jobs', 'function', 'seat', 'office', 'posterior', 'after', 'outpost', 'put', 'staffing', 'publish', 'posting', 'display', 'mailing', 'debit']"
poster_n,"['posters', 'cartel', 'displays', 'signage', 'sign', 'display', 'notice', 'value-added']"
pot_n,"['grass', 'weed', 'saucepan', 'jar', 'cauldron', 'teapot', 'vase', 'marijuana', 'coffeemaker', 'herb', 'casserole', 'can', 'wok', 'pan']"
potash_n,['potassium']
potential_n,"['possible', 'potentials', 'prospective', 'possibility', 'likely', 'potentially', 'opportunities', 'potentiel', 'would-be', 'eventual', 'risk', 'possibilities', 'opportunity', 'contingent', 'capacity', 'ability', 'potentialities', 'latent', 'addressable', 'capability', 'chance']"
pound_n,"['book', 'libra', 'cypriot', '£', 'pounds', 'impound', 'sterling', 'pond', 'lira', 'livre', 'lbs.', 'kennel', 'free', 'kilo', 'cyprus', 'lb', 'books', 'paper']"
poverty_n,"['poor', 'misery', 'pauvreté', 'pobreza', 'destitution', 'impoverishment', 'impoverished', 'indigent', 'deprivation', 'indigence', 'poorest', 'anti-poverty']"
powder_n,"['powdered', 'gunpowder', 'powders', 'dust', 'cordite', 'talc', 'gsr', 'fan', 'fanling', 'keg']"
power_n,"['energy', 'authority', 'electricity', 'powers', 'electrical', 'electric', 'strength', 'force', 'potency', 'feeding', 'wattage', 'horsepower', 'faculty', 'competence', 'feed', 'food', 'ignition', 'alimentación', 'capacity', 'omc', 'pouvoir', 'ability', 'poder', 'puissance', 'feeder', 'forces', 'branch', 'power-on', 'credentials', 'jurisdiction']"
pp_n,"['p', 'pp.', 'pages', 'pgs', 'pd', 'pps', 'bp', 'n', 'p.i.', 'ltp']"
practice_n,"['practices', 'practical', 'hands-on', 'practise', 'pratique', 'practising', 'praxis', 'exercise', 'convenient', 'practicing', 'circulation', 'reality', 'praktika', 'approach', 'handy', 'practised', 'implement', 'effect', 'habit', 'fact']"
practitioner_n,"['practitioners', 'doctor', 'physician', 'professional', 'specialist']"
prayer_n,"['prayers', 'please', 'pray', 'praying', 'sentence', 'kindly', 'worship', 'salat']"
predecessor_n,"['ancestor', 'forerunner', 'former', 'replaced', 'precursor']"
prediction_n,"['forecasting', 'forecast', 'predicting', 'anticipation', 'predictions', 'forecasts', 'predictor', 'prognosis', 'prevision', 'predict', 'projection', 'projections', 'prophecy', 'foresight']"
preference_n,"['preferences', 'preferably', 'preemption', 'preferred', 'preferential', 'precedence', 'préférence', 'preempt', 'priority', 'prefer', 'choice', 'orientation', 'concessionary']"
pregnancy_n,"['pregnancies', 'gestation', 'pregnant', 'childbearing', 'maternity', 'pre-delivery', 'child-bearing', 'contraception', 'gestational', 'conception']"
prejudice_n,"['injury', 'bias', 'prejudices', 'harm', 'prejudge', 'detriment', 'damage', 'prejudging', 'affect', 'prejudicing', 'undermine', 'impair', 'bigotry', 'loss', 'prejudiced', 'stigma', 'disadvantage', 'jeopardize', 'partiality', 'damages']"
premise_n,"['assumption', 'hypothesis', 'prerequisite', 'premiss', 'principle', 'postulate', 'precondition', 'proposition']"
premium_n,"['bonus', 'premiums', 'differential', 'premia', 'bounty', 'prize', 'raw', 'bonuses', 'high-end', 'contribution', 'award', 'prime', 'first', 'contributions', 'primes', 'grant', 'allowance', 'top-quality', 'prima', 'first-level', 'incentive']"
preoccupation_n,['concern']
preparation_n,"['preparing', 'preparedness', 'preparations', 'prepare', 'preparatory', 'elaboration', 'prepared', 'readiness', 'drafting', 'development', 'formulation', 'préparation', 'establishment', 'run-up', 'prep', 'institution', 'develop', 'numbers', 'compounding', 'lead-up', 'forecast', 'design', 'developed', 'compiling', 'anticipation', 'compilation']"
prescription_n,"['recipe', 'prescribing', 'order', 'requirement', 'limitation', 'prescribed', ""'ordonnance"", 'ordinance', 'recipes']"
presence_n,"['attendee', 'attendees', 'attendance', 'existence', 'occurrence', 'présence', 'present', 'presences', 'exist', 'participation', 'appearance', 'representation']"
present_n,"['current', 'submit', 'this', 'existing', 'presents', 'mind', 'gift', 'presence', 'moment', 'currently', 'today', 'now', 'presente', 'introduced', 'introduce', 'présent', 'presenting', 'ongoing', 'attend', 'presented', 'provide', 'here', 'submitting', 'pose', 'present-day', 'topical', 'instant', 'attendance', 'time', 'make']"
presentation_n,"['submission', 'introduction', 'briefing', 'format', 'presentación', 'submitting', 'presentations', 'presenting', 'présentation', 'explanatory', 'exposed', 'statement', 'tabling', 'filing', 'display', 'exposure', 'submissions', 'presented', 'layout', 'exposé', 'presentment', 'remission', 'enhancement', 'lecture', 'submitted', 'lodging', 'submit', 'exhibition', 'nomination', 'show', 'presenter', 'lay-out']"
press_n,"['journalist', 'news', 'presse', 'media', 'push', 'newspapers', 'comm', 'prensa', 'choose', 'newspaper', 'reporter', 'click', 'stampa', 'pers', 'presses', 'pressure', 'journalism', 'depress', 'journalistic', 'pulse', 'journalists', 'touch', 'insist', 'hrpe', 'reporters', 'columnist', 'pisa', 'print', 'pise', 'pressing']"
pressure_n,"['pressures', 'strain', 'lobbying', 'lobby', 'stress', 'press', 'pression', 'pressurized', 'coercion', 'tension', 'burden', 'push', 'voltage', 'arm-twisting']"
prevention_n,"['preventing', 'preventive', 'prevent', 'preventative', 'prévention', 'prevención', 'avoidance', 'prevented', 'precautionary', 'preventions', 'prophylaxis']"
prey_n,"['plagued', 'beset', 'grip', 'quarry', 'byte']"
price_n,"['prices', 'pricing', 'award', 'prize', 'awards', 'prix', 'cen', 'cost', 'prizes', 'fares', 'fare', 'rate', 'priced', 'rates', 'value']"
pride_n,"['proud', 'stolz', 'hubris', 'self-esteem', 'fakhr', 'self-respect']"
priest_n,"['priester', 'preacher', 'pastor', 'clergyman', 'vicar', 'parson', 'padre', 'shepherd', 'pasteur', 'father']"
Prince_n,"['principe', 'emir', 'amir', 'prins', 'al-amir', 'prinz', 'heir', 'l', 'wales', 'crown', 'herceg']"
principle_n,"['principles', 'beginning', 'principled', 'outset', 'premise', 'principe', 'concept', 'start', 'tenet', 'doctrine', 'rule', 'assumption', 'theory', 'principal', 'basis', 'idea', 'notion']"
priority_n,"['priorities', 'precedence', 'prioritized', 'focus', 'high-priority', 'primacy', 'prioritization', 'prioritised', 'preference', 'prioritize', 'emphasis', 'prioritisation']"
prison_n,"['jail', 'imprisonment', 'prisons', 'penitentiary', 'jails', 'correctional', 'detention', 'gaol', 'penal', 'incarceration', 'custody', 'jailed', 'corrections', 'cárcel', 'imprisoned', 'brig', 'prisión', 'inmate', 'jailing']"
prisoner_n,"['prisoners', 'inmate', 'detainee', 'captive', 'convict', 'detained', 'captives', 'inmates', 'detainees', 'captured', 'pows']"
privilege_n,"['privileges', 'prerogative', 'privileged', 'lien', 'honour', 'imtiaz', 'concession', 'honor']"
prize_n,"['award', 'price', 'nobel', 'sakharov', 'awards', 'reward', 'prices', 'prix', 'premio', 'premium', 'prizes', 'laureate', 'prize-winner', 'pricing', 'rewards', 'jackpot', 'bonus', 'trophy', 'prizewinner']"
probability_n,"['likelihood', 'probabilities', 'probabilistic', 'chance', 'possibility', 'likely', 'probable']"
procedure_n,"['proceedings', 'procedures', 'process', 'procedural', 'proceeding', 'procédure', 'internal', 'procedimento', 'method', 'domestic', 'interior', 'procedura', 'regime', 'order', 'action', 'homeland', 'indoor', 'verfahren']"
proceeding_n,"['procedure', 'proceedings', 'process', 'forum', 'instance', 'procedures', 'proceed', 'procedural', 'treatment']"
process_n,"['processes', 'procedure', 'proceedings', 'procedures', 'operation', 'trial', 'processing', 'course', 'proceeding', 'processus', 'practical', 'proceso', 'train', 'exercise', 'mechanism', 'treat', 'treatment']"
processing_n,"['treatment', 'transformation', 'handling', 'prosecution', 'transforming', 'conversion', 'treating', 'transformational', 'salary', 'process', 'therapy', 'transformative', 'processed', 'verwerking', 'handle', 'treat', 'transform', 'manufacturing', 'bearbetning', 'addressing', 'handled', 'dealing', 'treatments', 'transformations', 'address', 'traitement', 'reprocessing', 'treated']"
processor_n,"['processors', 'transformer', 'procesador', 'procesor', 'processador', 'processore', 'renderer', 'boxed']"
producer_n,"['producers', 'grower', 'manufacturer', 'farmer', 'producteurs', 'producing', 'growers', 'production', 'generator', 'productores', 'maker']"
product_n,"['products', 'proceeds', 'produced', 'produces', 'output', 'outputs', 'goods', 'produce', 'commodity', 'produkt', 'produit', 'producto', 'produto', 'commodities', 'generated', 'generates', 'production', 'produits', 'figment', 'result', 'filed']"
production_n,"['output', 'productive', 'producing', 'manufacturing', 'generation', 'manufacture', 'produce', 'productions', 'produkcji', 'filing', 'producción', 'producer', 'generating', 'productivity', 'produced', 'product', 'fabrication', 'yield', 'tax-filing', 'farming']"
productivity_n,"['productive', 'productiveness', 'production', 'efficiency', 'productivities', 'output', 'hkpc', 'uptime']"
profession_n,"['occupation', 'professional', 'professions', 'occupations', 'territories', 'career', 'occupational', 'vocational', 'vocation', 'industry']"
professional_n,"['vocational', 'professionals', 'occupational', 'career', 'profession', 'professionalism', 'professionnel', 'professionnelle', 'professions', 'practitioners', 'professionnels', 'profesional', 'professionally', 'specialized', 'professionnelles', 'work-related', 'administrators', 'specialist', 'practitioner', 'professional-level', 'profissional', 'pro', 'job', 'administrator', 'job-related', 'work', 'majors', 'professionel', 'expert', 'business', 'technical']"
profile_n,"['profiles', 'profil', 'visibility', 'pattern', 'profiling', 'perfil', 'portrait', 'contour', 'image', 'profiler', 'profiled', 'picture']"
profit_n,"['profits', 'benefit', 'gain', 'earnings', 'gains', 'benefits', 'profitability', 'advantage', 'beneficiary', 'earns', 'dividend']"
progeny_n,"['offspring', 'descent', 'ancestry', 'brood']"
programme_n,"['program', 'programmes', 'agenda', 'programs', 'programmatic', 'scheme', 'programming', 'plan', 'curriculum', 'schedule', 'programa', 'platform', 'programma', 'schemes', 'plans', 'schedules', 'agendas', 'pprogramme', 'curricula', 'project', 'programm', 'syllabus', 'package']"
progress_n,"['advances', 'advancement', 'headway', 'achievement', 'advance', 'strides', 'advancements', 'progression', 'developments', 'progrès', 'course', 'interim', 'achievements', 'breakthrough', 'advanced', 'development', 'evolution', 'progreso', 'improvement', 'step', 'gains', 'progresso', 'forward', 'progressive', 'success', 'improvements', 'avances', 'acting', 'status', 'courses', 'progressed']"
project_n,"['draft', 'projects', 'proposed', 'item', 'projet', 'items', 'proposal', 'initiative', 'works', 'scheme', 'plan', 'progetto', 'venture', 'bill', 'plans', 'projekt', 'engineering', 'programme', 'proyecto', 'drafts']"
promise_n,"['pledge', 'promises', 'promised', 'swear', 'commitment', 'promising', 'undertaking', 'bride', 'pledges']"
promotion_n,"['advancement', 'promoting', 'promote', 'promotional', 'advocacy', 'promotions', 'promoción', 'fostering', 'promoted', 'encouragement', 'strengthening', 'foster', 'enhancing', 'promoção', 'advancing', 'encouraging', 'enhance', 'enhancement', 'publicity', 'förderung', 'furtherance', 'fomento', 'furthering', 'facilitate', 'advance', 'strengthen', 'development', 'marketing', 'encourage', 'promotes', 'promotive', 'facilitating']"
prompting_n,"['forcing', 'pushing']"
proof_n,"['evidence', 'test', 'demonstration', 'evidentiary', 'prove', 'validation', 'testing', 'demonstrate', 'testimony', 'testament']"
property_n,"['ownership', 'properties', 'goods', 'owned', 'assets', 'propriété', 'propiedad', 'estate', 'asset', 'proprietary', 'royal', 'heritage', 'title', 'land', 'propriedade', 'monarchy', 'biens', 'immovable', 'well', 'industrielle', 'acquests', 'objects', 'real-estate', 'building', 'buildings', 'good']"
proportion_n,"['percentage', 'ratio', 'share', 'proportions', 'portion', 'part', 'fraction', 'rate', 'party', 'proportionate', 'number', 'figure', 'proportional', 'quota', 'hand', 'percent', 'proportionality']"
proposal_n,"['motion', 'proposed', 'suggestion', 'proposals', 'proposition', 'project', 'draft', 'recommendation', 'recommendations', 'suggested', 'proposta', 'predlog', 'proposing', 'propose', 'offer', 'idea', 'nomination', 'suggestions']"
proposition_n,"['proposal', 'thesis', 'premise', 'assertion', 'motion', 'suggestion', 'proposed']"
prosecution_n,"['prosecutions', 'prosecute', 'persecution', 'indictment', 'accusation', 'prosecutor', 'trial', 'processing', 'proceedings', 'charge', 'pursuit', 'prosecutorial', 'continuation', 'prosecuting', 'indictments', 'allegation', 'procuracy', 'procuratorate', 'prosecutors', 'attorney', 'debit', 'lawsuit', 'litigation', 'fiscalía', 'procuratorial', 'claim', 'procurator']"
prospect_n,"['perspective', 'prospects', 'perspectives', 'outlook', 'possibility', 'chance', 'view', 'opportunity', 'prospecting', 'horizon']"
protection_n,"['protect', 'protecting', 'protective', 'protected', 'welfare', 'protections', 'safeguard', 'safeguarding', 'defence', 'protección', 'conservation', 'preservation', 'coverage', 'guardianship', 'epd', 'tutela', 'care', 'safety', 'security', 'schutz', 'safeguards', 'shield', 'protects', 'amparo', 'protecção']"
protectionism_n,['protectionist']
protein_n,"['protéines', 'energy-based', 'proteinaceous']"
protest_n,"['protests', 'outcry', 'protesting', 'demonstration', 'invoke', 'reserve', 'complain', 'objection', 'heckling']"
province_n,"['provincial', 'prov', 'provinces', 'provincia', 'boycott', 'governorate', 'boycotting', 'provincie', 'al-muqataa', 'county', 'muqata', 'governorates', 'prefecture', 'brunswick', 'muqataa', 'district', 'columbia', 'territory', 'ontario']"
provision_n,"['supply', 'disposition', 'delivery', 'available', 'disposal', 'provisions', 'provide', 'providing', 'readiness', 'clause', 'willingness', 'benefit', 'credit', 'appropriation', 'provisioning', 'allowance', 'granting', 'rule', 'arrangement', 'stipulation', 'offer', 'provided', 'layout', 'requirement', 'governing', 'amount', 'availability', 'supplies', 'clauses', 'offering', 'allocation', 'dispositions', 'furnishing', 'rendering', 'ruling']"
psychologist_n,"['psychologists', 'psychiatrist', 'psychology', 'therapist', 'shrink']"
psychology_n,"['psychologie', 'psychological', 'psychologist', 'psyche', 'psych', 'mentality', 'self-control']"
pub_n,"['adv', 'ad', 'commercial', 'bar', 'peacock', 'jingle']"
publication_n,"['publishing', 'publications', 'issuance', 'published', 'publish', 'release', 'publicación', 'posting', 'edition', 'issuing', 'released', 'disclosure', 'dissemination', 'reporting', 'deployment']"
publicity_n,"['advertising', 'propaganda', 'advertisement', 'advocacy', 'publicize', 'promotional', 'publicité', 'publicizing', 'advertisements', 'dissemination', 'ads', 'promotion', 'ad', 'outreach', 'awareness']"
publisher_n,"['editor', 'éditeur', 'publishers', 'manufacturer', 'publishing', 'éditeurs', 'editors']"
publishing_n,"['publication', 'edition', 'publish', 'editing', 'publications', 'editions', 'published', 'editorial', 'issuance', 'deployment', 'dissemination', 'publisher', 'issuing']"
pulse_n,"['pulses', 'legumes', 'legume', 'impetus', 'heartbeat', 'impulse', 'momentum', 'leguminosae', 'pulsation', 'pulser', 'leguminous', 'blas', 'press', 'transponder']"
pump_n,"['pumping', 'bomb', 'pumps', 'pompe', 'bomba', 'pomp', 'pdp', 'pombe', 'inject', 'faucet', 'pumphouse']"
punishment_n,"['penalty', 'chastisement', 'sentence', 'sanction', 'penalties', 'punish', 'sentences', 'suppression', 'retribution', 'punishing', 'assent', 'sanctions', 'worth', 'death', 'repression', 'penalization', 'corporal', 'punishments', 'tangible', 'pity', 'sentencing', 'pena', 'penalisation']"
purchase_n,"['buy', 'purchasing', 'buying', 'acquisition', 'procurement', 'purchases', 'purchased', 'acquire', 'buying-in', 'shopping', 'procure', 'buys', 'acquiring', 'bought', 'sale', 'procuring', 'takeover', 'acquisitions']"
purchaser_n,"['buyer', 'acquirer', 'recipient']"
purpose_n,"['purposes', 'goal', 'aim', 'objective', 'end', 'object', 'order', 'effect', 'subject', 'intent', 'target', 'intention', 'view', 'intended', 'objectives', 'effects', 'goals', 'aims', 'subject-matter', 're', 'fin', 'uses', 'impact', 'finality', 'use', 'destination', 'reason']"
pursuit_n,"['search', 'quest', 'continuation', 'persecution', 'prosecution', 'achievement', 'pursue', 'chasing', 'research', 'attainment', 'chase', 'continued', 'continuing', 'realization', 'hunting']"
qualification_n,"['qualifications', 'qualifying', 'characterization', 'quality', 'rating', 'eligibility', 'diploma', 'skill', 'classification', 'qualities', 'certification', 'characterisation', 'skills']"
quality_n,"['qualitative', 'high-quality', 'qualité', 'qualification', 'calidad', 'good-quality', 'capacity', 'grade', 'qualidade', 'good', 'film-quality', 'standard', 'calibre', 'qualities']"
quantity_n,"['amount', 'quantities', 'volume', 'quantitative', 'number', 'amounts', 'qty', 'much', 'sum']"
quarter_n,"['trimester', 'trimestre', 'quarterly', 'qtr', 'one-quarter', 'one-fourth', 'quart', 'fourth', 'neighborhood', 'season', 'shift', 'ji', 'district', '¼', 'semester', 'custody', '1/4', 'quarter-end', 'watch']"
quest_n,"['search', 'pursuit', 'qwest', 'research', 'searching', 'aspiration', 'endeavour', 'recherche', 'attempt']"
questioning_n,"['interrogation', 'interrogations', 'interrogating', 'interviewing', 'interview', 'examination', 'challenging', 'interrogate', 'doubting']"
questionnaire_n,"['questionnaires', 'quiz', 'arq', 'survey', 'jfsq']"
quid_n,"['crux', '£', 'books', 'nub', 'frs', 'pounds']"
race_n,"['racial', 'carrera', 'raza', 'racecourse', 'breed', 'career', 'racing', 'errand', 'races', 'stroke', 'track', 'contest', 'bullfight', 'purebred', 'rasa', ""'ra"", 'ethnic', 'run', 'ethnicity', 'rush', 'running', 'course', 'careers', 'competition', 'ebp', 'competitions']"
radiation_n,"['radiological', 'irradiation', 'write-offs', 'deregistration', 'cancellation', 'de-listing', 'write-off', 'radiotherapy', 'outreach', 'radioactive', 'delisting', 'rays', 'radioactivity', 'radiated', 'radiative', 'irradiance', 'radiating', 'deletions', 'radii', 'ionizing', 'reach', 'graduation', 'deletion', 'radiant', 'atomic']"
raid_n,"['incursion', 'raids', 'attack', 'raiding', 'strike', 'descent']"
rail_n,"['railway', 'railroad', 'railways', 'train', 'riel', 'iron', 'rails', 'kcrc', 'trans-asian', 'tomur', 'track-based', 'track', 'ramp', 'kcr', 'barrier', 'trains', 'railing']"
rainwater_n,"['stormwater', 'rain', 'rainfall']"
rally_n,"['rallye', 'gathering', 'rassemblement', 'demonstration', 'rebound', 'tajammu', 'rebounds', 'rise', 'recovery', 'manifestation', 'rises', 'mobilize', 'boom']"
range_n,"['variety', 'interval', 'spectrum', 'array', 'series', 'beach', 'gamma', 'gama', 'scope', 'rank', 'gamut', 'diversity', 'number', 'fork', 'line-up', 'distance', 'ranges', 'l-range', 'pallet', 'set', 'mix', 'scale', 'suite', 'breadth', 'meantime', 'assortment', 'cross-section', 'amplitude', 'palette', 'serial', 'extent', 'line', 'polygon', 'panoply', 'portfolio', 'tir', 'air', 'instalment', 'area', 'distribution', 'vary', 'polygone', 'spectre', 'radius', 'continuum']"
rank_n,"['grade', 'classify', 'ranking', 'range', 'ranks', 'rang', 'degree', 'hierarchy', 'classification', 'grades', 'row', 'categorize', 'classifying', 'categories', 'grading', 'category', 'level', 'degrees']"
rape_n,"['violation', 'rapes', 'violations', 'rapeseed', 'breach', 'colza', 'violate', 'infringement']"
rapidity_n,"['speed', 'timeliness', 'swiftness', 'promptness', 'expeditiousness']"
rate_n,"['rates', 'speed', 'pace', 'ratio', 'tariff', 'percentage', 'rhythm', 'spleen', 'type', 'levels', 'index', 'velocity', 'proportion', 'level', 'taux', 'frequency', 'tempo', 'incidence', 'contents', 'fee', 'ratios', 'types', 'price', 'kind', 'average']"
rating_n,"['scoring', 'symbol', 'classification', 'ratings', 'marking', 'qualification', 'score', 'grading', 'assessment', 'evaluation', 'document', 'credit-rating', 'notation', 'cote', 'quotation', 'ranking', 'qualifying', 'nominal', 'note', 'punctuation', 'correction', 'rates']"
ratio_n,"['proportion', 'rate', 'ratios', 'coefficient', 'report', 'percentage', 'relationship', 'rates', 'quotient', 'share', 'proportional', 'connection']"
rationalization_n,"['streamlining', 'rationalisation', 'rationalizing', 'rationalize', 'streamline', 'streamlined', 'rationalized', 'rationalising', 'downsizing']"
rationing_n,['ration']
reach_n,"['achieve', 'scope', 'attain', 'achieving', 'arrive', 'meet', 'reached', 'find', 'attaining', 'reaching', 'radiation', 'join', 'get', 'achievement', 'accomplish', 'come', 'conclude', 'attainment', 'attach', 'obtain', 'touch', 'realize']"
reaction_n,"['response', 'reactions', 'backlash', 'reactive', 'responses', 'overreaction', 'feedback', 'reply', 'respond', 'responsiveness', 'answer', 'intervention']"
reactivity_n,"['responsiveness', 'cross-reactivity']"
reader_n,"['readers', 'player', 'readership', 'scanner', 'readout', 'drive', 'achuff', 'reading', 'meter']"
readership_n,"['readers', 'reader', 'audience']"
reality_n,"['fact', 'realities', 'truth', 'realistic', 'practice', 'actuality', 'realism', 'situation', 'actual']"
realm_n,"['domain', 'kingdom', 'field', 'area', 'sphere', 'royaume']"
Rear_n,"['back', 'rearward', 'tail', 'aft', 'arrière', 'hatch', 'upright', 'backseat', 'rearmost', 'subsequent', 'later', 'rearguard', 'stern', 'hind', 'trailing', 'lineman', 'passenger']"
rearrangement_n,"['transposition', 'reorganization', 'reorganisation', 'redevelopment', 'reordering', 'transposal', 're-organization']"
reason_n,"['reasons', 'right', 'cause', 'raison', 'result', 'ground', 'motive', 'grounds', 'basis', 'justification', 'rationale', 'motif', 'occasion', 'virtue', 'sense', 'explanation', 'motivation', 'floor', 'talk', 'why', 'account', 'purpose', 'argument']"
rebel_n,"['rebels', 'rebellious', 'insurgent', 'rebellion', 'insurgency', 'insurgents', 'renegade', 'insurrectional', 'mutiny', 'guerrilla', 'revolt', 'rebelling', 'mutinous', 'insurgence', 'reb']"
rebound_n,"['bounce', 'recovery', 'rebounds', 'rally', 'resumption', 'backlash', 'upturn', 'boom', 'revival', 'recover', 'upwelling']"
receipt_n,"['reception', 'receiving', 'received', 'type-approval', 'receipts', 'receive', 'remit-to', 'acceptance', 'collection', 'encashment', 'charging']"
receiver_n,"['receptor', 'receveur', 'recipient', 'receiving', 'catcher', 'host', 'consignee', 'sink', 'receptors', 'addressee', 'receivership', 'collector', 'escrow', 'receivers']"
reception_n,"['receipt', 'host', 'receiving', 'hospitality', 'home', 'type-approval', 'hosting', 'homepage', 'receive', 'idrc.ca', 'visitor', 'foster', 'received', 'drop-in', 'acceptance', 'receptions', 'réception']"
recession_n,"['downturn', 'slump', 'stagnation', 'slowdown', 'depression', 'decline', 'contraction', 'deflation']"
recipe_n,"['prescription', 'formula', 'revenue']"
recklessness_n,"['imprudence', 'unconsciousness', 'carelessness', 'temerity', 'indiscretion', 'indifference', 'irresponsibility']"
recognition_n,"['appreciation', 'reconnaissance', 'acknowledgement', 'recognize', 'acknowledgment', 'gratitude', 'recognizing', 'recognized', 'recognising', 'acknowledge', 'recognise', 'recon', 'recognizes', 'recce', 'acceptance', 'acknowledged', 'admission', 'tribute', 'identification', 'confession', 'recognised', 'awareness']"
recollection_n,"['souvenir', 'remembrance', 'memory', 'memento', 'keepsake']"
recommendation_n,"['recommendations', 'recommended', 'recommending', 'recommend', 'guideline', 'suggestion', 'proposal', 'recommandation', 'recommends', 'proposals', 'proposed', 'advice', 'suggestions']"
record_n,"['minutes', 'acta', 'records', 'register', 'registration', 'recording', 'file', 'registry', 'dossier', 'log', 'locker', 'recorded', 'registering', 'accomplishments', 'achievements', 'history', 'debriefing', 'document', 'files', 'burn', 'unprecedented', 'procès-verbal', 'record-high', 'summary', 'booklet', 'docket', 'background', 'registrations', 'record-breaking', 'registered', 'registers', 'disc', 'logging', 'archives', 'discs', 'rendered', 'registries', 'trace', 'album', 'registro', 'account', 'relevé']"
recording_n,"['registration', 'record', 'recordings', 'register', 'burn', 'registering', 'burning', 'registrations', 'registry', 'phonographic', 'rec', 'shooting', 'check-in', 'records', 'recordal', 'recorder', 'inscription', 'log', 'deposit-refund', 'dubbing', 'recorded', 'accounting', 'taping', 'logging', 'consignment', 'registered', 'recordation', 'footage']"
recovery_n,"['retrieval', 'rehabilitation', 'restoration', 'recapture', 'revival', 'resumption', 'recover', 'retrieving', 'salvage', 'recuperation', 'regeneration', 'reinstatement', 're-establishment', 'rebound', 'recovering', 'collection', 'reorganization', 'healing', 'upturn', 'reconstruction', 'recoveries', 'retrieve', 'reclamation', 'rebuilding', 'reconstitution', 'relaunch', 'recycling', 'recoverability', 'recoverer', 'restoring', 'recoupment', 'payback', 'replenishment', 'return', 'clawback', 'reestablishment', 'salvaging', 'valorisation', 'relaunching', 'rally', 'restore', 'stimulus', 'resumed', 'collections', 'fetch', 'al-shifaa', 'revitalization', 'rehabilitative', 'recall', 'take-back', 'convalescence', 'upswing', 'revitalisation', 'rejuvenation', 'resume', 'boom', 'repossession', 'renewal', 'turnaround', 'restitution', 'remedial', 'rebounds']"
recruitment_n,"['recruiting', 'hiring', 'recruit', 'recruited', 'enlistment', 'conscription', 'procurement', 'engagement', 'hire', 'recrutement', 'contracting', 'staffing', 'employment', 'appointment', 'enrolment', 'recruitments', 'contratación', 'engagements', 'catchment', 'enrollment', 'conscripting', 'staff']"
rectory_n,"['presbytery', 'rector']"
reduction_n,"['reduce', 'reducing', 'decrease', 'reduced', 'reductions', 'alleviation', 'abatement', 'decline', 'cut', 'downsizing', 'mitigation', 'drawdown', 'lowering', 'fight', 'réduction', 'drop', 'cutting', 'curtailment', 'struggle', 'narrowing', 'minimization', 'diminution', 'cuts', 'shortening', 'fall', 'lower', 'relief', 'decreased', 'decreasing', 'shrinking', 'reduces', 'markdown', 'rundown', 'cutback', 'control', 'lessening', 'attenuation', 'limitation', 'minimizing', 'discount']"
redundancy_n,"['dismissal', 'redundant', 'duplication', 'layoff', 'laying-off', 'overlap']"
ref_n,"['rej', 'refs', 'doc', 'réf', 'rfso', 'eng', 'arbitrator', 'lpe', 'reference', 'fre']"
reference_n,"['footnote', 'benchmark', 'references', 'baseline', 'referral', 'refer', 'mention', 'referenced', 'référence', 'base', 'referring', 'benchmarks', 'referencia', 'background', 'referencing', 'cross-reference', 'qualifying', 'datum', 'citation', 'referred', 'allusion', 'benchmarking', 'erence', 'consultation', 'query', 'dismissal', 'ref', 'deductive', 'guidance', 'refers', 'referent', 'locating', 'indication', 'comparator', 'regard', 'renvoi']"
referendum_n,"['referenda', 'poll', 'plebiscite', 'référendum', 'referendums']"
reflection_n,"['thinking', 'thought', 'réflexion', 'brainstorming', 'reflet', 'reflections', 'reflect', 'meditation', 'consideration', 'discussion', 'mirror', 'glare', 'reflex', 'concept', 'focus']"
reflector_n,"['searchlight', 'mirror', 'reflective', 'illuminating', 'retro-reflector', 'deflector', 'dish']"
reflux_n,"['ebb', 'surge', 'gastric']"
reform_n,"['reforms', 'reforming', 'reformed', 'reformation', 'reforma', 'reformist', 'réforme', 'redesign', 'overhaul', 'reformer', 'rehabilitation', 'al-islah', 'restructuring', 'change', 'transformation', 'repair', 'revision', 'reformative', 'amendment']"
refugee_n,"['refugees', 'refuge', 'asylum', 'réfugiés']"
refusal_n,"['denial', 'refusals', 'rejection', 'refusing', 'refused', 'negative', 'refuse', 'refus', 'unwillingness', 'denied', 'failure', 'rejected', 'non-acceptance', 'reluctance', 'negation', 'declination']"
refutation_n,['rebuttal']
regard_n,"['respect', 'connection', 'context', 'relation', 'sense', 'relationship', 'area', 'against', 'matter', 'subject', 'field', 'regards', 'meaning', 'direction', 'issue', 'account', 'aspect', 'effect', 'point', 'aspects', 'view', 'topic', 'vein', 'consider', 'acting', 'end', 'relating', 'sphere', 'vis-à-vis', 'reference']"
regime_n,"['system', 'scheme', 'plan', 'régime', 'regimes', 'régimen', 'diet', 'speed', 'arrangements', 'procedure', 'law', 'arrangement', 'solitary', 'status', 'systems']"
regiment_n,"['régiment', 'regimental', 'regt', 'regiments', 'battalion', 'mission', 'cyl']"
region_n,"['area', 'regional', 'regions', 'regione', 'région', 'regio', 'district', 'areas', 'zone', 'territory', 'districts', 'subregion']"
register_n,"['registry', 'registration', 'record', 'log', 'inscribe', 'recording', 'registering', 'registre', 'registers', 'enroll', 'enrol', 'registered', 'roster', 'registries', 'registro', 'subscribe', 'logging', 'records', 'inscription', 'recordal', 'logbook', 'registrar', 'repertoire', 'checkin', 'roll', 'enter', 'insert', 'entry', 'directory']"
registrar_n,"['clerk', 'secretary', 'recorder', 'logger', 'registry', 'secretario', 'director', 'register', 'secretary-', 'conservative', 'registrars', 'registration']"
registration_n,"['registered', 'recording', 'enrollment', 'register', 'registry', 'record', 'enrolment', 'inscription', 'log', 'recordal', 'check-in', 'registering', 'registrations', 'logging', 'listing', 'recordation', 'inclusion', 'entry', 'record-keeping', 'inscriptions', 'approval', 'taping', 'enrollments', 'kong-registered', 'registro', 'filing', 'recorded', 'registrar']"
regulation_n,"['regulations', 'rules', 'settlement', 'regulatory', 'verordnung', 'verordening', 'regulating', 'regulamento', 'regolamento', 'règlement', 'förordning', 'reglamento', 'by-law', 'resolution', 'legislation', 'asetus', 'κανονισμός', 'κανονισμού', 'ordinance', 'asetuksen', 'article', 'resolving', 'clause', 'regulate', 'rule', 'nařízení', 'lawmaking', 'settling', 'regulates', 'rozporządzenie', 'uredba', 'réglementation', 'ppvcr']"
reign_n,"['kingship', 'reigned', 'prevail', 'kingdom', 'rule']"
reinstatement_n,"['reintegration', 'restoration', 're-establishment', 'reintroduction', 'recovery', 'replenishment', 'restitution', 'rehabilitation', 're-integration', 'reset', 're-introduction', 'revalidation', 'restoring', 'reestablishment', 're-instatement', 'reclamation', 'readmission', 're-entry']"
rejection_n,"['refusal', 'reject', 'denial', 'repudiation', 'release', 'dismissal', 'rejected', 'discharge', 'rejecting', 'disapproval', 'refused', 'non-acceptance', 'discarding', 'refusing', 'opposition', 'releases', 'disallowance', 'refusals', 'non-admission', 'abhorrence']"
relation_n,"['relationship', 'regard', 'report', 'respect', 'connection', 'relatively', 'relating', 'link', 'related', 'relations', 'relative', 'context', 'regards', 'comparison']"
relationship_n,"['relations', 'relation', 'relationships', 'link', 'connection', 'links', 'regard', 'ratio', 'linkage', 'interrelationship', 'correlation', 'reports', 'respect', 'report', 'no.2', 'linkages', 'ties', 'conjunction', 'intercourse', 'related', 'affairs', 'kinship', 'nexus', 'relating', 'rapport', 'no.']"
relative_n,"['relating', 'compared', 'comparative', 'parent', 'relatively', 'related', 'pertaining', 'concerning', 'on', 'proportional', 'relatif', 'relation', 'relatives', 'regarding', 'respect']"
release_n,"['liberation', 'detach', 'version', 'communiqué', 'releases', 'releasing', 'released', 'liberate', 'publication', 'liberación', 'dissemination', 'rejection', 'free', 'discharge', 'freed', 'communicated', 'launch', 'discharges', 'paying-up', 'freeing', 'freedom', 'issuance', 'unleash', 'frees', 'versions', 'diffusion', 'disclose', 'unlock', 'unhook', 'liberty', 'publish', 'launching', 'disclosure', 'unclamp', 'unblock', 'liberalisation', 'drop', 'clearance']"
relevance_n,"['appropriateness', 'relevancy', 'pertinence', 'adequacy', 'importance', 'suitability', 'relevant', 'significance', 'usefulness', 'interest', 'utility', 'propriety', 'irrelevant', 'pertinent']"
relief_n,"['alleviation', 'rescue', 'aid', 'socorro', 'secours', 'exemption', 'emergency', 'landform', 'easing', 'assistance', 'relieving', 'back-up', 'fallback', 'succour', 'salvage', 'repair', 'reduction', 'help', 'reparation', 'landforms', 'waiver', 'jabr', 'redress', 'alleviate', 'concession', 'respite', 'remedy', 'terrain', 'remedial', 'download', 'forgiveness']"
religion_n,"['religious', 'religions', 'worship', 'al-din', 'addin', 'eddin', 'debt', 'faith', 'dean', 'cleric', 'creed', 'eldeen', 'el-din', 'cult', 'eddine', 'belief', 'ad-din']"
remainder_n,"['rest', 'remains', 'stay', 'stays', 'diner', 'other', 'balance', 'surplus', 'remaining']"
remains_n,"['rest', 'continues', 'remnants', 'stays', 'remainder', 'stay', 'remain', 'remained', 'vestiges', 'persists', 'is', 'still', 'maintains', 'follows', 'retains', 'leftovers', 'keeps', 'subtracts']"
remark_n,"['comment', 'observation', 'commentary', 'point', 'note']"
remedy_n,"['redress', 'rectify', 'cure', 'recourse', 'remedial', 'correct', 'resort', 'remedies', 'resource', 'repair', 'appeal', 'remedying', 'address', 'reparation', 'solution', 'use', 'resolve', 'overcome', 'fix', 'correcting', 'alleviate', 'solve', 'fill', 'remediate', 'appeals', 'relief', 'corrective']"
removal_n,"['disassembly', 'elimination', 'expulsion', 'withdrawal', 'abduction', 'deletion', 'abolition', 'extraction', 'kidnapping', 'disposal', 'ablation', 'clearance', 'removing', 'deportation', 'revocation', 'dismissal', 'eradication', 'dismounting', 'lifting', 'suppression', 'phase-out', 'remove', 'abolishment', 'remoteness', 'relocation', 'eliminate', 'delete', 'eliminating', 'dismantling', 'clearing', 'eviction', 'dismount', 'eject', 'uninstall', 'withdraw', 'absorption', 'uninstallation', 'demolition', 'extracting', 'abstraction', 'cancellation', 'mining', 'restraining', 'referral', 'teardown', 'drawdown', 'exit', 'erasure', 'repeal', 'refoulement']"
rent_n,"['rental', 'rents', 'rentals', 'lease', 'renting', 'leasing', 'hire', 'tenancy', 'tenants', 'annuity', 'rented']"
repair_n,"['reparation', 'repairs', 'redress', 'repairing', 'reparations', 'fix', 'remedy', 'compensation', 'maintenance', 'remedying', 'repaired', 'remedial', 'remedies', 'restoration', 'relief', 'restorative', 'reform', 'rehabilitation', 'remediation', 'mend']"
replacement_n,"['substitution', 'substitute', 'replacing', 'replace', 'alternative', 'lieu', 'override', 'alternate', 'replacements', 'surrogate', 'replenishment', 'spare', 'change-out', 'replaced', 'reprovisioning', 'proxy', 'renewal', 'alternatives', 'outplacement', 'superseding']"
reply_n,"['response', 'answer', 'respond', 'replica', 'replies', 'rebuttal', 'responding', 'responses', 'answered', 'answers', 'reaction', 'answering', 'svar', 'replied']"
report_n,"['reports', 'reporting', 'rapport', 'relation', 'ratio', 'informs', 'informe', 'deferral', 'inform', 'public', 'comparison', 'relationship', 'reported', 'postponement', 'bericht', 'document', 'declare', 'informed', 'memory', 'compared', 'carry-over', 'connection', 'hdr', 'carryover', 'carry-in']"
reporter_n,"['correspondent', 'journalist', 'reporters', 'postpone', 'defer', 'press', 'xinhua', 'newspaperman', 'stenographer', 'correspondents', 'reschedule']"
representation_n,"['representativeness', 'portrayal', 'depiction', 'représentation', 'representational', 'representative', 'represented', 'imaged', 'representativity', 'representing', 'representations', 'rappresentanza', 'representatives', 'hospitality', 'represent', 'behalf', 'display', 'distribution', 'advocacy', 'presence']"
representative_n,"['representing', 'representatives', 'delegate', 'representation', 'représentant', 'representativeness', 'represent', 'agent', 'representante', 'actress', 'representational', 'represented', 'actor', 'behalf', 'delegates', 'envoy', 'deputies', 'rep', 'representativity', 'depicting']"
republic_n,"['république', 'republika', 'república', 'repubblica', 'srpska', 'republics', 'köztársaság', 'republike', 'republik', 'republican', 'republiky', 'democracy']"
republican_n,"['republicans', 'gop', 'rep.', 'republicana', 'presidential', 'republic-wide', 'republic']"
repurchase_n,"['buyback', 'buy-back', 'repo', 'redemption', 'commuted', 'repurchased', 'buy-out', 'buyout', 'feed-in', 'pension', 'redeeming', 'redeem']"
reputation_n,"['repute', 'reputational', 'fame', 'ruf', 'prestige', 'renown', 'disrepute', 'image', 'standing', 'honorary', 'notoriety', 'stature', 'rumour', 'rep', 'renamed', 'credibility', 'renowned', 'name', 'character']"
request_n,"['application', 'demand', 'ask', 'requisition', 'requests', 'claim', 'petition', 'requested', 'asks', 'asked', 'call', 'seek', 'requesting', 'calls', 'motion', 'asking', 'applications', 'pray', 'demande', 'appeal', 'requirement', 'order', 'demands', 'require', 'plea', 'solicit', 'submission', 'requisitions', 'apply', 'solicitation', 'complaint', 'seeks', 'requête', 'claiming', 'called', 'wondering', 'invitation', 'enquired', 'demanded', 'praying', 'ordering']"
requirement_n,"['obligation', 'requirements', 'condition', 'prerequisite', 'demand', 'prescription', 'need', 'needs', 'criterion', 'precondition', 'prescribing', 'request', 'duty', 'required', 'provision', 'necessity', 'imperative', 'status', 'limitation', 'provisions', 'compulsory', 'stipulation', 'mandatory', 'demands']"
rescue_n,"['bailout', 'save', 'salvage', 'rescued', 'rescuing', 'relief', 'salvation', 'lifesaving', 'sauvetage', 'bail-out', 'rescate', 'saving', 'ransom', 'rescues', 'rescuers', 'blaze', 'life-saving', 'διάσωση', 'sar', 'saved', 'emergency', 'záchranu']"
research_n,"['search', 'investigation', 'study', 'investigations', 'recherche', 'studies', 'inquiry', 'searches', 'searching', 'researches', 'investigative', 'recherches', 'researching', 'investigational', 'researchers', 'quest', 'ricerca', 'r', 'investigación', 'studying', 'finding', 'investigaciones', 'forschung', 'looking', 'retrieval', 'fact-finding', 'researcher', 'investigatorship', 'investigate', 'enquiry', 'seeking', 'pursuit', 'investigating', 'pesquisa', 'studied', 'examine', 'onderzoek', 'investigatory', 'research-based', 'inquiries']"
researcher_n,"['investigator', 'researchers', 'scientist', 'searcher', 'scholar', 'investigators', 'research', 'fellows', 'finder']"
reservation_n,"['reserve', 'booking', 'reservations', 'reserves', 'réservation', 'reserva', 'standby', 'pool', 'reserved', 'ckgr', 'bookings', 'reserving', 'storeroom', 'proviso', 'retain', 'stand-by', 'rez', 'retained', 'stockpile', 'sparing']"
reserve_n,"['reservation', 'reserves', 'reservations', 'contingency', 'standby', 'réserve', 'reservists', 'stand-by', 'storeroom', 'pool', 'reservist', 'reserved', 'rez', 'back-up', 'ckgr', 'on-reserve', 'stockpile', 'booking', 'reserva', 'proviso', 'buffer', 'care-of', 'protest', 'reserving', 'spare', 'book']"
residence_n,"['residency', 'resident', 'stay', 'abode', 'residential', 'résidence', 'home', 'domicile', 'subsistence', 'sojourn', 'reside', 'accommodation', 'residing', 'living', 'arrest', 'housing', 'residences', 'dwelling', 'house']"
resident_n,"['residents', 'residing', 'reside', 'residence', 'living', 'residency', 'domiciled', 'non-resident', 'capita', 'inhabitants', 'inhabitant', 'resided']"
resignation_n,"['resign', 'resigns', 'renunciation', 'resigned', 'waiver', 'resigning', 'abdication', 'dismissal', 'quit', 'quits', 'departure']"
resistance_n,"['strength', 'resilience', 'resistor', 'résistance', 'resistant', 'resisting', 'resist', 'opposition', 'resiliency', 'reluctance', 'stress', 'hardiness', 'resister', 'resistencia', 'endurance', 'stamina', 'militant', 'steadfastness', 'resisted']"
resistor_n,"['resistance', 'resister', 'resilience', 'resistencia']"
resolution_n,"['resolutions', 'decision', 'solution', 'settlement', 'resolving', 'regulation', 'resolve', 'solving', 'unscr', 'motion', 'resolver', 'résolution', 'resolución', 'solve']"
resort_n,"['recourse', 'resorting', 'remedy', 'appeal', 'resource', 'use', 'asylum', 'remedies', 'resorts', 'instance', 'rely', 'refuge', 'redress']"
resource_n,"['resources', 'remedy', 'resort', 'remedies', 'appeal', 'recourse', 'source', 'ressources']"
respect_n,"['regard', 'respecting', 'connection', 'observance', 'compliance', 'respected', 'relation', 'adherence', 'context', 'respects', 'observe', 'honouring', 'sense', 'regards', 'meet', 'against', 'relatively', 'abide', 'title', 'relationship', 'area', 'matter', 'subject', 'fulfilment', 'uphold', 'respectful', 'relating', 'comply', 'field', 'aspect', 'point', 'honour', 'adhere', 'topic', 'issue', 'direction', 'relative', 'meaning', 'fulfil']"
respondent_n,"['defendant', 'interviewee', 'respondents', 'referee', 'appellee', 'responding', 'replying', 'intimate', 'referees', 'sponsor', 'enquirer']"
response_n,"['answer', 'reply', 'reaction', 'intervention', 'responses', 'respond', 'interventions', 'answers', 'replies', 'reactions', 'responding', 'responded', 'action', 'responsiveness', ""'intervention"", 'riposte', 'reponse', 'answered', 'svar', 'speech', 'solution', 'contingency']"
responsibility_n,"['liability', 'responsibilities', 'accountability', 'responsible', 'responsabilité', 'duty', 'onus', 'competence', 'obligation', 'blame', 'accountable', 'charge', 'liable', 'liabilities', 'duties', 'jurisdiction', 'task', 'responsability', 'accountabilities', 'remit', 'burden']"
restoration_n,"['restore', 're-establishment', 'restoring', 'catering', 'reinstatement', 'recovery', 'reset', 'rehabilitation', 'remediation', 'restauration', 'reclamation', 'foodservice', 'resumption', 'reestablishment', 'restitution', 'resume', 'restored', 'restaurant', 'revalidation', 'return', 'refurbishment', 'reintroduction', 'resetting', 'rebuilding', 'regeneration', 'repair', 'restaurants', 'refund', 'reconstruction', 're-establish', 'renovation', 'food', 'revival', 'resuming', 'reconstitution']"
restraint_n,"['moderation', 'self-control', 'self-restraint', 'withholding', 'deduction', 'holdback', 'tie-down', 'restriction', 'containment', 'retention', 'restraining', 'constraint', 'reticence', 'restrictions', 'coercion', 'limitation', 'impoundment', 'austerity', 'chosen']"
restriction_n,"['limitation', 'restrictions', 'constraint', 'restrictiveness', 'restricting', 'restraint', 'limit', 'curtailment', 'restricted', 'limitations', 'restrict', 'restraining', 'limiting', 'restrictive', 'back-pressure', 'constraints']"
result_n,"['outcome', 'results', 'consequence', 'lead', 'continued', 'suite', 'reason', 'cause', 'output', 'fruit', 'outcomes', 'effect', 'upshot', 'root', 'wake', 'achievement', 'résultat', 'score', 'findings', 'proved', 'right', 'outturn', 'raison', 'product', 'aftermath', 'fact', 'translate', 'continuation', 'owing', 'conclusion', 'attributable']"
retirement_n,"['pension', 'retired', 'retire', 'retreat', 'retiring', 'retraite', 'pensionable', 'withdrawal', 'pensions', 'retirements', 'superannuation', 'post-retirement', 'old-age', 'retires']"
return_n,"['back', 'repatriation', 'declaration', 'returning', 'statement', 'returns', 'restitution', 'refund', 'performance', 'refoulement', 'retour', 'returned', 'revert', 'reversion', 're-entry', 'restoration', 'yield', 'restore', 'comeback', 'round-trip', 'turn', 'exchange', 'recovery', 'profitability', 'resumption', 'ouda', 'resume', 'repayment', 'repatriate', 'restituzione', 'al-awda', 'awda', 'rebate', 'restituição', 'counterparty', 'reimbursement', 'devolution', 'returnee', 'repay', 'restitución']"
revenue_n,"['income', 'revenues', 'incomes', 'earnings', 'receipts', 'recipes', 'revenu', 'recipe', 'tax', 'back', 'proceeds', 'earning', 'taxation']"
reverse_n,"['inverse', 'back-up', 'reversed', 'opposite', 'auction', 'overthrow', 'revert', 'invest', 'reversal', 'contrary', 'overturn', 'invert', 'auctions', 'investing', 'versa', 'converse', 'revoke', 'rollback', 'setback', 'backspace', 'cancel', 'backtrack', 'reversing', 'topple', 'antisense', 'annul', 'inversion', 'contrast', 'reverting']"
review_n,"['consideration', 'examination', 'revision', 'reviewing', 'examine', 'revise', 'reviews', 'exam', 'reviewed', 'reconsideration', 'study', 'consider', 'revue', 'examining', 'reconsider', 're-determination', 'discussion', 're-examination', 're-examine', 'revisit', 'scrutiny', 'overhaul', 'examinations', 'assessment', 'inspect', 're-investigation', 'revising', 'evaluation', 'examined', 'discuss', 'considering', 'journal', 'analysis', 'revisions', 'test', 'magazine', 'hotfix', 'revised', 'examines', 'browse', 'redetermination', 'audit', 'overview', 'control', 'rethink', 'screening', 'explore', 'considered', 'exams', 'reexamination', 'examen', 'revoir', 'check', 'vetting', 'patch', 'reinvestigation', 'investigation']"
revolt_n,"['rebellion', 'uprising', 'insurgency', 'revolution', 'mutiny', 'rebel', 'coup', 'insurrection', 'revulsion', 'riot', 'al-thawra', 'intifada']"
revolution_n,"['revolutionary', 'révolution', 'revolutions', 'revolución', 'al-thawra', 'revolt', 'uprising', 'backlash', 'upheaval', 'rebellion', 'rotation']"
reward_n,"['rewards', 'rewarding', 'award', 'prize', 'recompense', 'remuneration', 'awards', 'payoff', 'bonus', 'gratuity', 'bounty']"
rhythm_n,"['pace', 'tempo', 'rate', 'melody', 'beat']"
ribbon_n,"['tape', 'band', 'banda', 'lazo', 'gang', 'belt', 'bead']"
riches_n,"['wealth', 'treasures', 'bounties']"
ride_n,"['tower', 'ballad', 'mendeleev', 'wrinkle', 'car', 'odyssey', 'merry-go-round', 'trip', 'bike', 'walk', 'tour', 'stroll', 'journey', 'horse', 'turn', 'motorcycle', 'parkway', 'trick', 'travel', 'drive', 'driving', 'hiking']"
ridge_n,"['crête', 'crest', 'peak', 'dorsal', 'ling', 'leng', 'spike', 'cornice', 'cristae', 'papillary']"
rift_n,"['rifting', 'bifida', 'crack', 'divide', 'gap', 'split', 'breccia', 'fault', 'cleavage', 'fracture', 'schism', 'distension', 'chasm', 'fissure', 'disagreement']"
riot_n,"['anti-riot', 'riots', 'rioting', 'mutiny', 'unrest', 'revolt', 'rioted', 'disturbance']"
rise_n,"['increase', 'rises', 'place', 'elevation', 'climb', 'growth', 'birth', 'surge', 'emergence', 'rising', 'montée', 'ascent', 'grow', 'hike', 'origin', 'ascension', 'increased', 'mounted', 'soar', 'azo', 'higher', 'upsurge', 'soars', 'rally', 'escalation', 'up', 'climbs', 'increasing', 'jumps', 'high', 'raise', 'rose', 'location', 'jump', 'boom', 'surges']"
risk_n,"['risks', 'danger', 'hazard', 'venture', 'hazards', 'threat', 'likelihood', 'risc', 'jeopardy', 'peril', 'at-risk', 'ril', 'potential', 'risque', 'dangerous', 'dangers', 'likely', 'risques', 'chance', 'possibility', 'may', 'stake', 'risk-taking', 'risky', 'exposure', 'might']"
rival_n,"['competitor', 'competing', 'challenger', 'opponent', 'competition', 'contender', 'rivals', 'hostile', 'conflicting', 'compete', 'adversary']"
rivalry_n,"['competition', 'infighting']"
River_n,"['rivière', 'rivers', 'rio', 'fleuve', 'fluvial', 'riverine', 'riviã', 'ho', 'hydrographic', 'fluss', 'st.', 'riverbank', 'stream', 'nahr', 'revere', 'ríos', 'crick', 'creek', 'rivières', 'water', 'waterway', 'upe']"
riverside_n,['riparian']
robustness_n,"['soundness', 'solidity', 'strength', 'reliability', 'toughness', 'robust', 'resilience']"
rod_n,"['roed', 'dipstick', 'cane', 'bar', 'pushrod', 'rudd', 'stem', 'wand', 'ruud', 'stems', 'stalk', 'stick', 'crd', 'tie-rod', 'splint', 'shoot']"
role_n,"['function', 'roles', 'feature', 'part', 'paper', 'rôle', 'functions', 'task', 'rolle', 'roll', 'contribution', 'papel', 'rol', 'importance', 'player', 'involvement', 'place']"
roll_n,"['rouleau', 'rollo', 'roller', 'padrón', ""'n'roll"", 'coil', 'wobble', 'role', 'nominal', 'roster', 'register', 'bread', 'scroll', 'rollup', 'stabilizer']"
roman_n,"['romaine', 'romans', 'romana', 'novel', 'romain', 'romanian', 'romano', 'rome', 'romanians', 'romanesque', 'román', 'fiction', 'romi', 'ramon', 'rumanian', 'romania']"
roof_n,"['rooftop', 'ceiling', 'toit', 'roofing', 'roofs', 'top', 'sunroof', 'terrace']"
root_n,"['racine', 'roots', 'deep', 'underlying', 'profound', 'origin', 'fundamental', 'wake', 'result', 'aftermath', 'source', 'basic', 'deep-rooted', 'radical', 'rooted', 'core']"
rope_n,"['cord', 'noose', 'string', 'cable', 'chord', 'steel', 'wire', 'twine']"
round_n,"['cycle', 'tour', 'series', 'ronde', 'tower', 'ronda', 'inning', 'discussion', 'rounds', 'turn', 'redondo', 'wave', 'kola', 'phase', 'trick', 'part-session', 'round-table', 'cycles', 'roundtable', 'tables']"
route_n,"['path', 'itinerary', 'road', 'routing', 'map', 'routes', 'way', 'highway', 'ruta', 'journey', 'track', 'pathway', 'routings', 'line', 'roadway', 'course', 'delineation', 'direction', 'routeing', 'roads', 'axis', 'rangeland', 'paths', 'rtg', 'pathways', 'plot', 'via']"
routine_n,"['systematic', 'regular', 'routines', 'usual', 'day-to-day', 'currents', 'rut', 'normal', 'habitual', 'current', 'ordinary', 'daily', 'common', 'periodic', 'commonplace', 'everyday', 'systematically', 'perfunctory']"
Row_n,"['rows', 'fila', 'rdm', 'line', 'corridor', 'ramez', 'rank', 'right-of-way', 'hallway', 'queue']"
rubbish_n,"['garbage', 'nonsense', 'refuse', 'waste', 'trash', 'junk', 'litter', 'detritus', 'balderdash', 'codswallop', 'poppycock', 'dustbin', 'bullshit', 'disparate']"
rule_n,"['article', 'state', 'primacy', 'norm', 'al-qaeda', 'rules', 'norma', 'ruler', 'section', 'qaeda', 'artikel', 'empire', 'άρθρο', 'standard', ""'articolo"", 'domination', 'règle', 'articolo', 'provision', 'status', 'artigo', 'regulation', 'art.', 'pre-eminence', 'alqaeda', 'supremacy', 'regel', 'base', 'reign', 'articles', 'principle', 'al-qaida', 'art', 'sovereignty', 'item', 'regulates', 'ruling', 'artículo']"
ruler_n,"['ruling', 'governor', 'rule', 'gov.', 'sovereign', 'leader', 'governing', 'master']"
rumour_n,"['rumor', 'hearsay', 'reputation', 'gossip']"
runner_n,"['racer', 'slider', 'fugitive', 'enmity', 'hostility', 'animosity', 'tramp', 'messenger', 'sprinter', 'entrant', 'rider']"
running_n,"['run', 'functioning', 'executing', 'operating', 'operation', 'execute', 'execution', 'race', 'implementing', 'implementation', 'management']"
safety_n,"['security', 'safe', 'certainty', 'sécurité', 'sûreté', 'secure', 'integrity', 'protection', 'salama', 'harmlessness', 'salamah', 'wholesomeness']"
saint_n,"['st.', 'santa', 'holy', 'san', 'st', 'sainte', 'sant', 'santo', 'saintly', 'sankt', 'shing', 'sint']"
sake_n,"['saké', 'interest', 'behalf', 'altar', 'name', 'well', 'amor', 'saki', 'skull', 'love', 'benefit']"
salary_n,"['wage', 'salaries', 'wages', 'pay', 'treatment', 'remuneration', 'treatments', 'payroll', 'processing', 'earnings', 'paycheck', 'compensation', 'salary-related']"
sale_n,"['selling', 'sales', 'sell', 'salted', 'sold', 'vente', 'no', 'salt', 'marketing', 'purchase', 'sell-off', 'auction', 'resale', 'trading', 'dirty']"
salt_n,"['sal', 'salts', 'sel', 'salted', 'saline', 'salty', 'salé', 'salado', 'lrs', 'salinity', 'saltwater', 'flushing', 'soli', 'sls']"
sample_n,"['samples', 'sampling', 'specimen', 'displays', 'example', 'sampled', 'case-study', 'examples', 'shows', 'cross-section', 'specimens', 'model', 'displayed']"
sanction_n,"['punish', 'punishment', 'sanctions', 'assent', 'penalty', 'penalties', 'penalize', 'penalise', 'sanctioning']"
sanctuary_n,"['refuge', 'shrine', 'haven', 'shelter', 'sanctum', 'sanctuaries', 'refugium', 'refugia', 'asylum', 'al-haram', 'jubail', 'shelters']"
satellite_n,"['satellites', 'satellite-based', 'weixing', 'space', 'qamar', 'moon', 'comoros']"
satisfaction_n,"['appreciation', 'pleasure', 'gratification', 'delight', 'contentment', 'reza', 'satisfied', 'fulfillment', 'meeting']"
sauce_n,"['gravy', 'salsa', 'dressing', 'dip', 'spice', 'juice']"
saucepan_n,"['pot', 'casserole', 'pan', 'stove']"
saving_n,"['savings', 'save', 'rescuing', 'rescue', 'sauvant', 'saved', 'austerity', 'safeguard', 'economy', 'rescued', 'saves', 'economies', 'sauvé', 'διάσωση', 'saver', 'salvating', 'storage', 'conservation', 'sparing']"
scale_n,"['magnitude', 'level', 'ladder', 'scales', 'size', 'extent', 'scaling', 'scope', 'schedule', 'dimension', 'scalability', 'range', 'breadth', 'table', 'cochineal', 'levels', 'volume', 'amplitude', 'greatness', 'wide', 'grid', 'grandeur', 'scalar', 'stopover']"
scandal_n,"['scandalous', 'disgrace', 'outrage', 'fuss', 'bombshell', 'shame']"
scapegoat_n,"['scapegoating', 'patsy', 'emissary', 'outfall']"
scene_n,"['arena', 'stage', 'scène', 'scenario', 'mashhad', 'theatre', 'scenes', 'sites', 'theater', 'places', 'place', 'site', 'landscape', 'performing', 'scenery', 'panorama', 'picture', 'on-site']"
schema_n,"['outline', 'schemas', 'scheme', 'schematic', 'diagram', 'pattern', 'outlines']"
scheme_n,"['plan', 'regime', 'system', 'schema', 'plans', 'schemes', 'programme', 'planned', 'outline', 'project', 'program', 'combination', 'planning', 'programmes', 'diagram', 'pattern', 'mechanism', 'schematic', 'regimen', 'merge', 'projects']"
scholar_n,"['scholars', 'cleric', 'researcher', 'investigator', 'savant', 'academic', 'scientist', 'awardee', 'specialist']"
science_n,"['sciences', 'scientific', 'wissenschaft', 'al-ulum', 'ciencia', 'scientist', 'flag', 'scientists', 'al-uloum', 'ciencias', 'scientifically', 'scientifique', 'scienze', 'science-based', 's', 'ul-uloum', 'veda', 'scientiﬁc']"
scientist_n,"['scientific', 'researcher', 'scientists', 'savant', 'investigator', 'science', 'scientifique', 'scholar', 'scientiﬁc']"
scope_n,"['extent', 'reach', 'field', 'range', 'breadth', 'magnitude', 'ambit', 'scale', 'area', 'coverage', 'framework', 'margin', 'sphere', 'portée', 'reachability', 'purview', 'brought', 'significance', 'context', 'grasp', 'fingertips', 'size', 'leeway', 'reaches', 'extended', 'possibilities', 'worn', 'possibility', 'room', 'latitude', 'comms', 'litter', 'space', 'level', 'outreach']"
score_n,"['punctuation', 'note', 'scoring', 'rating', 'notes', 'symbol', 'partition', 'mark', 'hgmf', 'result', 'outcome', 'footnote']"
scorn_n,"['contempt', 'disdain', 'disregard', 'despise', 'defiance', 'derision']"
scotch_n,"['whiskey', 'whisky', 'scottish', 'tape', 'malt', 'scots', 'whiskies']"
scotsman_n,"['scottish', 'scots']"
scourge_n,"['plague', 'evil', 'blight', 'bane', 'curse', 'nitrogen', 'menace', 'disaster', 'affliction', 'epidemic']"
screen_n,"['display', 'screens', 'visor', 'pant', 'écran', 'filter', 'panel', 'strainer', 'shield', 'on-screen', 'screening', 'form', 'monitor', 'canvas', 'touchscreen', 'window', 'sieve']"
scribe_n,"['calligrapher', 'trace']"
script_n,"['scripting', 'scripts', 'scenario', 'alphabet', 'screenplay', 'command', 'commands', 'hyphen', 'indent', 'legend']"
sculpture_n,"['carving', 'sculptures', 'sculpting', 'mural']"
seal_n,"['seals', 'sealing', 'stamp', 'sealed', 'foca', 'leakproofness', 'retainer', 'sceaux', 'board', 'bucket', 'hallmark']"
search_n,"['research', 'quest', 'recherche', 'searching', 'lookup', 'pursuit', 'searches', 'find', 'finding', 'seek', 'prefetch', 'búsqueda', 'hunt', 'searched', 'investigational', 'tracing', 'raided', 'retrieval', 'locate', 'searchable', 'inst.', 'frisk', 'inspection', 'excavation', 'seeking', 'recherches', 'looking', 'researching']"
secret_n,"['secrecy', 'secrets', 'clandestine', 'covert', 'secretive', 'confidential', 'confidentiality', 'secretly', 'undercover', 'slush', 'hidden', 'sri', 'classified', 'mystery', 'incommunicado', 'hush-hush', 'underground', 'intelligence']"
section_n,"['article', 'chapter', 'sect', 'part', 'platoon', 'sections', 'division', 'rule', 'sección', 'frame', 'paragraph', 'festival', 'branch', 'clause', 'subsection', 'party', 'unit', 'portion', 'item', 'art.', 'sectional', 'articles', 'afdeling', 'subparagraph', 'heading', 'unog', 'segment', 'group']"
sector_n,"['industry', 'area', 'sectors', 'sectoral', 'strip', 'departments', 'mun', 'field', 'secteur', 'line', 'settore', 'industries', 'sphere', 'territories', 'segment', 'branch', 'areas', 'alan', 'department']"
security_n,"['safety', 'safe', 'certainty', 'secure', 'sécurité', 'guarantee', 'warranty', 'safing', 'seguridad', 'insurance', 'security-building', 'protection', 'sûreté', 'assurance', 'security-related']"
seed_n,"['seeds', 'semences', 'semillas', 'semen', 'start-up', 'spat', 'pre-startup', 'sperm', 'plants', 'grain', 'seeding', 'sowing', 'semi']"
segment_n,"['segments', 'debate', 'part', 'ring', 'discussion', 'slice', 'portion', 'sector', 'section', 'meeting']"
selection_n,"['selecting', 'shift', 'choice', 'select', 'screening', 'sélection', 'selected', 'choices', 'adjudication', 'choosing', 'breeding', 'selector', 'choose', 'selections', 'election', 'sel', 'selectivity', 'option', 'pick']"
self_n,"['self-', 'automatic', 'autonomy', 'auto', 'self-control', 'yourself', 'self-management', 'autonomous', 'self-government', 'self-defense', 'programmed', 'self-care', 'self-assessment', 'personality']"
selfishness_n,"['egoism', 'egotism', 'self-interest', 'self-indulgence', 'egocentricity', 'self-centred', 'selfish']"
seminar_n,"['workshop', 'séminaire', 'seminary', 'seminars', 'symposium', 'seminario', 'colloquium', 'colloquy', 'retreat', 'symposia', 'colloque']"
sensation_n,"['feeling', 'sense', 'sensitivity']"
sense_n,"['feeling', 'meaning', 'regard', 'sentiment', 'direction', 'feel', 'logic', 'impression', 'smell', 'respect', 'connection', 'logical', 'senses', 'perception', 'vein', 'sens', 'sensu', 'spirit', 'effect', 'idea', 'sensation', 'way', 'sensible', 'point', 'concept', 'reason', 'significance', 'context', 'awareness', 'consciousness', 'view']"
sensitivity_n,"['susceptibility', 'tenderness', 'sensibility', 'sensitivities', 'sensitiveness', 'responsiveness', 'sensitive', 'delicacy', 'awareness', 'receptiveness', 'vulnerability', 'tact', 'sensation', 'psychosocial']"
separation_n,"['disengagement', 'segregation', 'separating', 'unbundling', 'separator', 'secession', 'splitting', 'spacing', 'spacer', 'distinction', 'split', 'seam', 'parting', 'distance', 'termination', 'cessation', 'separations', 'division', 'separated', 'barrier', 'buffer', 'chapter', 'break-up', 'departure', 'stand-off', 'severance', 'separatism', 'partitioning', 'decoupling', 'isolation', 'breakup', 'separate', 'gap']"
separatism_n,"['splittism', 'separatist', 'splittist', 'secessionist', 'breakaway', 'secession', 'separation', 'split', 'splitting']"
sequence_n,"['sequences', 'sequencing', 'stream', 'seq', 'sequential', 'footage', 'order', 'listing', 'series', 'sequenced', 'succession', 'chronology', 'nucleotide']"
Sergeant_n,"['sarge', 'sgt.', 'sgt', 'gunny', 'sergent', 'gunney', '-sergeant', 'sergeants', 'brigadier', 'sir', 'censor', '-sarge', 'adjutant', 'detective']"
series_n,"['serial', 'number', 'set', 'instalment', 'range', 'suite', 'round', 'sets', 'série', 'rounds', 'instalments', 'compendium', 'recueil', 'variety', 'suites', 'raft', 'collection', 'compilation', 'sequence', 'array', 'rie', 'treaties', 'spate', 'string', 'succession', 'chain', 'package', 'serials']"
servant_n,"['custodian', 'maid', 'minion', 'handyman', 'slave', 'vassal', 'officer', 'servo', 'wench', 'employee', 'official', 'server']"
server_n,"['servers', 'waiter', 'server-side', 'server-', 'sever', 'busboy', 'servant']"
service_n,"['services', 'function', 'servicing', 'duty', 'serve', 'favor', 'department', 'branch', 'servizio', 'administration', 'servicio', 'serving', 'unit', 'office', 'facility', 'csis', 'basis', 'dienst', 'fonction', 'servants']"
session_n,"['meeting', 'sessions', 'sitting', 'part-session', 'sessional', 'al-doura', 'meetings', 'conference', 'doura', 'in-session', 'cycle', 'dora', 'period', 'sesji']"
set_n,"['series', 'established', 'fixed', 'whole', 'establish', 'define', 'together', 'game', 'configured', 'configure', 'defined', 'stake', 'put', 'joint', 'setting', 'sets', 'fix', 'package', 'determined', 'range', 'determine', 'adjust', 'suite', 'establishing', 'gaming', 'assembly', 'entire', 'specified', 'establishment', 'identified', 'number', 'adjusted', 'serial', 'placed', 'defining', 'plateau', 'adjustment', 'configures', 'prepared', 'ensemble', 'configuration', 'play', 'set-plan', 'prescribed', 'install', 'establishes', 'group', 'attached', 'identify']"
setting_n,"['configuration', 'fixing', 'settings', 'configuring', 'setup', 'fixation', 'adjustment', 'establishing', 'establishment', 'set', 'configure', 'establish', 'definition', 'mounting', 'option', 'adjusting', 'defining', 'value', 'adjust', 'determining', 'environment', 'context', 'fashioning', 'parameter', 'config', 'framework', 'tuning', 'define', 'fix', 'determination', 'institution', 'putting', 'set-up']"
settlement_n,"['regulation', 'solution', 'settlements', 'colonization', 'accordance', 'regulations', 'colony', 'liquidation', 'settling', 'resolve', 'resolution', 'resolving', 'solve', 'rules', 'agreement', 'settle', 'solving', 'settler', 'colonisation', 'colonies', 'array', 'arrangement', 'clearing', 'resettlement', 'resolved', 'transaction', 'solved', 'address', 'stand', 'establishment', 'rehousing', 'règlement', 'settled', 'by-law', 'winding-up', 'reconciliation']"
sewage_n,"['wastewater', 'sewerage', 'sewer', 'slop', 'waste-water', 'effluent', 'sewers', 'sanitation', 'drainage']"
shade_n,"['shadow', 'shading', 'shadows', 'grayling', 'nuance', 'sombra', 'grey', 'shred', 'hue']"
Shadow_n,"['shade', 'shadows', 'alternative', 'sombra', 'grayling', 'fictional', 'shading', 'notional', 'parallel', 'ghost', 'alternate', 'shred', 'grey', 'darkness', 'snapshots', 'dark', 'snapshot']"
shale_n,"['schist', 'shales', 'whiteboard']"
shame_n,"['disgrace', 'ashamed', 'pity', 'embarrassment', 'embarrassed', 'shameful', 'regrettable', 'embarrass', 'shaming', 'infamy', 'outrage', 'affront', 'scandal', 'stigma', 'ignominy', 'embarrassing', 'penalty', 'opprobrium', 'injury', 'dishonour', 'shamed', 'damage']"
shareholder_n,"['shareholders', 'stockholder', 'shareholding', 'contributor']"
sheet_n,"['leaf', 'map', 'road', 'sheets', 'feuille', 'worksheet', 'slip', 'fiche', 'plate', 'tarp', 'tarpaulin', 'blade', 'leaves', 'spreadsheet', 'piece', 'sheeting', 'bladed', 'zhang']"
shelf_n,"['plateau', 'platform', 'continental', 'tray', 'platter', 'rack', 'conservation', 'tablet', 'bookshelf', 'shelving', 'bookcase', 'mower', 'shelf-life', 'mainland']"
shell_n,"['carapace', 'hull', 'eggshell', ""'shell"", 'reservoir', 'skal', 'envelope', 'tank', 'shells', 'misprint', 'typo', 'projectile', 'shellfish', 'container', 'coke', 'fictitious', 'schell', 'walnuts', 'almonds', 'bomb']"
shelter_n,"['housing', 'refuge', 'accommodation', 'shelters', 'haven', 'sanctuary', 'maoist', 'dwelling', 'sarcophagus', 'quartering', 'lodging', 'refugia', 'sanctuaries', 'accommodations', 'refugium', 'asylum', 'hostel', 'home', 'refugio', 'houses', 'foxhole', 'vivienda']"
shield_n,"['escudo', 'shields', 'protector', 'shielding', 'breastplate', 'armor', 'armour', 'shielded', 'ecu', 'screen', 'deck', 'protect', 'protection', 'dun', 'badge', 'saver']"
shift_n,"['selection', 'change', 'displacement', 'select', 'transition', 'reorientation', 'transfer', 'selecting', 'transformation', 'passage', 'move', 'quarter', 'exchange', 'changeover', 'changing', 'changes', 'selector', 'uppercase', 'evolution', 'shiftwork', 'turn', 'movement', 'reversal']"
shin_n,"['shein', 'hsin', 'xin', 'shen', 'shank', 'shean', 'tibia', 'sheen']"
ship_n,"['vessel', 'boat', 'ships', 'vessels', 'spaceship', 'starship', 'shipping', 'navire', 'baseship', 'ship-to', 'freighter', 'shuen', 'shipment', 'cruiser', 'shuttle', 'craft', 'warship', 'send', 'spacecraft', 'plover', 'battleship', 'dispatch', 'ship-']"
shipment_n,"['expedition', 'dispatch', 'consignment', 'shipping', 'cargo', 'shipments', 'sending', 'transmittal', 'loading', 'ship-to', ""'expédition"", 'mailing', 'lading', 'despatch', 'ship', 'transfer', 'expeditions', 'delivery', 'dispatching', 'transport', 'send', 'load', 'forwarding', 'submission', 'embarkation', 'freight', 'shipped', 'remittance', 'sent', 'transportation']"
shit_n,"['fuck', 'crap', 'damn', 'bullshit', 'dammit', 'hell', 'merde', 'joke', 'stuff', 'shitty', '-shit', 'bollocks', 'frak', 'shite', 'bitch', 'shits', 'goddamn', 'jesus', 'turd', 'mess', 'damnit', 'christ', 'fucking', 'shir', 'goddammit', 'bugger', 'cack', 'cwap', 'goddamnit', 'cono', 'thing', '-fuck', 'cursed', 'crappy', 'horseshit', 'sh-shit', 'ass', 'trouble', 'jeez', 'dirt', 'scheisse', 'junk', 'shithouse']"
shock_n,"['clash', 'downloads', 'shocks', 'download', 'impact', 'trauma', 'commotion', 'blow', 'dismay', 'crash', 'consternation', 'collision', 'damper', 'concussion', 'jolt', 'shocker', 'shocked', 'horror', 'stupor']"
shore_n,"['shoreline', 'côte', 'coast', 'rive', 'rivage', 'shores', 'coastline', 'riverbank', 'seashore', 'bank', 'beach', 'shorebird', 'shorebirds', 'side', 'earth', 'costa', 'littoral', 'waterfront', 'rib', 'riparian', 'land', 'lakeshore', 'onshore']"
shortage_n,"['scarcity', 'shortages', 'lack', 'shortfall', 'dearth', 'paucity', 'deficit', 'inadequacy', 'deficiency', 'insufficiency', 'insufficient', 'shortcoming', 'absence', 'penury', 'inadequate']"
shot_n,"['fired', 'tir', 'killed', 'gunshot', 'bullet', 'shooter', 'slaughtered', 'kill', 'chance', 'luck', 'shooting', 'ball', 'fire', 'injection', 'filmed', 'pulled', 'murdered', 'firing', 'felled', 'offed', 'bite', 'shoot', 'kiiled', 'microfilmed', 'photo', 'blow', 'launched', 'tyre']"
shoulder_n,"['assume', 'shoulders', 'bear', 'elbow', 'take', 'side']"
show_n,"['demonstrate', 'display', 'indicate', 'prove', 'reveal', 'spectacle', 'illustrate', 'displayed', 'showing', 'visa', 'shows', 'displaying', 'displays', 'unhide', 'salon', 'suggest', 'exhibition', 'evidence', 'demonstrating', 'sau', 'demonstration', 'showcase', 'exhibit', 'issuance', 'appear', 'presentation', 'reflect']"
showdown_n,"['confrontation', 'duel', 'decisive', 'stand-off']"
showing_n,"['indicating', 'demonstrating', 'show', 'displaying', 'illustrating', 'display', 'proving', 'stating', 'depicting', 'exhibiting', 'shows', 'reflecting']"
side_n,"['hand', 'lateral', 'côté', 'parallel', 'party', 'secondary', 'part', 'aside', 'aspect', 'coast', 'camp', 'sides', 'flank', 'lado', 'aids', 'cara', 'shore', 'collateral', 'sideways', 'outboard', 'shoulder', 'adjacent']"
siege_n,"['blockade', 'headquarters', 'seat', 'site', 'embargo', 'encirclement', 'besieging', 'besiege', 'besieged']"
sight_n,"['view', 'glance', 'vista', 'eyesight', 'spectacle', 'vision', 'horizon', 'visibility', 'order', 'visual']"
sigma_n,['ammis']
sign_n,"['signal', 'signing', 'signs', 'signature', 'signed', 'indication', 'omen', 'signe', 'mark', 'symbol', 'symptom', 'evidence', 'poster', 'trace', 'sign-a', 'message', 'conclude', 'billboard']"
signal_n,"['sign', 'message', 'signals', 'cue', 'signalling', 'indication', 'signs', 'mark', 'signaling', 'gesture', 'transmissions']"
signature_n,"['signing', 'signatures', 'signed', 'sign', 'firma', 'signoff', 'sign-off', 'scrawl', 'firm']"
significance_n,"['importance', 'meaning', 'relevance', 'important', 'scope', 'weight', 'sense', 'significant', 'interest', 'prominence', 'value', 'emphasis']"
silence_n,"['silent', 'quiet', 'mute', 'silenzio', 'hush', '-silence', 'sllence', 'silênce', 'sorry.-quiet', 'muting']"
silk_n,"['floss', 'harir', 'seta', 'silke', 'setae', 'shredded', 'spectrum']"
silver_n,"['plata', 'silvery', 'money', 'silverware', 'ngan', 'argent', 'cash', 'boc']"
similarity_n,"['resemblance', 'likeness', 'analogy', 'homology']"
simplification_n,"['simplifying', 'streamlining', 'simplify', 'simplified', 'streamline', 'simplicity', 'facilitation', 'streamlined', 'simpler', 'oversimplification', 'simplifications']"
sin_n,"['sian', 'nas', 'evil-doing', 'chung-kai', 'immortal', 'sin-offering', 'sinner', 'fairy', 'xian', 'without', 'pity', 'evil']"
sink_n,"['wells', 'washbasin', 'heatsink', 'sinks', 'receiver', 'sump', 'well', 'drown', 'spreader', 'drain']"
Sir_n,"['mr', 'monsieur', 'mister', 'mr.', 'captain', 'crs', 'colonel', 'lieutenant', 'sire', 'crss', 'gentleman', 'sidi', 'admiral', 'commander', 'chief', 'head', 'massa', 'sergeant', 'master', 'sturmbanfuhrer', 'sid']"
siren_n,['mermaid']
site_n,"['website', 'sites', 'location', 'place', 'venue', 'web', 'siege', 'station', 'locations', 'scene', 'venues', 'places', 'on-site', 'situ', 'address', 'emplacement', 'site.', 'held', 'site-', 'chantier']"
situation_n,"['status', 'situations', 'position', 'circumstances', 'conditions', 'condition', 'state', 'lage', 'plight', 'case', 'situación', 'location', 'scenario', 'picture', 'situational', 'context', 'circumstance', 'reality', 'problem', 'predicament']"
skin_n,"['cutaneous', 'dermal', 'epidermis', 'complexion', 'leather', 'shovel', 'ass', 'pelt', 'fur', 'hide', 'flogging', 'mask', 'flesh', 'skins', 'whipping', 'hag', 'neck', 'peel', 'skinned', 'pelts', 'floozy', 'kill']"
slave_n,"['slaves', 'slavic', 'slavey', 'slavery', 'slav', 'slavonic', 'enslaved', 'servant', 'subordinate', 'bonded', 'kali', 'thrall']"
sleeve_n,"['hose', 'manga', 'bushing', 'sheath', 'hoses', 'shirt', 'manche', 'accommodation', 'mancha', 'muff', 'mantle', 'sleeved']"
slice_n,"['instalment', 'tranche', 'pizza', 'segment', 'piece', 'portion']"
slide_n,"['slides', 'sliding', 'slip', 'slider', 'toboggan', 'blade', 'acetate', 'landslide', 'lamella']"
slope_n,"['slopes', 'slant', 'talus', 'versant', 'gradient', 'sloping', 'steepness', 'berm', 'hillside', 'inclination', 'tilt', 'pending', 'hill', 'incline', 'grade', 'slippery']"
smear_n,"['pap', 'blemish', 'defamatory', 'soiling', 'mancha', 'slander', 'blurring']"
snag_n,"['anomaly', 'boredom', 'pitfall']"
snail_n,"['physa', 'gastropod', 'escargot']"
snake_n,"['serpent', 'couleuvre', 'snakes', 'snakebite', 'rattlesnake', 'cobra', 'viper', 'gray']"
snooker_n,['billiard']
socialism_n,['socialist']
socialization_n,"['socialisation', 'socialising', 'collectivisation', 'collectivization']"
society_n,"['corporation', 'company', 'société', 'social', 'community', 'gesellschaft', 'societies', 'sociedad', 'societal', 'maatschappij', 'sociedade', 'družba', 'association', 'league', 'public', 'firm', 'sabiedrība', 'sociã']"
sociology_n,"['sociologie', 'sociología', 'sociological']"
software_n,"['sw', 'softwares', 'logiciels', 'sofware', 'soft', 'programmes', 'computer']"
soil_n,"['soils', 'ground', 'land', 'sol', 'floor', 'earth', 'territory', 'sun', 'mark', 'terrain', 'flooring', 'floors', 'soil-borne']"
solicitor_n,"['lawyer', 'lawyers', 'solicitors', 'counsel', 'attorney', 'procurador', 'barrister', 'procurator', 'prosecutor', 'attorneys', 'bar']"
solution_n,"['settlement', 'solutions', 'resolution', 'resolve', 'solving', 'resolving', 'solve', 'option', 'answer', 'remedy', 'workaround', 'settling', 'alternative', 'way', 'solved', 'resolved', 'decision', 'fix', 'approach', 'response']"
sort_n,"['kind', 'type', 'sorting', 'genus', 'classification', 'art', 'trier', 'classify', 'species', 'order', 'form', 'genre', 'ordering', 'sorts', 'sorted', 'class', 'management', 'gender', 'guy', 'nature', 'fate']"
soul_n,"['alma', ""'alma"", 'souls', 'spirit', 'meas', 'ame', 'heart', 'lifeblood', 'aalma', 'psyche', 'self-control', 'mind']"
sound_n,"['audio', 'rational', 'healthy', 'solid', 'good', 'noise', 'robust', 'strong', 'salim', 'acoustic', 'sensible', 'audible', 'proper', 'sounds', 'beep', 'selim', 'sonar', 'reasonable', 'reliable', 'acoustics', 'valid', 'øresund', 'able-bodied', 'sund', 'sonora', 'strait', 'correct', 'wise', 'voice', 'firm', 'seem', 'judicious', 'stable', 'aural', 'solids', 'sons', 'wholesome']"
soundtrack_n,['audiotape']
source_n,"['origin', 'sources', 'font', 'fuente', 'cause', 'origins', 'origen', 'supply', 'melting', 'fount', 'melt', 'wellspring', 'home', 'originating', 'root', 'provenance', 'smelting', 'resource', 'fonts', 'spring']"
spark_n,"['sharara', 'sparks', 'ignites', 'sparkle', 'trigger', 'glimmer', 'moxie', 'ignite']"
specialist_n,"['specialized', 'specialised', 'specialists', 'expert', 'specialty', 'officer', 'specializing', 'experts', 'professional', 'skilled', 'practitioner', 'specialization', 'specialising', 'dedicated', 'scholar']"
species_n,"['cash', 'espèces', 'kind', 'case', ""'espã"", 'kinds', 'types', 'sort', 'essences', 'especies', 'espèce', 'varieties', 'currency', 'taxon']"
specification_n,"['specifications', 'spec', 'specifying', 'specify', 'specs', 'standard', 'corrigendum', 'description', 'characteristics', 'specified']"
specimen_n,"['specimens', 'sample', 'model', 'samples']"
spectrum_n,"['spectre', 'frequencies', 'range', 'spectra', 'specter', 'frequency', 'variety', 'spectral', 'array', 'continuum', 'silk', 'gamma', 'gamut']"
speculation_n,"['speculative', 'conjecture', 'drivel']"
speech_n,"['discourse', 'speeches', 'intervention', 'expression', 'address', 'discours', 'statement', 'discourses', 'floor', 'voice', 'speaking', 'rhetoric', 'talk', 'contribution', 'word', 'network', 'remarks', 'phrase', 'sermon', 'lecture', 'response', 'speak', 'term']"
spell_n,"['charm', 'fate', 'incantation', 'curse', 'plight', 'spelling', 'episode', 'write']"
spending_n,"['expenditure', 'expenditures', 'expenses', 'expense', 'spend', 'costs', 'cost', 'tunnels', 'consumption', 'outlay', 'planned', 'dépenses']"
sphere_n,"['area', 'field', 'scope', 'realm', 'domain', 'arena', 'sector', 'areas', 'fields', 'regard']"
spine_n,"['rachis', 'backbone', 'thorn', 'column', 'spina', 'vertebrae', 'vertebrate']"
spirit_n,"['spiritual', 'mind', 'psychotropic', 'minds', 'esprit', 'geist', 'mental', 'vein', 'espíritu', 'espírito', 'spirituous', 'soul', 'geest', 'ethos', 'sprit', 'gist', 'wit', 'intent', 'spirits', 'sense', 'mindset', 'encyclopedia', 'ghost', 'essence', 'attitude', 'mood', 'wits']"
spokesman_n,"['spokesperson', 'spokeswoman', 'speaker', 'mouthpiece', 'spokespeople', 'spokesmen']"
sponge_n,"['sponges', 'towel', 'loofah', 'chameleon']"
spot_n,"['stain', 'place', 'location', 'situ', 'tache', 'mancha', 'cash', 'loco', 'corner', 'detect', 'ground', 'slick', 'blot', 'blemish', 'smudge', 'blitz', 'point']"
spray_n,"['spraying', 'vaporization', 'sprayer', 'vaporizer', 'aerosol', 'jet', 'hairspray', 'watering', 'atomization', 'sprinkler', 'vaporize', 'splashing', 'sprays']"
spraying_n,"['spray', 'fumigation', 'sprays', 'fumigations', 'atomization', 'sprinkler', 'sprinklers', 'watering', 'sprinkling']"
spread_n,"['propagation', 'proliferation', 'dissemination', 'propagate', 'spreading', 'disseminate', 'propagated', 'diffusion', 'disseminated', 'disseminating', 'distributed', 'expansion', 'propagating', 'dispersion', 'spillover', 'dispersal', 'extend', 'scattered', 'non-proliferation', 'transmission', 'contagion', 'impart', 'extended', 'distribution', 'extension', 'deployed', 'spreads', 'dispersed', 'distribute', 'deployment', 'expand', 'prevalence', 'progression', 'outbreak', 'broadcast', 'propogate']"
sprinter_n,"['enmity', 'hostility', 'runner']"
squad_n,"['brigade', 'patrol', 'squadron', 'team', 'platoon']"
Squadron_n,"['sqn', 'squad', 'squadrons', 'wing', 'swarmer']"
squid_n,"['squiggly', 'cuttlefish', 'octopus', 'calm']"
stab_n,"['stabbing', 'knife']"
stability_n,"['stable', 'stabilization', 'stabilize', 'stabilisation', 'stabilizing', 'steady', 'instability', 'stabilized', 'stabilité', 'stabilising', 'solidity']"
staff_n,"['personnel', 'personal', 'employees', 'officials', 'officers', 'staffing', 'employee', 'servants', 'agents', 'manpower', 'workforce', 'officer', 'staﬀ', 'collaborators', 'template', 'état-major', 'team', 'workers', 'staf', 'recruitment']"
stage_n,"['phase', 'step', 'scene', 'stages', 'stadium', 'arena', 'juncture', 'phases', 'instar', 'point', 'stade', 'internship', 'στάδιο', 'moment', 'time', 'milestone', 'scenario', 'etapa', 'level', 'period', 'fase', 'ballpark', 'etap', 'traineeship', 'era']"
stake_n,"['game', 'set', 'play', 'pyre', 'interest', 'gambling', 'jeu', 'danger', 'risk', 'jeopardy', 'pile', 'gaming', 'cause', 'playing', 'bonfire']"
stamp_n,"['stamps', 'seal', 'patch', 'philatelic', 'buffer', 'headstamp', 'pill', 'hallmark', 'postage', 'mark', 'label', 'postmark', 'cachet', 'tampon', 'ring', 'brand', 'imprint', 'stamped']"
stance_n,"['position', 'attitude', 'stand', 'posture', 'approach', 'standpoint', 'view']"
standard_n,"['standards', 'norm', 'standardized', 'level', 'normal', 'standardised', 'normalized', 'uniform', 'norma', 'rules', 'criterion', 'stallion', 'criteria', 'rule', 'norme', 'uniforms', 'off-the-shelf', 'prover', 'values', 'type', 'regular', 'levels', 'usual', 'norms', 'types', 'specification', 'ordinary', 'switchboard', 'normative', 'standaard', 'normalised', 'specifications', 'model', 'quality', 'tier', 'pattern', 'yardstick', 'unified', 'stud', 'industry-standard', 'std', 'serial', 'stock', 'consolidated', 'etalon', 'habitual']"
standing_n,"['permanent', 'ongoing', 'reputation', 'prestige', 'constant', 'permanente', 'continuing', 'continuous', 'lifelong', 'status', 'on-going', 'stagnant', 'position', 'orders', 'perennial']"
state_n,"['status', 'rule', 'states', 'condition', 'crown', 'country', 'statement', 'countries', ""'état"", 'foreign', 'member', 'stat', 'government', 'estado', 'national', 'situation', 'state-owned', 'public', 'état', 'estatal', 'statehood', 'nation', 'governmental', 'sate', 'κρατική', 'say', 'staatliche', 'κρατικές', 'indicate', 'declare', 'stato', 'státní']"
statement_n,"['declaration', 'return', 'statements', 'state', 'assertion', 'declarations', 'speech', 'explanation', 'presentation', 'affirmation', 'intervention', 'briefing', 'floor', 'communiqué', 'speak', 'reporting', 'communication', 'judgement', 'announcement', 'exposure', 'explanatory', 'instruction', 'pronouncement', 'testimony', 'enunciated', 'sentence', 'declaración']"
stationery_n,"['stationers', 'stationary']"
statistic_n,"['statistics', 'statistical']"
statistics_n,"['statistical', 'statistic', 'statistique', 'stats', 'figures', 'statistiques', 'estadísticas', 'data', 'statistik', 'statistically']"
status_n,"['statute', 'state', 'situation', 'condition', 'position', 'statut', 'entity', 'rule', 'regulations', 'centre', 'statutes', 'center', 'standing', 'estatuto', 'conditions', 'requirement', 'provided', 'category', 'regime', 'precondition', 'character', 'statehood', 'crown', 'progress']"
statute_n,"['status', 'statutes', 'basic', 'estatuto', 'statut', 'regulations', 'act', 'law', 'charter']"
stead_n,"['parentis', 'place']"
steam_n,"['vapour', 'vapor', 'steamer', 'steamship', 'evaporative', 'steamed', 'vapours', 'steamboat']"
steel_n,"['stahl', 'siderúrgica', 'staal', 'aciers', 'steelmaking', 'iron', 'steels', 'rope']"
stench_n,"['stink', 'pestilence', 'smell', 'odour', 'stag', 'scent']"
step_n,"['stage', 'paso', 'phase', 'move', 'measure', 'solis', 'steps', 'passage', ""n't"", 'milestone', 'leap', 'arch', 'dwtps', 'extent', 'soli', 'stride', 'progress', 'not', 'pace', 'stages', 'measurement']"
sterling_n,"['sterlings', 'excellent', 'pound', 'staley', '£', 'stirling', 'pounds']"
stick_n,"['palo', 'baton', 'bat', 'cane', 'adhere', 'wand', 'twig', 'sticks', 'stay', 'carota', 'rod', 'paste', 'keep', 'broomstick', 'carrot', 'abide', 'remain', 'headpiece']"
stillbirth_n,"['stillbirths', 'stillborn']"
stimulus_n,"['incentive', 'stimulation', 'impetus', 'encouragement', 'boost', 'fillip', 'impulse', 'momentum', 'stimulant', 'spur', 'recovery', 'incitement']"
stipulation_n,"['enunciation', 'provision', 'clause', 'requirement']"
stitch_n,"['suture', 'sewing', 'sew', 'stitching']"
stock_n,"['stocks', 'inventory', 'securities', 'shares', 'stockpile', 'stockpiles', 'equity', 'park', 'share', 'awardees', 'fellows', 'inventories', 'bourse', 'values', 'awardee', 'actions', 'serial', 'balance', 'standard', 'storage']"
storage_n,"['stockpiling', 'warehousing', 'storing', 'store', 'bonded', 'warehouse', 'conservation', 'stocking', 'stored', 'stockpile', 'godown', 'disposal', 'save', 'stowage', 'retention', 'saving', 'warehouses', 'stock']"
storm_n,"['thunderstorm', 'storms', 'turmoil', 'tempest', 'stormy', 'tornado', 'hurricane', 'thundershower', 'snowstorm', 'whirlwind', 'blizzard', 'cyclone', 'stormwater', 'gale', 'saturation', 'rain', 'rainstorm', 'typhoon']"
strain_n,"['deformation', 'stump', 'strains', 'pressure', 'counterfoil', 'tension', 'deformational', 'voltage', 'ethnic', 'stem', 'distortion', 'eca', 'isolate', 'cepa', 'fatigue', 'lineage', 'descent', 'burden', 'stub', 'defecate', 'stress']"
straitjacket_n,"['straightjacket', 'strait-jacket', 'yoke', 'corset', 'jacket']"
stranger_n,"['unknown', 'foreign', 'inconnu', 'alien', 'foreigner', 'étranger', ""'étranger"", 'outlander', 'outsider']"
stratagem_n,"['ploy', 'ruse', 'sleight', 'trick']"
strategy_n,"['strategies', 'strategic', 'approach', 'stratégie', 'gie', 'estrategia', 'sstrategy']"
straw_n,"['paille', 'stro', 'chaff', 'husk', 'mote', 'drop', 'hay', 'bathwater']"
stream_n,"['flow', 'creek', 'streams', 'sequence', 'watercourses', 'watercourse', 'rivers', 'flux', 'flows', 'brook', 'component', 'tok', 'ruisseau', 'creeks', 'fluxes', 'jet', 'river', 'streaming', 'arroyo', 'waterways', 'torrent', 'influx']"
strength_n,"['force', 'resistance', 'power', 'fortaleza', 'fortress', 'intensity', 'soundness', 'forces', 'robustness', 'workforce', 'solidity', 'endowment', 'resilience', 'fortitude', 'strengths', 'staffing', 'concentration', 'firmness', 'vigour', 'resistant', 'kraft', 'vitality', 'effective']"
strengthening_n,"['strengthen', 'reinforcement', 'strengthened', 'enhancing', 'reinforcing', 'enhance', 'enhancement', 'reinforce', 'consolidation', 'enhanced', 'stiffener', 'building', 'consolidating', 'consolidate', 'increase', 'intensification', 'promotion', 'promoting', 'renforcement', 'promote', 'intensify', 'increasing', 'build', 'intensifying', 'boosting', 'bolstering', 'strenghtening', 'tightening', 'reinforced', 'improving', 'deepening', 'boost', 'increased', 'intensified', 'ενίσχυση', 'fostering', 'improve', 'stronger']"
stress_n,"['emphasise', 'underline', 'highlight', 'emphasize', 'underscore', 'stresses', 'stressful', 'constraint', 'pressure', 'stressors', 'tension', 'resistance', 'emphasis', 'insist', 'voltage', 'constraints', 'stressed', 'emphasized', 'emphasising', 'coercion', 'stressor', 'stress-related', 'strain', 'duress', 'coercive']"
stretch_n,"['stretching', 'strech', 'extensible', 'elongation', 'tranche', 'elastic', 'expand', 'extend']"
strike_n,"['needless', 'strikes', 'attack', 'walkout', 'hit', 'find', 'bombardment', 'blow', 'knock', 'bombing', 'shelling', 'achieve', 'hitting', 'raid', 'hits']"
striker_n,"['stiker', 'attacker', 'assailant', 'ruin', 'latch', 'spoil', 'lock']"
string_n,"['chain', 'thong', 'twine', 'strings', 'rope', 'cadena', 'bead', 'chains', 'bytes', 'cord', 'ropes', 'series', 'padlock', 'thread']"
strip_n,"['gaza', 'band', 'sector', 'bunch', 'strapping', 'strips', 'belt', 'gang', 'swathe', 'stripe', 'bande', 'gazan', 'tape', 'bands', 'zone', 'zoning', 'skelp', 'zones']"
stroke_n,"['avc', 'apoplexy', 'systolic', 'attack', 'race', 'cerebrovascular', 'ejection', 'blow', 'acv', 'slash', 'clot', 'bar', 'lca', 'diseases']"
structure_n,"['structures', 'flexfield', 'architecture', 'structural', 'fabric', 'structuring', 'framework', 'structured', 'set-up', 'format', 'structurally', 'pattern', 'heikal', 'composition', 'edifice', 'construction', 'organization', 'infrastructure']"
struggle_n,"['fight', 'battle', 'nidal', 'fighting', 'lutte', 'kamp', 'combat', 'reduction', 'kifah', 'ﬁght', 'strife', 'conflict', 'control', 'nedal', 'lucha', 'wrestling', 'campaign', 'strive']"
studio_n,"['studios', 'study', 'workshop', 'loft']"
stuff_n,"['thing', 'things', 'shit', 'tips', 'trick', 'dope', 'something', 'cases']"
style_n,"['styling', 'styles', 'elegance', 'stylistic', 'way', 'design', 'lifestyle', 'fashion', 'type']"
subject_n,"['topic', 'issue', 'matter', 'object', 'theme', 'item', 'submitted', 'question', 'purpose', 'subjected', 'regard', 'subjects', 'subject-matter', 'topics', 'subordinate', 'liable', 'respect', 'oggetto', 're', 'thematic', 'point', 'prone', 'connection', 'area', 'referred', 'subordinated', 'themes', 'story', 'sujet', 'covered', 'conditional']"
submission_n,"['presentation', 'bid', 'introduction', 'communication', 'presentations', 'submissions', 'submitting', 'filing', 'presentación', 'submitted', 'tabling', 'submit', 'bidding', 'presenting', 'format', 'memory', 'briefing', 'deposit', 'display', 'request', 'presented', 'shipment', 'subjugation', 'application', 'introductions', 'subservience', 'observations', 'tender', 'lodging', 'presentment', 'layout', 'letter', 'subjection']"
subsidiary_n,"['sub-commission', 'ancillary', 'subcommittee', 'subcommission', 'affiliate', 'auxiliary', 'subsidiaries', 'subordinate', 'affiliated', 'vicarious', 'sub-', 'dependent', 'branch', 'assistants', 'subordinated', 'sub-committee', 'secondary', 'filial', 'subparagraph']"
subsidy_n,"['grant', 'subsidizing', 'grants', 'subvention', 'subsidies', 'allowance', 'subsidization', 'subsidisation', 'subvented', 'allowances', 'aided', 'aid', 'subsidising', 'subsidized', 'funding', 'support']"
substance_n,"['substances', 'content', 'essence', 'fund', 'merits', 'substantive', 'bottom', 'material', 'groin', 'drug', 'substantia', 'contents', 'background', 'drugs', 'compound']"
succession_n,"['inheritance', 'estate', 'caliphate', 'feeder', 'successor', 'inherit', 'respite', 'estates', 'rotation', 'inherited', 'sequence', 'series', 'legacy']"
successor_n,"['successors', 'khalifa', 'succession', 'heir', 'inherit', 'khalaf', 'khalifah', 'inheritance', 'follow-up', 'follow-on', 'behind']"
suggestion_n,"['proposal', 'tip', 'hint', 'suggestions', 'recommendation', 'suggested', 'insinuation', 'idea', 'screentip', 'motion', 'proposed', 'recommendations', 'proposition']"
suicide_n,"['suicidal', 'fedayee', 'suicides', 'martyrdom', 'bomber', 'suicide-related', 'sacrificial', 'kamikaze', 'suicidality']"
suit_n,"['costume', 'palo', 'outfit', 'tux', 'combination', 'armor', 'getup', 'tailor', 'lawsuit', 'armour', 'dress']"
suite_n,"['series', 'continued', 'result', 'office', 'exhibit', 'bureau', 'serial', 'range', 'set', 'room', 'continuation', 'whole', 'wake', 'instalment', 'package', 'packet', 'following', 'number', 'aftermath']"
suitor_n,"['pretender', 'beau']"
sum_n,"['amount', 'somme', 'yoshiro', 'mori', 'summary', 'summation', 'money', 'total', 'short', 'figure', 'utmost', 'suma', 't', 'sen', 'quantity']"
summary_n,"['abstract', 'sommaire', 'summarized', 'synthesis', 'overview', 'summaries', 'contents', 'analytical', 'synopsis', 'brief', 'summarization', 'memorandum', 'consolidated', 'digest', 'short', 'summarize', 'concise', 'outline', 'account', 'wrap-up', 'sum', 'synthetic', 'recap', 'recapitulative', 'résumé', 'condensed', 'nutshell', 'summing-up', 'succinct', 'record', 'abstracts', 'analytic', 'summarised', 'synthesizing', 'summarise', 'summarizing', 'summation', 'recapitulation', 'roll-up', 'synoptic', 'briefly', 'cursory', 'summarizes']"
summit_n,"['top', 'sommet', 'summits', 'peak', 'summit-level', 'cumbre', 'wsis', 'apex', 'wssd', 'meeting']"
summons_n,"['summonses', 'subpoena', 'convening', 'subpoenas', 'citation', 'quotation', 'convocation', 'writ', 'citations']"
sunshine_n,"['sunlight', 'sun', 'hsinkang', 'insolation', 'rizhao', 'soleil', 'sunbeam', 'sunny', 'beauty']"
supermarket_n,"['supermarkets', 'shoprite', 'hypermarket', 'px', 'mall', 'store']"
supervision_n,"['oversight', 'monitoring', 'surveillance', 'supervisory', 'control', 'supervising', 'overseeing', 'supervise', 'monitor', 'scrutiny', 'oversee', 'vigilance', 'authority', 'regulatory', 'supervised']"
supper_n,"['dinner', 'meals', 'lunch', 'meal']"
supplement_n,"['shim', 'complement', 'attache', 'surcharge', 'supplements', 'suppl', 'supplementary', 'snap-in', 'complete', 'supplementing', 'complementary', 'complementing', 'supplementation', 'add-in', 'supp', 'adjunct', 'eea', 'supplemental', 'addition', 'addendum', 'supplemented', 'complemented']"
supplier_n,"['provider', 'vendor', 'suppliers', 'providers', 'vendors', 'contractor', 'purveyor', 'remit-to', 'beg', 'supply', 'deliverer']"
supply_n,"['supplies', 'provision', 'procurement', 'offer', 'provisioning', 'sourcing', 'provide', 'delivery', 'offering', 'availability', 'feeding', 'source', 'providing', 'offers', 'approvisionnement', 'quotation', 'font', 'distribution', 'acquisitions', 'bid', 'tender', 'supply-side', 'refuelling', 'provides', 'supplying', 'supplier', 'quote', 'rhcs']"
support_n,"['supporting', 'supported', 'backing', 'assistance', 'aid', 'supports', 'bracket', 'endorse', 'supportive', 'help', 'favour', 'backstopping', 'sustain', 'assist', 'compatibility', 'soutien', 'endorsement', 'underpin', 'promote', 'substantiate', ""'appui"", 'apoyo', 'sustaining', 'holder', 'appui', 'back', 'encourage', 'favourable', 'back-up', 'argue', 'bolster', 'subsidy', 'supporter', 'uphold', 'sustainment', 'facilitate', 'stöd', 'funding', 'helps', 'assists']"
supporter_n,"['defender', 'advocate', 'partisan', 'believer', 'sympathizer', 'defensor', 'proponent', 'champion', 'follower', 'campaigner', 'provedor', 'support', 'favour', 'fan', 'ombudsman', 'adherent']"
surety_n,"['bail', 'guarantor', 'bond', 'suretyship', 'bonding', 'deposit', 'caution', 'guarantee']"
surf_n,"['surfing', 'surfer', 'surfs', 'navigate', 'surfboard', 'snowboard']"
surface_n,"['superficial', 'area', 'coating', 'surfaces', 'surficial', 'acreage', 'surface-active', 'shallow', 'above-ground', 'ground', 'cursory', 'surface-water', 'size', 'facie', 'perfunctory', 'face']"
surgeon_n,"['al-jarrah', 'surgeons', 'surgery', 'aesthetic', 'doctor', 'surg']"
surgery_n,"['surgical', 'chirurgie', 'surgeries', 'operation', 'surgeon', 'transaction', 'intervention']"
surprise_n,"['surprised', 'astonishment', 'sudden', 'amazement', 'surprises', 'surprlse', '-surprise', 'short-notice', 'amaze', 'unexpected', 'wonder', 'surprising', 'blitz', 'stuns']"
survey_n,"['investigation', 'inquiry', 'study', 'surveys', 'poll', 'investigations', 'questionnaire', 'surveying', 'encuesta', 'investigative', 'investigate', 'enquiry', 'enquiries', 'investigating', 'enquête', 'census', 'inquiries', 'relevé', 'investigates', ""'enquête"", 'reconnaissance', 'inventory', 'sondage', 'polling', 'investigated', 'fact-finding']"
survival_n,"['survivorship', 'survivability', 'survive', 'life-saving', 'subsistence', 'existence', 'survivor', 'livelihood', 'life-support', 'residual', 'lifeline', 'self-preservation', 'life-sustaining', 'viability']"
suspense_n,"['waiting', 'sufferance', 'abeyance', 'transitional', 'wait', 'commentator', 'expectation']"
suspension_n,"['suspend', 'suspended', 'suspensions', 'suspending', 'ineligibility', 'stay', 'moratorium', 'recess', 'derogation', 'suspention', 'derogability', 'adjournment', 'discontinuation', 'comment', 'sleep', 'interruption', 'cessation', 'hanger', 'waiver', 'halt', 'suspensive', 'discontinuance', 'commentary', 'reprieve', 'deferment', 'stop', 'postponement']"
suspicion_n,"['mistrust', 'distrust', 'suspect', 'suspected', 'doubt', 'hint', 'presumption']"
suture_n,"['stitch', 'stitching', 'coronal', 'sew']"
swathe_n,['strip']
swing_n,"['oscillation', 'seesaw', 'wobble', 'swingarm', 'apogee', 'maneuvering']"
switch_n,"['switches', 'switching', 'modifier', 'breaker', 'swtich', 'commutation', 'switchover', 'toggle', 'change', 'sw', 'commutator', 'wrench', 'switcher', 'button']"
sword_n,"['sabre', 'al-saif', 'jian', 'sabres', 'saif', 'blade', 'swords', 'seif', 'saber', 'dagger']"
symmetry_n,['symmetric']
sympathy_n,"['compassion', 'solidarity', 'sympathies', 'condolence', 'condolences', 'empathy', 'liking', 'affection', 'understanding', 'sympathetic', 'spite', 'compassionate', 'friendliness']"
symptom_n,"['symptoms', 'symptomatic', 'sign']"
syringe_n,"['needle', 'squirt']"
system_n,"['systems', 'regime', 'scheme', 'network', 'sistema', 'système', 'mechanism', 'device', 'regimes', 'institutional', 'plan', 'framework', 'system-wide', 'ccass', 'sytem', 'systematic']"
table_n,"['box', 'chart', 'tables', 'painting', 'picture', 'bureau', 'schedule', 'tableau', 'tabular', 'exhibit', 'panel', 'matrix', 'mesa', 'scale', 'tile', 'blackboard', 'figure', 'tabela', 'chalkboard', 'tabel', 'frame']"
tactic_n,"['tactical', 'tack', 'tactics']"
tail_n,"['cock', 'queue', 'dick', 'caudal', 'rear', 'rump', 'pecker', 'cola', 'cue', 'prick', 'taillight', 'queuing', 'tails', 'line', 'swinging', 'tracker']"
takeover_n,"['acquisition', 'take-over', 'coup', 'absorption', 'buyback', 'purchase', 'procurement']"
tale_n,"['conte', 'story', 'fable', 'history', 'storytelling', 'fairy', 'legend', 'saga', 'stories']"
talent_n,"['talents', 'talented', 'skill', 'artists', 'flair', 'knack', 'gift', 'manpower', 'personnel']"
tank_n,"['reservoir', 'tanks', 'char', 'cistern', 'tanque', 'reservoirs', 'shell', 'container', 'tanker', 'aquarium', 'chariot', 'deposit', 'pool', 'float', 'storagetank', 'beaker', 'filler', 'basin', 'depot', 'prover', 'warehouse']"
tap_n,"['faucet', 'stopcock', 'pagoda', 'tower', 'valve', 'exploit', 'towers', 'pct', 'leverage', 'pat']"
target_n,"['objective', 'destination', 'goal', 'meta', 'targets', 'aim', 'targeted', 'fate', 'destiny', 'objectives', 'targeting', 'purpose', 'goals', 'focus', 'referred', 'destino', 'indicators', 'object', 'blanco', 'diana', 'lens']"
task_n,"['tasks', 'group', 'mission', 'job', 'work', 'mandate', 'duty', 'challenge', 'force', 'operational', 'working', 'role', 'mandates', 'computer', 'team', 'function', 'endeavour', 'panel', 'assignment', 'duties', 'responsibility', 'undertaking', 'remit', 'equipment', 'exercise']"
tax_n,"['taxation', 'fiscal', 'taxes', 'prosecutor', 'fee', 'prosecutors', 'duty', 'imposed', 'levy', 'tributaria', 'revenue', 'impôt', 'procurator', 'fiscaux', 'attorney', 'dani', 'taxing', 'imposition', 'fees', 'income', 'dane', 'prosecutorial', 'taxable', 'davkov', 'impuesto']"
taxation_n,"['tax', 'imposition', 'taxing', 'taxes', 'fiscal', 'prosecutor', 'taxability', 'charging', 'prosecutors', 'revenue']"
team_n,"['computer', 'teams', 'equipment', 'crew', 'group', 'squad', 'équipe', 'panel', 'machine', 'appliance', 'teamwork', 'task', 'force', 'staff', 'pc', 'team-based']"
tear_n,"['tear-gas', 'tears', 'rip']"
technique_n,"['technical', 'technology', 'method', 'technological', 'techniques']"
technology_n,"['technologies', 'technological', 'technical', 'tech', 'techniques', 'technologie', 'technique', 'tecnología', 'sci-tech', 't', 'technology-based', 'technik', 'technologique', 'technologiques']"
tee_n,"['eto', 'mound']"
telecommunication_n,"['telecommunications', 'telecom', 'telecoms', 'communications', 'telco', 'communication', 'contacts', 'telecomunicaciones']"
temerity_n,"[""'audace"", 'audacity', 'recklessness', 'daring']"
temper_n,"['temperament', 'composure', 'mood', 'calm', 'poise', 'character', 'anger', 'tempering', 'temperance', 'nerve']"
temperance_n,['temper']
temperature_n,"['temperatures', 'temp', 'weather', 'thermal', 'temperature-dependent', 'heat', 'température', 'wen']"
temple_n,"['temples', 'miu', 'synagogue', 'hall', 'monastery', 'palace', 'shrine', 'templar']"
tenant_n,"['lessee', 'tenants', 'renter', 'renters', 'lodger', 'lessees', 'occupant', 'boarder', 'user', 'charterer']"
tendency_n,"['trend', 'propensity', 'trends', 'inclination', 'pattern', 'tended', 'orientation', 'drift']"
tension_n,"['voltage', 'tensions', 'tense', 'controlgear', 'strain', 'traction', 'stress', 'tensile', 'spanning', 'tensión', 'pressure', 'friction']"
tent_n,"['tents', 'tentage', 'store', 'ten-t']"
term_n,"['mandate', 'expression', 'word', 'period', 'duration', 'deadline', 'run', 'end', 'phrase', 'terme', 'concept', 'fixed-term', 'time-limit', 'length', 'time', 'penalty', 'timeframe', 'imply', 'words', 'terms', 'horizon', 'completion', 'warrant', 'conclusion', 'legislature', 'notion', 'tenure', 'terminology', 'adjective', 'sentence', 'timescale', 'speech']"
terminal_n,"['terminals', 'pier', 'piers', 'terminus', 'lug', 'pin', 'end-stage', 'terminai', 'station', 'ferry', 'final', 'stations', 'marshalling', 'termini']"
Terrace_n,"['deck', 'patio', 'porch', 'balcony', 'taiwan', 'rooftop', 'roof']"
territory_n,"['territories', 'territorial', 'land', 'territoire', 'territorio', 'soil', 'lands', 'area', 'turf', 'region', 'country', 'ground', 'earth', 'province', 'jurisdiction', 'homeland']"
terror_n,"['terrorism', 'terrorist', 'horror', 'fear', 'panic', 'dread']"
terrorist_n,"['terrorists', 'terrorism', 'terror', 'terroristic']"
test_n,"['testing', 'tests', 'trial', 'tester', 'check', 'assay', 'criterion', 'evidence', 'proof', 'trials', 'essay', 'probationary', 'tested', 'evidentiary', 'ordeal', 'checking', 'essai', 'pilot', 'verify', 'examination', 'backprobe', 'experiment', 'review', 'prov', 'verification', 'try', 'prove', 'experimental', 'consideration', 'criteria', 'probation', 'inspection', 'essays', 'testa', 'touchstone']"
testing_n,"['test', 'tests', 'trials', 'screening', 'experimentation', 'evidence', 'trial', 'tester', 'analysis', 'assays', 'detection', 'analyses', 'essays', 'proof', 'assay', 'tested', 'pilot', 'experiment', 'audit', 'piloting', 'essay', 'tryouts', 'verification']"
text_n,"['texts', 'wording', 'version', 'texte', 'arrange', 'document', 'textual', 'texto', 'piece', 'copy', 'language', 'text-', 'text-based', 'word', 'draft']"
theft_n,"['vol', 'robbery', 'flight', 'larceny', 'flights', 'robo', 'usurpation', 'stolen', 'burglary', 'stealing', 'vols', 'rustling', 'flying', 'anti-theft', 'looting']"
theme_n,"['topic', 'thematic', 'item', 'themes', 'subject', 'issue', 'thème', 'topics', 'focus', 'matter', 'motto', 'slogan', 'subjects']"
theory_n,"['theoretical', 'theories', 'théorie', 'doctrine', 'teoría', 'doctrines', 'lilun', 'thesis', 'principle']"
therapy_n,"['treatment', 'therapies', 'therapeutic', 'processing', 'therapeutics', 'counseling', 'cure', 'treatments']"
thesis_n,"['dissertation', 'theses', 'theory', 'argument', 'proposition', 'contention', 'memory']"
thief_n,"['robber', '-thief', 'burglar', 'ganef', 'crook', 'bandit', 'perp', 'mugger', 'thieving']"
thought_n,"['thinking', 'figured', 'believed', 'reflection', 'idea', 'felt', 'pensamiento', 'ideological', 'thoughts', 'cru', 'thougght', 'alwaysthought', 'knew', 'assumed', 'crus', 'imagined', 'ideology', 'considered', 'found', 'mind']"
threat_n,"['threats', 'menace', 'threatening', 'danger', 'threatens', 'threatened', 'threaten', 'risk', 'hot', 'non-threat', 'hazard', 'jeopardy', 'intimidation']"
throat_n,"['gorge', 'neck', 'larynx', 'deep', 'tumbler', 'mouth', 'prehistory']"
tide_n,"['tidal', 'tides', 'wave', 'trend', 'flows', 'chao', 'chaozhou', 'vague', 'wind', 'tsunamis', 'influx']"
tie_n,"['necktie', 'clamp', 'fasten', 'link', 'bind', 'attach', 'lace', 'tying', 'butterfly', 'knot', 'tss']"
tile_n,"['tiling', 'mosaic', 'patchwork', 'box', 'tabs', 'tab', 'table', 'jigsaw', 'tiles', 'hodgepodge']"
timber_n,"['wood', 'lumber', 'wooden', 'madeira', 'timmer', 'bois', 'woods', 'drink', 'madera', 'hout', 'forest', 'firewood', 'forestry', 'woody', 'stumpage']"
timing_n,"['clocking', 'timetable', 'calendar', 'synchronization', 'schedule', 'time', 'chronology', 'synchronisation', 'timeline', 'sync', 'moment', 'date', 'synchrony', 'timeframe', 'indicative', 'scheduling', 'timeliness', 'synchronizing', 'periodicity', 'timescale', 'phenology', 'distribution', 'synchro', 'hkt']"
tin_n,"['tian', 'tien', 'stannous', 'jeon', 'days', 'molt', 'moult', 'nit', 'moulting', 'ttn', 'tenn', 'flagon', 'molting', 'shanty', 'chun', 'shatin']"
tip_n,"['punta', 'flat-tip', 'suggestion', 'apex', 'pipe', 'flat-tipped', 'pointe', 'extremity', 'end', 'tipping', 'peak', 'edge', 'apical', 'leading-edge', 'hose', 'cutting-edge', 'tipper', 'tilt', 'advanced', 'state-of-the-art', 'council', 'bout', 'blade', 'hint']"
tissue_n,"['tissues', 'fabrics', 'fabric', 'cloth', 'handkerchief', 'hanky', 'woven', 'kleenex']"
toe_n,"['tep', 'convergence', 'feet', 'foot', 'pet', 'nose', 'elbow']"
ton_n,"['tonne', 'tons', 'tonnes', 't', 'your', 'anvil']"
tone_n,"['ringtone', 'tono', 'tom', 'your', 'tonne', 'tones', 'tonal', 'tonos', 'tenor', 'hue', 'tuna', 'keynote', 'tony', 'beep', 'undertone', 'pitch']"
tonne_n,"['ton', 'tonnes', 'tonelada', 'per-tonne', 't', 'tons', 'tone', 'τόνο', 'tuna']"
tool_n,"['instrument', 'tools', 'instruments', 'means', 'utility', 'mechanism', 'vehicle', 'device', 'toolkit', 'average']"
topic_n,"['theme', 'subject', 'item', 'issue', 'matter', 'question', 'thematic', 'topics', 'regard', 'themes', 'respect', 'story', 'sujet', 'point', 'connection', 'subjects']"
topology_n,"['topologies', 'typology', 'topological']"
torsion_n,"['twisting', 'torque', 'twist', 'seismograph']"
tory_n,"['conservative', 'curator']"
toss_n,"['throw', 'lance']"
total_n,"['totals', 'overall', 'full', 'aggregate', 'complete', 'whole', 'gross', 'totale', 'entire', 'full-scope', 'absolute', 'amount', 'comprehensive', 'wholly', 'sum', 'all', 'utter', 'totalling', 'totally', 'combined', 'global', 'together', 'totalled', 'general', 'burdened']"
touch_n,"['contact', 'touching', 'tactile', 'touche', 'affects', 'touches', 'affect', 'toque', 'touchscreen', 'touch-a', 'hit', 'press', 'tact', 'reach', 'touched', 'curfew', 'receive', 'liaison', 'ignition']"
tourism_n,"['tourist', 'tourisme', 'turismo', 'travel', 'touristique', 'sightseeing', 'touristic', 'tour', 'tourism-related', 'passenger', 'tourists', 'scenic']"
tournament_n,"['bonspiel', 'championship', 'championships', 'invitational', 'contest', 'competition']"
tow_n,"['towing', 'trailer', 'tug', 'towage', 'towline', 'tugboat', 'drag', 'trawl']"
tower_n,"['torre', 'pylon', 'burj', 'tour', 'turn', 'towers', 'trick', 'round', 'rook', 'ride', 'tap', 'walk', 'dungeon', 'pylons', 'rig', 'taur', 'steeple', 'castle', 'building', 'ballot', 'pagoda', 'château', 'tours', 'lap', 'lathe', 'borj', 'stroll']"
trace_n,"['traces', 'tracing', 'locate', 'footsteps', 'track', 'follow-up', 'trail', 'tracking', 'tracks', 'scribe', 'vestige', 'localize', 'sign', 'detect', 'record', 'footprint']"
track_n,"['runway', 'path', 'trail', 'tracking', 'monitor', 'follow-up', 'trace', 'follow', 'orbit', 'way', 'route', 'race', 'hint', 'road', 'monitoring', 'orbital', 'pathway', 'rails', 'tracks', 'airstrip', 'rail', 'version', 'direction', 'trajectory', 'course', 'riel', 'locate', 'fasttrack', 'tracing']"
trade_n,"['commerce', 'commercial', 'trading', 'business', 'exchanges', 'trafficking', 'exchange', 'comercio', 'trades', 'handel', 'commercio', 'handels', 'comercial', 'traffic', 'commerciales', 'handels-', 'mercantil', 'merchant', 'marketing', 'trade-', 'industry', 'trade-related', 'shopping', 'kereskedelmi', 'commerciale', 'market']"
trader_n,"['dealer', 'merchant', 'operator', 'shopkeeper', 'tradesman', 'marchand', 'businessman', 'marketer', 'storekeeper', 'broker', 'negotiating']"
trading_n,"['trade', 'commercial', 'commerce', 'transactions', 'business', 'exchange', 'transaction', 'trafficking', 'marketing', 'negotiation', 'comercial', 'circulation', 'turnover', 'exchanges', 'negotiating', 'bargaining', 'comercio', 'operating', 'sale', 'shopping']"
tradition_n,"['traditions', 'traditional', 'history', 'custom', 'traditionally', 'legacy']"
tragedy_n,"['drama', 'disaster', 'catastrophe', 'tragic', 'dramas', 'mishap']"
trail_n,"['trails', 'runway', 'pathway', 'sentier', 'track', 'path', 'trace', 'trailhead', 'piste', 'airstrip', 'keng', 'pathways', 'lead', 'paths', 'navigation', 'tramp', 'drive', 'footpath', 'slut', 'tarmac']"
training_n,"['formation', 'trained', 'train', 'education', 'instruction', 'learning', 'formations', 'trainings', 'forming', 'formazione', 'retraining', 'entrainment', 'capacitación', 'formación', 'educational', 'formação', 'courses', 'coaching', 'skills-training', 'weiterbildung', 'teaching', 'ripple', 'course', 'formative']"
traitor_n,"['betrayer', 'treacherous', 'backstabber', 'cheater', 'traitorous', 'azamat', 'trickster', 'judas', 'villain', 'scab', 'snitch', 'mole']"
tranquillity_n,"['tranquility', 'calm', 'quiet', 'calmness', 'serenity', 'quietness', 'reassurance', 'peace']"
transaction_n,"['transactions', 'operation', 'transact', 'compromise', 'transactional', 'operations', 'trading', 'trx', 'movement', 'deal', 'txn', 'surgery', 'settlement']"
transfer_n,"['transfers', 'transferring', 'transferred', 'assignment', 'handover', 'transmission', 'devolution', 'relocation', 'redeployment', 'mutation', 'transfert', 'transference', 'transhipment', 'shift', 'shipment', 'move', 'transshipment', 'transport', 'divestiture', 'referral', 'transferability', 'devolve', 'redeploy', 'flow-through', 'trans-shipment', 'relocate', 'transferral', 'pass-through', 'movement', 'surrender', 'conveyance', 'passthrough', 'transmit', 'moving', 'transposition', 'conversion', 'transportation', 'hand-over', 'transition', 'forwarding', 'assignments', 'cession']"
transformation_n,"['processing', 'conversion', 'transforming', 'transform', 'transformational', 'transformations', 'transformative', 'change', 'transition', 'restructuring', 'remolding', 'shift', 'mutation', 'alteration', 'metamorphosis', 'reform', 'processed', 'changing', 'transformed']"
transition_n,"['transitional', 'changeover', 'transitions', 'passage', 'shift', 'transformation', 'transitioning', 'bridging', 'move', 'interim', 'tfg', 'switchover', 'crossing', 'halfway', 'rollover', 'transient', 'hand-over', 'adaptation', 'transfer', 'pass']"
translation_n,"['translations', 'traduction', 'translating', 'conversion', 'translation-', 'translated', 'translate', 'translators', 'translator', 'rereading', 'swsubsynchro', 'interpretation', 'synchro', 'english', '-translation', 'traductions', 'transcript', 'interpreter']"
transmission_n,"['transmittal', 'transaxle', 'transmitted', 'transmit', 'transmitting', 'transfer', 'forwarding', 'propeller', 'gearbox', 'transport', 'wheelhouse', 'transmittance', 'broadcast', 'transportation', 'pass-through', 'transmissions', 'broadcasting', 'streaming', 'spread', 'conveying', 'forwarded', 'dissemination', 'contagion', 'carriage', 'passing', 'tranny', 'communication', 'tx', 'handing-over', 'delivery']"
trap_n,"['trick', 'traps', 'pitfall', 'petard', 'trapping', 'snare', 'entrapment', 'setup', 'filter', 'capture', 'ambush', 'catch', 'locker', 'hatch', 'trappe', 'scavenger', 'trapdoor', 'ensnare', 'mousetrap', 'blackout', 'interruption', 'interrupt', 'pitfalls', 'outage', 'booby-traps']"
travel_n,"['trip', 'travelling', 'journey', 'trips', 'voyage', 'displacement', 'voyages', 'traveling', 'tourism', 'tourist', 'voyager', 'tour', 'travels', 'transport', 'movement', 'transportation', 'displacements', 'travellers', 'journeys', 'move', 'visit', 'go', 'tours', 'traveller', 'ride', 'carriage']"
traveller_n,"['voyageur', 'traveler', 'travellers', 'nomadic', 'passenger', 'travelling', 'nomad', 'voyageurs', 'travelers', 'passengers', 'itinerant', 'travel']"
treasury_n,"['treasure', 'tesoro', 'cash', 'crf', 'trésor', 'treasuries', 'cash-flow', 'skarbu', 'erario', 'exchequer', 'honey', 'finance', 'treasurer', 'coffer', 'sweetheart', 'sweetie', 'purse', 'hoard', 'darling']"
treatment_n,"['processing', 'treatments', 'therapy', 'handling', 'salary', 'cure', 'treating', 'treated', 'care', 'treat', 'salaries', 'therapeutic', 'traitement', 'therapies', 'curative', 'ill-treatment', 'processed', 'dealing', 'reading', 'deal', 'medication', 'proceeding', 'pay', 'process', 'purification', 'traitements', 'addressing']"
treaty_n,"['treaties', 'treated', 'dealt', 'conventional', 'ctbt', 'traité', 'npt', 'agreement', 'processed', 'συνθήκης', 'tratado', 'fmct', 'convention', 'handled', 'tried', 'addressed', 'sought', 'ppwt', 'vertrag', 'verdrag', 'treatise', 'attempted', 'traités', 'contract', 'recueil']"
trend_n,"['tendency', 'trends', 'pattern', 'tend', 'propensity', 'direction', 'tended', 'tide', 'evolution', 'inclined', 'inclination', 'trending', 'momentum', 'tending', 'trended', 'movement', 'tendencies', 'orientation', 'tends']"
trial_n,"['trials', 'test', 'prosecution', 'testing', 'judgement', 'judgment', 'lawsuit', 'process', 'pilot', 'tests', 'view', 'hearing', 'proceedings', 'opinion', 'retrial', 'court', 'essay', 'interrogation', 'assay', 'primary', 'experimental', 'litigation', 'justice', 'prosecute', 'essai', 'magistrate', 'experiment', 'judicial']"
tribunal_n,"['court', 'ictr', 'tribunals', 'icty', 'courthouse', 'courts', 'tribunale', 'courtroom', 'capprt']"
tribute_n,"['homage', 'homenaje', 'hommage', 'honour', 'eulogy', 'honouring', 'appreciation', 'praise', 'salute', 'tributes', 'recognition', 'toll', 'testament', 'festschrift', 'commend']"
trick_n,"['ruse', 'trap', 'ploy', 'tower', 'thing', 'candy', 'tour', 'gimmick', 'cunning', 'joke', 'turn', 'stuff', 'stratagem', 'farce', 'round', 'rousse', 'trickery', 'ride', 'hoax']"
trip_n,"['journey', 'travel', 'voyage', 'excursion', 'tour', 'visit', 'travelling', 'travels', 'flight', 'trips', 'ride', 'traveling', 'ikea', 'outing', 'displacement', 'odometer', 'itinerary']"
triumph_n,"['triomphe', 'victory', 'triumphant', 'prevail', 'al-nasr', 'success', 'clockwork', 'win']"
troop_n,"['troops', 'troupe', 'forces', 'troop-', 'force', 'troop-contributing', 'quotas', 'contingent', 'soldiers', 'contingents', 'quota']"
trooper_n,"['soldier', 'horseman', 'cavalier', 'knight', 'rider', 'hothead', 'mosart']"
trophy_n,"['trophies', 'cup', 'prize']"
trouble_n,"['difficulty', 'problem', 'boredom', 'disorder', 'problems', 'inconvenience', 'unrest', 'danger', 'shit', 'penalty']"
trumpet_n,"['trumpeter', 'horn', 'swan']"
trust_n,"['confidence', 'trusts', 'fiducie', 'faith', 'fiduciary', 'trusted', 'indenture', 'trustee', 'confidence-building', 'trustees', 'hope', 'conﬁdence', 'confidence-', 'confident', 'rely', 'trusting', 'believe', 'trusteeship', 'reliance', 'credibility']"
trustee_n,"['trustees', 'fiduciary', 'trust', 'liquidator', 'administrator', 'depositary', 'syndics']"
truth_n,"['reality', 'veracity', 'fact', 'true', 'vérité', 'verdad', 'gevalt', 'truthfulness', 'lowdown', 'really', 'fact-finding']"
try_n,"['attempt', 'seek', 'endeavour', 'strive', 'prosecute', 'tempt', 'test', 'judge', 'attempting', 'ytl']"
trypsin_n,['tryptic']
tube_n,"['pipe', 'tubing', 'tubes', 'crt', 'pipeline', 'hose', 'floater', 'pipes', 'socket', 'microtube', 'line', 'subway']"
tumour_n,"['tumor', 'tumours', 'oncology', 'neoplasms', 'neoplasm']"
tune_n,"['melody', 'song', 'adjust', 'height', 'harmony', 'air', 'amount', 'line', 'tuning']"
tunnel_n,"['tunnels', 'tunneling', 'underpass', 'crossing', 'tunneled', 'galleria', 'tunnelling', 'subway', 'whc', 'cht']"
turnover_n,"['rotation', 'renewal', 'rollover', 'rolling', 'sales', 'rotational', 'turn-over', 'value', 'trading', 'volume', 'billing']"
tutor_n,"['guardian', 'governess', 'custodian', 'guardians', 'professor', 'mentor']"
twin_n,"['twins', 'double', 'dual', 'binoculars', 'twofold', 'twinned', 'two-fold', 'tuyen', 'two-pronged']"
type_n,"['kind', 'guy', 'types', 'sort', 'model', 'kinds', 'enter', 'genus', 'nature', 'category', 'form', 'sorts', 'rate', 'fella', 'write', 'bloke', 'typing', 'typical', 'genre', 'tipo', 'class', 'standard', 'art', 'man', 'guyin', 'style', '-type', 'categories', 'gender', 'such', 'whatsoever', 'dude', 'fellow']"
ulcer_n,['ulceration']
uncertainty_n,"['insecurity', 'uncertainties', 'uncertain', 'precariousness', 'ambiguity', 'limbo', 'certainty', 'instability', 'doubt', 'vagueness', 'precarity', 'insecure']"
underclass_n,"['subclass', 'sub-class']"
understanding_n,"['understand', 'comprehension', 'agreement', 'knowledge', 'understood', 'awareness', 'interpretation', 'sympathy', 'insight', 'include', 'grasp', 'arrangement', 'understandings', 'perception', 'appreciation', 'comprehend', 'idea', 'intelligence', 'accord', 'concept', 'vision', 'comprehending']"
undertaking_n,"['company', 'commitment', 'enterprise', 'business', 'firm', 'promise', 'engagement', 'pledge', 'undertake', 'venture', 'endeavour', ""'entreprise"", 'przedsiębiorstwo', 'entreprise', 'undertaken', 'task', 'compromise', 'commitments', 'conducting', 'empresa', 'enterprises']"
unemployment_n,"['unemployed', 'jobless', 'joblessness', 'employment']"
uniform_n,"['uniforms', 'consistent', 'unified', 'homogeneous', 'uniforme', 'single', 'standard', 'homogenous', 'unitary', 'uniformly', 'standardized', 'uniformity', 'reunification', 'standardised', 'uniformed', 'seamless', 'unification', 'unity', 'harmonised', 'consistency', 'coherent', 'consolidated', 'evenly', 'one-size-fits-all', 'common', 'flat', 'consistently', 'harmonized']"
union_n,"['eu', ""'union"", 'unión', 'syndicat', 'league', 'alliance', 'união', 'unions', ""'unione"", 'community', 'unie', 'unione', 'federation']"
unit_n,"['unity', 'drive', 'units', 'dependency', 'group', 'dependence', 'flats', 'unitary', 'isu', 'unité', 'cell', 'unidad', 'entity', ""'unité"", 'reliance', 'drives', 'jiu', 'service', 'flat', 'section', 'al-wehda', ""'unit"", 'unlt', 'oneness', 'unites', 'shares', 'contingent', 'module']"
unity_n,"['unit', 'reunification', 'drive', 'unification', 'al-wehda', 'unified', 'solidarity', 'al-wahda', 'uniform', 'contingent', 'uniformity', 'units', 'unify', 'uniting', 'unidad', 'jiu', 'unanimity', 'harmonization', 'isu', 'cohesion', ""'unité"", 'entity', 'unité', 'coherence', 'epau']"
universe_n,"['univers', 'world', 'worlds', 'cosmic', 'cosmos']"
unix_n,['unix-based']
upsurge_n,"['resurgence', 'recrudescence', 'escalation', 'outbreak', 'surge', 're-emergence', 'increase', 'intensification', 'wave', 'rise', 'climax', 'boom']"
urge_n,"['urges', 'urged', 'urging', 'invite', 'ask', 'encourage', 'call', 'appeal', 'exhort', 'insist']"
user_n,"['users', 'username', 'user-', 'moderators', 'wearer', 'use', 'tenant', 'end-user']"
utility_n,"['usefulness', 'utilities', 'useful', 'tool', 'relevance', 'value']"
valley_n,"['vallée', 'valle', 'kodori', 'kuk', 'al-wadi', 'wadi', 'valleys', 'laakso', 'ghor', 'gu', 'ebb', 'rospuda', 'lfv', 'vale', 'gore', 'gorge', 'valea']"
value_n,"['worth', 'values', 'amount', 'courage', 'valuable', 'valeur', 'quotidienne', 'usefulness', 'setting', 'importance', 'valued', 'valuation', 'utility', 'valor', 'turnover', 'appreciate', 'valore', 'merit', 'interest', 'price', 'significance']"
van_n,"['truck', 'rva', 'from', 'minivan', 'fan', 'pickup', 'npv']"
variable_n,"['variables', 'varying', 'variability', 'floating', 'varies', 'varied', 'vary', 'fluctuating']"
variation_n,"['variations', 'variance', 'variability', 'change', 'variant', 'changes', 'difference', 'gap', 'fluctuation', 'modification']"
variety_n,"['range', 'diversity', 'varieties', 'various', 'array', 'miscellaneous', 'series', 'multitude', 'diverse', 'spectrum', 'different', 'varietal', 'number', 'crowd', 'multiplicity', 'assortment', 'multiple']"
vat_n,"['tva', 'iva', 'pvm', 'dph', 'vat-based', 'uavs', 'uav', 'tav']"
vegetation_n,"['plant', 'wildland', 'vegetative', 'plants', 'vegetable', 'revegetation', 'flora']"
vehicle_n,"['vehicles', 'car', 'vehicular', 'automobile', 'vector', 'automotive', 'motor', 'cars', 'auto', 'instrument', 'truck', 'tool', 'automobiles', 'pmv', 'véhicule', 'traffic']"
vein_n,"['venous', 'vena', 'spirit', 'token', 'sense', 'context', 'seam', 'regard', 'line', 'luck', 'connection', 'mind']"
vendor_n,"['seller', 'provider', 'supplier', 'salesman', 'suppliers', 'vendors', 'salesperson', 'providers', 'sellers', 'dealer', 'remit-to', 'manufacturer', 'distributor', 'salespeople']"
venture_n,"['risk', 'adventure', 'company', 'enterprise', 'undertaking', 'risks', 'business', 'project', 'joint-venture', 'firm']"
venue_n,"['venues', 'place', 'site', 'location', 'club-house', 'locations', 'sites', 'held', 'bmx', 'forum', 'theatre']"
verdict_n,"['judgment', 'judgement', 'ruling', 'dom', 'sentence', 'decision', 'finding', 'governing']"
vermin_n,"['scum', 'pest', 'cockroach', 'pestilence', 'creep', 'scumbag']"
verse_n,"['chorus', 'rhyme', 'poetry', 'couplet']"
version_n,"['printable', 'print', 'release', 'text', 'versions', 'imprimer', 'edition', 'stepping', 'fassung', 'hard', 'format', 'versión', 'printing', 'track', 'copy', 'wording', 'form', 'iteration']"
vessel_n,"['ship', 'boat', 'vessels', 'ships', 'receptacle', 'dewar', 'craft', 'navire', 'building', 'boats', 'freighter', 'vase', 'barco', 'container', 'buildings', 'shuen', 'shipping', 'watercraft', 'sailboat', 'maritime', 'spaceship', 'warship']"
victim_n,"['victims', 'casualty', 'vic', 'discriminated', 'victimization', 'sacrifice', 'casualties']"
victimisation_n,"['victimization', 'retaliation', 'persecution']"
victory_n,"['victoria', 'al-nasr', 'nasr', 'triumph', 'win', 'victoire', 'sgeis', 'sgei', 'winning', 'sieg', 'shengli', 'al-nasser', 'intisar', 'success', 'conquest', 'wins', 'winner']"
video_n,"['videos', 'videotape', 'vidéo', 'vcr', 'video-recorded', 'footage', 'story', 'tape', 'videocassette', 'visual', 'videotaping', 'video-link', 'clip', 'videorecording', 'videotaped']"
view_n,"['opinion', 'vista', 'vision', 'notice', 'see', 'perspective', 'sight', 'light', 'notices', 'viewing', 'viewpoint', 'visualize', 'views', 'order', 'position', 'display', 'believe', 'standpoint', 'mind', 'purpose', 'idea', 'query', 'trial', 'consult', 'glance', 'think', 'end', 'syn', 'seen', 'eyes', 'aim', 'worm', 'opinions', 'advice', 'ver', 'regard', 'account', 'consider', 'perception', 'prospect', 'estimated', 'approach', 'belief', 'hearing', 'eye', 'watch', 'advisories', 'goal', 'consultation', 'kwun', 'sense', 'seeing', 'visualization', 'feel', 'eyesight', 'stance', 'avis']"
village_n,"['villages', 'tsuen', 'aldea', 'town', 'viilage', 'villagers', 'qaryat', 'chuen', 'rural', 'cun', 'locality', 'al-qura', 'villager', 'chuang', 'barangay']"
violence_n,"['violent', 'abuse', 'violencia', 'gewalt', 'violences', 'force', 'assault', 'brutality']"
virgin_n,"['virgins', 'pristine', 'vierges', 'blank', 'virgen', 'al-bakr', 'virgo', 'primeval', 'slipper']"
virtue_n,"['accordance', 'pursuance', 'righteousness', 'conformity', 'merit', 'basis', 'reason', 'pursuant']"
virus_n,"['viruses', 'viral', 'hiv', 'antivirus', 'anti-virus', 't-virus']"
vision_n,"['view', 'foresight', 'visioning', 'visión', 'perspective', 'visions', 'eyesight', 'sight', 'far-sightedness', 'picture', 'farsightedness', 'outlook', 'viewing', 'idea', 'insight', 'ideal', 'visionary', 'visio', 'concept', 'conception', 'approach', 'design', 'syn', 'ideals', 'visibility', 'perception', 'premonition', 'understanding', 'overview', 'visual']"
visit_n,"['visits', 'visiting', 'tour', 'visited', 'visite', 'trip', 'consult', 'visitation', 'visita', 'see', 'visitor', 'inspection', 'tours', 'mission', 'browse', 'travel', 'visitez']"
vocation_n,"['calling', 'profession']"
voice_n,"['voices', 'votes', 'vote', 'voz', 'voix', 'vocal', 'express', 'speech', 'spokesperson', 'vowel', 'sound', 'vocals', 'audiotape', 'telephone', 'say']"
vol_n,"['flight', 'theft', 'vols', 'robbery', 'flying', 'vol.', 'stealing', 'volume', 'stolen', 'larceny', 'flights', 'heist', 'p', 'fly']"
volume_n,"['volumes', 'quantity', 'amount', 'size', 'tonnage', 'vol', 'volumetric', 'number', 'magnitude', 'scale', 'turnover', 'level', 'workload']"
volunteer_n,"['volunteers', 'voluntary', 'volunteering', 'volunteerism', 'voluntarism', 'volunteered', 'volunteer-based', 'unv']"
vote_n,"['voting', 'ballot', 'votes', 'voice', 'polling', 'balloting', 'credit', 'głosowania', 'voices', 'głosowanie', 'suffrage', 'appropriation', 'voted', 'poll', 'election', 'votazioni']"
voter_n,"['elector', 'electors', 'voters', 'electorate', 'electoral', 'constituent', 'voting', 'election']"
voting_n,"['vote', 'polling', 'ballot', 'votes', 'balloting', 'electoral', 'voter', 'election', 'poll', 'głosowania', 'voters', 'suffrage', 'turno']"
wage_n,"['salary', 'wages', 'pay', 'salaries', 'remuneration', 'payroll', 'earnings', 'paycheck', 'compensation']"
waist_n,"['size', 'belt', 'wrist', 'sizes']"
waiting_n,"['sufferance', 'wait', 'awaiting', 'suspense', 'standby', 'pending', 'expecting', 'homeawaiting', 'expectation', 'queuing', 'hoped', 'expected', 'meantime', 'awaits', 'retest', 'hoping', 'anticipation', 'hold']"
wand_n,"['rod', 'stick', 'baton']"
ward_n,"['flag', 'pupil', 'neighborhood', 'pavilion', 'wards', 'district']"
warmth_n,"['heat', 'cordiality', 'chaleur', 'conviviality', 'warm', 'thaw', 'affection', 'heating', 'verve', 'hot', 'enthusiasm']"
warning_n,"['alert', 'warnings', 'alarm', 'disclaimer', 'caveat', 'early-warning', 'ultimatum', 'alerting', 'caution', 'warns', 'notice', 'warn', 'admonition', 'alerts', 'cautioning', 'reminder', 'cautionary', 'aviso', 'avertissement', 'warned', 'reprimand', 'detection', 'vigilant']"
Warrant_n,"['mandate', 'justify', 'order', 'deserve', 'orden', 'mandates', 'arrest', 'writ', 'term', 'injunction']"
warranty_n,"['guarantee', 'assurance', 'security', 'collateral', 'guarantees', 'garantía', 'guaranteed', 'warranties', 'guaranteeing', 'garantie', 'ensuring']"
washing_n,"['wash', 'lavage', 'washout', 'cleansing', 'laundry', 'laundering', 'money-', 'cleaning', 'backwash', 'washings', 'handwashing', 'washes', 'laver', 'scrubbing', 'washed', 'scrubber', 'rinsing']"
waste_n,"['wastes', 'debris', 'residues', 'wastage', 'garbage', 'residue', 'scrap', 'wasting', 'rubbish', 'refuse', 'wastefulness', 'lose', 'déchets', 'litter', 'squandering', 'loss', 'offal', 'residual', 'squander', 'trash', 'tailings', 'profligacy', 'junk', 'wastewater', 'losing']"
wave_n,"['waves', 'vague', 'welle', 'tide', 'spate', 'onda', 'surge', 'golf', 'ola', 'wavelength', 'waveform', 'surges', 'upsurge', 'millimeter', 'vicious', 'groundswell', 'waving', 'round', 'ripple', 'phase', 'flood']"
wax_n,"['cera', 'wax-burning', 'candelilla', 'beeswax', 'candle', 'waxy', 'paraffin']"
weakness_n,"['fragility', 'weak', 'weaknesses', 'vulnerability', 'shortcoming', 'low', 'deficiency', 'debility', 'flaw', 'weakening', 'powerlessness', 'frailty', 'impotence', 'inadequacy', 'inability']"
wealth_n,"['richness', 'prosperity', 'fortune', 'riches', 'affluence', 'rich', 'heritage', 'treasure', 'abundance', 'asset', 'welfare', 'wealth-sharing', 'crowd', 'mine', 'profusion', 'wellbeing', 'well-being', 'multitude', 'plethora']"
weapon_n,"['gun', 'weapons', 'arms', 'firearm', 'poor', 'arma', 'weaponry', 'sidearm', 'nuclear-weapon', 'pistol', 'disarmament', 'rifle']"
weight_n,"['weights', 'weighting', 'mass', 'peso', 'poids', 'burden', 'wgt', 'wt.', 'importance', 'brunt', 'wt', 'clout', 'philippine', 'weighing', 'weigh', 'influence', 'weighty', 'underweight', 'emphasis', 'significance', 'compelling', 'pesos']"
welfare_n,"['well-being', 'wellbeing', 'prosperity', 'protection', 'providence', 'wellness', 'benefits', 'care', 'bienestar', 'bien-être', 'wealth', 'assistance', 'social', 'benefit', 'well-']"
whale_n,"['whales', 'baleine', 'pyle', 'rorqual', 'tofu', 'pisces', 'bowhead', 'hout', 'cetacean', 'whaler', 'whaling']"
wheel_n,"['rueda', 'flywheel', 'wheels', 'flyer', 'volante', 'rim', 'tire', 'flying', 'wheeled', 'rudder', 'saucer', 'parade', 'roulette', 'tyre', 'slotted']"
while_n,"['although', 'whereas', 'whilst', 'though', 'despite', 'albeit', 'during', 'time', 'notwithstanding']"
whisker_n,"['mustache', 'moustache', 'bamboo']"
whisky_n,"['whiskey', 'scotch', 'bourbon', 'cutty']"
whole_n,"['entire', 'together', 'set', 'entirety', 'any', 'full', 'all', 'overall', 'integer', 'plenary', 'total', 'totality', 'general', 'joint', 'everything', 'ensemble', 'complete', 'package', 'every', 'comprehensive', 'suite', 'assembly']"
widow_n,"['veuve', 'widowed', 'widows', 'widower', 'widowhood']"
wilderness_n,"['wild', 'desert', 'sauvage', 'savage', 'wildlife', 'wild-type', 'wildland', 'backcountry', 'nature']"
wildlife_n,"['fauna', 'wild', 'faune', 'faun', 'animals', 'wilderness', 'animal']"
will_n,"['willingness', ""'il"", 'desire', 'bo', 'gonna', 'goes', 'testament', 'commitment', 'determination', 'bus', 'va', 'readiness', 'θα', 'wish', 'go']"
wind_n,"['winds', 'windy', 'éolienne', 'breeze', 'vent', 'eolian', 'windward', 'turbine', 'downwind', 'windmill', 'wind-generated', 'wind-energy', 'tide']"
winner_n,"['winning', 'laureate', 'gagnant', 'victor', 'recipient', 'conqueror', 'earning', 'win', 'awardee', 'finalist', 'champion', 'winners', 'finalists', 'victory']"
wire_n,"['cable', 'cord', 'cables', 'wires', 'yarn', 'wiring', 'thread', 'son', 'fil', 'lead', 'cords', 'telegraphic', 'cabling', 'telegram', 'rope', 'telegraph']"
wiring_n,"['cabling', 'cabled', 'cable', 'wire', 'wired', 'wires', 'cables', 'cableway']"
wisdom_n,"['al-hekma', 'ji-hye', 'wise', 'al-hikmah', 'prudence', 'chih-hui', 'sagacity', 'intelligence', 'acumen', 'intellectual', 'intellect', 'level-headedness', 'sanity']"
wish_n,"['desire', 'want', 'hope', 'vow', 'like', 'aspiration', 'willingness', 'aspirations', 'intention', 'will']"
withdrawal_n,"['pullout', 'withdraw', 'removal', 'weaning', 'withdrawn', 'withdrawing', 'pullback', 'retreat', 'drawdown', 'disengagement', 'withdrawals', 'exit', 'shrinkage', 'pull-out', 'denunciation', 'retirement', 'removing', 'depositioning', 'revocation', 'retraction', 'checkout', 'withdrew', 'recall', 'evacuation', 'withdraws', 'take-down', 'departure', 'de-positioning', 'removed', 'repeal', 'deletion', 'set-aside', 'discontinuance']"
witness_n,"['witnesses', 'tell-tale', 'tracer', 'eyewitness', 'testimony', 'telltale', 'control', 'cookie', 'tell-tales', 'baton', 'comparison', 'testify', 'indicator', 'witnessed', 'faith', 'attend', 'testimonial']"
wonder_n,"['miracle', 'ask', 'surprise', 'merveille']"
wood_n,"['timber', 'wooden', 'lumber', 'bois', 'woods', 'drink', 'woody', 'firewood', 'madeira', 'muk', 'fuelwood', 'madera', 'holz', 'hout', 'forest', 'drinking', 'antler', 'woodland']"
wool_n,"['laine', 'lana', 'woollen', 'fleece', 'yarn']"
workforce_n,"['labour', 'manpower', 'strength', 'labor', 'staffing', 'staff', 'effective', 'workers', 'actual', 'template', 'personnel', 'employees']"
works_n,"['work', 'operates', 'engineering', 'collaborates', 'oeuvres', 'artworks', 'projects', 'obras', 'books', 'project', 'construction', 'cooperates', 'working', ""'oeuvres"", 'travaux', 'enterprise', 'creations', 'functions', 'worked', 'walk', 'co-operates', 'ouvrages', 'functioning', 'productions', 'literature', 'artwork', 'runs']"
workshop_n,"['shop', 'seminar', 'workshops', 'atelier', ""'atelier"", 'seminario', 'studio', 'seminary', 'seminars', 'seminar-workshop', 'symposium']"
workstation_n,"['workstations', 'workbench']"
worry_n,"['concern', 'fret', 'fear', 'wory', 'anxiety']"
worth_n,"['value', 'worthy', 'worthwhile', 'penalty', 'punishment', 'amounting', 'valued', 'sentence', 'useful', 'values', 'wurth', 'pity']"
wound_n,"['injury', 'sore', 'gash', 'injure', 'hurt', 'injured', 'wounding', 'plague', 'wounded']"
wrestling_n,"['fight', 'catch', 'struggle', 'grappling']"
wrist_n,"['cuff', 'waist', 'fist', 'bracelet']"
writ_n,"['writs', 'brief', 'anyway', 'short', 'warrant', 'summons', 'bref']"
yard_n,"['triage', 'garden', 'courtyard', 'patio', 'backyard', 'sorting', 'court', 'jardin', 'square', 'shunting', 'marshalling', 'yards', 'shipyard', 'al-haidari', 'chantier', 'verge']"
yardstick_n,"['criterion', 'stallion', 'benchmark', 'standard', 'metro', 'measure', 'criteria', 'touchstone']"
yield_n,"['performance', 'yields', 'return', 'produce', 'returns', 'coupon', 'elastic', 'preconsolidation', 'generate', 'production', 'efficiency', 'cede', 'give', 'output']"
youngster_n,['young']
youth_n,"['young', 'youths', 'jeunesse', 'juvenile', 'adolescents', 'younger', 'youngsters', 'juventud', 'jeunes', 'juveniles', 'juvenil', 'juventude', 'jugend', 'adolescent', 'youthfulness', 'teenagers', 'al-shabab', 'qingnian', 'junior', 'kids', 'shabab', 'youthful']"
zone_n,"['area', 'district', 'areas', 'zones', 'zona', 'region', 'field', 'districts', 'zonal', 'zoning', 'zoster', 'strip', 'fd', 'belt']"
zoology_n,['zoologist']
AIRMAN_n,"['aviator', 'corporal', 'pilot', 'flier']"
Albert_n,"['alberto', 'elbert', 'alberts', '-albert', 'hugh']"
Alexander_n,"['alexandre', 'aleksander', 'aleksandr', 'alyaksandr', 'aleksandra', 'alexandra', 'alexandr', 'aleksandar', 'aliaksandr', 'alexandru', 'alexandria', 'iskandar']"
Alexandra_n,['alexander']
Andre_n,"['andré', 'andrei', 'andrej', 'andrea', 'andr', 'hann', 'andry', 'andrzej', 'andrey', 'andrew', 'vivienne', 'andrés', 'anders']"
Andy_n,"['andi', '-andy', 'indy', 'indie', 'dehua', 'ende']"
Anne_n,"['ann', 'visiontext', 'mrs', 'sainte-anne', 'langton', 'anna', 'ana']"
ANOther_n,"['other', 'latest', 'last', 'further', 'a']"
Anzac_n,['frigates']
ARTHUR_n,"['artur', 'arthure', '-arthur', 'arturo']"
Asir_n,"['yousa', 'tina']"
Augusta_n,"['august', 'augusto', 'augsburg']"
AWE_n,"['veneration', 'admiration', 'glare', 'reverence', 'dazzle']"
BAe_n,"['bui', 'pei', 'sao', 'ib', 'lsa', 'pae']"
Bairam_n,"['eid', 'feast']"
Baker_n,"['boulanger', 'bakr', 'becker', 'baqer', 'bakar', 'pie-maker', 'levesque', 'bacre', 'biron', 'packer']"
Barbara_n,"['barbra', 'barb', 'bárbara', 'barbaric', 'barbarous']"
Barnier_n,"['barnieh', 'bernié']"
Beak_n,"['bec', 'oci', 'parrot', 'clb', 'kisser']"
Beirut_n,"['beyrouth', 'lebanon', 'perot']"
Belle_n,"['beautiful', 'nice', 'pretty', 'lovely', 'beautifui', 'bella', 'fine', 'gorgeous']"
Beneficence_n,"['charity', 'charitable', 'charities']"
Bishop_n,"['piispa', 'mgr', 'archbishop', 'monsignor', 'monseigneur', 'msgr.', 'reverend']"
Bordeaux_n,"['burgundy', 'claret', 'maroon', 'villarreal', 'fiorentina', 'sevilla', 'napoli', 'lazio', 'juventus']"
Boulevard_n,"['blvd', 'bld', 'saint-joseph', 'bd']"
Brian_n,"[""'brian"", 'bryan', 'brayan', '-brian', ""'brien"", '3.5338']"
Bristol_n,['bristol-myers']
Bush_n,"['buch', 'bosch', 'busch', 'bushing']"
CA_n,"['ac', 'can', 'do', 'wo', 'hq', 'could', 'may', 'kt', 'previous', 'does', 'noc', 'coast', 'ol', 'lda', 'california', 'nhq', 'not', 'ui']"
CAI_n,"['choy', 'tsai', 'cil', 'choi', 'chae', 'tsoi', 'iac', 'kay', 'chua']"
Canada_n,"['canadian', 'canadians', 'canadá', 'federal', 'canada.', 'canadaâ', 'country', 'kanada']"
Canterbury_n,['convocation']
CBO_n,"['obc', 'bof', 'cbos', 'cpb']"
Charlie_n,"['oharlie', 'charýie', 'charley', '-charlie', 'charly', 'vietcong', 'chas']"
Cheryl_n,"['sheryl', 'cheri']"
Chittagong_n,['tracts']
Chris_n,"['kris', 'ohris', '-chris', 'chrissy', 'maracle']"
Clark_n,"['clarke', 'clank', '-clark']"
Clarke_n,['clark']
CNG_n,"['gnc', 'ngc', 'nrg']"
Colin_n,"['collin', 'collen', 'colne', 'quail', 'cologne', '-colin']"
Commons_n,"['common', 'communes', 'joint', 'municipalities', 'shared']"
Coyle_n,"['cowell', 'kuehl', 'quayle']"
Dada_n,"['daddah', 'dadah', 'dad', 'deddach', 'daddy', 'papa']"
Dean_n,"['deen', 'provost', 'bencher', 'dyno', 'cleric', 'religion', 'debt', 'vice-dean', 'brigadier']"
Dec_n,"['ced', 'december', 'ctas', 'decembers', 'cta', 'rtc', 'dic', 'cpe', 'cwe', 'kde', 'bti', 'dcrb', 'cem']"
DES_n,"['dess', 'of', 'tak']"
Donald_n,"['donalda', 'ronald']"
Douglas_n,['douglas-fir']
Dresden_n,"['dresdner', 'köln']"
EC_n,"['eg', 'this', 'ek', 'eb', 'ey', 'cbs', 'eü', 'ce', 'εκ', 'eec', 'that', 'it', 'the', 'community', 'e.c.', 'what', 'ct']"
Edward_n,"['eduard', 'edouard', '‰', 'eduardo', 'longshanks', 'edwards', 'edvard']"
Eliot_n,"['elliot', 'elliott']"
Emilia_n,"['émilie', 'amelia']"
Emily_n,"['emilie', 'amelie', 'wai', 'hui', 'aargh', 'wai-hing']"
ENOCH_n,['enoc']
Europe_n,"['europa', 'european', ""'europe"", 'eu']"
FA_n,"['lp', 'sqs', 'af', 'federal', 'sq', 'fy', 'f.a.', 'kfa', 'fmd', 'flower']"
Feb_n,"['february', 'elf', '02']"
FRED_n,"['farid', 'fareed', 'peace', 'freda', 'freddo', 'wah-ming']"
Geoffrey_n,"['jeffrey', 'jeffry', 'jeffery', 'geoffroy', 'joffre', 'geoff']"
Gordon_n,['gordo']
Graham_n,"['grahams', 'grahame', 'graem']"
Greater_n,"['more', 'larger', 'higher', 'bigger', 'increased', 'largest', 'greatest', 'better', 'stronger', 'wider', 'further', 'biggest', 'broader', 'enhanced', 'highest', 'longer', 'increase', 'most', 'closer', 'increasing', 'akbar', 'metropolitan', 'utmost', 'major', 'improved', 'over', 'great', 'best', 'addition', 'majeure', 'taller', 'tae-chung', 'large', 'deeper', 'heightened']"
Gulf_n,"['golfe', 'golfo', 'golf', 'bay', 'gap', 'abyss', 'chasm', 'divide', 'gcc', 'wan']"
HIV_n,"['virus', 'vih', 'aids', 'anti-hiv', 'hlv', 'hiv-related', 'hiv-positive', 'viruses', 'hiv-']"
HMI_n,"['rmd', 'sbd', 'msy', 'dpr']"
Hugh_n,"['lou', 'hue', 'hugues', 'haugh', 'albert']"
IRA_n,"['eri', 'iar', 'lra', 'irène']"
Jack_n,"['jacques', 'gato', 'tomas', 'grey', '-jack', 'jacque', 'gray', 'jackie-jack', 'takes', 'cat', 'jocke', 'connector']"
Jim_n,"['-jim', 'jaime', 'jima', 'c', 'cem']"
Joshua_n,['josué']
Karl_n,"['carl', 'karel', 'karla', 'carle', 'kari', 'karol', 'qar', 'charles']"
Keith_n,['kith']
Ken_n,"['keane', 'kean', 'kenn', 'qin', 'khin', 'kin', 'kenneth', 'keene']"
Key_n,"['keys', 'main', 'major', 'essential', 'fundamental', 'crucial', 'principal', 'wrench', 'critical', 'important', 'core', 'basic', 'vital', 'central', 'pivotal', 'primary', 'decisive', 'dongle', 'keycap', 'significant', 'clé', 'leading', 'top', 'large', 'keystone']"
Kingdom_n,"['uk', 'united', 'royaume', 'realm', 'reino', 'saudi', 'koninkrijk', 'britain', 'british', 'reign', 'vassiliou', 'empire', 'royal', 'coupled']"
Kong_n,"['hong', 'hk', 'küng']"
Korea_n,"['korean', 'rok', 'han', 'koryo', 'peninsula', 'goryeo', 'dprk', 'correa']"
LA_n,"['the', 'eleocharis', 'l.a.', 'angeles']"
Land_n,"['lands', 'earth', 'terrestrial', 'ground', 'soil', 'territory', 'agrarian', 'land-based', 'territorial', 'terra', 'territories', 'terre', 'country', 'soils', 'terrain', 'tierra', 'overland', 'terres', 'property', 'landing', 'onshore', 'field', 'farmland', 'dirt', 'mark', 'berri', 'radi', 'albar', 'luk', 'iand', 'shore', 'mainland', 'lu']"
Laura_n,"['lora', 'laure', 'llaauurrrraaaa', '-laura']"
LEA_n,"['léa', 'read', 'leah', 'tea', 'afl', 'las']"
Lee_n,"['li', 'reads', 'rhee', 'eea', 'eml', 'lei', 'read', 'martin']"
Leeds_n,['leads']
Leonardo_n,['léonard']
Lewis_n,"['luis', 'louis', 'luiz', 'meléndez-barahona']"
Lithuania_n,"['lithuanian', 'lietuva', 'lituanie', 'lituania', 'litauen', 'litas', 'lietuvos', 'latvia', 'lithuanians']"
Lord_n,"['god', 'iord', 'lawd', 'seigneur', 'jesus', 'christ', 'lordy', 'mr', 'jeez', 'signore', 'liege', 'master', 'rabbo', 'scion', 'goodness']"
Lords_n,"['seigneurs', 'barons', 'princes', 'galactica', 'warlords', 'gods']"
Luke_n,"['luc', '-luke', 'lucas', 'lke', 'matty']"
Major_n,"['main', 'important', 'large', 'principal', 'great', 'key', 'significant', 'big', 'primary', 'majeure', 'serious', 'substantial', 'considerable', 'huge', 'leading', 'large-scale', 'tai', 'grand', 'mainly', 'maj.', 'broad', 'vast', 'top', 'core', 'enormous', 'essential', 'heavy', 'grave', 'fundamental', 'grandes', 'larger', 'severe', 'largest', 'high', 'wide', 'senior', 'greater', 'massive', 'grands', 'commander', 'critical', 'crucial', 'maj', 'greatest', 'extensive', 'vital', 'chief', 'strong', 'prominent', 'importance', 'tremendous', 'grande', 'central', 'much']"
Marathon_n,['marathoner']
Mark_n,"['brand', 'trademark', 'marks', 'marc', 'marking', 'note', 'commemorate', 'celebrate', 'label', 'marque', 'marca', 'marka', 'sign', 'dials', 'brands', 'hallmark', 'dial', 'stamp', 'notes', 'score', 'marquez', 'branded', 'footprint', 'flag', 'signal', 'markka', 'markings', 'march', 'trademarks', 'imprint', 'land', 'dialing', 'marked', '-mark', 'marques', 'branding', 'soil', 'markup']"
Mary_n,"['marie', 'mari', 'mariam', 'maryam', 'maría', 'marium', 'marri', '-mary', 'meri', 'marie-therese', 'married', 'miri']"
Mesopotamia_n,"['levant', 'rafidain']"
MICK_n,"['mickey', 'meek', 'mike']"
Moore_n,"['murr', 'mor']"
Moscow_n,"['moskva', 'mosca', 'russia', 'russian']"
Muir_n,"['moir', 'moyer']"
nat_n,"['nats', 'natlinfo', 'natl', 'senate', 'nta', 'nath']"
NATO_n,"['νατο', 'íáôï', ""'otan"", 'nata', 'alliance', 'otan', 'nato-led']"
Ness_n,"['diso', 'rie', 'rns']"
Newton_n,['newtonian']
NHS_n,"['nhss', 'sns', 'spn']"
Nicky_n,"['nikki', 'nick', 'nikkei']"
Nigel_n,['nlgel']
Norman_n,"['normand', '-norman', 'normans']"
Norwich_n,['melbourne']
Nov_n,"['november', 'nov.']"
OB_n,"['gyn', 'whether', 'obstetrics', 'gynecologist']"
Osborne_n,"['osbourne', 'osborn']"
Owen_n,"['øyen', 'oyen', '-owen', 'owens', 'irvine', 'irving']"
Pacific_n,"['peaceful', 'pacifique', 'pacífico', 'shrew', 'al-hadi', 'hadi', 'hady', 'asia-pacific', 'psids', 'taikoo', 'hédi', 'peaceable']"
Paul_n,"['pablo', 'boulos', 'paui', 'bulus', 'jean-paul', 'paulus', 'paula', 'poul', 'paulo', 'paolo', 'pavel', 'houser', '-paul', 'pavol', 'pauly', 'baohua', 'saint-paul', 'poole', 'paulie', 'pauli', 'pul']"
Philip_n,"['philippe', 'phillip', 'felipe', 'filipe', 'philipp', 'philipe', 'philips', 'filip', 'phillipe']"
Pont_n,"['bridge', 'deck']"
Pope_n,"['pape', 'pontiff', 'baba', 'dad', 'babah', 'daddy', 'papa', 'papal', 'ipo', 'bob', 'pop']"
RAC_n,"['cln', 'acfc', 'cars', 'jrc', 'fcac', 'car', 'racs', 'ccr', 'regt', 'rcf']"
RAF_n,['r.a.f.']
Rudolf_n,"['rudolph', 'rodolphe', 'rodolfo']"
Russia_n,"['russian', 'federation', 'moscow', 'russie', 'sino-russian']"
RUTH_n,['roth']
Sam_n,"['samwise', 'sams', '-sam', 'sat', 'apr', 'sammy', 'poisonous', 'cas', 'himself', 'itself', 'mcs', 'same', 'samantha']"
Satan_n,"['devil', 'lucifer']"
Scotland_n,"['scottish', 'scotia', 'scot', 'scots']"
SEPT_n,"['september', 'sep', 'seven']"
States_n,"['countries', 'member', 'state', 'statements', 'members', 'statuses', 'états', 'mandates', 'country', 'stipulates', 'national', 'sates', 'estados', 'nations', 'says', 'affirms', 'staten', 'indicates', 'asserts', 'declares']"
Stewart_n,"['stuart', 'steward', 'w.p.']"
Stirling_n,['sterling']
Susie_n,"['suzie', 'susy', 'suzy']"
TAO_n,"['thao', 'pottery', 'jintao', 'btb', 'ceramic', 'bht', 'earthenware', 'bat', 'taoist', 'oat', 'clay', 'taw']"
Terry_n,"['terje', 'terri', 'tery', 'thierry']"
THORN_n,"['spine', 'spina', 'splinter']"
Tottenham_n,['sochaux']
Walter_n,"['-walter', 'falter', 'walther', 'fernand', 'walser']"
Ward_n,"['flag', 'pupil', 'neighborhood', 'pavilion', 'wards', 'district']"
Westminster_n,['westminister']
White_n,"['blanche', 'blanc', 'blanco', 'blanca', 'bianco', 'whites', 'blank', 'branco', 'witte', 'caucasian', 'fehér', 'branca', 'bianchi', 'al-abyad', 'bianca', 'baek', 'bai', 'blanks', 'belo', 'bloodless', 'polar', 'pak', 'vitt', 'beli', 'whooping', 'belem', 'paik', 'belarus', 'bela', 'wit', 'alb', 'house', 'pai']"
Wigan_n,"['valenciennes', 'bochum']"
William_n,"['wiiliam', 'guillaume', 'willlam', 'williams', 'wilhelm', 'willem', 'berhane']"
Willie_n,"['wiilie', 'willy', 'wille', 'willi']"
Wood_n,"['timber', 'wooden', 'lumber', 'bois', 'woods', 'drink', 'woody', 'firewood', 'madeira', 'muk', 'fuelwood', 'madera', 'holz', 'hout', 'forest', 'drinking', 'antler', 'woodland']"
Yamaha_n,['yamada']
atheist_n,"['atheistic', 'atheism', 'atheists', 'infidel', 'heathen']"
interference_n,"['intervention', 'meddling', 'jamming', 'intrusion', 'encroachment', 'interfering', 'interfere', 'intervene', 'involvement', 'non-interference', 'disturbance', 'disruption']"
python_n,['monty']
sonar_n,['sound']
forty_n,"['40', 'quarantine', 'fortieth', 'forty-', '40th']"
third_n,"['3rd', 'thirdly', 'iii', 'thirds', 'third-party', 'no.3', 'terzi', 'non-member', 'three', 'non-eu', '3', 'troisième', 'one-third', 'tercer', 'third-largest', 'third-', 'terceira', 'tercera', 'tertiary', 'non-community', 'high-mount', 'non-union', '3e']"
twelve_n,"['12', 'doce', 'douze', 'dozen', '-twelve']"
above_pp,"['supra', 'above-mentioned', 'foregoing', 'aforementioned', 'previously', 'over', 'earlier', 'previous', 'highest', 'abovementioned', 'higher', 'beyond', 'above-noted', 'preceding', 'superior', 'upper', 'before', 'above-', 'ci-dessus', 'top', 'ci-haut', 'formerly', 'senior', 'prior', 'aforesaid', 'afore-mentioned', 'ανωτέρω', 'upstairs', 'zgoraj', 'on']"
against_pp,"['ellen', 'word', 'contre', 'versus', 'combat', 'regard', 'towards', 'contra', 'from', 'compared', 'vs.', 'on', 'opposed', 'respect', 'combating', 'oppose', 'anti', 'anti-', 'v.', 'counter', 'nays', 'gegen', 'vs', 'opposing', 'opposes', 'with', 'namely', 'before', 'toward', 'for']"
aged_pp,"['age', 'year-old', 'elderly', 'yr', 'older', 'years']"
along_pp,"['together', 'throughout', 'over', 'jointly', 'long', 'alongside']"
alongside_pp,"['beside', 'besides', 'dockside', 'with', 'along']"
among_pp,"['between', 'amongst', 'inter', 'in', 'within', 'of', 'from', 'entre', 'with', 'across', 'chez']"
amongst_pp,"['between', 'among', 'inter']"
as_pp,"['because', 'a13', 'iike', 'under', 'title', 'co', 'already', 'como', 'ab', 'equally', 'oj']"
below_pp,"['hereinafter', 'following', 'infra', 'lower', 'underneath', 'beneath', 'under', 'hereunder', 'hereafter', 'then', 'least', 'less', 'bottom', 'lowest', 'fuse', 'ci-dessous', 'follows', 'next', 'later', 'down', 'downstream', 'underside', 'inferior', 'downstairs', 'farther']"
beneath_pp,"['below', 'under', 'underneath']"
between_pp,"['among', 'amongst', 'inter', 'entre', 'across', 'enters', 'enter']"
beyond_pp,"['outside', 'after', 'above', 'afterlife', 'afterworld', 'across', 'besides', 'apart', 'behind', 'over', 'out']"
by_pp,"['per', 'para', 'paras', 'via', 'par', 'under', 'torque', 'here', 'por', 'vis-', 'using', 'pair', 'because']"
concerning_pp,"['regarding', 'on', 'relating', 'about', 'relative', 'involving', 'related', 'pertaining', 'respecting', 'for', 'affecting', 'concernant', 'covering']"
despite_pp,"['notwithstanding', 'although', 'though', 'while', 'spite', 'albeit', 'whilst']"
during_pp,"['over', 'in', 'at', 'for', 'throughout', 'through', 'while', 'within', 'durant', 'period', 'under', 'course', 'when', 'on', 'durante']"
except_pp,"['unless', 'excluding', 'salvo', 'save', 'sauf', 'exception', 'but', 'excepting', 'besides', 'barring', 'excepted']"
including_pp,"['included', 'include', 'includes', 'notably', 'even', 'particularly', 'comprising', 'whose', 'especially', 'inclusive', 'particular', 'inclusion', 'incl', 'involving', 'which', 'incl.', 'encompassing', 'comprises', 'covering', 'consisting', 'containing', 'cover']"
of_pp,"['de', ""'s"", 'des', 'd', 'du', 'di', 'among', 'del']"
off_pp,"['disable', 'outside', 'shutdown', 'offshore', 'disconnected', 'deactivate', 'disabled', 'disabling', 'seaward', 'disconnection', 'out', 'disconnecting', 'power-off', 'disconnect', 'deactivated']"
onto_pp,"['on', 'in']"
per_pp,"['by', 'p', 'each', 'in', 'for', 'every', 'the', 'p.', 'para', 'through', 'a', 'on', 'at', 'to', 'paras']"
regarding_pp,"['concerning', 'on', 'about', 'relating', 'related', 'for', 'pertaining', 'respecting', 'relatively', 'involving', 'relative']"
round_pp,"['cycle', 'tour', 'series', 'ronde', 'tower', 'ronda', 'inning', 'discussion', 'rounds', 'turn', 'redondo', 'wave', 'kola', 'phase', 'trick', 'part-session', 'round-table', 'cycles', 'roundtable', 'tables']"
since_pp,"['because', 'ago', 'after', 'depuis', 'already', 'then', 'oj']"
through_pp,"['via', 'across', 'using', 'during', 'adoption', 'adopted', 'passed', 'throughout', 'under', 'adopt', 'per', 'ü', 'thanks', 'travers', 'pass', 'para']"
throughout_pp,"['across', 'around', 'during', 'over', 'along', 'through', 'in']"
till_pp,"['until', 'moraine', 'untii', 'even', 'before', 'so', 'up']"
toward_pp,"['towards', 'to', 'about', 'circa', 'against', 'vers']"
until_pp,"['till', 'bis', 'even', 'untii', 'prior', 'pending', 'unless', 'hasta']"
upon_pp,"['after', 'once']"
via_pp,"['through', 'by', 'across', 'path', 'using', 'way', 'route']"
within_pp,"['inside', 'under', 'during', 'among', 'indoors', 'across', 'interior', 'internal']"
worth_pp,"['value', 'worthy', 'worthwhile', 'penalty', 'punishment', 'amounting', 'valued', 'sentence', 'useful', 'values', 'wurth', 'pity']"
anyone_pn,"['someone', 'anybody', 'somebody', 'person', 'everyone', 'nobody', 'everybody', 'no-one', 'whoever', 'individual']"
itself_pn,"['himself', 'ourselves', 'yourself', 'oneself', 'sam']"
lots_pn,"['batches', 'consignments', 'batch', 'lot', 'much', 'plots', 'parcels', 'full']"
nobody_pn,"['no-one', 'person', 'anyone', 'none', 'anybody', '-nobody', 'noone', 'individual']"
none_pn,"['nil', 'no', 'zero', 'any', 'nothing', 'nobody', 'nothingness', 'no-one', '0', 'anything']"
ourselves_pn,"['us', 'themselves', 'sami', 'itself', 'we', 'myself', 'himself']"
plenty_pn,"['abundance', 'enough', 'full', 'much', 'many', 'plein']"
themselves_pn,"['ourselves', 'himself', 'yourself', 'oneself']"
whoever_pn,"['anyone', 'who']"
whom_pn,"['who', 'which', 'whose', 'that']"
yours_pn,['theirs']
account_na,"['accounts', 'consideration', 'mind', 'counts', 'count', 'summary', 'behalf', 'auditors', 'regard', 'accounting', 'cont', 'compte', 'view', 'consider', 'attention', 'reflect', 'intends', 'light', 'has', 'acct', 'relies', 'considered', 'reason', 'record']"
ai_na,"[""'ve"", ""'m"", 'do', 'is', 'does', 'got', 'have', ""'s"", 'am', ""'re"", 'did']"
argue_na,"['contend', 'allege', 'claim', 'assert', 'plead', 'discuss', 'say', 'support', 'affirm']"
bi_na,['ib']
boo_na,"['bouh', 'booh', '-boo', 'ridley', 'hoot', 'ew', 'ooh']"
buff_na,['buffy']
cab_na,"['taxi', 'acr', 'cabin', 'rtas', 'taxicab', 'cabbie', 'pab', 'taxis', 'booth', 'stateroom', 'bac', 'array', 'carry-on', 'payphone', 'rhq', 'bwc', 'taco', 'sec']"
cart_na,"['trolley', 'wagon', 'charrette', 'carro', 'plough', 'plow', 'chariot', 'caddy', 'caddie', 'carriage', 'wheelbarrow', 'gurney', 'basket', 'sled', 'car', 'robotic']"
lot_na,"['batch', 'fate', 'consignment', 'batches', 'lots', 'much', 'many', 'parcel', 'lote', 'very', 'destiny', 'number', 'crowd']"
miss_na,"['mademoiselle', 'mile', 'ms.', 'mlle', 'ìiss', 'melle', 'uft', '-miss', 'missy', 'missed', 'ms', 'lack', 'stewardess', 'grable', 'mrs.', 'signorina', 'mesa', 'lose', 'meesa', 'lady', 'fraulein', 'fail', 'senorita', 'mrs']"
pick_na,"['choose', 'select', 'picking', 'selected', 'chosen', 'choosing', 'choice', 'selecting', 'elect', 'selection', 'collection']"
public_na,"['audience', 'general', 'publique', 'civil', 'audiences', 'open', 'government', 'population', 'official', 'público', 'pública', 'state', 'publiques', 'publics', 'public-sector', 'year', 'report', 'publicly', 'governmental', 'citizens', 'públicas', 'pubic', 'plenary', 'state-owned', 'public-', 'society', 'pubblica', 'citizen', 'δημοσίου', 'popular', 'people', 'government-run']"
set_na,"['series', 'established', 'fixed', 'whole', 'establish', 'define', 'together', 'game', 'configured', 'configure', 'defined', 'stake', 'put', 'joint', 'setting', 'sets', 'fix', 'package', 'determined', 'range', 'determine', 'adjust', 'suite', 'establishing', 'gaming', 'assembly', 'entire', 'specified', 'establishment', 'identified', 'number', 'adjusted', 'serial', 'placed', 'defining', 'plateau', 'adjustment', 'configures', 'prepared', 'ensemble', 'configuration', 'play', 'set-plan', 'prescribed', 'install', 'establishes', 'group', 'attached', 'identify']"
abandon_v,"['renounce', 'leave', 'relinquish', 'waive', 'forgo', 'surrender', 'forego', 'forsake', 'quit', 'abandonment', 'abandons', 'drop', 'discontinue', 'flee', 'discard', 'abdicate', 'leaving']"
abduct_v,"['kidnap', 'kidnapping', 'hijack', 'remove']"
abolish_v,"['abolition', 'abolishing', 'delete', 'repeal', 'eliminate', 'remove', 'cancel', 'lift', 'abrogate', 'cancelled', 'suppress', 'cancellation', 'scrap', 'revoke', 'eradicate']"
absorb_v,"['assimilate', 'accommodate', 'absorptive', 'amortize', 'cope', 'uptake']"
abstain_v,"['refrain', 'abstention', 'abstaining', 'desist', 'forbear', 'abstentions']"
accept_v,"['ok', 'accepting', 'accepts', 'acceptance', 'agree', 'approve', 'adopt', 'accepted', 'admit', 'tolerate', 'take', 'receive', 'endorse', 'assume', 'recognise', 'embrace', 'receiving', 'condone', 'acknowledge', 'recognize', 'allow', 'countenance']"
access_v,"['accessibility', 'accessing', 'accessible', ""'accès"", 'accessed', 'acceso', 'accès', 'entry', 'availability', 'available', 'navigate', 'accede', 'approach', 'taking-up', 'obtain', 'admission', 'enter', 'accesses']"
acclaim_v,['acclamation']
accommodate_v,"['adapt', 'absorb', 'host', 'meet', 'reflect', 'accommodation', 'respond', 'reconcile', 'satisfy', 'receive', 'adjust']"
accompany_v,"['accompanied', 'accompanies', 'escort', 'accompanying', 'accompaniment']"
account_v,"['accounts', 'consideration', 'mind', 'counts', 'count', 'summary', 'behalf', 'auditors', 'regard', 'accounting', 'cont', 'compte', 'view', 'consider', 'attention', 'reflect', 'intends', 'light', 'has', 'acct', 'relies', 'considered', 'reason', 'record']"
accumulate_v,"['accrue', 'accumulation', 'bioaccumulate', 'accumulating', 'amass', 'cumulative', 'accumulated', 'accruing', 'rollup', 'cumulate']"
accuse_v,"['accuses', 'blame', 'accusing', 'acknowledge', 'reproach', 'accused', 'charge', 'accusation']"
achieve_v,"['reach', 'achieving', 'attain', 'obtain', 'realize', 'achievement', 'meet', 'accomplish', 'realization', 'attaining', 'get', 'ensure', 'attainment', 'realizing', 'fulfil', 'arrive', 'make', 'deliver', 'bring', 'secure', 'reaching', 'achieved', 'gain', 'find', 'succeed', 'realise', 'pursue', 'strike', 'implement', 'produce', 'fulfill', 'obtaining', 'create', 'do', 'perform']"
acknowledge_v,"['recognize', 'recognise', 'admit', 'recognition', 'recognizing', 'confess', 'accuse', 'recognized', 'realise', 'accept', 'concede', 'confirm', 'thank']"
acquire_v,"['acquiring', 'gain', 'acquisition', 'purchase', 'buy', 'obtain', 'procure', 'develop', 'learn', 'acquires', 'purchasing', 'get']"
action_v,"['measures', 'actions', 'operations', 'steps', 'measure', 'work', ""'action"", 'operation', 'act', 'acción', 'intervention', 'proceedings', 'decision', 'activity', 'labor', 'labour', 'measurement', 'acts', 'response', 'extent', 'shares', 'procedures', 'measurements', 'procedure', 'activities', 'efforts', 'decisions', 'agenda', 'working', 'initiatives', 'fight', 'move', 'effort']"
adapt_v,"['adapting', 'adjust', 'tailor', 'adaptation', 'accommodate', 'adjusting', 'tailoring', 'align', 'cope', 'adaptable', 'adapts', 'adapte', 'adapter', 'fit', 'respond', 'customize']"
address_v,"['tackle', 'addresses', 'resolve', 'direction', 'addressing', 'solve', 'directorate', 'treat', 'meet', 'respond', 'speech', 'remedy', 'deal', 'handle', 'confront', 'settle', 'addressed', 'tackling', 'dirección', 'face', 'adresse', 'combat', 'resolving', 'overcome', 'leadership', 'adress', 'handling', 'discuss', 'counter', 'fill', 'cope', 'correct', 'consider', 'rectify', 'answer', 'examine', 'treating', ""'adresse"", 'solving', 'site', 'raise', 'settlement', 'steering', 'cover', 'discourse', 'processing', 'resolved', 'satisfy', 'speak', 'fight', 'redress', 'eliminate']"
adjust_v,"['adapt', 'adjustment', 'adjusting', 'adjusted', 'adapting', 'tailor', 'fine-tune', 'tune', 'fit', 'readjust', 'align', 'readjustment', 'wrap', 'setting', 'set', 'amend', 'modify', 'snap', 'tuning', 'readjusting', 'wrapping', 'adaptation', 'modulate', 'realign', 'adjusts', 'fine-tuning', 'accommodate']"
administer_v,"['manage', 'administering', 'administers', 'administration', 'managing', 'administrate', 'manages']"
admire_v,"['behold', 'admired']"
admit_v,"['recognise', 'acknowledge', 'confess', 'recognize', 'concede', 'accept', 'say', 'allow']"
adopt_v,"['take', 'adoption', 'approve', 'adopting', 'enact', 'accept', 'adopts', 'pass', 'inta', 'embrace', 'introduce', 'adopted', 'taking', 'endorse', 'through', 'approving', 'undertake', 'assume', 'depend', 'make']"
advance_v,"['prior', 'progress', 'prepayment', 'promote', 'advancing', 'preliminary', 'advanced', 'before', 'anticipated', 'advancement', 'anticipation', 'promoting', 'early', 'breakthrough', 'advances', 'forward', 'avance', 'move', 'promotion', 'anticipatory', 'progression', 'foster', 'prerequisite']"
advertise_v,"['announce', 'publicise', 'publicize']"
advise_v,"['counsellor', 'notify', 'inform', 'adviser', 'advisor', 'advising', 'conseiller', 'remind', 'councillor', 'advice', 'advises', 'counsel', 'recommend', 'informing', 'counselor', 'warn', 'notifying']"
advocate_v,"['defender', 'lawyer', 'supporter', 'counsel', 'defend', 'defensor', 'champion', 'promote', 'vindicator', 'attorney', 'advocacy', 'provedor', 'ombudsman', 'promoter', 'plead', 'advocating', 'proponent', 'ombudsperson', 'campaigner', 'defence', 'favour', 'spokesperson']"
affect_v,"['influence', 'impact', 'affects', 'allocate', 'affected', 'affecting', 'touch', 'impair', 'effects', 'prejudice', 'undermine', 'afflict', 'effect', 'assign', 'alter', 'implications', 'concern', 'harm', 'jeopardize', 'interfere', 'influencing', 'impacts', 'earmark']"
afford_v,"['allow', 'pay', 'burden', 'enable', 'buy', 'provide']"
aid_v,"['assistance', 'help', 'support', 'relief', 'aiuti', 'aids', 'pomocy', 'assist', 'assists', 'ενισχύσεις', 'pomoc', 'helps', 'beihilfen', 'pomoči', 'ενισχύσεων', 'auxílio', 'aiuto', ""'aide"", ""'aiuto"", 'helping', 'apu', 'care', 'aides', 'subsidy', 'assisting', 'assistive', 'ενίσχυσης']"
aim_v,"['objective', 'goal', 'purpose', 'target', 'object', 'intention', 'end', 'order', 'ambition', 'view', 'intent', 'objectives', 'meta', 'seek', 'goals', 'purposes', 'strive', 'aims', 'lens']"
allege_v,"['argue', 'claim', 'contend']"
allocate_v,"['assign', 'devote', 'earmark', 'allocating', 'assigning', 'affect', 'allocation', 'allot', 'dedicate', 'apportion', 'distribute', 'map', 'assigned', 'spend', 'attribute', 'award', 'distribution', 'commit', 'dispense']"
allow_v,"['enable', 'permit', 'let', 'authorize', 'authorise', 'allowing', 'afford', 'allowed', 'tolerate', 'allows', 'enabling', 'give', 'leave', 'permitting', 'provide', 'enables', 'admit', 'facilitate', 'accept', 'help', 'authorizing', 'make', 'grant']"
alter_v,"['amend', 'modify', 'change', 'modifying', 'affect', 'altar', 'vary', 'impair', 'tamper', 'changing', 'edit']"
amount_v,"['quantity', 'sum', 'amounts', 'volume', 'value', 'quantities', 'number', 'level', 'teneur', 'montant', 'figure', 'somme', 'quantum', 'size', 'total', 'qty', 'cantidad', 'provision', 'payment', 'money', 'tune', 'importance', 'extent']"
analyse_v,"['analyze', 'analysis', 'analysing', 'analyzing', 'analysed', 'parse', 'analyzed', 'analyses', 'examine', 'analyzes', 'discuss', 'analytical', 'explore', 'assess', 'parsing', 'investigate']"
announce_v,"['advertise', 'declares', 'announces', 'announcing', 'declare', 'announcement', 'announced', 'annouce', 'tell', 'proclaim', 'inform', 'herald']"
anticipate_v,"['pre-empt', 'predict', 'foresee', 'expect', 'prejudge', 'forestall', 'forecast', 'preempt', 'envisage', 'second-guess']"
appeal_v,"['call', 'appeals', 'appellate', 'recourse', ""'appel"", 'remedy', 'resort', 'attractiveness', 'plea', 'remedies', 'use', 'appel', 'request', 'resource', 'attraction', ""'appello"", 'redress', 'urge', 'calling', 'appello', 'cassation', 'resumption', 'invitation', 'beroep', 'appealing', 'cail', 'calls', 'used', 'appealed', 'resume']"
appear_v,"['seem', 'appears', 'arise', 'emerge', 'figure', 'display', 'occur', 'show']"
apply_v,"['applies', 'applicable', 'implement', 'applied', 'applying', 'enforce', 'application', 'implementation', 'implementing', 'ισχύουν', 'request', 'use', 'implemented', 'ask', 'impose']"
appoint_v,"['designate', 'nominate', 'appointment', 'appointing', 'appointed', 'appoints', 'name', 'designating', 'naming', 'appointments', 'identify', 'denote', 'designation']"
appraise_v,"['assess', 'evaluate', 'evaluating', 'evaluation']"
appreciate_v,"['appreciates', 'understand', 'welcome', 'assess', 'commend', 'value', 'enjoy', 'realise', 'recognise', 'recognize', 'applaud']"
approach_v,"['method', 'approaches', 'attitude', 'criterion', 'strategy', 'methodology', 'focus', 'approche', 'way', 'perspective', 'approaching', ""'approche"", 'methods', 'rapprochement', 'manner', 'practice', 'access', 'démarche', 'stance', 'concept', 'position', 'approximation', 'view', 'solution', 'vision', 'practices', 'formula', 'approa-', 'ways', 'gait']"
approve_v,"['adopt', 'endorse', 'approves', 'approving', 'approval', 'accept', 'approved', 'agree', 'adoption', 'adopting', 'authorise', 'endorses', 'pass', 'authorize', 'endorsement', 'ratification', 'ratify']"
approximate_v,"['rough', 'approximately', 'estimated']"
argue_v,"['contend', 'allege', 'claim', 'assert', 'plead', 'discuss', 'say', 'support', 'affirm']"
arise_v,"['occur', 'emerge', 'appear', 'happen']"
arrange_v,"['organize', 'organise', 'text', 'arrangements', 'organizing', 'arrangement', 'fix', 'organising', 'arranging', 'hold', 'convene']"
arrest_v,"['detention', 'arrested', 'arrests', 'arresting', 'apprehension', 'stop', 'detain', 'detains', 'capture', 'apprehend', 'custody', 'stopping', 'judgment', 'detained', 'detaining', 'detentions', 'halt', 'warrant', 'imprisonment', 'bust', 'residence', 'seizure', 'netted']"
ascertain_v,"['determine', 'verify', 'determining', 'identify', 'ensure', 'check', 'establish', 'confirm', 'assess', 'verifying', 'identifying']"
assemble_v,"['install', 'gather', 'assembling', 'collect', 'meet', 'monte', 'compile', 'collate', 'mount']"
assert_v,"['affirm', 'claim', 'argue', 'enforce', 'say', 'vindicate', 'reaffirm', 'confirm']"
assess_v,"['evaluate', 'assessing', 'evaluating', 'assessment', 'evaluation', 'assessed', 'determine', 'estimate', 'appraise', 'measure', 'gauge', 'evaluated', 'evaluates', 'assesses', 'judge', 'appreciate', 'appraisal', 'assessments', 'determining', 'estimating', 'ascertain', 'examine', 'weigh', 'analyse', 'identify', 'valuate', 'consider', 'measuring']"
assign_v,"['allocate', 'assigning', 'allocating', 'map', 'assigned', 'assigns', 'allocation', 'assignment', 'mapped', 'attribute', 'assignable', 'entrust', 'earmark', 'affect', 'designate', 'give', 'allocates', 'cede']"
assist_v,"['help', 'assisting', 'helping', 'assistance', 'facilitate', 'contribute', 'attend', 'support', 'aid', 'assists', 'aiding', 'assisted', 'helps', 'facilitating']"
associate_v,"['associated', 'partner', 'delegate', 'assistant', 'deputy', 'delegated', 'associates', 'associés', 'aggregated', 'associating', 'partners', 'aggregate', 'involved', 'associé', 'sub-degree', 'involve', 'prospective', 'related']"
assume_v,"['shoulder', 'suppose', 'presume', 'take', 'bear', 'guess', 'play', 'undertake', 'accept', 'presuppose', 'adopt', 'incur', 'fulfil', 'imagine']"
assure_v,"['reassure', 'ensure', 'guarantee', 'ensuring', 'confirm', 'insure', 'secure', 'emphasize', 'provide', 'convince', 'affirm']"
attach_v,"['append', 'connect', 'enclose', 'fasten', 'paste', 'install', 'glue', 'tie', 'join', 'hold', 'attaching', 'connection', 'herewith', 'reach', 'give', 'connecting']"
attack_v,"['assault', 'attacks', 'attacking', 'offensive', 'aggression', 'strike', 'onslaught', 'bombing', 'atac', 'attacked', 'stroke', 'cardiac', 'raid', 'offense', 'ataka', 'tackle', 'incursion']"
attempt_v,"['attempted', 'try', 'attempts', 'effort', 'bid', 'attempting', 'endeavour', 'seek', 'intention', 'quest']"
attend_v,"['attending', 'participate', 'assist', 'attended', 'attends', 'assisting', 'attendance', 'present', 'follow', 'witness']"
attract_v,"['attracting', 'draw', 'lure', 'entice', 'attraction', 'attracts', 'recruit', 'bring', 'drawing', 'attracted']"
attribute_v,"['attributes', 'assign', 'characteristic', 'allocate', 'ascribe', 'feature']"
avert_v,"['avoid', 'prevent', 'avoiding', 'divert']"
avoid_v,"['prevent', 'avoiding', 'avert', 'avoided', 'avoidance', 'evade', 'preventing', 'avoids', 'escape', 'circumvent', 'refrain', 'obviate', 'shirk', 'eschew', 'avertany', 'evita', 'ensure', 'bypass', 'forestall']"
await_v,"['expect', 'wait', 'awaiting', 'awaits']"
award_v,"['prize', 'price', 'awards', 'scholarship', 'awarding', 'prices', 'reward', 'attribution', 'allocation', 'granting', 'fellowship', 'bursary', 'prizes', 'grant', 'prix', 'sentence', 'compensation', 'bourse', 'scholarships', 'adjudication', 'premium', 'pricing', 'individual', 'premio', 'medal', 'rewards', 'fellowships', 'allowance', 'distinction', 'decoration', 'assignment', 'invitation', 'allocate', 'laureate', 'nobel', 'procurement', 'auction', 'prize-winner', 'allotment', 'purse', 'awarded']"
balance_v,"['equilibrium', 'balancing', 'balanced', 'balances', 'preponderance', 'equilibria', 'imbalance', 'pay', 'reconcile', 'snitch', 'balance-sheet', 'equilibrate', 'parity', 'remainder', 'equipoise', 'bilan', 'trade-off', 'equilibration', 'rest', 'stocktaking', 'stock', 'balancer', 'scales']"
ban_v,"['prohibition', 'prohibit', 'banning', 'embargo', 'prohibiting', 'forbid', 'interdiction', 'outlaw', 'prohibited', 'prohibitions', 'nuclear-test-ban', 'proscription', 'outlawing', 'prohibits', 'proscribe', ""'interdiction"", 'banish', 'banned']"
base_v,"['basis', 'basic', 'bases', 'core', 'based', 'foundation', 'al-qaeda', 'qaeda', 'reference', 'baseline', 'plate', 'background', 'kei', 'rule', 'baze', 'database', 'foundations', 'alqaeda', 'grass-roots', 'footing', 'al-qaida', 'benchmark', 'groundwork', 'grassroots']"
bear_v,"['bears', 'shoulder', 'xiong', 'assume', 'wear', 'withstand', 'keep', 'carry', 'porter', 'oso', 'take', 'endure', 'dipper', 'have', 'pooh', 'hsiung', 'bring']"
beat_v,"['defeated', 'defeats', 'defeat', 'blanked', 'beats', 'beating', 'fight', 'hit', 'bat', 'bested', 'pace', 'trounced', 'broke', 'rhythm', 'fought', 'bt', 'struck', 'overcame', 'patrol', 'overcome']"
become_v,"['becoming', 'be', 'became', 'becomes', 'been', 'fate', 'are', 'make', 'gone', 'gotten']"
beg_v,"['begging', 'implore', 'beseech', 'supplier']"
behave_v,"['behaviour', 'behaved', 'act']"
belong_v,"['belongs', 'pertain', 'belonging']"
bend_v,"['curvature', 'fold', 'dual', 'curve', 'elbow', 'plaice', 'double', 'folding', 'flounder', 'deform', 'bent', 'curved', 'kink']"
benefit_v,"['benefits', 'advantage', 'profit', 'delivery', 'advantages', 'allowance', 'interest', 'favour', 'provision', 'enjoy', 'beneﬁts', 'allowances', 'gain', 'interests', 'beneﬁt', 'bienfait', 'edge', 'usefulness', 'sake', 'avantage', 'vantaggio', 'allocation', 'welfare', 'entitlements', 'beneficiary', 'beneficial', 'useful']"
bet_v,"['irap', 'wager', 'gamble', 'bets', 'pari', 'gambled', 'wagered', 'equal', 'shein', 'chickened', 'betted', 'guess']"
bill_v,"['bills', 'invoice', 'draft', 'billing', 'law', 'act', 'biil', 'charter', 'biii', 'invoicing', 'ordinance', 'legislation', 'bec', 'project', '-bill', 'list', 'bill-to', 'ticket']"
bind_v,"['link', 'binds', 'lier', 'tie', 'linking', 'liaison', 'chelating', 'unite', 'compel']"
blacken_v,"['demonise', 'denigrate']"
blame_v,"['fault', 'guilt', 'accuse', 'culpa', 'reproach', 'censure', 'responsibility', 'reprimand', 'culpability', 'guilty', 'debt']"
block_v,"['bloc', 'blocks', 'blocking', 'bloque', 'lock', 'blok', 'o.r.', 'blocs', 'obstruct', 'blockade', 'locking', 'bucket', 'prevent', 'hinder', 'building', 'box', 'chunk', 'pad', 'neighborhood', 'impede', 'freeze', 'buckets', 'blockage', 'hamper', 'lock-up']"
blur_v,"['vagueness', 'blurring', 'confuse', 'soft']"
bolster_v,"['upholstery', 'strengthen', 'reinforce', 'enhance', 'support']"
bolt_v,"['screw', 'bolts', 'screws', 'bleed', 'stud', 'polt', 'nut']"
bonjour_v,"['hello', 'hi', 'heilo']"
boost_v,"['impetus', 'stimulate', 'momentum', 'increase', 'impulse', 'strengthen', 'stimulus', 'promote', 'enhance', 'encourage', 'stimulating', 'incentive', 'energize', 'strengthening', 'spur', 'relaunch', 'foster', 'push', 'reinforce', 'revive', 'fillip', 'stimulation', 'improve', 'raise']"
borrow_v,"['borrowing', 'lend', 'loan']"
boss_v,"['guv', 'patron', 'pattern', 'chief', 'head', 'skipper', '-boss', 'chef', 'leader', 'owner', 'bosses', 'master', 'kingpin', 'landlord']"
bother_v,"['disturb', 'annoy', 'mind', 'interrupt']"
bound_v,"['linked', 'obliged', 'related', 'tied', 'associated', 'forced', 'compelled', 'connected', 'consolidated', 'obligated', 'required', 'held', 'doomed']"
breathe_v,"['breathing', 'breathes', 'breath', '-ahh', 'inhale', 'respire', '-breathe', 'instil', 'respiration', 'exhale']"
breed_v,"['reproduce', 'race', 'nest', 'spawn', 'breeding', 'recur', 'mate', 're-occur', 'reoccur', 'métis', 'reproducing', 'replicate', 'nesting', 'generation']"
breeze_v,"['nassim', 'nissim', 'wind', 'naseem', 'nasim', 'break', 'cake', 'shatter']"
bring_v,"['carry', 'make', 'lead', 'put', 'translate', 'provide', 'wear', 'introduce', 'porter', 'draw', 'get', 'give', 'achieve', 'attract', 'bringing', 'take', 'submit', 'bear', 'create', 'translating', 'deliver']"
bud_v,"['egg', 'buddy', 'budd', 'kali', 'linda', 'pal', 'buds']"
bump_v,"['hump', 'damper']"
burn_v,"['burning', 'blight', 'recording', 'burned', 'burns', 'burnt', 'combustion', 'incinerate', 'record', 'brûlé', 'combust', 'brûlée', 'ignite']"
burst_v,"['bursting', 'explosion', 'break-up', 'outbreak', 'puff', 'rupture', 'gust', 'explode', 'blasting']"
bury_v,"['borj', 'buried', 'burial', 'buries', 'burying', 'hide', 'conceal', 'buri']"
calculate_v,"['calculating', 'compute', 'calculation', 'calculated', 'calculates', 'estimate', 'derive', 'determine', 'computing', 'computation', 'calculations']"
campaign_v,"['campaigning', 'campaigns', 'countryside', 'campagne', 'movement', 'campaña', 'campagna', 'field', 'drive', 'fight', 'season', 'movements', 'campania', 'sports', 'crusade', 'struggle', 'map', 'crackdown', 'activities', 'icbl']"
cancel_v,"['annul', 'cancellation', 'rescind', 'abort', 'cancelling', 'canceling', 'cancels', 'cancelled', 'revoke', 'nullify', 'quash', 'terminate', 'annulment', 'overturn', 'abolish', 'repeal', 'invalidate', 'abolition', 'waive', 'annuls', 'cancei', 'canceled', 'override', 'negate', 'reverse', 'countermand', 'overrule', 'undo', 'rescission', 'write-off', 'delete', 'abrogate', 'unassign']"
capture_v,"['catch', 'captures', 'capturing', 'trapping', 'pickup', 'seizure', 'uptake', 'catching', 'seize', 'catchment', 'arrest', 'live-capture', 'harvest', 'entrapment', 'catches', 'trap', 'collection', 'sequestration', 'apprehension', 'apprehend', 'collect', 'harvesting', 'grasp', 'abstraction', 'arrested', 'captured', 'conquer']"
carry_v,"['bring', 'wear', 'transport', 'carrying', 'bear', 'lead', 'continue', 'porter', 'portage', 'transporting', 'take']"
cascade_v,"['cascading', 'waterfall', 'cascaded', 'cascades', 'stunt', 'step-down']"
cast_v,"['plaster', 'expressed', 'sunk', 'casting', 'die-cast', 'throw', 'moulded', 'threw', 'issued', 'thrown', 'shed', 'deposited', 'ctea', 'blown', 'alloying']"
castel_v,['mansion']
catch_v,"['catches', 'capture', 'grab', 'captures', 'harvest', 'taken', 'attraper', 'fishing', 'trap', 'wrestling', 'get', 'trapping', 'take', 'grabs', 'catching', 'uptake', 'fang', 'fish', 'fishery']"
cater_v,"['meet', 'respond', 'satisfy']"
cause_v,"['causes', 'reason', 'provoke', 'causing', 'case', 'result', 'issue', 'causa', 'lead', 'source', 'question', 'inflict', 'owing', 'induce', 'due', 'wreak', 'origin', 'trigger', 'utilities', 'because', 'create', 'caused', 'undertakings', 'generate', 'stake', 'reasons', 'entail', 'produce']"
cease_v,"['stop', 'cesar', 'cessation', 'discontinue', 'halt', 'eesc', 'quit', 'desist', 'end', 'terminate', 'stopping', 'suspend', 'cese']"
celebrate_v,"['celebrating', 'commemorate', 'celebration', 'celebrations', 'solemnize', 'celebrates', 'mark', 'hold', 'celebrated', 'observe']"
centre_v,"['center', 'centres', 'centro', 'central', 'hub', 'heart', 'facility', 'focal', 'centers', 'observatory', 'centrum', 'focus', 'zentrum', 'core', 'clearinghouse', 'status', 'gichd', 'irc', 'apcict', 'centrepiece', 'capsa', 'itc', 'middle', 'point']"
cestode_v,['tapeworm']
cet_v,['tec']
challenge_v,"['challenges', 'problem', 'defiance', 'défi', 'gauntlet', 'difficulty', 'defy', 'contest', 'reto', 'task', 'provocation', 'recusal', 'challenging', 'difficult', 'issue', 'difficulties', 'obstacle', 'contestation', 'disqualification']"
charge_v,"['al-qaem', 'load', 'accusation', 'responsible', 'qaim', 'burden', 'chargé', 'indictment', 'charges', 'qaem', 'fee', 'loaded', 'prosecution', 'tasked', 'existing', 'loading', 'debit', 'charging', 'fees', 'expenses', 'upload', 'costs', 'imputation', 'instructs', 'mandated', 'expense', 'cost', 'responsibility', 'royalty', 'cargo', 'levy', 'charged', 'al-qaim', 'loads', 'borne', 'fresh', 'accuse', 'accountable', 'office']"
chase_v,"['manhunt', 'chasing', 'hunt', 'hunting', 'chases', 'pursuit', 'hunts']"
cheer_v,"['cheerfulness', 'joy', 'cheerleader', 'hooray', 'dance', 'rallying']"
cherish_v,"['treasure', 'treasured', 'cherished']"
chime_v,"['beeper', 'buzzer']"
choose_v,"['select', 'elect', 'choosing', 'pick', 'opt', 'choice', 'selecting', 'decide', 'press', 'click', 'selection', 'choices', 'chose', 'selected', 'chosen', 'chooses', 'point', 'picks']"
chore_v,['drudgery']
chung_v,"['cheng', 'zheng', 'jeong', 'zhong', 'jung', 'chong', 'queensway', 'yong', 'pui-lam']"
cite_v,"['quote', 'cited', 'quoted', 'precinct', 'mention', 'city', 'invoke', 'isced']"
clad_v,['coated']
claim_v,"['allegation', 'complaint', 'claims', 'request', 'assertion', 'application', 'demand', 'grievance', 'deduct', 'argue', 'ask', 'claimant', 'affirmation', 'contention', 'dunning', 'receivable', 'assert', 'allege', 'say', 'reclaim', 'claiming', 'claimed', 'argument', 'pretend', 'seek', 'requests', 'affirm', 'allegations', 'contend', 'prosecution', 'credit', 'complaints', 'invoke', 'asks']"
clamp_v,"['band', 'clamps', 'clip', 'strap', 'tie', 'pincer', 'bracket', 'pliers', 'claw', 'brace', 'mounting', 'pinch']"
classify_v,"['classifying', 'categorize', 'rank', 'classified', 'classification', 'sort', 'ranking', 'categorise', 'categorizing', 'classifiable']"
cleanse_v,"['purify', 'clean', 'purge', 'wash']"
cling_v,['latchon']
clog_v,"['hoof', 'obstruct']"
clutch_v,"['clutches', 'brood']"
coincide_v,"['coincided', 'coincides', 'match', 'correspond']"
collapse_v,"['meltdown', 'breakdown', 'break-up', 'disintegration', 'fall', 'cave-in', 'bankruptcy', 'demise', 'failure', 'collapsed', 'collapses', 'crash', 'downfall', 'slump', 'sinking', 'subsidence', 'crumble', 'sinkhole', 'drop', 'breakup', 'landslide', 'decline', 'debacle', 'bust', 'implosion', 'ruin']"
collect_v,"['gather', 'collection', 'collecting', 'gathering', 'compile', 'collate', 'collects', 'perceive', 'obtain', 'raise', 'recover', 'assemble', 'solicit', 'collected', 'receive', 'reap', 'capture', 'muster', 'levy', 'compiling']"
column_v,"['columns', 'spine', 'stanchion', 'chronic', 'al-amud', 'amud', 'columnar']"
combine_v,"['combining', 'merge', 'combines', 'reconcile', 'combined', 'unite', 'mix', 'combination', 'blend', 'merging', 'intermix', 'join']"
command_v,"['commands', 'leadership', 'commanding', 'commandment', 'conductor', 'knob', 'commander', 'script', 'control', 'order', 'conductors', 'commando', 'headquarters']"
commence_v,"['begin', 'start', 'initiate', 'starts', 'beginning', 'commencement', 'launch', 'undertake', 'started', 'starting', 'began', 'open', 'commenced', 'engage']"
comment_v,"['commentary', 'observation', 'remark', 'comments', 'observations', 'point', 'feedback', 'observing', 'remarks', 'commentaire', 'compliance', 'suspension', 'suspend', 'observer', ""'observation"", 'note', 'consultation', 'observational', 'suspending', 'monitoring']"
commission_v,"['committee', 'board', 'commissione', 'kommission', 'council', 'comisión', 'panel', 'commissie', 'επιτροπή', 'whscc', 'ywchsb', 'perpetration', 'commissions', 'comissão', 'tirexb', 'unhcr', 'ilc', 'bizottság', 'chrc', 'ifa']"
commit_v,"['committing', 'perpetrate', 'engage', 'undertake', 'validate', 'validation', 'committed', 'oblige', 'devote', 'allocate', 'hire']"
communicate_v,"['communicating', 'disclose', 'transmit', 'communication', 'convey', 'submit', 'inform', 'communicates', 'provide', 'contact', 'disseminate', 'communicated', 'send', 'share', 'notify', 'impart', 'interact', 'communications']"
compare_v,"['comparing', 'comparison', 'compares', 'compared', 'liken', 'comparative', 'comparable', 'benchmark']"
compete_v,"['competition', 'competing', 'rival']"
complain_v,"['complaint', 'bemoan', 'moan', 'protest']"
complete_v,"['full', 'comprehensive', 'completed', 'total', 'complement', 'completing', 'conclude', 'finalize', 'finish', 'complements', 'fill', 'entire', 'thorough', 'absolute', 'fulfill', 'fulfil', 'integrity', 'completes', 'supplement', 'exhaustive', 'finalise', 'completion', 'perform', 'whole', 'fully', 'populate', 'supplements', 'accomplish', 'perfect', 'end', 'finished', 'completely', 'kamel', 'meet', 'incomplete', 'fully-qualified']"
comply_v,"['conform', 'meet', 'fulfil', 'satisfy', 'abide', 'adhere', 'observe', 'fulfill', 'obey', 'respond', 'respect', 'compliance', 'follow', 'implement', 'conformity', 'discharge', 'perform', 'honour']"
compose_v,['cope']
comprise_v,"['include', 'represent', 'understand', 'consist', 'constitute', 'encompass']"
conceal_v,"['hide', 'disguise', 'mask', 'obscure', 'concealment', 'dissemble', 'camouflage', 'bury']"
concede_v,"['admit', 'grant', 'recognise', 'acknowledge', 'recognize']"
conceive_v,"['imagine', 'devise', 'design', 'designing', 'envisage']"
concentrate_v,"['focus', 'concentrated', 'concentrates', 'concentration', 'concentrating', 'focusing', 'focused']"
concern_v,"['preoccupation', 'concerns', 'interest', 'anxiety', 'worry', 'disquiet', 'attention', 'fear', 'unease', 'gold', 'problem', 'relate', 'concerned', 'worries', 'apprehension', 'alarm', 'affect', 'care']"
conclude_v,"['conclusion', 'finish', 'complete', 'end', 'concluding', 'finalize', 'finalise', 'close', 'concluded', 'closing', 'infer', 'reach', 'sign', 'terminate']"
condemn_v,"['denounce', 'condemns', 'convict', 'condemned', 'condemning', 'deplore', 'denounces', 'condemnation', 'reprimand', 'order', 'criticise', 'denounced']"
conduct_v,"['behaviour', 'behavior', 'perform', 'driving', 'behavioural', 'lead', 'undertake', 'conducting', 'acts', 'chairmanship', 'realization', 'ethics', 'behaviours', 'proceed', 'misconduct', 'holding', 'hold', 'make', 'conducted', 'organize', 'behavioral', 'pursue', 'drive', 'attitude', 'leadership', 'implementation', 'behaviors']"
confess_v,"['admit', 'recognise', 'acknowledge', 'confession', 'say', 'recognize']"
confine_v,"['limit', 'restrict', 'circumscribe']"
confirm_v,"['confirms', 'confirmation', 'affirm', 'confirming', 'reaffirm', 'confirmed', 'assure', 'verify', 'assures', 'validate', 'affirms', 'corroborate', 'reconfirm', 'uphold', 'attest', 'ascertain', 'acknowledge', 'endorse', 'substantiate', 'reiterate', 'confirmatory', 'certify', 'assert', 'check']"
confound_v,['confuse']
confront_v,"['face', 'tackle', 'address', 'meet', 'combat', 'cope', 'counter', 'facing']"
connect_v,"['connecting', 'plug', 'connection', 'attach', 'connected', 'link', 'login', 'log', 'plugged', 'reconnect', 'turn']"
consider_v,"['examine', 'considering', 'consideration', 'review', 'believe', 'explore', 'envisage', 'discuss', 'contemplate', 'think', 'study', 'reflect', 'browse', 'considered', 'examining', 'reviewing', 'look', 'considerations', 'investigate', 'address', 'view', 'feel', 'account', 'deem', 'regard', 'reconsider', 'see', 'examines', 'assess']"
consist_v,"['include', 'compound', 'comprise', 'decomposition', 'understand']"
constitute_v,"['represent', 'pose', 'are', 'form', 'constitutes', 'comprise', 'be', 'provide', 'constituted', 'grantor']"
construct_v,"['build', 'construction', 'building', 'constructing', 'constructed', 'built', 'vector', 'erect']"
consult_v,"['consultation', 'consultations', 'visit', 'see', 'consulting', 'refer', 'consulter', 'consulted', 'query', 'view', 'available', 'consultative']"
consume_v,"['eat', 'consuming', 'consumption', 'use', 'drink']"
contact_v,"['contacts', 'touch', 'liaison', 'contacting', 'ignition', 'focal', 'contacto', 'contacted', 'call', 'communication', 'liaise', 'pinch', 'communicate', 'mating', 'interlocutor', 'coordinates', 'link', 'communications']"
contain_v,"['include', 'contains', 'containing', 'curb', 'stem', 'provide', 'hold', 'containment', 'restrain', 'incorporate']"
contemplate_v,"['consider', 'envisage']"
contract_v,"['contracts', 'contractual', 'agreement', 'contrat', 'market', 'contracting', 'markets', 'contracted', 'prenup', 'lease', 'marketplace', 'deal', 'treaty']"
contrast_v,"['contrasts', 'contrary', 'difference', 'opposite', 'comparison', 'opposition', 'contradiction', 'high-contrast', 'change', 'rematch', 'contradistinction', 'revenge', 'inverse', 'objection', 'variance', 'reverse']"
contribute_v,"['contributing', 'help', 'assist', 'contribution', 'contributes', 'participate', 'make', 'provide', 'helping', 'promote', 'play', 'facilitate', 'serve', 'contributed']"
control_v,"['monitoring', 'oversight', 'controlling', 'controls', 'scrutiny', 'supervision', 'monitor', 'check', 'controlled', 'inspection', 'checking', 'screening', 'supervisory', 'fight', 'checks', 'contrôle', 'witness', 'surveillance', 'limitation', 'combat', 'command', 'witnesses', 'regulatory', 'mastery', 'regulate', 'controller', 'struggle', 'combating', 'review', 'contorl', 'grip', 'ownership', 'audit', 'domination', 'assurance', 'controlsolenoid', 'nations-controlled', 'masters', 'verification', 'ctrl', 'management', 'supervise', 'reduction', 'comptrollership', 'scrutinise', 'auditing']"
convert_v,"['converting', 'conversion', 'transform', 'translate', 'turn', 'converted', 'converts', 'turning', 'apostate', 'make', 'transforming', 'reconvert']"
convey_v,"['transmit', 'express', 'communicate', 'send', 'pass', 'forward']"
convince_v,"['persuade', 'satisfy', 'convincing', 'reassure', 'assure']"
cope_v,"['deal', 'adapt', 'composer', 'respond', 'kobe', 'address', 'tackle', 'face', 'overcome', 'meet', 'confront', 'contend', 'manage', 'absorb', 'compose']"
correspond_v,"['corresponds', 'corresponded', 'match', 'reflect', 'conform', 'coincide', 'represent', 'fit', 'relate']"
couple_v,"['torque', 'pair', 'two', 'few', 'pairs', 'partner', 'couples', 'marriage']"
cover_v,"['lid', 'coverage', 'encompass', 'covers', 'defray', 'covering', 'bezel', 'covered', 'blanket', 'include', 'cap', 'canopy', 'hedging', 'meet', 'shroud', 'fill', 'span', 'guise', 'couverture', 'way', 'tocover', 'hedge', 'address', 'deck', 'pay', 'embrace', 'involve', 'including']"
crack_v,"['fissure', 'crackhead', 'cleft', 'rift', 'slit', 'cracking', 'decipher', 'break', 'crevasse']"
crash_v,"['crashes', 'crashed', 'collision', 'accident', 'collide', 'collapse', 'crushing', 'shock', 'incident', 'clash', 'accidents', 'crush', 'meltdown']"
create_v,"['creating', 'establish', 'creation', 'build', 'generate', 'creates', 'establishment', 'created', 'develop', 'establishing', 'cree', 'mujahedeen', 'building', 'produce', 'provide', 'forge', 'cause', 'believed', 'make', 'generating', 'raise', 'achieve', 'bring', 'manufacturing']"
creep_v,"['deformation', 'vermin', 'monster', 'bastard', 'freak', 'asshole']"
cringe_v,"['shudder', 'cry']"
criticise_v,"['criticize', 'criticising', 'criticism', 'critique', 'denounce', 'criticised', 'reproach', 'condemn']"
criticize_v,"['criticise', 'criticizes', 'slam', 'slams', 'critique', 'criticizing']"
crop_v,"['crops', 'harvest', 'cultures', 'harvesting', 'culture', 'cultivation', 'plant', 'cutout', 'agricultural', 'cropping', 'vegetable', 'cultural']"
cross_v,"['cruz', 'croix', 'crosses', 'croce', 'red', 'crusade', 'crossing', 'cross-', 'transverse', 'crisscross', 'bilateral', 'crucifix', 'cross-cutting', 'cross-sectional', 'roja', 'crossover', 'transversal', 'straddling', 'traverse', 'inist', 'rist', 'crossed']"
cull_v,"['culling', 'slaughter', 'replenishment', 'sacrifice', 'slaughtering']"
damage_v,"['harm', 'damages', 'injury', 'prejudice', 'detriment', 'undermine', 'loss', 'deterioration', 'damaged', 'destruction', 'danni', 'devastation', 'lesion', 'pity', 'havoc', 'impair', 'injuries', 'degradation', 'jeopardize', 'sabotage', 'shame']"
damp_v,"['wet', 'humid', 'moist', 'moisture', 'wetland', 'wet-type', 'humidity']"
dazzle_v,"['glare', 'awe']"
deal_v,"['agreement', 'cope', 'lidar', 'dealing', 'address', 'market', 'treat', 'tackle', 'respond', 'transaction', 'resolve', 'manage', 'solve', 'treatment', 'accord', 'covenant', 'contract', 'handle', 'composer', 'face', 'case', 'contend']"
decide_v,"['deciding', 'determine', 'decides', 'choose', 'decided', 'decision', 'determining', 'decisions', 'opt', 'resolve', 'adjudicate', 'identify']"
declare_v,"['declares', 'proclaim', 'announce', 'testify', 'explain', 'announces', 'say', 'announced', 'report', 'declared', 'state']"
decline_v,"['decrease', 'drop', 'reduction', 'downturn', 'drop-off', 'fall', 'deterioration', 'declining', 'dieback', 'regression', 'decay', 'reduce', 'decadence', 'recession', 'lower', 'diminution', 'degradation', 'decreased', 'decreasing', 'slowdown', 'retreat', 'refuse', 'lowering', 'contraction', 'reduced', 'demise', 'slump', 'setback', 'diminish', 'dip', 'down', 'downfall', 'loss', 'collapse']"
decorate_v,"['adorn', 'redecorate']"
decrease_v,"['decline', 'reduction', 'reduce', 'drop', 'diminution', 'decreased', 'reduced', 'fall', 'decreasing', 'diminish', 'reducing', 'lower', 'lowering', 'decreases', 'diminishing', 'lessening', 'cut', 'lessen', 'declining', 'diminished', 'underexpenditure', 'downturn', 'decrement', 'shrinking', 'loss', 'depletion']"
dedicate_v,"['devote', 'spend', 'allocate', 'enshrine']"
deem_v,"['judge', 'consider']"
defeat_v,"['beat', 'defeating', 'overcome', 'vanquish', 'failure', 'conquer', 'rout', 'defeated', 'invalidation', 'defeats', 'setback', 'thwart', 'frustrate', 'overcoming', 'loss', 'slaughter']"
defend_v,"['defending', 'uphold', 'defence', 'protect', 'advocate', 'defender', 'safeguard', 'defends', 'upholding', 'champion', 'defense', 'justify', 'defended']"
define_v,"['defining', 'defined', 'definition', 'defines', 'identify', 'set', 'determine', 'establish', 'delineate', 'identifying', 'définir', 'specify', 'articulate', 'setting', 'develop', 'determining']"
defuse_v,"['de-escalate', 'ease', 'diffuse', 'alleviate', 'appease', 'disable', 'mitigate', 'calm', 'allay', 'neutralize', 'placate', 'dispel']"
delay_v,"['delays', 'postpone', 'delaying', 'retardation', 'postponement', 'delayed', 'backlog', 'late', 'backwardness', 'deadline', 'defer', 'lag', 'lateness', 'procrastination', 'tardiness', 'demora', 'retard', 'ado', 'postponed', 'time-limit', 'period', 'slippage', 'postpones', 'overdue', 'behind', 'timeframe', 'deferral', 'time', 'wait']"
deliver_v,"['provide', 'offer', 'providing', 'give', 'delivery', 'achieve', 'delivering', 'produce', 'fulfil', 'implement', 'perform', 'offering', 'surrender', 'bring', 'make']"
demand_v,"['request', 'application', 'require', 'requirement', 'claim', 'needs', 'demands', 'ask', 'call', 'requests', 'question', 'asks', 'insist', 'requested', 'need', 'applications', 'requirements', 'calls', 'asked', 'petition']"
demonstrate_v,"['show', 'prove', 'demonstrating', 'illustrate', 'demonstration', 'display', 'indicate', 'evidence', 'proof', 'demonstrated', 'reveal', 'establish', 'demonstrates', 'attest', 'exercise', 'testify']"
deny_v,"['refuse', 'denies', 'deprive', 'negate', 'reject', 'withhold', 'denial', 'denied', 'refusing', 'refute', 'gainsay', 'prevent']"
depend_v,"['rely', 'count', 'adopt']"
depict_v,"['describe', 'illustrate', 'portray']"
derive_v,"['calculate', 'obtain', 'draw', 'deduct', 'drift', 'reap', 'shoot']"
describe_v,"['describing', 'outline', 'describes', 'depict', 'description', 'described', 'portray', 'explain', 'indicate', 'characterize', 'designate']"
deserve_v,"['merit', 'earn', 'warrant', 'merits']"
design_v,"['layout', 'designing', 'conception', 'designs', 'designed', 'devise', 'drawings', 'concept', 'drawing', 'develop', 'formulation', 'model', 'styling', 'conceive', 'devising', 'concepción', 'development', 'designer', 'calculation', 'elaboration', 'determination', 'style', 'planning', 'conceptualization', 'dimensioning', 'conceiving', 'vision', 'engineering', 'preparation', 'plan', 'formulate', 'construction']"
desire_v,"['wish', 'désir', 'willingness', 'desired', 'aspiration', 'desiree', 'laurent-désiré', 'longing', 'lust', 'will', 'yearning', 'want', 'intention', 'ambition', 'eagerness', 'hope', 'commitment', 'readiness', 'determination']"
destroy_v,"['destroying', 'destruction', 'destroyed', 'ruin', 'destroys', 'demolish', 'annihilate', 'devastate', 'obliterate', 'wreck', 'crush', 'undermine', 'spoil', 'dismantle']"
detect_v,"['detecting', 'detection', 'identify', 'detects', 'discover', 'uncover', 'discovery', 'spot', 'identifying', 'detectable', 'trace', 'reconnaissance']"
determine_v,"['determining', 'identify', 'decide', 'ascertain', 'establish', 'identifying', 'determination', 'assess', 'define', 'determined', 'determines', 'calculate', 'identification', 'set', 'evaluate', 'ascertaining', 'assessing', 'deciding', 'decided', 'verify', 'defining', 'déterminer', 'specify', 'establishing']"
develop_v,"['development', 'developing', 'prepare', 'elaborate', 'devise', 'establish', 'formulate', 'build', 'developed', 'create', 'evolve', 'design', 'elaboration', 'expand', 'acquire', 'elaborating', 'develops', 'grow', 'designing', 'produce', 'preparing', 'formulating', 'preparation', 'enacted', 'drafting', 'formulation', 'devising', 'define', 'refine', 'establishing', 'make', 'enhance']"
devise_v,"['develop', 'design', 'conceive', 'invent', 'formulate', 'designing', 'find', 'prepare', 'elaborate']"
devote_v,"['dedicate', 'spend', 'allocate', 'enshrine', 'pay', 'expend', 'earmark', 'consecrate', 'give', 'commit', 'focus', 'invest']"
differ_v,"['vary', 'diverge', 'defer', 'deviate', 'disagree', 'postpone', 'difference']"
dig_v,"['digging', 'excavate', 'digs', 'excavation', 'widen', 'widening', 'drilling', 'burrow', 'dug', 'burrowing']"
diminish_v,"['reduce', 'decrease', 'weaken', 'lessen', 'decline', 'mitigate', 'reducing', 'undermine', 'minimize', 'lower']"
dine_v,"['dinner', 'lunch']"
direct_v,"['directly', 'immediate', 'straightforward', 'first-hand', 'straight', 'live', 'face-to-face', 'forthright', 'straight-through', 'immediately', 'jab', 'indirect', 'on-line', 'outright']"
dirty_v,"['filthy', 'squalid', 'soiled', 'sales', 'unclean', 'salts', 'pig', 'nasty', 'sordid', 'polluting', 'ugly', 'stinking', 'messy', 'naughty', 'bad', 'fucking', 'polluted', 'salacious', 'rotten', 'sale', 'goddamn', 'exits']"
disappear_v,"['vanish', 'disappearing', 'dispar', 'disappearance', 'fade', 'extinction', 'vanishing', 'dissipate', 'begone']"
discharge_v,"['landfill', 'download', 'fulfil', 'unloading', 'rejection', 'spill', 'release', 'fulfilment', 'emptying', 'unload', 'discharging', 'offload', 'junkyard', 'dump', 'flow', 'performance', 'perform', 'fulfill', 'dismissal', 'releases', 'downloading', 'meet', 'fulfilling', 'liberation', 'clearance', 'outlet', 'emission', 'offloading', 'acquittal', 'play', 'exemption', 'outfall', 'comply', 'exercise', 'discharges', 'evacuation', 'dumpster', 'absolution', 'landfills']"
disclose_v,"['divulge', 'reveal', 'communicate', 'disclosure', 'unveil', 'communicating', 'release', 'disseminate', 'uncover', 'indicate', 'proactive', 'expose']"
discover_v,"['uncover', 'discovering', 'detect', 'discovery', 'discovers', 'learn', 'uncovering', 'find', 'explore', 'discovered', 'identify', 'detection', 'detecting']"
discuss_v,"['discussion', 'examine', 'debate', 'talk', 'consider', 'discussed', 'discusses', 'discussions', 'discussing', 'review', 'analyse', 'argue', 'address', 'speak', 'explore', 'analyze', 'browse', 'examining', 'reviewing', 'chat', 'considering']"
dismiss_v,"['reject', 'revoke', 'sack', 'discard', 'rejects', 'exclude', 'dismisses', 'expel', 'disallow']"
disorder_v,"['disorders', 'unrest', 'chaos', 'mess', 'disarray', 'turmoil', 'disruption', 'disturbance', 'post-traumatic', 'clutter', 'trouble', 'strife', 'impairment', 'lawlessness', 'upheaval', 'cloudy', 'confusion', 'mayhem', 'disease', 'illness', 'condition', 'affection', 'disturbs', 'dislocation', 'anarchy', 'turbulence']"
dispense_v,"['distribute', 'apportion', 'allocate']"
display_v,"['screen', 'show', 'viewing', 'visualization', 'displaying', 'posting', 'displayed', 'displays', 'visualize', 'view', 'unhide', 'exhibition', 'presentation', 'demonstrate', 'showing', 'exposure', 'submission', 'signage', 'postings', 'visualisation', 'screens', 'appear', 'showcase', 'front-of-screen', 'demonstration', 'poster', 'representation', 'shows', 'panel', 'exhibit', 'post']"
dispose_v,"['alienate', 'disposal', 'eliminate', 'discard', 'divest', 'disposed', 'immerse', 'rid', 'eradicate', 'elimination', 'sell']"
dissent_v,"['dissidence', 'dissension', 'disagreement', 'dissenting', 'opposition', 'disapproval', 'discord', 'discrepancy', 'dissident', 'discontent', 'dissatisfaction']"
dissolve_v,"['disband', 'dissolution', 'disbanding', 'disbandment', 'dismantle', 'discontinue']"
distinguish_v,"['differentiate', 'distinguishing', 'distinguishes', 'discriminate', 'discern', 'distinguished', 'discrimination', 'separate']"
distribute_v,"['circulate', 'circulated', 'distributing', 'distribution', 'disseminate', 'dispense', 'apportion', 'allocate', 'distributed', 'spread']"
disturb_v,"['disrupt', 'bother', 'upset', 'interrupt', 'annoy', 'distort', 'perturb', 'interfere']"
ditch_v,"['divide', 'gap', 'trench', 'moat', 'gutter']"
divide_v,"['gap', 'fracture', 'ditch', 'split', 'dividing', 'division', 'cleavage', 'chasm', 'divides', 'splitting', 'rift', 'gulf', 'fractured', 'divided', 'abyss', 'hyphenate', 'splits', 'schism', 'apportion', 'disparity', 'splittist']"
dominate_v,"['predominate', 'domina', 'dominated', 'prevail', 'overpower', 'master']"
double_v,"['dual', 'twofold', 'twice', 'twin', 'two-fold', 'duplicate', 'doubling', 'redouble', 'doubles', 'two-pronged', 'doubly', '2x', 'doppelganger', 'doubled', 'two-up', 'bend', 'twin-track', 'two-track', 'dual-track', 'duplicating', 'double-decked', 'fold', 'double-', 'doble', 'two-tier', 'duplication', 'two-factor', 'dual-', 'double-cross']"
doubt_v,"['question', 'doubts', 'hesitation', 'suspicion', 'wątpliwości', 'duda', 'course', 'suspected', 'uncertainty', 'certainly', 'undoubtedly', 'dubbi']"
draft_v,"['project', 'proposed', 'projects', 'bill', 'bills', 'proposal', 'proyecto', 'eraser', 'drafting', 'provisional', 'tentative', 'preliminary', 'projet', 'text']"
drag_v,"['dragging', 'towed', 'trawl', 'trawling', 'carry-over', 'tramp', 'puff', 'slut', 'tow', 'transvestite']"
drain_v,"['drainage', 'drains', 'draining', 'brain', 'exodus', 'emptying', 'empty', 'outflow', 'sewer', 'leakage', 'drip', 'brainpower', 'siphon', 'evacuate', 'rigolet', 'wastage', 'sink']"
drift_v,"['drifting', 'adrift', 'punch', 'coaster', 'derive', 'leeway', 'deviation', 'tendency']"
drop_v,"['decline', 'fall', 'decrease', 'coward', 'gout', 'pord', 'reduction', 'detach', 'dip', 'drops', 'down', 'abandon', 'throw', 'erase', 'collapse', 'falling', 'falls', 'lower', 'downfall', 'dips', 'cowardly', 'downturn', 'tumble', 'straw', 'slump', 'placement', 'discard', 'release', 'chute', 'freefall', 'slip']"
dump_v,"['halde', 'immersion', 'hole', 'landfill', 'discharge', 'dumpster', 'shithole', 'throw', 'download', 'jettison', 'junkyard', 'pigsty']"
earmark_v,"['allocate', 'ring-fence', 'devote', 'assign', 'affect']"
earn_v,"['win', 'deserve', 'gain', 'winning', 'obtain', 'wins']"
ease_v,"['alleviate', 'relieve', 'facilitate', 'mitigate', 'facilitated', 'easily', 'easing', 'facility', 'lighten', 'easy', 'ease-of', 'reduce', 'facilitating', 'defuse', 'eases', 'relax', 'soften', 'allay', 'simplicity', 'calm', 'detente', 'lessen', 'appease', 'convenience', 'soothe', 'alleviation', 'calming', 'relaxation', 'comfort', 'simplify']"
echo_v,"['eco', 'écho', 'repeat', 'reiterate', 'echos']"
edit_v,"['editing', 'edite', 'modify', 'edition', 'edited', 'edits', 'edita', 'edición', 'amend', 'modifying', 'editorial', 'alter']"
educate_v,"['educating', 'sensitize', 'education', 'inform', 'teach', 'sensitizing', 'train', 'sensitise', 'educational', 'instruct', 'informing']"
elect_v,"['choose', 'election', 'elects', 'select', 'opt', 'elected', 'elections', 'pick', 'electoral']"
eliminate_v,"['eradicate', 'delete', 'remove', 'eliminating', 'elimination', 'eradication', 'removing', 'eradicating', 'abolish', 'dispose', 'eliminated', 'eliminates', 'deleting', 'suppress', 'removal', 'deleted', 'overcome', 'dispel', 'removes', 'deletes', 'disposal', 'rid', 'phase-out', 'address']"
elude_v,"['escape', 'evade', 'shirk']"
embrace_v,"['kiss', 'adopt', 'kissing', 'encompass', 'behold', 'accept', 'hug', 'cover', 'include']"
emerge_v,"['arise', 'appear', 'emergence', 'occur']"
emit_v,"['issue', 'emitting']"
emphasise_v,"['stress', 'underline', 'highlight', 'emphasize', 'underscore', 'insist', 'stressed', 'emphasising']"
emphasize_v,"['stress', 'underline', 'emphasise', 'highlight', 'underscore', 'emphasized', 'stressed', 'emphasizes', 'assure', 'insist', 'stresses']"
employ_v,"['hire', 'use', 'employing', 'recruit', 'hiring', 'employment']"
enable_v,"['allow', 'activate', 'permit', 'enabling', 'enables', 'facilitate', 'empowers', 'empower', 'activation', 'empowerment', 'activating', 'help', 'active', 'allowing', 'afford', 'allows', 'provide', 'allowed', 'let', 'make', 'give', 'enabled']"
enclose_v,"['attach', 'herewith', 'besiege', 'encircle', 'surround']"
encounter_v,"['face', 'meet', 'confrontation', 'meeting', 'encountered', 'encuentro', 'rencontre']"
encourage_v,"['encouraging', 'encourages', 'encouraged', 'promote', 'foster', 'stimulate', 'encouragement', 'fostering', 'promoting', 'urge', 'animate', 'motivate', 'incite', 'boost', 'spur', 'incentivise', 'induce', 'facilitate', 'support', 'inspire', 'invite', 'promoted', 'stimulating', 'promotes', 'incentivize', 'promotion', 'enhance', 'entice']"
endorse_v,"['approve', 'support', 'subscribe', 'endorses', 'approves', 'accept', 'adopt', 'agree', 'confirm', 'endorsed', 'join']"
enforce_v,"['implement', 'impose', 'apply', 'enforcing', 'uphold', 'implementation', 'assert', 'enforcement', 'implementing', 'execute']"
engage_v,"['participate', 'commit', 'involve', 'hire', 'undertake', 'initiate', 'embark', 'engaging', 'mobilize', 'participation', 'incur', 'begin', 'start', 'collaborate', 'recruit', 'cooperate', 'commence', 'exercise', 'participating']"
engender_v,['generate']
enhance_v,"['improve', 'strengthen', 'increase', 'strengthening', 'improving', 'enhancing', 'reinforce', 'promote', 'intensify', 'improvement', 'raise', 'strengthened', 'increasing', 'enhanced', 'improved', 'enhancement', 'boost', 'expand', 'upgrade', 'raising', 'promoting', 'foster', 'increased', 'promotion', 'build', 'reinforcing', 'upgrading', 'augment', 'deepen', 'advancement', 'better', 'bolster', 'consolidate', 'enrich', 'heighten', 'broaden', 'facilitate', 'improvements', 'develop', 'refine', 'encourage']"
enquire_v,"['inquire', 'ask']"
ensure_v,"['ensuring', 'guarantee', 'assure', 'secure', 'guaranteeing', 'provide', 'securing', 'safeguard', 'insure', 'ensured', 'achieve', 'verify', 'ascertain', 'guaranteed', 'eensure', 'sure', 'assuring', 'maintain', 'avoid', 'make', 'reassure', 'achieving', 'check', 'ensures', 'assured']"
entitle_v,['qualify']
envisage_v,"['consider', 'imagine', 'contemplate', 'foresee', 'envisaged', 'anticipate', 'conceive', 'predict']"
envy_v,"['jealousy', 'begrudge', 'wanna', 'want', 'craving', 'jealous']"
equip_v,"['equipping', 'munir', 'endow', 'provide']"
erect_v,"['build', 'construct']"
escape_v,"['flee', 'evade', 'évasion', 'exhaust', 'leak', 'evacuation', 'leakage', 'elude', 'flight', 'avoid', 'shirk', 'outrun', 'jailbreak', 'avoidance', 'getaway', 'elope', 'circumvent', 'abscond', 'fugue', 'escapement', 'esc', 'run']"
establish_v,"['create', 'establishing', 'establishment', 'set', 'determine', 'develop', 'build', 'creating', 'prepare', 'established', 'define', 'setting', 'introduce', 'creation', 'identify', 'determining', 'forge', 'building', 'ascertain', 'establishes', 'implement', 'demonstrate', 'provide', 'prove', 'make', 'fix', 'lay', 'compile']"
estimate_v,"['estimation', 'estimating', 'estimates', 'estimated', 'assess', 'calculate', 'appreciation', 'evaluate', 'forecast', 'calculation', 'assessment', 'calculating', 'estimations', 'assessing', 'forecasts']"
evaluate_v,"['assess', 'assessing', 'evaluating', 'assessment', 'evaluation', 'assessed', 'appraise', 'estimate', 'evaluates', 'assesses', 'gauge', 'evaluated', 'measure', 'appraisal', 'determine', 'judge', 'estimating']"
evolve_v,"['develop', 'change', 'move']"
exaggerate_v,"['overstate', 'overdo', 'overestimate', 'overemphasize', 'inflate', 'overact', 'oversell']"
examine_v,"['consider', 'review', 'discuss', 'explore', 'investigate', 'study', 'examining', 'reviewing', 'consideration', 'analyse', 'browse', 'considering', 'examination', 'scrutinise', 'examines', 'studying', 'look', 'address', 'analyze', 'reviews', 'assess', 'check', 'research', 'examined', 'verify', 'scrutinize']"
exceed_v,"['surpass', 'overcome', 'exceeding', 'transcend', 'outweigh', 'overstep', 'exceeded', 'exceeds', 'outstrip', 'overtake', 'outrun', 'outpace', 'over', 'overcoming']"
exchange_v,"['exchanges', 'sharing', 'exchanging', 'interchange', 'change', 'swap', 'share', 'trade', 'exchange-rate', 'trading', 'currency', 'foreign-exchange', 'return', 'shift', 'changes', 'monetary', 'currencies', 'interaction', 'bag', 'wui', 'forex', 'changing', 'trade-in', 'exchanged']"
exclude_v,"['preclude', 'excludes', 'excluding', 'excluded', 'exclusion', 'dismisses', 'exempt', 'disqualify', 'foreclose', 'dismiss']"
excuse_v,"['pretext', 'apology', 'alibi', 'apologise', 'sorry', 'forgive', 'apologize', 'pardon', 'guise', 'justification', 'pretence', 'excuses', 'justify', 'apologizing']"
execute_v,"['run', 'implement', 'perform', 'running', 'executing', 'implementation', 'execution', 'implementing', 'submit', 'bit', 'enforce']"
exhibit_v,"['exhibition', 'room', 'exposure', 'piece', 'coin', 'exposition', 'voucher', 'suite', 'play', 'table', 'apiece', 'exposures', ""'exposition"", 'exhibitions', 'figure', 'exhibits', 'show', 'display', 'expo', 'dime']"
exist_v,"['exists', 'existence', 'existing', 'be', 'presence', 'persist', 'are']"
expand_v,"['broaden', 'extend', 'expanding', 'expansion', 'widen', 'enlarge', 'broadening', 'expanded', 'extending', 'increase', 'widening', 'develop', 'grow', 'enlarging', 'enhance', 'extension', 'extended', 'enlargement', 'broadened', 'stretch', 'enlarged', 'amplify', 'spread', 'augment', 'increasing', 'expands', 'widened']"
expect_v,"['wait', 'await', 'hope', 'anticipate', 'expects', 'look']"
experience_v,"['experiences', 'experiment', 'expertise', 'lessons', 'experiments', 'experienced', 'khabrat', 'khabra', 'experimentation', 'learned']"
explain_v,"['explaining', 'explained', 'explains', 'clarify', 'explanation', 'declare', 'describe', 'justify', 'interpret', 'tell', 'elaborate', 'indicate']"
explode_v,"['detonate', 'blow', 'erupt', 'exploit', 'explodes', 'blast', 'exploded', 'burst']"
exploit_v,"['operate', 'exploiting', 'use', 'explore', 'exploitation', 'leverage', 'explode', 'utilise', 'tap', 'seize', 'harness', 'capitalize', 'utilize']"
explore_v,"['explorer', 'exploring', 'exploration', 'explored', 'explores', 'examine', 'consider', 'study', 'browse', 'investigate', 'explorations', 'exploit', 'studying', 'discover', 'discuss', 'analyse', 'review', 'analyze', 'seek', 'navigate']"
export_v,"['exports', 'exporting', 'exportation', 'exported', 'exportación', 'exportação', ""'exportation"", ""'esportazione"", 'ausfuhr', 'export-oriented', 'exporter', 'uitvoer', 'export-', 'exporters', 'exit']"
expose_v,"['denounce', 'reveal', 'uncover', 'unmask', 'presentation', 'briefing', 'outline', 'disclose']"
express_v,"['expressing', ""'express"", 'explicit', 'expresses', 'convey', 'expresbsp', 'voice', 'expressed', 'extend', 'say', 'articulate', 'speak', 'manifest', 'give', 'expressly']"
extend_v,"['expand', 'prolong', 'broaden', 'extension', 'extending', 'extender', 'widen', 'enlarge', 'expanding', 'renew', 'extended', 'express', 'lengthen', 'extends', 'enlargement', 'spread', 'prolonging', 'broadening', 'increase', 'expansion', 'provide', 'prorogue', 'expanded', 'stretch']"
extract_v,"['excerpt', 'retrieved', 'extracted', 'extracting', 'extracts', 'extraction', 'remove', 'extrait', 'retrieve', 'extort', 'excerpts', 'mined', 'draw', 'eject', 'ext', 'quarried', 'pull', 'removing', 'retrieving', 'mining', 'retrieval']"
face_v,"['confront', 'facing', 'faces', 'cara', 'encounter', 'tackle', 'address', 'facial', 'head', 'confronting', 'meet', 'nose', 'nominal', 'cope', 'faced', 'front', 'frente', 'mouth', 'confrontation', 'deal', 'surface']"
facilitate_v,"['facilitating', 'ease', 'facilitates', 'facilitation', 'tayseer', 'assist', 'facilitated', 'promote', 'provide', 'taysir', 'help', 'convenience', 'convenient', 'foster', 'enable', 'simplify', 'promoting', 'easier', 'encourage', 'taisir', 'promotion', 'tayssir', 'easing', 'allow', 'contribute', 'enhance', 'taisser', 'support']"
fade_v,"['dimming', 'dissipate', 'disappear', 'meddle', 'recede', 'die-cast', 'blown', 'fuse']"
fall_v,"['autumn', 'drop', 'decline', 'decrease', 'collapse', 'vall', 'automne', 'downfall', ""'automne"", 'falls', 'fal', 'falling', 'dip', 'chute', 'reduction', 'tumble', 'val', 'dips', 'tomb', 'slump', 'case', 'waterfall', 'slip', 'lower', 'downturn', 'demise']"
fancy_v,"['chic', 'fantasy', 'fanciful', 'classy', 'novelty', 'luxurious', 'whim', 'caprice', 'elegant', 'knack', 'swell', 'imitation', 'imagination', 'costume', 'nice']"
favour_v,"['favor', 'favourable', 'support', 'benefit', 'favore', 'behalf', 'faveur', 'promote', 'supportive', 'advantage', 'conducive', 'positive', 'favorable', 'foster', 'supporter', 'advocate']"
fear_v,"['afraid', 'scared', 'apprehension', 'frightened', 'concern', 'anxiety', 'scare', 'terror', 'worry', 'dread', 'fright', 'suck', 'bang', 'angst', 'panic', 'worried', 'horror']"
feature_v,"['characteristic', 'function', 'functionality', 'role', 'fiction', 'features', 'element', 'characteristics', 'trait', 'aspect', 'functions', 'hallmark', 'component', 'attribute']"
feed_v,"['fodder', 'feeding', 'forage', 'food', 'feedingstuffs', 'feedstuff', 'nourish', 'feedingstuff', 'feeds', 'power', 'eat', 'foods', 'diet', 'feedstuffs', 'fed', 'eating', 'nurture', 'nutrition', 'foraging']"
fetch_v,"['get', 'recovery', 'retrieve']"
figure_v,"['chart', 'graph', 'graphic', 'illustration', 'appears', 'figures', 'number', 'chiffre', 'diagram', 'digit', 'fig', 'numeral', 'amount', 'graphical', 'silhouette', 'percentage', 'personality', 'exhibit', 'contained', 'sum', 'ﬁgure', 'appear', 'table', 'proportion', 'no.', 'ozp']"
file_v,"['files', 'dossier', 'archive', 'record', 'roster', 'archiving', 'produce', 'docket', 'records', 'archives', 'submit', 'deposit', 'archival', 'bank', 'filing', 'fichier', 'case', 'case-file', 'lodge', 'ﬁle', 'archivos', 'filename', 'issue', 'matter', 'folder', 'numérico']"
fill_v,"['filler', 'filling', 'populate', 'embankment', 'padding', 'backfill', 'refill', 'bridge', 'complete', 'bridging', 'cover', 'meet', 'fulfil', 'populating', 'address', 'occupy', 'plug', 'fulfill', 'fill-in', 'completing', 'close', 'infill', 'infilling', 'remedy', 'backfilling']"
finance_v,"['finances', 'financial', 'financing', 'funding', 'fund', 'hacienda', 'financials', 'financiën', 'fiscal', 'finanza', 'treasury', 'funds', 'finanze', 'exchequer', 'finanças', 'finance-economy']"
fire_v,"['lamp', 'fires', 'shooting', 'firing', 'gunfire', 'blaze', 'tir', 'fuego', 'firefighting', 'cease-fire', 'feu', 'burning', 'lamps', 'firefighters', 'arson', 'eld', 'wildfire', 'fire-fighting', 'ceasefire', 'shoot', 'flame', 'firepower', 'light', 'fired', 'shot', 'flre', 'torpedo', 'brand', 'firefighter', 'bonfire', 'stove', 'firemen', 'litmus', 'ablaze', 'pull', 'wildfires', '-boom']"
fit_v,"['appropriate', 'worthy', 'suitable', 'install', 'dignified', 'tif', 'adjustment', 'adjust', 'proper', 'adapt', 'correspond', 'adapted', 'suited', 'adjusting', 'monte', 'adequate', 'concordance', 'adjusted', 'funds-in-trust']"
fix_v,"['repair', 'repairing', 'set', 'correct', 'corrigendum', 'resolve', 'redress', 'heal', 'arrange', 'solve', 'settle', 'correction', 'repaired', 'solution', 'remedy', 'setting', 'establish', 'fixed', 'rectify', 'mend', 'reparation', 'dose']"
flap_v,"['rabat', 'instability', 'outlier', 'tab']"
flash_v,"['flash-forward', 'solid-state', 'lightning', 'blink', 'zippy', 'flashback', 'newsflash', 'urgent', 'lightning-fast', 'jiffy', 'sudden', 'glimmer']"
flee_v,"['escape', 'leave', 'run', 'abandon', 'fly', 'elope', 'abscond', 'leak']"
float_v,"['floater', 'floats', 'char', 'fleet', 'profiler', 'chariot', 'tank', 'jitter', 'floatation', 'flotation']"
flow_v,"['flows', 'flux', 'stream', 'debit', 'influx', 'fluxes', 'circulation', 'movement', 'streamflow', 'inflow', 'runoff', 'flowrate', 'throughput', 'streams', 'mobile', 'fluidity', 'discharge', 'outflow', 'debiting', 'movements', 'traffic', 'current', 'flow-control', 'workflow', 'capacitor', 'flowing', 'flood', 'liquidity', 'dfd', 'streamflows', 'flowmeter', 'run-off', 'drainage', 'ﬂow']"
focus_v,"['concentrate', 'emphasis', 'attention', 'concentration', 'accent', 'discussion', 'focusing', 'approach', 'priority', 'focused', 'orientation', 'centre', 'target', 'focuses', 'theme', 'axis', 'focussing', 'interest', 'spotlight', 'concentrating', 'refocus', 'objective', 'guidance', 'direction', 'heart', 'reflection', 'care', 'concentrated', 'devote', 'goal']"
fold_v,"['folding', 'bend', 'dual', 'double', 'barn', 'herd', 'times', 'plaice', 'kink', 'crease']"
fool_v,"['idiot', 'imbecile', 'stupid', 'deceive', 'silly', 'crazy', 'moron', 'buffoon', 'jerk', 'delude', 'jackass', 'mislead', 'insane', 'butthead', 'dumbass', 'jester', 'mad', 'ldiot', 'idiotic', 'chump', 'madman', 'cheat', 'dumb', 'numb-wit', 'horse-trade', 'dummy', 'asshole', 'beast', 'foolish', 'goblin', 'douche', 'clown', 'dumb-ass', 'assmunch', 'moonhead', 'sucker', 'schmuck', 'twit']"
force_v,"['strength', 'forces', 'effect', 'vigour', 'unficyp', 'power', 'kraft', 'troops', 'compel', 'place', 'isaf', 'task', 'oblige', 'working', 'team', 'fuerza', 'troop', 'undof', 'vigor', 'forza', 'unifil', 'violence', 'work', 'forcibly', 'load', 'strengths', 'army', 'tasks', 'sfor', 'effective', 'applicable', 'gendarmerie']"
forget_v,"['forgets', 'remember', 'overlook', 'forgot', 'forgotten', 'ignore', 'anas', 'neglect', 'forgetto', 'disregard']"
forgive_v,"['forgives', 'excuse', 'pardon', 'forgiven', 'condone', 'forgiveness', 'forgave']"
form_v,"['shape', 'forms', 'format', 'way', 'formula', 'formulary', 'manner', 'formulaire', 'kind', 'train', 'constitute', 'type', 'forma', 'forme', 'sort', 'screen', 'modality', 'proforma', 'formatting', 'forming', 'version', 'formation', 'formed', 'forman', 'are', 'mode', 'represent']"
formulate_v,"['formulating', 'formulation', 'develop', 'make', 'enacted', 'articulate', 'devise', 'elaboration', 'elaborate', 'formula', 'prepare', 'drafting', 'design']"
found_v,"['discovered', 'find', 'concluded', 'observed', 'revealed', 'detected', 'encountered', 'noted', 'located', 'identified', 'finding', 'considered', 'discovery', 'consulted', 'determined', 'ruled', 'reached', 'seen', 'showed', 'recovered', 'got', 'uncovered', 'felt', 'spotted', 'noticed', 'declared', 'contained', 'recognized', 'deemed', 'struck', 'thought', 'saw', 'finds', 'shown']"
frame_v,"['framework', 'frames', 'chassis', 'rack', 'section', 'raster', 'subframe', 'fabric', 'framing', 'box', 'marco', 'pattern', 'weft', 'context', 'image', 'table']"
free_v,"['freedom', 'freely', 'book', 'libre', 'free-of-charge', 'liberty', 'liber', 'gratuitous', 'al-hurra', 'freedoms', 'open', 'gratuit', 'release', 'unrestricted', 'freien', 'freie', 'cost-free', 'gratuite', 'exempt', 'liberal', 'books', 'liberate', 'gratis', 'livre', 'free-living', 'pound', 'frei', 'complimentary', 'without', 'unhindered', 'devoid', 'no-charge', 'vrije', 'unimpeded', 'wanton', 'spare', 'toll-free', 'pro-bono', 'unfettered', 'vacant', 'hurra', 'al-ahrar', 'franca', 'duty-free']"
freeze_v,"['freezing', 'gel', 'frozen', 'freezes', 'fixed', 'frost', 'snapshot', '-freeze', '-scud', 'immobilize', 'freeze-up', 'block', 'froze', 'stop']"
fulfil_v,"['meet', 'fulfill', 'comply', 'perform', 'discharge', 'satisfy', 'honour', 'play', 'accomplish', 'fulfilment', 'complete', 'implement', 'fulfilling', 'achieve', 'abide', 'fill', 'deliver', 'completing', 'respond', 'assume', 'fulfilled', 'respect']"
function_v,"['role', 'service', 'functions', 'feature', 'operate', 'functioning', 'operation', 'work', 'basis', 'functionality', 'fonction', 'duties', 'functional', 'task', 'post', 'operating', 'accordance', 'features']"
fund_v,"['funds', 'fonds', 'funding', 'merits', 'finance', 'fondo', 'caisse', 'substance', 'background', 'facility', 'bottom', 'unfpa', 'holdings', 'substantive', 'financing', 'unifem', 'foundation', 'imf', 'cerf', 'money', 'fonda', 'qef', 'box', 'cash', 'molten', 'crate', 'depth', 'fundo', 'uncdf', 'fundusz', 'caja', 'unfip', 'pbf', 'ifad', 'gearbox', 'cashier', 'unjspf']"
gain_v,"['win', 'acquire', 'profit', 'obtain', 'earn', 'gains', 'get', 'earnings', 'earning', 'benefit', 'winning', 'achieve', 'acquiring', 'obtaining', 'receive', 'advantage', 'learn', 'conquer']"
gather_v,"['collect', 'collection', 'congregate', 'collecting', 'compile', 'gathering', 'assemble', 'collate', 'obtain', 'muster', 'meet', 'raise', 'solicit']"
gaze_v,['look']
generate_v,"['generating', 'produce', 'create', 'generation', 'engender', 'generates', 'producing', 'generated', 'build', 'yield', 'cause', 'lead']"
given_v,"['granted', 'provided', 'awarded', 'accorded', 'seen', 'received', 'particular', 'offered', 'data', 'considering', 'paid', 'made', 'yielded', 'issued', 'donated', 'assigned', 'administered', 'delivered', 'determined', 'afforded', 'conferred', 'allocated', 'entrusted', 'taken', 'supplied', 'specified', 'due', 'attributed', 'been', 'presented', 'placed', 'submitted', 'certain']"
glance_v,"['peek', 'sight', 'look', 'view', 'overview', 'wink', 'vista', 'look-see', 'eye', 'jiffy', 'heartbeat']"
govern_v,"['regulate', 'steer', 'guide', 'manage']"
grab_v,"['catch', 'take', 'get', 'grabs', 'seize', 'eat']"
grant_v,"['subsidy', 'grants', 'granting', 'concession', 'subvention', 'subsidies', 'give', 'allowance', 'donation', 'award', 'issuance', 'gratien', 'subsidisation', 'subsidization', 'awarding', 'provide', 'accord', 'concede', 'donations', 'confer', 'issuing', 'scholarship', 'don', 'premium', 'allocation', 'pay', 'funding', 'giving', 'lease', 'allow']"
grasp_v,"['seize', 'grasping', 'understand', 'understanding', 'scope', 'mastery', 'capture', 'master']"
greet_v,"['welcome', 'salute', 'commend']"
grin_v,"['smile', 'smiling']"
guarantee_v,"['ensure', 'warranty', 'guaranteeing', 'guaranteed', 'ensuring', 'guarantees', 'assurance', 'collateral', 'safeguard', 'assure', 'secure', 'guarantor', 'security', 'garantie', 'εγγύηση', 'safeguards', 'secured', 'assurances', 'securing', 'ensured', 'safeguarding', 'gage', 'warranties', 'garantía', 'provide', 'surety']"
guess_v,"['suppose', 'devine', 'think', 'imagine', 'assume', 'presume', 'guessing', 'believe', 'assumes', '-guess', 'bet', 'reckon']"
guide_v,"['handbook', 'guidebook', 'guidance', 'guides', 'manual', 'guiding', 'orient', 'guía', 'guidelines', 'roadmap', 'steer', 'guided', 'morshed', 'guideline', 'workbook', 'playbook', 'orienting', 'directory', 'evidence', 'lead', 'govern', 'directing', 'steering']"
hack_v,"['pirate', 'charlatan', 'hacking', 'quack', 'piracy']"
halt_v,"['stop', 'stopping', 'cease', 'curb', 'cessation', 'suspend', 'end', 'stem', 'arrest', 'suspension', 'terminate', 'discontinue', '-halt', 'judgment', 'halts', 'halting', 'interrupt', 'eesc', 'stopped', 'suspends']"
hand_v,"['side', 'hands', 'part', 'party', 'share', 'lato', 'main', 'mano', 'aside', 'handheld', 'lado', 'portion', 'arm', 'proportion', 'manual', 'manuals']"
handle_v,"['asa', 'manage', 'manipulate', 'handful', 'handling', 'identifier', 'saa', 'address', 'treat', 'controller', 'mango', 'driver', 'id', 'processing', 'handled', 'tackle', 'managing', 'addressing', 'fistful', 'aoa', 'deal']"
hang_v,"['heng', 'hisashi', 'hyong', 'hengchun']"
haul_v,['loot']
head_v,"['chief', 'leader', 'chef', 'heads', 'skull', 'mind', 'capita', 'boss', 'tête', 'cabeza', 'director', 'leiter', 'header', 'helm', 'lead', 'face', 'jefe', 'tau', 'brain', 'chairman', 'minister', 'sir', 'cephalic', 'manager', 'forefront', 'top', 'carmine', 'responsible', 'jefa', 'ladies', 'headboard', 'commander', 'glum', 'chiefs', 'president']"
heap_v,"['stack', 'ipi', 'pile', 'battery']"
hesitate_v,"['waver', 'dither']"
hide_v,"['conceal', 'hiding', 'disguise', 'obscure', 'mask', 'cache', 'skin', 'hides', 'bury', '-hide', 'skins', 'stash', 'withhold', 'concealment', 'camouflage', 'hidden']"
highlight_v,"['emphasise', 'stress', 'underline', 'emphasize', 'underscore', 'showcase', 'mention', 'culmination', 'illustrate']"
hire_v,"['hiring', 'recruit', 'rental', 'employ', 'rent', 'engage', 'lease', 'leasing', 'recruiting', 'recruitment', 'renting', 'hires', 'initiate', 'incur', 'location', 'commit', 'rented']"
hitch_v,"['mooring', 'coupling', 'hook']"
hole_v,"['orifice', 'loch', 'shithole', 'hellhole', 'foxhole', 'holes', 'gat', 'peephole', 'port', 'pit', 'stockade', 'dump', 'brig', 'gap', 'loophole', 'jail', 'drill', 'borehole', 'pothole', 'pozo']"
hope_v,"['expectancy', 'hopes', 'expectation', 'esperanza', 'expect', ""'espoir"", 'wish', 'hoop', 'amal', 'hoped', 'trust', 'espoir', ""'hoop"", 'hopeful', 'desire', 'expects']"
hunt_v,"['hunting', 'chasse', 'hunts', 'fighter', 'hunted', 'chase', 'hunte', 'harvest', 'search', 'sealing', 'hunter', 'chasing', 'manhunt', 'game']"
hurry_v,"['fast', 'quick', 'quickly', 'haste', 'lickety-split', 'soon', 'faster', 'rush', 'fastest', 'vite']"
identify_v,"['identifying', 'determine', 'identification', 'detect', 'define', 'determining', 'find', 'identified', 'ascertain', 'pinpoint', 'identifies', 'indicate', 'locate', 'defining', 'establish', 'designate', 'specify', 'determination', 'recognize', 'discover', 'appoint', 'detecting', 'discern', 'i.d.', 'assess', 'delineate', 'set', 'decide']"
ignore_v,"['disregard', 'overlook', 'neglect', 'skip', 'ignoring', 'omit', 'flout', 'forget', 'bypass']"
illustrate_v,"['exemplify', 'show', 'demonstrate', 'depict', 'portray', 'reflect', 'indicate', 'highlight']"
imagine_v,"['conceive', 'guess', 'lmagine', 'suppose', 'imagining', 'envisage', 'think', 'presume', 'picture', 'believe', 'envision', 'assume', 'imagines']"
implement_v,"['implementation', 'implementing', 'apply', 'deploy', 'enforce', 'applying', 'execute', 'applied', 'implemented', 'run', 'application', 'fulfil', 'introduce', 'executive', 'perform', 'deploying', 'operationalize', 'pursue', 'enforcement', 'implements', 'comply', 'establish', 'execution', 'transpose', 'achieve', 'practice', 'deliver', 'undertake']"
imply_v,"['involve', 'mean', 'entail', 'term', 'insinuate', 'suggest']"
import_v,"['importation', 'imports', 'importing', 'imported', 'importations', 'entrance', 'importer', ""'importation""]"
impose_v,"['imposing', 'enforce', 'imposition', 'inflict', 'introduce', 'dictate', 'imposed', 'foist', 'levy', 'imposes', 'prescribe', 'require', 'compel', 'apply']"
imprison_v,"['incarcerate', 'detain']"
improve_v,"['improving', 'enhance', 'improvement', 'improved', 'enhancing', 'improvements', 'increase', 'better', 'upgrade', 'strengthen', 'ameliorate', 'enhancement', 'upgrading', 'refine', 'enhanced', 'raise', 'improves', 'increasing', 'raising', 'betterment', 'strengthening', 'boost', 'améliorer', 'advancement']"
include_v,"['includes', 'including', 'contain', 'understand', 'incorporate', 'encompass', 'included', 'comprise', 'involve', 'inclusion', 'cover', 'insert', 'consist', 'integrate', 'inscribe', 'understanding', 'are', 'comprises', 'enter', 'add', 'embrace', 'provide', 'comprising']"
incorporate_v,"['integrate', 'include', 'incorporating', 'mainstream', 'integrating', 'transpose', 'incorporation', 'mainstreaming', 'incorporates', 'incorporated', 'introduce', 'embed', 'insert', 'contain', 'integration', 'involve']"
increase_v,"['rise', 'increasing', 'increased', 'enhance', 'growth', 'raise', 'increases', 'improve', 'grow', 'strengthen', 'increment', 'expand', 'augment', 'enhancing', 'boost', 'raising', 'surge', 'intensify', 'augmentation', 'growing', 'expansion', 'strengthening', 'rising', 'enhancement', 'improving', 'greater', 'upsurge', 'heighten', 'reinforce', 'enhanced', 'progression', 'broaden', 'improvement', 'escalation', ""'augmentation"", 'extend', 'hike', 'further', 'more', 'expanding', 'redouble', 'intensification', 'higher', 'additional', 'augmenting', 'mark-up', 'build', 'widen', 'add', 'enlarge', 'rises', 'multiply']"
incur_v,"['hire', 'engage', 'assume']"
indicate_v,"['show', 'suggest', 'indicates', 'specify', 'reveal', 'identify', 'denote', 'demonstrate', 'indicating', 'describe', 'enter', 'outline', 'angel', 'signify', 'clarify', 'disclose', 'indication', 'provide', 'state', 'mention', 'indicated', 'explain', 'reflect', 'illustrate', 'inform']"
induce_v,"['induced', 'cause', 'provoke', 'encourage', 'lead', 'entice', 'trigger']"
influence_v,"['affect', 'impact', 'influences', 'influencing', 'clout', 'influenza', 'effect', 'leverage', ""'influence"", 'influenced', 'influential', 'weight', 'bearing', 'affected', 'sway', 'effects', 'right-of-way', 'affecting', 'flu', 'impacts']"
inform_v,"['informing', 'notify', 'advise', 'educate', 'apprise', 'enlighten', 'tell', 'informed', 'notice', 'illuminate', 'communicate', 'report', 'brief', 'notification', 'announce', 'advising', 'informs', 'information', 'notifying', 'educating', 'acquaint', 'indicate']"
inherit_v,"['inheriting', 'inheritance', 'succession', 'successor', 'legacy']"
initiate_v,"['start', 'launch', 'begin', 'undertake', 'commence', 'engage', 'initiating', 'embark', 'launching', 'open', 'trigger', 'hire', 'boot', 'starting', 'lancer', 'xlstart']"
injure_v,"['hurt', 'wound', 'harm']"
inquire_v,"['investigate', 'enquire']"
insert_v,"['inserting', 'add', 'insertion', 'enter', 'inserted', 'inserts', 'inclusion', 'include', 'inscribe', 'bushing', 'introduce', 'register', 'added', 'incorporate', 'adding']"
insist_v,"['stress', 'insists', 'emphasise', 'persevere', 'persist', 'push', 'demand', 'dwell', 'urge', 'emphasize', 'nasr', 'press']"
inspect_v,"['check', 'inspecting', 'inspected', 'review', 'inspection', 'verify', 'revise', 'inspectorate']"
inspire_v,"['inspires', 'inspiration', 'motivate', 'instil', 'encourage', 'inspiring', 'stimulate', 'inspired']"
install_v,"['installing', 'installation', 'monte', 'installed', 'installer', 'installs', 'assemble', 'mount', 'fit', 'setup', 'attach', 'reassemble', 'facility', 'reinstall', 'get', 'set', 'climb', 'instal', 'place']"
instruct_v,"['entrust', 'instructions', 'teach', 'educate']"
integrate_v,"['integrating', 'incorporate', 'integration', 'mainstream', 'mainstreaming', 'incorporating', 'integrated', 'include', 'integrates', 'embed', 'incorporation', 'integra']"
intend_v,"['intent', 'intention', 'hear', 'intended']"
interfere_v,"['intervene', 'meddle', 'intervention', 'interference', 'intrude', 'hinder', 'impede', 'hamper', 'disrupt', 'encroach', 'ingest', 'interfering', 'affect', 'disturb', 'non-interference']"
interpret_v,"['interpreting', 'interpretation', 'construe', 'explain']"
interrogate_v,"['interrogates', 'interrogating', 'interrogation', 'cross-examine', 'interview', 'questioning']"
interrupt_v,"['interruption', 'outage', 'discontinue', 'blackout', 'suspend', 'disrupt', 'disruption', 'break', 'disturb', 'stop', 'terminate', 'trap', 'adjourn', 'interrupted', 'discontinuance', 'interupt', 'bother', 'halt', 'intrude', 'harford']"
intervene_v,"['interfere', 'speak', 'intervening', 'intervention', 'respond', 'interference', 'intercede', 'meddle', 'act', 'interfering']"
interview_v,"['interviews', 'interviewing', 'maintenance', 'interviewed', 'interrogation', 'interviewer', 'upkeep', 'interrogate', 'questioning', 'entretien']"
introduce_v,"['enter', 'introducing', 'introduction', 'submit', 'impose', 'establish', 'bring', 'adopt', 'present', 'implement', 'incorporate', 'introduces', 'insert', 'make', 'enact', 'launch', 'lodge']"
invent_v,"['inventing', 'reinvent', 'devise', 're-invent', 'fabricate']"
invest_v,"['investing', 'investment', 'reverse', 'investments', 'invests', 'investhk', 'invert', 'spend', 'invested', 'devote']"
investigate_v,"['investigating', 'investigation', 'examine', 'explore', 'survey', 'inquire', 'inquiry', 'investigations', 'study', 'enquiries', 'consider', 'research', 'investigates', 'surveys', 'investigative', 'analyse']"
invite_v,"['invites', 'inviting', 'invited', 'invitation', 'urge', 'ask', 'please', 'call', 'requests', 'encourage']"
involve_v,"['include', 'engage', 'imply', 'entail', 'involving', 'participate', 'implicate', 'engaging', 'associate', 'mean', 'participation', 'cover', 'involved', 'require', 'encompass', 'incorporate']"
isolate_v,"['insulate', 'isolating', 'isolates', 'isolation', 'segregate', 'strain', 'isolated', 'ouster']"
issue_v,"['question', 'matter', 'problem', 'subject', 'item', 'topic', 'point', 'issues', 'issuance', 'problems', 'theme', 'cause', 'case', 'issuing', 'questions', 'aspect', 'number', 'regard', 'publish', 'dossier', 'affair', 'issued', 'challenge', 'edition', 'area', 'emit', 'thing', 'concerned', 'asia', 'respect', 'problematic', 'file', 'matters', 'run']"
join_v,"['accede', 'unite', 'joining', 'adhere', 'accession', 'participate', 'joins', 'enter', 'joined', 'rejoin', 'reach', 'comejoin', 'attach', 'combine', 'endorse']"
judge_v,"['magistrate', 'judges', 'qadi', 'juge', 'justice', 'considers', 'qazi', 'giudice', 'court', 'richter', 'assess', 'prosecute', 'judicature', 'trier', 'deem', 'try', 'j.a.', 'al-qadi', 'justices', 'bíró', 'j.', 'magistrates', 'evaluate', 'adjudicate', 'magistrat']"
justify_v,"['warrant', 'substantiate', 'justifying', 'justified', 'motivate', 'legitimise', 'explain', 'justification', 'defend', 'excuse', 'legitimize']"
keep_v,"['maintain', 'retain', 'hold', 'continue', 'preserve', 'maintaining', 'remain', 'guard', 'keeping', 'sustain', 'stay', 'conserve', 'gardez', 'bear', 'take', 'retaining', 'kept', 'save', 'maintained', 'custody', 'stick', 'prevent', 'follow', 'uphold', 'garde', 'keeps']"
kick_v,"['lower', 'socket', 'whoop', 'bottom']"
kidnap_v,"['kidnapping', 'abduction', 'abduct', 'kidnapped', 'kidnaps', 'abducted', 'hijack', 'hijacking', 'kidnappings', 'abductions', 'snatch', 'remove']"
knight_v,"['chevalier', 'redhorse', 'caballero', 'char', 'faris', 'cavalier', 'horseman', 'knights', 'trooper', 'rider', 'sandpiper', 'fars', 'ritter', 'fares', 'hero', 'fronsac']"
knit_v,"['knitting', 'knitted', 'weaving']"
knock_v,"['toc', 'hit', 'knocking', 'strike', 'punch', 'hitting', 'ocd', 'ks']"
know_v,"['knows', 'knowledge', 'knowing', 'understand', 'knew', 'learn', 'soaps', 'see', 'hear', 'tell', 'sepa', ""'m"", 'realize', 'realise', 'sais', 'savoir', 'known', 'knovv', 'am', 'knowthat', 'aware', 'do', ""'know"", 'know.']"
label_v,"['tag', 'labels', 'labelling', 'tags', 'etiquette', 'sticker', 'emblem', 'labeling', 'mark', 'marker', 'labelled', 'brand', 'tab', 'stamp', 'marking', 'tagging', 'caption', 'placard']"
lack_v,"['absence', 'shortage', 'lacks', 'failure', 'insufficient', 'scarcity', 'missing', 'shortfall', 'dearth', 'unavailability', 'paucity', 'inadequacy', 'deficiency', 'miss', 'shortages', 'insufficiency', 'fault', 'non-existence', 'non-availability', 'shortcoming', 'deficit', 'inadequate', 'lacking', 'falta', 'gap', 'misses', 'loss', 'defect', 'misdemeanour', 'needed', 'lacked', 'absent', 'no']"
land_v,"['lands', 'earth', 'terrestrial', 'ground', 'soil', 'territory', 'agrarian', 'land-based', 'territorial', 'terra', 'territories', 'terre', 'country', 'soils', 'terrain', 'tierra', 'overland', 'terres', 'property', 'landing', 'onshore', 'field', 'farmland', 'dirt', 'mark', 'berri', 'radi', 'albar', 'luk', 'iand', 'shore', 'mainland', 'lu']"
launch_v,"['launching', 'initiate', 'start', 'launched', 'commencement', 'initiation', 'launches', 'firing', 'start-up', 'begin', 'lancer', 'inception', 'initiating', 'chen', 'release', 'kick-off', 'throw', 'introduction', 'inauguration', 'undertake', 'commence', 'startup', 'opening', 'boot', 'starting', 'waging', 'roll-out', 'embark', 'launchin', 'lanzamiento', 'beginning', 'take-off', 'lance', 'introduce', 'launcher']"
lay_v,"['non-professional', 'non-scientific', 'secular', 'throw', 'nonprofessional', 'put', 'establish']"
lead_v,"['leading', 'leadership', 'result', 'drive', 'conduct', 'bring', 'leader', 'cause', 'head', 'initiative', 'leaded', 'driving', 'carry', 'main', 'cable', 'runway', 'wire', 'responsible', 'steer', 'pb', 'induce', 'directing', 'trail', 'forefront', 'leads', 'spearhead', 'entail', 'generate', 'culminate', 'principal', 'produce', 'führen', 'guide', 'lead-based', 'directs']"
lean_v,"['skinny', 'meagre', 'thin', 'meager', 'tilt', 'scarce', 'sleek', 'scrawny', 'read', 'stylized', 'scant']"
leap_v,"['hop', 'jump', 'salto', 'break', 'bond', 'step', 'saut', 'pale', 'skip', 'blade', 'surge', 'jumping', 'jumps']"
lend_v,"['provide', 'give', 'borrow', 'pay', 'render']"
lever_v,"['prybar', 'gear', 'leverage', 'crowbar', 'levers', 'pry', 'leveraged', 'toggle']"
lie_v,"['lying', 'iie', 'falsehood', 'mens', 'reside', 'untruth', 'lied', 'deceit', 'liar', 'are', 'lies']"
lift_v,"['lifts', 'lifting', 'elevator', 'raise', 'lifted', 'riser', 'hoist', 'elevation', 'lifter', 'remove', 'waive', 'hoisting', 'raising', 'abolish', 'waiver', 'adjourn', 'raises', 'adjournment', 'pumping', 'follower', 'live', 'levage', 'repeal', 'escalator', 'withdraw']"
light_v,"['luminous', 'lights', 'luz', 'slight', 'lightweight', 'lamp', 'léger', 'lighting', 'view', 'light-duty', 'lumière', 'small', 'mild', 'lumen', 'illumination', 'vista', 'iight', 'fire', 'birth', 'pale', 'photonics', 'light-weight', 'licht', 'al-nour', 'basis', 'minor', 'kwong', 'context', 'bright', 'thin', 'spotlight', 'account', 'lamps', 'daylight', 'perspective', 'little', 'glimmer', 'leyte', 'sunlight', 'siu', 'seen', 'lenient', 'background', 'backdrop', 'luminosity']"
limit_v,"['restrict', 'limits', 'ceiling', 'limiting', 'limitation', 'boundary', 'confine', 'threshold', 'limited', 'restriction', 'restricts', 'restricting', 'constrain', 'limitations', 'reduce', 'limite', 'curtail', 'maximum', 'curb', 'borderline', 'boundaries', 'cut-off', 'cap', 'border', 'restrictions', 'restrain', 'limiter', 'mitigate', 'deadline', 'seam', 'edge', 'minimize', 'line']"
limp_v,"['soft', 'flaccid', 'lame', 'saggy']"
link_v,"['liaison', 'linkage', 'relationship', 'connection', 'links', 'bind', 'nexus', 'bond', 'linking', 'lien', 'connect', 'tie', 'nol', 'liaise', 'linkages', 'enlace', 'binding', 'correlation', 'articulation', 'association', 'relation', 'bindings', '-link', 'conjunction', 'focal', 'connecting', 'interconnection', 'relate', ""'s-length"", 'linked', 'liaising', 'tying', 'ties', 'bonding', 'contact', 'hyperlink']"
list_v,"['listing', 'roster', 'lists', 'liste', 'checklist', 'listed', 'enumerate', 'catalogue', 'inventory', 'existing', 'schedule', 'lista', 'slate', 'iist', 'enumeration', 'inventories', 'listings', 'bill', 'shortlist', 'ready']"
load_v,"['loading', 'upload', 'burden', 'charge', 'cargo', 'uploading', 'loaded', 'charging', 'loads', 'payload', 'instructs', 'vacuum', 'uploaded', 'burdens', 'carga', 'shipment', 'borne', 'uploads', 'weighing', 'onus', 'force', 'expense', 'workload', 'freight', 'loader', 'responsible']"
locate_v,"['localize', 'find', 'locating', 'trace', 'iocate', 'localise', 'identify', 'situate', 'browse', 'search', 'pinpoint', 'finding', 'localization', 'track']"
lock_v,"['lock-up', 'locking', 'latch', 'lockout', 'blockade', 'blocking', 'embargo', 'block', 'locks', 'lock-out', 'padlock', 'iock', 'lockdown', 'closure', 'close', 'keyhole', 'lok', 'sealing', 'cotter', 'closing', 'shutdown', 'sluice', 'blockage', 'locked', 'lock-down', 'latches', 'striker', 'lockup']"
loop_v,"['looping', 'loop-through', 'buckle', 'loops', 'earring', 'curl', 'looped', 'circuit', 'course', 'loopback', 'circle', 'loopful']"
lose_v,"['losing', 'loses', 'iose', 'lost', 'waste', 'wasting', 'miss', 'eprd', 'forfeit', 'loose', 'loser', 'loss', 'iost']"
lower_v,"['lowest', 'low', 'less', 'bottom', 'lesser', 'smaller', 'below', 'reduce', 'weaker', 'inferior', 'least', 'decrease', 'weakest', 'kick', 'decline', 'reduced', 'minor', 'cheaper', 'fewer', 'reducing', 'reduction', 'drop', 'minors', 'slower', 'baja', 'down', 'cut', 'fall', 'lowering', 'diminish']"
maintain_v,"['maintaining', 'keep', 'retain', 'preserve', 'sustain', 'maintenance', 'keeping', 'conserve', 'maintained', 'sustaining', 'uphold', 'continue', 'remain', 'preserving', 'hold', 'peace-', 'safeguard', 'retaining', 'maintains', 'preservation', 'stay', 'ensure', 'safeguarding', 'kept', 'continuation', 'retention', 'sustained']"
manage_v,"['managing', 'administer', 'management', 'handle', 'administers', 'manages', 'administering', 'administration', 'managed', 'gérer', 'run', 'deal', 'administrate', 'succeed', 'operate', 'govern', 'cope', 'managerial']"
mark_v,"['brand', 'trademark', 'marks', 'marc', 'marking', 'note', 'commemorate', 'celebrate', 'label', 'marque', 'marca', 'marka', 'sign', 'dials', 'brands', 'hallmark', 'dial', 'stamp', 'notes', 'score', 'marquez', 'branded', 'footprint', 'flag', 'signal', 'markka', 'markings', 'march', 'trademarks', 'imprint', 'land', 'dialing', 'marked', '-mark', 'marques', 'branding', 'soil', 'markup']"
match_v,"['game', 'matching', 'matches', 'coincide', 'coincidence', 'correspond', 'correspondence', 'equalize', 'confrontation', 'concordance', 'align', 'coupling', 'twinning', 'pairing', 'ballgame']"
matter_v,"['issue', 'question', 'subject', 'case', 'topic', 'affair', 'problem', 'item', 'point', 'regard', 'thing', 'matters', 'dossier', 'area', 'respect', 'theme', 'field', 'asia', 'aspect', 'issues', 'connection', 'file', 'incident']"
mean_v,"['average', 'means', 'say', 'tell', 'imply', 'medium-sized', 'medium', 'signify', 'averages', 'entail', 'involve']"
measure_v,"['extent', 'measuring', 'measurement', 'measures', 'μέτρο', 'action', 'step', 'degree', 'measured', 'assess', 'misura', 'gauge', 'evaluate', 'position', 'quantify', 'mesure', 'measurements', 'yardstick', 'indicator', 'move', 'far']"
mediate_v,"['mediation', 'broker', 'arbitrate']"
mend_v,"['repair', 'fix']"
mention_v,"['mentioning', 'cite', 'reference', 'quote', 'refer', 'say', 'remind', 'recall', 'raise', 'speak', 'highlight', 'indicate', 'talk', 'indication', 'mentions']"
mind_v,"['spirit', 'account', 'present', 'head', 'bother', 'view', 'opinion', 'minds', 'esprit', 'consideration', 'brain', 'bothers', 'thinking', 'wit', 'soul', 'aql', 'memory', 'mentality', 'vein', 'cont', 'thought']"
mislead_v,"['deceive', 'misleading', 'disorientate', 'misinform', 'misled', 'delude', 'fool', 'cheat', 'confuse']"
miss_v,"['mademoiselle', 'mile', 'ms.', 'mlle', 'ìiss', 'melle', 'uft', '-miss', 'missy', 'missed', 'ms', 'lack', 'stewardess', 'grable', 'mrs.', 'signorina', 'mesa', 'lose', 'meesa', 'lady', 'fraulein', 'fail', 'senorita', 'mrs']"
mix_v,"['mixture', 'combination', 'mixing', 'blend', 'bouquet', 'blending', 'merge', 'composition', 'stir', 'combine', 'range', 'homogenize', 'cocktail', 'melange', 'amalgam', 'dosage', 'quantitation', 'basket', 'combining', 'mixtures', 'confuse', 'mixage', 'assay', 'mixed']"
moan_v,['complain']
modernise_v,"['modernize', 'modernizing', 'modernising', 'modernisation', 'modernization', 'upgrade', 'modernised', 'update', 'modernized', 'upgrading', 'revamp']"
modify_v,"['amend', 'alter', 'modifying', 'change', 'edit', 'amending', 'changing', 'modification', 'revise', 'vary', 'altering', 'amended', 'adjust', 'amendment', 'changed', 'modified', 'altered']"
modulate_v,"['modular', 'adjust']"
monitor_v,"['monitoring', 'oversee', 'supervise', 'follow', 'moniteur', 'control', 'surveillance', 'track', 'monitors', 'watch', 'overseeing', 'supervision', 'monitored', 'follow-up', 'oversight', 'supervising', 'oversees', 'controlling', 'supervises', 'check', 'observe', 'verify', 'tracking', 'screen', 'supervisor', 'scrutinise', 'supervisory', 'followed', 'surveilling']"
mount_v,"['mounting', 'mont', 'jabal', 'mountain', 'install', 'installation', 'jebel', 'monte', 'pinch', 'mounthole', 'mountable', 'reassembly', 'fixing', 'hill', 'mounted', 'shan', 'mountinghole', 'mt', 'hold-down', 'docking', 'assemble']"
murder_v,"['assassination', 'killing', 'homicide', 'murders', 'killed', 'manslaughter', 'kill', 'assassinate', 'killings', 'slaying', 'murderer', 'death', 'crime', 'shooting']"
murmur_v,"['whisper', 'breath']"
negotiate_v,"['negotiating', 'negotiation', 'bargain', 'negotiates', 'negotiated', 'negotiations', 'bargaining', 'broker', 'negociate']"
nod_v,"['adi', 'o-i.o', 'ida', 'irn', 'idas', 'ila', 'nods', 'wink']"
notch_v,"['groove', 'indentation', 'gash', 'grove']"
note_v,"['notes', 'footnote', 'memo', 'noted', 'score', 'mark', 'nota', 'memorandum', 'remark', 'act', 'observe', 'annotation', 'notice', 'endnote', 'noteworthy', 'comment', 'ticket', 'noting', 'rating', 'anote', 'observes', 'observation', 'marks', 'attention', 'n.b.', 'see']"
notice_v,"['opinion', 'notices', 'notification', 'view', 'advice', 'opinions', 'advisories', 'biographical', 'announcement', 'notify', 'avis', 'warning', 'inform', 'informed', 'notifications', 'aviso', 'views', 'announcements', 'notified', ""'avis"", 'note', 'communication', 'circular', 'advertisement', 'reminder', 'poster', 'advisory', 'believe']"
object_v,"['objects', 'subject', 'purpose', 'aim', 'subject-matter', 'oppose', 'objection', 'objective', 're', 'objeto', 'goal', 'order', 'target', 'articles']"
observe_v,"['observing', 'respect', 'observation', 'observer', 'note', 'observed', 'watch', 'comply', 'celebrate', 'monitor', 'out', 'follow', 'adhere', 'see', 'abide', 'observance', 'observes', 'commemorate']"
obtain_v,"['obtaining', 'get', 'achieve', 'gain', 'receive', 'acquire', 'secure', 'seek', 'getting', 'obtained', 'collect', 'derive', 'elicit', 'gather', 'procure', 'gaining', 'earn', 'enlist', 'solicit', 'attain', 'learn', 'find', 'securing', 'access', 'produce', 'achieving', 'reach', 'win', 'provide', 'have']"
obviate_v,['avoid']
occupy_v,"['occupies', 'hold', 'occupation', 'fill', 'occupying']"
occur_v,"['happen', 'arise', 'occurs', 'appear', 'produce', 'emerge', 'place']"
offer_v,"['provide', 'offers', 'offering', 'supply', 'deliver', 'provides', 'give', 'propose', 'providing', 'tender', 'bid', 'offered', 'provision', 'quotation', 'delivers', 'proposal', 'delivering', 'provided', 'submit']"
omit_v,"['skip', 'ignore', 'bypass']"
operate_v,"['exploit', 'function', 'operation', 'work', 'exploitation', 'exploiting', 'functioning', 'operating', 'operand', 'run', 'act', 'use', 'manage', 'operations']"
oppose_v,"['opposes', 'resist', 'opposed', 'opposing', 'opposition', 'object', 'reject', 'against', 'objection', 'counter', 'objections', 'combat']"
opt_v,"['choose', 'opting', 'elect', 'decide', 'select']"
order_v,"['end', 'orden', 'decree', 'orders', 'ordre', 'purpose', 'prescription', ""'ordre"", 'warrant', 'ordering', 'view', 'ordinance', 'sequence', 'arrested', 'aim', 'order-in-council', 'injunction', ""'ordonnance"", 'ordonnance', 'adopted', 'request', 'fin', 'sort', 'way', 'providencia', 'procedure', 'object', 'goal', 'reorder', 'condemn', 'sight', 'command', 'manner', 'behest', 'po', 'décret', 'decision', 'mode', 'coven', 'objective', 'nature']"
organise_v,"['organize', 'organizing', 'arrange', 'organising', 'hold', 'organized', 'convene', 'arranging', 'organization', 'organised', 'organizes', 'organisation']"
organize_v,"['organise', 'organizing', 'arrange', 'organising', 'organization', 'hold', 'convene', 'organizes', 'arranging', 'organized', 'organizations', 'conduct', 'orchestrate', 'holding', 'convening', 'host', 'organisation']"
originate_v,"['originates', 'originated', 'origin', 'come']"
outlaw_v,"['proscribe', 'prohibit', 'ban', 'lawless', 'bandit', 'criminalise']"
outline_v,"['schema', 'describe', 'overview', 'contour', 'esquisse', 'summary', 'scheme', 'sketch', 'schematic', 'description', 'indicate', 'outlines', 'expose', 'blueprint', 'plan']"
overcome_v,"['overcoming', 'surmount', 'surmounted', 'exceed', 'defeat', 'exceeded', 'resolve', 'overtaken', 'address', 'bridge', 'solve', 'conquer', 'transcend', 'eliminate', 'tackle', 'resolved', 'cope', 'defeated', 'remedy', 'vanquish', 'break', 'solved', 'meet', 'surpassed', 'outdo', 'combat', 'beat']"
overlook_v,"['ignore', 'forget', 'neglect', 'disregard', 'underestimate', 'condone']"
owe_v,"['gotta', 'must']"
own_v,"['clean', 'specific', 'same', 'personal', 'respective', 'unique', 'possess', 'himself', 'peculiar', 'proper', 'special', 'alone', 'only', 'very', 'inherent', 'separate', 'cleaner']"
pack_v,"['packet', 'package', 'six-pack', 'platoon', 'packs', 'bag', 'packaging', 'bundle', 'posse', 'packets', 'paquet', 'packages', 'packing', 'purse']"
pamper_v,['coddle']
parallel_v,"['side', 'parallelism', 'parallels', 'side-by-side', 'conjunction', 'concurrent', 'alternative', 'tandem', 'shadow', 'simultaneous', 'randomness', 'concomitant', 'paralleled', 'informal', 'concurrently', 'similar']"
participate_v,"['participation', 'participating', 'engage', 'attend', 'involvement', 'involve', 'contribute', 'participates', 'involved', 'join', 'partake', 'engaging', 'participated', 'share', 'engagement']"
partition_v,"['partitioning', 'partitions', 'bulkhead', 'striping', 'division', 'score', 'septum', 'sharing', 'stripe']"
pass_v,"['laissez-passer', 'col', 'crossing', 'passage', 'phsi', 'passes', 'spend', 'adopt', 'passing', 'transmit', 'building-pass', 'convey', 'passport', 'cervix', 'collar', 'approve', 'move', 'succeed', 'skip', 'phase', 'enact', 'through', 'success', 'transition']"
pause_v,"['break', 'pausing', 'pauses', 'paused', 'recess', 'lull', 'stop', 'interruption', 'hiatus']"
pay_v,"['remuneration', 'wage', 'salary', 'payment', 'payroll', 'compensation', 'paying', 'wages', 'paid', 'pays', 'salaries', 'earnings', 'emoluments', 'repay', 'paycheck', 'balance', 'remit', 'give', 'afford', 'payable', 'provide', 'devote', 'loon', 'lend', 'buy', 'foot', 'make', 'reimburse', 'payments', 'cover', 'defray', 'grant', 'disburse', 'treatment']"
peer_v,"['peers', 'peer-to-peer', 'eepr', 'peer-reviewed', 'pairs', 'peer-led', 'collegial', 'college', 'peer-review', 'peer-driven', 'sibling', 'torque']"
perceive_v,"['collect', 'receive']"
perform_v,"['fulfil', 'conduct', 'play', 'undertake', 'accomplish', 'execute', 'make', 'fulfill', 'exercise', 'complete', 'do', 'discharge', 'conducting', 'implement', 'run', 'performing', 'meet', 'exert', 'perfom', 'comply', 'deliver', 'performance', 'achieve']"
perish_v,['die']
permit_v,"['licence', 'permits', 'permission', 'allow', 'licences', 'enable', 'authorize', 'license', 'permissions', 'authorisation', 'allowed', 'permitted', 'authorise', 'authorization', 'licensing', 'licenses', 'enabled', 'allowing', 'resulted', 'leave', 'permis', 'helped', 'let', 'authorizing', 'permitting', 'led']"
persecute_v,"['haunt', 'prosecute', 'pursue']"
persist_v,"['remain', 'persevere', 'persistent', 'continue', 'insist', 'linger', 'exist']"
persuade_v,"['convince', 'convincea', 'convincing', 'lobby']"
phrase_v,"['sentence', 'expression', 'words', 'term', 'wording', 'word', 'formula', 'phrases', 'speech', ""'expression""]"
pick_v,"['choose', 'select', 'picking', 'selected', 'chosen', 'choosing', 'choice', 'selecting', 'elect', 'selection', 'collection']"
plant_v,"['factory', 'plants', 'vegetable', 'plante', 'mill', 'planta', 'station', 'vegetation', 'usine', 'facility', 'roślin', 'factories', 'central', 'crop', 'planting', 'phytosanitary', 'mills', 'installation', 'facilities', 'vegetative', 'plantes', 'floor', 'installations']"
plead_v,"['invoke', 'argue', 'advocate']"
please_v,"['kindly', 'prayer', 'veuillez', 'requests', 'stp', 'invites', 'invite', 'requested', '-please', 'mercy', 'ragaa', 'pity', 'invited', 'prière', 'ask', 'rajaa', 'prayers', 'plesae', 'call']"
point_v,"['item', 'kok', 'points', 'aspect', 'issue', 'remark', 'comment', 'paragraph', 'dot', 'stage', 'matter', 'question', 'motion', 'punto', 'moment', 'thing', 'extent', 'observation', 'time', 'verge', 'knitted', 'argument', 'element', 'regard', 'juncture', 'point-in-time', 'choose', 'subject', 'select', 'respect', 'station', 'punkt', 'sense', 'bodu', 'place', 'topic', 'pointe', 'spot', 'centre', 'draw']"
pop_v,"['pops', 'magp', 'dad', 'daddy', 'magps', 'pdp', 'papa', 'myop', 'mgp', 'hrp', 'grandpa', 'cop', 'papi', 'pappy', 'pob', 'father', 'popular', 'soda', 'pétez', 'pbp', 'pope', 'bob']"
pose_v,"['represent', 'constitute', 'ask', 'raise', 'present', 'weigh', 'put']"
possess_v,"['possession', 'have', 'own', 'hold', 'possessed', 'possessing']"
pour_v,"['for', 'to']"
practise_v,"['practising', 'practice', 'exercise', 'profess', 'exert']"
praise_v,"['lob', 'commend', 'commendation', 'praises', 'laude', 'lof', 'eulogies', 'eulogy', 'tribute', 'applaud', 'congratulate', 'compliment', 'commends', 'accolades', 'appreciation', 'compliments', 'al-hamad']"
pray_v,"['requests', 'praying', 'prayer', 'prions', 'request', 'prayers', 'prion', 'prayed']"
precede_v,['precedes']
preclude_v,"['exclude', 'excludes', 'prevent', 'impede', 'hinder', 'prohibit']"
predict_v,"['predicting', 'foresee', 'anticipate', 'forecast', 'foretell', 'prediction', 'forecasting', 'predicts', 'predictive', 'provide', 'projections', 'envisage']"
prefer_v,"['prefers', 'preferred', 'favor', 'lieber', 'preference']"
prepare_v,"['preparing', 'preparation', 'develop', 'prepared', 'prepares', 'establish', 'pave', 'prep', 'produce', 'elaborate', 'ready', 'write', 'compile', 'drafting', 'preparedness', 'formulate', 'devise', 'elaboration']"
present_v,"['current', 'submit', 'this', 'existing', 'presents', 'mind', 'gift', 'presence', 'moment', 'currently', 'today', 'now', 'presente', 'introduced', 'introduce', 'présent', 'presenting', 'ongoing', 'attend', 'presented', 'provide', 'here', 'submitting', 'pose', 'present-day', 'topical', 'instant', 'attendance', 'time', 'make']"
preserve_v,"['preserving', 'maintain', 'retain', 'conserve', 'preservation', 'safeguard', 'keep', 'protect', 'maintaining', 'sustain', 'conservation', 'save', 'uphold', 'conserving', 'safeguarding', 'retaining', 'maintenance', 'preserver']"
press_v,"['journalist', 'news', 'presse', 'media', 'push', 'newspapers', 'comm', 'prensa', 'choose', 'newspaper', 'reporter', 'click', 'stampa', 'pers', 'presses', 'pressure', 'journalism', 'depress', 'journalistic', 'pulse', 'journalists', 'touch', 'insist', 'hrpe', 'reporters', 'columnist', 'pisa', 'print', 'pise', 'pressing']"
pretend_v,"['pretending', 'make-believe', 'claim', 'simulate']"
prevent_v,"['preventing', 'avoid', 'prevention', 'avert', 'preclude', 'impede', 'forestall', 'stop', 'deter', 'avoiding', 'hinder', 'warn', 'prevented', 'prevents', 'preventive', 'impeding', 'prohibit', 'pre-empt', 'inhibit', 'hamper', 'block', 'obstruct', 'avoidance', 'keep', 'avoided', 'discourage', 'deny', 'combat']"
preview_v,"['previewing', 'foretaste']"
proceed_v,"['continue', 'conduct', 'move', 'go', 'undertake', 'act', 'proceeding', 'pursue']"
process_v,"['processes', 'procedure', 'proceedings', 'procedures', 'operation', 'trial', 'processing', 'course', 'proceeding', 'processus', 'practical', 'proceso', 'train', 'exercise', 'mechanism', 'treat', 'treatment']"
produce_v,"['generate', 'production', 'producing', 'product', 'manufacture', 'file', 'products', 'produces', 'yield', 'develop', 'prepare', 'create', 'provide', 'generating', 'submit', 'deliver', 'produced', 'output', 'occur', 'filing', 'obtain', 'achieve', 'lead', 'make', 'cause']"
progress_v,"['advances', 'advancement', 'headway', 'achievement', 'advance', 'strides', 'advancements', 'progression', 'developments', 'progrès', 'course', 'interim', 'achievements', 'breakthrough', 'advanced', 'development', 'evolution', 'progreso', 'improvement', 'step', 'gains', 'progresso', 'forward', 'progressive', 'success', 'improvements', 'avances', 'acting', 'status', 'courses', 'progressed']"
prohibit_v,"['ban', 'prohibiting', 'forbid', 'prohibition', 'banning', 'prohibits', 'prohibited', 'outlaw', 'proscribe', 'interdict', 'prevent', 'injunct', 'forbidden', 'disallow', 'preclude']"
promise_v,"['pledge', 'promises', 'promised', 'swear', 'commitment', 'promising', 'undertaking', 'bride', 'pledges']"
promote_v,"['promoting', 'promotion', 'foster', 'encourage', 'fostering', 'promoted', 'advance', 'facilitate', 'enhance', 'stimulate', 'encouraging', 'boost', 'furthering', 'advancement', 'enhancing', 'favour', 'promotes', 'advocate', 'strengthen', 'support', 'advancing', 'strengthening', 'facilitating', 'encouraged', 'promotional', 'encourages', 'push', 'contribute', 'promouvoir', 'furtherance', 'encouragement', 'nurture', 'build']"
prompt_v,"['rapid', 'speedy', 'quick', 'immediate', 'fast', 'swift', 'rapidly', 'expeditious', 'timely', 'early', 'indicator', 'quickly', 'promptly', 'ready', 'urgent', 'message', 'expeditiously', 'rapids']"
propose_v,"['suggest', 'proposing', 'proposes', 'offer', 'proposed', 'nominate', 'recommendations', 'suggested', 'proposal', 'recommend', 'suggests', 'move', 'submit', 'proposals']"
protect_v,"['protecting', 'protection', 'safeguard', 'defend', 'protected', 'protects', 'preserve', 'safeguarding', 'secure', 'shield', 'protective', 'uphold', 'preserving']"
protest_v,"['protests', 'outcry', 'protesting', 'demonstration', 'invoke', 'reserve', 'complain', 'objection', 'heckling']"
prove_v,"['demonstrate', 'show', 'proof', 'be', 'test', 'proves', 'substantiate', 'establish', 'evidence']"
provide_v,"['providing', 'offer', 'give', 'deliver', 'provision', 'provided', 'furnish', 'ensure', 'supply', 'provides', 'submit', 'facilitate', 'make', 'bring', 'lend', 'offering', 'communicate', 'delivering', 'supplying', 'render', 'grant', 'pay', 'produce', 'allow', 'create', 'constitute', 'contribute', 'giving', 'facilitating', 'offered', 'present', 'delivery', 'ge', 'contain', 'offers', 'establish', 'be', 'fournir', 'predict', 'extend', 'enable', 'indicate', 'equip', 'guarantee', 'include', 'obtain', 'assure', 'afford', 'available']"
provoke_v,"['cause', 'trigger', 'induce', 'arouse', 'raise', 'incite']"
publish_v,"['publishing', 'publication', 'publishes', 'published', 'publicise', 'publicize', 'issue', 'issuing', 'release', 'disseminate', 'post', 'released', 'issuance', 'publica']"
purchase_v,"['buy', 'purchasing', 'buying', 'acquisition', 'procurement', 'purchases', 'purchased', 'acquire', 'buying-in', 'shopping', 'procure', 'buys', 'acquiring', 'bought', 'sale', 'procuring', 'takeover', 'acquisitions']"
pursue_v,"['continue', 'prosecute', 'follow', 'seek', 'pursuit', 'continuing', 'implement', 'persecute', 'achieve', 'pursuing', 'continuation', 'conduct', 'proceed', 'undertake', 'continued']"
put_v,"['placed', 'set', 'bring', 'make', 'place', 'made', 'ask', 'putting', 'placing', 'exert', 'subjected', 'lay', 'raised', 'brought', 'get', 'laid', 'posed', 'wear', 'submitted', 'post', 'give', 'mise', 'asked', 'knocked', 'pose', 'tabled', 'mettre']"
qualify_v,"['eligible', 'qualifying', 'allowable', 'entitle', 'permissible']"
quote_v,"['cite', 'quotation', 'citation', 'mention', 'isced', 'cit', 'supply']"
race_v,"['racial', 'carrera', 'raza', 'racecourse', 'breed', 'career', 'racing', 'errand', 'races', 'stroke', 'track', 'contest', 'bullfight', 'purebred', 'rasa', ""'ra"", 'ethnic', 'run', 'ethnicity', 'rush', 'running', 'course', 'careers', 'competition', 'ebp', 'competitions']"
raise_v,"['increase', 'lift', 'raising', 'enhance', 'pose', 'lifting', 'elevate', 'improve', 'sensitize', 'collect', 'mention', 'increasing', 'arouse', 'mobilize', 'raises', 'advancement', 'enhancing', 'rise', 'address', 'gather', 'provokes', 'create', 'make', 'lifts', 'provoke', 'boost']"
range_v,"['variety', 'interval', 'spectrum', 'array', 'series', 'beach', 'gamma', 'gama', 'scope', 'rank', 'gamut', 'diversity', 'number', 'fork', 'line-up', 'distance', 'ranges', 'l-range', 'pallet', 'set', 'mix', 'scale', 'suite', 'breadth', 'meantime', 'assortment', 'cross-section', 'amplitude', 'palette', 'serial', 'extent', 'line', 'polygon', 'panoply', 'portfolio', 'tir', 'air', 'instalment', 'area', 'distribution', 'vary', 'polygone', 'spectre', 'radius', 'continuum']"
reach_v,"['achieve', 'scope', 'attain', 'achieving', 'arrive', 'meet', 'reached', 'find', 'attaining', 'reaching', 'radiation', 'join', 'get', 'achievement', 'accomplish', 'come', 'conclude', 'attainment', 'attach', 'obtain', 'touch', 'realize']"
react_v,"['respond', 'responding', 'cross-react']"
realise_v,"['understand', 'realize', 'recognise', 'aware', 'achieve', 'appreciate', 'acknowledge', 'know']"
realize_v,"['realise', 'achieve', 'understand', 'achieving', 'realization', 'realizing', 'attain', 'recognize', 'know', 'achievement', 'reach']"
recall_v,"['remind', 'remember', 'reminder', 'booster', 'recalling', 'revocation', 'reminders', 'reiterate', 'withdrawal', 'bring-forward', 'rappel', 'mention', 'remembering', 'background', 'recalls', 'call-back', 'recovery']"
recapitulate_v,"['summarize', 'summarise']"
receive_v,"['receiving', 'receives', 'receipt', 'obtain', 'received', 'get', 'reception', 'accept', 'enjoy', 'perceive', 'collect', 'be', 'recibir', 'accommodate', 'receivable', 'gain', 'touch', 'acceptance', 'have']"
reckon_v,"['think', 'guess']"
recognise_v,"['acknowledge', 'recognize', 'admit', 'realise', 'recognised', 'recognition', 'recognising', 'confess', 'recognizing', 'accept', 'recognized', 'concede', 'understand', 'appreciate', 'acknowledged']"
recognize_v,"['acknowledge', 'recognise', 'recognition', 'recognizing', 'admit', 'recognizes', 'recognized', 'acknowledged', 'recognising', 'acknowledges', 'recognised', 'acknowledging', 'identify', 'realize', 'acknowledgement', 'agree', 'accept', 'preparedto', 'concede', 'appreciate', 'confess']"
recommend_v,"['recommending', 'recommends', 'commend', 'recommended', 'recommendation', 'advise', 'recommendations', 'propose']"
record_v,"['minutes', 'acta', 'records', 'register', 'registration', 'recording', 'file', 'registry', 'dossier', 'log', 'locker', 'recorded', 'registering', 'accomplishments', 'achievements', 'history', 'debriefing', 'document', 'files', 'burn', 'unprecedented', 'procès-verbal', 'record-high', 'summary', 'booklet', 'docket', 'background', 'registrations', 'record-breaking', 'registered', 'registers', 'disc', 'logging', 'archives', 'discs', 'rendered', 'registries', 'trace', 'album', 'registro', 'account', 'relevé']"
recover_v,"['retrieve', 'regain', 'recovery', 'retrieving', 'reclaim', 'recoup', 'restore', 'recovering', 'retrieved', 'retrieves', 'recuperate', 'collect', 'retreive', 'recapture', 'retrive', 'retrieval', 're-establish', 'rebound', 'resume', 'recovers', 'repossess', 'salvage', 'reacquire', 'back']"
recruit_v,"['recruiting', 'recruitment', 'hire', 'recruits', 'hiring', 'recruited', 'employ', 'rookie', 'attract', 'conscript', 'engage']"
reduce_v,"['reducing', 'reduction', 'decrease', 'cut', 'reduced', 'minimize', 'mitigate', 'diminish', 'reduces', 'lessen', 'lower', 'alleviate', 'shorten', 'minimise', 'curtail', 'lowering', 'narrow', 'limit', 'decline', 'curb', 'ease', 'restrict', 'minimizing', 'shrink', 'reductions', 'relieve', 'narrowing', 'decreasing', 'cutting', 'decreased', 'lighten', 'lessening', 'lowers', 'alleviation', 'abate', 'downsize', 'alleviating', 'mitigating']"
refer_v,"['see', 'relate', 'reference', 'consult', 'mention', 'consults', 'query', 'transmit', 'footnote', 'designate', 'defer', 'submit', 'pertain']"
reflect_v,"['reflects', 'reflection', 'mirror', 'correspond', 'consider', 'represent', 'accommodate', 'account', 'translate', 'think', 'illustrate', 'embody', 'reflecting', 'indicate', 'show']"
refuse_v,"['deny', 'reject', 'garbage', 'refuses', 'refusing', 'refusal', 'rubbish', 'litter', 'waste', 'withhold', 'trash', 'rejects', 'denying', 'disallow', 'decline', 'junk', 'denial', 'refused', 'wastes', 'refus']"
refute_v,"['rebut', 'disprove', 'refutes', 'gainsay', 'contradict', 'dispel', 'reject', 'repudiate', 'deny']"
regard_v,"['respect', 'connection', 'context', 'relation', 'sense', 'relationship', 'area', 'against', 'matter', 'subject', 'field', 'regards', 'meaning', 'direction', 'issue', 'account', 'aspect', 'effect', 'point', 'aspects', 'view', 'topic', 'vein', 'consider', 'acting', 'end', 'relating', 'sphere', 'vis-à-vis', 'reference']"
register_v,"['registry', 'registration', 'record', 'log', 'inscribe', 'recording', 'registering', 'registre', 'registers', 'enroll', 'enrol', 'registered', 'roster', 'registries', 'registro', 'subscribe', 'logging', 'records', 'inscription', 'recordal', 'logbook', 'registrar', 'repertoire', 'checkin', 'roll', 'enter', 'insert', 'entry', 'directory']"
regret_v,"['deplore', 'spite', 'regrets', 'regrettable', 'sorrow', 'pity', 'sadness', 'lament', 'disappointment', 'regretful', 'remorse', 'regretting']"
regulate_v,"['regulating', 'govern', 'regular', 'regularize', 'regulates', 'regularise', 'regulatory', 'regulated', 'regulation', 'control', 'legislate']"
reinforce_v,"['strengthen', 'strengthening', 'enhance', 'consolidate', 'strengthened', 'intensify', 'enhancing', 'bolster', 'reinforcing', 'increase', 'build', 'boost']"
reintroduce_v,"['re-introduce', 'reintroducing', 'reinstate', 're-introducing', 'retable', 'restore', 're-impose', 'reinsert', 're-establish', 're-introduced', 're-introduction', 're-enter']"
reject_v,"['dismiss', 'refuse', 'rejecting', 'rejection', 'repudiate', 'deny', 'refuses', 'oppose', 'disallow', 'refute', 'rejects', 'rejected', 'discard', 'repel']"
relate_v,"['pertain', 'refer', 'concern', 'correspond', 'relating', 'link']"
relax_v,"['unwind', 'chill', 'ease', 'quiet', 'soften', 'relaxed', 'calm', 'easy', 'liberalize']"
release_v,"['liberation', 'detach', 'version', 'communiqué', 'releases', 'releasing', 'released', 'liberate', 'publication', 'liberación', 'dissemination', 'rejection', 'free', 'discharge', 'freed', 'communicated', 'launch', 'discharges', 'paying-up', 'freeing', 'freedom', 'issuance', 'unleash', 'frees', 'versions', 'diffusion', 'disclose', 'unlock', 'unhook', 'liberty', 'publish', 'launching', 'disclosure', 'unclamp', 'unblock', 'liberalisation', 'drop', 'clearance']"
relieve_v,"['alleviate', 'ease', 'mitigate', 'lighten', 'absolve', 'reduce', 'soothe', 'exempt', 'allay', 'assuage', 'exonerate', 'lessen', 'unload', 'ameliorate']"
relish_v,"['savor', 'savour', 'delight']"
rely_v,"['count', 'depend', 'invoke', 'entrust', 'trust', 'proud', 'build', 'resort']"
remain_v,"['stay', 'continue', 'keep', 'remains', 'persist', 'maintain', 'staying', 'retain', 'be', 'rest', 'stand', 'stick', 'are']"
remark_v,"['comment', 'observation', 'commentary', 'point', 'note']"
remind_v,"['recall', 'reminded', 'reminds', 'remember', 'reminding', 'recalled', 'advise', 'remembered', 'reiterate', 'mention', 'reminder', 'advised']"
remove_v,"['eliminate', 'delete', 'disassemble', 'withdraw', 'removing', 'unmount', 'extract', 'eliminating', 'detach', 'elimination', 'eradicate', 'abolish', 'cut', 'pull', 'eject', 'removes', 'removed', 'removal', 'lift', 'unscrew', 'dismount', 'unbolt', 'deleting', 'disconnect', 'deleted', 'suppress', 'revoke', 'deletion', 'loosen', 'eliminates', 'dispel', 'abduct', 'dismantle', 'kidnap', 'deletes', 'uninstall', 'expel']"
render_v,"['make', 'provide', 'lend']"
repair_v,"['reparation', 'repairs', 'redress', 'repairing', 'reparations', 'fix', 'remedy', 'compensation', 'maintenance', 'remedying', 'repaired', 'remedial', 'remedies', 'restoration', 'relief', 'restorative', 'reform', 'rehabilitation', 'remediation', 'mend']"
repeat_v,"['reiterate', 'repetition', 'repeating', 'rehearse', 'recurrence', 'repeated', 'rehearsal', 'restate', 'echo', 'duplication', 'repeats', 'replicate', 'duplicate', 're-run', 'reaffirm', 'replay', 'rehearsing', 'reoccurrence', 'recur', 'rept', 'reoccur', 'replicating', 'reproduce']"
replace_v,"['substitute', 'replacing', 'replacement', 'replaced', 'override', 'replaces', 'supersede', 'supplant', 'change', 'substitution', 'repalce', 'relace', 'supersedes', 'displace', 'supplythe', 'swap', 'lieu', 'overridden', 'alternative', 'amend']"
report_v,"['reports', 'reporting', 'rapport', 'relation', 'ratio', 'informs', 'informe', 'deferral', 'inform', 'public', 'comparison', 'relationship', 'reported', 'postponement', 'bericht', 'document', 'declare', 'informed', 'memory', 'compared', 'carry-over', 'connection', 'hdr', 'carryover', 'carry-in']"
represent_v,"['constitute', 'pose', 'represents', 'representing', 'are', 'representative', 'comprise', 'reflect', 'representation', 'correspond', 'represented', 'be', 'embody', 'form']"
reproach_v,"['blame', 'rebuke', 'censor', 'accusation', 'accuse', 'criticism', 'criticise', 'censure']"
reproduce_v,"['replicate', 'breed', 'reproducing', 'reproduction', 'duplicate', 'reproduced', 'spawn', 're-occur', 'play', 'recur', 'mimic', 'playback', 'replay', 'breeding', 'reoccur', 'copy', 'breeds', 'repeat']"
request_v,"['application', 'demand', 'ask', 'requisition', 'requests', 'claim', 'petition', 'requested', 'asks', 'asked', 'call', 'seek', 'requesting', 'calls', 'motion', 'asking', 'applications', 'pray', 'demande', 'appeal', 'requirement', 'order', 'demands', 'require', 'plea', 'solicit', 'submission', 'requisitions', 'apply', 'solicitation', 'complaint', 'seeks', 'requête', 'claiming', 'called', 'wondering', 'invitation', 'enquired', 'demanded', 'praying', 'ordering']"
require_v,"['need', 'requires', 'demand', 'necessitate', 'required', 'requiring', 'request', 'oblige', 'needs', 'compel', 'call', 'needed', 'ask', 'demanding', 'impose', 'demands', 'involve']"
rescue_v,"['bailout', 'save', 'salvage', 'rescued', 'rescuing', 'relief', 'salvation', 'lifesaving', 'sauvetage', 'bail-out', 'rescate', 'saving', 'ransom', 'rescues', 'rescuers', 'blaze', 'life-saving', 'διάσωση', 'sar', 'saved', 'emergency', 'záchranu']"
research_v,"['search', 'investigation', 'study', 'investigations', 'recherche', 'studies', 'inquiry', 'searches', 'searching', 'researches', 'investigative', 'recherches', 'researching', 'investigational', 'researchers', 'quest', 'ricerca', 'r', 'investigación', 'studying', 'finding', 'investigaciones', 'forschung', 'looking', 'retrieval', 'fact-finding', 'researcher', 'investigatorship', 'investigate', 'enquiry', 'seeking', 'pursuit', 'investigating', 'pesquisa', 'studied', 'examine', 'onderzoek', 'investigatory', 'research-based', 'inquiries']"
resell_v,"['resale', 're-sell', 'sell']"
reserve_v,"['reservation', 'reserves', 'reservations', 'contingency', 'standby', 'réserve', 'reservists', 'stand-by', 'storeroom', 'pool', 'reservist', 'reserved', 'rez', 'back-up', 'ckgr', 'on-reserve', 'stockpile', 'booking', 'reserva', 'proviso', 'buffer', 'care-of', 'protest', 'reserving', 'spare', 'book']"
resign_v,"['resignation', 'resigns', 'quit', 'quits', 'resigning']"
resist_v,"['withstand', 'resisting', 'resistance', 'oppose', 'resists', 'boycott']"
resolve_v,"['solve', 'resolving', 'settle', 'determination', 'solving', 'address', 'solution', 'settlement', 'tackle', 'settling', 'overcome', 'resolution', 'resolved', 'fix', 'troubleshoot', 'solved', 'deal', 'remedy', 'addressing', 'decide', 'commitment', 'firmness', 'decision', 'decisiveness', 'willingness']"
respect_v,"['regard', 'respecting', 'connection', 'observance', 'compliance', 'respected', 'relation', 'adherence', 'context', 'respects', 'observe', 'honouring', 'sense', 'regards', 'meet', 'against', 'relatively', 'abide', 'title', 'relationship', 'area', 'matter', 'subject', 'fulfilment', 'uphold', 'respectful', 'relating', 'comply', 'field', 'aspect', 'point', 'honour', 'adhere', 'topic', 'issue', 'direction', 'relative', 'meaning', 'fulfil']"
respond_v,"['react', 'answer', 'responding', 'reply', 'meet', 'response', 'address', 'cope', 'satisfy', 'deal', 'intervene', 'comply', 'replying', 'answering', 'cater', 'accommodate', 'responsive', 'replied', 'reaction', 'adapt', 'fulfil', 'responded', 'serve', 'meeting', 'fulfill', 'responds']"
restore_v,"['re-establish', 'restoring', 'restoration', 'reset', 'reinstate', 'restores', 'regain', 'rebuild', 'reestablish', 're-establishing', 'recover', 'resume', 'rehabilitate', 'restoreth', 'restored', 'resumption', 'return', 'retrieve', 'resetting', 'resumed', 'reintroduce', 're-instate', 'recovery', 'revive', 're-established', 'catering', 're-establishment', 'remediate']"
restrict_v,"['limit', 'restricting', 'confine', 'constrain', 'curtail', 'restrain', 'limiting', 'restricted', 'restriction', 'reduce', 'curb', 'restrictions', 'narrow', 'limitation', 'limited', 'circumscribe']"
restructure_v,"['restructuring', 're-engineer', 're-engineering', 're-incorporate', 'redesign', 're-structure', 'restructuration', 'reorganize', 'reengineer', 're-design', 'restrukturyzacji', 'reshape', 'realign', 'reorganization', 'restrukturyzację', 'revamp', 'reframe', 'reincorporate', 'refashion']"
result_v,"['outcome', 'results', 'consequence', 'lead', 'continued', 'suite', 'reason', 'cause', 'output', 'fruit', 'outcomes', 'effect', 'upshot', 'root', 'wake', 'achievement', 'résultat', 'score', 'findings', 'proved', 'right', 'outturn', 'raison', 'product', 'aftermath', 'fact', 'translate', 'continuation', 'owing', 'conclusion', 'attributable']"
resume_v,"['resumption', 'résumé', 'cv', 'resuming', 'c.v.', 'resumes', 'restart', 'reopen', 'restore', 'restoration', 'resumed', 'regain', 'recommence', 'relaunch', 'restored', 'revive', 'renew', 'restoring', 'summary', 're-engage', 'return', 'curriculum', 'retake', 'abstract', 're-open', 'rehabilitation', 'recover', 'reconvene', 'recovery', 'continue', 'appeal']"
retain_v,"['maintain', 'keep', 'conserve', 'preserve', 'retaining', 'withhold', 'retention', 'reservations', 'maintaining', 'sustain', 'conserving', 'hold', 'remain', 'retains', 'deduct', 'reservation', 'retained', 'keeping', 'conservation']"
retire_v,"['retirement', 'retired', 'withdraw', 'retires', 'retreat', 'retraite', 'pension', 'retiring']"
retrieve_v,"['recover', 'regain', 'retrieving', 'retrieves', 'recovering', 'reclaim', 'retrieved', 'extract', 'retreive', 'recoup', 'retrive', 'recovery', 'restore', 'recuperate', 'repossess', 'retrieval', 'recapture', 'fetch', 'extracting']"
reveal_v,"['disclose', 'show', 'indicate', 'uncover', 'unveils', 'expose', 'unveil', 'revealing', 'discloses', 'reveals', 'demonstrate', 'divulge']"
reverse_v,"['inverse', 'back-up', 'reversed', 'opposite', 'auction', 'overthrow', 'revert', 'invest', 'reversal', 'contrary', 'overturn', 'invert', 'auctions', 'investing', 'versa', 'converse', 'revoke', 'rollback', 'setback', 'backspace', 'cancel', 'backtrack', 'reversing', 'topple', 'antisense', 'annul', 'inversion', 'contrast', 'reverting']"
review_v,"['consideration', 'examination', 'revision', 'reviewing', 'examine', 'revise', 'reviews', 'exam', 'reviewed', 'reconsideration', 'study', 'consider', 'revue', 'examining', 'reconsider', 're-determination', 'discussion', 're-examination', 're-examine', 'revisit', 'scrutiny', 'overhaul', 'examinations', 'assessment', 'inspect', 're-investigation', 'revising', 'evaluation', 'examined', 'discuss', 'considering', 'journal', 'analysis', 'revisions', 'test', 'magazine', 'hotfix', 'revised', 'examines', 'browse', 'redetermination', 'audit', 'overview', 'control', 'rethink', 'screening', 'explore', 'considered', 'exams', 'reexamination', 'examen', 'revoir', 'check', 'vetting', 'patch', 'reinvestigation', 'investigation']"
revolve_v,"['rotate', 'spin']"
reward_v,"['rewards', 'rewarding', 'award', 'prize', 'recompense', 'remuneration', 'awards', 'payoff', 'bonus', 'gratuity', 'bounty']"
rid_v,"['smep', 'smeps', 'din', 'liberate', 'dir', 'dwan', 'eliminate', 'extricate', 'dispose']"
ring_v,"['annulus', 'rings', 'aro', 'segment', 'alliance', 'circle', 'doughnut', 'cyclic', 'segments', 'cycle', 'cyclical', 'oval', 'bypass', 'stamp', 'arena']"
rise_v,"['increase', 'rises', 'place', 'elevation', 'climb', 'growth', 'birth', 'surge', 'emergence', 'rising', 'montée', 'ascent', 'grow', 'hike', 'origin', 'ascension', 'increased', 'mounted', 'soar', 'azo', 'higher', 'upsurge', 'soars', 'rally', 'escalation', 'up', 'climbs', 'increasing', 'jumps', 'high', 'raise', 'rose', 'location', 'jump', 'boom', 'surges']"
risk_v,"['risks', 'danger', 'hazard', 'venture', 'hazards', 'threat', 'likelihood', 'risc', 'jeopardy', 'peril', 'at-risk', 'ril', 'potential', 'risque', 'dangerous', 'dangers', 'likely', 'risques', 'chance', 'possibility', 'may', 'stake', 'risk-taking', 'risky', 'exposure', 'might']"
roll_v,"['rouleau', 'rollo', 'roller', 'padrón', ""'n'roll"", 'coil', 'wobble', 'role', 'nominal', 'roster', 'register', 'bread', 'scroll', 'rollup', 'stabilizer']"
round_v,"['cycle', 'tour', 'series', 'ronde', 'tower', 'ronda', 'inning', 'discussion', 'rounds', 'turn', 'redondo', 'wave', 'kola', 'phase', 'trick', 'part-session', 'round-table', 'cycles', 'roundtable', 'tables']"
rub_v,"['scrub', 'bmw', 'massage', 'wipe']"
rush_v,"['haste', 'ruée', 'precipitate', 'precipitation', 'peak', 'scramble', 'race', 'hurry', 'stampede', 'rashness']"
sail_v,"['veil', 'sailing', 'voile', 'sailor', 'navigate', 'headscarf', 'sailboat', 'navigating']"
sample_v,"['samples', 'sampling', 'specimen', 'displays', 'example', 'sampled', 'case-study', 'examples', 'shows', 'cross-section', 'specimens', 'model', 'displayed']"
satisfy_v,"['meet', 'fulfil', 'comply', 'respond', 'convince', 'fulfill', 'conform', 'cater', 'accommodate', 'address']"
scatter_v,"['dispersion', 'dispersal', 'disperse', 'sparsity', 'sparse', 'scattering']"
schedule_v,"['annex', 'timetable', 'calendar', 'appendix', 'hourly', 'schedules', 'scheduling', 'timeline', 'timing', 'table', 'programming', 'programme', 'timeframe', 'scale', 'planning', 'list', 'agenda', 'time-frame', 'timelines', 'scheduled', 'time-table', 'program', 'timescale', 'plan', 'annexe', 'programmed', 'annexes']"
scorch_v,['russeting']
score_v,"['punctuation', 'note', 'scoring', 'rating', 'notes', 'symbol', 'partition', 'mark', 'hgmf', 'result', 'outcome', 'footnote']"
scout_v,"['scouts', 'recruiter', 'scouting', 'pathfinder', 'prospector', 'browsers']"
scream_v,"['yell', 'cree', 'shout', 'screaming', 'cri', 'yelling', 'shouting', 'cry', 'howl', 'holler', 'screams']"
screw_v,"['bolt', 'bolts', 'screws', 'fuck', 'vis', 'kiss', 'visser']"
seal_v,"['seals', 'sealing', 'stamp', 'sealed', 'foca', 'leakproofness', 'retainer', 'sceaux', 'board', 'bucket', 'hallmark']"
search_v,"['research', 'quest', 'recherche', 'searching', 'lookup', 'pursuit', 'searches', 'find', 'finding', 'seek', 'prefetch', 'búsqueda', 'hunt', 'searched', 'investigational', 'tracing', 'raided', 'retrieval', 'locate', 'searchable', 'inst.', 'frisk', 'inspection', 'excavation', 'seeking', 'recherches', 'looking', 'researching']"
secure_v,"['safe', 'ensure', 'sure', 'protected', 'insurance', 'security', 'guarantee', 'obtain', 'segura', 'ensuring', 'seguro', 'secured', 'safety', 'reliable', 'confident', 'course', 'assure', 'securing', 'protect', 'safeguard', 'achieve', 'assured', 'certain', 'seguros', 'get', 'guaranteed']"
seek_v,"['solicit', 'find', 'request', 'try', 'search', 'ask', 'strive', 'obtain', 'seeks', 'pursue', 'endeavour', 'get', 'seeking', 'aim', 'attempt', 'claim', 'look', 'explore', 'elicit']"
seem_v,"['appear', 'look', 'air', 'seems', 'sound', 'appears']"
segregate_v,"['separate', 'isolate']"
seize_v,"['grasp', 'capture', 'confiscate', 'seizes', 'take', 'leverage', 'exploit', 'seizing', 'capturing', 'grab']"
select_v,"['choose', 'selecting', 'selection', 'selected', 'pick', 'selects', 'active', 'shift', 'choosing', 'click', 'elect', 'selector', 'slect', 'point', 'choice', 'check', 'choosee', 'opt']"
sense_v,"['feeling', 'meaning', 'regard', 'sentiment', 'direction', 'feel', 'logic', 'impression', 'smell', 'respect', 'connection', 'logical', 'senses', 'perception', 'vein', 'sens', 'sensu', 'spirit', 'effect', 'idea', 'sensation', 'way', 'sensible', 'point', 'concept', 'reason', 'significance', 'context', 'awareness', 'consciousness', 'view']"
separate_v,"['distinct', 'separated', 'independent', 'separately', 'different', 'discrete', 'segregated', 'individual', 'distinctive', 'sporadic', 'segregate', 'separating', 'stand-alone', 'split', 'corrigendum', 'pry', 'various', 'distinguish', 'dissociate', 'specific', 'autonomous', 'respectively', 'independence', 'own', 'isolated', 'separation', 'decouple', 'free-standing', 'standalone', 'detach', 'toseparate', 'breakaway']"
serve_v,"['service', 'serving', 'use', 'be', 'meet', 'services', 'respond', 'sit', 'contribute']"
set_v,"['series', 'established', 'fixed', 'whole', 'establish', 'define', 'together', 'game', 'configured', 'configure', 'defined', 'stake', 'put', 'joint', 'setting', 'sets', 'fix', 'package', 'determined', 'range', 'determine', 'adjust', 'suite', 'establishing', 'gaming', 'assembly', 'entire', 'specified', 'establishment', 'identified', 'number', 'adjusted', 'serial', 'placed', 'defining', 'plateau', 'adjustment', 'configures', 'prepared', 'ensemble', 'configuration', 'play', 'set-plan', 'prescribed', 'install', 'establishes', 'group', 'attached', 'identify']"
settle_v,"['resolve', 'solve', 'address', 'settlement', 'resolving', 'settling', 'decant', 'fix', 'colonize', 'liquidate']"
shadow_v,"['shade', 'shadows', 'alternative', 'sombra', 'grayling', 'fictional', 'shading', 'notional', 'parallel', 'ghost', 'alternate', 'shred', 'grey', 'darkness', 'snapshots', 'dark', 'snapshot']"
shake_v,"['agitate', 'milkshake', 'stir', 'shakes', 'rattle', 'tremble', 'rock', 'destabilize', 'waver', 'stirring', 'tremor', 'wavering', 'rocks', 'jolts', 'shaking', 'waving', 'vibration', 'squeeze', 'tighten']"
shift_v,"['selection', 'change', 'displacement', 'select', 'transition', 'reorientation', 'transfer', 'selecting', 'transformation', 'passage', 'move', 'quarter', 'exchange', 'changeover', 'changing', 'changes', 'selector', 'uppercase', 'evolution', 'shiftwork', 'turn', 'movement', 'reversal']"
shine_v,"['glow', 'glisten', 'brightness', 'shard', 'twinkle', 'shining', 'sparkle', 'shone']"
shoot_v,"['kill', 'pull', 'stem', 'shooting', 'fire', 'heave', 'draw', 'stems', 'filming', 'tire', 'kiii', 'shot', 'rod', 'killing', 'stalk', 'kills', 'derive']"
shout_v,"['scream', 'yell', 'screaming', 'holler', 'yelling', 'shouting', 'cree']"
shroud_v,"['surround', 'housing', 'immersive', 'bra', 'cover', 'veil', 'liner']"
shrug_v,['shrink']
shut_v,"['closed', 'close', 'farm', 'firm', 'closure', 'shh', 'ferme', 'closes', 'locked', 'closing']"
sigh_v,"['slghs', 'sighs', 'exhales', 'breath']"
sign_v,"['signal', 'signing', 'signs', 'signature', 'signed', 'indication', 'omen', 'signe', 'mark', 'symbol', 'symptom', 'evidence', 'poster', 'trace', 'sign-a', 'message', 'conclude', 'billboard']"
signal_v,"['sign', 'message', 'signals', 'cue', 'signalling', 'indication', 'signs', 'mark', 'signaling', 'gesture', 'transmissions']"
sin_v,"['sian', 'nas', 'evil-doing', 'chung-kai', 'immortal', 'sin-offering', 'sinner', 'fairy', 'xian', 'without', 'pity', 'evil']"
sink_v,"['wells', 'washbasin', 'heatsink', 'sinks', 'receiver', 'sump', 'well', 'drown', 'spreader', 'drain']"
situate_v,['locate']
slay_v,"['exterminate', 'kill']"
slide_v,"['slides', 'sliding', 'slip', 'slider', 'toboggan', 'blade', 'acetate', 'landslide', 'lamella']"
slip_v,"['slips', 'slide', 'sheet', 'landslide', 'leaflet', 'slippage', 'underwear', 'skating', 'leaf', 'dip', 'relapse', 'pamphlet', 'folio', 'dips', 'fall', 'drop']"
slump_v,"['recession', 'downturn', 'depression', 'doldrums', 'collapse', 'slowdown', 'subsidence', 'stagnation', 'decline', 'fall', 'drop']"
smash_v,"['crush', 'break', 'smashed']"
snap_v,"['snapshot', 'snapshots', 'elastic', 'spring', 'snaps', 'washer', 'sudden', 'adjust', 'circlip', 'instant', 'short-notice']"
soar_v,"['rise', 'rises']"
solve_v,"['resolve', 'resolving', 'solving', 'settle', 'address', 'settlement', 'solution', 'tackle', 'resolved', 'overcome', 'solved', 'fix', 'troubleshoot', 'settling', 'deal', 'addressing', 'resolution', 'remedy', 'resolves']"
sort_v,"['kind', 'type', 'sorting', 'genus', 'classification', 'art', 'trier', 'classify', 'species', 'order', 'form', 'genre', 'ordering', 'sorts', 'sorted', 'class', 'management', 'gender', 'guy', 'nature', 'fate']"
sound_v,"['audio', 'rational', 'healthy', 'solid', 'good', 'noise', 'robust', 'strong', 'salim', 'acoustic', 'sensible', 'audible', 'proper', 'sounds', 'beep', 'selim', 'sonar', 'reasonable', 'reliable', 'acoustics', 'valid', 'øresund', 'able-bodied', 'sund', 'sonora', 'strait', 'correct', 'wise', 'voice', 'firm', 'seem', 'judicious', 'stable', 'aural', 'solids', 'sons', 'wholesome']"
sow_v,"['porker', 'tle', 'sows', 'wbs', 'outrun', 'pig', 'dt', 'wreak', 'teq', 'edt']"
spare_v,"['alternate', 'parts', 'sparing', 'replacement', 'alternative', 'save', 'pieces', 'stand-by', 'free', 'standby', 'reserve', 'replenishment']"
specify_v,"['specifies', 'specifying', 'clarify', 'specified', 'enter', 'indicate', 'specification', 'identify', 'define', 'stipulate', 'clarifying', 'refine', 'determine']"
speed_v,"['velocity', 'rate', 'vitesse', 'pace', 'speeds', 'rapidity', 'airspeed', 'timeliness', 'accelerate', 'swiftness', 'regime', 'promptness', 'speeding', 'gear', 'expedite', 'fast', 'rapid', 'haste', 'expeditiousness', 'accelerating', 'speediness', 'tempo']"
spin_v,"['boldak', 'rotate', 'buldak', 'sapin', 'spin-lattice', 'turn', 'paramagnetic', 'revolve']"
split_v,"['divided', 'divide', 'fractionated', 'division', 'splittist', 'splitting', 'fractional', 'schism', 'separatist', 'fractionation', 'shared', 'spalato', 'scission', 'separation', 'separate', 'dividing', 'rift', 'splittism', 'separated', 'cleavage', 'hyphenate', 'fraction', 'separatism', 'partitioned']"
spoil_v,"['ruin', 'striker', 'destroy']"
sponsor_v,"['proponent', 'promoter', 'godfather', 'sponsoring', 'sponsors', 'co-sponsor', 'sponsorship', 'developer', 'author', 'patron', 'godmother', 'guarantor', 'co-author', 'sponsored', 'respondent', 'promoters', 'nominating']"
spot_v,"['stain', 'place', 'location', 'situ', 'tache', 'mancha', 'cash', 'loco', 'corner', 'detect', 'ground', 'slick', 'blot', 'blemish', 'smudge', 'blitz', 'point']"
spread_v,"['propagation', 'proliferation', 'dissemination', 'propagate', 'spreading', 'disseminate', 'propagated', 'diffusion', 'disseminated', 'disseminating', 'distributed', 'expansion', 'propagating', 'dispersion', 'spillover', 'dispersal', 'extend', 'scattered', 'non-proliferation', 'transmission', 'contagion', 'impart', 'extended', 'distribution', 'extension', 'deployed', 'spreads', 'dispersed', 'distribute', 'deployment', 'expand', 'prevalence', 'progression', 'outbreak', 'broadcast', 'propogate']"
squash_v,"['racquetball', 'lemon', 'crush']"
squeeze_v,"['tighten', 'compress', 'compression', 'shake']"
stage_v,"['phase', 'step', 'scene', 'stages', 'stadium', 'arena', 'juncture', 'phases', 'instar', 'point', 'stade', 'internship', 'στάδιο', 'moment', 'time', 'milestone', 'scenario', 'etapa', 'level', 'period', 'fase', 'ballpark', 'etap', 'traineeship', 'era']"
stall_v,"['stalls', 'dropout', 'pitch', 'fixed-pitch']"
starve_v,"['hungry', 'starvation']"
state_v,"['status', 'rule', 'states', 'condition', 'crown', 'country', 'statement', 'countries', ""'état"", 'foreign', 'member', 'stat', 'government', 'estado', 'national', 'situation', 'state-owned', 'public', 'état', 'estatal', 'statehood', 'nation', 'governmental', 'sate', 'κρατική', 'say', 'staatliche', 'κρατικές', 'indicate', 'declare', 'stato', 'státní']"
steal_v,"['fly', 'stealing', 'stolen', 'rob', 'flying', 'stole', 'steai', 'flies', 'vole']"
steam_v,"['vapour', 'vapor', 'steamer', 'steamship', 'evaporative', 'steamed', 'vapours', 'steamboat']"
step_v,"['stage', 'paso', 'phase', 'move', 'measure', 'solis', 'steps', 'passage', ""n't"", 'milestone', 'leap', 'arch', 'dwtps', 'extent', 'soli', 'stride', 'progress', 'not', 'pace', 'stages', 'measurement']"
stimulate_v,"['stimulating', 'encourage', 'boost', 'spur', 'foster', 'promote', 'boosting', 'incentivise', 'stimulation', 'fostering', 'energize', 'motivate', 'inspire']"
stir_v,"['shake', 'agitate', 'mix', 'blend', 'commotion', 'eddy', 'wiggle', 'backwater']"
stock_v,"['stocks', 'inventory', 'securities', 'shares', 'stockpile', 'stockpiles', 'equity', 'park', 'share', 'awardees', 'fellows', 'inventories', 'bourse', 'values', 'awardee', 'actions', 'serial', 'balance', 'standard', 'storage']"
store_v,"['warehouse', 'storing', 'shop', 'stores', 'storage', 'boutique', 'magasin', 'stockpiling', 'stockpile', 'save', 'storefront', 'tent', 'storehouse', 'ranger', 'depot', 'drugstore', 'grocery', 'warehousing', 'outlet', 'supermarket', 'memorize']"
strengthen_v,"['strengthening', 'reinforce', 'enhance', 'strengthened', 'consolidate', 'enhancing', 'intensify', 'reinforcing', 'bolster', 'increase', 'enhanced', 'build', 'improve', 'enhancement', 'boost', 'reinforcement', 'reinforced', 'promote', 'consolidating', 'solidify', 'deepen', 'fortify', 'tighten', 'redouble', 'building', 'strengthens', 'promoting', 'promotion', 'intensified', 'intensifying', 'foster', 'improving', 'increasing', 'renforcer', 'stronger', 'augment']"
stretch_v,"['stretching', 'strech', 'extensible', 'elongation', 'tranche', 'elastic', 'expand', 'extend']"
strike_v,"['needless', 'strikes', 'attack', 'walkout', 'hit', 'find', 'bombardment', 'blow', 'knock', 'bombing', 'shelling', 'achieve', 'hitting', 'raid', 'hits']"
strip_v,"['gaza', 'band', 'sector', 'bunch', 'strapping', 'strips', 'belt', 'gang', 'swathe', 'stripe', 'bande', 'gazan', 'tape', 'bands', 'zone', 'zoning', 'skelp', 'zones']"
struggle_v,"['fight', 'battle', 'nidal', 'fighting', 'lutte', 'kamp', 'combat', 'reduction', 'kifah', 'ﬁght', 'strife', 'conflict', 'control', 'nedal', 'lucha', 'wrestling', 'campaign', 'strive']"
submit_v,"['present', 'submitting', 'send', 'provide', 'presenting', 'communicate', 'introduce', 'submission', 'submitted', 'file', 'make', 'lodge', 'run', 'transmit', 'produce', 'bring', 'sending', 'execute', 'presentation', 'propose', 'refer', 'offer', 'presents']"
subsidize_v,['subsidise']
succeed_v,"['success', 'prosper', 'thrive', 'succeeds', 'successful', 'achieve', 'pass', 'succeeded', 'succeeding', 'manage']"
suck_v,"['stink', 'sucking', 'pacifier', 'sucks', 'fear', 'suckle', 'blow', 'lick']"
sue_v,"['sues', 'mvm', 'sué', 'suing', 'prosecute', 'swe', 'stéphanie', 'susan', 'sued', 'continue', '-sue']"
suffer_v,"['undergo', 'suffers', 'suffering', 'endure']"
suggest_v,"['propose', 'indicate', 'suggests', 'show', 'believe', 'suggested', 'imply']"
suit_v,"['costume', 'palo', 'outfit', 'tux', 'combination', 'armor', 'getup', 'tailor', 'lawsuit', 'armour', 'dress']"
supply_v,"['supplies', 'provision', 'procurement', 'offer', 'provisioning', 'sourcing', 'provide', 'delivery', 'offering', 'availability', 'feeding', 'source', 'providing', 'offers', 'approvisionnement', 'quotation', 'font', 'distribution', 'acquisitions', 'bid', 'tender', 'supply-side', 'refuelling', 'provides', 'supplying', 'supplier', 'quote', 'rhcs']"
support_v,"['supporting', 'supported', 'backing', 'assistance', 'aid', 'supports', 'bracket', 'endorse', 'supportive', 'help', 'favour', 'backstopping', 'sustain', 'assist', 'compatibility', 'soutien', 'endorsement', 'underpin', 'promote', 'substantiate', ""'appui"", 'apoyo', 'sustaining', 'holder', 'appui', 'back', 'encourage', 'favourable', 'back-up', 'argue', 'bolster', 'subsidy', 'supporter', 'uphold', 'sustainment', 'facilitate', 'stöd', 'funding', 'helps', 'assists']"
suppose_v,"['guess', 'assume', 'imagine', 'presume', 'think', 'assumes']"
surface_v,"['superficial', 'area', 'coating', 'surfaces', 'surficial', 'acreage', 'surface-active', 'shallow', 'above-ground', 'ground', 'cursory', 'surface-water', 'size', 'facie', 'perfunctory', 'face']"
surround_v,"['shroud', 'besiege', 'immersive', 'encircle', 'housing', 'enshroud', 'enclose', 'takes']"
survive_v,"['surviving', 'outlive', 'survival', 'live', 'outlast']"
suspect_v,"['suspicious', 'suspected', 'unsub', 'suspects', 'suspicion', 'accused', 'dubious', 'perp', 'questionable', 'accuser', 'doubtful']"
suspend_v,"['suspension', 'suspending', 'discontinue', 'interrupt', 'suspends', 'halt', 'stop', 'adjourn', 'suspended', 'comment', 'postpone', 'waive', 'stay', 'cease', 'dangle']"
sustain_v,"['maintain', 'support', 'keep', 'maintaining', 'preserve', 'retain', 'uphold', 'maintenance', 'underpin', 'continue', 'sustaining', 'supporting', 'keeping']"
swallow_v,"['hirondelle', 'haiyan', 'eat', 'digest']"
swear_v,"['jure', 'cuss', 'promise', 'swearing', 'vow', 'curse', 'juror', 'oath']"
sweep_v,"['scanning', 'scan', 'sweeps', 'soup', 'devastate', 'incursion', 'scavenge', 'devastates', 'wipe']"
swing_v,"['oscillation', 'seesaw', 'wobble', 'swingarm', 'apogee', 'maneuvering']"
switch_v,"['switches', 'switching', 'modifier', 'breaker', 'swtich', 'commutation', 'switchover', 'toggle', 'change', 'sw', 'commutator', 'wrench', 'switcher', 'button']"
tackle_v,"['address', 'combat', 'resolve', 'solve', 'confront', 'face', 'addressing', 'deal', 'counter', 'tackling', 'handle', 'cope', 'fight', 'overcome', 'meet', 'attack', 'combating', 'treat', 'resolving']"
tap_v,"['faucet', 'stopcock', 'pagoda', 'tower', 'valve', 'exploit', 'towers', 'pct', 'leverage', 'pat']"
target_v,"['objective', 'destination', 'goal', 'meta', 'targets', 'aim', 'targeted', 'fate', 'destiny', 'objectives', 'targeting', 'purpose', 'goals', 'focus', 'referred', 'destino', 'indicators', 'object', 'blanco', 'diana', 'lens']"
taste_v,"['flavour', 'liking', 'flavor', 'tasting', 'gusto', 'aftertaste', 'flavours', 'foretaste', 'palatability', 'papillae', 'snack', 'gust', 'appetite', 'fondness', 'reverence', 'inclination']"
tear_v,"['tear-gas', 'tears', 'rip']"
tempt_v,"['try', 'seduce']"
tend_v,['trend']
think_v,"['believe', 'guess', 'feel', 'thinks', 'consider', 'find', 'view', 'imagine', 'reckon', 'suppose', 'thinking', 'reflect']"
thought_v,"['thinking', 'figured', 'believed', 'reflection', 'idea', 'felt', 'pensamiento', 'ideological', 'thoughts', 'cru', 'thougght', 'alwaysthought', 'knew', 'assumed', 'crus', 'imagined', 'ideology', 'considered', 'found', 'mind']"
threaten_v,"['endanger', 'threatens', 'threat', 'jeopardise', 'jeopardize', 'threatening', 'threats', 'imperil', 'undermine']"
tighten_v,"['torque', 'tightening', 'squeeze', 'fasten', 'retighten', 're-tighten', 'pinch', 'strengthen', 'tightens', 'tightness', 'toughen', 'shake']"
timetable_v,"['calendar', 'schedule', 'timing', 'timeline', 'timeframe', 'timescale', 'time-frame', 'time-table', 'scheduling', 'time-scale', 'timelines', 'hourly', 'schedules', 'roadmap', 'deadline', 'time', 'dates']"
tip_v,"['punta', 'flat-tip', 'suggestion', 'apex', 'pipe', 'flat-tipped', 'pointe', 'extremity', 'end', 'tipping', 'peak', 'edge', 'apical', 'leading-edge', 'hose', 'cutting-edge', 'tipper', 'tilt', 'advanced', 'state-of-the-art', 'council', 'bout', 'blade', 'hint']"
top_v,"['high', 'senior', 'summit', 'upper', 'page', 'main', 'upstairs', 'higher', 'haut', 'superior', 'prominent', 'supreme', 'absolute', 'topo', 'highest', 'major', 'maximum', 'high-ranking', 'first', 'principal', 'above', 'best', 'cima', 'key', 'leading', 'head', 'roof', 'back', 'beginning', 'forefront', 'high-level', 'hardtop']"
trace_v,"['traces', 'tracing', 'locate', 'footsteps', 'track', 'follow-up', 'trail', 'tracking', 'tracks', 'scribe', 'vestige', 'localize', 'sign', 'detect', 'record', 'footprint']"
trade_v,"['commerce', 'commercial', 'trading', 'business', 'exchanges', 'trafficking', 'exchange', 'comercio', 'trades', 'handel', 'commercio', 'handels', 'comercial', 'traffic', 'commerciales', 'handels-', 'mercantil', 'merchant', 'marketing', 'trade-', 'industry', 'trade-related', 'shopping', 'kereskedelmi', 'commerciale', 'market']"
train_v,"['trains', 'tren', 'training', 'rail', 'form', 'railway', 'formation', 'process', 'educate', 'subway', 'forming', 'trainset', 'convoy', 'tensile', 'forms']"
transfer_v,"['transfers', 'transferring', 'transferred', 'assignment', 'handover', 'transmission', 'devolution', 'relocation', 'redeployment', 'mutation', 'transfert', 'transference', 'transhipment', 'shift', 'shipment', 'move', 'transshipment', 'transport', 'divestiture', 'referral', 'transferability', 'devolve', 'redeploy', 'flow-through', 'trans-shipment', 'relocate', 'transferral', 'pass-through', 'movement', 'surrender', 'conveyance', 'passthrough', 'transmit', 'moving', 'transposition', 'conversion', 'transportation', 'hand-over', 'transition', 'forwarding', 'assignments', 'cession']"
transform_v,"['transforming', 'convert', 'turn', 'transformation', 'transforms', 'translate', 'turning', 'change', 'processing', 'conversion', 'make', 'transformación']"
translate_v,"['translating', 'convert', 'transform', 'translation', 'transpose', 'bring', 'turn', 'reflect', 'converting', 'localize', 'result']"
trap_v,"['trick', 'traps', 'pitfall', 'petard', 'trapping', 'snare', 'entrapment', 'setup', 'filter', 'capture', 'ambush', 'catch', 'locker', 'hatch', 'trappe', 'scavenger', 'trapdoor', 'ensnare', 'mousetrap', 'blackout', 'interruption', 'interrupt', 'pitfalls', 'outage', 'booby-traps']"
treat_v,"['address', 'treating', 'treatment', 'handle', 'deal', 'cure', 'processing', 'addressing', 'tackle', 'heal', 'process', 'treated', 'handling']"
tremble_v,"['aspen', 'shake', 'shiver', 'twitch', 'quiver']"
trust_v,"['confidence', 'trusts', 'fiducie', 'faith', 'fiduciary', 'trusted', 'indenture', 'trustee', 'confidence-building', 'trustees', 'hope', 'conﬁdence', 'confidence-', 'confident', 'rely', 'trusting', 'believe', 'trusteeship', 'reliance', 'credibility']"
tuck_v,['-tuck']
twist_v,"['torsion', 'twisting', 'turn', 'rotate', 'seismograph', 'torque', 'barge']"
undergo_v,['suffer']
undermine_v,"['weaken', 'erode', 'subvert', 'jeopardize', 'impair', 'jeopardise', 'damage', 'harm', 'undercut', 'sabotage', 'endanger', 'undermining', 'affect', 'prejudice', 'disrupt', 'compromise', 'hinder', 'hamper', 'destroy', 'diminish', 'threaten', 'infringe', 'detract', 'impede']"
undertake_v,"['take', 'initiate', 'conduct', 'perform', 'engage', 'commit', 'undertaking', 'embark', 'entreprendre', 'make', 'assume', 'begin', 'launch', 'proceed', 'conducting', 'adopt', 'start', 'commence', 'pursue', 'implement']"
unfurl_v,"['unroll', 'deploy']"
unite_v,"['unify', 'join', 'unit', 'combine', 'unifying', 'reconcile', 'unites', 'bind', 'unity']"
update_v,"['updating', 'upgrade', 'refresh', 'updated', 'updates', 'upgrading', 'refreshing', 'up-to-date', 'modernization', 'modernize', 'upgraded', 'refresher', 'refreshed', 'up-date', 'modernise', 'modernizing', 'actualize', 'ev', 'actualization', 'upgrades']"
upset_v,"['angry', 'mad', 'pissed', 'annoyed', 'disrupt', 'disturb', 'disrupted', 'disturbed', 'shocked', 'sad', 'distraught', 'furious', 'thwarted', 'vexed', 'overwhelmed', 'annoy', 'distressed', 'irked', 'irritated', 'shaken', 'antagonise']"
urge_v,"['urges', 'urged', 'urging', 'invite', 'ask', 'encourage', 'call', 'appeal', 'exhort', 'insist']"
use_v,"['utilization', 'used', 'using', 'usage', 'uses', 'utilize', 'employment', 'utilisation', 'consumption', 'recourse', 'employ', 'utilizing', 'utilise', 'resort', 'appeal', 'exploitation', 'exploit', 'remedies', ""'utilisation"", 'application', 'job', 'remedy', 'consume', 'apply', 'serve', 'purposes', 'operate', 'user', 'uso', 'resorting', 'operation', 'usefulness', 'jobs', 'advantage', 'reliance', 'purpose', 'take', 'take-up']"
usher_v,"['bailiff', 'asher', 'doorman', 'ushers']"
value_v,"['worth', 'values', 'amount', 'courage', 'valuable', 'valeur', 'quotidienne', 'usefulness', 'setting', 'importance', 'valued', 'valuation', 'utility', 'valor', 'turnover', 'appreciate', 'valore', 'merit', 'interest', 'price', 'significance']"
vanish_v,"['disappear', 'evaporate']"
vary_v,"['differ', 'fluctuate', 'amend', 'modify', 'change', 'variable', 'alter', 'range']"
view_v,"['opinion', 'vista', 'vision', 'notice', 'see', 'perspective', 'sight', 'light', 'notices', 'viewing', 'viewpoint', 'visualize', 'views', 'order', 'position', 'display', 'believe', 'standpoint', 'mind', 'purpose', 'idea', 'query', 'trial', 'consult', 'glance', 'think', 'end', 'syn', 'seen', 'eyes', 'aim', 'worm', 'opinions', 'advice', 'ver', 'regard', 'account', 'consider', 'perception', 'prospect', 'estimated', 'approach', 'belief', 'hearing', 'eye', 'watch', 'advisories', 'goal', 'consultation', 'kwun', 'sense', 'seeing', 'visualization', 'feel', 'eyesight', 'stance', 'avis']"
vindicate_v,['assert']
voice_v,"['voices', 'votes', 'vote', 'voz', 'voix', 'vocal', 'express', 'speech', 'spokesperson', 'vowel', 'sound', 'vocals', 'audiotape', 'telephone', 'say']"
volume_v,"['volumes', 'quantity', 'amount', 'size', 'tonnage', 'vol', 'volumetric', 'number', 'magnitude', 'scale', 'turnover', 'level', 'workload']"
vote_v,"['voting', 'ballot', 'votes', 'voice', 'polling', 'balloting', 'credit', 'głosowania', 'voices', 'głosowanie', 'suffrage', 'appropriation', 'voted', 'poll', 'election', 'votazioni']"
walk_v,"['walking', 'parkway', 'promenade', 'tower', 'foot', 'boardwalk', 'stroll', 'marchto', 'ride', 'andar', 'marche', 'work', 'ballad', 'drive', 'works', 'tour']"
wander_v,['roam']
warn_v,"['warns', 'alert', 'caution', 'prevent', 'warning', 'notify', 'forewarn', 'warnings', 'advise']"
waste_v,"['wastes', 'debris', 'residues', 'wastage', 'garbage', 'residue', 'scrap', 'wasting', 'rubbish', 'refuse', 'wastefulness', 'lose', 'déchets', 'litter', 'squandering', 'loss', 'offal', 'residual', 'squander', 'trash', 'tailings', 'profligacy', 'junk', 'wastewater', 'losing']"
wave_v,"['waves', 'vague', 'welle', 'tide', 'spate', 'onda', 'surge', 'golf', 'ola', 'wavelength', 'waveform', 'surges', 'upsurge', 'millimeter', 'vicious', 'groundswell', 'waving', 'round', 'ripple', 'phase', 'flood']"
whisper_v,"['murmur', 'whispering']"
wield_v,"['exercise', 'exert']"
wipe_v,"['erase', 'clean', 'delete', 'erasure', 'scan', 'dry', 'rag', 'rub', 'cloth', 'sweep']"
wish_v,"['desire', 'want', 'hope', 'vow', 'like', 'aspiration', 'willingness', 'aspirations', 'intention', 'will']"
withdraw_v,"['withdrawal', 'withdraws', 'remove', 'withdrawing', 'pullout', 'withdrawn', 'revoke', 'retire', 'retract', 'pulls', 'removing', 'pull', 'withdrew', 'retreat', 'pullback', 'removal', 'draw', 'lift', 'cut']"
witness_v,"['witnesses', 'tell-tale', 'tracer', 'eyewitness', 'testimony', 'telltale', 'control', 'cookie', 'tell-tales', 'baton', 'comparison', 'testify', 'indicator', 'witnessed', 'faith', 'attend', 'testimonial']"
wonder_v,"['miracle', 'ask', 'surprise', 'merveille']"
worship_v,"['cult', 'religion', 'adoration', 'religious', 'worships', 'cults', 'prayer', 'worshipped', 'worshipping', 'veneration', 'faith', 'belief']"
wrap_v,"['shawl', 'adjust', 'adjustment', 'adjusting', 'coverage']"
yield_v,"['performance', 'yields', 'return', 'produce', 'returns', 'coupon', 'elastic', 'preconsolidation', 'generate', 'production', 'efficiency', 'cede', 'give', 'output']"
may_v,"['mayo', 'maybe', 'mai', 'maj', 'perhaps', 'possible', 'maggio', 'ca', 'maja', 'mei', 'risk', '5', 'maio', 'ayar']"
might_v,"['maybe', 'perhaps', 'possible', 'risk']"
ought_v,"['should', 'must', 'would']"
shall_v,"[""'s"", ""'il"", 'needs']"
should_v,"['ought', 'expected', 'oughta', 'gotta', 'needs']"
would_v,"[""'d"", 'ought']"
