Word,PoS,X2000,X2001,X2002,X2003,X2004,X2005,X2006,X2007,X2008,AvrgOfYears,Teachers Avg,Level.Teachers.Average,Level.Predicted.RF,Level.Predicted.NN,Level.Predicted.SVM
a,DET,0.01520815,0.015279964,0.015296367,0.015287488,0.015351235,0.015270548,0.015153889,0.015359147,0.015550266,0.015306339,1,A1,A1,A1,B1
a,DET,0.01520815,0.015279964,0.015296367,0.015287488,0.015351235,0.015270548,0.015153889,0.015359147,0.015550266,0.015306339,1.333333333,A1,A1,A1,B1
a,DET,0.01520815,0.015279964,0.015296367,0.015287488,0.015351235,0.015270548,0.015153889,0.015359147,0.015550266,0.015306339,1,A1,A1,A1,B1
abandon,VERB,1.01E-05,9.92E-06,9.76E-06,9.68E-06,9.87E-06,9.54E-06,1.00E-05,1.01E-05,1.09E-05,9.99E-06,4,B2,C1,B1,B1
ability,NOUN,0.00010513,0.000104974,0.000105236,0.000103672,0.000102457,0.000105735,0.000103934,0.000100081,8.47E-05,0.000101769,2.666666667,B1,A1,B1,A2
able,ADJ,0.000201494,0.000200738,0.000205988,0.000207643,0.000206057,0.000208302,0.000207947,0.000207355,0.000204842,0.000205596,1.666666667,A2,A1,A2,A2
abolish,VERB,2.67E-06,2.52E-06,2.55E-06,2.54E-06,2.39E-06,2.38E-06,2.53E-06,2.50E-06,2.87E-06,2.55E-06,4,B2,C2,B1,B2
abortion,NOUN,1.18E-05,1.14E-05,1.20E-05,1.10E-05,1.04E-05,1.02E-05,1.02E-05,9.51E-06,7.56E-06,1.04E-05,3.666666667,B2,C1,B1,A1
about,ADP,0.001252243,0.001253989,0.001285287,0.001278855,0.001282182,0.001300985,0.001271122,0.001282217,0.001240943,0.00127198,1.666666667,A2,A1,A1,B1
about,ADV,1.31E-05,1.33E-05,1.30E-05,1.28E-05,1.26E-05,1.26E-05,1.24E-05,1.18E-05,1.05E-05,1.25E-05,1.666666667,A2,B2,B1,A2
above,ADJ,6.01E-05,5.91E-05,5.73E-05,5.77E-05,5.60E-05,5.74E-05,5.74E-05,5.52E-05,5.57E-05,5.73E-05,1.333333333,A1,A2,B1,A1
above,ADP,0.000137543,0.00013606,0.000133501,0.000136296,0.000137536,0.000134474,0.000135453,0.000140664,0.000153547,0.000138342,2.666666667,B1,A1,A2,A2
above,ADV,2.66E-05,2.57E-05,2.54E-05,2.51E-05,2.44E-05,2.52E-05,2.49E-05,2.42E-05,2.21E-05,2.48E-05,1.666666667,A2,B2,B1,B1
abroad,ADV,1.97E-05,1.96E-05,1.93E-05,1.91E-05,1.96E-05,1.95E-05,2.07E-05,2.14E-05,2.45E-05,2.04E-05,1.666666667,A2,B2,B1,B1
absence,NOUN,5.33E-05,5.22E-05,5.10E-05,4.96E-05,5.02E-05,5.01E-05,5.11E-05,5.01E-05,4.91E-05,5.07E-05,2.333333333,A2,A1,B1,A2
absent,ADJ,1.73E-05,1.71E-05,1.66E-05,1.62E-05,1.71E-05,1.64E-05,1.70E-05,1.71E-05,1.78E-05,1.70E-05,1.666666667,A2,B2,B1,B1
absolute,ADJ,3.66E-05,3.65E-05,3.57E-05,3.65E-05,3.57E-05,3.52E-05,3.65E-05,3.63E-05,3.80E-05,3.63E-05,2.333333333,A2,A2,B1,B1
absolutely,ADV,2.28E-05,2.29E-05,2.27E-05,2.46E-05,2.50E-05,2.41E-05,2.60E-05,2.70E-05,3.38E-05,2.54E-05,3.333333333,B1,B1,B1,B1
absorb,VERB,7.50E-06,7.36E-06,7.28E-06,7.13E-06,6.91E-06,6.95E-06,6.79E-06,6.84E-06,6.16E-06,6.99E-06,3.666666667,B2,C1,B1,B2
abstract,ADJ,2.58E-05,2.47E-05,2.63E-05,2.47E-05,2.38E-05,2.38E-05,2.38E-05,2.27E-05,2.10E-05,2.40E-05,2.666666667,B1,B2,B1,B1
absurd,ADJ,6.87E-06,6.66E-06,6.37E-06,7.05E-06,7.62E-06,7.01E-06,7.86E-06,8.68E-06,1.20E-05,7.79E-06,3.666666667,B2,C1,B1,B2
abuse,NOUN,3.80E-05,3.93E-05,3.62E-05,3.48E-05,3.51E-05,3.55E-05,3.42E-05,3.28E-05,2.62E-05,3.47E-05,3,B1,A2,B1,A2
academic,ADJ,4.35E-05,4.20E-05,4.23E-05,4.15E-05,4.27E-05,4.43E-05,4.36E-05,4.20E-05,3.27E-05,4.16E-05,3,B1,A2,B1,A1
accent,NOUN,7.04E-06,7.44E-06,7.02E-06,7.34E-06,7.55E-06,7.77E-06,7.63E-06,8.02E-06,8.01E-06,7.54E-06,2.666666667,B1,C1,B1,A1
accept,VERB,6.08E-05,6.05E-05,6.02E-05,5.98E-05,5.82E-05,5.84E-05,5.75E-05,5.68E-05,5.47E-05,5.85E-05,2.333333333,A2,A2,B1,A1
acceptable,ADJ,2.74E-05,2.72E-05,2.67E-05,2.62E-05,2.54E-05,2.56E-05,2.50E-05,2.32E-05,1.96E-05,2.51E-05,3.333333333,B1,B2,B1,B1
acceptance,NOUN,2.82E-05,2.85E-05,2.75E-05,2.72E-05,2.59E-05,2.65E-05,2.66E-05,2.58E-05,2.26E-05,2.65E-05,3.333333333,B1,B2,B1,A2
access,NOUN,0.000106604,0.00011074,0.000120415,0.000120003,0.000103752,0.000105726,0.00010189,9.59E-05,7.76E-05,0.000104741,3.333333333,B1,A1,B1,A2
access,VERB,9.77E-06,1.14E-05,1.34E-05,1.34E-05,1.06E-05,1.02E-05,9.73E-06,1.00E-05,7.98E-06,1.07E-05,3,B1,C1,B1,B1
accessible,ADJ,1.71E-05,1.77E-05,1.83E-05,1.82E-05,1.70E-05,1.71E-05,1.71E-05,1.67E-05,1.77E-05,1.74E-05,3,B1,C1,B1,B1
accident,NOUN,2.47E-05,2.49E-05,2.38E-05,2.45E-05,2.50E-05,2.45E-05,2.42E-05,2.43E-05,2.59E-05,2.46E-05,2.333333333,A2,B2,B1,B1
accommodation,NOUN,1.15E-05,1.08E-05,1.04E-05,1.00E-05,9.54E-06,1.00E-05,1.01E-05,9.26E-06,9.37E-06,1.01E-05,3,B1,C1,B1,A1
accompany,VERB,9.12E-06,9.08E-06,8.86E-06,9.05E-06,9.64E-06,9.09E-06,9.31E-06,9.73E-06,1.14E-05,9.48E-06,4,B2,C1,B1,B1
account,NOUN,0.000123212,0.000123595,0.000119098,0.000122375,0.000121295,0.000122051,0.000127466,0.000128278,0.000135088,0.000124718,3.333333333,B1,A1,B1,A2
account,NOUN,0.000123212,0.000123595,0.000119098,0.000122375,0.000121295,0.000122051,0.000127466,0.000128278,0.000135088,0.000124718,2.666666667,B1,A1,B1,A2
account,NOUN,0.000123212,0.000123595,0.000119098,0.000122375,0.000121295,0.000122051,0.000127466,0.000128278,0.000135088,0.000124718,3.333333333,B1,A1,B1,A2
accountant,NOUN,3.58E-06,3.90E-06,3.30E-06,3.66E-06,3.57E-06,3.99E-06,3.81E-06,3.68E-06,3.06E-06,3.62E-06,2,A2,C2,B1,C1
accumulate,VERB,5.08E-06,5.08E-06,5.01E-06,4.88E-06,4.84E-06,4.91E-06,4.81E-06,4.66E-06,4.26E-06,4.84E-06,3.666666667,B2,C1,B1,B2
accuracy,NOUN,2.21E-05,2.30E-05,2.25E-05,2.26E-05,2.27E-05,2.42E-05,2.39E-05,2.29E-05,2.09E-05,2.28E-05,3.666666667,B2,B2,B1,B1
accurate,ADJ,3.15E-05,3.24E-05,3.16E-05,3.19E-05,3.14E-05,3.16E-05,3.12E-05,3.03E-05,2.69E-05,3.10E-05,2.666666667,B1,A2,B1,B1
accuse,VERB,2.53E-06,2.43E-06,2.40E-06,2.63E-06,2.75E-06,2.64E-06,2.78E-06,2.93E-06,3.53E-06,2.74E-06,3,B1,C2,B1,B2
achieve,VERB,5.45E-05,5.52E-05,5.58E-05,5.49E-05,5.37E-05,5.62E-05,5.39E-05,5.17E-05,4.03E-05,5.29E-05,3,B1,A2,B1,A1
achievement,NOUN,2.54E-05,2.42E-05,2.36E-05,2.33E-05,2.34E-05,2.49E-05,2.43E-05,2.35E-05,1.98E-05,2.36E-05,3,B1,B2,B1,B1
acid,NOUN,3.38E-05,3.24E-05,3.30E-05,3.07E-05,3.15E-05,3.05E-05,3.04E-05,3.43E-05,3.54E-05,3.25E-05,1.333333333,A1,A1,A2,A2
acknowledge,VERB,1.77E-05,1.72E-05,1.72E-05,1.75E-05,1.80E-05,1.77E-05,1.87E-05,1.82E-05,1.91E-05,1.79E-05,4.333333333,B2,B2,B1,B1
acquire,VERB,1.80E-05,1.78E-05,1.73E-05,1.74E-05,1.75E-05,1.76E-05,1.76E-05,1.74E-05,1.66E-05,1.75E-05,3.666666667,B2,B2,B1,B1
acre,NOUN,3.10E-06,2.85E-06,2.80E-06,2.75E-06,2.83E-06,2.55E-06,2.76E-06,3.50E-06,5.82E-06,3.22E-06,3.666666667,B2,C1,B1,C1
across,ADP,0.000158785,0.000161867,0.000166615,0.000166278,0.000168813,0.000173384,0.00017002,0.000173912,0.00016769,0.000167485,1.666666667,A2,A1,A2,A2
across,ADV,2.23E-07,2.12E-07,2.24E-07,2.16E-07,2.42E-07,2.44E-07,2.25E-07,2.38E-07,2.53E-07,2.31E-07,1.666666667,A2,C2,B1,B2
act,NOUN,7.02E-05,6.82E-05,6.54E-05,6.74E-05,6.70E-05,6.63E-05,7.04E-05,6.99E-05,8.05E-05,6.95E-05,2,A2,A2,B1,A2
act,VERB,5.27E-05,5.26E-05,5.24E-05,5.26E-05,5.25E-05,5.28E-05,5.38E-05,5.35E-05,5.54E-05,5.31E-05,1,A1,A2,B1,A1
action,NOUN,0.000186633,0.000191535,0.000186591,0.00017993,0.000179619,0.000180158,0.000180455,0.000174283,0.000171622,0.000181203,2.333333333,A2,A1,B1,A2
active,ADJ,8.71E-05,8.68E-05,8.58E-05,8.43E-05,8.43E-05,8.40E-05,8.34E-05,8.12E-05,7.24E-05,8.33E-05,2,A2,A2,B1,A2
actively,ADV,1.74E-05,1.74E-05,1.71E-05,1.68E-05,1.69E-05,1.74E-05,1.73E-05,1.66E-05,1.36E-05,1.67E-05,2.666666667,B1,B2,B1,A2
activity,NOUN,0.000142358,0.00013774,0.000139264,0.000133474,0.000135311,0.000137856,0.000135283,0.00012662,0.000102335,0.000132249,2.333333333,A2,A1,B1,A2
actor,NOUN,1.77E-05,1.69E-05,1.75E-05,1.60E-05,1.66E-05,1.79E-05,1.63E-05,1.65E-05,1.52E-05,1.68E-05,1,A1,B2,A2,B1
actual,ADJ,7.57E-05,7.57E-05,7.60E-05,7.53E-05,7.24E-05,7.30E-05,7.39E-05,7.22E-05,6.81E-05,7.36E-05,2.666666667,B1,A2,B1,A2
actually,ADV,0.000109319,0.000108798,0.000113637,0.000112414,0.000110509,0.000112704,0.000112076,0.000111146,9.99E-05,0.000110053,3,B1,A1,B1,A2
ad,NOUN,1.74E-05,1.73E-05,1.66E-05,1.71E-05,1.70E-05,1.74E-05,1.79E-05,1.67E-05,1.62E-05,1.71E-05,1.5,A2,B2,B1,B1
adapt,VERB,1.06E-05,1.08E-05,1.05E-05,1.04E-05,1.02E-05,1.08E-05,1.05E-05,1.02E-05,8.85E-06,1.03E-05,3,B1,C1,B1,B1
add,VERB,6.25E-05,6.76E-05,7.26E-05,7.30E-05,6.71E-05,6.27E-05,6.37E-05,6.49E-05,6.30E-05,6.63E-05,1.333333333,A1,A2,B1,A1
addition,NOUN,0.000133734,0.000136505,0.000136496,0.000132061,0.000128017,0.000130503,0.000128636,0.000123754,0.000103046,0.000128084,2.666666667,B1,A1,B1,A2
additional,ADJ,8.35E-05,8.73E-05,8.69E-05,8.52E-05,8.19E-05,8.38E-05,8.15E-05,7.77E-05,6.49E-05,8.14E-05,3,B1,A2,B1,A2
address,NOUN,5.20E-05,5.26E-05,5.57E-05,5.68E-05,4.75E-05,4.53E-05,4.28E-05,4.24E-05,4.07E-05,4.84E-05,1,A1,A2,A2,A2
address,VERB,3.15E-05,3.30E-05,3.31E-05,3.35E-05,3.35E-05,3.59E-05,3.60E-05,3.47E-05,3.00E-05,3.35E-05,2.333333333,A2,A2,B1,A1
adequate,ADJ,3.60E-05,3.62E-05,3.47E-05,3.39E-05,3.27E-05,3.30E-05,3.23E-05,3.04E-05,2.63E-05,3.28E-05,3.666666667,B2,A2,B1,B1
adjust,VERB,1.28E-05,1.36E-05,1.36E-05,1.37E-05,1.37E-05,1.31E-05,1.27E-05,1.26E-05,1.04E-05,1.29E-05,3.666666667,B2,B2,B1,B2
adjustment,NOUN,2.05E-05,2.00E-05,1.94E-05,1.85E-05,1.84E-05,1.88E-05,1.82E-05,1.71E-05,1.41E-05,1.83E-05,3.333333333,B1,B2,B1,B1
administration,NOUN,6.11E-05,6.16E-05,6.12E-05,6.11E-05,6.08E-05,6.03E-05,6.01E-05,5.81E-05,5.21E-05,5.96E-05,3.666666667,B2,A1,B1,A2
administrative,ADJ,3.43E-05,3.64E-05,3.46E-05,3.39E-05,3.00E-05,3.11E-05,3.00E-05,2.82E-05,2.24E-05,3.12E-05,4,B2,B2,B2,B1
administrator,NOUN,9.36E-06,1.01E-05,1.04E-05,1.13E-05,8.83E-06,8.48E-06,8.99E-06,8.14E-06,6.64E-06,9.14E-06,3,B1,C1,B2,A1
admire,VERB,5.17E-06,5.04E-06,4.92E-06,5.19E-06,5.74E-06,5.40E-06,5.77E-06,6.31E-06,8.49E-06,5.78E-06,2.666666667,B1,C1,B1,B2
admission,NOUN,1.46E-05,1.51E-05,1.44E-05,1.82E-05,1.45E-05,1.43E-05,1.43E-05,1.41E-05,1.46E-05,1.49E-05,4,B2,B2,B1,B1
admit,VERB,2.13E-05,2.11E-05,2.11E-05,2.25E-05,2.31E-05,2.24E-05,2.37E-05,2.47E-05,3.13E-05,2.35E-05,3.333333333,B1,B2,A2,B1
adopt,VERB,2.03E-05,2.04E-05,2.00E-05,2.02E-05,2.00E-05,2.06E-05,2.07E-05,1.99E-05,1.98E-05,2.02E-05,4,B2,B2,B1,B1
adoption,NOUN,1.90E-05,1.78E-05,1.88E-05,1.93E-05,1.85E-05,1.98E-05,2.01E-05,1.87E-05,1.73E-05,1.88E-05,3,B1,C1,B1,B1
adult,NOUN,1.67E-05,1.67E-05,1.63E-05,1.58E-05,1.52E-05,1.58E-05,1.54E-05,1.43E-05,1.16E-05,1.53E-05,2.333333333,A2,B2,B1,B1
advance,NOUN,2.75E-05,2.75E-05,2.63E-05,2.61E-05,2.72E-05,2.64E-05,2.70E-05,2.77E-05,3.06E-05,2.74E-05,3.666666667,B2,A2,B1,A2
advance,VERB,9.57E-06,9.78E-06,9.59E-06,9.94E-06,1.02E-05,1.01E-05,1.09E-05,1.10E-05,1.25E-05,1.04E-05,3,B1,C1,B1,B1
advanced,ADJ,2.37E-05,2.42E-05,2.44E-05,2.45E-05,2.29E-05,2.37E-05,2.35E-05,2.22E-05,2.02E-05,2.33E-05,2.666666667,B1,B2,B1,B1
advantage,NOUN,5.88E-05,5.93E-05,5.90E-05,5.92E-05,5.85E-05,5.88E-05,5.96E-05,5.95E-05,6.36E-05,5.96E-05,2.333333333,A2,A1,B1,A2
adventure,NOUN,1.01E-05,1.03E-05,1.03E-05,1.08E-05,1.13E-05,1.10E-05,1.14E-05,1.22E-05,1.33E-05,1.12E-05,2.666666667,B1,B2,B1,A1
advertise,VERB,2.59E-06,2.70E-06,2.59E-06,2.50E-06,2.47E-06,2.45E-06,2.36E-06,2.40E-06,2.24E-06,2.48E-06,4,B2,C2,B1,B2
advertisement,NOUN,5.64E-06,5.83E-06,5.81E-06,5.22E-06,5.62E-06,5.34E-06,5.47E-06,5.59E-06,5.53E-06,5.56E-06,2,A2,C1,B1,A1
advertising,NOUN,2.61E-05,2.71E-05,2.59E-05,2.39E-05,2.49E-05,2.42E-05,2.27E-05,2.27E-05,1.80E-05,2.39E-05,3,B1,B2,A2,B1
advice,NOUN,4.17E-05,4.09E-05,4.15E-05,4.13E-05,4.22E-05,4.23E-05,4.29E-05,4.18E-05,4.36E-05,4.20E-05,2.666666667,B1,A1,B1,A2
advise,VERB,7.24E-06,7.14E-06,7.07E-06,7.25E-06,7.53E-06,7.25E-06,7.60E-06,7.64E-06,9.11E-06,7.54E-06,2.333333333,A2,C1,B1,B2
adviser,NOUN,4.65E-06,4.94E-06,4.39E-06,4.23E-06,4.57E-06,4.30E-06,4.30E-06,4.18E-06,4.19E-06,4.42E-06,3.666666667,B2,C2,B1,C1
advocate,VERB,4.09E-06,4.01E-06,3.98E-06,3.87E-06,3.87E-06,4.00E-06,4.07E-06,3.96E-06,3.73E-06,3.95E-06,4.333333333,B2,C2,B1,B2
affair,NOUN,1.52E-05,1.48E-05,1.44E-05,1.46E-05,1.66E-05,1.53E-05,1.60E-05,1.81E-05,2.26E-05,1.64E-05,4.333333333,B2,B2,A2,B1
affect,VERB,5.59E-05,5.75E-05,5.62E-05,5.57E-05,5.47E-05,5.57E-05,5.51E-05,5.29E-05,4.54E-05,5.43E-05,3,B1,A2,B1,A1
affection,NOUN,1.12E-05,1.10E-05,1.04E-05,1.19E-05,1.34E-05,1.20E-05,1.43E-05,1.50E-05,2.33E-05,1.36E-05,3.666666667,B2,B2,B1,B1
afraid,ADJ,3.36E-05,3.32E-05,3.43E-05,3.53E-05,3.86E-05,3.74E-05,3.69E-05,4.07E-05,5.08E-05,3.79E-05,1.333333333,A1,A2,A2,A1
after,ADP,0.000600915,0.000603289,0.000598621,0.000607047,0.000623549,0.000619337,0.000625325,0.000634608,0.000678223,0.000621213,1.333333333,A1,A1,A1,B1
after,CONJ,8.94E-11,0,0,3.67E-10,6.80E-11,2.08E-10,1.31E-10,6.17E-11,2.05E-10,1.26E-10,1.333333333,A1,C2,A2,A2
afternoon,NOUN,3.42E-05,3.44E-05,3.57E-05,3.57E-05,3.83E-05,3.82E-05,3.67E-05,3.97E-05,4.68E-05,3.77E-05,1.666666667,A2,A1,A2,A2
afterwards,ADV,1.21E-05,1.27E-05,1.11E-05,1.40E-05,1.72E-05,1.44E-05,2.09E-05,2.21E-05,4.33E-05,1.86E-05,2.333333333,A2,B1,B2,A2
again,ADV,0.000286879,0.000287351,0.000296282,0.000305771,0.000320297,0.000312768,0.000315704,0.000337097,0.000398471,0.000317847,1,A1,A1,A1,A1
against,ADP,0.000367561,0.000367302,0.000367269,0.000368818,0.000375147,0.000371442,0.000378829,0.000382752,0.000410148,0.000376585,2,A2,A1,A2,A1
age,NOUN,0.000169281,0.000169024,0.00015984,0.000164553,0.000163793,0.000163819,0.000167004,0.000159436,0.000160714,0.000164163,1.333333333,A1,A1,B1,A2
age,VERB,6.67E-07,6.76E-07,6.59E-07,6.53E-07,6.80E-07,6.80E-07,6.88E-07,6.33E-07,5.46E-07,6.54E-07,1,A1,C2,B1,C1
agency,NOUN,4.66E-05,4.75E-05,4.67E-05,4.55E-05,4.21E-05,4.39E-05,4.31E-05,4.09E-05,3.53E-05,4.35E-05,2.333333333,A2,A1,B1,A2
agenda,NOUN,2.15E-05,2.08E-05,2.11E-05,2.04E-05,2.02E-05,2.19E-05,2.13E-05,2.00E-05,1.53E-05,2.03E-05,2.666666667,B1,B2,B1,B1
agent,NOUN,5.40E-05,5.78E-05,5.53E-05,5.43E-05,5.48E-05,5.80E-05,5.49E-05,5.20E-05,4.54E-05,5.40E-05,3.333333333,B1,A1,A2,A2
aggressive,ADJ,1.88E-05,1.88E-05,1.82E-05,1.88E-05,1.81E-05,1.90E-05,1.86E-05,1.74E-05,1.41E-05,1.80E-05,3,B1,B2,B1,B1
aggressively,ADV,3.33E-06,3.46E-06,3.36E-06,3.37E-06,3.34E-06,3.42E-06,3.34E-06,3.23E-06,2.56E-06,3.27E-06,3,B1,C2,B1,A2
ago,ADV,6.24E-05,6.23E-05,6.43E-05,6.59E-05,6.71E-05,6.72E-05,6.60E-05,6.86E-05,7.62E-05,6.67E-05,1.333333333,A1,A2,A2,A1
agree,VERB,4.34E-05,4.38E-05,4.36E-05,4.36E-05,4.30E-05,4.30E-05,4.33E-05,4.22E-05,4.18E-05,4.31E-05,1,A1,A2,B1,A1
agreement,NOUN,7.52E-05,7.95E-05,7.55E-05,7.26E-05,6.78E-05,7.03E-05,6.89E-05,6.49E-05,5.46E-05,6.99E-05,2.666666667,B1,A1,B1,A2
agriculture,NOUN,2.53E-05,2.34E-05,2.29E-05,2.19E-05,2.01E-05,2.18E-05,2.19E-05,2.01E-05,1.74E-05,2.16E-05,2.666666667,B1,B2,B1,B1
ahead,ADV,4.18E-05,4.23E-05,4.42E-05,4.40E-05,4.40E-05,4.49E-05,4.22E-05,4.29E-05,4.10E-05,4.30E-05,2,A2,A1,A2,B1
aid,NOUN,4.06E-05,3.94E-05,3.91E-05,3.98E-05,3.91E-05,3.90E-05,3.80E-05,4.10E-05,4.29E-05,3.99E-05,2.666666667,B1,A1,A2,A2
aid,VERB,7.71E-06,7.89E-06,7.68E-06,7.78E-06,8.09E-06,7.81E-06,8.17E-06,8.49E-06,9.97E-06,8.18E-06,3.333333333,B1,C1,B1,B2
aim,NOUN,2.55E-05,2.40E-05,2.45E-05,2.47E-05,2.46E-05,2.49E-05,2.54E-05,2.56E-05,2.53E-05,2.49E-05,2.333333333,A2,B2,B1,B1
aim,VERB,5.99E-06,5.89E-06,6.06E-06,6.09E-06,6.13E-06,6.46E-06,6.62E-06,7.10E-06,9.72E-06,6.67E-06,2.666666667,B1,C1,B1,B2
aircraft,NOUN,2.47E-05,2.50E-05,2.56E-05,2.60E-05,2.42E-05,2.16E-05,2.01E-05,1.85E-05,1.41E-05,2.22E-05,2,A2,B2,A2,B1
airline,NOUN,5.18E-06,6.03E-06,5.89E-06,5.23E-06,5.27E-06,5.04E-06,4.55E-06,4.88E-06,3.62E-06,5.08E-06,2.333333333,A2,C1,B1,A1
airport,NOUN,1.25E-05,1.28E-05,1.31E-05,1.26E-05,1.30E-05,1.20E-05,1.09E-05,1.08E-05,8.89E-06,1.19E-05,1,A1,C1,A2,A1
alarm,NOUN,9.56E-06,1.02E-05,1.05E-05,1.08E-05,1.15E-05,1.12E-05,1.13E-05,1.23E-05,1.50E-05,1.14E-05,1.666666667,A2,B2,B1,A1
album,NOUN,8.54E-06,7.85E-06,7.58E-06,8.68E-06,8.35E-06,8.36E-06,7.79E-06,7.91E-06,6.20E-06,7.92E-06,2,A2,C1,B1,A1
alcohol,NOUN,3.04E-05,3.20E-05,3.10E-05,3.00E-05,3.02E-05,3.06E-05,2.89E-05,2.80E-05,2.46E-05,2.95E-05,2.666666667,B1,B2,A2,A2
alive,ADJ,3.16E-05,3.14E-05,3.24E-05,3.36E-05,3.43E-05,3.45E-05,3.39E-05,3.53E-05,3.86E-05,3.39E-05,2.333333333,A2,A2,A2,B1
all,ADV,3.17E-06,3.20E-06,3.31E-06,3.38E-06,3.63E-06,3.54E-06,3.50E-06,3.76E-06,4.48E-06,3.55E-06,1,A1,C2,B1,A2
all,DET,0.001661912,0.001665286,0.001681721,0.001747129,0.001787295,0.001751133,0.001788737,0.001851429,0.00216001,0.001788295,1.333333333,A1,A1,A1,B1
allegation,NOUN,1.99E-06,1.94E-06,1.86E-06,1.84E-06,1.72E-06,1.78E-06,1.86E-06,1.66E-06,1.66E-06,1.81E-06,4.666666667,C1,C2,B1,C1
allege,VERB,1.12E-06,1.10E-06,1.04E-06,1.08E-06,9.91E-07,1.01E-06,1.07E-06,8.82E-07,1.23E-06,1.06E-06,4.333333333,B2,C2,B1,C1
alleged,ADJ,8.37E-06,8.29E-06,8.35E-06,8.31E-06,7.68E-06,7.76E-06,7.92E-06,7.88E-06,7.39E-06,7.99E-06,4.666666667,C1,C1,B1,B2
alliance,NOUN,1.53E-05,1.52E-05,1.53E-05,1.41E-05,1.42E-05,1.37E-05,1.39E-05,1.47E-05,1.39E-05,1.45E-05,4.666666667,C1,B2,B1,B1
allocate,VERB,3.76E-06,3.99E-06,4.03E-06,3.73E-06,3.44E-06,3.74E-06,3.53E-06,3.33E-06,2.53E-06,3.56E-06,4.333333333,B2,C2,B1,B2
allocation,NOUN,1.57E-05,1.62E-05,1.62E-05,1.50E-05,1.37E-05,1.53E-05,1.50E-05,1.38E-05,1.01E-05,1.46E-05,4,B2,B2,B2,B1
allow,VERB,9.39E-05,9.52E-05,9.81E-05,9.79E-05,9.41E-05,9.43E-05,9.35E-05,9.18E-05,8.66E-05,9.39E-05,2.666666667,B1,A2,B1,A1
allowance,NOUN,7.14E-06,6.78E-06,6.44E-06,6.33E-06,6.96E-06,6.72E-06,6.99E-06,6.81E-06,8.70E-06,6.99E-06,4.333333333,B2,C1,B1,A1
ally,NOUN,5.41E-06,5.45E-06,5.44E-06,5.35E-06,5.62E-06,5.45E-06,5.54E-06,5.87E-06,6.07E-06,5.58E-06,4.333333333,B2,C1,B1,A1
almost,ADV,0.000187325,0.000185426,0.000185373,0.000186596,0.000192131,0.000188092,0.000190558,0.000200649,0.000227488,0.000193737,2,A2,A1,A2,A2
alone,ADJ,3.95E-06,4.04E-06,4.23E-06,4.50E-06,4.40E-06,4.26E-06,4.38E-06,4.39E-06,4.24E-06,4.26E-06,1.666666667,A2,C2,B1,B2
alone,ADV,0.000105897,0.000105894,0.000105714,0.000109811,0.000115102,0.000111905,0.000114591,0.000120357,0.000144614,0.000114876,1.666666667,A2,A1,A2,A2
along,ADP,0.000177387,0.000176688,0.000177712,0.000175188,0.000177451,0.000176821,0.000172864,0.000176504,0.000173297,0.00017599,2.333333333,A2,A1,A2,A2
along,ADV,1.40E-05,1.40E-05,1.46E-05,1.48E-05,1.60E-05,1.58E-05,1.49E-05,1.67E-05,2.01E-05,1.56E-05,2.666666667,B1,B2,A2,A2
alongside,ADP,1.19E-05,1.17E-05,1.19E-05,1.17E-05,1.22E-05,1.26E-05,1.25E-05,1.29E-05,1.11E-05,1.21E-05,2.333333333,A2,B2,A2,A2
already,ADV,0.000188513,0.000186731,0.00019078,0.00019214,0.000193236,0.000192826,0.000194761,0.000197433,0.000203415,0.000193315,2.666666667,B1,A1,A2,A2
alright,ADJ,8.58E-09,8.37E-09,1.09E-08,1.08E-08,1.12E-08,1.22E-08,1.44E-08,1.27E-08,1.08E-08,1.11E-08,1,A1,C2,B2,B2
alright,ADV,5.78E-07,6.71E-07,8.43E-07,8.81E-07,9.00E-07,1.11E-06,1.07E-06,1.00E-06,8.92E-07,8.83E-07,2.333333333,A2,C2,B1,B2
also,ADV,0.001226165,0.00121614,0.001219883,0.00119775,0.001175363,0.001193584,0.001184476,0.001152794,0.000995999,0.001173573,1.333333333,A1,A1,A1,A1
alter,VERB,1.56E-05,1.59E-05,1.58E-05,1.51E-05,1.47E-05,1.46E-05,1.46E-05,1.41E-05,1.37E-05,1.49E-05,4.333333333,B2,B2,B1,B2
alteration,NOUN,5.91E-06,5.49E-06,5.40E-06,5.22E-06,5.61E-06,5.24E-06,5.65E-06,5.34E-06,6.64E-06,5.61E-06,4.333333333,B2,C1,B1,A1
alternative,ADJ,4.32E-05,4.32E-05,4.29E-05,4.12E-05,3.98E-05,4.14E-05,4.03E-05,3.78E-05,2.90E-05,3.99E-05,4,B2,A2,B1,B1
alternative,NOUN,2.51E-05,2.49E-05,2.49E-05,2.39E-05,2.24E-05,2.29E-05,2.22E-05,2.13E-05,1.78E-05,2.28E-05,2.666666667,B1,B2,B1,B1
alternatively,ADV,2.90E-06,2.78E-06,2.84E-06,2.75E-06,2.62E-06,2.73E-06,2.68E-06,2.56E-06,1.90E-06,2.64E-06,4.333333333,B2,C2,B1,A2
altogether,ADV,1.73E-05,1.72E-05,1.62E-05,1.75E-05,1.95E-05,1.73E-05,2.01E-05,2.19E-05,3.31E-05,2.00E-05,2,A2,B2,B1,A2
always,ADV,0.00028131,0.000279074,0.000285078,0.000291609,0.000299649,0.00029888,0.00029904,0.000310047,0.000341303,0.000298443,1,A1,A1,A1,A1
am,ADV,1.32E-08,1.54E-08,1.17E-08,1.41E-08,1.44E-08,1.44E-08,1.67E-08,1.46E-08,1.99E-08,1.49E-08,1,A1,C2,B1,B2
amazement,NOUN,3.35E-06,3.30E-06,3.38E-06,3.57E-06,4.18E-06,3.91E-06,3.93E-06,4.58E-06,6.22E-06,4.05E-06,3.333333333,B1,C1,B1,C1
amazing,ADJ,9.32E-06,9.52E-06,1.03E-05,1.08E-05,1.15E-05,1.22E-05,1.21E-05,1.26E-05,1.17E-05,1.11E-05,2.333333333,A2,C1,B1,B2
ambition,NOUN,7.95E-06,7.82E-06,7.31E-06,8.28E-06,9.00E-06,8.59E-06,9.60E-06,1.05E-05,1.44E-05,9.28E-06,3.333333333,B1,C1,B1,A1
ambitious,ADJ,9.48E-06,9.14E-06,9.02E-06,9.07E-06,9.28E-06,9.14E-06,9.40E-06,9.66E-06,1.01E-05,9.36E-06,3.333333333,B1,C1,B1,B2
ambulance,NOUN,3.62E-06,3.87E-06,4.25E-06,4.04E-06,4.09E-06,4.36E-06,4.01E-06,3.92E-06,3.77E-06,3.99E-06,1,A1,C2,B1,C1
amendment,NOUN,1.17E-05,1.21E-05,1.08E-05,1.05E-05,9.98E-06,9.57E-06,1.07E-05,9.56E-06,1.04E-05,1.06E-05,5,C1,C1,B2,A1
among,ADP,0.000264917,0.000266434,0.00025523,0.000258758,0.000263442,0.000259685,0.000267037,0.000266735,0.000283542,0.000265087,2.666666667,B1,A1,A2,A2
amount,NOUN,0.000125913,0.000129911,0.000125003,0.000122014,0.000123315,0.000125886,0.000123091,0.000122673,0.000119581,0.000124154,3,B1,A1,A2,A2
amount,VERB,3.69E-06,3.63E-06,3.57E-06,3.58E-06,3.46E-06,3.47E-06,3.53E-06,3.66E-06,4.24E-06,3.65E-06,3.333333333,B1,C2,B1,B2
an,DET,0.002761101,0.002765839,0.002765907,0.002734439,0.00272407,0.002717198,0.002702543,0.00270636,0.002641027,0.002724276,1,A1,A1,A1,B1
analogous,ADJ,9.30E-06,8.98E-06,8.94E-06,8.68E-06,8.29E-06,8.15E-06,8.22E-06,8.01E-06,7.46E-06,8.45E-06,4.666666667,C1,C1,B1,B2
analysis,NOUN,0.000196425,0.000194569,0.000192062,0.000189981,0.000184942,0.000196707,0.0001925,0.000183108,0.00014067,0.000185663,2.666666667,B1,A1,B1,A2
analyst,NOUN,7.58E-06,8.04E-06,7.21E-06,7.49E-06,7.73E-06,7.89E-06,6.20E-06,6.67E-06,5.29E-06,7.12E-06,4,B2,C1,A2,A1
ancient,ADJ,5.57E-05,5.32E-05,5.23E-05,5.74E-05,5.71E-05,5.36E-05,5.76E-05,5.82E-05,6.62E-05,5.68E-05,4,B2,A2,B1,A1
and,CONJ,0.022846697,0.022855763,0.022775328,0.022947659,0.023191655,0.02318223,0.023358212,0.023500155,0.024140848,0.023199839,1,A1,A1,A1,B1
angel,NOUN,9.02E-06,8.83E-06,9.26E-06,1.08E-05,1.15E-05,1.10E-05,1.14E-05,1.21E-05,1.54E-05,1.10E-05,2.666666667,B1,C1,B1,A1
anger,NOUN,3.10E-05,3.09E-05,3.19E-05,3.22E-05,3.30E-05,3.24E-05,3.30E-05,3.26E-05,3.34E-05,3.23E-05,1.333333333,A1,A1,B1,A2
angle,NOUN,3.38E-05,3.58E-05,3.44E-05,3.38E-05,3.44E-05,3.19E-05,3.22E-05,3.22E-05,3.18E-05,3.34E-05,3.333333333,B1,A1,B1,A2
angry,ADJ,2.59E-05,2.58E-05,2.68E-05,2.70E-05,2.84E-05,2.81E-05,2.79E-05,2.89E-05,3.28E-05,2.80E-05,1.333333333,A1,B2,A2,B1
animal,NOUN,3.43E-05,3.30E-05,3.22E-05,3.26E-05,3.35E-05,3.27E-05,3.41E-05,3.57E-05,4.01E-05,3.43E-05,1.666666667,A2,A2,B1,A2
ankle,NOUN,4.65E-06,4.60E-06,4.96E-06,4.46E-06,4.71E-06,5.25E-06,4.54E-06,4.58E-06,4.40E-06,4.68E-06,1.333333333,A1,C2,B1,C1
anniversary,NOUN,6.45E-06,6.27E-06,6.12E-06,6.12E-06,6.16E-06,6.39E-06,6.32E-06,6.23E-06,5.60E-06,6.19E-06,3,B1,C1,B1,A1
annual,ADJ,4.70E-05,4.90E-05,4.64E-05,4.53E-05,4.41E-05,4.49E-05,4.36E-05,4.32E-05,3.86E-05,4.47E-05,2.666666667,B1,A2,B1,A1
another,DET,0.000390128,0.000391891,0.000395627,0.000401699,0.000403727,0.000397421,0.000398431,0.00040488,0.000422458,0.000400696,2.333333333,A2,A1,A1,A1
answer,NOUN,6.93E-05,7.10E-05,7.32E-05,7.43E-05,7.99E-05,7.29E-05,7.22E-05,7.37E-05,8.08E-05,7.41E-05,1,A1,A1,A1,A2
answer,VERB,3.61E-05,3.66E-05,3.70E-05,3.90E-05,3.93E-05,3.90E-05,3.88E-05,4.02E-05,4.61E-05,3.91E-05,1.333333333,A1,A2,A2,A1
anticipate,VERB,6.70E-06,6.84E-06,6.62E-06,6.61E-06,6.52E-06,6.56E-06,6.67E-06,6.48E-06,6.52E-06,6.61E-06,4,B2,C1,B1,B2
anxiety,NOUN,3.12E-05,3.16E-05,3.10E-05,3.09E-05,3.41E-05,3.35E-05,3.33E-05,3.35E-05,3.43E-05,3.26E-05,3.666666667,B2,A1,A2,A2
anxious,ADJ,1.58E-05,1.62E-05,1.56E-05,1.63E-05,1.88E-05,1.74E-05,1.88E-05,2.12E-05,3.05E-05,1.90E-05,3.333333333,B1,B2,B1,B1
any,ADV,9.40E-07,9.17E-07,9.39E-07,1.00E-06,1.10E-06,1.04E-06,1.06E-06,1.17E-06,1.51E-06,1.08E-06,1.666666667,A2,C2,B1,A2
any,DET,0.000821084,0.000827766,0.00082473,0.000843212,0.00084176,0.000823659,0.000842258,0.000854484,0.000988498,0.000851939,2.333333333,A2,A1,A1,B1
anyway,ADV,2.27E-05,2.26E-05,2.49E-05,2.47E-05,2.42E-05,2.52E-05,2.34E-05,2.32E-05,2.10E-05,2.35E-05,2.333333333,A2,B2,A2,B1
anywhere,ADV,2.16E-05,2.18E-05,2.28E-05,2.29E-05,2.29E-05,2.27E-05,2.19E-05,2.27E-05,2.30E-05,2.25E-05,2.666666667,B1,B2,A2,B1
apart,ADV,4.00E-05,3.88E-05,3.91E-05,3.94E-05,3.91E-05,3.90E-05,3.91E-05,3.99E-05,4.16E-05,3.96E-05,2.333333333,A2,A1,B1,B1
apartment,NOUN,2.31E-05,2.34E-05,2.56E-05,2.57E-05,2.65E-05,2.66E-05,2.50E-05,2.53E-05,2.40E-05,2.50E-05,1,A1,B2,A2,B1
apparent,ADJ,4.40E-05,4.19E-05,4.15E-05,4.06E-05,3.98E-05,3.91E-05,3.98E-05,3.99E-05,3.82E-05,4.05E-05,4.333333333,B2,A2,B1,A1
apparently,ADV,4.02E-05,3.91E-05,3.77E-05,3.78E-05,3.88E-05,3.71E-05,3.78E-05,3.93E-05,4.07E-05,3.87E-05,3.666666667,B2,A2,B1,B1
appeal,NOUN,3.10E-05,2.94E-05,2.89E-05,2.68E-05,2.72E-05,2.77E-05,2.76E-05,2.80E-05,2.83E-05,2.83E-05,3,B1,A2,B1,A2
appeal,VERB,9.40E-06,9.30E-06,9.08E-06,8.92E-06,9.08E-06,9.01E-06,9.24E-06,9.32E-06,1.01E-05,9.27E-06,4.333333333,B2,C1,B1,B1
appear,VERB,0.000106165,0.000105195,0.000104347,0.000104251,0.000102274,9.75E-05,9.89E-05,9.90E-05,0.000100229,0.000101993,3,B1,A1,B1,A1
appearance,NOUN,4.99E-05,4.93E-05,4.84E-05,4.86E-05,5.19E-05,4.90E-05,5.12E-05,5.48E-05,6.57E-05,5.21E-05,3.333333333,B1,A1,A2,A2
apple,NOUN,7.47E-06,7.31E-06,7.54E-06,7.75E-06,7.85E-06,7.72E-06,7.50E-06,7.65E-06,8.62E-06,7.71E-06,1,A1,C1,B1,A1
application,NOUN,0.000104425,0.000111487,0.000128175,0.00012872,0.000108365,0.000105736,0.00010389,0.000100623,8.88E-05,0.000108909,3.333333333,B1,A1,A2,A2
apply,VERB,6.47E-05,6.82E-05,6.88E-05,6.72E-05,6.51E-05,6.55E-05,6.40E-05,6.21E-05,5.61E-05,6.46E-05,2.666666667,B1,A2,B1,A1
appoint,VERB,5.19E-06,5.39E-06,5.05E-06,5.08E-06,4.95E-06,5.04E-06,5.28E-06,4.99E-06,6.70E-06,5.30E-06,3.333333333,B1,C1,B1,B2
appointment,NOUN,1.94E-05,1.96E-05,1.93E-05,1.89E-05,1.87E-05,1.92E-05,1.95E-05,1.87E-05,2.07E-05,1.93E-05,3,B1,B2,B1,B1
appraise,VERB,7.67E-07,7.63E-07,7.36E-07,7.56E-07,7.35E-07,7.79E-07,7.47E-07,7.32E-07,6.43E-07,7.40E-07,4.333333333,B2,C2,B1,C1
appreciate,VERB,1.84E-05,1.83E-05,1.92E-05,1.92E-05,1.92E-05,1.95E-05,1.91E-05,1.90E-05,1.87E-05,1.90E-05,3,B1,B2,B1,B1
appreciation,NOUN,1.53E-05,1.47E-05,1.51E-05,1.47E-05,1.49E-05,1.52E-05,1.52E-05,1.53E-05,1.50E-05,1.50E-05,4.333333333,B2,B2,B1,B1
approach,NOUN,0.000156925,0.000157797,0.000158396,0.000155725,0.000154272,0.0001652,0.000158959,0.00015219,0.00012125,0.000153413,3.666666667,B2,A1,B1,A2
approach,VERB,1.60E-05,1.60E-05,1.59E-05,1.63E-05,1.65E-05,1.64E-05,1.65E-05,1.67E-05,1.68E-05,1.63E-05,3.666666667,B2,B2,B1,B2
appropriate,ADJ,0.000112094,0.000113073,0.000112645,0.000110503,0.000105421,0.000106393,0.000101212,9.45E-05,7.50E-05,0.000103431,4.333333333,B2,A2,A2,A2
approval,NOUN,2.33E-05,2.43E-05,2.37E-05,2.35E-05,2.37E-05,2.35E-05,2.26E-05,2.24E-05,2.03E-05,2.30E-05,3.666666667,B2,B2,B1,B1
approve,VERB,6.66E-06,6.95E-06,6.78E-06,6.90E-06,7.01E-06,6.80E-06,6.98E-06,7.03E-06,8.04E-06,7.02E-06,3,B1,C1,B1,B2
approximately,ADV,4.44E-05,4.57E-05,4.39E-05,4.26E-05,4.12E-05,4.12E-05,4.04E-05,3.96E-05,2.96E-05,4.09E-05,3,B1,A2,B1,B1
architect,NOUN,1.15E-05,1.04E-05,1.01E-05,9.84E-06,9.25E-06,8.93E-06,9.43E-06,8.71E-06,8.28E-06,9.60E-06,1.666666667,A2,C1,B1,A1
architecture,NOUN,3.27E-05,3.08E-05,3.44E-05,3.42E-05,3.05E-05,3.17E-05,3.03E-05,2.87E-05,2.48E-05,3.09E-05,2.333333333,A2,A2,B1,A2
area,NOUN,0.000238629,0.000236628,0.000237412,0.000227892,0.000219359,0.000219745,0.000207228,0.000197219,0.000151454,0.000215063,2.666666667,B1,A1,A2,A2
argue,VERB,3.82E-05,3.69E-05,3.71E-05,3.61E-05,3.53E-05,3.67E-05,3.68E-05,3.62E-05,2.99E-05,3.59E-05,2.666666667,B1,A2,B1,A1
argue,VERB,3.82E-05,3.69E-05,3.71E-05,3.61E-05,3.53E-05,3.67E-05,3.68E-05,3.62E-05,2.99E-05,3.59E-05,2.333333333,A2,A2,B1,A1
argument,NOUN,7.63E-05,7.32E-05,7.62E-05,7.34E-05,6.95E-05,7.08E-05,7.15E-05,6.90E-05,6.46E-05,7.16E-05,3,B1,A2,B1,A2
arise,VERB,2.74E-05,2.74E-05,2.68E-05,2.70E-05,2.61E-05,2.64E-05,2.71E-05,2.56E-05,2.64E-05,2.67E-05,3.666666667,B2,B2,B1,B1
arm,NOUN,4.98E-05,5.02E-05,5.32E-05,5.40E-05,5.70E-05,5.68E-05,5.54E-05,5.89E-05,6.87E-05,5.60E-05,1,A1,A1,A1,A2
armed,ADJ,1.95E-05,1.98E-05,2.03E-05,1.92E-05,1.93E-05,1.98E-05,1.93E-05,2.00E-05,1.90E-05,1.96E-05,3.666666667,B2,B2,B1,B1
army,NOUN,5.93E-05,6.03E-05,6.03E-05,5.65E-05,6.18E-05,5.90E-05,6.48E-05,6.62E-05,8.10E-05,6.32E-05,2,A2,A1,B1,A2
around,ADP,0.000261741,0.000261262,0.000272908,0.00027252,0.000269526,0.000279123,0.000266378,0.000265031,0.000239608,0.000265344,1.666666667,A2,A1,A2,A2
around,ADV,5.17E-05,5.22E-05,5.76E-05,5.82E-05,5.74E-05,6.04E-05,5.59E-05,5.59E-05,5.17E-05,5.57E-05,2,A2,A1,A2,A1
arrange,VERB,1.00E-05,1.00E-05,9.98E-06,9.77E-06,9.96E-06,9.59E-06,9.36E-06,9.61E-06,1.04E-05,9.86E-06,3,B1,C1,B1,B1
arrangement,NOUN,2.64E-05,2.71E-05,2.54E-05,2.53E-05,2.50E-05,2.44E-05,2.51E-05,2.57E-05,2.80E-05,2.58E-05,2.666666667,B1,A2,B1,B1
arrest,NOUN,1.31E-05,1.36E-05,1.36E-05,1.35E-05,1.35E-05,1.36E-05,1.32E-05,1.34E-05,1.22E-05,1.33E-05,4,B2,C1,B1,A1
arrest,VERB,3.67E-06,3.72E-06,3.81E-06,3.85E-06,4.09E-06,3.97E-06,4.02E-06,4.16E-06,4.99E-06,4.03E-06,2.666666667,B1,C2,B1,B2
arrival,NOUN,2.44E-05,2.45E-05,2.37E-05,2.44E-05,2.62E-05,2.53E-05,2.62E-05,2.72E-05,3.13E-05,2.59E-05,4,B2,A2,B1,B1
arrive,VERB,1.99E-05,2.03E-05,2.05E-05,2.07E-05,2.07E-05,2.05E-05,2.05E-05,2.08E-05,2.14E-05,2.06E-05,1.333333333,A1,B2,B1,B1
arrow,NOUN,1.15E-05,1.25E-05,1.22E-05,1.24E-05,1.31E-05,1.13E-05,1.10E-05,1.27E-05,1.06E-05,1.19E-05,3.333333333,B1,C1,B1,A1
art,NOUN,0.000114253,0.000109523,0.000105776,0.00010855,0.000108748,0.000107856,0.000111823,0.000113242,0.000115941,0.000110635,2,A2,A1,B1,A2
article,NOUN,5.25E-05,5.17E-05,5.17E-05,5.11E-05,4.97E-05,5.00E-05,5.20E-05,5.14E-05,5.05E-05,5.12E-05,3,B1,A1,B1,A2
artificial,ADJ,1.81E-05,1.69E-05,1.68E-05,1.62E-05,1.67E-05,1.66E-05,1.65E-05,1.67E-05,1.76E-05,1.69E-05,3.666666667,B2,B2,B1,B1
artist,NOUN,3.17E-05,3.05E-05,2.95E-05,2.95E-05,3.06E-05,3.02E-05,3.07E-05,3.07E-05,2.99E-05,3.04E-05,1.666666667,A2,A2,B1,A2
artistic,ADJ,1.91E-05,1.82E-05,1.78E-05,1.72E-05,1.79E-05,1.78E-05,1.82E-05,1.89E-05,1.70E-05,1.80E-05,3,B1,C1,B1,B1
as,ADP,0.004679379,0.004650823,0.00462692,0.004662877,0.004701817,0.004683287,0.00476362,0.004811682,0.004982948,0.004729261,2,A2,A1,A1,B1
as,ADV,0.000684723,0.000682553,0.00067825,0.000685638,0.00069442,0.00068801,0.000700525,0.000712938,0.000768215,0.000699475,2,A2,A1,A2,A1
as,CONJ,3.57E-10,8.81E-11,6.39E-10,1.47E-10,2.04E-10,0,4.57E-10,2.47E-10,9.75E-10,3.46E-10,2.333333333,A2,C2,A2,A2
as,NOUN,2.23E-07,2.30E-07,2.20E-07,2.34E-07,2.66E-07,2.56E-07,2.70E-07,2.80E-07,2.91E-07,2.52E-07,2,A2,C2,B1,C1
aside,ADV,2.61E-05,2.61E-05,2.62E-05,2.72E-05,2.80E-05,2.75E-05,2.75E-05,2.89E-05,3.35E-05,2.79E-05,4.333333333,B2,B1,A2,B1
ask,VERB,0.000101645,0.000102735,0.000105505,0.000108524,0.000111846,0.000112444,0.000110143,0.00011339,0.000122764,0.000109889,1.333333333,A1,A2,A1,A1
asleep,ADJ,6.00E-07,6.11E-07,6.38E-07,7.04E-07,7.44E-07,7.33E-07,7.44E-07,7.97E-07,1.00E-06,7.30E-07,2.666666667,B1,C2,B1,B2
aspect,NOUN,4.70E-05,4.56E-05,4.53E-05,4.55E-05,4.53E-05,4.62E-05,4.58E-05,4.40E-05,4.03E-05,4.50E-05,4.666666667,C1,A2,B1,A2
aspiration,NOUN,5.06E-06,5.76E-06,5.21E-06,5.22E-06,5.35E-06,4.94E-06,5.40E-06,5.12E-06,4.45E-06,5.17E-06,4.666666667,C1,C1,B1,A1
assault,NOUN,1.39E-05,1.48E-05,1.44E-05,1.39E-05,1.45E-05,1.36E-05,1.41E-05,1.40E-05,1.35E-05,1.41E-05,4.666666667,C1,B2,B1,B1
assemble,VERB,3.79E-06,3.92E-06,3.87E-06,4.04E-06,4.06E-06,3.88E-06,3.96E-06,3.89E-06,4.28E-06,3.97E-06,3.333333333,B1,C2,B1,B2
assembly,NOUN,2.24E-05,2.28E-05,2.49E-05,2.46E-05,2.38E-05,2.22E-05,2.36E-05,2.21E-05,2.14E-05,2.31E-05,4,B2,B2,B1,B1
assert,VERB,1.02E-05,9.92E-06,9.65E-06,1.00E-05,9.88E-06,9.51E-06,1.04E-05,1.04E-05,1.16E-05,1.02E-05,4.333333333,B2,C1,B1,B1
assess,VERB,2.29E-05,2.35E-05,2.31E-05,2.31E-05,2.33E-05,2.46E-05,2.42E-05,2.26E-05,1.76E-05,2.28E-05,3,B1,B2,B1,B1
assessment,NOUN,6.32E-05,6.27E-05,6.12E-05,6.08E-05,6.40E-05,6.75E-05,6.57E-05,6.07E-05,4.88E-05,6.16E-05,3.333333333,B1,A1,B1,A2
asset,NOUN,1.82E-05,1.87E-05,1.85E-05,1.89E-05,1.98E-05,2.13E-05,2.10E-05,2.09E-05,1.64E-05,1.93E-05,4,B2,C1,B1,B1
assign,VERB,9.60E-06,1.03E-05,1.11E-05,1.08E-05,9.82E-06,9.30E-06,9.26E-06,9.13E-06,8.30E-06,9.74E-06,3,B1,C1,B1,B1
assignment,NOUN,1.86E-05,1.86E-05,1.97E-05,1.91E-05,1.87E-05,1.93E-05,1.87E-05,1.65E-05,1.37E-05,1.81E-05,3,B1,B2,B1,B1
assist,VERB,2.28E-05,2.33E-05,2.28E-05,2.32E-05,2.32E-05,2.36E-05,2.38E-05,2.29E-05,2.36E-05,2.32E-05,3.333333333,B1,B2,B1,B1
assistance,NOUN,4.53E-05,4.58E-05,4.41E-05,4.42E-05,4.23E-05,4.32E-05,4.38E-05,4.14E-05,4.11E-05,4.35E-05,3.666666667,B2,A1,B1,A2
assistant,ADJ,6.83E-06,6.90E-06,7.09E-06,6.60E-06,6.60E-06,6.88E-06,6.89E-06,6.75E-06,5.99E-06,6.73E-06,2.333333333,A2,C1,B1,B2
assistant,NOUN,1.00E-05,1.01E-05,1.03E-05,1.06E-05,1.07E-05,1.07E-05,1.05E-05,1.03E-05,9.37E-06,1.03E-05,2.666666667,B1,C1,B1,A1
associate,VERB,6.28E-06,6.49E-06,6.48E-06,6.50E-06,6.39E-06,6.28E-06,6.41E-06,6.41E-06,5.98E-06,6.36E-06,3.666666667,B2,C1,B1,B2
association,NOUN,4.22E-05,4.14E-05,4.13E-05,4.10E-05,3.95E-05,4.10E-05,4.01E-05,3.84E-05,3.40E-05,3.99E-05,3.666666667,B2,A2,B1,A2
assume,VERB,4.75E-05,4.74E-05,4.69E-05,4.61E-05,4.44E-05,4.61E-05,4.43E-05,4.35E-05,3.93E-05,4.51E-05,3.333333333,B1,A2,B1,A1
assumption,NOUN,3.48E-05,3.40E-05,3.33E-05,3.20E-05,3.08E-05,3.21E-05,3.11E-05,3.01E-05,2.54E-05,3.15E-05,4,B2,A2,B1,A2
assurance,NOUN,9.34E-06,9.54E-06,9.41E-06,9.97E-06,1.02E-05,1.01E-05,1.09E-05,1.08E-05,1.30E-05,1.04E-05,4.333333333,B2,C1,B1,A1
assure,VERB,1.00E-05,1.01E-05,9.79E-06,1.00E-05,1.08E-05,1.00E-05,1.06E-05,1.08E-05,1.34E-05,1.06E-05,3.666666667,B2,B2,B1,B1
at,ADP,0.003033684,0.003035806,0.003023641,0.003052314,0.003119435,0.003088477,0.003117956,0.003193708,0.003457551,0.00312473,1.333333333,A1,A1,A1,B1
atmosphere,NOUN,3.11E-05,3.03E-05,2.97E-05,2.98E-05,2.98E-05,2.93E-05,2.79E-05,3.00E-05,3.06E-05,2.98E-05,3.333333333,B1,A2,A2,A2
atom,NOUN,8.70E-06,8.33E-06,7.75E-06,8.09E-06,7.85E-06,7.36E-06,7.49E-06,8.44E-06,6.90E-06,7.88E-06,2.333333333,A2,C1,B1,A1
attach,VERB,8.11E-06,7.96E-06,7.96E-06,7.92E-06,7.77E-06,7.79E-06,7.61E-06,7.48E-06,7.25E-06,7.76E-06,3.333333333,B1,C1,B1,B2
attack,NOUN,4.60E-05,4.84E-05,5.22E-05,5.23E-05,5.30E-05,5.26E-05,5.28E-05,5.30E-05,5.24E-05,5.14E-05,2,A2,A1,A2,A2
attack,VERB,1.25E-05,1.29E-05,1.35E-05,1.35E-05,1.40E-05,1.33E-05,1.38E-05,1.42E-05,1.50E-05,1.36E-05,3,B1,B2,B1,B2
attainable,ADJ,1.73E-06,1.69E-06,1.62E-06,1.75E-06,1.67E-06,1.66E-06,1.80E-06,1.71E-06,1.93E-06,1.73E-06,4.666666667,C1,C2,B2,B2
attempt,NOUN,6.17E-05,5.93E-05,5.86E-05,5.76E-05,5.70E-05,5.66E-05,5.71E-05,5.78E-05,5.74E-05,5.81E-05,3,B1,A1,B1,A2
attempt,VERB,1.97E-05,1.96E-05,1.94E-05,1.94E-05,1.91E-05,1.85E-05,1.90E-05,1.93E-05,2.11E-05,1.95E-05,3.333333333,B1,B2,B1,B1
attend,VERB,2.40E-05,2.42E-05,2.37E-05,2.45E-05,2.55E-05,2.56E-05,2.58E-05,2.59E-05,2.84E-05,2.53E-05,3,B1,B2,A2,B1
attendance,NOUN,9.58E-06,9.94E-06,9.77E-06,9.49E-06,9.70E-06,1.01E-05,1.04E-05,1.02E-05,1.17E-05,1.01E-05,3.333333333,B1,C1,B1,A1
attention,NOUN,0.000130605,0.00012997,0.00012873,0.000130178,0.000132164,0.00013355,0.0001351,0.000134352,0.000138387,0.00013256,2.333333333,A2,A1,A2,A2
attitude,NOUN,4.58E-05,4.35E-05,4.40E-05,4.41E-05,4.32E-05,4.41E-05,4.22E-05,4.37E-05,4.06E-05,4.35E-05,3.666666667,B2,A1,A2,A2
attract,VERB,1.47E-05,1.47E-05,1.46E-05,1.43E-05,1.43E-05,1.44E-05,1.44E-05,1.42E-05,1.34E-05,1.43E-05,3,B1,B2,B1,B2
attraction,NOUN,1.17E-05,1.15E-05,1.13E-05,1.14E-05,1.12E-05,1.11E-05,1.13E-05,1.14E-05,1.19E-05,1.14E-05,2.666666667,B1,C1,B1,A1
attractive,ADJ,2.46E-05,2.39E-05,2.39E-05,2.36E-05,2.31E-05,2.32E-05,2.26E-05,2.22E-05,2.42E-05,2.35E-05,3,B1,B2,B1,B1
attribute,VERB,5.62E-06,5.71E-06,6.13E-06,5.99E-06,5.55E-06,5.33E-06,5.81E-06,5.56E-06,5.63E-06,5.71E-06,3.333333333,B1,C1,B1,B2
auction,NOUN,5.46E-06,5.65E-06,5.90E-06,5.55E-06,6.36E-06,6.49E-06,6.10E-06,6.02E-06,5.38E-06,5.88E-06,4.666666667,C1,C1,B1,A1
audience,NOUN,5.28E-05,5.01E-05,5.16E-05,5.00E-05,5.20E-05,5.19E-05,5.03E-05,5.13E-05,4.79E-05,5.09E-05,2,A2,A1,A2,A2
author,NOUN,8.20E-05,8.11E-05,8.08E-05,8.11E-05,8.12E-05,8.10E-05,8.59E-05,8.28E-05,8.20E-05,8.20E-05,2.333333333,A2,A1,B1,A2
authority,NOUN,9.74E-05,9.44E-05,9.19E-05,9.17E-05,8.87E-05,8.92E-05,9.44E-05,9.07E-05,9.76E-05,9.29E-05,4.333333333,B2,A1,B1,A2
automatic,ADJ,1.58E-05,1.63E-05,1.63E-05,1.68E-05,1.53E-05,1.57E-05,1.49E-05,1.42E-05,1.19E-05,1.52E-05,3,B1,C1,B1,B2
automatically,ADV,2.40E-05,2.59E-05,2.73E-05,2.76E-05,2.41E-05,2.32E-05,2.21E-05,2.17E-05,1.68E-05,2.36E-05,2.666666667,B1,B2,B1,B1
autumn,NOUN,1.04E-05,1.01E-05,9.77E-06,9.61E-06,1.02E-05,9.62E-06,1.02E-05,1.09E-05,1.39E-05,1.05E-05,1,A1,B2,B1,A1
availability,NOUN,2.07E-05,2.17E-05,2.16E-05,2.05E-05,1.97E-05,2.05E-05,2.03E-05,1.86E-05,1.40E-05,1.97E-05,3,B1,B2,B1,B1
available,ADJ,0.000189478,0.000196128,0.000196973,0.000195539,0.000180288,0.000182933,0.000174265,0.000168326,0.000135826,0.000179973,2.666666667,B1,A1,A2,A2
average,ADJ,7.49E-05,7.62E-05,7.35E-05,7.20E-05,7.18E-05,7.37E-05,7.16E-05,7.15E-05,6.21E-05,7.19E-05,2.666666667,B1,A2,B1,A2
average,NOUN,2.20E-05,2.22E-05,2.09E-05,2.09E-05,2.03E-05,2.10E-05,2.06E-05,2.04E-05,1.78E-05,2.07E-05,2.333333333,A2,B2,B1,B1
avoid,VERB,7.07E-05,7.13E-05,7.11E-05,7.08E-05,6.96E-05,6.99E-05,6.83E-05,6.66E-05,6.09E-05,6.88E-05,3,B1,A2,B1,A1
award,NOUN,1.44E-05,1.64E-05,1.57E-05,1.71E-05,1.41E-05,1.41E-05,1.30E-05,1.29E-05,1.10E-05,1.43E-05,3,B1,C1,B1,B1
aware,ADJ,6.18E-05,6.09E-05,6.20E-05,6.20E-05,6.24E-05,6.24E-05,6.18E-05,6.11E-05,5.88E-05,6.15E-05,3.333333333,B1,A2,A2,A2
awareness,NOUN,3.71E-05,3.57E-05,3.60E-05,3.57E-05,3.57E-05,3.64E-05,3.65E-05,3.38E-05,2.65E-05,3.48E-05,3.666666667,B2,A2,B1,A2
away,ADV,0.000252187,0.000252101,0.000259938,0.000267267,0.000282909,0.000279608,0.00027712,0.000297654,0.000349125,0.000279768,2.333333333,A2,A1,A1,A1
awful,ADJ,9.05E-06,8.93E-06,9.14E-06,9.70E-06,1.10E-05,1.04E-05,1.05E-05,1.23E-05,1.80E-05,1.10E-05,3.333333333,B1,C1,B1,B2
awkward,ADJ,7.00E-06,6.94E-06,7.04E-06,6.99E-06,7.53E-06,7.55E-06,7.54E-06,8.03E-06,9.01E-06,7.51E-06,3.666666667,B2,C1,B1,B2
baby,NOUN,5.43E-05,5.23E-05,5.20E-05,5.31E-05,5.44E-05,5.55E-05,5.02E-05,5.00E-05,4.57E-05,5.19E-05,1,A1,A1,A2,A2
back,ADJ,3.58E-05,3.62E-05,3.85E-05,3.84E-05,3.89E-05,3.95E-05,3.69E-05,3.64E-05,3.41E-05,3.72E-05,1.333333333,A1,A2,A2,B1
back,ADV,0.000394742,0.000398899,0.000429348,0.000436639,0.000442972,0.000453351,0.000436255,0.000449538,0.000467309,0.000434339,1,A1,A1,A1,A1
back,NOUN,5.70E-05,5.73E-05,6.13E-05,6.27E-05,6.39E-05,6.56E-05,6.24E-05,6.45E-05,6.82E-05,6.25E-05,2.333333333,A2,A1,A1,A2
back,VERB,5.86E-06,5.88E-06,6.19E-06,6.45E-06,6.04E-06,6.10E-06,5.82E-06,5.99E-06,5.59E-06,5.99E-06,1.666666667,A2,C1,B1,B2
background,NOUN,5.52E-05,5.60E-05,5.65E-05,5.52E-05,5.36E-05,5.35E-05,5.13E-05,5.07E-05,3.95E-05,5.24E-05,2.666666667,B1,A1,A2,A2
backwards,ADV,1.77E-06,1.76E-06,1.91E-06,1.94E-06,2.09E-06,2.03E-06,2.11E-06,2.19E-06,2.63E-06,2.05E-06,2.666666667,B1,C2,B1,A2
bad,ADJ,8.78E-05,8.70E-05,9.08E-05,9.36E-05,9.64E-05,9.78E-05,9.70E-05,9.92E-05,0.000116498,9.62E-05,1,A1,A2,A1,A2
badly,ADV,1.54E-05,1.50E-05,1.53E-05,1.53E-05,1.55E-05,1.54E-05,1.51E-05,1.60E-05,1.70E-05,1.55E-05,2,A2,B2,B1,A2
bag,NOUN,2.50E-05,2.52E-05,2.69E-05,2.75E-05,2.81E-05,2.92E-05,2.72E-05,2.78E-05,2.75E-05,2.71E-05,1,A1,A2,A2,A2
balance,NOUN,5.91E-05,5.95E-05,5.84E-05,5.77E-05,5.80E-05,5.88E-05,5.76E-05,5.59E-05,4.86E-05,5.71E-05,2.666666667,B1,A1,B1,A2
balance,VERB,6.44E-06,6.56E-06,6.60E-06,6.47E-06,6.45E-06,6.52E-06,6.44E-06,6.32E-06,5.61E-06,6.38E-06,3.666666667,B2,C1,B1,B2
balcony,NOUN,4.08E-06,3.93E-06,4.18E-06,4.21E-06,4.53E-06,4.54E-06,4.25E-06,4.46E-06,4.77E-06,4.33E-06,2.333333333,A2,C2,B1,C1
ball,NOUN,3.33E-05,3.23E-05,3.44E-05,3.54E-05,3.66E-05,3.52E-05,3.42E-05,3.47E-05,3.53E-05,3.46E-05,2,A2,A2,A2,A2
ballet,NOUN,3.74E-06,3.34E-06,3.98E-06,3.08E-06,3.21E-06,3.74E-06,3.08E-06,3.64E-06,2.62E-06,3.38E-06,2.666666667,B1,C2,B1,C1
ban,NOUN,6.32E-06,6.37E-06,6.14E-06,6.02E-06,5.82E-06,5.94E-06,5.73E-06,5.60E-06,4.78E-06,5.86E-06,2.666666667,B1,C1,B1,A1
ban,VERB,1.73E-06,1.84E-06,1.76E-06,1.70E-06,1.74E-06,1.70E-06,1.68E-06,1.63E-06,1.32E-06,1.68E-06,2.666666667,B1,C2,B1,C1
band,NOUN,3.98E-05,4.07E-05,4.04E-05,3.95E-05,4.00E-05,4.04E-05,3.92E-05,3.86E-05,3.79E-05,3.96E-05,2,A2,A1,A2,A2
bank,NOUN,5.63E-05,5.78E-05,5.32E-05,5.50E-05,5.37E-05,5.50E-05,5.16E-05,5.49E-05,5.60E-05,5.48E-05,1.666666667,A2,A1,A2,A2
banker,NOUN,3.43E-06,3.29E-06,3.19E-06,3.39E-06,3.46E-06,3.48E-06,3.41E-06,3.71E-06,4.46E-06,3.53E-06,2.333333333,A2,C2,B1,C1
banking,NOUN,1.53E-05,1.46E-05,1.38E-05,1.34E-05,1.21E-05,1.32E-05,1.22E-05,1.16E-05,9.85E-06,1.29E-05,1.666666667,A2,C1,B1,A1
bar,NOUN,4.39E-05,4.74E-05,4.85E-05,4.75E-05,4.67E-05,4.54E-05,4.30E-05,4.28E-05,4.06E-05,4.51E-05,2.666666667,B1,A2,A2,A2
bare,ADJ,1.51E-05,1.49E-05,1.49E-05,1.53E-05,1.64E-05,1.61E-05,1.62E-05,1.79E-05,2.23E-05,1.66E-05,2.666666667,B1,B2,B1,B1
barn,NOUN,7.23E-06,7.70E-06,7.98E-06,8.70E-06,8.02E-06,8.39E-06,7.64E-06,7.94E-06,8.91E-06,8.06E-06,4,B2,C1,B1,A1
barrier,NOUN,1.49E-05,1.52E-05,1.48E-05,1.49E-05,1.46E-05,1.55E-05,1.52E-05,1.44E-05,1.27E-05,1.47E-05,3.666666667,B2,B2,B1,B1
base,NOUN,7.38E-05,7.25E-05,7.55E-05,7.35E-05,6.93E-05,6.95E-05,6.65E-05,6.51E-05,5.97E-05,6.95E-05,2.666666667,B1,A1,A2,A2
base,VERB,4.35E-06,4.30E-06,4.26E-06,4.19E-06,4.01E-06,4.12E-06,3.93E-06,3.91E-06,3.48E-06,4.06E-06,4.666666667,C1,C2,B1,B2
basic,ADJ,0.000109286,0.000107958,0.000108703,0.000103995,9.76E-05,9.96E-05,9.33E-05,8.80E-05,6.63E-05,9.72E-05,1.666666667,A2,A2,A2,A2
basically,ADV,1.32E-05,1.31E-05,1.34E-05,1.28E-05,1.23E-05,1.25E-05,1.18E-05,1.13E-05,8.56E-06,1.21E-05,2.333333333,A2,C1,B1,A2
basin,NOUN,9.96E-06,9.66E-06,9.51E-06,9.05E-06,9.39E-06,9.86E-06,8.63E-06,9.07E-06,9.11E-06,9.36E-06,3.666666667,B2,C1,A2,A1
basis,NOUN,0.000136123,0.000133785,0.000131092,0.000126903,0.000120975,0.000126158,0.000121352,0.00011511,9.30E-05,0.000122724,3,B1,A1,B1,A2
basket,NOUN,9.26E-06,8.92E-06,9.17E-06,9.19E-06,9.76E-06,9.30E-06,9.17E-06,9.88E-06,1.17E-05,9.60E-06,1.666666667,A2,C1,B1,A1
bath,NOUN,1.23E-05,1.25E-05,1.21E-05,1.26E-05,1.18E-05,1.17E-05,1.14E-05,1.17E-05,1.31E-05,1.21E-05,1,A1,B2,B1,A1
bathroom,NOUN,1.20E-05,1.23E-05,1.34E-05,1.37E-05,1.33E-05,1.41E-05,1.32E-05,1.27E-05,1.01E-05,1.28E-05,1,A1,C1,B1,A1
battery,NOUN,1.04E-05,9.98E-06,1.03E-05,1.03E-05,1.07E-05,9.95E-06,9.78E-06,1.01E-05,1.23E-05,1.04E-05,1.666666667,A2,C1,B1,A1
battle,NOUN,4.37E-05,4.31E-05,4.51E-05,4.47E-05,4.87E-05,4.59E-05,4.92E-05,4.95E-05,5.86E-05,4.76E-05,2.666666667,B1,A1,B1,A2
bay,NOUN,1.05E-05,1.03E-05,1.03E-05,1.06E-05,1.10E-05,1.03E-05,1.03E-05,1.13E-05,1.42E-05,1.10E-05,2.666666667,B1,B2,A2,A1
be,VERB,0.004482946,0.004475972,0.004452998,0.004503904,0.00446687,0.004439096,0.004460023,0.004460981,0.004801957,0.004504972,1,A1,A1,A1,B1
beach,NOUN,2.15E-05,2.13E-05,2.18E-05,2.08E-05,2.10E-05,2.07E-05,1.93E-05,1.96E-05,1.99E-05,2.06E-05,1,A1,B2,A2,B1
beam,NOUN,2.21E-05,2.28E-05,2.16E-05,2.39E-05,2.16E-05,2.25E-05,2.22E-05,2.05E-05,1.85E-05,2.18E-05,4,B2,B2,B1,B1
bean,NOUN,3.33E-06,4.07E-06,5.44E-06,5.12E-06,3.80E-06,3.55E-06,3.27E-06,3.17E-06,2.80E-06,3.84E-06,2,A2,C2,B1,C1
bear,NOUN,9.42E-06,1.02E-05,9.86E-06,1.01E-05,1.01E-05,1.02E-05,9.95E-06,1.09E-05,1.28E-05,1.04E-05,1.333333333,A1,C1,B1,A1
bear,VERB,2.88E-05,2.88E-05,2.75E-05,2.94E-05,3.16E-05,2.93E-05,3.19E-05,3.42E-05,4.85E-05,3.22E-05,4,B2,A2,A2,A1
beat,NOUN,6.53E-06,6.64E-06,7.05E-06,6.84E-06,7.54E-06,7.09E-06,6.98E-06,7.42E-06,7.77E-06,7.10E-06,3,B1,C1,B1,A1
beat,VERB,1.56E-05,1.56E-05,1.62E-05,1.68E-05,1.81E-05,1.77E-05,1.72E-05,1.86E-05,2.18E-05,1.75E-05,2.666666667,B1,B2,A2,B1
beautiful,ADJ,5.46E-05,5.47E-05,5.63E-05,6.05E-05,6.53E-05,6.43E-05,6.50E-05,7.18E-05,9.40E-05,6.52E-05,1.666666667,A2,A2,A1,A2
beauty,NOUN,3.36E-05,3.35E-05,3.26E-05,3.62E-05,3.96E-05,3.78E-05,3.96E-05,4.40E-05,5.90E-05,3.96E-05,2,A2,A1,A2,A2
become,VERB,0.000268225,0.000265561,0.000264049,0.000263671,0.000262692,0.000262177,0.000261299,0.00025873,0.000251489,0.000261988,2.666666667,B1,A1,B1,A1
bed,NOUN,6.70E-05,6.69E-05,7.04E-05,7.23E-05,7.37E-05,7.50E-05,7.28E-05,7.57E-05,8.37E-05,7.31E-05,1,A1,A1,A1,A2
bedroom,NOUN,1.66E-05,1.69E-05,1.84E-05,1.87E-05,1.87E-05,1.95E-05,1.87E-05,1.86E-05,1.76E-05,1.82E-05,1,A1,B2,A2,B1
beef,NOUN,8.04E-06,8.77E-06,8.18E-06,7.78E-06,8.26E-06,7.94E-06,7.80E-06,8.07E-06,8.80E-06,8.18E-06,1.666666667,A2,C1,B1,A1
beer,NOUN,1.55E-05,1.62E-05,1.68E-05,1.73E-05,1.72E-05,1.80E-05,1.73E-05,1.67E-05,1.60E-05,1.68E-05,1.333333333,A1,C1,B1,B1
before,ADP,0.000495011,0.00049798,0.00050251,0.000519436,0.00053662,0.000526368,0.000533903,0.000554287,0.000638763,0.000533875,1.666666667,A2,A1,A1,B1
before,ADV,2.10E-05,2.12E-05,2.16E-05,2.23E-05,2.40E-05,2.30E-05,2.37E-05,2.58E-05,3.22E-05,2.39E-05,1.333333333,A1,B1,B1,B1
beg,VERB,5.21E-06,5.09E-06,4.98E-06,5.57E-06,6.87E-06,6.04E-06,6.99E-06,7.85E-06,1.29E-05,6.83E-06,2.333333333,A2,C1,A2,B2
begin,VERB,7.89E-05,7.98E-05,8.08E-05,8.01E-05,7.91E-05,7.76E-05,7.65E-05,7.61E-05,7.56E-05,7.83E-05,1.666666667,A2,A2,B1,A1
beginning,NOUN,6.19E-05,6.13E-05,6.10E-05,6.16E-05,6.10E-05,6.03E-05,6.02E-05,6.01E-05,5.83E-05,6.06E-05,1.666666667,A2,A1,B1,A2
behave,VERB,1.17E-05,1.16E-05,1.17E-05,1.15E-05,1.15E-05,1.17E-05,1.12E-05,1.13E-05,1.01E-05,1.14E-05,2.666666667,B1,C1,B1,B1
behaviour,NOUN,4.25E-05,4.01E-05,3.95E-05,3.79E-05,3.76E-05,4.15E-05,3.98E-05,3.87E-05,2.93E-05,3.85E-05,2.333333333,A2,A2,B1,A2
behind,ADP,0.000120077,0.000121303,0.000127042,0.000128382,0.000131413,0.000132861,0.000129226,0.000135286,0.000140122,0.000129524,1.333333333,A1,A1,A2,A2
behind,ADV,7.06E-06,7.15E-06,7.32E-06,7.51E-06,7.95E-06,7.81E-06,7.83E-06,8.33E-06,9.58E-06,7.84E-06,1.666666667,A2,C1,B1,B2
belief,NOUN,5.38E-05,5.26E-05,5.21E-05,5.52E-05,5.31E-05,5.22E-05,5.63E-05,5.51E-05,5.49E-05,5.39E-05,2.333333333,A2,A1,B1,A2
believe,VERB,0.000136121,0.000136659,0.000140357,0.000146543,0.000151253,0.000149028,0.00015368,0.00015802,0.000184328,0.000150665,1.666666667,A2,A1,A2,A2
bell,NOUN,1.11E-05,1.11E-05,1.10E-05,1.16E-05,1.24E-05,1.19E-05,1.19E-05,1.36E-05,1.81E-05,1.25E-05,2.333333333,A2,B2,A2,A1
belong,VERB,2.37E-05,2.30E-05,2.28E-05,2.36E-05,2.38E-05,2.34E-05,2.44E-05,2.46E-05,2.79E-05,2.41E-05,2.666666667,B1,B2,B1,B1
below,ADP,8.51E-05,8.61E-05,8.43E-05,8.35E-05,8.29E-05,8.12E-05,7.96E-05,7.99E-05,7.61E-05,8.21E-05,2.333333333,A2,A1,A2,A2
below,ADV,3.47E-05,3.46E-05,3.44E-05,3.34E-05,3.32E-05,3.29E-05,3.18E-05,3.20E-05,3.15E-05,3.32E-05,2.333333333,A2,A2,A2,B1
belt,NOUN,1.32E-05,1.29E-05,1.36E-05,1.37E-05,1.39E-05,1.35E-05,1.26E-05,1.36E-05,1.36E-05,1.34E-05,2.333333333,A2,B2,A2,B1
bench,NOUN,9.47E-06,9.84E-06,1.03E-05,1.05E-05,1.09E-05,1.12E-05,1.07E-05,1.11E-05,1.21E-05,1.07E-05,2.666666667,B1,C1,B1,A1
bend,VERB,4.65E-06,4.67E-06,4.73E-06,4.96E-06,5.03E-06,4.90E-06,4.76E-06,4.88E-06,5.72E-06,4.92E-06,2.666666667,B1,C1,B1,B2
beneath,ADP,2.83E-05,2.86E-05,2.85E-05,3.00E-05,3.18E-05,3.07E-05,3.04E-05,3.39E-05,4.26E-05,3.16E-05,2.333333333,A2,A1,A2,A2
benefit,NOUN,4.55E-05,4.88E-05,4.67E-05,4.68E-05,4.61E-05,4.71E-05,4.87E-05,4.62E-05,4.47E-05,4.67E-05,3,B1,A1,B1,A2
benefit,VERB,1.81E-05,1.85E-05,1.86E-05,1.84E-05,1.80E-05,1.88E-05,1.85E-05,1.75E-05,1.48E-05,1.79E-05,3.333333333,B1,B2,B1,B1
beside,ADP,2.86E-05,2.86E-05,2.91E-05,2.99E-05,3.22E-05,3.18E-05,3.01E-05,3.47E-05,4.32E-05,3.20E-05,1,A1,A1,A2,A2
besides,ADV,3.59E-08,3.55E-08,3.19E-08,3.51E-08,5.71E-08,3.85E-08,6.09E-08,6.19E-08,9.92E-08,5.07E-08,3.333333333,B1,C2,B1,B2
best,ADV,2.28E-05,2.24E-05,2.19E-05,2.17E-05,2.14E-05,2.13E-05,2.15E-05,2.11E-05,2.19E-05,2.18E-05,1.333333333,A1,B2,B1,B1
bet,VERB,7.22E-06,7.52E-06,8.12E-06,8.36E-06,8.49E-06,9.04E-06,8.04E-06,8.12E-06,8.30E-06,8.14E-06,3,B1,C1,A2,B2
better,ADV,6.81E-05,6.87E-05,6.97E-05,7.08E-05,7.33E-05,7.38E-05,7.42E-05,7.64E-05,8.50E-05,7.33E-05,1.666666667,A2,A1,A2,A1
between,ADP,0.000830891,0.000814021,0.000809676,0.000790292,0.00077619,0.000794025,0.000787385,0.000773558,0.000688225,0.000784918,2.666666667,B1,A1,A2,B1
beyond,ADP,0.000103231,0.000101794,0.000101793,0.000102707,0.000104426,0.000103375,0.000106657,0.000108723,0.000119702,0.000105823,3,B1,A1,A2,A2
bias,NOUN,1.81E-05,1.86E-05,1.82E-05,1.73E-05,1.77E-05,1.85E-05,1.79E-05,1.66E-05,1.43E-05,1.75E-05,2.666666667,B1,B2,B1,B1
bid,NOUN,7.94E-06,8.28E-06,7.92E-06,7.44E-06,7.37E-06,8.14E-06,6.96E-06,7.27E-06,5.84E-06,7.46E-06,4.333333333,B2,C1,B1,A1
big,ADJ,0.000109147,0.000109067,0.000114923,0.000116322,0.000117803,0.000122714,0.000114963,0.000117556,0.000114949,0.000115272,1,A1,A1,A1,A2
bike,NOUN,6.09E-06,6.04E-06,6.40E-06,6.50E-06,6.32E-06,6.60E-06,5.95E-06,6.06E-06,5.07E-06,6.11E-06,1,A1,C1,B1,A1
bill,NOUN,2.95E-05,3.00E-05,2.88E-05,2.88E-05,2.83E-05,2.74E-05,2.82E-05,2.73E-05,3.37E-05,2.91E-05,2.333333333,A2,A2,B1,A2
bill,VERB,3.51E-07,3.89E-07,3.88E-07,3.75E-07,3.91E-07,4.31E-07,3.65E-07,2.57E-07,2.10E-07,3.51E-07,3.666666667,B2,C2,B1,C1
biological,ADJ,3.40E-05,3.24E-05,3.39E-05,3.22E-05,3.26E-05,3.30E-05,3.27E-05,3.06E-05,2.35E-05,3.17E-05,3.333333333,B1,A2,B1,B1
bird,NOUN,1.94E-05,1.87E-05,1.83E-05,1.93E-05,1.98E-05,2.02E-05,2.04E-05,2.17E-05,2.90E-05,2.08E-05,1.333333333,A1,B2,A2,B1
birth,NOUN,5.65E-05,5.42E-05,5.31E-05,5.59E-05,5.57E-05,5.57E-05,5.48E-05,5.19E-05,5.05E-05,5.43E-05,2.333333333,A2,A1,A2,A2
birthday,NOUN,1.16E-05,1.16E-05,1.22E-05,1.21E-05,1.25E-05,1.30E-05,1.24E-05,1.24E-05,1.13E-05,1.21E-05,1,A1,C1,B1,A1
biscuit,NOUN,1.30E-06,1.14E-06,1.07E-06,1.10E-06,1.26E-06,1.16E-06,1.23E-06,1.43E-06,1.87E-06,1.28E-06,2,A2,C2,B1,C1
bit,NOUN,5.94E-05,6.02E-05,6.57E-05,6.57E-05,6.63E-05,6.74E-05,6.43E-05,6.75E-05,6.74E-05,6.49E-05,2,A2,A2,A2,A2
bite,VERB,3.33E-06,3.24E-06,3.33E-06,3.44E-06,3.57E-06,3.66E-06,3.51E-06,3.72E-06,4.10E-06,3.55E-06,1.666666667,A2,C2,B1,B2
bitter,ADJ,1.39E-05,1.36E-05,1.35E-05,1.36E-05,1.52E-05,1.40E-05,1.45E-05,1.63E-05,2.15E-05,1.51E-05,3.333333333,B1,B2,B1,B2
black,ADJ,0.000161631,0.000162182,0.000159182,0.000161607,0.000164035,0.000164552,0.000154255,0.000159856,0.000159519,0.000160758,1,A1,A1,A1,A2
black,NOUN,3.06E-07,2.97E-07,2.82E-07,3.12E-07,3.35E-07,3.01E-07,2.84E-07,3.48E-07,4.30E-07,3.22E-07,1,A1,C2,B1,C1
blade,NOUN,9.39E-06,1.02E-05,9.92E-06,1.06E-05,9.99E-06,1.02E-05,1.02E-05,1.03E-05,9.92E-06,1.01E-05,2.333333333,A2,C1,B1,A1
blame,VERB,1.12E-05,1.12E-05,1.14E-05,1.17E-05,1.24E-05,1.21E-05,1.24E-05,1.29E-05,1.45E-05,1.22E-05,2.666666667,B1,B2,B1,B1
blank,ADJ,1.31E-05,1.39E-05,1.41E-05,1.41E-05,1.41E-05,1.38E-05,1.38E-05,1.54E-05,1.52E-05,1.42E-05,1,A1,B2,B1,B2
blanket,NOUN,8.87E-06,9.01E-06,9.26E-06,9.32E-06,9.28E-06,9.54E-06,9.03E-06,9.21E-06,9.17E-06,9.19E-06,1.666666667,A2,C1,B1,A1
blend,NOUN,4.55E-06,4.59E-06,4.84E-06,4.96E-06,4.40E-06,4.75E-06,4.43E-06,4.24E-06,3.27E-06,4.45E-06,3.333333333,B1,C2,B1,C1
blind,ADJ,2.11E-05,2.09E-05,2.08E-05,2.13E-05,2.28E-05,2.21E-05,2.29E-05,2.38E-05,2.64E-05,2.25E-05,2.333333333,A2,B2,B1,B1
block,NOUN,3.79E-05,3.88E-05,4.26E-05,4.07E-05,3.88E-05,3.80E-05,3.61E-05,3.44E-05,3.00E-05,3.75E-05,3,B1,A2,A2,A2
block,VERB,7.27E-06,7.32E-06,7.89E-06,7.79E-06,7.51E-06,7.50E-06,7.07E-06,6.82E-06,5.49E-06,7.19E-06,3,B1,C1,B1,B2
blood,NOUN,0.000126049,0.000124211,0.000127197,0.000124311,0.000132816,0.000134164,0.000128711,0.000125929,0.000126523,0.000127768,1.333333333,A1,A1,A1,A2
bloody,ADJ,1.04E-05,1.02E-05,1.04E-05,1.06E-05,1.14E-05,1.12E-05,1.14E-05,1.17E-05,1.26E-05,1.11E-05,3,B1,B2,B1,B2
blow,NOUN,1.07E-05,1.08E-05,1.07E-05,1.12E-05,1.28E-05,1.18E-05,1.26E-05,1.45E-05,2.00E-05,1.28E-05,3,B1,B2,B1,A1
blow,VERB,6.42E-06,6.53E-06,6.72E-06,7.01E-06,7.17E-06,7.12E-06,6.83E-06,7.31E-06,8.31E-06,7.05E-06,1.666666667,A2,C1,B1,B2
blue,ADJ,5.96E-05,5.91E-05,6.14E-05,6.06E-05,6.38E-05,6.23E-05,5.94E-05,6.40E-05,7.12E-05,6.24E-05,1,A1,A2,A1,A2
blue,NOUN,2.41E-06,2.31E-06,2.38E-06,2.40E-06,2.55E-06,2.45E-06,2.34E-06,2.65E-06,3.06E-06,2.51E-06,1,A1,C2,B1,C1
board,NOUN,5.62E-05,6.16E-05,5.68E-05,5.94E-05,6.04E-05,6.32E-05,5.94E-05,6.27E-05,6.96E-05,6.10E-05,2.666666667,B1,A1,A2,A2
boat,NOUN,3.28E-05,3.45E-05,3.39E-05,3.51E-05,3.91E-05,3.57E-05,3.51E-05,4.04E-05,5.23E-05,3.77E-05,1.333333333,A1,A1,A1,A2
body,NOUN,0.000251951,0.000246424,0.000253197,0.000262622,0.000260226,0.00025867,0.00026112,0.000253254,0.000261323,0.000256532,1.333333333,A1,A1,A1,A2
bold,ADJ,1.11E-05,1.13E-05,1.13E-05,1.17E-05,1.30E-05,1.17E-05,1.28E-05,1.35E-05,1.83E-05,1.27E-05,2.666666667,B1,B2,B1,B2
bomb,NOUN,1.08E-05,1.07E-05,1.12E-05,1.12E-05,1.09E-05,1.17E-05,1.08E-05,1.10E-05,9.08E-06,1.08E-05,1.333333333,A1,C1,B1,A1
bond,NOUN,2.78E-05,3.01E-05,2.80E-05,2.63E-05,2.68E-05,2.74E-05,2.66E-05,2.61E-05,2.31E-05,2.69E-05,3.333333333,B1,B2,B1,A2
bone,NOUN,4.41E-05,4.05E-05,4.18E-05,4.03E-05,4.09E-05,4.26E-05,3.94E-05,3.80E-05,3.35E-05,4.01E-05,2.333333333,A2,A2,A2,A2
bonus,NOUN,4.68E-06,5.71E-06,5.50E-06,5.44E-06,5.43E-06,5.57E-06,5.17E-06,5.04E-06,4.32E-06,5.21E-06,3,B1,C1,B1,A1
book,NOUN,0.000230922,0.000230348,0.000236886,0.000238147,0.000236005,0.000237729,0.000239152,0.000235611,0.000227006,0.000234645,1.333333333,A1,A1,A2,A2
boost,VERB,3.04E-06,3.16E-06,3.27E-06,3.24E-06,3.20E-06,3.22E-06,3.24E-06,3.04E-06,2.40E-06,3.09E-06,3.666666667,B2,C2,B1,B2
boot,NOUN,6.06E-06,6.16E-06,6.36E-06,7.40E-06,6.00E-06,5.51E-06,5.28E-06,5.33E-06,5.13E-06,5.91E-06,1.333333333,A1,C1,B1,A1
border,NOUN,3.13E-05,3.16E-05,3.19E-05,3.05E-05,3.02E-05,3.03E-05,2.95E-05,2.87E-05,2.66E-05,3.01E-05,2.666666667,B1,A2,B1,A2
boring,ADJ,2.12E-06,2.14E-06,2.22E-06,2.19E-06,2.18E-06,2.23E-06,2.13E-06,2.09E-06,1.80E-06,2.12E-06,1.333333333,A1,C2,B1,B2
born,VERB,7.00E-05,6.80E-05,6.62E-05,6.98E-05,6.75E-05,6.94E-05,7.06E-05,7.01E-05,7.57E-05,6.97E-05,1,A1,A2,B1,A1
borrow,VERB,6.88E-06,7.05E-06,6.94E-06,7.00E-06,6.91E-06,7.17E-06,6.99E-06,7.17E-06,7.49E-06,7.07E-06,2.333333333,A2,C1,B1,B2
boss,NOUN,1.24E-05,1.28E-05,1.36E-05,1.39E-05,1.41E-05,1.46E-05,1.38E-05,1.37E-05,1.24E-05,1.35E-05,1.666666667,A2,B2,B1,B1
both,DET,0.000559621,0.000552305,0.00055084,0.000543295,0.000539925,0.000544072,0.000544965,0.000533867,0.00049629,0.000540575,1.666666667,A2,A1,A1,B1
bother,VERB,8.94E-06,8.85E-06,9.55E-06,9.53E-06,9.40E-06,9.72E-06,9.03E-06,9.02E-06,8.55E-06,9.18E-06,4,B2,C1,B1,B1
bottle,NOUN,1.85E-05,1.82E-05,1.90E-05,1.95E-05,2.00E-05,2.02E-05,1.91E-05,1.97E-05,2.14E-05,1.95E-05,1.666666667,A2,B2,A2,B1
bottom,ADJ,1.88E-05,1.96E-05,2.02E-05,1.99E-05,1.94E-05,1.99E-05,1.92E-05,1.86E-05,1.55E-05,1.90E-05,2,A2,B2,B1,B1
bottom,NOUN,3.70E-05,3.81E-05,3.85E-05,3.92E-05,3.93E-05,3.79E-05,3.69E-05,3.96E-05,4.27E-05,3.88E-05,1.333333333,A1,A1,A2,A2
bound,ADJ,1.10E-05,1.12E-05,1.11E-05,1.06E-05,1.11E-05,1.13E-05,1.10E-05,1.06E-05,1.01E-05,1.09E-05,3.666666667,B2,C1,B1,B2
bound,VERB,3.44E-05,3.40E-05,3.37E-05,3.43E-05,3.57E-05,3.43E-05,3.66E-05,3.78E-05,4.56E-05,3.63E-05,3.666666667,B2,A2,B1,A1
boundary,NOUN,2.84E-05,2.95E-05,2.85E-05,2.76E-05,2.63E-05,2.73E-05,2.60E-05,2.41E-05,2.00E-05,2.64E-05,4,B2,B2,B1,B1
bowl,NOUN,1.53E-05,1.56E-05,1.53E-05,1.63E-05,1.61E-05,1.59E-05,1.50E-05,1.47E-05,1.33E-05,1.53E-05,1.333333333,A1,B2,A2,B1
box,NOUN,8.10E-05,9.63E-05,9.28E-05,9.28E-05,8.77E-05,7.51E-05,7.21E-05,8.13E-05,6.92E-05,8.31E-05,1,A1,A2,A2,A2
boy,NOUN,6.50E-05,6.54E-05,6.56E-05,6.90E-05,7.51E-05,7.52E-05,7.21E-05,8.17E-05,0.000106129,7.50E-05,1,A1,A2,A1,A2
brain,NOUN,6.03E-05,6.05E-05,6.23E-05,6.21E-05,6.47E-05,6.64E-05,6.78E-05,6.40E-05,6.32E-05,6.35E-05,2,A2,A1,B1,A2
branch,NOUN,2.79E-05,2.71E-05,2.68E-05,2.66E-05,2.62E-05,2.67E-05,2.65E-05,2.61E-05,2.81E-05,2.69E-05,4,B2,A2,B1,A2
brand,NOUN,1.60E-05,1.68E-05,1.83E-05,2.01E-05,1.99E-05,2.00E-05,2.02E-05,2.07E-05,1.91E-05,1.90E-05,3,B1,B2,B1,B1
brass,NOUN,5.67E-06,5.55E-06,5.34E-06,5.73E-06,5.85E-06,5.45E-06,5.52E-06,6.15E-06,8.20E-06,5.94E-06,2.666666667,B1,C1,B1,A1
brave,ADJ,8.33E-06,8.70E-06,8.42E-06,9.03E-06,1.12E-05,1.01E-05,1.10E-05,1.30E-05,2.06E-05,1.11E-05,2,A2,C1,B1,B2
bravely,ADV,1.51E-06,1.55E-06,1.48E-06,1.60E-06,2.03E-06,1.85E-06,1.94E-06,2.42E-06,3.95E-06,2.04E-06,2.666666667,B1,C2,B1,A2
bread,NOUN,2.37E-05,2.37E-05,2.27E-05,2.44E-05,2.56E-05,2.42E-05,2.53E-05,2.61E-05,3.29E-05,2.54E-05,2.333333333,A2,A2,B1,B1
break,NOUN,1.73E-05,1.75E-05,1.82E-05,1.84E-05,1.82E-05,1.85E-05,1.80E-05,1.79E-05,1.59E-05,1.78E-05,1.666666667,A2,B2,B1,B1
break,VERB,3.61E-05,3.64E-05,3.72E-05,3.75E-05,3.86E-05,3.79E-05,3.75E-05,3.92E-05,4.34E-05,3.82E-05,1.333333333,A1,A2,A2,A1
breakdown,NOUN,1.15E-05,1.12E-05,1.05E-05,1.03E-05,1.01E-05,1.03E-05,9.83E-06,9.36E-06,7.16E-06,1.00E-05,4,B2,C1,B1,A1
breakfast,NOUN,1.85E-05,1.89E-05,1.93E-05,1.88E-05,2.07E-05,2.06E-05,1.98E-05,2.15E-05,2.68E-05,2.05E-05,1,A1,B2,A2,B1
breast,NOUN,2.74E-05,2.83E-05,2.82E-05,2.72E-05,3.10E-05,2.98E-05,3.03E-05,2.78E-05,3.25E-05,2.92E-05,1.666666667,A2,A2,B1,A2
breath,NOUN,3.59E-05,3.64E-05,3.87E-05,3.92E-05,4.16E-05,4.20E-05,4.11E-05,4.28E-05,4.95E-05,4.08E-05,2,A2,A1,A2,A2
breathe,VERB,8.36E-06,8.24E-06,8.97E-06,9.35E-06,9.48E-06,9.55E-06,9.42E-06,9.73E-06,1.12E-05,9.37E-06,2.333333333,A2,C1,A2,B1
breed,NOUN,4.84E-06,4.26E-06,4.20E-06,4.39E-06,4.46E-06,5.02E-06,4.53E-06,5.28E-06,5.69E-06,4.74E-06,3.333333333,B1,C1,B1,C1
breed,VERB,2.19E-06,2.04E-06,1.93E-06,2.01E-06,2.04E-06,2.15E-06,2.05E-06,2.21E-06,2.53E-06,2.13E-06,3.666666667,B2,C2,B1,B2
breeze,NOUN,6.86E-06,6.92E-06,7.51E-06,7.60E-06,8.55E-06,8.17E-06,7.87E-06,8.99E-06,1.19E-05,8.27E-06,4,B2,C1,A2,A1
bribe,NOUN,1.21E-06,1.26E-06,1.16E-06,1.20E-06,1.27E-06,1.28E-06,1.27E-06,1.30E-06,1.58E-06,1.28E-06,4,B2,C2,B1,C1
brick,NOUN,1.12E-05,1.13E-05,1.17E-05,1.12E-05,1.11E-05,1.12E-05,1.09E-05,1.18E-05,1.27E-05,1.15E-05,2.333333333,A2,B2,B1,A1
bridge,NOUN,2.68E-05,2.77E-05,2.65E-05,2.74E-05,2.72E-05,2.63E-05,2.60E-05,2.72E-05,3.04E-05,2.73E-05,2.333333333,A2,A2,A2,A2
brief,ADJ,4.32E-05,4.25E-05,4.26E-05,4.18E-05,4.23E-05,4.18E-05,4.15E-05,4.17E-05,4.11E-05,4.20E-05,2.333333333,A2,A2,B1,A1
briefly,ADV,1.93E-05,1.90E-05,1.90E-05,1.89E-05,1.84E-05,1.86E-05,1.82E-05,1.78E-05,1.67E-05,1.84E-05,3,B1,B2,B1,A2
bright,ADJ,3.07E-05,3.05E-05,3.07E-05,3.20E-05,3.44E-05,3.32E-05,3.24E-05,3.65E-05,4.93E-05,3.44E-05,2.333333333,A2,A2,A1,A1
brilliant,ADJ,1.38E-05,1.35E-05,1.34E-05,1.40E-05,1.54E-05,1.48E-05,1.54E-05,1.72E-05,2.23E-05,1.55E-05,3,B1,B2,B1,B2
bring,VERB,9.98E-05,9.94E-05,0.000100356,0.000104725,0.00010659,0.000105692,0.000106947,0.000109285,0.000121694,0.000106062,2.666666667,B1,A2,A2,A1
broad,ADJ,4.80E-05,4.78E-05,4.69E-05,4.67E-05,4.73E-05,4.68E-05,4.67E-05,4.85E-05,5.10E-05,4.77E-05,3,B1,A2,A2,A1
broadly,ADV,1.09E-05,1.04E-05,1.05E-05,1.03E-05,1.00E-05,1.07E-05,1.07E-05,1.06E-05,8.72E-06,1.03E-05,3.333333333,B1,C1,B1,A2
broken,ADJ,1.29E-05,1.32E-05,1.32E-05,1.36E-05,1.49E-05,1.43E-05,1.43E-05,1.59E-05,1.98E-05,1.47E-05,2,A2,B2,B1,B2
bronze,NOUN,2.67E-06,2.44E-06,2.52E-06,2.50E-06,2.68E-06,2.38E-06,2.43E-06,2.64E-06,3.04E-06,2.59E-06,3.333333333,B1,C2,B1,C1
brother,NOUN,6.35E-05,6.29E-05,6.41E-05,6.83E-05,7.31E-05,7.04E-05,7.28E-05,7.65E-05,9.44E-05,7.18E-05,1,A1,A2,A2,A2
brown,ADJ,2.97E-05,2.92E-05,2.98E-05,2.97E-05,3.15E-05,3.03E-05,2.92E-05,3.19E-05,3.64E-05,3.09E-05,1,A1,A2,A2,B1
brush,NOUN,8.76E-06,8.44E-06,8.92E-06,8.57E-06,9.19E-06,8.61E-06,7.96E-06,8.26E-06,9.01E-06,8.64E-06,2,A2,C1,A2,A1
brush,VERB,2.00E-06,1.99E-06,2.06E-06,2.15E-06,2.14E-06,2.19E-06,2.03E-06,2.11E-06,2.12E-06,2.09E-06,1.333333333,A1,C2,B1,B2
budget,NOUN,3.22E-05,3.49E-05,3.28E-05,3.26E-05,3.10E-05,3.08E-05,3.00E-05,2.86E-05,2.30E-05,3.06E-05,3.333333333,B1,A2,B1,A2
build,VERB,5.13E-05,5.34E-05,5.54E-05,5.55E-05,5.29E-05,5.42E-05,5.33E-05,5.29E-05,4.81E-05,5.30E-05,1.333333333,A1,A2,B1,A1
builder,NOUN,3.46E-06,3.96E-06,3.65E-06,3.95E-06,3.49E-06,3.31E-06,3.44E-06,3.44E-06,3.58E-06,3.59E-06,1.333333333,A1,C2,B1,C1
building,NOUN,9.32E-05,9.28E-05,9.44E-05,9.33E-05,9.10E-05,9.40E-05,8.99E-05,9.07E-05,8.28E-05,9.13E-05,1.666666667,A2,A1,A2,A2
bump,VERB,9.32E-07,9.19E-07,9.75E-07,1.03E-06,1.01E-06,1.04E-06,9.51E-07,9.61E-07,8.78E-07,9.66E-07,4.333333333,B2,C2,B1,C1
bunch,NOUN,8.02E-06,8.00E-06,8.82E-06,8.90E-06,9.14E-06,9.39E-06,8.90E-06,9.23E-06,9.26E-06,8.85E-06,3.333333333,B1,C1,B1,A1
bundle,NOUN,6.78E-06,6.88E-06,7.03E-06,6.28E-06,6.70E-06,6.85E-06,7.00E-06,6.94E-06,7.68E-06,6.91E-06,4,B2,C1,B1,A1
burden,NOUN,2.45E-05,2.44E-05,2.37E-05,2.39E-05,2.35E-05,2.41E-05,2.39E-05,2.41E-05,2.56E-05,2.42E-05,4.333333333,B2,B2,B1,B1
bureaucracy,NOUN,8.40E-06,8.29E-06,7.97E-06,7.83E-06,6.83E-06,7.04E-06,6.76E-06,6.26E-06,4.72E-06,7.12E-06,5,C1,C1,B1,A1
burglar,NOUN,7.21E-07,6.67E-07,6.66E-07,6.87E-07,8.19E-07,7.32E-07,6.58E-07,7.63E-07,9.60E-07,7.42E-07,2.333333333,A2,C2,B1,C1
burn,VERB,9.54E-06,9.74E-06,1.00E-05,1.06E-05,1.10E-05,1.07E-05,1.08E-05,1.13E-05,1.28E-05,1.07E-05,2,A2,C1,A2,B1
burst,VERB,1.01E-05,1.01E-05,1.03E-05,1.08E-05,1.23E-05,1.17E-05,1.18E-05,1.37E-05,1.83E-05,1.21E-05,4,B2,B2,A2,B1
bury,VERB,3.55E-06,3.53E-06,3.55E-06,3.83E-06,3.89E-06,3.83E-06,3.88E-06,4.08E-06,4.86E-06,3.89E-06,3.333333333,B1,C2,B1,B2
bus,NOUN,2.72E-05,2.71E-05,2.76E-05,2.72E-05,2.34E-05,2.48E-05,2.26E-05,2.29E-05,1.77E-05,2.45E-05,1,A1,B2,B1,B1
bush,NOUN,6.65E-06,6.70E-06,6.32E-06,6.32E-06,6.95E-06,6.60E-06,6.79E-06,7.31E-06,9.01E-06,6.96E-06,1.666666667,A2,C1,B1,A1
business,NOUN,0.00022169,0.000233405,0.000232922,0.000233714,0.000228762,0.000238347,0.000237502,0.00023846,0.000236045,0.000233428,1.333333333,A1,A1,A2,A2
businessman,NOUN,3.86E-06,3.86E-06,3.91E-06,3.75E-06,3.62E-06,3.70E-06,3.50E-06,3.34E-06,2.52E-06,3.56E-06,1,A1,C2,B1,C1
busy,ADJ,2.48E-05,2.49E-05,2.61E-05,2.65E-05,2.78E-05,2.78E-05,2.70E-05,2.85E-05,3.20E-05,2.73E-05,1.666666667,A2,A2,A2,B1
but,CONJ,0.001916988,0.001902779,0.001921109,0.001964796,0.002039074,0.001999871,0.002063079,0.002145542,0.002440958,0.0020438,1.333333333,A1,A1,A1,B1
butter,NOUN,1.19E-05,1.26E-05,1.22E-05,1.27E-05,1.31E-05,1.28E-05,1.26E-05,1.32E-05,1.43E-05,1.28E-05,1.666666667,A2,B2,B1,A1
button,NOUN,3.71E-05,4.81E-05,4.56E-05,4.70E-05,4.36E-05,3.12E-05,3.00E-05,3.66E-05,2.44E-05,3.82E-05,1.666666667,A2,A2,A2,A2
buy,VERB,4.89E-05,5.04E-05,5.01E-05,5.02E-05,4.98E-05,5.09E-05,4.89E-05,4.93E-05,4.71E-05,4.95E-05,1.333333333,A1,A2,A2,A1
buyer,NOUN,1.25E-05,1.52E-05,1.42E-05,1.39E-05,1.36E-05,1.38E-05,1.33E-05,1.34E-05,1.09E-05,1.34E-05,2.333333333,A2,C1,B1,B1
by,ADP,0.004131855,0.00409418,0.003987594,0.003977155,0.00396511,0.003920973,0.003995278,0.003981386,0.004140456,0.004021554,2,A2,A1,A1,B1
by,ADV,3.28E-07,3.31E-07,3.76E-07,3.84E-07,4.09E-07,4.12E-07,3.88E-07,3.96E-07,4.59E-07,3.87E-07,2.333333333,A2,C2,B1,B2
bye,ADP,6.91E-08,6.63E-08,7.79E-08,6.82E-08,7.67E-08,7.38E-08,8.20E-08,7.95E-08,1.00E-07,7.71E-08,1,A1,C2,A2,A1
cab,NOUN,4.74E-06,5.22E-06,5.51E-06,5.41E-06,5.97E-06,5.86E-06,5.61E-06,6.14E-06,6.78E-06,5.69E-06,2,A2,C1,B1,A1
cab,NOUN,4.74E-06,5.22E-06,5.51E-06,5.41E-06,5.97E-06,5.86E-06,5.61E-06,6.14E-06,6.78E-06,5.69E-06,2,A2,C1,B1,A1
cable,NOUN,2.08E-05,2.13E-05,2.42E-05,2.09E-05,1.92E-05,1.80E-05,1.50E-05,1.45E-05,1.30E-05,1.85E-05,3.666666667,B2,B2,A2,B1
cake,NOUN,9.66E-06,1.06E-05,9.43E-06,1.00E-05,1.06E-05,1.03E-05,9.84E-06,1.07E-05,1.07E-05,1.02E-05,1.666666667,A2,C1,B1,A1
calculate,VERB,1.45E-05,1.53E-05,1.51E-05,1.50E-05,1.46E-05,1.49E-05,1.43E-05,1.49E-05,1.22E-05,1.45E-05,3,B1,B2,B1,B2
calculation,NOUN,1.62E-05,1.67E-05,1.58E-05,1.65E-05,1.58E-05,1.62E-05,1.62E-05,1.58E-05,1.37E-05,1.59E-05,3.666666667,B2,B2,B1,B1
calendar,NOUN,1.11E-05,1.13E-05,1.10E-05,1.10E-05,1.10E-05,1.13E-05,1.04E-05,1.09E-05,8.85E-06,1.08E-05,2,A2,C1,B1,A1
call,NOUN,4.63E-05,4.88E-05,5.29E-05,5.16E-05,4.82E-05,5.11E-05,4.89E-05,4.80E-05,4.59E-05,4.91E-05,1.333333333,A1,A1,A2,A2
call,VERB,0.000100663,0.000101642,0.000107229,0.000109141,0.00010985,0.000108739,0.000108748,0.000110644,0.000123251,0.000108878,1.666666667,A2,A2,A2,A1
camera,NOUN,2.63E-05,2.50E-05,2.73E-05,2.99E-05,2.78E-05,3.00E-05,2.72E-05,2.76E-05,2.17E-05,2.70E-05,1,A1,B2,A2,A2
camp,NOUN,3.68E-05,3.49E-05,3.49E-05,3.37E-05,3.79E-05,3.75E-05,3.60E-05,3.81E-05,4.43E-05,3.71E-05,2,A2,A1,A2,A2
campaign,NOUN,4.68E-05,4.56E-05,4.44E-05,4.30E-05,4.58E-05,4.25E-05,4.27E-05,4.36E-05,4.03E-05,4.39E-05,3.666666667,B2,A2,A2,A2
can,NOUN,4.49E-06,4.56E-06,4.71E-06,4.68E-06,4.54E-06,4.61E-06,4.37E-06,4.28E-06,4.14E-06,4.49E-06,1,A1,C2,B1,C1
can,VERB,0.001986763,0.002015315,0.002059774,0.002061256,0.002011426,0.002007818,0.001973871,0.001961468,0.001864903,0.001993621,1.333333333,A1,A1,A1,B1
canal,NOUN,1.07E-05,1.09E-05,1.18E-05,1.15E-05,1.07E-05,1.04E-05,1.12E-05,1.11E-05,1.19E-05,1.11E-05,3,B1,C1,B1,A1
cancel,VERB,4.58E-06,4.78E-06,4.83E-06,4.78E-06,4.54E-06,4.49E-06,4.26E-06,4.15E-06,3.45E-06,4.43E-06,2,A2,C2,B1,B2
cancer,NOUN,4.92E-05,5.10E-05,5.51E-05,5.30E-05,5.33E-05,5.57E-05,5.44E-05,4.66E-05,3.71E-05,5.06E-05,1.666666667,A2,A1,B1,A2
candidate,NOUN,2.35E-05,2.40E-05,2.31E-05,2.30E-05,2.42E-05,2.29E-05,2.28E-05,2.29E-05,2.21E-05,2.32E-05,3,B1,B2,B1,B1
candle,NOUN,6.03E-06,6.39E-06,5.94E-06,6.37E-06,6.94E-06,6.22E-06,6.25E-06,7.07E-06,1.02E-05,6.82E-06,3,B1,C1,B1,A1
cap,NOUN,1.17E-05,1.21E-05,1.19E-05,1.28E-05,1.39E-05,1.31E-05,1.29E-05,1.43E-05,1.70E-05,1.33E-05,2.666666667,B1,B2,A2,A1
capability,NOUN,1.48E-05,1.54E-05,1.64E-05,1.57E-05,1.43E-05,1.48E-05,1.45E-05,1.40E-05,1.10E-05,1.45E-05,3.666666667,B2,C1,B1,B1
capable,ADJ,4.12E-05,4.05E-05,4.05E-05,4.07E-05,4.02E-05,3.96E-05,4.07E-05,4.11E-05,4.32E-05,4.08E-05,3,B1,A1,B1,A1
capacity,NOUN,7.28E-05,7.26E-05,7.21E-05,7.09E-05,6.90E-05,7.17E-05,7.24E-05,6.98E-05,6.09E-05,7.02E-05,2.666666667,B1,A1,B1,A2
capital,NOUN,0.000112288,0.000110394,0.00010877,0.000103466,9.79E-05,0.000106695,0.000101369,0.000101693,9.41E-05,0.000104077,2,A2,A1,A2,A2
capitalism,NOUN,1.78E-05,1.64E-05,1.68E-05,1.51E-05,1.44E-05,1.43E-05,1.49E-05,1.39E-05,1.08E-05,1.49E-05,3,B1,B2,B2,B1
capitalist,ADJ,1.40E-05,1.28E-05,1.26E-05,1.14E-05,1.03E-05,1.05E-05,1.09E-05,1.02E-05,8.15E-06,1.12E-05,3,B1,C1,B2,B2
capture,VERB,1.29E-05,1.33E-05,1.41E-05,1.41E-05,1.41E-05,1.45E-05,1.43E-05,1.42E-05,1.23E-05,1.38E-05,4.333333333,B2,B2,B1,B2
car,NOUN,9.37E-05,9.86E-05,0.000103896,0.000104469,0.000100831,0.00010698,9.75E-05,9.85E-05,8.48E-05,9.88E-05,1,A1,A1,A1,A2
carbon,NOUN,2.92E-05,2.93E-05,2.73E-05,2.70E-05,2.69E-05,2.86E-05,2.69E-05,2.86E-05,2.65E-05,2.78E-05,3.333333333,B1,B2,A2,A2
card,NOUN,3.50E-05,3.66E-05,3.69E-05,3.99E-05,3.60E-05,3.62E-05,3.32E-05,3.31E-05,2.96E-05,3.52E-05,1.666666667,A2,A2,A2,A2
care,NOUN,0.000162206,0.000175213,0.000160171,0.000156239,0.000160876,0.000160382,0.000164769,0.000152924,0.000146998,0.000159975,2.333333333,A2,A1,B1,A2
care,VERB,3.24E-05,3.27E-05,3.39E-05,3.47E-05,3.66E-05,3.68E-05,3.65E-05,3.88E-05,4.51E-05,3.64E-05,1,A1,A2,A2,A1
career,NOUN,5.52E-05,5.43E-05,5.26E-05,5.25E-05,5.40E-05,5.69E-05,5.67E-05,5.37E-05,4.95E-05,5.39E-05,2.333333333,A2,A1,B1,A2
careful,ADJ,3.60E-05,3.54E-05,3.61E-05,3.68E-05,3.62E-05,3.62E-05,3.57E-05,3.63E-05,3.99E-05,3.65E-05,2,A2,A2,A2,A1
carefully,ADV,4.81E-05,4.79E-05,4.77E-05,4.83E-05,4.83E-05,4.77E-05,4.67E-05,4.77E-05,5.29E-05,4.84E-05,1.333333333,A1,A1,A2,A1
cargo,NOUN,7.63E-06,8.07E-06,7.40E-06,7.92E-06,8.70E-06,7.77E-06,8.39E-06,7.79E-06,8.53E-06,8.02E-06,2.666666667,B1,C1,B1,A1
carpet,NOUN,6.47E-06,6.49E-06,7.24E-06,6.99E-06,7.24E-06,7.39E-06,6.83E-06,7.64E-06,8.15E-06,7.16E-06,2.666666667,B1,C1,B1,A1
carriage,NOUN,8.34E-06,8.17E-06,7.72E-06,8.54E-06,1.11E-05,9.32E-06,1.04E-05,1.28E-05,2.18E-05,1.09E-05,3.333333333,B1,C1,A2,A1
carrot,NOUN,2.10E-06,2.06E-06,1.99E-06,1.94E-06,1.92E-06,1.91E-06,1.79E-06,1.78E-06,1.49E-06,1.89E-06,1,A1,C2,B1,C1
carry,VERB,5.70E-05,5.69E-05,5.64E-05,5.70E-05,5.85E-05,5.75E-05,5.74E-05,5.97E-05,6.78E-05,5.87E-05,2.666666667,B1,A2,A2,A1
cart,NOUN,5.83E-06,6.08E-06,6.69E-06,6.68E-06,6.97E-06,6.69E-06,6.76E-06,7.24E-06,9.26E-06,6.91E-06,3.666666667,B2,C1,B1,A1
case,NOUN,0.00038732,0.000390344,0.000388502,0.000387771,0.000375835,0.000384073,0.000382309,0.000376356,0.000370519,0.000382559,3,B1,A1,A2,A2
cash,NOUN,4.36E-05,4.43E-05,4.51E-05,4.44E-05,4.48E-05,4.68E-05,4.40E-05,4.45E-05,3.71E-05,4.39E-05,2.666666667,B1,A2,A2,A2
casserole,NOUN,8.47E-07,1.01E-06,9.04E-07,9.87E-07,8.62E-07,8.39E-07,7.85E-07,7.62E-07,5.72E-07,8.41E-07,4.666666667,C1,C2,B1,C1
cast,ADJ,2.63E-06,2.55E-06,2.48E-06,2.85E-06,2.52E-06,2.43E-06,2.52E-06,2.49E-06,3.25E-06,2.64E-06,3,B1,C2,B1,B2
cast,VERB,2.25E-05,2.29E-05,2.25E-05,2.46E-05,2.60E-05,2.41E-05,2.59E-05,2.74E-05,3.62E-05,2.58E-05,3.333333333,B1,A2,A2,B1
castle,NOUN,1.03E-05,9.88E-06,9.42E-06,1.00E-05,1.14E-05,1.01E-05,1.13E-05,1.22E-05,1.68E-05,1.13E-05,2,A2,B2,B1,A1
casual,ADJ,9.70E-06,9.50E-06,9.33E-06,9.43E-06,9.60E-06,9.56E-06,9.30E-06,9.01E-06,8.87E-06,9.37E-06,3,B1,C1,B1,B2
casualty,NOUN,2.48E-06,2.37E-06,2.42E-06,2.25E-06,2.38E-06,2.50E-06,2.35E-06,2.29E-06,1.87E-06,2.32E-06,4.333333333,B2,C2,B1,C1
cat,NOUN,2.21E-05,2.14E-05,2.10E-05,2.11E-05,2.12E-05,2.23E-05,2.14E-05,2.20E-05,2.21E-05,2.16E-05,1,A1,B2,B1,B1
catch,VERB,2.24E-05,2.23E-05,2.41E-05,2.45E-05,2.51E-05,2.54E-05,2.45E-05,2.55E-05,2.83E-05,2.47E-05,2.333333333,A2,B2,A2,B1
category,NOUN,4.31E-05,4.26E-05,4.25E-05,4.06E-05,4.03E-05,4.12E-05,3.98E-05,3.79E-05,2.90E-05,3.97E-05,3,B1,A2,B1,A2
cater,VERB,1.96E-06,1.91E-06,1.87E-06,2.00E-06,1.83E-06,2.05E-06,2.04E-06,1.74E-06,1.40E-06,1.87E-06,2.666666667,B1,C2,B1,B2
cathedral,NOUN,6.36E-06,5.67E-06,5.25E-06,4.98E-06,5.44E-06,5.10E-06,5.27E-06,5.77E-06,6.92E-06,5.64E-06,2.666666667,B1,C1,B1,A1
cattle,NOUN,2.00E-05,1.92E-05,1.87E-05,1.80E-05,1.90E-05,1.77E-05,1.84E-05,1.91E-05,2.21E-05,1.91E-05,2.333333333,A2,B2,B1,B1
cause,NOUN,7.72E-05,7.79E-05,7.60E-05,7.97E-05,8.10E-05,7.77E-05,8.42E-05,8.24E-05,0.000100516,8.18E-05,1.333333333,A1,A1,B1,A2
cause,VERB,6.60E-05,6.64E-05,6.73E-05,6.64E-05,6.52E-05,6.47E-05,6.27E-05,6.02E-05,5.52E-05,6.38E-05,2.333333333,A2,A2,B1,A1
cave,NOUN,1.02E-05,9.94E-06,1.14E-05,1.11E-05,1.18E-05,1.12E-05,1.11E-05,1.20E-05,1.26E-05,1.13E-05,3,B1,B2,B1,A1
cease,VERB,7.69E-06,7.68E-06,7.28E-06,8.15E-06,8.42E-06,7.84E-06,8.65E-06,9.08E-06,1.29E-05,8.64E-06,4.666666667,C1,C1,B1,A2
ceiling,NOUN,1.41E-05,1.40E-05,1.44E-05,1.49E-05,1.44E-05,1.44E-05,1.36E-05,1.34E-05,1.27E-05,1.40E-05,2.333333333,A2,B2,B1,B1
celebrate,VERB,8.82E-06,8.55E-06,8.83E-06,9.05E-06,8.98E-06,9.07E-06,9.10E-06,8.75E-06,7.90E-06,8.78E-06,2.333333333,A2,C1,B1,A2
celebration,NOUN,1.19E-05,1.10E-05,1.10E-05,1.09E-05,1.10E-05,1.10E-05,1.07E-05,1.04E-05,8.95E-06,1.07E-05,2,A2,C1,B1,A1
cell,NOUN,9.36E-05,0.000103484,0.000104698,9.97E-05,0.000105402,0.000105542,0.000108371,0.000107795,7.75E-05,0.000100677,3.333333333,B1,A1,B1,A2
central,ADJ,0.000114689,0.000110701,0.000109221,0.000103743,9.91E-05,0.000100423,9.90E-05,9.57E-05,7.59E-05,0.000100934,2.333333333,A2,A1,B1,A2
centre,NOUN,3.05E-05,2.67E-05,2.63E-05,2.68E-05,2.66E-05,2.58E-05,2.76E-05,2.94E-05,3.49E-05,2.83E-05,2.666666667,B1,A2,B1,A2
centre,VERB,2.30E-06,1.93E-06,2.03E-06,2.06E-06,1.94E-06,2.00E-06,2.01E-06,1.95E-06,1.77E-06,2.00E-06,2.333333333,A2,C2,B1,B2
century,NOUN,0.000185158,0.000172278,0.000167558,0.000160655,0.000157115,0.000155034,0.000159466,0.00015453,0.000132545,0.000160482,2,A2,A1,B1,A2
ceremony,NOUN,1.56E-05,1.49E-05,1.48E-05,1.59E-05,1.61E-05,1.54E-05,1.57E-05,1.53E-05,1.68E-05,1.56E-05,3.666666667,B2,C1,B1,B1
certain,ADJ,0.000202759,0.000200198,0.000196622,0.000201301,0.000199407,0.000196345,0.000201561,0.000205565,0.000222829,0.000202954,2.666666667,B1,A1,A2,A2
certainly,ADV,7.13E-05,6.95E-05,6.98E-05,7.12E-05,7.38E-05,7.13E-05,7.44E-05,7.70E-05,8.73E-05,7.40E-05,3,B1,A2,B1,A1
certainty,NOUN,1.15E-05,1.17E-05,1.13E-05,1.18E-05,1.20E-05,1.16E-05,1.25E-05,1.29E-05,1.52E-05,1.23E-05,3.666666667,B2,B2,B1,A1
certificate,NOUN,1.30E-05,1.42E-05,1.28E-05,1.37E-05,1.29E-05,1.23E-05,1.16E-05,1.11E-05,1.17E-05,1.26E-05,3.333333333,B1,C1,B1,A1
chain,NOUN,3.48E-05,3.89E-05,3.77E-05,3.80E-05,3.87E-05,3.92E-05,3.85E-05,3.87E-05,3.45E-05,3.77E-05,3.333333333,B1,A2,B1,A2
chair,NOUN,4.07E-05,4.04E-05,4.22E-05,4.26E-05,4.55E-05,4.55E-05,4.40E-05,4.68E-05,5.49E-05,4.47E-05,1.666666667,A2,A1,A2,A2
challenge,NOUN,3.74E-05,3.82E-05,3.87E-05,3.82E-05,3.82E-05,3.98E-05,3.92E-05,3.81E-05,3.13E-05,3.77E-05,2.333333333,A2,A2,B1,A2
challenge,VERB,1.38E-05,1.37E-05,1.37E-05,1.36E-05,1.33E-05,1.38E-05,1.38E-05,1.35E-05,1.13E-05,1.34E-05,3.333333333,B1,B2,B1,B2
champagne,NOUN,3.52E-06,3.43E-06,3.55E-06,3.71E-06,4.04E-06,3.88E-06,3.70E-06,3.94E-06,4.36E-06,3.79E-06,2.666666667,B1,C2,B1,C1
champion,NOUN,5.45E-06,5.18E-06,5.32E-06,5.72E-06,5.89E-06,5.92E-06,6.11E-06,5.86E-06,6.38E-06,5.76E-06,3.333333333,B1,C1,B1,A1
championship,NOUN,2.73E-06,2.68E-06,2.86E-06,2.91E-06,3.08E-06,3.18E-06,3.11E-06,2.70E-06,2.29E-06,2.84E-06,2,A2,C2,B1,C1
chance,NOUN,6.13E-05,6.16E-05,6.29E-05,6.42E-05,6.67E-05,6.68E-05,6.53E-05,6.91E-05,7.52E-05,6.59E-05,1.666666667,A2,A2,A2,A2
change,NOUN,0.00017643,0.000180016,0.000172305,0.00017011,0.000167069,0.000170755,0.000170309,0.000166712,0.00015331,0.000169669,2.666666667,B1,A1,B1,A2
change,VERB,0.00010995,0.000113932,0.000116118,0.000115352,0.000111657,0.000110124,0.000106967,0.000106464,9.21E-05,0.000109183,1.666666667,A2,A1,B1,A1
channel,NOUN,3.24E-05,3.45E-05,3.73E-05,3.41E-05,3.62E-05,3.44E-05,3.23E-05,3.32E-05,2.68E-05,3.35E-05,3,B1,A2,A2,A2
chaos,NOUN,1.15E-05,1.09E-05,1.13E-05,1.07E-05,1.08E-05,1.11E-05,1.08E-05,1.07E-05,9.59E-06,1.08E-05,3,B1,C1,B1,A1
chapel,NOUN,7.18E-06,6.65E-06,6.24E-06,6.51E-06,6.92E-06,6.62E-06,7.00E-06,7.61E-06,1.08E-05,7.28E-06,4.333333333,B2,C1,B1,A1
chapter,NOUN,0.000146365,0.000147423,0.00015429,0.000152275,0.000147946,0.000151432,0.000150844,0.00014919,0.000124138,0.0001471,1.666666667,A2,A1,B1,A2
character,NOUN,0.000100857,9.84E-05,9.73E-05,0.000100271,0.000102348,9.76E-05,0.000107989,0.000106745,0.00013596,0.000105281,2.333333333,A2,A1,B1,A2
characteristic,ADJ,3.55E-05,3.48E-05,3.30E-05,3.22E-05,3.27E-05,3.20E-05,3.26E-05,3.21E-05,3.09E-05,3.29E-05,3,B1,A2,B1,B1
characteristic,NOUN,4.00E-06,3.89E-06,3.86E-06,3.77E-06,3.65E-06,3.70E-06,3.72E-06,3.60E-06,3.31E-06,3.72E-06,2.666666667,B1,C2,B1,C1
charge,NOUN,5.91E-05,5.76E-05,5.54E-05,5.61E-05,5.78E-05,5.66E-05,5.84E-05,5.85E-05,6.52E-05,5.83E-05,2.333333333,A2,A2,B1,A2
charge,VERB,7.74E-06,8.10E-06,7.83E-06,7.77E-06,7.84E-06,7.95E-06,7.86E-06,7.95E-06,8.80E-06,7.98E-06,2.333333333,A2,C1,B1,B2
charity,NOUN,9.36E-06,9.98E-06,9.56E-06,1.06E-05,1.06E-05,1.05E-05,1.15E-05,1.27E-05,1.63E-05,1.12E-05,2.666666667,B1,C1,B1,A1
charm,NOUN,7.33E-06,7.29E-06,7.09E-06,7.80E-06,8.67E-06,8.08E-06,8.61E-06,9.79E-06,1.40E-05,8.74E-06,3.333333333,B1,C1,B1,A1
chart,NOUN,1.90E-05,2.17E-05,1.91E-05,2.09E-05,1.93E-05,1.78E-05,1.66E-05,1.87E-05,1.37E-05,1.85E-05,2,A2,B2,B1,B1
chase,VERB,2.38E-06,2.34E-06,2.49E-06,2.55E-06,2.61E-06,2.77E-06,2.61E-06,2.69E-06,2.84E-06,2.59E-06,3,B1,C2,B1,B2
cheap,ADJ,1.36E-05,1.32E-05,1.35E-05,1.32E-05,1.34E-05,1.35E-05,1.33E-05,1.40E-05,1.50E-05,1.36E-05,1,A1,B2,B1,B2
check,NOUN,2.18E-05,2.37E-05,2.34E-05,2.43E-05,2.33E-05,2.27E-05,2.12E-05,2.21E-05,2.02E-05,2.25E-05,2,A2,B2,A2,B1
check,VERB,3.74E-05,3.99E-05,4.20E-05,4.23E-05,3.96E-05,3.89E-05,3.64E-05,3.54E-05,2.94E-05,3.79E-05,1.333333333,A1,A2,A2,A1
cheek,NOUN,1.05E-05,1.04E-05,1.11E-05,1.11E-05,1.21E-05,1.22E-05,1.16E-05,1.29E-05,1.62E-05,1.20E-05,2,A2,B2,A2,A1
cheek,NOUN,1.05E-05,1.04E-05,1.11E-05,1.11E-05,1.21E-05,1.22E-05,1.16E-05,1.29E-05,1.62E-05,1.20E-05,1.666666667,A2,C1,A2,A1
cheer,VERB,1.79E-06,1.76E-06,1.78E-06,1.86E-06,2.16E-06,2.05E-06,2.05E-06,2.41E-06,3.54E-06,2.15E-06,3,B1,C2,B1,B2
cheese,NOUN,1.25E-05,1.30E-05,1.28E-05,1.38E-05,1.40E-05,1.33E-05,1.35E-05,1.29E-05,1.23E-05,1.31E-05,1,A1,C1,B1,A1
chemical,ADJ,3.35E-05,3.21E-05,3.19E-05,3.11E-05,3.01E-05,3.03E-05,2.98E-05,2.96E-05,2.41E-05,3.03E-05,2.666666667,B1,B2,B1,B1
chemical,NOUN,1.23E-05,1.17E-05,1.21E-05,1.17E-05,1.15E-05,1.18E-05,1.12E-05,1.06E-05,8.21E-06,1.12E-05,2.333333333,A2,C1,B1,A1
chemistry,NOUN,1.26E-05,1.16E-05,1.23E-05,1.24E-05,1.13E-05,1.15E-05,1.15E-05,1.15E-05,9.45E-06,1.16E-05,2,A2,C1,B1,A1
cheque,NOUN,1.57E-06,1.57E-06,1.60E-06,1.46E-06,1.67E-06,1.65E-06,1.60E-06,1.95E-06,2.06E-06,1.68E-06,2.666666667,B1,C2,B1,C1
chest,NOUN,3.19E-05,3.26E-05,3.44E-05,3.51E-05,3.48E-05,3.60E-05,3.43E-05,3.39E-05,3.23E-05,3.39E-05,1.666666667,A2,A2,A2,A2
chicken,NOUN,1.30E-05,1.36E-05,1.28E-05,1.37E-05,1.34E-05,1.36E-05,1.25E-05,1.21E-05,1.04E-05,1.28E-05,1,A1,C1,A2,A1
chief,ADJ,2.66E-05,2.62E-05,2.48E-05,2.62E-05,2.70E-05,2.58E-05,2.83E-05,3.04E-05,4.00E-05,2.84E-05,2.333333333,A2,A2,B1,B1
child,NOUN,0.000203856,0.000196208,0.000192949,0.00019217,0.000194875,0.000193991,0.000191592,0.000189322,0.000194126,0.000194343,1.333333333,A1,A1,A1,A2
childhood,NOUN,3.23E-05,3.21E-05,3.10E-05,3.09E-05,3.10E-05,3.30E-05,3.27E-05,3.04E-05,2.88E-05,3.14E-05,1.666666667,A2,A2,B1,A2
chin,NOUN,1.02E-05,9.78E-06,1.01E-05,1.03E-05,1.06E-05,1.09E-05,1.01E-05,1.08E-05,1.20E-05,1.05E-05,1,A1,C1,A2,A1
chip,NOUN,7.49E-06,7.82E-06,8.05E-06,7.98E-06,7.30E-06,7.30E-06,6.98E-06,6.56E-06,5.33E-06,7.20E-06,3.333333333,B1,C1,B1,A1
chocolate,NOUN,8.89E-06,9.51E-06,8.98E-06,9.74E-06,1.01E-05,1.06E-05,1.00E-05,9.85E-06,8.52E-06,9.57E-06,1,A1,C1,B1,A1
choice,NOUN,9.22E-05,9.15E-05,9.32E-05,9.09E-05,8.98E-05,9.07E-05,8.82E-05,8.48E-05,7.67E-05,8.87E-05,1.666666667,A2,A1,A2,A2
choir,NOUN,4.02E-06,3.93E-06,3.81E-06,3.83E-06,4.19E-06,4.27E-06,4.02E-06,4.47E-06,5.47E-06,4.22E-06,2.666666667,B1,C2,B1,C1
choose,VERB,6.18E-05,6.76E-05,6.80E-05,6.81E-05,6.77E-05,6.38E-05,6.28E-05,6.34E-05,5.74E-05,6.45E-05,2.333333333,A2,A2,A2,A1
chore,VERB,3.03E-08,3.27E-08,2.75E-08,2.90E-08,3.47E-08,3.16E-08,3.06E-08,2.75E-08,2.57E-08,3.00E-08,3,B1,C2,B1,C1
chronic,ADJ,2.87E-05,3.06E-05,3.14E-05,2.80E-05,3.00E-05,2.98E-05,2.89E-05,2.52E-05,2.11E-05,2.82E-05,4,B2,B2,B1,B1
church,NOUN,9.75E-05,9.79E-05,9.51E-05,9.84E-05,0.000104471,0.000103343,0.000109687,0.00010734,0.000126452,0.00010447,2,A2,A1,B1,A2
cigarette,NOUN,1.11E-05,1.14E-05,1.17E-05,1.12E-05,1.16E-05,1.20E-05,1.05E-05,1.09E-05,9.92E-06,1.11E-05,1,A1,C1,A2,A1
cinema,NOUN,1.17E-05,9.11E-06,1.08E-05,9.25E-06,9.39E-06,1.05E-05,1.06E-05,1.10E-05,7.06E-06,9.95E-06,2.333333333,A2,C1,B1,A1
circle,NOUN,3.37E-05,3.43E-05,3.40E-05,3.51E-05,3.57E-05,3.32E-05,3.35E-05,3.51E-05,3.85E-05,3.48E-05,2.666666667,B1,A2,A2,A2
circuit,NOUN,2.76E-05,2.74E-05,2.84E-05,2.64E-05,2.36E-05,2.31E-05,2.18E-05,2.24E-05,2.44E-05,2.50E-05,3.333333333,B1,B2,A2,B1
circular,ADJ,1.45E-05,1.43E-05,1.41E-05,1.42E-05,1.37E-05,1.32E-05,1.34E-05,1.35E-05,1.32E-05,1.38E-05,3.333333333,B1,B2,B1,B2
circulation,NOUN,1.75E-05,1.75E-05,1.64E-05,1.58E-05,1.60E-05,1.65E-05,1.61E-05,1.52E-05,1.55E-05,1.63E-05,4.333333333,B2,B2,B1,B1
circumstance,NOUN,7.14E-06,7.24E-06,6.67E-06,7.52E-06,8.45E-06,7.65E-06,9.32E-06,9.57E-06,1.54E-05,8.78E-06,3.333333333,B1,C1,B1,A1
citizen,NOUN,1.84E-05,1.79E-05,1.78E-05,1.74E-05,1.78E-05,1.75E-05,1.84E-05,1.90E-05,2.01E-05,1.82E-05,3.333333333,B1,B2,B1,B1
city,NOUN,0.000151032,0.00015032,0.000147618,0.000148664,0.000152063,0.000150553,0.000152198,0.000156451,0.000167951,0.000152983,1.333333333,A1,A1,A2,A2
civil,ADJ,6.30E-05,6.41E-05,6.20E-05,6.13E-05,5.93E-05,6.22E-05,6.32E-05,6.14E-05,5.93E-05,6.18E-05,3.666666667,B2,A1,B1,A2
claim,NOUN,5.89E-05,6.01E-05,5.83E-05,5.56E-05,5.37E-05,5.50E-05,5.52E-05,5.45E-05,4.99E-05,5.57E-05,3,B1,A1,B1,A2
claim,VERB,2.72E-05,2.70E-05,2.69E-05,2.66E-05,2.65E-05,2.66E-05,2.70E-05,2.68E-05,2.61E-05,2.68E-05,3.333333333,B1,B2,B1,B1
clash,NOUN,3.95E-06,3.83E-06,3.95E-06,3.80E-06,3.88E-06,3.94E-06,3.93E-06,4.16E-06,3.67E-06,3.90E-06,4,B2,C2,B1,C1
class,NOUN,0.000175543,0.000173985,0.000200098,0.000185807,0.000166456,0.000166879,0.000165038,0.000155672,0.000147849,0.000170814,1,A1,A1,A2,A2
classic,ADJ,2.11E-05,2.12E-05,2.15E-05,2.07E-05,2.06E-05,2.06E-05,2.00E-05,2.03E-05,1.76E-05,2.04E-05,1.666666667,A2,B2,B1,B1
classic,NOUN,6.96E-07,6.73E-07,7.16E-07,6.80E-07,6.61E-07,6.84E-07,6.48E-07,6.39E-07,5.50E-07,6.61E-07,2.333333333,A2,C2,B1,C1
classical,ADJ,3.39E-05,3.26E-05,3.19E-05,2.93E-05,2.95E-05,3.04E-05,3.02E-05,2.88E-05,2.27E-05,2.99E-05,2.333333333,A2,B2,B1,B1
classification,NOUN,2.45E-05,2.51E-05,2.45E-05,2.34E-05,2.41E-05,2.58E-05,2.46E-05,2.39E-05,1.99E-05,2.40E-05,3.666666667,B2,B2,B1,B1
classify,VERB,4.44E-06,4.57E-06,4.41E-06,4.30E-06,4.42E-06,4.60E-06,4.34E-06,4.29E-06,3.62E-06,4.33E-06,3.666666667,B2,C2,B1,B2
classroom,NOUN,2.77E-05,2.81E-05,2.74E-05,2.62E-05,2.66E-05,2.86E-05,2.90E-05,2.68E-05,2.14E-05,2.69E-05,1,A1,B2,B1,A2
clause,NOUN,2.41E-05,2.45E-05,2.52E-05,2.10E-05,2.08E-05,2.22E-05,2.22E-05,1.89E-05,1.87E-05,2.20E-05,2.666666667,B1,B2,B1,B1
clean,ADJ,3.28E-05,3.15E-05,3.24E-05,3.29E-05,3.33E-05,3.34E-05,3.18E-05,3.33E-05,3.57E-05,3.30E-05,1.666666667,A2,A2,A2,B1
clean,VERB,5.95E-06,5.97E-06,6.43E-06,6.47E-06,6.56E-06,6.65E-06,6.05E-06,6.06E-06,5.43E-06,6.17E-06,1.333333333,A1,C1,B1,B2
clear,ADJ,0.000163873,0.000161809,0.000161828,0.000160011,0.000158855,0.000160463,0.000158765,0.00016021,0.000153089,0.000159878,1.666666667,A2,A1,A2,A2
clear,VERB,5.98E-06,6.21E-06,6.42E-06,6.44E-06,6.48E-06,6.30E-06,6.23E-06,6.54E-06,7.12E-06,6.41E-06,1.333333333,A1,C1,B1,B2
clearly,ADV,0.00010036,9.74E-05,9.75E-05,9.66E-05,9.43E-05,9.55E-05,9.49E-05,9.29E-05,8.33E-05,9.47E-05,2.666666667,B1,A1,B1,A1
clever,ADJ,7.99E-06,7.84E-06,7.92E-06,8.23E-06,9.46E-06,8.77E-06,9.00E-06,1.03E-05,1.37E-05,9.25E-06,1.666666667,A2,C1,B1,B2
client,NOUN,6.34E-05,6.60E-05,7.68E-05,7.97E-05,6.27E-05,6.09E-05,5.76E-05,5.62E-05,4.34E-05,6.30E-05,3.333333333,B1,A1,A2,A2
cliff,NOUN,5.36E-06,5.37E-06,5.46E-06,5.09E-06,5.76E-06,5.54E-06,5.36E-06,6.02E-06,7.63E-06,5.73E-06,3,B1,C1,B1,A1
climate,NOUN,2.80E-05,3.21E-05,2.77E-05,2.71E-05,2.67E-05,2.96E-05,2.77E-05,2.97E-05,3.00E-05,2.88E-05,2,A2,A2,B1,A2
climb,VERB,9.02E-06,8.81E-06,9.01E-06,9.14E-06,9.05E-06,9.20E-06,8.71E-06,9.07E-06,9.79E-06,9.09E-06,1.333333333,A1,C1,B1,A2
cling,VERB,2.65E-06,2.55E-06,2.57E-06,2.68E-06,2.83E-06,2.71E-06,2.83E-06,3.05E-06,3.86E-06,2.86E-06,4,B2,C2,B1,B2
clinic,NOUN,8.27E-06,8.09E-06,8.69E-06,8.07E-06,8.22E-06,8.53E-06,8.12E-06,7.82E-06,5.81E-06,7.96E-06,2,A2,C1,B1,A1
clinical,ADJ,5.36E-05,5.94E-05,5.70E-05,5.39E-05,5.89E-05,6.03E-05,6.02E-05,5.15E-05,4.04E-05,5.50E-05,3.333333333,B1,A2,B1,A1
clock,NOUN,1.71E-05,1.69E-05,1.76E-05,1.83E-05,1.76E-05,1.73E-05,1.64E-05,1.73E-05,1.76E-05,1.73E-05,1,A1,B2,A2,B1
close,ADJ,8.89E-05,8.84E-05,9.01E-05,8.95E-05,9.02E-05,9.04E-05,8.85E-05,8.81E-05,8.33E-05,8.86E-05,1,A1,A2,A2,A2
close,ADV,3.27E-05,3.24E-05,3.32E-05,3.34E-05,3.48E-05,3.45E-05,3.37E-05,3.55E-05,3.86E-05,3.43E-05,2,A2,A2,A2,B1
close,VERB,1.85E-05,1.98E-05,2.03E-05,2.08E-05,2.04E-05,1.93E-05,1.84E-05,1.93E-05,1.94E-05,1.96E-05,1,A1,B2,A2,B1
closed,ADJ,1.86E-05,1.81E-05,1.79E-05,1.77E-05,1.77E-05,1.81E-05,1.70E-05,1.73E-05,1.55E-05,1.76E-05,2,A2,B2,B1,B1
closely,ADV,4.74E-05,4.62E-05,4.58E-05,4.50E-05,4.53E-05,4.51E-05,4.49E-05,4.55E-05,4.45E-05,4.55E-05,2.666666667,B1,A1,B1,A1
closer,ADV,2.45E-05,2.46E-05,2.61E-05,2.58E-05,2.56E-05,2.65E-05,2.56E-05,2.53E-05,2.29E-05,2.52E-05,3,B1,B2,B1,B1
closure,NOUN,1.12E-05,1.15E-05,1.01E-05,9.67E-06,1.01E-05,1.01E-05,9.79E-06,9.03E-06,6.71E-06,9.79E-06,4.666666667,C1,C1,B1,A1
cloth,NOUN,1.75E-05,1.65E-05,1.70E-05,1.67E-05,1.70E-05,1.65E-05,1.72E-05,1.83E-05,2.06E-05,1.75E-05,3,B1,B2,B1,B1
clothes,NOUN,3.66E-05,3.58E-05,3.74E-05,3.83E-05,4.02E-05,4.04E-05,3.84E-05,4.02E-05,4.34E-05,3.90E-05,2,A2,A1,A2,A2
clothing,NOUN,2.48E-05,2.41E-05,2.39E-05,2.35E-05,2.39E-05,2.40E-05,2.31E-05,2.31E-05,2.22E-05,2.36E-05,2.333333333,A2,B2,A2,B1
cloud,NOUN,1.36E-05,1.32E-05,1.33E-05,1.43E-05,1.49E-05,1.42E-05,1.41E-05,1.61E-05,2.00E-05,1.49E-05,1.333333333,A1,B2,A2,B1
clown,NOUN,8.00E-07,8.41E-07,8.23E-07,8.33E-07,8.42E-07,9.61E-07,8.23E-07,8.36E-07,8.89E-07,8.50E-07,2.333333333,A2,C2,B1,C1
club,NOUN,2.22E-05,2.25E-05,2.30E-05,2.26E-05,2.35E-05,2.42E-05,2.33E-05,2.27E-05,2.35E-05,2.30E-05,2.333333333,A2,B2,A2,B1
clue,NOUN,6.43E-06,6.49E-06,6.73E-06,7.14E-06,7.11E-06,7.10E-06,6.91E-06,6.97E-06,6.76E-06,6.85E-06,3,B1,C1,B1,A1
clutch,VERB,3.38E-07,3.47E-07,3.43E-07,3.65E-07,4.01E-07,3.83E-07,3.73E-07,4.34E-07,5.65E-07,3.94E-07,4,B2,C2,B1,C1
coach,NOUN,1.15E-05,1.12E-05,1.18E-05,1.30E-05,1.38E-05,1.46E-05,1.50E-05,1.52E-05,1.56E-05,1.35E-05,3.333333333,B1,B2,B1,B1
coal,NOUN,1.58E-05,1.55E-05,1.49E-05,1.41E-05,1.49E-05,1.46E-05,1.39E-05,1.68E-05,1.92E-05,1.55E-05,2.333333333,A2,B2,A2,B1
coast,NOUN,2.93E-05,2.77E-05,2.65E-05,2.63E-05,2.70E-05,2.56E-05,2.64E-05,2.90E-05,3.37E-05,2.79E-05,2.666666667,B1,A2,B1,A2
coastal,ADJ,1.64E-05,1.55E-05,1.43E-05,1.34E-05,1.27E-05,1.51E-05,1.30E-05,1.15E-05,8.87E-06,1.34E-05,2.333333333,A2,C1,B1,B2
coat,NOUN,1.91E-05,1.87E-05,1.86E-05,1.90E-05,2.07E-05,2.10E-05,2.00E-05,2.20E-05,2.74E-05,2.07E-05,2,A2,B2,A2,B1
code,NOUN,6.39E-05,7.21E-05,9.31E-05,8.61E-05,6.89E-05,6.66E-05,6.68E-05,6.27E-05,5.06E-05,7.01E-05,2.666666667,B1,A2,B1,A2
coffee,NOUN,3.33E-05,3.45E-05,3.55E-05,3.52E-05,3.55E-05,3.60E-05,3.45E-05,3.48E-05,3.26E-05,3.46E-05,1,A1,A2,A2,A2
coin,NOUN,7.98E-06,7.97E-06,7.47E-06,7.99E-06,8.17E-06,7.69E-06,8.50E-06,8.30E-06,9.53E-06,8.18E-06,2.666666667,B1,C1,B1,A1
coincide,VERB,4.13E-06,4.10E-06,3.89E-06,3.86E-06,3.73E-06,3.72E-06,3.69E-06,3.66E-06,3.41E-06,3.80E-06,4.333333333,B2,C2,B1,B2
cold,ADJ,6.70E-05,6.59E-05,6.76E-05,6.86E-05,7.09E-05,6.97E-05,6.79E-05,7.30E-05,8.68E-05,7.08E-05,1,A1,A2,A1,A2
cold,NOUN,1.65E-06,1.61E-06,1.65E-06,1.71E-06,1.90E-06,1.75E-06,1.83E-06,2.00E-06,2.63E-06,1.86E-06,1,A1,C2,B1,C1
collapse,NOUN,1.51E-05,1.46E-05,1.46E-05,1.40E-05,1.33E-05,1.38E-05,1.30E-05,1.32E-05,1.03E-05,1.35E-05,3,B1,C1,B1,B1
collapse,VERB,3.26E-06,3.25E-06,3.36E-06,3.21E-06,3.14E-06,3.22E-06,3.08E-06,3.09E-06,2.50E-06,3.12E-06,2.666666667,B1,C2,B1,B2
collar,NOUN,6.66E-06,6.41E-06,6.38E-06,6.54E-06,6.99E-06,6.93E-06,6.69E-06,7.38E-06,8.19E-06,6.91E-06,2.666666667,B1,C1,B1,A1
colleague,NOUN,7.50E-06,7.59E-06,7.75E-06,7.59E-06,7.63E-06,7.95E-06,8.05E-06,7.80E-06,7.24E-06,7.68E-06,1.666666667,A2,C1,B1,A1
collect,VERB,1.76E-05,1.80E-05,1.79E-05,1.79E-05,1.80E-05,1.82E-05,1.78E-05,1.76E-05,1.70E-05,1.78E-05,2.666666667,B1,B2,B1,B1
collection,NOUN,6.41E-05,6.38E-05,6.43E-05,6.30E-05,6.05E-05,6.03E-05,6.03E-05,6.02E-05,5.63E-05,6.14E-05,3,B1,A1,B1,A2
collector,NOUN,5.72E-06,5.84E-06,5.86E-06,5.85E-06,5.25E-06,5.28E-06,5.78E-06,5.59E-06,6.11E-06,5.70E-06,4,B2,C1,B1,A1
college,NOUN,5.02E-05,5.11E-05,4.84E-05,4.94E-05,5.12E-05,5.29E-05,5.12E-05,5.04E-05,4.68E-05,5.02E-05,1,A1,A1,A2,A2
colour,NOUN,2.05E-05,1.93E-05,1.93E-05,1.98E-05,2.17E-05,1.94E-05,2.12E-05,2.27E-05,2.89E-05,2.14E-05,1,A1,B2,B1,B1
column,NOUN,4.14E-05,4.23E-05,4.41E-05,4.40E-05,3.96E-05,3.91E-05,3.70E-05,3.81E-05,3.34E-05,3.99E-05,2,A2,A2,A2,A2
combination,NOUN,5.11E-05,5.22E-05,5.17E-05,5.15E-05,5.00E-05,5.15E-05,5.04E-05,4.88E-05,4.24E-05,5.00E-05,3.333333333,B1,A1,B1,A2
combine,VERB,1.52E-05,1.55E-05,1.52E-05,1.50E-05,1.45E-05,1.48E-05,1.42E-05,1.39E-05,1.25E-05,1.45E-05,3.333333333,B1,B2,B1,B2
come,VERB,0.000306311,0.000306861,0.00031099,0.000324943,0.000343238,0.000335573,0.000337527,0.000359898,0.0004305,0.000339538,1.333333333,A1,A1,A1,A1
comedy,NOUN,8.58E-06,7.63E-06,7.74E-06,6.66E-06,7.72E-06,8.24E-06,7.88E-06,7.98E-06,8.08E-06,7.84E-06,2,A2,C1,B1,A1
comfort,NOUN,1.89E-05,1.93E-05,1.90E-05,2.07E-05,2.15E-05,2.08E-05,2.17E-05,2.30E-05,2.95E-05,2.16E-05,2,A2,B2,B1,B1
comfortable,ADJ,2.76E-05,2.78E-05,2.87E-05,2.85E-05,2.91E-05,2.91E-05,2.85E-05,2.89E-05,3.00E-05,2.87E-05,2.333333333,A2,A2,A2,B1
command,NOUN,6.10E-05,6.35E-05,7.05E-05,7.16E-05,5.96E-05,5.74E-05,5.56E-05,5.61E-05,6.20E-05,6.19E-05,3,B1,A1,A2,A2
command,VERB,5.88E-06,5.88E-06,5.68E-06,6.11E-06,6.58E-06,5.92E-06,6.76E-06,7.03E-06,9.92E-06,6.64E-06,3.666666667,B2,C1,B2,B2
commence,VERB,2.62E-06,2.69E-06,2.56E-06,2.70E-06,2.89E-06,2.75E-06,3.09E-06,3.14E-06,4.99E-06,3.05E-06,4,B2,C2,B1,B2
comment,NOUN,1.87E-05,1.84E-05,1.86E-05,1.82E-05,1.81E-05,1.80E-05,1.78E-05,1.79E-05,1.59E-05,1.80E-05,2,A2,C1,B1,B1
comment,VERB,5.90E-06,5.75E-06,5.99E-06,5.62E-06,5.43E-06,5.56E-06,5.35E-06,5.29E-06,4.29E-06,5.46E-06,2.333333333,A2,C1,B1,B2
commerce,NOUN,1.87E-05,1.96E-05,1.85E-05,1.79E-05,1.79E-05,1.55E-05,1.68E-05,1.66E-05,2.02E-05,1.80E-05,4.666666667,C1,B2,B1,B1
commercial,ADJ,6.10E-05,5.93E-05,5.84E-05,5.65E-05,5.35E-05,5.36E-05,5.26E-05,5.21E-05,4.50E-05,5.47E-05,3,B1,A2,B1,A1
commit,VERB,1.33E-05,1.34E-05,1.35E-05,1.40E-05,1.36E-05,1.39E-05,1.41E-05,1.39E-05,1.45E-05,1.38E-05,2.333333333,A2,B2,B1,B2
commitment,NOUN,4.11E-05,4.10E-05,4.00E-05,3.90E-05,3.74E-05,3.86E-05,3.84E-05,3.58E-05,2.99E-05,3.79E-05,4,B2,A2,B1,A2
committee,NOUN,3.70E-05,3.64E-05,3.48E-05,3.47E-05,3.43E-05,3.44E-05,3.49E-05,3.31E-05,3.46E-05,3.49E-05,3.333333333,B1,A2,B1,A2
commodity,NOUN,1.09E-05,1.10E-05,1.08E-05,1.02E-05,1.00E-05,9.77E-06,1.01E-05,1.00E-05,8.59E-06,1.02E-05,4.666666667,C1,C1,B1,A1
common,ADJ,0.000219726,0.000219925,0.000216777,0.000215612,0.000212909,0.000209816,0.000211633,0.000209254,0.000206796,0.000213605,3,B1,A1,A2,A2
commonly,ADV,4.03E-05,4.09E-05,4.07E-05,4.06E-05,4.02E-05,3.98E-05,4.01E-05,3.97E-05,3.68E-05,3.99E-05,3.666666667,B2,A1,B1,B1
communicate,VERB,2.10E-05,2.21E-05,2.25E-05,2.27E-05,2.18E-05,2.19E-05,2.21E-05,2.16E-05,1.95E-05,2.17E-05,2.333333333,A2,B2,B1,B1
communication,NOUN,8.28E-05,8.41E-05,8.39E-05,8.42E-05,8.31E-05,8.65E-05,8.38E-05,8.08E-05,6.85E-05,8.20E-05,2.333333333,A2,A1,A2,A2
community,NOUN,0.00019211,0.000192074,0.000183973,0.000182583,0.000176438,0.000185949,0.000182624,0.000175361,0.000143191,0.000179367,3.333333333,B1,A1,B1,A2
companion,NOUN,1.12E-05,1.16E-05,1.11E-05,1.18E-05,1.44E-05,1.28E-05,1.38E-05,1.66E-05,2.42E-05,1.42E-05,2.666666667,B1,B2,A2,B1
company,NOUN,0.000168464,0.000179592,0.000178775,0.000175184,0.000174122,0.000175505,0.000169154,0.000172934,0.000163501,0.000173026,1.666666667,A2,A1,A2,A2
comparable,ADJ,1.82E-05,1.83E-05,1.74E-05,1.68E-05,1.61E-05,1.71E-05,1.63E-05,1.55E-05,1.14E-05,1.63E-05,4.333333333,B2,B2,B1,B1
compare,VERB,2.53E-05,2.54E-05,2.54E-05,2.51E-05,2.49E-05,2.51E-05,2.47E-05,2.40E-05,2.22E-05,2.47E-05,2.666666667,B1,B2,B1,B1
comparison,NOUN,4.81E-05,4.76E-05,4.64E-05,4.59E-05,4.61E-05,4.72E-05,4.84E-05,4.62E-05,4.08E-05,4.63E-05,3.666666667,B2,A1,B1,A2
compete,VERB,1.33E-05,1.33E-05,1.32E-05,1.24E-05,1.20E-05,1.25E-05,1.20E-05,1.16E-05,1.01E-05,1.23E-05,2.666666667,B1,C1,B1,B1
competence,NOUN,1.53E-05,1.44E-05,1.49E-05,1.46E-05,1.38E-05,1.44E-05,1.44E-05,1.37E-05,1.09E-05,1.40E-05,4.333333333,B2,B2,B1,B1
competition,NOUN,5.24E-05,5.24E-05,5.06E-05,4.83E-05,4.48E-05,4.70E-05,4.68E-05,4.43E-05,3.77E-05,4.72E-05,3,B1,A2,B1,A2
competitive,ADJ,3.15E-05,3.28E-05,3.18E-05,2.99E-05,2.85E-05,2.96E-05,2.87E-05,2.72E-05,2.14E-05,2.91E-05,4.666666667,C1,B2,B1,B1
competitor,NOUN,4.50E-06,4.90E-06,4.72E-06,4.62E-06,4.46E-06,4.62E-06,4.41E-06,4.40E-06,3.97E-06,4.51E-06,4,B2,C2,B1,C1
complain,VERB,7.93E-06,7.90E-06,7.88E-06,8.12E-06,8.52E-06,8.14E-06,8.37E-06,8.45E-06,1.00E-05,8.37E-06,2.333333333,A2,C1,B1,B2
complaint,NOUN,1.52E-05,1.52E-05,1.50E-05,1.43E-05,1.42E-05,1.39E-05,1.47E-05,1.37E-05,1.47E-05,1.46E-05,2.666666667,B1,B2,B1,B1
complete,ADJ,8.87E-05,9.01E-05,8.92E-05,8.92E-05,8.67E-05,8.64E-05,8.61E-05,8.59E-05,8.21E-05,8.72E-05,2,A2,A2,A2,A2
complete,VERB,2.01E-05,2.08E-05,2.06E-05,2.11E-05,2.11E-05,2.09E-05,2.04E-05,2.01E-05,1.76E-05,2.03E-05,2.333333333,A2,B2,B1,B1
completely,ADV,7.04E-05,7.04E-05,7.14E-05,7.12E-05,7.06E-05,7.08E-05,7.02E-05,7.04E-05,6.53E-05,7.01E-05,2.666666667,B1,A2,B1,A1
completion,NOUN,1.66E-05,1.74E-05,1.66E-05,1.71E-05,1.63E-05,1.68E-05,1.67E-05,1.60E-05,1.36E-05,1.63E-05,3.666666667,B2,B2,B1,B1
complex,ADJ,0.000100296,9.97E-05,0.000101072,9.71E-05,9.59E-05,9.90E-05,9.53E-05,9.17E-05,7.13E-05,9.46E-05,3,B1,A2,B1,A2
complex,NOUN,1.40E-05,1.34E-05,1.33E-05,1.23E-05,1.27E-05,1.24E-05,1.18E-05,1.13E-05,8.47E-06,1.22E-05,2.666666667,B1,C1,B1,A1
complexity,NOUN,2.65E-05,2.65E-05,2.65E-05,2.67E-05,2.59E-05,2.77E-05,2.70E-05,2.63E-05,2.05E-05,2.59E-05,4,B2,B2,B1,B1
complicated,ADJ,1.88E-05,1.89E-05,1.89E-05,1.86E-05,1.81E-05,1.81E-05,1.79E-05,1.78E-05,1.56E-05,1.81E-05,3.666666667,B2,B2,B1,B1
comply,VERB,9.74E-06,1.07E-05,1.05E-05,1.05E-05,1.06E-05,1.07E-05,1.04E-05,1.02E-05,9.37E-06,1.03E-05,4.333333333,B2,C1,B1,B1
component,NOUN,5.11E-05,5.38E-05,5.59E-05,5.49E-05,5.03E-05,5.25E-05,4.92E-05,4.52E-05,3.48E-05,4.98E-05,4.666666667,C1,A2,B1,A2
compose,VERB,3.91E-06,3.91E-06,3.87E-06,3.94E-06,4.07E-06,3.94E-06,4.13E-06,4.29E-06,4.76E-06,4.09E-06,3.666666667,B2,C2,B1,B2
composer,NOUN,7.03E-06,7.04E-06,7.50E-06,6.63E-06,7.22E-06,7.04E-06,6.75E-06,7.64E-06,6.22E-06,7.01E-06,2,A2,C1,B1,A1
composition,NOUN,3.85E-05,3.72E-05,3.76E-05,3.65E-05,3.62E-05,3.63E-05,3.65E-05,3.54E-05,3.30E-05,3.64E-05,2.333333333,A2,A2,B1,A2
comprehensive,ADJ,2.95E-05,2.98E-05,2.90E-05,2.98E-05,2.77E-05,2.87E-05,2.85E-05,2.69E-05,2.28E-05,2.81E-05,3.333333333,B1,B2,B1,B1
comprise,VERB,6.44E-06,6.20E-06,6.14E-06,6.26E-06,5.91E-06,6.10E-06,6.01E-06,5.68E-06,4.82E-06,5.95E-06,5,C1,C1,B1,B2
compromise,NOUN,1.21E-05,1.18E-05,1.19E-05,1.12E-05,1.07E-05,1.09E-05,1.10E-05,1.05E-05,1.01E-05,1.11E-05,4.333333333,B2,C1,B1,A1
compulsory,ADJ,6.65E-06,6.31E-06,6.51E-06,6.51E-06,5.70E-06,6.25E-06,6.11E-06,5.90E-06,5.56E-06,6.17E-06,3.333333333,B1,C1,B1,B2
computer,NOUN,9.63E-05,9.72E-05,9.94E-05,9.79E-05,8.55E-05,8.14E-05,7.43E-05,7.14E-05,5.19E-05,8.39E-05,1,A1,A2,A2,A2
conceal,VERB,5.06E-06,4.97E-06,4.81E-06,5.24E-06,5.83E-06,5.34E-06,5.75E-06,6.44E-06,8.79E-06,5.80E-06,4.333333333,B2,C1,B1,B2
concede,VERB,2.85E-06,2.76E-06,2.76E-06,2.69E-06,2.64E-06,2.58E-06,2.75E-06,2.56E-06,2.64E-06,2.69E-06,4.666666667,C1,C2,B1,B2
conceive,VERB,6.67E-06,6.41E-06,6.02E-06,6.90E-06,7.35E-06,6.51E-06,7.86E-06,8.16E-06,1.16E-05,7.50E-06,4,B2,C1,B2,B2
concentrate,VERB,1.32E-05,1.28E-05,1.29E-05,1.24E-05,1.19E-05,1.19E-05,1.12E-05,1.08E-05,8.81E-06,1.18E-05,2.666666667,B1,C1,B1,B1
concentration,NOUN,5.56E-05,5.59E-05,5.20E-05,4.93E-05,4.97E-05,5.03E-05,4.96E-05,4.64E-05,3.38E-05,4.92E-05,2.666666667,B1,A1,B1,A2
concept,NOUN,9.83E-05,9.76E-05,9.67E-05,9.26E-05,9.03E-05,9.63E-05,9.14E-05,8.81E-05,6.68E-05,9.09E-05,2.333333333,A2,A1,B1,A2
conception,NOUN,2.60E-05,2.38E-05,2.39E-05,2.51E-05,2.38E-05,2.38E-05,2.66E-05,2.63E-05,2.78E-05,2.52E-05,4.333333333,B2,B2,B1,B1
concern,NOUN,6.60E-05,6.39E-05,6.36E-05,6.10E-05,5.85E-05,5.93E-05,5.85E-05,5.60E-05,4.66E-05,5.93E-05,3.333333333,B1,A1,B1,A2
concern,VERB,5.23E-06,5.02E-06,5.07E-06,5.03E-06,4.85E-06,4.90E-06,4.93E-06,4.96E-06,5.01E-06,5.00E-06,2.666666667,B1,C1,B1,B2
concerned,ADJ,1.33E-05,1.30E-05,1.31E-05,1.28E-05,1.25E-05,1.27E-05,1.23E-05,1.17E-05,9.74E-06,1.24E-05,4,B2,C1,B1,B2
concert,NOUN,9.85E-06,1.02E-05,1.04E-05,9.45E-06,1.01E-05,1.01E-05,1.02E-05,1.07E-05,1.04E-05,1.02E-05,1.666666667,A2,C1,B1,A1
concession,NOUN,4.29E-06,4.36E-06,4.20E-06,4.01E-06,4.01E-06,4.14E-06,4.33E-06,4.25E-06,4.77E-06,4.26E-06,4.333333333,B2,C2,B1,C1
conclude,VERB,2.04E-05,2.05E-05,1.99E-05,2.01E-05,1.93E-05,1.98E-05,1.99E-05,1.94E-05,1.90E-05,1.98E-05,2.666666667,B1,B2,B1,B1
conclusion,NOUN,4.34E-05,4.23E-05,4.21E-05,4.18E-05,4.13E-05,4.14E-05,4.24E-05,4.22E-05,4.37E-05,4.23E-05,2.666666667,B1,A1,B1,A2
concrete,ADJ,3.02E-05,3.12E-05,3.11E-05,3.04E-05,2.90E-05,3.02E-05,2.94E-05,2.74E-05,2.40E-05,2.92E-05,3.666666667,B2,B2,B1,B1
condemn,VERB,3.83E-06,3.78E-06,3.68E-06,4.01E-06,4.10E-06,3.91E-06,4.38E-06,4.36E-06,5.64E-06,4.19E-06,4,B2,C1,B1,B2
condition,NOUN,9.45E-05,9.41E-05,9.20E-05,9.42E-05,9.33E-05,9.28E-05,9.60E-05,9.27E-05,0.000104242,9.49E-05,3,B1,A1,B1,A2
conduct,NOUN,3.57E-05,3.62E-05,3.29E-05,3.51E-05,3.52E-05,3.47E-05,3.74E-05,3.78E-05,4.73E-05,3.69E-05,3.333333333,B1,A1,B1,A2
conduct,VERB,1.52E-05,1.63E-05,1.59E-05,1.61E-05,1.58E-05,1.62E-05,1.60E-05,1.59E-05,1.48E-05,1.58E-05,4.333333333,B2,B2,B1,B2
conference,NOUN,3.24E-05,3.27E-05,3.23E-05,3.10E-05,2.97E-05,3.07E-05,2.94E-05,2.86E-05,2.49E-05,3.02E-05,3.333333333,B1,B2,B1,A2
confess,VERB,5.58E-06,5.66E-06,5.28E-06,6.25E-06,7.57E-06,6.48E-06,7.73E-06,8.78E-06,1.44E-05,7.52E-06,4.333333333,B2,C1,B2,B2
confidence,NOUN,4.21E-05,4.27E-05,4.15E-05,4.30E-05,4.35E-05,4.39E-05,4.55E-05,4.59E-05,5.15E-05,4.44E-05,3,B1,A1,B1,A2
confident,ADJ,1.41E-05,1.40E-05,1.42E-05,1.47E-05,1.50E-05,1.51E-05,1.52E-05,1.53E-05,1.53E-05,1.48E-05,2,A2,B2,B1,B2
confine,VERB,2.72E-06,2.57E-06,2.44E-06,2.65E-06,2.65E-06,2.49E-06,2.83E-06,2.87E-06,4.14E-06,2.82E-06,4.333333333,B2,C2,B1,B2
confirm,VERB,1.43E-05,1.45E-05,1.42E-05,1.45E-05,1.44E-05,1.43E-05,1.46E-05,1.41E-05,1.28E-05,1.42E-05,3.333333333,B1,B2,B1,B2
conflict,NOUN,7.07E-05,7.11E-05,7.12E-05,6.72E-05,6.67E-05,6.81E-05,6.68E-05,6.52E-05,5.60E-05,6.70E-05,3.666666667,B2,A2,B1,A2
confront,VERB,9.06E-06,8.79E-06,8.81E-06,8.53E-06,8.49E-06,8.59E-06,8.36E-06,8.09E-06,6.79E-06,8.39E-06,5,C1,C1,B1,B2
confused,ADJ,3.66E-06,3.58E-06,3.75E-06,3.74E-06,3.95E-06,3.82E-06,4.02E-06,4.23E-06,4.83E-06,3.95E-06,2.666666667,B1,C2,B1,B2
confusion,NOUN,2.38E-05,2.35E-05,2.34E-05,2.31E-05,2.40E-05,2.29E-05,2.38E-05,2.42E-05,2.62E-05,2.39E-05,2.666666667,B1,B2,B1,B1
connect,VERB,1.54E-05,1.61E-05,1.81E-05,1.85E-05,1.62E-05,1.57E-05,1.57E-05,1.57E-05,1.41E-05,1.62E-05,3,B1,B2,B1,B2
connection,NOUN,6.67E-05,6.74E-05,7.27E-05,7.31E-05,6.47E-05,6.36E-05,6.48E-05,6.43E-05,6.34E-05,6.67E-05,3,B1,A2,B1,A2
conscience,NOUN,1.27E-05,1.33E-05,1.22E-05,1.36E-05,1.42E-05,1.34E-05,1.62E-05,1.64E-05,2.49E-05,1.52E-05,4,B2,B2,B1,B1
conscious,ADJ,3.04E-05,2.88E-05,2.86E-05,3.00E-05,3.11E-05,3.00E-05,3.13E-05,3.22E-05,3.47E-05,3.08E-05,2.666666667,B1,A2,B1,B1
consciousness,NOUN,4.80E-05,4.55E-05,4.55E-05,4.78E-05,4.73E-05,4.44E-05,4.93E-05,4.67E-05,4.54E-05,4.66E-05,4.333333333,B2,A1,B1,A2
consensus,NOUN,2.05E-05,1.97E-05,1.95E-05,1.82E-05,1.77E-05,1.84E-05,1.84E-05,1.71E-05,1.32E-05,1.81E-05,4.666666667,C1,B2,B1,B1
consent,NOUN,2.26E-05,2.31E-05,2.24E-05,2.23E-05,2.20E-05,2.17E-05,2.28E-05,2.29E-05,2.42E-05,2.27E-05,3.666666667,B2,B2,B1,B1
consequence,NOUN,3.37E-05,3.29E-05,3.13E-05,3.22E-05,3.28E-05,3.18E-05,3.44E-05,3.43E-05,4.15E-05,3.39E-05,3.333333333,B1,A1,B1,A2
consequently,ADV,1.31E-05,1.30E-05,1.24E-05,1.36E-05,1.38E-05,1.30E-05,1.45E-05,1.51E-05,1.99E-05,1.42E-05,3,B1,B2,B1,A2
conservation,NOUN,2.04E-05,1.88E-05,1.89E-05,1.85E-05,1.79E-05,1.80E-05,1.77E-05,1.55E-05,1.28E-05,1.76E-05,4.333333333,B2,B2,B1,B1
conservative,ADJ,2.45E-05,2.45E-05,2.37E-05,2.22E-05,2.24E-05,2.25E-05,2.29E-05,2.25E-05,1.85E-05,2.26E-05,3.333333333,B1,B2,B1,B1
conservative,NOUN,4.01E-08,3.74E-08,3.35E-08,3.38E-08,4.05E-08,3.67E-08,3.67E-08,3.59E-08,3.29E-08,3.64E-08,3.333333333,B1,C2,B1,C1
consider,VERB,9.96E-05,0.000100645,0.00010024,0.000101028,9.91E-05,0.000101639,0.000101541,9.99E-05,9.62E-05,1.00E-04,2.666666667,B1,A2,B1,A1
considerable,ADJ,5.24E-05,5.05E-05,4.78E-05,4.73E-05,4.72E-05,4.57E-05,4.74E-05,4.93E-05,5.70E-05,4.94E-05,3.666666667,B2,A1,B1,A1
considerably,ADV,2.07E-05,2.04E-05,1.94E-05,1.89E-05,1.84E-05,1.82E-05,1.81E-05,1.80E-05,1.81E-05,1.89E-05,2.666666667,B1,B2,B1,B1
consideration,NOUN,4.33E-05,4.33E-05,4.12E-05,4.24E-05,4.13E-05,4.17E-05,4.45E-05,4.34E-05,4.95E-05,4.34E-05,3.333333333,B1,A1,B1,A2
consistent,ADJ,4.40E-05,4.46E-05,4.39E-05,4.31E-05,4.21E-05,4.36E-05,4.37E-05,4.12E-05,3.43E-05,4.23E-05,3.666666667,B2,A2,B1,A1
consistently,ADV,1.66E-05,1.65E-05,1.63E-05,1.59E-05,1.57E-05,1.62E-05,1.63E-05,1.56E-05,1.27E-05,1.57E-05,3.666666667,B2,B2,B1,A2
constant,ADJ,6.99E-05,7.08E-05,6.77E-05,6.76E-05,6.49E-05,6.55E-05,6.58E-05,6.53E-05,6.15E-05,6.66E-05,3.333333333,B1,A2,B1,A2
constantly,ADV,2.74E-05,2.72E-05,2.69E-05,2.80E-05,2.85E-05,2.80E-05,2.91E-05,2.97E-05,3.36E-05,2.87E-05,3.333333333,B1,B1,B1,B1
constitute,VERB,2.58E-05,2.55E-05,2.43E-05,2.44E-05,2.32E-05,2.34E-05,2.35E-05,2.26E-05,2.14E-05,2.38E-05,4,B2,B2,B1,B1
constitution,NOUN,2.27E-05,2.15E-05,2.03E-05,2.04E-05,2.02E-05,1.99E-05,2.24E-05,2.18E-05,2.73E-05,2.18E-05,3,B1,B2,B1,B1
constitutional,ADJ,3.04E-05,2.90E-05,2.87E-05,2.62E-05,2.47E-05,2.51E-05,2.61E-05,2.52E-05,2.35E-05,2.65E-05,4.666666667,C1,B2,B2,B1
constraint,NOUN,1.25E-05,1.28E-05,1.28E-05,1.23E-05,1.17E-05,1.27E-05,1.17E-05,1.08E-05,8.72E-06,1.18E-05,4.666666667,C1,C1,B1,A1
construct,VERB,2.40E-05,2.37E-05,2.36E-05,2.37E-05,2.26E-05,2.41E-05,2.31E-05,2.19E-05,1.82E-05,2.28E-05,4,B2,B2,B1,B1
construction,NOUN,7.59E-05,7.48E-05,7.09E-05,7.00E-05,6.67E-05,6.89E-05,6.73E-05,6.47E-05,5.83E-05,6.86E-05,3,B1,A1,B1,A2
consult,VERB,9.21E-06,9.22E-06,9.34E-06,9.44E-06,9.20E-06,8.98E-06,9.04E-06,8.73E-06,9.41E-06,9.18E-06,3.333333333,B1,C1,B1,B1
consultant,NOUN,9.25E-06,8.65E-06,8.48E-06,8.25E-06,8.01E-06,8.34E-06,8.03E-06,7.04E-06,5.42E-06,7.94E-06,3,B1,C1,B1,A1
consultation,NOUN,1.14E-05,1.11E-05,1.13E-05,1.09E-05,1.06E-05,1.17E-05,1.10E-05,1.05E-05,9.42E-06,1.09E-05,4.333333333,B2,C1,B1,A1
consume,VERB,6.58E-06,6.50E-06,6.76E-06,6.71E-06,6.66E-06,6.84E-06,6.82E-06,6.74E-06,6.49E-06,6.68E-06,3.333333333,B1,C1,B1,B2
consumer,NOUN,3.14E-05,3.47E-05,3.41E-05,3.01E-05,2.93E-05,3.13E-05,2.99E-05,2.90E-05,2.20E-05,3.02E-05,3.666666667,B2,A2,B1,A2
consumption,NOUN,3.86E-05,3.87E-05,3.77E-05,3.58E-05,3.52E-05,3.87E-05,3.71E-05,3.64E-05,3.05E-05,3.65E-05,3,B1,A2,B1,A2
contact,NOUN,7.23E-05,7.22E-05,7.11E-05,7.13E-05,6.85E-05,6.80E-05,6.79E-05,6.52E-05,5.63E-05,6.81E-05,2,A2,A2,B1,A2
contact,VERB,8.20E-06,8.49E-06,8.85E-06,8.98E-06,8.63E-06,8.73E-06,8.27E-06,7.75E-06,6.04E-06,8.22E-06,2.333333333,A2,C1,B1,B2
contain,VERB,5.20E-05,5.31E-05,5.48E-05,5.19E-05,5.00E-05,4.79E-05,4.68E-05,4.60E-05,4.52E-05,4.97E-05,2.666666667,B1,A2,B1,A1
container,NOUN,1.28E-05,1.29E-05,1.48E-05,1.47E-05,1.28E-05,1.22E-05,1.16E-05,1.05E-05,7.92E-06,1.22E-05,2,A2,C1,B1,A1
contemplate,VERB,3.71E-06,3.71E-06,3.66E-06,3.82E-06,3.88E-06,3.81E-06,4.05E-06,4.10E-06,5.09E-06,3.98E-06,4.666666667,C1,C2,B1,B2
contemporary,ADJ,5.24E-05,4.77E-05,4.76E-05,4.59E-05,4.57E-05,4.67E-05,4.73E-05,4.68E-05,3.55E-05,4.62E-05,3.666666667,B2,A2,B1,A1
content,ADJ,2.69E-05,2.95E-05,3.21E-05,3.12E-05,3.12E-05,3.21E-05,3.18E-05,3.34E-05,3.25E-05,3.12E-05,2.666666667,B1,A2,B1,B1
content,NOUN,5.72E-05,5.98E-05,6.28E-05,5.97E-05,5.85E-05,5.86E-05,5.87E-05,5.81E-05,4.54E-05,5.77E-05,3.333333333,B1,A1,B1,A2
contest,NOUN,8.37E-06,8.83E-06,8.45E-06,8.67E-06,9.13E-06,8.64E-06,9.38E-06,9.36E-06,1.16E-05,9.15E-06,2.333333333,A2,C1,B1,A1
context,NOUN,0.000113,0.000109896,0.000111785,0.00010927,0.000106176,0.000113857,0.000110779,0.000107647,8.15E-05,0.000107107,3.333333333,B1,A1,B1,A2
continent,NOUN,1.11E-05,1.13E-05,1.11E-05,1.13E-05,1.15E-05,1.09E-05,1.15E-05,1.21E-05,1.30E-05,1.15E-05,2.333333333,A2,B2,B1,A1
continental,ADJ,8.96E-06,8.69E-06,8.07E-06,8.06E-06,7.74E-06,8.12E-06,7.85E-06,7.10E-06,6.43E-06,7.89E-06,3.666666667,B2,C1,B1,B2
continue,VERB,8.27E-05,8.31E-05,8.29E-05,8.26E-05,8.05E-05,8.13E-05,8.08E-05,7.80E-05,7.25E-05,8.05E-05,1.666666667,A2,A2,B1,A1
continuous,ADJ,3.55E-05,3.58E-05,3.44E-05,3.44E-05,3.37E-05,3.48E-05,3.35E-05,3.22E-05,2.77E-05,3.36E-05,3.666666667,B2,A2,B1,B1
contract,NOUN,6.40E-05,7.12E-05,6.49E-05,6.28E-05,5.80E-05,6.09E-05,6.30E-05,5.84E-05,5.07E-05,6.16E-05,3.666666667,B2,A1,B2,A2
contract,VERB,2.84E-06,2.91E-06,2.75E-06,2.72E-06,2.63E-06,2.60E-06,2.68E-06,2.55E-06,2.70E-06,2.71E-06,3.333333333,B1,C2,B1,B2
contradiction,NOUN,9.70E-06,9.44E-06,9.25E-06,8.81E-06,8.88E-06,8.58E-06,9.28E-06,8.94E-06,8.82E-06,9.08E-06,4,B2,C1,B1,A1
contrast,NOUN,7.73E-05,7.55E-05,7.56E-05,7.26E-05,7.25E-05,7.49E-05,7.49E-05,7.12E-05,5.76E-05,7.24E-05,3,B1,A1,B1,A2
contrast,VERB,2.59E-06,2.58E-06,2.60E-06,2.44E-06,2.44E-06,2.46E-06,2.39E-06,2.37E-06,2.16E-06,2.45E-06,3.333333333,B1,C2,B1,B2
contribute,VERB,3.15E-05,3.21E-05,3.17E-05,3.10E-05,3.11E-05,3.27E-05,3.25E-05,3.05E-05,2.60E-05,3.10E-05,4,B2,A2,B1,A1
contribution,NOUN,3.90E-05,3.93E-05,3.82E-05,3.70E-05,3.61E-05,3.90E-05,3.75E-05,3.51E-05,2.78E-05,3.66E-05,3.333333333,B1,A2,B1,A2
control,NOUN,0.000232767,0.000233375,0.000243659,0.000230043,0.000217559,0.00022071,0.00021648,0.000205502,0.000170371,0.000218941,2.333333333,A2,A1,B1,A2
control,VERB,4.43E-05,4.43E-05,4.56E-05,4.43E-05,4.20E-05,4.21E-05,4.08E-05,3.95E-05,3.37E-05,4.18E-05,2,A2,A2,B1,A1
controversial,ADJ,1.35E-05,1.35E-05,1.33E-05,1.28E-05,1.25E-05,1.30E-05,1.29E-05,1.24E-05,9.71E-06,1.26E-05,4,B2,C1,B1,B2
controversy,NOUN,1.57E-05,1.56E-05,1.50E-05,1.45E-05,1.42E-05,1.42E-05,1.50E-05,1.43E-05,1.48E-05,1.48E-05,4,B2,B2,B1,B1
convenient,ADJ,1.47E-05,1.45E-05,1.42E-05,1.44E-05,1.41E-05,1.35E-05,1.37E-05,1.43E-05,1.74E-05,1.45E-05,3,B1,B2,B1,B2
convention,NOUN,1.81E-05,1.68E-05,1.63E-05,1.67E-05,1.64E-05,1.55E-05,1.61E-05,1.54E-05,1.71E-05,1.65E-05,4.333333333,B2,B2,B1,B1
conventional,ADJ,3.55E-05,3.46E-05,3.39E-05,3.28E-05,3.18E-05,3.27E-05,3.24E-05,3.10E-05,2.40E-05,3.21E-05,4,B2,A2,B1,B1
conversation,NOUN,4.01E-05,4.16E-05,4.22E-05,4.35E-05,4.68E-05,4.72E-05,4.83E-05,5.06E-05,5.77E-05,4.64E-05,2,A2,A1,A2,A2
conversion,NOUN,2.44E-05,2.52E-05,2.43E-05,2.42E-05,2.33E-05,2.33E-05,2.41E-05,2.25E-05,2.02E-05,2.35E-05,4.333333333,B2,B2,B1,B1
convert,VERB,1.09E-05,1.17E-05,1.22E-05,1.18E-05,1.13E-05,1.06E-05,1.05E-05,1.06E-05,9.54E-06,1.10E-05,4.333333333,B2,C1,B1,B1
convey,VERB,1.17E-05,1.17E-05,1.16E-05,1.16E-05,1.19E-05,1.17E-05,1.19E-05,1.19E-05,1.31E-05,1.19E-05,3.666666667,B2,B2,B1,B1
conviction,NOUN,1.80E-05,1.76E-05,1.64E-05,1.73E-05,1.76E-05,1.71E-05,1.81E-05,1.86E-05,2.29E-05,1.82E-05,5.333333333,C1,B2,B1,B1
convince,VERB,1.20E-05,1.20E-05,1.22E-05,1.25E-05,1.26E-05,1.26E-05,1.25E-05,1.26E-05,1.28E-05,1.24E-05,3.333333333,B1,B2,B1,B1
convinced,ADJ,5.68E-06,5.47E-06,5.48E-06,5.66E-06,5.74E-06,5.53E-06,5.86E-06,6.06E-06,6.97E-06,5.83E-06,3.333333333,B1,C1,B1,B2
cook,VERB,8.20E-06,8.67E-06,9.04E-06,9.46E-06,9.21E-06,9.38E-06,8.80E-06,8.65E-06,8.17E-06,8.84E-06,1.666666667,A2,C1,B1,A2
cooking,NOUN,5.30E-06,5.37E-06,5.35E-06,5.13E-06,5.27E-06,5.13E-06,4.90E-06,5.09E-06,4.85E-06,5.15E-06,1.333333333,A1,C1,B1,A1
cool,ADJ,2.19E-05,2.18E-05,2.27E-05,2.34E-05,2.42E-05,2.41E-05,2.30E-05,2.41E-05,2.56E-05,2.34E-05,2,A2,B2,A2,B1
cool,VERB,3.70E-06,3.81E-06,3.84E-06,4.13E-06,3.94E-06,3.78E-06,3.77E-06,3.89E-06,4.03E-06,3.88E-06,1.666666667,A2,C2,B1,B2
cooperative,ADJ,1.33E-05,1.27E-05,1.24E-05,1.20E-05,1.10E-05,1.16E-05,1.12E-05,1.08E-05,8.28E-06,1.15E-05,4.666666667,C1,C1,B1,B2
cope,VERB,1.23E-05,1.22E-05,1.18E-05,1.15E-05,1.13E-05,1.14E-05,1.11E-05,1.02E-05,8.64E-06,1.11E-05,3.666666667,B2,C1,B1,B1
copper,NOUN,1.83E-05,1.60E-05,1.63E-05,1.58E-05,1.50E-05,1.38E-05,1.46E-05,1.66E-05,1.80E-05,1.60E-05,3,B1,B2,B1,B1
copy,NOUN,3.82E-05,3.85E-05,3.84E-05,3.76E-05,3.70E-05,3.51E-05,3.57E-05,3.44E-05,3.37E-05,3.65E-05,2.333333333,A2,A1,B1,A2
copy,VERB,6.33E-06,7.02E-06,7.07E-06,7.24E-06,6.60E-06,5.84E-06,5.44E-06,5.90E-06,5.17E-06,6.29E-06,1.666666667,A2,C1,B1,B2
core,NOUN,4.42E-05,4.55E-05,4.70E-05,4.64E-05,4.55E-05,4.69E-05,4.64E-05,4.57E-05,3.59E-05,4.48E-05,3.333333333,B1,A2,B1,A2
corner,NOUN,3.94E-05,3.99E-05,4.17E-05,4.19E-05,4.33E-05,4.29E-05,4.13E-05,4.44E-05,4.88E-05,4.26E-05,2.333333333,A2,A1,A2,A2
corporate,ADJ,4.20E-05,4.44E-05,4.61E-05,4.50E-05,4.31E-05,4.55E-05,4.33E-05,4.16E-05,3.33E-05,4.27E-05,2.333333333,A2,A2,B1,A1
corporation,NOUN,3.09E-05,3.25E-05,2.93E-05,2.57E-05,2.76E-05,2.97E-05,2.72E-05,2.62E-05,2.36E-05,2.81E-05,3.666666667,B2,B2,B1,A2
correct,ADJ,5.30E-05,5.44E-05,5.57E-05,5.72E-05,5.73E-05,5.33E-05,5.04E-05,4.96E-05,4.62E-05,5.30E-05,2.666666667,B1,A1,A2,A1
correct,VERB,8.70E-06,8.90E-06,8.79E-06,8.84E-06,8.57E-06,8.79E-06,8.37E-06,8.12E-06,7.96E-06,8.56E-06,1.666666667,A2,C1,B1,B2
correctly,ADV,1.82E-05,1.86E-05,1.92E-05,1.94E-05,1.86E-05,1.86E-05,1.77E-05,1.72E-05,1.56E-05,1.81E-05,2.333333333,A2,B2,B1,A2
correspond,VERB,1.19E-05,1.20E-05,1.18E-05,1.19E-05,1.14E-05,1.14E-05,1.14E-05,1.10E-05,9.81E-06,1.14E-05,3.333333333,B1,C1,B1,B1
corridor,NOUN,7.29E-06,7.20E-06,7.49E-06,7.45E-06,7.61E-06,7.56E-06,7.50E-06,8.04E-06,7.77E-06,7.55E-06,1.333333333,A1,C1,B1,A1
corruption,NOUN,1.63E-05,1.62E-05,1.50E-05,1.65E-05,1.60E-05,1.73E-05,1.73E-05,1.70E-05,1.56E-05,1.64E-05,5,C1,B2,B1,B1
cost,NOUN,0.000111489,0.000117991,0.000115492,0.000110449,0.00010908,0.00011394,0.000108958,0.000106598,9.38E-05,0.000109753,2,A2,A1,A2,A2
cost,VERB,1.93E-05,1.98E-05,1.92E-05,1.89E-05,1.95E-05,1.93E-05,1.88E-05,1.92E-05,2.05E-05,1.94E-05,1.666666667,A2,B2,B1,B1
cottage,NOUN,7.20E-06,7.38E-06,6.86E-06,6.89E-06,8.05E-06,7.23E-06,7.83E-06,8.66E-06,1.26E-05,8.08E-06,2,A2,C1,B1,A1
cotton,NOUN,1.80E-05,1.75E-05,1.80E-05,1.65E-05,1.65E-05,1.67E-05,1.73E-05,1.81E-05,1.91E-05,1.75E-05,2.666666667,B1,B2,B1,B1
could,VERB,0.000951944,0.000953878,0.0009824,0.000990142,0.001013299,0.001014569,0.001004975,0.001039123,0.001104703,0.001006115,1,A1,A1,A1,B1
council,NOUN,2.18E-05,2.07E-05,2.02E-05,1.98E-05,2.01E-05,1.91E-05,2.16E-05,2.08E-05,2.43E-05,2.09E-05,3,B1,B2,B1,B1
count,VERB,1.53E-05,1.54E-05,1.55E-05,1.56E-05,1.58E-05,1.56E-05,1.55E-05,1.58E-05,1.64E-05,1.56E-05,1.333333333,A1,B2,B1,B2
counter,NOUN,1.50E-05,1.55E-05,1.58E-05,1.61E-05,1.52E-05,1.56E-05,1.51E-05,1.53E-05,1.41E-05,1.53E-05,3.666666667,B2,B2,B1,B1
counterpart,NOUN,6.84E-06,6.80E-06,6.67E-06,6.41E-06,6.21E-06,6.33E-06,6.25E-06,5.99E-06,4.99E-06,6.28E-06,4,B2,C1,B1,A1
country,NOUN,0.000203173,0.000201538,0.000195255,0.000201233,0.000204927,0.000204493,0.000212449,0.00022282,0.000265359,0.000212361,1,A1,A1,A1,A2
countryside,NOUN,1.13E-05,1.03E-05,1.09E-05,1.00E-05,9.51E-06,9.43E-06,9.26E-06,8.89E-06,6.79E-06,9.60E-06,2.333333333,A2,C1,B1,A1
county,NOUN,2.02E-05,2.16E-05,1.92E-05,1.97E-05,1.91E-05,1.81E-05,1.96E-05,1.95E-05,2.76E-05,2.05E-05,2.333333333,A2,B2,B1,B1
coup,NOUN,6.65E-06,7.04E-06,6.55E-06,6.41E-06,5.89E-06,6.50E-06,6.07E-06,6.41E-06,5.49E-06,6.33E-06,4.5,B2,C1,B1,A1
couple,NOUN,5.39E-05,5.42E-05,5.84E-05,5.91E-05,5.98E-05,6.13E-05,5.82E-05,5.80E-05,5.37E-05,5.74E-05,1.666666667,A2,A1,A2,A2
courage,NOUN,1.79E-05,1.76E-05,1.77E-05,1.85E-05,2.11E-05,1.98E-05,2.13E-05,2.33E-05,3.16E-05,2.10E-05,3.333333333,B1,B2,A2,B1
course,NOUN,0.000239858,0.000237343,0.000235653,0.000240215,0.000242799,0.000240209,0.000241039,0.000248064,0.00027512,0.000244478,2.666666667,B1,A1,A1,A2
court,NOUN,0.000132294,0.000138476,0.00013677,0.000127241,0.000124517,0.000125962,0.000125165,0.000121644,0.00011794,0.000127779,3.333333333,B1,A1,B1,A2
cousin,NOUN,1.15E-05,1.16E-05,1.16E-05,1.25E-05,1.43E-05,1.31E-05,1.36E-05,1.48E-05,1.95E-05,1.36E-05,1,A1,B2,A2,B1
cover,NOUN,3.02E-05,2.94E-05,2.96E-05,3.01E-05,3.01E-05,3.04E-05,2.86E-05,2.87E-05,2.60E-05,2.92E-05,2.666666667,B1,A2,A2,A2
cover,VERB,3.65E-05,3.69E-05,3.75E-05,3.77E-05,3.64E-05,3.68E-05,3.56E-05,3.54E-05,3.31E-05,3.62E-05,2.333333333,A2,A2,B1,A1
coverage,NOUN,2.70E-05,2.86E-05,2.71E-05,2.80E-05,2.67E-05,2.83E-05,2.74E-05,2.55E-05,1.93E-05,2.64E-05,4.333333333,B2,B2,B1,B1
cow,NOUN,9.11E-06,8.59E-06,9.06E-06,8.84E-06,9.43E-06,9.35E-06,9.12E-06,1.00E-05,1.14E-05,9.44E-06,1,A1,C1,B1,A1
crack,NOUN,9.41E-06,9.32E-06,8.50E-06,9.95E-06,8.34E-06,8.97E-06,8.46E-06,7.90E-06,7.49E-06,8.71E-06,1.333333333,A1,C1,B1,A1
crack,VERB,3.72E-06,3.70E-06,3.63E-06,3.95E-06,3.68E-06,3.73E-06,3.50E-06,3.52E-06,3.45E-06,3.65E-06,3.666666667,B2,C2,B1,B2
craft,NOUN,1.26E-05,1.19E-05,1.17E-05,1.18E-05,1.22E-05,1.12E-05,1.11E-05,1.23E-05,1.29E-05,1.20E-05,3,B1,B2,B1,A1
crash,NOUN,7.49E-06,7.50E-06,7.96E-06,7.81E-06,7.69E-06,7.84E-06,7.35E-06,7.55E-06,7.47E-06,7.63E-06,3,B1,C1,B1,A1
crash,VERB,1.33E-06,1.43E-06,1.63E-06,1.57E-06,1.46E-06,1.53E-06,1.40E-06,1.40E-06,1.18E-06,1.44E-06,3.333333333,B1,C2,B1,C1
crawl,NOUN,9.27E-07,9.57E-07,1.01E-06,1.03E-06,1.06E-06,1.08E-06,9.63E-07,9.87E-07,8.96E-07,9.89E-07,4.666666667,C1,C2,B1,C1
crazy,ADJ,1.36E-05,1.37E-05,1.49E-05,1.50E-05,1.52E-05,1.60E-05,1.49E-05,1.52E-05,1.42E-05,1.47E-05,2.333333333,A2,B2,B1,B2
cream,NOUN,1.70E-05,1.73E-05,1.77E-05,1.73E-05,1.81E-05,1.75E-05,1.68E-05,1.67E-05,1.53E-05,1.71E-05,2,A2,B2,A2,B1
create,VERB,0.000112154,0.000121614,0.000130913,0.000127873,0.000118419,0.00011302,0.000113284,0.00011233,9.06E-05,0.000115582,2.333333333,A2,A1,B1,A2
creation,NOUN,5.60E-05,5.48E-05,5.54E-05,5.64E-05,5.43E-05,5.54E-05,5.61E-05,5.39E-05,4.84E-05,5.45E-05,3.333333333,B1,A1,B1,A2
creative,ADJ,3.21E-05,3.16E-05,3.21E-05,3.23E-05,3.25E-05,3.34E-05,3.30E-05,3.26E-05,2.59E-05,3.17E-05,2,A2,A2,B1,B1
creature,NOUN,1.26E-05,1.30E-05,1.31E-05,1.43E-05,1.64E-05,1.49E-05,1.68E-05,1.84E-05,2.66E-05,1.62E-05,4.333333333,B2,B2,B1,B1
credit,NOUN,5.36E-05,5.54E-05,5.47E-05,5.49E-05,5.37E-05,5.63E-05,5.48E-05,5.37E-05,5.17E-05,5.43E-05,3,B1,A1,B1,A2
creep,VERB,1.74E-06,1.73E-06,1.71E-06,1.91E-06,1.99E-06,1.90E-06,1.99E-06,2.22E-06,2.96E-06,2.02E-06,3.333333333,B1,C2,B1,B2
crew,NOUN,2.07E-05,2.18E-05,2.23E-05,2.31E-05,2.34E-05,2.23E-05,2.15E-05,2.22E-05,2.36E-05,2.23E-05,3,B1,B2,A2,B1
cricket,NOUN,2.65E-06,2.60E-06,2.56E-06,2.49E-06,3.33E-06,3.39E-06,3.60E-06,2.72E-06,3.00E-06,2.93E-06,3.666666667,B2,C2,B1,C1
crime,NOUN,4.84E-05,5.02E-05,4.79E-05,4.87E-05,4.82E-05,4.79E-05,4.87E-05,5.09E-05,4.77E-05,4.87E-05,2,A2,A1,B1,A2
criminal,ADJ,3.83E-05,4.02E-05,3.94E-05,3.93E-05,3.65E-05,3.81E-05,3.68E-05,3.94E-05,3.45E-05,3.81E-05,2.666666667,B1,A2,B1,B1
criminal,NOUN,1.45E-06,1.45E-06,1.45E-06,1.45E-06,1.54E-06,1.46E-06,1.52E-06,1.58E-06,1.78E-06,1.52E-06,2.666666667,B1,C2,B1,C1
crisis,NOUN,5.16E-05,5.17E-05,4.83E-05,4.40E-05,4.30E-05,4.40E-05,4.29E-05,4.11E-05,3.53E-05,4.46E-05,2.666666667,B1,A1,B1,A2
crisp,NOUN,3.44E-07,3.72E-07,3.92E-07,3.77E-07,4.07E-07,4.03E-07,3.70E-07,3.69E-07,3.76E-07,3.79E-07,2.666666667,B1,C2,B1,C1
criterion,NOUN,1.55E-05,1.53E-05,1.47E-05,1.45E-05,1.44E-05,1.52E-05,1.47E-05,1.35E-05,1.05E-05,1.42E-05,4,B2,B2,B1,B1
critic,NOUN,1.14E-05,1.07E-05,1.00E-05,9.53E-06,1.01E-05,9.95E-06,1.01E-05,1.06E-05,1.02E-05,1.03E-05,4,B2,C1,B1,A1
critical,ADJ,9.48E-05,9.47E-05,9.44E-05,9.24E-05,9.19E-05,9.47E-05,9.54E-05,9.18E-05,7.43E-05,9.16E-05,4,B2,A2,B1,A2
criticise,VERB,9.22E-07,7.72E-07,7.66E-07,7.92E-07,8.66E-07,8.28E-07,9.06E-07,9.96E-07,1.32E-06,9.08E-07,2.666666667,B1,C2,B1,C1
criticism,NOUN,3.47E-05,3.27E-05,3.23E-05,3.04E-05,3.06E-05,3.07E-05,3.11E-05,3.17E-05,2.91E-05,3.15E-05,3.666666667,B2,A2,B1,A2
criticize,VERB,3.98E-06,3.93E-06,3.87E-06,3.83E-06,3.71E-06,3.74E-06,3.74E-06,3.63E-06,2.95E-06,3.71E-06,4.333333333,B2,C2,B1,B2
crop,NOUN,1.64E-05,1.58E-05,1.62E-05,1.47E-05,1.56E-05,1.45E-05,1.47E-05,1.56E-05,1.59E-05,1.55E-05,3,B1,B2,B1,B1
crop,VERB,7.33E-07,8.02E-07,8.01E-07,8.50E-07,8.54E-07,7.96E-07,7.73E-07,7.90E-07,7.40E-07,7.93E-07,2,A2,C2,B1,C1
cross,NOUN,2.58E-05,2.64E-05,2.64E-05,2.77E-05,2.80E-05,2.70E-05,2.87E-05,2.81E-05,3.02E-05,2.76E-05,2.666666667,B1,A2,B1,A2
cross,VERB,1.68E-05,1.69E-05,1.71E-05,1.71E-05,1.77E-05,1.72E-05,1.73E-05,1.79E-05,1.94E-05,1.75E-05,2.333333333,A2,B2,B1,B1
crowd,NOUN,2.62E-05,2.68E-05,2.78E-05,2.86E-05,3.09E-05,3.10E-05,3.08E-05,3.29E-05,3.82E-05,3.03E-05,2.333333333,A2,A1,A2,A2
crucial,ADJ,3.54E-05,3.45E-05,3.46E-05,3.29E-05,3.25E-05,3.32E-05,3.25E-05,3.12E-05,2.34E-05,3.22E-05,3.333333333,B1,A2,B1,B1
cry,NOUN,1.11E-05,1.12E-05,1.09E-05,1.17E-05,1.39E-05,1.27E-05,1.33E-05,1.60E-05,2.36E-05,1.38E-05,1,A1,B2,A2,B1
cry,VERB,9.73E-06,9.87E-06,1.04E-05,1.08E-05,1.14E-05,1.16E-05,1.13E-05,1.19E-05,1.43E-05,1.12E-05,1.666666667,A2,B2,A2,B1
crystal,NOUN,3.35E-06,3.27E-06,3.01E-06,3.66E-06,3.51E-06,3.50E-06,3.18E-06,3.38E-06,2.69E-06,3.28E-06,2.333333333,A2,C2,B1,C1
cultural,ADJ,0.000140243,0.000136852,0.000135076,0.000129687,0.000127847,0.000130498,0.000128077,0.000124711,9.43E-05,0.000127478,2.333333333,A2,A1,B1,A2
culture,NOUN,0.000153925,0.000149596,0.000148687,0.000143423,0.000142576,0.000143818,0.00014328,0.000139054,0.000109043,0.000141489,2.333333333,A2,A1,B1,A2
cup,NOUN,3.01E-05,3.11E-05,3.10E-05,3.19E-05,3.13E-05,3.07E-05,2.90E-05,2.90E-05,3.01E-05,3.05E-05,1,A1,A2,A2,A2
cup,VERB,7.70E-07,7.32E-07,7.23E-07,8.17E-07,7.17E-07,7.29E-07,7.01E-07,6.03E-07,4.81E-07,6.97E-07,1.666666667,A2,C2,B1,C1
cupboard,NOUN,2.08E-06,2.19E-06,2.08E-06,2.16E-06,2.26E-06,2.28E-06,2.29E-06,2.61E-06,3.01E-06,2.33E-06,1.666666667,A2,C2,B1,C1
curious,ADJ,1.51E-05,1.51E-05,1.47E-05,1.62E-05,1.82E-05,1.68E-05,1.83E-05,2.09E-05,2.97E-05,1.83E-05,3,B1,B2,B1,B1
curiously,ADV,3.25E-06,3.13E-06,3.10E-06,3.19E-06,3.81E-06,3.56E-06,3.53E-06,4.47E-06,6.26E-06,3.81E-06,3.666666667,B2,C1,B1,A2
currency,NOUN,2.25E-05,2.15E-05,2.07E-05,2.05E-05,1.85E-05,1.91E-05,1.94E-05,1.82E-05,1.65E-05,1.97E-05,2.666666667,B1,B2,B1,B1
current,ADJ,0.000134233,0.000139917,0.000140049,0.000136342,0.000131559,0.000135048,0.000132894,0.000129987,0.000111412,0.000132382,3,B1,A1,B1,A2
current,NOUN,8.34E-06,8.86E-06,8.53E-06,8.17E-06,8.31E-06,8.41E-06,8.50E-06,9.38E-06,1.19E-05,8.93E-06,3,B1,C1,B1,A1
currently,ADV,3.52E-05,3.69E-05,3.78E-05,3.64E-05,3.52E-05,3.59E-05,3.47E-05,3.37E-05,2.53E-05,3.46E-05,3.333333333,B1,B1,B1,B1
curriculum,NOUN,2.34E-05,2.02E-05,2.05E-05,2.27E-05,2.04E-05,2.27E-05,2.08E-05,1.97E-05,1.64E-05,2.07E-05,3.333333333,B1,B2,A2,B1
curry,NOUN,4.90E-07,4.94E-07,5.20E-07,5.31E-07,5.19E-07,5.29E-07,5.22E-07,5.04E-07,5.91E-07,5.22E-07,2.333333333,A2,C2,B1,C1
curtain,NOUN,6.27E-06,6.11E-06,6.22E-06,6.36E-06,7.01E-06,6.82E-06,6.83E-06,7.45E-06,8.81E-06,6.87E-06,1.333333333,A1,C1,B1,A1
curve,NOUN,3.44E-05,3.68E-05,3.46E-05,3.29E-05,3.34E-05,3.43E-05,3.21E-05,3.42E-05,2.77E-05,3.34E-05,3,B1,A2,A2,A2
custody,NOUN,9.75E-06,9.35E-06,9.46E-06,8.81E-06,9.04E-06,9.50E-06,9.82E-06,8.69E-06,7.71E-06,9.13E-06,5,C1,C1,B1,A1
custom,NOUN,1.78E-05,1.93E-05,2.05E-05,2.23E-05,2.06E-05,1.85E-05,2.10E-05,2.25E-05,2.56E-05,2.09E-05,3.333333333,B1,B2,B1,B1
customer,NOUN,4.16E-05,5.06E-05,4.98E-05,4.79E-05,4.40E-05,4.55E-05,4.40E-05,4.20E-05,3.50E-05,4.45E-05,2,A2,A1,B1,A2
cut,NOUN,1.31E-05,1.34E-05,1.31E-05,1.36E-05,1.37E-05,1.34E-05,1.28E-05,1.34E-05,1.38E-05,1.34E-05,3,B1,B2,A2,B1
cut,VERB,6.89E-05,6.95E-05,6.83E-05,7.02E-05,7.09E-05,6.93E-05,6.81E-05,7.15E-05,8.10E-05,7.09E-05,1.333333333,A1,A2,A2,A1
cycle,NOUN,4.81E-05,4.80E-05,4.83E-05,4.59E-05,4.64E-05,4.75E-05,4.66E-05,4.30E-05,3.33E-05,4.52E-05,1.666666667,A2,A2,B1,A2
dad,NOUN,1.07E-05,1.13E-05,1.25E-05,1.34E-05,1.39E-05,1.65E-05,1.53E-05,1.61E-05,1.34E-05,1.37E-05,1,A1,B2,B1,B1
daily,ADJ,5.23E-05,5.29E-05,5.14E-05,5.11E-05,5.18E-05,5.17E-05,5.14E-05,5.09E-05,4.94E-05,5.14E-05,2,A2,A2,B1,A1
daily,ADV,1.60E-05,1.58E-05,1.46E-05,1.41E-05,1.41E-05,1.38E-05,1.37E-05,1.42E-05,1.54E-05,1.46E-05,1,A1,B2,B1,A2
damage,NOUN,4.89E-05,4.94E-05,4.92E-05,4.93E-05,4.60E-05,4.72E-05,4.55E-05,4.25E-05,3.48E-05,4.59E-05,3,B1,A2,B1,A2
damage,VERB,4.66E-06,4.65E-06,4.72E-06,4.63E-06,4.46E-06,4.52E-06,4.25E-06,3.97E-06,3.30E-06,4.35E-06,3,B1,C2,B1,B2
damp,ADJ,5.93E-06,5.91E-06,5.96E-06,5.98E-06,6.15E-06,6.04E-06,5.74E-06,6.34E-06,7.88E-06,6.22E-06,3,B1,C1,B1,B2
damp,VERB,6.45E-07,6.71E-07,6.86E-07,6.85E-07,6.86E-07,6.62E-07,6.68E-07,7.29E-07,9.74E-07,7.12E-07,3,B1,C2,B1,C1
dance,NOUN,2.56E-05,2.43E-05,2.58E-05,2.44E-05,2.60E-05,2.58E-05,2.55E-05,2.56E-05,2.34E-05,2.52E-05,2.333333333,A2,B2,B1,B1
dance,VERB,7.60E-06,7.55E-06,7.92E-06,7.94E-06,8.47E-06,8.47E-06,8.03E-06,8.51E-06,9.12E-06,8.18E-06,1,A1,C1,B1,B2
dancer,NOUN,3.74E-06,3.65E-06,4.11E-06,3.63E-06,3.86E-06,4.03E-06,3.67E-06,3.90E-06,3.30E-06,3.76E-06,1.333333333,A1,C2,B1,C1
danger,NOUN,3.68E-05,3.63E-05,3.54E-05,3.70E-05,3.91E-05,3.68E-05,3.93E-05,4.27E-05,5.53E-05,3.99E-05,2.666666667,B1,A1,A2,A2
dangerous,ADJ,3.64E-05,3.59E-05,3.58E-05,3.68E-05,3.74E-05,3.63E-05,3.66E-05,3.81E-05,4.12E-05,3.72E-05,1.333333333,A1,A2,A2,A1
dangerously,ADV,2.85E-06,2.72E-06,2.70E-06,2.70E-06,2.75E-06,2.68E-06,2.71E-06,2.80E-06,2.84E-06,2.75E-06,2,A2,C2,B1,A2
dark,ADJ,7.85E-05,7.87E-05,8.06E-05,8.25E-05,8.68E-05,8.55E-05,8.38E-05,9.06E-05,0.000106456,8.59E-05,1.666666667,A2,A2,A1,A2
dark,NOUN,1.09E-06,1.11E-06,1.08E-06,1.14E-06,1.21E-06,1.22E-06,1.19E-06,1.40E-06,1.81E-06,1.25E-06,1,A1,C2,B1,C1
darkness,NOUN,2.28E-05,2.34E-05,2.38E-05,2.59E-05,2.80E-05,2.67E-05,2.72E-05,2.97E-05,3.87E-05,2.74E-05,2.333333333,A2,A2,A2,A2
darling,NOUN,4.05E-06,4.18E-06,4.19E-06,4.12E-06,5.01E-06,4.82E-06,4.62E-06,5.41E-06,7.98E-06,4.93E-06,2.333333333,A2,C1,B1,A1
data,NOUN,0.000316852,0.00033979,0.00035838,0.000350897,0.000311714,0.00032562,0.000312353,0.000296465,0.000228381,0.000315606,2.333333333,A2,A1,B1,A2
database,NOUN,4.06E-05,4.58E-05,5.75E-05,5.37E-05,4.09E-05,3.90E-05,4.08E-05,3.53E-05,2.76E-05,4.24E-05,3.333333333,B1,A2,B2,A2
date,NOUN,7.98E-05,8.36E-05,8.07E-05,8.18E-05,8.06E-05,7.99E-05,8.07E-05,7.74E-05,6.97E-05,7.94E-05,1.666666667,A2,A2,B1,A2
date,VERB,4.09E-06,3.87E-06,3.82E-06,3.81E-06,3.84E-06,3.88E-06,3.91E-06,3.79E-06,3.22E-06,3.80E-06,1.666666667,A2,C2,B1,B2
daughter,NOUN,6.32E-05,6.29E-05,6.15E-05,6.38E-05,6.80E-05,6.66E-05,6.67E-05,6.94E-05,7.98E-05,6.69E-05,1,A1,A2,A2,A2
dawn,NOUN,1.10E-05,1.10E-05,1.10E-05,1.14E-05,1.22E-05,1.17E-05,1.14E-05,1.27E-05,1.53E-05,1.20E-05,3.333333333,B1,B2,A2,A1
day,NOUN,0.000351536,0.000356339,0.000359301,0.000376419,0.000397249,0.00038988,0.000394172,0.000413041,0.00049979,0.000393081,1,A1,A1,A1,A2
dazzle,VERB,3.23E-07,3.17E-07,3.05E-07,3.30E-07,3.60E-07,3.33E-07,3.43E-07,3.80E-07,5.17E-07,3.57E-07,5.666666667,C2,C2,B1,C1
dead,ADJ,7.92E-05,7.85E-05,7.96E-05,8.52E-05,8.79E-05,8.64E-05,8.68E-05,9.32E-05,0.000111196,8.76E-05,3,B1,A2,A1,A2
deadly,ADJ,7.56E-06,7.51E-06,7.66E-06,8.16E-06,8.66E-06,8.29E-06,8.35E-06,9.14E-06,1.12E-05,8.51E-06,2.666666667,B1,C1,B1,B2
deaf,ADJ,7.78E-06,6.24E-06,6.36E-06,7.10E-06,6.48E-06,6.54E-06,6.31E-06,6.93E-06,7.48E-06,6.80E-06,3,B1,C1,B1,B2
deal,NOUN,4.91E-05,4.96E-05,4.97E-05,5.00E-05,5.18E-05,5.09E-05,5.11E-05,5.35E-05,5.95E-05,5.17E-05,3,B1,A1,A2,A2
deal,VERB,4.29E-05,4.31E-05,4.30E-05,4.30E-05,4.17E-05,4.28E-05,4.15E-05,4.07E-05,3.70E-05,4.17E-05,3,B1,A2,B1,A1
dealer,NOUN,7.91E-06,7.49E-06,6.55E-06,6.87E-06,7.01E-06,7.07E-06,6.44E-06,6.27E-06,5.88E-06,6.83E-06,2.666666667,B1,C1,B1,A1
dear,ADJ,1.38E-05,1.44E-05,1.34E-05,1.53E-05,2.16E-05,1.80E-05,2.21E-05,2.69E-05,5.18E-05,2.19E-05,2.333333333,A2,B2,A2,A2
dear,NOUN,5.66E-06,5.68E-06,5.49E-06,5.81E-06,8.54E-06,6.96E-06,7.81E-06,1.01E-05,1.92E-05,8.36E-06,1.333333333,A1,C1,A2,A1
death,NOUN,0.000183164,0.000180575,0.000174874,0.000184507,0.000189269,0.000185043,0.000190973,0.000189367,0.000213084,0.000187873,1.666666667,A2,A1,A2,A2
debate,NOUN,4.38E-05,4.13E-05,4.09E-05,3.87E-05,3.86E-05,3.92E-05,3.95E-05,3.86E-05,3.28E-05,3.93E-05,2.666666667,B1,A2,B1,A2
debt,NOUN,3.73E-05,3.75E-05,3.60E-05,3.73E-05,3.66E-05,3.68E-05,3.77E-05,3.67E-05,3.47E-05,3.67E-05,3.666666667,B2,A2,B1,A2
debut,NOUN,3.06E-06,2.79E-06,2.74E-06,2.65E-06,2.80E-06,2.94E-06,2.88E-06,2.84E-06,2.11E-06,2.76E-06,4,B2,C2,B1,C1
decade,NOUN,2.99E-05,2.96E-05,2.93E-05,2.85E-05,2.77E-05,2.83E-05,2.71E-05,2.62E-05,2.03E-05,2.74E-05,2.666666667,B1,B2,B1,A2
decent,ADJ,8.43E-06,8.27E-06,8.41E-06,8.67E-06,9.09E-06,9.13E-06,8.98E-06,9.52E-06,1.05E-05,9.00E-06,3,B1,C1,B1,B2
decide,VERB,4.05E-05,4.15E-05,4.15E-05,4.14E-05,4.05E-05,4.08E-05,3.93E-05,3.88E-05,3.63E-05,4.01E-05,3,B1,A2,B1,A1
decision,NOUN,0.000120567,0.000127102,0.00012422,0.000120025,0.000116526,0.000124344,0.000119434,0.000115397,0.000100048,0.000118629,2.666666667,B1,A1,B1,A2
deck,NOUN,1.42E-05,1.51E-05,1.50E-05,1.60E-05,1.69E-05,1.57E-05,1.48E-05,1.73E-05,2.12E-05,1.62E-05,3,B1,B2,A2,B1
declaration,NOUN,1.38E-05,1.36E-05,1.50E-05,1.41E-05,1.37E-05,1.31E-05,1.43E-05,1.31E-05,1.57E-05,1.40E-05,4.333333333,B2,C1,B1,B1
declare,VERB,1.02E-05,1.04E-05,1.10E-05,1.13E-05,1.14E-05,1.06E-05,1.18E-05,1.16E-05,1.61E-05,1.16E-05,3.666666667,B2,B2,B1,B1
decline,NOUN,3.03E-05,2.87E-05,2.76E-05,2.62E-05,2.52E-05,2.56E-05,2.57E-05,2.40E-05,1.93E-05,2.58E-05,3.333333333,B1,B2,B1,B1
decline,VERB,6.05E-06,6.21E-06,5.87E-06,5.68E-06,5.56E-06,5.67E-06,5.79E-06,5.60E-06,6.00E-06,5.83E-06,3.666666667,B2,C1,B1,B2
decorate,VERB,2.09E-06,2.00E-06,1.94E-06,2.02E-06,1.91E-06,1.82E-06,1.79E-06,1.69E-06,1.59E-06,1.87E-06,3.333333333,B1,C2,B1,B2
decorative,ADJ,6.32E-06,5.81E-06,5.70E-06,5.38E-06,5.16E-06,5.00E-06,4.91E-06,4.74E-06,4.16E-06,5.24E-06,3.666666667,B2,C1,B1,B2
decrease,VERB,1.37E-05,1.46E-05,1.41E-05,1.35E-05,1.38E-05,1.38E-05,1.36E-05,1.28E-05,9.80E-06,1.33E-05,2,A2,B2,B1,B2
deem,VERB,1.84E-06,1.99E-06,1.82E-06,2.02E-06,2.17E-06,2.00E-06,2.41E-06,2.41E-06,4.17E-06,2.31E-06,4.666666667,C1,C2,B2,B2
deep,ADJ,8.02E-05,8.06E-05,8.22E-05,8.34E-05,8.73E-05,8.58E-05,8.58E-05,8.86E-05,0.00010353,8.64E-05,2,A2,A2,A2,A2
deep,ADV,7.92E-06,7.90E-06,8.50E-06,8.55E-06,8.92E-06,9.02E-06,8.75E-06,9.03E-06,9.67E-06,8.70E-06,2,A2,C1,B1,A2
deeply,ADV,3.20E-05,3.18E-05,3.23E-05,3.21E-05,3.35E-05,3.30E-05,3.36E-05,3.45E-05,3.73E-05,3.33E-05,2.666666667,B1,A2,B1,B1
defeat,NOUN,1.39E-05,1.34E-05,1.34E-05,1.24E-05,1.29E-05,1.28E-05,1.33E-05,1.36E-05,1.41E-05,1.33E-05,3.333333333,B1,B2,B1,A1
defeat,VERB,5.06E-06,4.97E-06,5.32E-06,5.18E-06,5.12E-06,5.19E-06,5.31E-06,5.20E-06,5.33E-06,5.19E-06,3.666666667,B2,C1,B1,B2
defect,NOUN,1.16E-05,1.09E-05,1.06E-05,1.14E-05,1.08E-05,1.08E-05,1.10E-05,9.86E-06,1.00E-05,1.08E-05,3.666666667,B2,C1,B1,A1
defence,NOUN,1.95E-05,1.82E-05,1.68E-05,1.66E-05,1.75E-05,1.71E-05,1.90E-05,1.91E-05,2.29E-05,1.85E-05,3,B1,B2,B1,B1
defend,VERB,1.82E-05,1.76E-05,1.80E-05,1.79E-05,1.81E-05,1.80E-05,1.87E-05,1.88E-05,1.99E-05,1.84E-05,3,B1,B2,B1,B1
defender,NOUN,2.55E-06,2.61E-06,2.52E-06,2.68E-06,2.85E-06,2.61E-06,2.73E-06,2.63E-06,2.66E-06,2.65E-06,3.333333333,B1,C2,B1,C1
deficit,NOUN,1.27E-05,1.25E-05,1.12E-05,1.17E-05,1.10E-05,1.13E-05,1.11E-05,1.04E-05,8.14E-06,1.11E-05,5.333333333,C1,C1,B1,A1
define,VERB,4.12E-05,4.31E-05,4.41E-05,4.31E-05,4.00E-05,4.09E-05,3.95E-05,3.74E-05,3.02E-05,3.99E-05,3,B1,A2,B1,A1
definite,ADJ,1.39E-05,1.36E-05,1.29E-05,1.39E-05,1.37E-05,1.35E-05,1.45E-05,1.66E-05,2.00E-05,1.47E-05,3,B1,B2,B1,B2
definitely,ADV,1.46E-05,1.45E-05,1.55E-05,1.61E-05,1.62E-05,1.71E-05,1.69E-05,1.72E-05,1.55E-05,1.59E-05,2.666666667,B1,B2,B1,A2
definition,NOUN,6.91E-05,6.95E-05,6.91E-05,6.73E-05,6.45E-05,6.68E-05,6.47E-05,6.20E-05,5.08E-05,6.49E-05,2.666666667,B1,A1,B1,A2
degree,NOUN,9.36E-05,9.26E-05,8.95E-05,9.23E-05,9.02E-05,9.08E-05,9.33E-05,9.06E-05,9.08E-05,9.15E-05,2.666666667,B1,A1,B1,A2
delay,NOUN,2.13E-05,2.20E-05,2.19E-05,2.16E-05,2.24E-05,2.14E-05,2.13E-05,2.14E-05,2.28E-05,2.18E-05,3.333333333,B1,B2,B1,B1
delay,VERB,4.73E-06,4.85E-06,4.73E-06,4.68E-06,4.82E-06,4.60E-06,4.69E-06,4.67E-06,4.75E-06,4.72E-06,3,B1,C2,B1,B2
delegate,NOUN,2.65E-06,2.55E-06,3.35E-06,3.50E-06,2.69E-06,2.67E-06,2.89E-06,2.70E-06,3.07E-06,2.90E-06,4,B2,C2,B1,C1
delegation,NOUN,7.69E-06,7.59E-06,7.47E-06,7.29E-06,6.88E-06,7.10E-06,6.86E-06,6.54E-06,5.86E-06,7.03E-06,3.666666667,B2,C1,B1,A1
deliberately,ADV,1.38E-05,1.33E-05,1.31E-05,1.29E-05,1.31E-05,1.30E-05,1.30E-05,1.34E-05,1.29E-05,1.32E-05,3.666666667,B2,B2,B1,A2
delicate,ADJ,1.18E-05,1.16E-05,1.13E-05,1.15E-05,1.30E-05,1.20E-05,1.28E-05,1.45E-05,2.10E-05,1.33E-05,4,B2,B2,B1,B2
delight,NOUN,9.92E-06,1.01E-05,9.45E-06,1.06E-05,1.27E-05,1.14E-05,1.25E-05,1.49E-05,2.31E-05,1.27E-05,3,B1,B2,A2,A1
delighted,ADJ,6.15E-07,6.26E-07,5.97E-07,6.36E-07,8.00E-07,7.25E-07,7.65E-07,9.52E-07,1.43E-06,7.94E-07,3.666666667,B2,C2,B1,B2
deliver,VERB,1.86E-05,1.99E-05,2.03E-05,2.09E-05,2.10E-05,2.13E-05,2.14E-05,2.14E-05,2.17E-05,2.07E-05,2,A2,B2,A2,B1
delivery,NOUN,3.41E-05,3.75E-05,3.63E-05,3.51E-05,3.46E-05,3.67E-05,3.54E-05,3.33E-05,2.76E-05,3.45E-05,3.666666667,B2,A2,B1,A2
demand,NOUN,6.33E-05,6.43E-05,6.12E-05,5.81E-05,5.72E-05,6.05E-05,5.79E-05,5.80E-05,5.09E-05,5.91E-05,3.666666667,B2,A1,B1,A2
demand,VERB,1.30E-05,1.29E-05,1.25E-05,1.26E-05,1.25E-05,1.26E-05,1.29E-05,1.30E-05,1.43E-05,1.29E-05,3.333333333,B1,B2,B1,B1
democracy,NOUN,3.79E-05,3.65E-05,3.65E-05,3.50E-05,3.44E-05,3.52E-05,3.59E-05,3.68E-05,2.99E-05,3.53E-05,1.666666667,A2,A2,B1,A2
democratic,ADJ,3.80E-05,3.61E-05,3.54E-05,3.31E-05,3.16E-05,3.32E-05,3.27E-05,3.38E-05,2.70E-05,3.34E-05,2.666666667,B1,A2,B1,B1
demonstrate,VERB,3.14E-05,3.14E-05,3.15E-05,3.07E-05,3.09E-05,3.15E-05,3.11E-05,2.97E-05,2.35E-05,3.02E-05,3.333333333,B1,B2,B1,A1
demonstration,NOUN,1.28E-05,1.29E-05,1.22E-05,1.20E-05,1.18E-05,1.19E-05,1.18E-05,1.16E-05,1.14E-05,1.20E-05,3.333333333,B1,C1,B1,A1
denim,NOUN,8.71E-07,8.54E-07,9.23E-07,9.31E-07,8.89E-07,9.56E-07,8.49E-07,8.47E-07,7.10E-07,8.70E-07,2.333333333,A2,C2,B1,C1
density,NOUN,4.27E-05,4.34E-05,4.03E-05,4.02E-05,3.89E-05,4.03E-05,3.85E-05,3.72E-05,2.67E-05,3.87E-05,3.666666667,B2,A2,B1,A2
deny,VERB,1.90E-05,1.88E-05,1.84E-05,1.93E-05,1.89E-05,1.77E-05,1.91E-05,1.90E-05,2.20E-05,1.91E-05,4,B2,B2,B1,B1
department,NOUN,3.84E-05,4.07E-05,3.98E-05,3.97E-05,3.76E-05,3.87E-05,3.81E-05,3.74E-05,3.52E-05,3.84E-05,1.666666667,A2,A1,B1,A2
departure,NOUN,1.69E-05,1.69E-05,1.60E-05,1.64E-05,1.77E-05,1.64E-05,1.72E-05,1.82E-05,2.15E-05,1.75E-05,2.666666667,B1,B2,B1,B1
dependent,ADJ,5.35E-05,5.34E-05,5.27E-05,5.03E-05,5.02E-05,5.10E-05,5.06E-05,4.71E-05,3.98E-05,4.98E-05,3.666666667,B2,A2,B1,A1
depict,VERB,4.36E-06,4.22E-06,4.31E-06,4.02E-06,4.16E-06,4.23E-06,4.25E-06,4.14E-06,3.40E-06,4.12E-06,4.666666667,C1,C2,B1,B2
deposit,NOUN,1.13E-05,1.14E-05,1.02E-05,1.05E-05,1.06E-05,1.04E-05,9.39E-06,9.93E-06,9.45E-06,1.04E-05,3.333333333,B1,C1,A2,A1
depressed,ADJ,5.04E-06,4.86E-06,4.87E-06,4.60E-06,4.60E-06,4.66E-06,4.73E-06,4.33E-06,3.59E-06,4.59E-06,2.333333333,A2,C2,B2,B2
depression,NOUN,3.35E-05,3.37E-05,3.35E-05,3.07E-05,3.25E-05,3.37E-05,3.30E-05,3.08E-05,2.60E-05,3.19E-05,3,B1,A2,B1,A2
depth,NOUN,3.39E-05,3.47E-05,3.37E-05,3.35E-05,3.44E-05,3.30E-05,3.24E-05,3.27E-05,3.15E-05,3.33E-05,2.666666667,B1,A2,A2,A2
deputy,NOUN,4.95E-06,4.97E-06,5.16E-06,5.30E-06,5.09E-06,4.96E-06,4.98E-06,5.11E-06,5.14E-06,5.07E-06,2.666666667,B1,C1,B1,A1
descend,VERB,3.73E-06,3.69E-06,3.61E-06,4.08E-06,4.20E-06,3.80E-06,4.17E-06,4.58E-06,6.55E-06,4.27E-06,4.333333333,B2,C1,B1,B2
describe,VERB,5.67E-05,5.78E-05,5.72E-05,5.70E-05,5.65E-05,5.76E-05,5.59E-05,5.41E-05,4.78E-05,5.56E-05,2,A2,A2,B1,A1
description,NOUN,5.99E-05,6.00E-05,5.98E-05,5.93E-05,5.83E-05,5.81E-05,5.74E-05,5.67E-05,5.51E-05,5.83E-05,2.333333333,A2,A1,A2,A2
desert,NOUN,1.70E-05,1.63E-05,1.64E-05,1.66E-05,1.72E-05,1.67E-05,1.61E-05,1.75E-05,1.94E-05,1.70E-05,2,A2,B2,A2,B1
deserve,VERB,9.49E-06,9.47E-06,9.62E-06,1.00E-05,1.04E-05,1.02E-05,1.07E-05,1.08E-05,1.25E-05,1.03E-05,3.333333333,B1,C1,B1,B1
design,NOUN,0.000118118,0.000124956,0.000126254,0.000128583,0.000118947,0.000120477,0.000118361,0.000112552,9.25E-05,0.000117861,2.666666667,B1,A1,B1,A2
design,VERB,9.71E-06,1.03E-05,1.04E-05,1.03E-05,9.64E-06,9.82E-06,9.34E-06,9.04E-06,7.51E-06,9.56E-06,2.333333333,A2,C1,B1,B1
designer,NOUN,1.07E-05,1.13E-05,1.24E-05,1.18E-05,1.08E-05,1.07E-05,1.03E-05,1.02E-05,7.43E-06,1.06E-05,2,A2,C1,B1,A1
desirable,ADJ,1.92E-05,1.90E-05,1.83E-05,1.84E-05,1.78E-05,1.78E-05,1.80E-05,1.85E-05,2.03E-05,1.86E-05,3.333333333,B1,B2,B1,B1
desire,NOUN,6.28E-05,6.03E-05,5.99E-05,6.15E-05,6.28E-05,6.18E-05,6.60E-05,6.70E-05,6.98E-05,6.36E-05,4,B2,A2,B1,A2
desire,VERB,8.92E-06,9.13E-06,8.78E-06,1.05E-05,1.11E-05,1.02E-05,1.20E-05,1.28E-05,1.85E-05,1.13E-05,3.666666667,B2,C1,B2,B1
desk,NOUN,2.58E-05,2.57E-05,2.83E-05,2.86E-05,2.82E-05,2.89E-05,2.67E-05,2.68E-05,2.59E-05,2.72E-05,1,A1,A2,A2,A2
desktop,NOUN,5.92E-06,5.82E-06,6.18E-06,6.28E-06,4.79E-06,4.77E-06,3.74E-06,4.26E-06,3.20E-06,5.00E-06,1,A1,C1,B1,A1
desperate,ADJ,1.18E-05,1.17E-05,1.18E-05,1.19E-05,1.32E-05,1.28E-05,1.32E-05,1.45E-05,1.68E-05,1.31E-05,3,B1,B2,B1,B2
desperately,ADV,7.44E-06,7.32E-06,7.67E-06,7.71E-06,7.80E-06,7.97E-06,7.68E-06,7.96E-06,7.85E-06,7.71E-06,3.666666667,B2,C1,B1,B2
despite,ADP,5.40E-05,5.26E-05,5.29E-05,5.12E-05,5.07E-05,5.20E-05,5.13E-05,5.09E-05,4.05E-05,5.07E-05,3,B1,A1,A2,A1
destination,NOUN,1.62E-05,1.69E-05,1.82E-05,1.85E-05,1.68E-05,1.65E-05,1.64E-05,1.61E-05,1.48E-05,1.67E-05,2.666666667,B1,B2,B1,B1
destroy,VERB,1.99E-05,1.96E-05,2.04E-05,2.13E-05,2.13E-05,2.07E-05,2.12E-05,2.15E-05,2.48E-05,2.12E-05,2.666666667,B1,B2,A2,B1
destruction,NOUN,2.85E-05,2.80E-05,2.84E-05,3.00E-05,3.10E-05,2.97E-05,3.04E-05,3.07E-05,3.24E-05,2.99E-05,3.666666667,B2,A1,B1,A2
detail,NOUN,5.23E-05,5.16E-05,5.35E-05,5.26E-05,5.08E-05,5.12E-05,5.05E-05,5.04E-05,4.42E-05,5.08E-05,2.666666667,B1,A1,B1,A2
detailed,ADJ,4.38E-05,4.34E-05,4.34E-05,4.25E-05,4.07E-05,4.17E-05,4.03E-05,3.85E-05,3.04E-05,4.05E-05,4,B2,A2,B1,B1
detect,VERB,1.46E-05,1.52E-05,1.53E-05,1.55E-05,1.56E-05,1.59E-05,1.56E-05,1.52E-05,1.30E-05,1.51E-05,3.666666667,B2,B2,B1,B2
determination,NOUN,3.52E-05,3.54E-05,3.45E-05,3.36E-05,3.23E-05,3.31E-05,3.29E-05,3.31E-05,3.09E-05,3.34E-05,4,B2,A2,B1,A2
determine,VERB,8.14E-05,8.53E-05,8.36E-05,8.33E-05,7.89E-05,7.95E-05,7.78E-05,7.48E-05,6.41E-05,7.88E-05,3,B1,A2,B1,A1
determined,ADJ,2.16E-06,2.09E-06,2.05E-06,2.08E-06,2.17E-06,2.15E-06,2.22E-06,2.29E-06,2.32E-06,2.17E-06,2.666666667,B1,C2,B1,B2
develop,VERB,9.00E-05,9.11E-05,9.03E-05,8.70E-05,8.58E-05,8.85E-05,8.46E-05,8.04E-05,6.43E-05,8.47E-05,2.333333333,A2,A2,B1,A1
developed,ADJ,1.43E-05,1.45E-05,1.42E-05,1.44E-05,1.39E-05,1.43E-05,1.42E-05,1.31E-05,1.09E-05,1.38E-05,3.333333333,B1,C1,B1,B2
developer,NOUN,5.14E-06,5.95E-06,6.78E-06,6.88E-06,5.75E-06,5.09E-06,5.02E-06,4.88E-06,4.10E-06,5.51E-06,2,A2,C1,B1,A1
developing,ADJ,1.41E-06,1.40E-06,1.47E-06,1.52E-06,1.38E-06,1.51E-06,1.43E-06,1.30E-06,1.01E-06,1.38E-06,3,B1,C2,B1,B2
development,NOUN,0.00028985,0.000282412,0.000285411,0.000281263,0.000267064,0.000279116,0.000272474,0.000251872,0.00020372,0.000268131,2.666666667,B1,A1,B1,A2
device,NOUN,4.21E-05,4.62E-05,4.78E-05,4.88E-05,4.25E-05,4.33E-05,3.97E-05,3.97E-05,3.24E-05,4.25E-05,3,B1,A2,A2,A2
devil,NOUN,1.06E-05,1.02E-05,1.00E-05,1.27E-05,1.35E-05,1.24E-05,1.35E-05,1.49E-05,2.05E-05,1.31E-05,2,A2,B2,B1,A1
devise,VERB,4.02E-06,4.05E-06,3.97E-06,4.02E-06,3.80E-06,3.74E-06,3.65E-06,3.72E-06,4.16E-06,3.90E-06,5,C1,C2,B1,B2
diagnosis,NOUN,3.21E-05,3.59E-05,3.46E-05,3.35E-05,3.48E-05,3.44E-05,3.38E-05,2.97E-05,2.40E-05,3.25E-05,4.666666667,C1,A2,B1,A2
diagram,NOUN,1.96E-05,2.08E-05,2.12E-05,2.11E-05,1.99E-05,1.98E-05,1.84E-05,1.87E-05,1.60E-05,1.95E-05,4,B2,B2,A2,B1
dialogue,NOUN,2.48E-05,2.37E-05,2.38E-05,2.23E-05,2.36E-05,2.48E-05,2.41E-05,2.34E-05,1.88E-05,2.33E-05,3.666666667,B2,B2,B1,B1
diamond,NOUN,7.01E-06,7.38E-06,8.25E-06,8.18E-06,7.92E-06,8.37E-06,7.41E-06,7.82E-06,7.75E-06,7.79E-06,2.333333333,A2,C1,A2,A1
diary,NOUN,9.01E-06,9.22E-06,9.16E-06,8.61E-06,8.70E-06,8.50E-06,8.78E-06,8.55E-06,7.18E-06,8.63E-06,2.666666667,B1,C1,B1,A1
dictionary,NOUN,7.22E-06,7.47E-06,7.08E-06,6.77E-06,6.53E-06,6.87E-06,6.18E-06,5.92E-06,5.69E-06,6.64E-06,1.666666667,A2,C1,B1,A1
die,VERB,5.64E-05,5.73E-05,5.51E-05,5.70E-05,6.01E-05,5.71E-05,5.83E-05,7.16E-05,7.18E-05,6.05E-05,1.666666667,A2,A2,A2,A1
diet,NOUN,2.61E-05,2.44E-05,2.49E-05,2.42E-05,2.51E-05,2.40E-05,2.42E-05,2.17E-05,1.96E-05,2.38E-05,2.333333333,A2,B2,B1,B1
differ,VERB,2.68E-05,2.66E-05,2.57E-05,2.53E-05,2.51E-05,2.51E-05,2.49E-05,2.41E-05,2.28E-05,2.52E-05,3.333333333,B1,B2,B1,B1
difference,NOUN,0.000116623,0.000114159,0.000113771,0.000112562,0.00011133,0.000111427,0.000112397,0.000111112,0.000104032,0.000111935,2.333333333,A2,A1,B1,A2
different,ADJ,0.000460524,0.00046143,0.000466541,0.000460615,0.000452224,0.00046344,0.000455553,0.000445694,0.000390425,0.000450716,1.666666667,A2,A1,A2,A1
differently,ADV,1.93E-05,1.92E-05,1.95E-05,1.94E-05,1.91E-05,1.95E-05,1.96E-05,1.90E-05,1.67E-05,1.90E-05,2.333333333,A2,B2,B1,B1
difficult,ADJ,0.000145816,0.000144093,0.000143774,0.000140713,0.000137794,0.000139182,0.000135747,0.000133482,0.000125471,0.000138452,1.333333333,A1,A1,A2,A2
difficulty,NOUN,4.30E-05,4.15E-05,3.99E-05,4.08E-05,4.15E-05,3.97E-05,4.23E-05,4.35E-05,5.28E-05,4.28E-05,2.666666667,B1,A1,B1,A2
dig,VERB,5.62E-06,5.63E-06,5.82E-06,5.94E-06,5.94E-06,6.05E-06,5.85E-06,6.17E-06,6.44E-06,5.94E-06,2,A2,C1,B1,B2
digest,NOUN,6.47E-07,7.27E-07,8.08E-07,7.36E-07,6.89E-07,6.29E-07,5.59E-07,5.50E-07,5.04E-07,6.50E-07,3.333333333,B1,C2,B1,C1
digital,ADJ,2.70E-05,2.81E-05,3.39E-05,3.35E-05,3.09E-05,3.14E-05,2.83E-05,2.88E-05,2.27E-05,2.94E-05,2,A2,B2,A2,B1
dim,ADJ,5.81E-06,5.83E-06,6.27E-06,6.32E-06,7.16E-06,6.64E-06,6.59E-06,8.07E-06,1.17E-05,7.16E-06,2.333333333,A2,C1,B1,B2
dimension,NOUN,2.84E-05,2.74E-05,2.75E-05,2.61E-05,2.61E-05,2.71E-05,2.74E-05,2.48E-05,1.92E-05,2.60E-05,3.666666667,B2,B2,B1,B1
diminish,VERB,5.53E-06,5.48E-06,5.24E-06,5.36E-06,5.24E-06,5.12E-06,5.39E-06,5.26E-06,5.97E-06,5.40E-06,4.333333333,B2,C1,B1,B2
dinner,NOUN,3.58E-05,3.59E-05,3.74E-05,3.79E-05,4.17E-05,4.19E-05,4.03E-05,4.28E-05,5.24E-05,4.07E-05,1,A1,A1,A2,A2
dinosaur,NOUN,1.47E-06,1.68E-06,1.62E-06,1.26E-06,1.32E-06,1.29E-06,1.19E-06,1.01E-06,7.65E-07,1.29E-06,1.333333333,A1,C2,B1,C1
dip,NOUN,2.57E-06,2.72E-06,2.78E-06,2.81E-06,2.90E-06,2.65E-06,2.64E-06,2.66E-06,2.73E-06,2.72E-06,4.666666667,C1,C2,B1,C1
diplomatic,ADJ,1.10E-05,1.12E-05,1.07E-05,1.04E-05,9.90E-06,1.06E-05,1.01E-05,1.08E-05,9.94E-06,1.05E-05,4,B2,C1,B1,B2
direct,ADJ,9.90E-05,9.87E-05,9.67E-05,9.38E-05,9.12E-05,9.28E-05,9.22E-05,8.91E-05,8.06E-05,9.27E-05,2,A2,A2,B1,A2
direct,VERB,1.08E-05,1.08E-05,1.06E-05,1.06E-05,1.05E-05,1.05E-05,1.07E-05,1.06E-05,1.19E-05,1.08E-05,2,A2,C1,B1,B1
direction,NOUN,8.91E-05,8.97E-05,8.81E-05,8.92E-05,8.89E-05,8.92E-05,8.93E-05,9.13E-05,9.52E-05,9.00E-05,2.666666667,B1,A1,A2,A2
directly,ADV,0.000103283,0.000104223,0.000105142,0.00010319,0.00010005,0.00010105,9.98E-05,9.75E-05,8.73E-05,0.000100163,3.333333333,B1,A1,B1,A2
director,NOUN,3.85E-05,3.89E-05,3.69E-05,3.67E-05,3.66E-05,3.81E-05,3.67E-05,3.52E-05,2.76E-05,3.61E-05,2,A2,A2,B1,A2
directory,NOUN,1.61E-05,1.66E-05,2.03E-05,2.17E-05,1.37E-05,1.23E-05,1.08E-05,9.75E-06,8.33E-06,1.44E-05,2.666666667,B1,C1,A2,B1
dirty,ADJ,1.30E-05,1.25E-05,1.35E-05,1.36E-05,1.40E-05,1.42E-05,1.37E-05,1.45E-05,1.51E-05,1.38E-05,1.333333333,A1,B2,B1,B2
disability,NOUN,1.56E-05,1.62E-05,1.45E-05,1.62E-05,1.56E-05,1.68E-05,1.70E-05,1.46E-05,1.17E-05,1.54E-05,4,B2,C1,B1,B1
disabled,ADJ,7.46E-06,7.74E-06,6.72E-06,7.65E-06,6.61E-06,6.85E-06,7.13E-06,5.70E-06,4.89E-06,6.75E-06,2.333333333,A2,C1,B2,B2
disadvantage,NOUN,8.78E-06,8.55E-06,8.31E-06,8.21E-06,7.88E-06,8.16E-06,8.22E-06,7.98E-06,7.74E-06,8.20E-06,2.666666667,B1,C1,B1,A1
disappear,VERB,1.16E-05,1.15E-05,1.16E-05,1.17E-05,1.16E-05,1.13E-05,1.13E-05,1.13E-05,1.12E-05,1.15E-05,3,B1,C1,B1,B1
disappointed,ADJ,1.46E-06,1.52E-06,1.51E-06,1.56E-06,1.76E-06,1.68E-06,1.79E-06,1.96E-06,2.60E-06,1.76E-06,2.333333333,A2,C2,B1,B2
disappointment,NOUN,7.53E-06,7.54E-06,7.56E-06,7.78E-06,8.69E-06,8.26E-06,8.76E-06,9.47E-06,1.21E-05,8.64E-06,3,B1,C1,B1,A1
disapproval,NOUN,3.32E-06,3.25E-06,3.24E-06,3.12E-06,3.17E-06,3.10E-06,3.12E-06,3.16E-06,3.13E-06,3.18E-06,4.333333333,B2,C2,B1,C1
disaster,NOUN,1.48E-05,1.52E-05,1.54E-05,1.56E-05,1.53E-05,1.62E-05,1.75E-05,1.69E-05,1.55E-05,1.58E-05,2.666666667,B1,B2,B1,B1
disc,NOUN,7.95E-06,8.00E-06,7.72E-06,8.77E-06,9.04E-06,8.31E-06,7.04E-06,7.11E-06,6.08E-06,7.78E-06,2.333333333,A2,C1,A2,A1
discipline,NOUN,2.84E-05,2.82E-05,2.81E-05,2.76E-05,2.75E-05,2.77E-05,2.88E-05,2.77E-05,2.73E-05,2.79E-05,4,B2,A2,B1,A2
disclose,VERB,5.78E-06,6.47E-06,5.98E-06,6.59E-06,6.11E-06,6.14E-06,6.26E-06,6.31E-06,5.83E-06,6.16E-06,4.333333333,B2,C1,B1,B2
discount,NOUN,9.05E-06,9.89E-06,8.92E-06,8.79E-06,8.32E-06,8.81E-06,8.54E-06,8.11E-06,6.92E-06,8.60E-06,2,A2,C1,B1,A1
discover,VERB,2.50E-05,2.46E-05,2.45E-05,2.56E-05,2.58E-05,2.50E-05,2.54E-05,2.64E-05,2.86E-05,2.56E-05,2.333333333,A2,B2,B1,B1
discovery,NOUN,2.78E-05,2.84E-05,2.79E-05,2.84E-05,2.88E-05,2.83E-05,2.89E-05,3.01E-05,3.12E-05,2.89E-05,2.666666667,B1,A1,B1,A2
discretion,NOUN,1.19E-05,1.23E-05,1.17E-05,1.14E-05,1.07E-05,1.07E-05,1.11E-05,1.11E-05,1.18E-05,1.14E-05,4,B2,C1,B1,A1
discrimination,NOUN,2.81E-05,2.88E-05,2.66E-05,2.65E-05,2.59E-05,2.77E-05,2.54E-05,2.36E-05,1.98E-05,2.58E-05,4,B2,B2,B1,B1
discuss,VERB,4.76E-05,4.75E-05,4.86E-05,4.78E-05,4.65E-05,4.80E-05,4.58E-05,4.48E-05,3.77E-05,4.60E-05,2.333333333,A2,A2,B1,A1
discussion,NOUN,0.000104065,0.000100468,9.93E-05,9.56E-05,9.35E-05,9.63E-05,9.62E-05,9.16E-05,7.75E-05,9.49E-05,2.666666667,B1,A1,B1,A2
disease,NOUN,0.000115337,0.000124107,0.000118812,0.00011906,0.000122392,0.000118813,0.00011795,0.000102755,9.44E-05,0.000114849,2.333333333,A2,A1,B1,A2
disgust,NOUN,4.52E-06,4.47E-06,4.56E-06,4.78E-06,5.35E-06,5.07E-06,5.28E-06,5.79E-06,7.25E-06,5.23E-06,3.333333333,B1,C1,B1,A1
dish,NOUN,9.39E-06,9.62E-06,9.14E-06,9.63E-06,9.70E-06,9.54E-06,9.31E-06,9.90E-06,1.07E-05,9.66E-06,1.333333333,A1,C1,B1,A1
disk,NOUN,2.56E-05,2.50E-05,2.58E-05,2.56E-05,1.86E-05,1.64E-05,1.43E-05,1.51E-05,1.10E-05,1.97E-05,1.666666667,A2,B2,A2,B1
dismiss,VERB,6.26E-06,6.31E-06,6.05E-06,5.91E-06,5.81E-06,5.90E-06,5.89E-06,5.84E-06,5.92E-06,5.99E-06,3.666666667,B2,C1,B1,B2
dismissal,NOUN,6.01E-06,6.22E-06,6.04E-06,5.65E-06,5.47E-06,6.02E-06,5.89E-06,5.69E-06,5.07E-06,5.78E-06,4,B2,C1,B1,A1
disorder,NOUN,3.28E-05,3.59E-05,3.41E-05,3.29E-05,3.51E-05,3.76E-05,3.53E-05,3.37E-05,2.92E-05,3.40E-05,3,B1,A2,A2,A2
disorder,VERB,4.97E-08,4.86E-08,4.68E-08,4.23E-08,5.00E-08,4.44E-08,4.74E-08,5.13E-08,6.43E-08,4.94E-08,2.666666667,B1,C2,B1,C1
display,NOUN,2.58E-05,2.66E-05,2.73E-05,2.71E-05,2.55E-05,2.44E-05,2.34E-05,2.38E-05,2.05E-05,2.49E-05,3.333333333,B1,B2,A2,B1
display,VERB,2.20E-05,2.54E-05,2.66E-05,2.57E-05,2.33E-05,2.02E-05,1.97E-05,2.12E-05,1.67E-05,2.23E-05,2.666666667,B1,B2,B1,B1
disposable,ADJ,3.05E-06,3.03E-06,3.03E-06,2.97E-06,2.92E-06,3.21E-06,3.33E-06,2.82E-06,2.37E-06,2.97E-06,5,C1,C1,B2,B2
disposal,NOUN,1.27E-05,1.21E-05,1.19E-05,1.17E-05,1.14E-05,1.20E-05,1.11E-05,1.12E-05,1.18E-05,1.18E-05,3.333333333,B1,C1,B1,A1
dispute,NOUN,1.86E-05,1.98E-05,1.90E-05,1.84E-05,1.73E-05,1.77E-05,1.76E-05,1.69E-05,1.62E-05,1.79E-05,4.666666667,C1,B2,B1,B1
dissolve,VERB,4.91E-06,4.75E-06,4.79E-06,4.53E-06,4.70E-06,4.43E-06,4.38E-06,4.54E-06,4.68E-06,4.63E-06,4,B2,C2,B1,B2
distance,NOUN,7.84E-05,7.92E-05,7.86E-05,7.98E-05,8.26E-05,8.04E-05,8.02E-05,8.56E-05,9.50E-05,8.22E-05,3,B1,A1,A2,A2
distant,ADJ,2.41E-05,2.41E-05,2.36E-05,2.43E-05,2.62E-05,2.43E-05,2.59E-05,2.81E-05,3.57E-05,2.63E-05,2.333333333,A2,B1,B1,B1
distinct,ADJ,4.11E-05,4.04E-05,4.01E-05,4.02E-05,4.04E-05,4.01E-05,4.20E-05,4.11E-05,4.21E-05,4.08E-05,3.333333333,B1,A1,B1,A1
distinction,NOUN,4.21E-05,3.97E-05,3.94E-05,3.85E-05,3.81E-05,3.85E-05,3.98E-05,3.86E-05,3.78E-05,3.92E-05,4,B2,A2,B1,A2
distinctive,ADJ,1.91E-05,1.83E-05,1.78E-05,1.70E-05,1.69E-05,1.67E-05,1.70E-05,1.62E-05,1.34E-05,1.69E-05,4.666666667,C1,B2,B1,B1
distinguish,VERB,2.35E-05,2.32E-05,2.28E-05,2.24E-05,2.23E-05,2.21E-05,2.25E-05,2.22E-05,2.13E-05,2.25E-05,3.333333333,B1,B2,B1,B1
distress,NOUN,1.47E-05,1.49E-05,1.41E-05,1.46E-05,1.56E-05,1.49E-05,1.64E-05,1.56E-05,1.82E-05,1.54E-05,4.333333333,B2,B2,B1,B1
distressing,ADJ,1.91E-06,2.01E-06,1.88E-06,1.94E-06,2.13E-06,2.03E-06,2.26E-06,2.17E-06,2.94E-06,2.14E-06,3.666666667,B2,C2,B1,B2
distribute,VERB,6.65E-06,7.16E-06,7.04E-06,6.91E-06,6.51E-06,6.55E-06,6.64E-06,6.64E-06,5.83E-06,6.66E-06,3,B1,C1,B1,B2
distribution,NOUN,9.74E-05,0.000101777,9.61E-05,9.34E-05,9.01E-05,9.45E-05,9.09E-05,8.52E-05,6.63E-05,9.06E-05,4,B2,A1,B1,A2
district,NOUN,4.25E-05,4.20E-05,4.12E-05,3.84E-05,3.93E-05,3.91E-05,3.93E-05,3.97E-05,4.21E-05,4.04E-05,3,B1,A1,B1,A2
disturb,VERB,4.01E-06,4.03E-06,3.90E-06,4.13E-06,4.47E-06,4.18E-06,4.49E-06,4.83E-06,6.72E-06,4.53E-06,3,B1,C1,B1,B2
disturbance,NOUN,8.87E-06,9.41E-06,8.62E-06,8.30E-06,8.47E-06,8.37E-06,8.78E-06,8.44E-06,9.07E-06,8.70E-06,4.333333333,B2,C1,B1,A1
diversity,NOUN,3.27E-05,3.30E-05,3.24E-05,3.18E-05,3.18E-05,3.36E-05,3.38E-05,3.17E-05,2.62E-05,3.19E-05,2.666666667,B1,A2,B1,A2
divide,VERB,1.10E-05,1.15E-05,1.12E-05,1.10E-05,1.10E-05,1.08E-05,1.05E-05,1.05E-05,1.15E-05,1.10E-05,2.333333333,A2,C1,B1,B1
division,NOUN,4.33E-05,4.36E-05,4.22E-05,4.05E-05,4.02E-05,3.98E-05,4.01E-05,3.88E-05,3.96E-05,4.09E-05,3.666666667,B2,A1,B1,A2
divorce,NOUN,1.91E-05,1.83E-05,1.73E-05,1.71E-05,1.69E-05,1.77E-05,1.73E-05,1.53E-05,1.28E-05,1.69E-05,1.666666667,A2,B2,B1,B1
do,VERB,0.001183727,0.00118588,0.001237136,0.00125788,0.001279471,0.001283755,0.001260466,0.001290464,0.001383885,0.001262518,1.333333333,A1,A1,A1,B1
dock,NOUN,5.32E-06,5.45E-06,5.61E-06,5.85E-06,5.73E-06,5.53E-06,5.18E-06,5.13E-06,5.36E-06,5.46E-06,3.333333333,B1,C1,B1,A1
document,NOUN,4.98E-05,5.90E-05,6.39E-05,5.78E-05,5.32E-05,4.64E-05,4.42E-05,4.68E-05,3.52E-05,5.07E-05,2.333333333,A2,A1,A2,A2
dog,NOUN,4.13E-05,3.64E-05,3.82E-05,3.95E-05,4.10E-05,4.59E-05,4.19E-05,4.48E-05,4.86E-05,4.19E-05,1,A1,A1,A1,A2
dollar,NOUN,1.68E-05,1.75E-05,1.72E-05,1.73E-05,1.64E-05,1.73E-05,1.62E-05,1.66E-05,1.61E-05,1.68E-05,1,A1,C1,B1,B1
dolphin,NOUN,1.55E-06,1.38E-06,1.39E-06,1.33E-06,1.20E-06,1.31E-06,9.30E-07,1.09E-06,1.04E-06,1.25E-06,2,A2,C2,B1,C1
domain,NOUN,4.73E-05,4.79E-05,4.78E-05,5.13E-05,4.31E-05,4.46E-05,4.37E-05,4.04E-05,3.71E-05,4.48E-05,3.666666667,B2,A2,B1,A2
domestic,ADJ,6.68E-05,6.33E-05,6.11E-05,5.97E-05,5.72E-05,5.93E-05,5.87E-05,5.89E-05,5.10E-05,5.95E-05,3.333333333,B1,A2,B1,A1
dominant,ADJ,4.05E-05,3.84E-05,3.85E-05,3.62E-05,3.51E-05,3.66E-05,3.56E-05,3.43E-05,2.68E-05,3.58E-05,3,B1,A2,B1,B1
dominate,VERB,1.01E-05,9.77E-06,9.53E-06,9.20E-06,8.94E-06,9.14E-06,8.74E-06,8.39E-06,6.58E-06,8.93E-06,3,B1,C1,B1,B1
door,NOUN,0.000122206,0.000124636,0.000134211,0.000138487,0.000145746,0.000147086,0.000141089,0.000152721,0.000176895,0.000142564,1,A1,A1,A1,A2
doorway,NOUN,8.71E-06,8.85E-06,9.27E-06,9.64E-06,9.74E-06,1.00E-05,9.28E-06,1.01E-05,1.12E-05,9.65E-06,2.666666667,B1,C1,A2,A1
dose,NOUN,2.87E-05,3.00E-05,2.92E-05,2.76E-05,2.72E-05,2.86E-05,2.91E-05,2.58E-05,1.98E-05,2.73E-05,3.333333333,B1,B2,B2,A2
dot,NOUN,5.10E-06,6.25E-06,6.72E-06,6.41E-06,6.06E-06,5.78E-06,5.23E-06,5.15E-06,4.57E-06,5.70E-06,2.333333333,A2,C1,B1,A1
double,ADJ,5.20E-05,5.25E-05,5.19E-05,5.21E-05,5.09E-05,4.97E-05,4.87E-05,4.80E-05,4.73E-05,5.03E-05,2,A2,A1,A2,A1
double,VERB,4.11E-06,4.11E-06,4.10E-06,4.05E-06,3.97E-06,3.96E-06,3.90E-06,3.91E-06,4.09E-06,4.02E-06,2.666666667,B1,C2,B1,B2
doubt,NOUN,5.20E-05,5.05E-05,4.96E-05,5.23E-05,5.55E-05,5.20E-05,5.70E-05,6.03E-05,7.99E-05,5.66E-05,3.333333333,B1,A1,B1,A2
doubt,VERB,1.00E-05,9.91E-06,9.93E-06,1.07E-05,1.16E-05,1.08E-05,1.21E-05,1.30E-05,1.88E-05,1.19E-05,3.333333333,B1,B2,B2,B1
down,ADP,0.000104999,0.000106419,0.000111833,0.000114175,0.000118179,0.000117921,0.000113272,0.000120195,0.000133629,0.000115625,1,A1,A1,A2,A2
down,ADV,0.000104827,0.0001062,0.000111254,0.000114766,0.000119389,0.000119032,0.000114834,0.000122721,0.000140565,0.000117065,1.666666667,A2,A1,A1,A2
downstairs,ADV,1.87E-06,1.90E-06,2.03E-06,2.09E-06,2.20E-06,2.28E-06,2.21E-06,2.42E-06,2.68E-06,2.19E-06,2.333333333,A2,C2,B1,A2
dozen,NOUN,1.68E-05,1.71E-05,1.67E-05,1.70E-05,1.85E-05,1.77E-05,1.76E-05,1.95E-05,2.44E-05,1.84E-05,2.333333333,A2,B2,A2,B1
draft,NOUN,1.78E-05,1.80E-05,1.78E-05,1.80E-05,1.71E-05,1.72E-05,1.64E-05,1.55E-05,1.40E-05,1.69E-05,4.333333333,B2,B2,B1,B1
draft,VERB,1.74E-06,1.81E-06,1.82E-06,1.77E-06,1.68E-06,1.75E-06,1.63E-06,1.56E-06,1.33E-06,1.68E-06,2.666666667,B1,C2,B1,C1
drag,VERB,7.50E-06,8.74E-06,9.86E-06,9.62E-06,1.01E-05,8.12E-06,7.49E-06,8.91E-06,8.02E-06,8.71E-06,4,B2,C1,A2,B2
drain,VERB,3.01E-06,3.07E-06,3.14E-06,3.25E-06,3.16E-06,3.15E-06,3.06E-06,3.00E-06,2.95E-06,3.09E-06,3,B1,C2,B1,B2
drama,NOUN,2.00E-05,1.81E-05,1.84E-05,1.72E-05,1.84E-05,1.92E-05,1.83E-05,1.97E-05,1.75E-05,1.85E-05,2.333333333,A2,C1,A2,B1
dramatic,ADJ,3.03E-05,2.85E-05,2.86E-05,2.68E-05,2.72E-05,2.75E-05,2.67E-05,2.65E-05,2.34E-05,2.73E-05,3.333333333,B1,B2,B1,B1
dramatically,ADV,1.44E-05,1.46E-05,1.45E-05,1.39E-05,1.35E-05,1.39E-05,1.34E-05,1.25E-05,9.72E-06,1.34E-05,3.333333333,B1,B2,B1,A2
draw,NOUN,2.24E-06,2.27E-06,2.30E-06,2.45E-06,2.52E-06,2.59E-06,2.36E-06,2.39E-06,2.16E-06,2.37E-06,2.333333333,A2,C2,B1,C1
draw,VERB,4.04E-05,4.07E-05,4.06E-05,4.11E-05,4.15E-05,4.04E-05,4.09E-05,4.22E-05,4.66E-05,4.16E-05,1.333333333,A1,A2,A2,A1
drawer,NOUN,5.38E-06,5.08E-06,5.47E-06,5.94E-06,5.79E-06,5.92E-06,5.35E-06,5.57E-06,5.83E-06,5.59E-06,1,A1,C1,B1,A1
drawing,NOUN,1.14E-05,1.12E-05,1.17E-05,1.12E-05,1.22E-05,1.04E-05,1.07E-05,1.10E-05,1.19E-05,1.13E-05,3,B1,C1,B1,A1
dream,NOUN,3.23E-05,3.33E-05,3.41E-05,3.59E-05,3.61E-05,3.57E-05,3.47E-05,3.66E-05,3.75E-05,3.51E-05,2,A2,A2,A2,A2
dream,VERB,5.40E-06,6.02E-06,5.78E-06,6.13E-06,6.42E-06,6.15E-06,6.13E-06,6.90E-06,7.51E-06,6.27E-06,1.666666667,A2,C1,B1,B2
dress,NOUN,2.40E-05,2.41E-05,2.40E-05,2.49E-05,2.71E-05,2.65E-05,2.58E-05,2.81E-05,3.38E-05,2.65E-05,1,A1,A2,A2,A2
dress,VERB,4.41E-06,4.37E-06,4.34E-06,4.57E-06,4.96E-06,4.86E-06,4.79E-06,5.16E-06,6.08E-06,4.84E-06,1.333333333,A1,C1,B1,B2
drift,NOUN,6.44E-06,6.43E-06,5.92E-06,5.99E-06,6.30E-06,6.25E-06,5.90E-06,6.23E-06,6.50E-06,6.22E-06,4,B2,C1,B1,A1
drift,VERB,2.46E-06,2.50E-06,2.52E-06,2.55E-06,2.57E-06,2.60E-06,2.48E-06,2.61E-06,2.69E-06,2.56E-06,3.666666667,B2,C2,B1,B2
drink,NOUN,1.88E-05,1.81E-05,1.94E-05,1.99E-05,2.05E-05,2.05E-05,1.98E-05,2.00E-05,2.16E-05,1.99E-05,1,A1,B2,A2,B1
drink,VERB,1.71E-05,1.68E-05,1.76E-05,1.83E-05,1.95E-05,1.88E-05,1.87E-05,1.93E-05,2.28E-05,1.87E-05,1,A1,B2,A2,B1
drive,NOUN,3.29E-05,3.40E-05,3.37E-05,3.52E-05,3.07E-05,2.86E-05,2.66E-05,2.73E-05,2.23E-05,3.01E-05,1.333333333,A1,A2,A2,A2
drive,VERB,2.78E-05,2.87E-05,2.95E-05,3.01E-05,3.05E-05,3.09E-05,3.04E-05,3.13E-05,3.20E-05,3.01E-05,1,A1,A2,A2,A1
driver,NOUN,2.43E-05,2.67E-05,2.77E-05,2.91E-05,2.65E-05,2.77E-05,2.52E-05,2.66E-05,2.37E-05,2.64E-05,1.333333333,A1,B2,A2,B1
drop,NOUN,1.69E-05,1.69E-05,1.73E-05,1.72E-05,1.77E-05,1.68E-05,1.67E-05,1.74E-05,1.76E-05,1.72E-05,3,B1,B2,B1,B1
drop,VERB,1.59E-05,1.61E-05,1.70E-05,1.72E-05,1.73E-05,1.71E-05,1.64E-05,1.68E-05,1.78E-05,1.68E-05,2.666666667,B1,B2,A2,B1
drug,NOUN,5.97E-05,6.37E-05,6.34E-05,5.95E-05,6.48E-05,6.53E-05,6.00E-05,5.80E-05,4.27E-05,5.97E-05,2.333333333,A2,A1,A2,A2
drum,NOUN,7.05E-06,7.01E-06,7.18E-06,7.45E-06,7.40E-06,6.65E-06,6.74E-06,6.74E-06,7.12E-06,7.04E-06,2,A2,C1,B1,A1
drunk,ADJ,9.90E-06,9.72E-06,1.01E-05,1.02E-05,1.08E-05,1.06E-05,1.04E-05,1.07E-05,1.18E-05,1.05E-05,2.666666667,B1,C1,B1,B2
dry,ADJ,4.59E-05,4.55E-05,4.53E-05,4.38E-05,4.49E-05,4.35E-05,4.25E-05,4.39E-05,4.83E-05,4.48E-05,1.666666667,A2,A2,A2,A1
dry,VERB,3.43E-06,3.30E-06,3.39E-06,3.39E-06,3.35E-06,3.29E-06,3.13E-06,3.21E-06,3.65E-06,3.35E-06,1.666666667,A2,C2,B1,B2
duck,NOUN,3.37E-06,3.32E-06,3.39E-06,3.25E-06,3.38E-06,3.42E-06,3.31E-06,3.36E-06,3.96E-06,3.42E-06,1.666666667,A2,C2,B1,C1
due,ADJ,0.000146297,0.000149724,0.000146459,0.00014814,0.000147088,0.000152719,0.000154355,0.000148904,0.000138311,0.000148,3,B1,A1,B1,A2
dull,ADJ,8.83E-06,8.68E-06,8.60E-06,8.88E-06,1.04E-05,9.52E-06,9.73E-06,1.18E-05,1.75E-05,1.04E-05,3,B1,C1,B1,B2
dump,VERB,1.89E-06,1.95E-06,2.06E-06,2.04E-06,1.90E-06,1.98E-06,1.78E-06,1.76E-06,1.43E-06,1.87E-06,4,B2,C2,B1,B2
duration,NOUN,2.46E-05,2.54E-05,2.60E-05,2.49E-05,2.49E-05,2.46E-05,2.46E-05,2.32E-05,1.99E-05,2.42E-05,2.666666667,B1,B2,B1,B1
during,ADP,0.000403207,0.000400989,0.000393555,0.000386847,0.000386684,0.00039092,0.000386996,0.00037451,0.000338406,0.000384679,2,A2,A1,A2,A1
dust,NOUN,2.03E-05,2.06E-05,2.06E-05,2.10E-05,2.22E-05,2.15E-05,2.03E-05,2.23E-05,2.67E-05,2.17E-05,2.333333333,A2,B2,A2,B1
dustbin,NOUN,2.32E-07,2.42E-07,2.32E-07,2.21E-07,2.28E-07,2.52E-07,2.19E-07,2.22E-07,1.98E-07,2.27E-07,2.333333333,A2,C2,B1,C1
duty,NOUN,4.89E-05,4.99E-05,4.75E-05,4.97E-05,5.08E-05,5.12E-05,5.47E-05,5.60E-05,7.89E-05,5.42E-05,2.333333333,A2,A1,B1,A2
dynamic,ADJ,3.64E-05,3.68E-05,3.83E-05,3.81E-05,3.58E-05,3.78E-05,3.66E-05,3.42E-05,2.66E-05,3.56E-05,4.333333333,B2,A2,B1,B1
each,DET,0.000576158,0.000591134,0.00059118,0.000586794,0.000578541,0.000576412,0.000557972,0.000556545,0.000540739,0.000572831,2,A2,A1,A1,B1
eager,ADJ,1.27E-05,1.29E-05,1.28E-05,1.32E-05,1.48E-05,1.42E-05,1.45E-05,1.61E-05,2.03E-05,1.46E-05,3,B1,B2,B1,B2
eagle,NOUN,3.01E-06,3.11E-06,3.10E-06,3.29E-06,3.48E-06,3.33E-06,3.36E-06,3.52E-06,4.49E-06,3.41E-06,3,B1,C2,B1,C1
ear,NOUN,2.67E-05,2.66E-05,2.65E-05,2.80E-05,2.98E-05,2.79E-05,2.81E-05,3.04E-05,3.66E-05,2.90E-05,1,A1,A2,A2,A2
early,ADJ,0.000248703,0.0002402,0.000236363,0.0002321,0.000229869,0.000232425,0.000233168,0.000225037,0.000200146,0.00023089,1,A1,A1,B1,A2
early,ADV,2.32E-05,2.33E-05,2.33E-05,2.33E-05,2.39E-05,2.37E-05,2.38E-05,2.39E-05,2.57E-05,2.38E-05,1,A1,B1,B1,B1
earn,VERB,1.36E-05,1.39E-05,1.35E-05,1.37E-05,1.39E-05,1.43E-05,1.36E-05,1.42E-05,1.36E-05,1.38E-05,2.333333333,A2,B2,B1,B2
earnings,NOUN,2.00E-05,2.13E-05,1.96E-05,1.82E-05,1.81E-05,1.79E-05,1.80E-05,1.73E-05,1.50E-05,1.84E-05,3.333333333,B1,B2,B1,B1
earring,NOUN,3.12E-07,3.02E-07,3.02E-07,3.18E-07,3.00E-07,3.23E-07,3.21E-07,3.02E-07,2.44E-07,3.03E-07,1.666666667,A2,C2,B1,C1
earth,NOUN,6.26E-05,6.29E-05,6.12E-05,7.17E-05,7.44E-05,6.91E-05,7.28E-05,7.84E-05,0.000108875,7.35E-05,1.666666667,A2,A2,A1,A2
ease,NOUN,1.48E-05,1.49E-05,1.48E-05,1.53E-05,1.61E-05,1.55E-05,1.61E-05,1.72E-05,2.20E-05,1.63E-05,3.666666667,B2,B2,B1,B1
ease,VERB,5.44E-06,5.51E-06,5.62E-06,5.56E-06,5.44E-06,5.40E-06,5.21E-06,5.16E-06,5.21E-06,5.40E-06,3,B1,C1,B1,B2
easily,ADV,8.23E-05,8.24E-05,8.31E-05,8.35E-05,8.27E-05,8.14E-05,8.15E-05,8.34E-05,8.79E-05,8.31E-05,2,A2,A1,A2,A1
east,NOUN,5.49E-06,5.41E-06,5.29E-06,5.20E-06,5.11E-06,4.75E-06,4.76E-06,4.99E-06,5.06E-06,5.12E-06,1.666666667,A2,C1,B1,A1
eastern,ADJ,2.73E-05,2.63E-05,2.52E-05,2.41E-05,2.36E-05,2.26E-05,2.27E-05,2.32E-05,2.16E-05,2.41E-05,1.333333333,A1,B2,B1,B1
easy,ADJ,8.62E-05,8.71E-05,8.89E-05,9.04E-05,8.97E-05,8.84E-05,8.79E-05,8.90E-05,9.24E-05,8.89E-05,1,A1,A2,A2,A2
eat,VERB,4.66E-05,4.51E-05,4.77E-05,4.91E-05,5.05E-05,5.09E-05,4.91E-05,5.00E-05,5.35E-05,4.92E-05,1.666666667,A2,A2,A2,A1
echo,NOUN,4.71E-06,4.71E-06,4.81E-06,4.59E-06,5.09E-06,4.90E-06,4.97E-06,4.99E-06,5.49E-06,4.92E-06,3.666666667,B2,C1,B1,C1
echo,VERB,4.12E-06,3.96E-06,4.60E-06,4.25E-06,4.03E-06,4.12E-06,4.10E-06,3.80E-06,3.45E-06,4.05E-06,2.666666667,B1,C2,B1,B2
economic,ADJ,0.000223855,0.000217058,0.000211186,0.000198709,0.000183316,0.000191555,0.000183493,0.000177524,0.000133995,0.000191188,3.666666667,B2,A1,B1,A2
economics,NOUN,1.96E-05,2.03E-05,2.03E-05,1.83E-05,1.75E-05,1.80E-05,1.75E-05,1.76E-05,1.36E-05,1.81E-05,2.666666667,B1,B2,B1,B1
economist,NOUN,3.70E-06,3.74E-06,3.64E-06,3.50E-06,3.28E-06,3.36E-06,3.33E-06,3.42E-06,2.95E-06,3.44E-06,2.666666667,B1,C2,B1,C1
economy,NOUN,8.87E-05,8.60E-05,8.44E-05,7.88E-05,7.45E-05,7.53E-05,7.32E-05,7.05E-05,5.68E-05,7.65E-05,2.333333333,A2,A1,B1,A2
edge,NOUN,5.12E-05,5.20E-05,5.27E-05,5.21E-05,5.25E-05,5.22E-05,5.02E-05,5.07E-05,5.05E-05,5.16E-05,3.666666667,B2,A1,A2,A2
edit,VERB,4.12E-06,4.89E-06,5.48E-06,5.59E-06,5.15E-06,3.97E-06,3.95E-06,4.33E-06,3.15E-06,4.52E-06,3,B1,C1,B1,B2
edition,NOUN,3.49E-05,3.38E-05,3.38E-05,3.38E-05,3.37E-05,3.29E-05,3.49E-05,3.34E-05,3.19E-05,3.37E-05,2.666666667,B1,A2,B1,A2
editor,NOUN,2.98E-05,2.99E-05,2.96E-05,2.90E-05,2.85E-05,2.79E-05,2.77E-05,2.69E-05,2.37E-05,2.81E-05,2.666666667,B1,B2,B1,A2
educate,VERB,5.40E-06,5.41E-06,5.31E-06,5.35E-06,5.36E-06,5.61E-06,5.55E-06,5.49E-06,5.17E-06,5.41E-06,3,B1,C1,B1,B2
education,NOUN,0.000172962,0.000158848,0.000159086,0.000162195,0.00015905,0.000167419,0.000164199,0.00015868,0.000139064,0.000160167,2,A2,A1,A2,A2
educational,ADJ,5.43E-05,4.95E-05,4.92E-05,5.04E-05,4.77E-05,5.16E-05,4.80E-05,4.69E-05,3.81E-05,4.84E-05,3,B1,A2,A2,A1
effect,NOUN,0.000198554,0.000197064,0.000193808,0.000189202,0.000186521,0.000186074,0.000188874,0.000182696,0.000174556,0.000188594,2,A2,A1,B1,A2
effective,ADJ,0.000110672,0.000113698,0.000112183,0.000109066,0.000108387,0.00011085,0.000107069,0.000102449,8.22E-05,0.000106289,3,B1,A1,A2,A2
effectively,ADV,3.97E-05,3.97E-05,4.01E-05,3.88E-05,3.78E-05,3.93E-05,3.78E-05,3.66E-05,2.84E-05,3.76E-05,3.333333333,B1,A2,B1,B1
effectiveness,NOUN,2.66E-05,2.71E-05,2.71E-05,2.58E-05,2.62E-05,2.78E-05,2.65E-05,2.47E-05,1.92E-05,2.57E-05,3.333333333,B1,B2,B1,B1
efficiency,NOUN,3.80E-05,3.85E-05,3.82E-05,3.80E-05,3.65E-05,3.79E-05,3.71E-05,3.61E-05,3.16E-05,3.69E-05,2.666666667,B1,A2,B1,A2
efficient,ADJ,3.49E-05,3.53E-05,3.56E-05,3.46E-05,3.34E-05,3.51E-05,3.33E-05,3.24E-05,2.84E-05,3.37E-05,4,B2,A2,B1,B1
effort,NOUN,7.77E-05,7.92E-05,7.86E-05,7.85E-05,7.74E-05,7.75E-05,7.68E-05,7.65E-05,7.54E-05,7.75E-05,2.666666667,B1,A2,A2,A2
egg,NOUN,1.42E-05,1.43E-05,1.31E-05,1.37E-05,1.45E-05,1.35E-05,1.31E-05,1.34E-05,1.29E-05,1.36E-05,1,A1,B2,B1,B1
either,ADV,6.25E-05,6.22E-05,6.25E-05,6.30E-05,6.18E-05,6.15E-05,6.19E-05,6.11E-05,6.11E-05,6.20E-05,3.333333333,B1,A1,B1,A1
either,DET,9.04E-05,9.03E-05,8.98E-05,8.97E-05,8.92E-05,8.71E-05,8.88E-05,8.87E-05,9.38E-05,8.97E-05,2.666666667,B1,A2,A1,A2
elbow,NOUN,7.93E-06,7.26E-06,8.14E-06,8.02E-06,8.44E-06,8.30E-06,7.89E-06,8.02E-06,9.16E-06,8.13E-06,2,A2,C1,A2,A1
elderly,ADJ,2.30E-05,2.37E-05,2.13E-05,1.99E-05,2.16E-05,1.97E-05,2.01E-05,1.79E-05,1.55E-05,2.03E-05,3.666666667,B2,B2,B1,B1
elect,VERB,5.01E-06,5.08E-06,4.82E-06,4.69E-06,4.80E-06,4.73E-06,4.89E-06,4.67E-06,5.09E-06,4.87E-06,3.333333333,B1,C2,B1,B2
election,NOUN,4.18E-05,4.25E-05,4.11E-05,3.74E-05,3.94E-05,3.81E-05,3.97E-05,3.84E-05,4.00E-05,3.98E-05,3.333333333,B1,A2,B1,A2
electric,ADJ,2.60E-05,2.61E-05,2.43E-05,2.41E-05,2.35E-05,2.40E-05,2.35E-05,2.47E-05,2.32E-05,2.44E-05,2.333333333,A2,B2,B1,B1
electrical,ADJ,2.25E-05,2.25E-05,2.28E-05,2.23E-05,2.18E-05,2.12E-05,2.06E-05,1.95E-05,1.62E-05,2.10E-05,3,B1,B2,B1,B1
electricity,NOUN,1.45E-05,1.55E-05,1.56E-05,1.50E-05,1.52E-05,1.55E-05,1.52E-05,1.64E-05,1.59E-05,1.54E-05,2.333333333,A2,B2,B1,B1
electronic,ADJ,3.73E-05,3.95E-05,3.92E-05,4.02E-05,4.00E-05,3.98E-05,3.62E-05,3.51E-05,2.46E-05,3.69E-05,3,B1,A2,A2,B1
electronics,NOUN,5.88E-06,5.90E-06,6.06E-06,5.66E-06,5.51E-06,5.31E-06,5.33E-06,4.66E-06,3.46E-06,5.31E-06,2,A2,C1,B1,A1
elegant,ADJ,1.03E-05,1.02E-05,9.91E-06,9.78E-06,1.02E-05,9.89E-06,9.95E-06,9.73E-06,1.09E-05,1.01E-05,2.333333333,A2,C1,B1,B2
element,NOUN,6.25E-05,6.61E-05,7.54E-05,6.86E-05,6.43E-05,6.08E-05,6.21E-05,6.03E-05,5.49E-05,6.39E-05,2.666666667,B1,A1,B1,A2
elephant,NOUN,5.74E-06,5.64E-06,5.40E-06,5.54E-06,5.93E-06,5.32E-06,5.98E-06,5.67E-06,6.55E-06,5.75E-06,1.333333333,A1,C1,B1,A1
eliminate,VERB,1.81E-05,1.83E-05,1.83E-05,1.79E-05,1.69E-05,1.69E-05,1.60E-05,1.52E-05,1.19E-05,1.66E-05,4,B2,B2,B1,B1
elite,NOUN,2.02E-05,1.84E-05,1.92E-05,1.78E-05,1.73E-05,1.81E-05,1.72E-05,1.66E-05,1.23E-05,1.75E-05,4.666666667,C1,C1,B1,B1
else,ADV,9.81E-05,9.83E-05,0.00010275,0.000105169,0.000105593,0.000106422,0.000104259,0.000107544,0.000113181,0.000104588,2.666666667,B1,A1,A2,A2
elsewhere,ADV,3.47E-05,3.30E-05,3.23E-05,3.19E-05,3.15E-05,3.08E-05,3.17E-05,3.14E-05,3.01E-05,3.20E-05,3.333333333,B1,A2,B1,B1
embassy,NOUN,3.48E-06,3.64E-06,3.89E-06,3.73E-06,3.67E-06,3.80E-06,3.71E-06,3.75E-06,3.79E-06,3.72E-06,3.666666667,B2,C2,B1,C1
embrace,VERB,8.57E-06,8.58E-06,8.70E-06,9.07E-06,9.27E-06,9.39E-06,9.94E-06,9.90E-06,1.02E-05,9.29E-06,4.333333333,B2,C1,B1,B1
emerge,VERB,1.85E-05,1.81E-05,1.79E-05,1.72E-05,1.72E-05,1.77E-05,1.73E-05,1.65E-05,1.34E-05,1.71E-05,4,B2,B2,B1,B1
emergency,NOUN,2.31E-05,2.35E-05,2.44E-05,2.41E-05,2.36E-05,2.44E-05,2.53E-05,2.38E-05,1.98E-05,2.36E-05,3.333333333,B1,B2,B1,B1
emission,NOUN,1.26E-05,1.28E-05,1.27E-05,1.23E-05,1.31E-05,1.31E-05,1.20E-05,1.11E-05,7.98E-06,1.20E-05,4.333333333,B2,C1,B1,A1
emit,VERB,1.78E-06,1.81E-06,1.87E-06,1.80E-06,1.75E-06,1.69E-06,1.63E-06,1.77E-06,1.57E-06,1.74E-06,4.333333333,B2,C2,B1,C1
emotion,NOUN,1.76E-05,1.81E-05,1.92E-05,1.94E-05,2.09E-05,2.11E-05,2.21E-05,2.35E-05,2.55E-05,2.08E-05,2.333333333,A2,B2,B1,B1
emotional,ADJ,4.93E-05,4.97E-05,5.00E-05,4.87E-05,5.06E-05,5.11E-05,5.20E-05,4.95E-05,3.94E-05,4.89E-05,3,B1,A1,B1,A1
emphasis,NOUN,5.15E-05,4.81E-05,4.81E-05,4.52E-05,4.42E-05,4.51E-05,4.42E-05,4.31E-05,3.42E-05,4.49E-05,4,B2,A2,B1,A2
emphasize,VERB,1.52E-05,1.54E-05,1.49E-05,1.44E-05,1.40E-05,1.44E-05,1.40E-05,1.35E-05,1.08E-05,1.41E-05,4,B2,B2,B1,B2
empire,NOUN,2.02E-05,1.86E-05,1.87E-05,1.86E-05,1.99E-05,1.89E-05,2.02E-05,2.12E-05,2.19E-05,1.98E-05,3.666666667,B2,B2,B1,B1
empirical,ADJ,2.72E-05,2.74E-05,2.71E-05,2.64E-05,2.55E-05,2.72E-05,2.74E-05,2.61E-05,2.03E-05,2.61E-05,5,C1,B2,B2,B1
employ,VERB,1.41E-05,1.41E-05,1.38E-05,1.40E-05,1.39E-05,1.39E-05,1.44E-05,1.45E-05,1.59E-05,1.43E-05,3,B1,B2,B1,B2
employee,NOUN,3.87E-05,4.40E-05,4.22E-05,4.19E-05,4.01E-05,4.53E-05,3.93E-05,3.83E-05,2.90E-05,3.98E-05,3.666666667,B2,A2,A2,A2
employer,NOUN,2.71E-05,3.28E-05,2.81E-05,2.71E-05,2.67E-05,2.98E-05,2.68E-05,2.57E-05,2.11E-05,2.72E-05,2,A2,B2,B1,A2
employment,NOUN,6.42E-05,6.37E-05,5.96E-05,5.81E-05,5.46E-05,5.73E-05,5.68E-05,5.17E-05,4.70E-05,5.70E-05,2.666666667,B1,A1,B1,A2
empty,ADJ,3.70E-05,3.77E-05,3.94E-05,3.93E-05,3.96E-05,3.90E-05,3.82E-05,3.93E-05,3.96E-05,3.88E-05,1.333333333,A1,A2,A2,A1
enable,VERB,2.88E-05,2.91E-05,3.03E-05,3.14E-05,2.89E-05,2.92E-05,2.96E-05,2.95E-05,2.98E-05,2.96E-05,3.666666667,B2,B2,B1,A1
enclose,VERB,1.76E-06,1.79E-06,1.77E-06,1.70E-06,1.67E-06,1.58E-06,1.64E-06,1.58E-06,1.95E-06,1.72E-06,3.333333333,B1,C2,B1,C1
encounter,NOUN,1.28E-05,1.25E-05,1.23E-05,1.21E-05,1.25E-05,1.27E-05,1.23E-05,1.25E-05,1.09E-05,1.23E-05,3.666666667,B2,C1,B1,A1
encounter,VERB,1.05E-05,1.05E-05,1.05E-05,1.06E-05,1.06E-05,1.04E-05,1.03E-05,1.02E-05,9.67E-06,1.04E-05,4,B2,C1,B1,B1
encourage,VERB,3.01E-05,2.99E-05,2.95E-05,2.89E-05,2.84E-05,2.91E-05,2.87E-05,2.75E-05,2.43E-05,2.85E-05,2.666666667,B1,B2,B1,B1
encouragement,NOUN,1.10E-05,1.06E-05,1.06E-05,1.06E-05,1.06E-05,1.07E-05,1.12E-05,1.11E-05,1.20E-05,1.09E-05,3.333333333,B1,C1,B1,A1
encouraging,ADJ,6.86E-06,6.81E-06,6.75E-06,6.68E-06,6.60E-06,6.81E-06,6.74E-06,6.62E-06,6.22E-06,6.68E-06,3.666666667,B2,C1,B1,B2
end,NOUN,0.000264573,0.00026271,0.000263891,0.000263594,0.000264127,0.000260587,0.000261823,0.000266948,0.000275195,0.000264828,1.666666667,A2,A1,A1,A2
end,VERB,3.53E-05,3.59E-05,3.78E-05,3.77E-05,3.73E-05,3.79E-05,3.70E-05,3.73E-05,3.60E-05,3.69E-05,1.333333333,A1,A2,A2,A1
endless,ADJ,1.17E-05,1.17E-05,1.17E-05,1.22E-05,1.24E-05,1.22E-05,1.22E-05,1.27E-05,1.39E-05,1.23E-05,3.333333333,B1,B2,B1,B2
endorse,VERB,3.27E-06,3.15E-06,3.26E-06,3.05E-06,2.99E-06,3.07E-06,3.17E-06,3.05E-06,2.57E-06,3.06E-06,3.666666667,B2,C2,B1,B2
enemy,NOUN,4.07E-05,4.02E-05,4.19E-05,4.22E-05,4.87E-05,4.39E-05,4.92E-05,5.12E-05,6.84E-05,4.74E-05,2.333333333,A2,A1,B1,A2
energy,NOUN,0.000140734,0.000141774,0.000138509,0.000135853,0.000138013,0.000138261,0.000137987,0.000138668,0.000119361,0.000136573,1.666666667,A2,A1,B1,A2
enforce,VERB,1.04E-05,1.10E-05,1.08E-05,1.04E-05,9.73E-06,9.98E-06,1.01E-05,9.68E-06,1.01E-05,1.02E-05,4,B2,C1,B1,B1
engage,VERB,2.58E-05,2.64E-05,2.61E-05,2.66E-05,2.69E-05,2.85E-05,2.96E-05,2.92E-05,2.64E-05,2.73E-05,3.333333333,B1,B2,B1,B1
engine,NOUN,2.54E-05,2.88E-05,2.95E-05,3.09E-05,3.01E-05,2.81E-05,2.70E-05,2.80E-05,2.82E-05,2.84E-05,1.666666667,A2,A2,A2,A2
engineer,NOUN,1.13E-05,1.19E-05,1.18E-05,1.14E-05,1.14E-05,1.09E-05,1.08E-05,1.12E-05,1.26E-05,1.15E-05,1.333333333,A1,C1,B1,A1
engineering,NOUN,2.69E-05,2.63E-05,2.75E-05,2.62E-05,2.64E-05,2.72E-05,2.60E-05,2.49E-05,1.93E-05,2.56E-05,2,A2,B2,B1,B1
enhance,VERB,2.11E-05,2.16E-05,2.18E-05,2.14E-05,2.11E-05,2.19E-05,2.15E-05,1.99E-05,1.56E-05,2.06E-05,3.666666667,B2,B2,B1,B1
enjoy,VERB,3.61E-05,3.52E-05,3.65E-05,3.70E-05,3.76E-05,3.77E-05,3.75E-05,3.72E-05,3.89E-05,3.71E-05,1.333333333,A1,A2,A2,A1
enjoyable,ADJ,3.66E-06,3.57E-06,3.72E-06,3.60E-06,3.68E-06,3.76E-06,3.83E-06,3.63E-06,4.12E-06,3.73E-06,2,A2,C2,B1,B2
enormous,ADJ,2.52E-05,2.49E-05,2.44E-05,2.40E-05,2.46E-05,2.40E-05,2.39E-05,2.49E-05,2.57E-05,2.46E-05,1.666666667,A2,B2,B1,B1
enough,ADV,0.000134531,0.000134347,0.000136896,0.00014062,0.000146714,0.000144281,0.000143894,0.000154684,0.000181394,0.000146373,2,A2,A1,A2,A2
enquiry,NOUN,3.81E-06,3.38E-06,3.44E-06,3.45E-06,3.28E-06,3.63E-06,3.53E-06,3.48E-06,3.26E-06,3.47E-06,4,B2,C2,B1,C1
enter,VERB,5.49E-05,5.76E-05,5.59E-05,5.73E-05,5.68E-05,5.39E-05,5.44E-05,5.56E-05,5.94E-05,5.62E-05,1.333333333,A1,A2,B1,A1
enterprise,NOUN,2.58E-05,2.69E-05,2.60E-05,2.67E-05,2.40E-05,2.44E-05,2.52E-05,2.50E-05,2.44E-05,2.54E-05,3.333333333,B1,B2,B1,B1
entertainment,NOUN,1.55E-05,1.54E-05,1.55E-05,1.55E-05,1.62E-05,1.61E-05,1.56E-05,1.55E-05,1.44E-05,1.55E-05,3.666666667,B2,B2,B1,B1
enthusiasm,NOUN,1.55E-05,1.52E-05,1.50E-05,1.53E-05,1.60E-05,1.56E-05,1.63E-05,1.72E-05,1.98E-05,1.62E-05,4,B2,B2,B1,B1
entire,ADJ,9.12E-05,9.29E-05,9.39E-05,9.40E-05,9.19E-05,9.17E-05,9.07E-05,8.92E-05,8.32E-05,9.10E-05,3,B1,A2,A2,A2
entirely,ADV,5.07E-05,4.95E-05,4.82E-05,4.99E-05,5.10E-05,4.95E-05,5.31E-05,5.69E-05,6.80E-05,5.30E-05,3.333333333,B1,A1,B1,A1
entitle,VERB,8.56E-07,9.11E-07,7.81E-07,8.40E-07,8.30E-07,8.15E-07,8.89E-07,8.52E-07,1.33E-06,9.00E-07,4.333333333,B2,C2,B1,C1
entity,NOUN,2.29E-05,2.47E-05,2.63E-05,2.63E-05,2.37E-05,2.63E-05,2.71E-05,2.57E-05,2.04E-05,2.48E-05,4.666666667,C1,B2,B2,B1
entrance,NOUN,2.37E-05,2.34E-05,2.44E-05,2.44E-05,2.52E-05,2.40E-05,2.42E-05,2.60E-05,2.92E-05,2.49E-05,2.666666667,B1,A2,A2,B1
entry,NOUN,4.52E-05,4.64E-05,4.65E-05,4.42E-05,4.11E-05,4.20E-05,4.04E-05,3.88E-05,3.15E-05,4.18E-05,3,B1,A2,B1,A2
envelope,NOUN,1.03E-05,1.08E-05,1.11E-05,1.05E-05,1.13E-05,1.07E-05,9.62E-06,1.06E-05,1.00E-05,1.05E-05,1.333333333,A1,C1,A2,A1
environment,NOUN,0.000116611,0.000115664,0.000117051,0.000114193,0.000109026,0.000114193,0.000109563,0.000103315,8.18E-05,0.000109043,3,B1,A1,B1,A2
environmental,ADJ,8.02E-05,7.68E-05,7.79E-05,7.11E-05,6.22E-05,7.12E-05,6.38E-05,5.78E-05,4.62E-05,6.75E-05,3.333333333,B1,A2,A2,A2
envisage,VERB,1.39E-06,1.23E-06,1.26E-06,1.22E-06,1.16E-06,1.18E-06,1.13E-06,1.12E-06,7.82E-07,1.16E-06,4.5,B2,C2,B1,C1
envy,VERB,1.10E-06,1.06E-06,1.06E-06,1.11E-06,1.25E-06,1.17E-06,1.25E-06,1.40E-06,2.02E-06,1.27E-06,4.333333333,B2,C2,B1,C1
episode,NOUN,1.42E-05,1.37E-05,1.35E-05,1.33E-05,1.37E-05,1.39E-05,1.39E-05,1.40E-05,1.16E-05,1.36E-05,2.333333333,A2,C1,B1,B1
equal,ADJ,8.28E-05,8.34E-05,8.02E-05,8.06E-05,7.86E-05,7.70E-05,7.65E-05,7.89E-05,8.67E-05,8.05E-05,1.666666667,A2,A2,A2,A2
equality,NOUN,2.51E-05,2.42E-05,2.35E-05,2.31E-05,2.20E-05,2.28E-05,2.35E-05,2.25E-05,2.02E-05,2.30E-05,3,B1,B2,B1,B1
equally,ADV,4.30E-05,4.16E-05,4.05E-05,4.10E-05,4.16E-05,4.05E-05,4.24E-05,4.28E-05,4.82E-05,4.24E-05,2.666666667,B1,A1,B1,B1
equation,NOUN,4.84E-05,5.33E-05,4.82E-05,4.70E-05,4.45E-05,4.44E-05,4.23E-05,4.06E-05,3.16E-05,4.45E-05,4,B2,A1,B1,A2
equip,VERB,1.49E-06,1.47E-06,1.48E-06,1.50E-06,1.42E-06,1.50E-06,1.53E-06,1.52E-06,1.48E-06,1.49E-06,3.333333333,B1,C2,B1,C1
equipment,NOUN,6.33E-05,6.40E-05,6.46E-05,6.17E-05,5.76E-05,5.80E-05,5.40E-05,5.04E-05,3.93E-05,5.70E-05,3.333333333,B1,A1,A2,A2
equivalent,ADJ,3.04E-05,3.13E-05,3.01E-05,2.98E-05,2.79E-05,2.83E-05,2.77E-05,2.67E-05,2.33E-05,2.84E-05,4,B2,B2,B1,B1
equivalent,NOUN,9.19E-06,9.22E-06,9.19E-06,8.88E-06,8.50E-06,8.45E-06,8.15E-06,8.16E-06,6.94E-06,8.52E-06,3.666666667,B2,C1,B1,A1
era,NOUN,3.58E-05,3.49E-05,3.46E-05,3.39E-05,3.35E-05,3.36E-05,3.35E-05,3.27E-05,2.80E-05,3.34E-05,3.666666667,B2,A2,B1,A2
error,NOUN,5.59E-05,6.00E-05,6.12E-05,6.09E-05,5.50E-05,5.56E-05,5.46E-05,5.38E-05,4.93E-05,5.63E-05,2.333333333,A2,A1,B1,A2
escape,NOUN,1.24E-05,1.22E-05,1.21E-05,1.25E-05,1.34E-05,1.27E-05,1.28E-05,1.43E-05,1.72E-05,1.33E-05,2.666666667,B1,B2,B1,A1
escape,VERB,2.35E-05,2.30E-05,2.30E-05,2.37E-05,2.50E-05,2.37E-05,2.44E-05,2.66E-05,3.09E-05,2.49E-05,2,A2,B2,A2,B1
especially,ADV,0.000184265,0.000179496,0.000179112,0.000176969,0.000175302,0.000175934,0.000176337,0.00017147,0.000162747,0.000175737,3,B1,A1,B1,A2
essay,NOUN,2.75E-05,2.68E-05,2.67E-05,2.53E-05,2.67E-05,2.61E-05,2.51E-05,2.42E-05,1.99E-05,2.54E-05,2.666666667,B1,B2,A2,B1
essence,NOUN,2.49E-05,2.36E-05,2.48E-05,2.49E-05,2.39E-05,2.39E-05,2.41E-05,2.38E-05,2.14E-05,2.39E-05,4,B2,B2,B1,B1
essential,ADJ,7.46E-05,7.25E-05,7.26E-05,7.10E-05,6.94E-05,7.04E-05,7.04E-05,6.79E-05,6.57E-05,7.05E-05,2.666666667,B1,A2,B1,A2
essentially,ADV,3.40E-05,3.29E-05,3.31E-05,3.20E-05,3.04E-05,3.06E-05,3.07E-05,2.98E-05,2.60E-05,3.11E-05,3,B1,B1,B1,B1
establish,VERB,5.31E-05,5.31E-05,5.26E-05,5.10E-05,4.84E-05,4.97E-05,4.83E-05,4.66E-05,4.13E-05,4.94E-05,4.333333333,B2,A2,B1,A1
establishment,NOUN,3.41E-05,3.26E-05,3.20E-05,3.15E-05,3.07E-05,3.10E-05,3.08E-05,3.08E-05,3.13E-05,3.17E-05,3.666666667,B2,A2,B1,A2
estate,NOUN,3.91E-05,4.06E-05,3.74E-05,3.81E-05,3.80E-05,3.94E-05,3.80E-05,3.74E-05,3.85E-05,3.85E-05,4,B2,A2,B1,A2
estimate,NOUN,1.84E-05,1.90E-05,1.84E-05,1.84E-05,1.80E-05,1.84E-05,1.78E-05,1.71E-05,1.66E-05,1.80E-05,3.333333333,B1,B2,B1,B1
estimate,VERB,1.28E-05,1.34E-05,1.30E-05,1.29E-05,1.28E-05,1.32E-05,1.27E-05,1.26E-05,1.10E-05,1.27E-05,4,B2,B2,B1,B1
estimated,ADJ,1.86E-06,1.91E-06,1.84E-06,1.85E-06,1.83E-06,1.95E-06,1.88E-06,1.79E-06,1.48E-06,1.82E-06,4,B2,C2,B1,B2
ethnic,ADJ,4.69E-05,4.82E-05,4.47E-05,4.43E-05,4.10E-05,4.26E-05,4.12E-05,3.92E-05,2.95E-05,4.20E-05,4,B2,A2,B1,B1
evaluate,VERB,2.28E-05,2.37E-05,2.32E-05,2.32E-05,2.28E-05,2.41E-05,2.30E-05,2.14E-05,1.63E-05,2.23E-05,3.666666667,B2,B2,B1,B1
evaluation,NOUN,5.33E-05,5.25E-05,5.26E-05,5.13E-05,5.23E-05,5.57E-05,5.08E-05,4.80E-05,3.55E-05,5.02E-05,3.666666667,B2,A1,A2,A2
even,ADV,0.000605014,0.000598966,0.000604833,0.000611761,0.000614714,0.000614131,0.000616997,0.000623376,0.00062682,0.000612957,3,B1,A1,A2,A1
evening,NOUN,5.12E-05,5.21E-05,5.27E-05,5.52E-05,6.07E-05,5.82E-05,5.89E-05,6.59E-05,8.67E-05,6.02E-05,1.333333333,A1,A1,A1,A2
event,NOUN,7.57E-05,7.89E-05,8.18E-05,7.97E-05,8.00E-05,7.95E-05,7.98E-05,7.79E-05,6.97E-05,7.81E-05,2.666666667,B1,A2,B1,A2
eventually,ADV,5.18E-05,5.16E-05,5.22E-05,5.07E-05,5.02E-05,5.16E-05,5.01E-05,4.88E-05,4.00E-05,4.97E-05,3,B1,A1,B1,A1
ever,ADV,0.000161708,0.000161907,0.000164867,0.00017498,0.000187446,0.000181258,0.00018696,0.000203021,0.000266423,0.000187619,2.666666667,B1,A1,A2,A2
every,DET,0.000275907,0.000279665,0.000279026,0.000299291,0.000312291,0.000304176,0.000317592,0.000333261,0.000427065,0.000314253,1,A1,A1,A1,A2
everywhere,ADV,2.21E-05,2.20E-05,2.21E-05,2.33E-05,2.41E-05,2.35E-05,2.40E-05,2.52E-05,2.90E-05,2.39E-05,1,A1,B1,B1,B1
evidence,NOUN,0.000168528,0.000164227,0.000160731,0.000162447,0.000160133,0.00016086,0.000164401,0.000160348,0.000140815,0.000160277,3,B1,A1,B1,A2
evident,ADJ,3.52E-05,3.40E-05,3.34E-05,3.37E-05,3.43E-05,3.36E-05,3.53E-05,3.58E-05,3.93E-05,3.50E-05,4.666666667,C1,A2,B1,B1
evidently,ADV,9.55E-06,9.05E-06,8.49E-06,9.88E-06,1.17E-05,9.87E-06,1.15E-05,1.40E-05,2.30E-05,1.19E-05,4,B2,B2,B1,A2
evil,ADJ,2.19E-05,2.17E-05,2.22E-05,2.72E-05,2.74E-05,2.54E-05,2.81E-05,2.83E-05,3.61E-05,2.65E-05,3.333333333,B1,A2,B1,B1
evil,NOUN,1.65E-05,1.69E-05,1.71E-05,2.01E-05,2.11E-05,1.93E-05,2.18E-05,2.19E-05,3.00E-05,2.05E-05,2.666666667,B1,B2,B1,B1
evolution,NOUN,3.96E-05,3.88E-05,3.75E-05,3.79E-05,3.66E-05,3.77E-05,3.80E-05,3.82E-05,3.18E-05,3.74E-05,4,B2,A2,B1,A2
evolve,VERB,6.95E-06,6.89E-06,6.98E-06,7.04E-06,6.78E-06,7.04E-06,6.88E-06,6.51E-06,5.35E-06,6.71E-06,4,B2,C1,B1,B2
exact,ADJ,2.52E-05,2.57E-05,2.56E-05,2.63E-05,2.58E-05,2.58E-05,2.62E-05,2.65E-05,2.80E-05,2.61E-05,3.333333333,B1,B2,B1,B1
exactly,ADV,5.72E-05,5.81E-05,6.01E-05,6.08E-05,6.09E-05,6.09E-05,6.04E-05,6.23E-05,6.33E-05,6.04E-05,2.333333333,A2,A1,A2,A1
exaggerate,VERB,1.72E-06,1.69E-06,1.64E-06,1.71E-06,1.72E-06,1.62E-06,1.73E-06,1.76E-06,1.88E-06,1.72E-06,4,B2,C2,B1,C1
exaggeration,NOUN,2.71E-06,2.64E-06,2.60E-06,2.67E-06,2.80E-06,2.63E-06,2.90E-06,2.98E-06,3.52E-06,2.83E-06,2.666666667,B1,C2,B1,C1
exam,NOUN,8.29E-06,8.07E-06,8.85E-06,1.14E-05,8.85E-06,8.90E-06,8.39E-06,8.00E-06,6.44E-06,8.58E-06,1.333333333,A1,C1,B1,A1
examination,NOUN,4.36E-05,4.26E-05,4.23E-05,4.24E-05,4.21E-05,4.08E-05,4.15E-05,4.01E-05,3.99E-05,4.17E-05,3,B1,A1,B1,A2
examine,VERB,3.63E-05,3.61E-05,3.57E-05,3.57E-05,3.43E-05,3.46E-05,3.51E-05,3.43E-05,3.25E-05,3.50E-05,3.333333333,B1,A2,B1,A1
example,NOUN,0.000411987,0.000421265,0.000427138,0.000412603,0.000393422,0.000400655,0.000387658,0.000376752,0.000305311,0.000392977,1.333333333,A1,A1,A2,A2
exceed,VERB,1.42E-05,1.48E-05,1.38E-05,1.34E-05,1.33E-05,1.36E-05,1.30E-05,1.25E-05,1.28E-05,1.35E-05,4,B2,B2,B1,B2
excellent,ADJ,3.86E-05,3.79E-05,3.76E-05,3.77E-05,3.81E-05,3.69E-05,3.77E-05,3.82E-05,4.44E-05,3.86E-05,2,A2,A2,B1,A1
except,ADP,8.34E-05,8.39E-05,8.21E-05,8.23E-05,8.31E-05,8.10E-05,8.18E-05,8.41E-05,9.86E-05,8.45E-05,2.666666667,B1,A1,A2,A2
exception,NOUN,3.49E-05,3.43E-05,3.67E-05,3.56E-05,3.33E-05,3.28E-05,3.45E-05,3.35E-05,3.29E-05,3.43E-05,3.333333333,B1,A2,B1,A2
exceptional,ADJ,1.01E-05,9.78E-06,9.44E-06,9.54E-06,9.57E-06,9.72E-06,9.96E-06,1.00E-05,9.81E-06,9.78E-06,3.666666667,B2,C1,B1,B2
excess,NOUN,1.35E-05,1.32E-05,1.26E-05,1.23E-05,1.25E-05,1.24E-05,1.23E-05,1.27E-05,1.39E-05,1.28E-05,3.333333333,B1,B2,B1,A1
excessive,ADJ,2.01E-05,1.97E-05,1.98E-05,1.91E-05,1.89E-05,1.87E-05,1.83E-05,1.77E-05,1.68E-05,1.88E-05,3.666666667,B2,B2,B1,B1
exchange,NOUN,7.16E-05,7.04E-05,6.87E-05,6.48E-05,6.28E-05,6.52E-05,6.29E-05,5.93E-05,4.80E-05,6.37E-05,3,B1,A1,B1,A2
exchange,VERB,3.83E-06,3.90E-06,3.94E-06,3.83E-06,3.80E-06,3.77E-06,3.71E-06,3.77E-06,3.93E-06,3.83E-06,3.333333333,B1,C2,B1,B2
excited,ADJ,5.61E-06,5.80E-06,5.59E-06,6.02E-06,6.37E-06,6.33E-06,6.39E-06,6.69E-06,7.57E-06,6.26E-06,2,A2,C1,B1,B2
excitement,NOUN,1.45E-05,1.46E-05,1.49E-05,1.52E-05,1.70E-05,1.64E-05,1.68E-05,1.87E-05,2.47E-05,1.70E-05,2.333333333,A2,B2,A2,B1
exciting,ADJ,1.40E-05,1.40E-05,1.42E-05,1.39E-05,1.40E-05,1.39E-05,1.35E-05,1.34E-05,1.33E-05,1.38E-05,1.666666667,A2,B2,B1,B2
exclude,VERB,1.06E-05,1.07E-05,1.03E-05,9.91E-06,9.76E-06,9.90E-06,1.01E-05,9.75E-06,9.16E-06,1.00E-05,4.333333333,B2,C1,B1,B1
exclusive,ADJ,1.95E-05,1.94E-05,1.93E-05,1.88E-05,1.83E-05,1.83E-05,1.88E-05,1.79E-05,1.74E-05,1.86E-05,4,B2,B2,B1,B1
exclusively,ADV,1.94E-05,1.86E-05,1.83E-05,1.80E-05,1.76E-05,1.75E-05,1.80E-05,1.74E-05,1.91E-05,1.82E-05,4.666666667,C1,B2,B1,A2
excuse,NOUN,8.43E-06,8.21E-06,8.35E-06,8.69E-06,9.32E-06,9.11E-06,9.43E-06,1.00E-05,1.27E-05,9.36E-06,2.333333333,A2,C1,B1,A1
excuse,VERB,3.17E-06,3.17E-06,3.19E-06,3.37E-06,3.82E-06,3.60E-06,3.84E-06,4.20E-06,5.98E-06,3.81E-06,2.333333333,A2,C1,B1,B2
execute,VERB,9.03E-06,9.58E-06,1.14E-05,1.17E-05,9.79E-06,9.49E-06,9.86E-06,9.27E-06,1.00E-05,1.00E-05,4,B2,C1,B1,B1
executive,NOUN,1.09E-05,1.12E-05,1.09E-05,1.05E-05,1.01E-05,1.04E-05,1.03E-05,1.02E-05,8.88E-06,1.04E-05,3.333333333,B1,C1,B1,A1
exercise,NOUN,5.58E-05,5.64E-05,5.57E-05,5.55E-05,5.49E-05,5.54E-05,5.49E-05,5.02E-05,5.09E-05,5.44E-05,2,A2,A1,B1,A2
exercise,VERB,1.67E-05,1.68E-05,1.63E-05,1.64E-05,1.57E-05,1.59E-05,1.64E-05,1.58E-05,1.70E-05,1.63E-05,1.666666667,A2,B2,B1,B2
exhibit,VERB,1.32E-05,1.31E-05,1.28E-05,1.31E-05,1.30E-05,1.31E-05,1.35E-05,1.29E-05,1.27E-05,1.30E-05,4.333333333,B2,B2,B1,B2
exhibition,NOUN,1.11E-05,1.12E-05,1.13E-05,1.02E-05,1.07E-05,1.06E-05,1.10E-05,1.12E-05,1.05E-05,1.09E-05,3.333333333,B1,C1,B1,A1
exist,VERB,6.39E-05,6.37E-05,6.40E-05,6.46E-05,6.13E-05,6.17E-05,6.27E-05,6.06E-05,5.74E-05,6.22E-05,3,B1,A2,B1,A1
existence,NOUN,7.87E-05,7.53E-05,7.51E-05,7.82E-05,7.53E-05,7.38E-05,7.85E-05,7.72E-05,8.19E-05,7.71E-05,3,B1,A1,B1,A2
existing,ADJ,9.05E-06,9.14E-06,9.40E-06,9.05E-06,8.66E-06,8.99E-06,8.88E-06,8.51E-06,7.39E-06,8.79E-06,3.333333333,B1,C1,B1,B2
expand,VERB,1.79E-05,1.84E-05,1.84E-05,1.78E-05,1.68E-05,1.71E-05,1.70E-05,1.64E-05,1.38E-05,1.70E-05,3.666666667,B2,B2,B1,B1
expansion,NOUN,3.88E-05,3.77E-05,3.65E-05,3.49E-05,3.26E-05,3.35E-05,3.33E-05,3.21E-05,2.54E-05,3.39E-05,4,B2,A2,B1,A2
expect,VERB,5.31E-05,5.31E-05,5.32E-05,5.35E-05,5.34E-05,5.30E-05,5.28E-05,5.34E-05,5.62E-05,5.35E-05,3,B1,A2,A2,A1
expectation,NOUN,1.29E-05,1.31E-05,1.26E-05,1.30E-05,1.32E-05,1.29E-05,1.39E-05,1.38E-05,1.41E-05,1.33E-05,3,B1,B2,B1,A1
expected,ADJ,8.25E-06,9.02E-06,8.71E-06,8.73E-06,8.44E-06,8.73E-06,8.25E-06,8.36E-06,7.00E-06,8.39E-06,3.666666667,B2,C1,B1,B2
expedition,NOUN,1.13E-05,1.16E-05,1.12E-05,1.16E-05,1.23E-05,1.05E-05,1.22E-05,1.32E-05,1.66E-05,1.23E-05,3.666666667,B2,B2,B1,A1
expenditure,NOUN,1.69E-05,1.59E-05,1.58E-05,1.51E-05,1.49E-05,1.54E-05,1.52E-05,1.52E-05,1.46E-05,1.55E-05,4.666666667,C1,B2,B1,B1
expense,NOUN,2.45E-05,2.51E-05,2.39E-05,2.33E-05,2.54E-05,2.46E-05,2.50E-05,2.56E-05,2.93E-05,2.52E-05,4,B2,A2,B1,B1
expensive,ADJ,3.00E-05,3.06E-05,3.04E-05,2.95E-05,2.84E-05,2.85E-05,2.69E-05,2.64E-05,2.32E-05,2.82E-05,2,A2,B2,B1,B1
experience,NOUN,0.000182053,0.000177471,0.000175176,0.000175642,0.000175531,0.000178431,0.00017944,0.000176381,0.00016201,0.000175793,3,B1,A1,B1,A2
experience,VERB,3.00E-05,2.97E-05,3.04E-05,3.01E-05,3.03E-05,3.05E-05,3.05E-05,2.89E-05,2.44E-05,2.94E-05,3.333333333,B1,B2,B1,A1
experienced,ADJ,8.98E-06,9.04E-06,9.18E-06,8.97E-06,8.93E-06,9.15E-06,8.93E-06,8.67E-06,8.27E-06,8.90E-06,3.333333333,B1,C1,B1,B2
experiment,NOUN,3.26E-05,3.30E-05,3.14E-05,3.26E-05,3.13E-05,3.20E-05,3.15E-05,3.24E-05,2.98E-05,3.18E-05,3.666666667,B2,A2,B1,A2
experimental,ADJ,3.58E-05,3.65E-05,3.46E-05,3.37E-05,3.31E-05,3.56E-05,3.42E-05,3.24E-05,2.42E-05,3.33E-05,4,B2,A2,B1,B1
expert,NOUN,8.73E-06,9.47E-06,9.32E-06,8.98E-06,9.02E-06,9.19E-06,8.75E-06,8.96E-06,7.50E-06,8.88E-06,3.666666667,B2,C1,B1,A1
explain,VERB,6.78E-05,6.80E-05,6.80E-05,6.80E-05,6.75E-05,6.85E-05,6.81E-05,6.75E-05,6.28E-05,6.74E-05,2.333333333,A2,A2,B1,A1
explanation,NOUN,4.38E-05,4.31E-05,4.27E-05,4.27E-05,4.19E-05,4.18E-05,4.26E-05,4.25E-05,4.10E-05,4.24E-05,2.666666667,B1,A1,B1,A2
explicit,ADJ,2.45E-05,2.41E-05,2.45E-05,2.32E-05,2.23E-05,2.38E-05,2.33E-05,2.19E-05,1.76E-05,2.28E-05,4,B2,B2,B1,B1
explode,VERB,2.67E-06,2.71E-06,2.87E-06,2.84E-06,2.81E-06,2.81E-06,2.70E-06,2.67E-06,2.49E-06,2.73E-06,2.333333333,A2,C2,B1,B2
exploit,VERB,8.34E-06,8.38E-06,8.73E-06,8.27E-06,8.33E-06,8.47E-06,8.05E-06,8.19E-06,6.63E-06,8.15E-06,3.666666667,B2,C1,B1,B2
exploration,NOUN,1.52E-05,1.45E-05,1.46E-05,1.42E-05,1.41E-05,1.45E-05,1.41E-05,1.41E-05,1.11E-05,1.41E-05,3,B1,B2,B1,B1
explore,VERB,2.60E-05,2.60E-05,2.63E-05,2.58E-05,2.56E-05,2.66E-05,2.64E-05,2.56E-05,2.04E-05,2.54E-05,2.666666667,B1,B2,B1,B1
explosion,NOUN,9.74E-06,1.02E-05,1.04E-05,9.95E-06,9.82E-06,9.66E-06,9.34E-06,9.47E-06,9.19E-06,9.75E-06,2.666666667,B1,C1,B1,A1
export,NOUN,1.92E-05,1.73E-05,1.85E-05,1.64E-05,1.52E-05,1.51E-05,1.50E-05,1.42E-05,1.09E-05,1.58E-05,3.666666667,B2,B2,B1,B1
export,VERB,2.89E-06,2.93E-06,3.40E-06,3.27E-06,2.99E-06,2.65E-06,2.68E-06,2.76E-06,2.18E-06,2.86E-06,3.333333333,B1,C2,B1,B2
expose,VERB,8.04E-06,7.79E-06,8.07E-06,8.21E-06,7.95E-06,8.04E-06,8.36E-06,8.18E-06,8.42E-06,8.12E-06,4.333333333,B2,C1,B1,B2
exposure,NOUN,3.92E-05,3.91E-05,3.93E-05,3.73E-05,3.70E-05,4.05E-05,3.99E-05,3.71E-05,3.03E-05,3.77E-05,3.666666667,B2,A2,B1,A2
express,VERB,3.36E-05,3.29E-05,3.25E-05,3.29E-05,3.32E-05,3.31E-05,3.42E-05,3.33E-05,3.48E-05,3.34E-05,3,B1,A2,B1,A1
expression,NOUN,9.34E-05,9.28E-05,9.73E-05,9.67E-05,9.81E-05,9.92E-05,0.000102042,0.000100626,0.000100132,9.78E-05,3.333333333,B1,A1,B1,A2
extend,VERB,2.59E-05,2.55E-05,2.58E-05,2.55E-05,2.45E-05,2.45E-05,2.43E-05,2.37E-05,2.30E-05,2.47E-05,4,B2,B2,B1,B1
extension,NOUN,3.38E-05,3.37E-05,3.46E-05,3.27E-05,3.16E-05,3.23E-05,3.12E-05,2.94E-05,2.63E-05,3.17E-05,4.333333333,B2,A2,B1,A2
extensive,ADJ,4.00E-05,3.88E-05,3.80E-05,3.67E-05,3.65E-05,3.57E-05,3.55E-05,3.40E-05,3.20E-05,3.64E-05,3.666666667,B2,A2,B1,B1
extent,NOUN,8.85E-05,8.62E-05,8.41E-05,8.21E-05,7.98E-05,8.12E-05,8.14E-05,8.02E-05,7.86E-05,8.25E-05,4,B2,A1,B1,A2
external,ADJ,6.42E-05,6.36E-05,6.42E-05,6.51E-05,6.20E-05,6.18E-05,6.31E-05,6.03E-05,5.45E-05,6.21E-05,3.666666667,B2,A2,B1,A2
extra,ADJ,3.78E-05,3.79E-05,3.91E-05,3.91E-05,3.83E-05,3.88E-05,3.75E-05,3.65E-05,3.20E-05,3.74E-05,1.333333333,A1,A2,B1,B1
extract,VERB,1.32E-05,1.26E-05,1.31E-05,1.28E-05,1.28E-05,1.26E-05,1.27E-05,1.23E-05,1.22E-05,1.27E-05,4.666666667,C1,B2,B1,B1
extraordinary,ADJ,1.97E-05,1.96E-05,1.87E-05,1.97E-05,2.11E-05,1.98E-05,2.18E-05,2.28E-05,2.83E-05,2.13E-05,4,B2,B2,B1,B1
extravagant,ADJ,2.99E-06,2.88E-06,2.69E-06,2.91E-06,3.23E-06,3.01E-06,3.38E-06,3.62E-06,5.12E-06,3.31E-06,4,B2,C2,B1,B2
extreme,ADJ,3.41E-05,3.35E-05,3.27E-05,3.27E-05,3.34E-05,3.31E-05,3.41E-05,3.45E-05,3.55E-05,3.37E-05,2.333333333,A2,A2,B1,B1
extremely,ADV,4.77E-05,4.71E-05,4.70E-05,4.62E-05,4.58E-05,4.51E-05,4.48E-05,4.42E-05,4.14E-05,4.55E-05,2.666666667,B1,A2,B1,A1
eye,NOUN,6.81E-05,6.63E-05,6.89E-05,7.08E-05,7.42E-05,7.26E-05,7.33E-05,7.73E-05,9.43E-05,7.40E-05,1.333333333,A1,A1,A1,A2
fabric,NOUN,1.60E-05,1.55E-05,1.52E-05,1.56E-05,1.55E-05,1.52E-05,1.45E-05,1.40E-05,1.20E-05,1.48E-05,2.666666667,B1,B2,B1,B1
face,NOUN,0.000159882,0.0001589,0.000165475,0.000168959,0.00018339,0.000181564,0.00017515,0.0001943,0.000235133,0.000180306,1,A1,A1,A1,A2
face,VERB,3.62E-05,3.65E-05,3.73E-05,3.77E-05,3.80E-05,3.90E-05,3.82E-05,3.85E-05,3.77E-05,3.77E-05,2,A2,A2,A2,A1
facilitate,VERB,1.88E-05,1.92E-05,1.93E-05,1.92E-05,1.89E-05,1.99E-05,1.99E-05,1.86E-05,1.54E-05,1.88E-05,4,B2,B2,B1,B1
facility,NOUN,2.09E-05,2.21E-05,2.23E-05,2.23E-05,2.24E-05,2.26E-05,2.04E-05,1.99E-05,1.69E-05,2.11E-05,4,B2,B2,A2,B1
fact,NOUN,0.000286065,0.000281151,0.000281157,0.000283482,0.000278928,0.000279185,0.000282923,0.000284027,0.000282383,0.000282145,1.666666667,A2,A1,A2,A2
factor,NOUN,8.36E-05,8.62E-05,8.44E-05,8.15E-05,8.08E-05,8.38E-05,8.13E-05,7.70E-05,5.88E-05,7.97E-05,3.333333333,B1,A1,B1,A2
factory,NOUN,2.04E-05,1.97E-05,1.98E-05,1.90E-05,1.84E-05,1.85E-05,1.75E-05,1.82E-05,1.69E-05,1.87E-05,2.333333333,A2,B2,A2,B1
faculty,NOUN,2.31E-05,2.30E-05,2.38E-05,2.43E-05,2.31E-05,2.38E-05,2.49E-05,2.41E-05,2.24E-05,2.36E-05,2.333333333,A2,B2,B1,B1
fade,VERB,3.43E-06,3.51E-06,3.73E-06,3.71E-06,3.89E-06,3.70E-06,3.59E-06,3.71E-06,4.14E-06,3.71E-06,3,B1,C2,B1,B2
fail,VERB,2.92E-05,2.98E-05,2.95E-05,3.05E-05,3.05E-05,3.02E-05,3.12E-05,3.15E-05,3.60E-05,3.09E-05,1.333333333,A1,A2,B1,A1
failure,NOUN,7.93E-05,8.23E-05,7.90E-05,7.81E-05,7.90E-05,7.91E-05,7.77E-05,7.29E-05,6.36E-05,7.68E-05,3,B1,A2,B1,A2
faint,ADJ,8.51E-06,8.60E-06,8.46E-06,9.17E-06,1.06E-05,9.73E-06,9.86E-06,1.21E-05,1.76E-05,1.05E-05,3.333333333,B1,C1,A2,B2
fair,ADJ,4.26E-05,4.42E-05,4.33E-05,4.45E-05,4.80E-05,4.74E-05,4.96E-05,5.38E-05,6.96E-05,4.92E-05,2.333333333,A2,A2,A2,A1
fairly,ADV,3.37E-05,3.29E-05,3.24E-05,3.22E-05,3.18E-05,3.13E-05,3.13E-05,3.26E-05,3.46E-05,3.25E-05,2.666666667,B1,A1,B1,B1
faith,NOUN,6.74E-05,6.87E-05,6.80E-05,7.46E-05,7.67E-05,7.67E-05,8.44E-05,8.20E-05,0.000100712,7.77E-05,2.666666667,B1,A1,B1,A2
fall,NOUN,3.25E-05,3.30E-05,3.25E-05,3.45E-05,3.30E-05,3.24E-05,3.25E-05,3.31E-05,3.60E-05,3.33E-05,1,A1,A1,B1,A2
fall,VERB,5.03E-05,5.05E-05,5.07E-05,5.20E-05,5.31E-05,5.21E-05,5.31E-05,5.46E-05,6.25E-05,5.32E-05,2,A2,A2,A2,A1
FALSE,ADJ,2.33E-07,3.76E-07,3.64E-07,3.38E-07,3.98E-07,2.09E-07,1.89E-07,2.53E-07,2.01E-07,2.85E-07,1.333333333,A1,C2,B1,B2
familiar,ADJ,4.90E-05,4.85E-05,4.91E-05,4.93E-05,4.94E-05,4.86E-05,4.88E-05,4.96E-05,5.08E-05,4.92E-05,3.333333333,B1,A2,A2,A1
family,NOUN,0.000309464,0.000301842,0.000299104,0.000300165,0.000299516,0.000304204,0.000300048,0.000285046,0.000264819,0.000296023,1,A1,A1,A2,A2
famous,ADJ,4.57E-05,4.42E-05,4.42E-05,4.40E-05,4.50E-05,4.46E-05,4.50E-05,4.63E-05,4.59E-05,4.50E-05,1,A1,A2,B1,A1
fan,NOUN,9.64E-06,9.57E-06,1.03E-05,1.07E-05,1.09E-05,1.09E-05,1.01E-05,1.01E-05,9.37E-06,1.02E-05,1.666666667,A2,C1,A2,A1
fancy,VERB,1.13E-06,1.17E-06,1.02E-06,1.26E-06,2.07E-06,1.58E-06,2.06E-06,2.97E-06,6.00E-06,2.14E-06,2.333333333,A2,C2,B2,B2
fantasy,NOUN,1.16E-05,1.09E-05,1.14E-05,1.06E-05,1.08E-05,1.09E-05,1.04E-05,1.04E-05,7.76E-06,1.05E-05,2.333333333,A2,C1,B1,A1
far,ADJ,1.93E-05,1.91E-05,1.93E-05,1.96E-05,2.00E-05,1.98E-05,1.96E-05,2.07E-05,2.21E-05,1.99E-05,1.333333333,A1,B2,B1,B1
far,ADV,0.000207774,0.000204854,0.000203289,0.000210382,0.000216511,0.000209583,0.000219243,0.000230379,0.000274535,0.000219617,1,A1,A1,A2,A2
farm,NOUN,3.31E-05,3.25E-05,3.21E-05,3.05E-05,3.00E-05,3.11E-05,3.04E-05,3.12E-05,3.28E-05,3.15E-05,1,A1,A1,B1,A2
farmer,NOUN,1.21E-05,1.15E-05,1.12E-05,1.11E-05,1.17E-05,1.18E-05,1.17E-05,1.28E-05,1.59E-05,1.22E-05,2,A2,C1,B1,A1
farming,NOUN,1.24E-05,1.12E-05,1.11E-05,1.04E-05,1.04E-05,1.05E-05,1.06E-05,9.93E-06,8.77E-06,1.06E-05,1.666666667,A2,C1,B1,A1
fascinating,ADJ,9.03E-06,8.67E-06,8.71E-06,8.63E-06,8.87E-06,8.60E-06,8.42E-06,8.71E-06,8.20E-06,8.65E-06,3,B1,C1,B1,B2
fashion,NOUN,3.23E-05,3.20E-05,3.11E-05,3.13E-05,3.33E-05,3.28E-05,3.25E-05,3.51E-05,3.73E-05,3.31E-05,2,A2,A2,A2,A2
fast,ADJ,1.69E-05,1.77E-05,1.80E-05,1.74E-05,1.74E-05,1.74E-05,1.72E-05,1.62E-05,1.37E-05,1.69E-05,1,A1,B2,B1,B1
fast,ADV,3.14E-05,3.20E-05,3.31E-05,3.42E-05,3.54E-05,3.52E-05,3.48E-05,3.67E-05,4.24E-05,3.50E-05,2.333333333,A2,A1,A2,B1
fat,ADJ,3.23E-05,3.24E-05,3.28E-05,3.20E-05,3.39E-05,3.24E-05,3.23E-05,3.04E-05,3.05E-05,3.21E-05,1,A1,A2,B1,B1
fat,NOUN,3.39E-06,3.38E-06,3.39E-06,3.35E-06,3.48E-06,3.33E-06,3.28E-06,3.09E-06,3.12E-06,3.31E-06,1,A1,C2,B1,C1
fate,NOUN,2.20E-05,2.16E-05,2.12E-05,2.21E-05,2.41E-05,2.25E-05,2.38E-05,2.57E-05,3.13E-05,2.38E-05,3,B1,A2,B1,B1
fault,NOUN,2.23E-05,2.24E-05,2.29E-05,2.36E-05,2.38E-05,2.31E-05,2.39E-05,2.44E-05,2.86E-05,2.39E-05,3.333333333,B1,B2,B1,B1
favour,NOUN,1.45E-05,1.30E-05,1.26E-05,1.31E-05,1.41E-05,1.32E-05,1.61E-05,1.59E-05,2.22E-05,1.50E-05,3.333333333,B1,B2,B1,B1
favour,VERB,2.24E-06,2.04E-06,1.98E-06,1.98E-06,2.05E-06,2.03E-06,2.23E-06,2.16E-06,2.45E-06,2.13E-06,4,B2,C2,B1,B2
favourable,ADJ,6.56E-06,6.39E-06,5.98E-06,6.23E-06,6.56E-06,6.35E-06,7.21E-06,7.22E-06,1.00E-05,6.95E-06,3.333333333,B1,C1,B1,B2
favourite,ADJ,4.59E-06,4.45E-06,4.17E-06,4.56E-06,5.29E-06,4.91E-06,5.89E-06,6.40E-06,9.31E-06,5.51E-06,1,A1,C1,B1,B2
favourite,NOUN,1.36E-06,1.38E-06,1.25E-06,1.43E-06,1.80E-06,1.50E-06,2.05E-06,2.22E-06,3.75E-06,1.86E-06,1,A1,C2,B1,C1
fear,NOUN,6.10E-05,6.07E-05,6.11E-05,6.34E-05,6.72E-05,6.47E-05,6.64E-05,6.89E-05,7.66E-05,6.56E-05,2.333333333,A2,A2,A2,A2
fear,VERB,1.44E-05,1.46E-05,1.44E-05,1.54E-05,1.75E-05,1.59E-05,1.74E-05,1.92E-05,2.74E-05,1.74E-05,2,A2,B2,A2,B1
feature,NOUN,4.96E-05,5.06E-05,5.07E-05,5.01E-05,4.94E-05,4.92E-05,4.73E-05,4.70E-05,3.94E-05,4.81E-05,3.333333333,B1,A1,A2,A2
feature,VERB,3.90E-06,4.05E-06,4.09E-06,3.92E-06,3.89E-06,3.93E-06,3.85E-06,3.74E-06,2.86E-06,3.80E-06,2.333333333,A2,C2,B1,B2
fee,NOUN,1.98E-05,2.18E-05,2.14E-05,2.34E-05,2.05E-05,2.02E-05,1.84E-05,1.86E-05,1.59E-05,2.00E-05,2.666666667,B1,B2,A2,B1
feed,VERB,1.35E-05,1.30E-05,1.31E-05,1.30E-05,1.36E-05,1.37E-05,1.33E-05,1.36E-05,1.46E-05,1.35E-05,2.666666667,B1,B2,B1,B2
feel,VERB,0.000151657,0.000151246,0.000156985,0.00015987,0.000164098,0.000164511,0.000163242,0.000164432,0.000172326,0.00016093,1.333333333,A1,A1,A1,A2
feeling,NOUN,5.12E-05,5.04E-05,5.10E-05,5.27E-05,5.64E-05,5.40E-05,5.74E-05,5.99E-05,7.54E-05,5.65E-05,2,A2,A1,A2,A2
fellow,ADJ,2.05E-05,2.03E-05,2.02E-05,2.11E-05,2.24E-05,2.17E-05,2.27E-05,2.37E-05,2.68E-05,2.21E-05,3.333333333,B1,B2,B1,B1
fellow,NOUN,1.12E-05,1.16E-05,1.06E-05,1.17E-05,1.65E-05,1.40E-05,1.54E-05,2.11E-05,3.68E-05,1.65E-05,3.666666667,B2,B2,A2,B1
female,ADJ,7.43E-05,6.93E-05,6.76E-05,6.59E-05,6.51E-05,6.57E-05,6.55E-05,6.29E-05,5.12E-05,6.53E-05,2,A2,A2,B1,A2
female,NOUN,1.07E-05,9.88E-06,9.90E-06,9.75E-06,9.78E-06,9.62E-06,9.40E-06,9.00E-06,8.39E-06,9.61E-06,1.333333333,A1,C1,B1,A1
fence,NOUN,1.05E-05,1.06E-05,1.12E-05,1.14E-05,1.14E-05,1.20E-05,1.13E-05,1.16E-05,1.28E-05,1.14E-05,2.333333333,A2,B2,B1,A1
ferry,NOUN,3.76E-06,3.79E-06,3.77E-06,3.30E-06,3.37E-06,3.55E-06,3.23E-06,3.40E-06,3.44E-06,3.51E-06,2.666666667,B1,C2,B1,C1
festival,NOUN,9.26E-06,8.93E-06,8.59E-06,9.57E-06,9.38E-06,9.62E-06,9.50E-06,8.89E-06,8.89E-06,9.18E-06,1.333333333,A1,C1,B1,A1
fetch,VERB,3.93E-06,3.95E-06,3.88E-06,4.32E-06,4.64E-06,4.31E-06,4.44E-06,5.10E-06,6.72E-06,4.59E-06,3.666666667,B2,C1,B1,B2
fever,NOUN,1.60E-05,1.69E-05,1.67E-05,1.64E-05,1.74E-05,1.60E-05,1.57E-05,1.66E-05,2.02E-05,1.69E-05,2,A2,B2,A2,B1
fibre,NOUN,3.54E-06,3.66E-06,3.99E-06,2.85E-06,3.42E-06,3.15E-06,3.33E-06,3.31E-06,3.61E-06,3.43E-06,4,B2,C2,B1,C1
fiction,NOUN,2.69E-05,2.46E-05,2.37E-05,2.14E-05,2.29E-05,2.38E-05,2.42E-05,2.38E-05,1.89E-05,2.34E-05,2.666666667,B1,B2,B1,B1
fierce,ADJ,8.17E-06,8.22E-06,7.88E-06,8.21E-06,9.61E-06,8.70E-06,9.09E-06,1.06E-05,1.49E-05,9.49E-06,4,B2,C1,B1,B2
fifth,NOUN,2.50E-06,2.37E-06,2.36E-06,2.32E-06,2.31E-06,2.26E-06,2.25E-06,2.24E-06,2.54E-06,2.35E-06,1.333333333,A1,C2,B1,C1
fight,NOUN,1.86E-05,1.85E-05,1.90E-05,1.96E-05,2.13E-05,2.16E-05,2.13E-05,2.31E-05,2.62E-05,2.10E-05,2,A2,B2,A2,B1
fight,VERB,2.65E-05,2.67E-05,2.76E-05,2.80E-05,2.99E-05,2.95E-05,2.92E-05,3.11E-05,3.39E-05,2.91E-05,1.666666667,A2,B2,A2,B1
fighting,NOUN,7.69E-06,7.78E-06,8.07E-06,7.79E-06,7.99E-06,7.83E-06,7.45E-06,8.14E-06,8.51E-06,7.92E-06,1.333333333,A1,C1,B1,A1
figure,NOUN,7.82E-05,7.78E-05,7.49E-05,7.40E-05,7.71E-05,7.36E-05,7.41E-05,7.62E-05,7.71E-05,7.59E-05,3,B1,A1,A2,A2
figure,VERB,1.45E-05,1.46E-05,1.61E-05,1.61E-05,1.56E-05,1.64E-05,1.54E-05,1.52E-05,1.28E-05,1.52E-05,3,B1,B2,A2,B2
file,NOUN,7.18E-05,8.05E-05,9.77E-05,9.43E-05,7.25E-05,6.38E-05,5.99E-05,6.03E-05,4.66E-05,7.19E-05,3,B1,A1,A2,A2
file,VERB,1.37E-05,1.54E-05,1.49E-05,1.46E-05,1.32E-05,1.36E-05,1.30E-05,1.25E-05,9.81E-06,1.34E-05,3,B1,B2,B1,B2
fill,VERB,2.65E-05,2.72E-05,2.73E-05,2.77E-05,2.80E-05,2.69E-05,2.68E-05,2.73E-05,3.01E-05,2.75E-05,2.333333333,A2,B2,A2,B1
film,NOUN,8.89E-05,8.24E-05,8.48E-05,7.96E-05,7.83E-05,8.11E-05,7.80E-05,8.16E-05,5.32E-05,7.87E-05,1.666666667,A2,A1,B1,A2
filter,NOUN,1.90E-05,2.06E-05,2.13E-05,1.94E-05,1.89E-05,1.84E-05,1.57E-05,1.77E-05,1.31E-05,1.82E-05,3.666666667,B2,B2,A2,B1
final,ADJ,0.000104472,0.000104848,0.00010446,0.000103321,0.000101391,0.000102426,0.000100733,9.73E-05,8.35E-05,0.000100282,1.666666667,A2,A1,B1,A2
finally,ADV,8.20E-05,8.13E-05,8.42E-05,8.45E-05,8.41E-05,8.60E-05,8.32E-05,8.35E-05,8.03E-05,8.32E-05,2.333333333,A2,A1,A2,A1
finance,NOUN,1.49E-05,1.50E-05,1.53E-05,1.43E-05,1.37E-05,1.46E-05,1.46E-05,1.43E-05,1.17E-05,1.43E-05,2.333333333,A2,C1,B1,B1
finance,VERB,6.07E-06,5.91E-06,5.86E-06,5.65E-06,5.26E-06,5.40E-06,5.06E-06,4.95E-06,3.85E-06,5.33E-06,3.333333333,B1,C1,B1,B2
financial,ADJ,0.000109153,0.00011185,0.000109234,0.000109134,0.000103802,0.00011004,0.000106307,0.000102923,8.34E-05,0.000105092,3.333333333,B1,A1,B1,A2
financially,ADV,5.97E-06,6.14E-06,6.06E-06,6.10E-06,5.90E-06,6.31E-06,6.01E-06,5.86E-06,4.83E-06,5.91E-06,4,B2,C1,B1,B1
find,VERB,0.000280666,0.000282697,0.000286675,0.000295244,0.000296152,0.000290625,0.00028877,0.00029646,0.000325253,0.000293616,1.666666667,A2,A1,A1,A1
finding,ADJ,1.33E-06,1.28E-06,1.19E-06,1.26E-06,1.25E-06,1.14E-06,1.12E-06,1.14E-06,1.04E-06,1.20E-06,2,A2,C2,B1,B2
finding,NOUN,9.83E-06,1.03E-05,9.81E-06,9.56E-06,9.63E-06,9.65E-06,9.76E-06,9.12E-06,7.26E-06,9.43E-06,3,B1,C1,B1,A1
fine,ADJ,6.81E-05,6.82E-05,6.79E-05,6.98E-05,7.34E-05,7.17E-05,7.21E-05,7.78E-05,9.65E-05,7.39E-05,2,A2,A2,A1,A2
finely,ADV,5.10E-06,5.22E-06,5.14E-06,5.33E-06,5.30E-06,4.95E-06,5.04E-06,5.21E-06,5.81E-06,5.23E-06,3.333333333,B1,C1,B1,B1
finger,NOUN,2.21E-05,2.13E-05,2.27E-05,2.41E-05,2.39E-05,2.40E-05,2.36E-05,2.38E-05,2.59E-05,2.35E-05,1,A1,B2,A2,B1
finish,NOUN,5.41E-06,5.11E-06,5.05E-06,5.37E-06,5.28E-06,5.31E-06,4.98E-06,4.90E-06,4.96E-06,5.15E-06,1.333333333,A1,C1,B1,A1
finish,VERB,1.48E-05,1.52E-05,1.63E-05,1.68E-05,1.69E-05,1.70E-05,1.65E-05,1.66E-05,1.66E-05,1.63E-05,1.666666667,A2,B2,A2,B2
finite,ADJ,1.58E-05,1.66E-05,1.55E-05,1.56E-05,1.45E-05,1.60E-05,1.54E-05,1.34E-05,1.14E-05,1.49E-05,4.333333333,B2,B2,B2,B2
fire,NOUN,7.96E-05,8.17E-05,8.43E-05,9.06E-05,9.26E-05,8.78E-05,8.85E-05,9.60E-05,0.000117568,9.10E-05,1.333333333,A1,A1,A1,A2
fire,VERB,5.42E-06,5.37E-06,5.67E-06,5.86E-06,6.11E-06,5.77E-06,5.72E-06,6.10E-06,7.02E-06,5.89E-06,2,A2,C1,B1,B2
firm,ADJ,2.22E-05,2.22E-05,2.25E-05,2.13E-05,2.16E-05,2.16E-05,2.25E-05,2.20E-05,2.36E-05,2.22E-05,3,B1,B2,B1,B1
firm,NOUN,5.12E-05,5.52E-05,5.35E-05,4.96E-05,4.77E-05,5.11E-05,4.84E-05,4.65E-05,4.11E-05,4.94E-05,2.666666667,B1,A1,B1,A2
firmly,ADV,1.83E-05,1.75E-05,1.75E-05,1.75E-05,1.77E-05,1.75E-05,1.77E-05,1.82E-05,2.06E-05,1.81E-05,3.666666667,B2,B2,B1,A2
firstly,ADV,1.85E-06,1.68E-06,1.71E-06,1.72E-06,1.72E-06,1.92E-06,1.87E-06,1.87E-06,1.61E-06,1.77E-06,1.666666667,A2,C2,B1,A2
fish,NOUN,5.35E-05,5.10E-05,5.10E-05,4.90E-05,4.91E-05,4.90E-05,4.92E-05,4.81E-05,5.35E-05,5.04E-05,1,A1,A1,B1,A2
fishing,NOUN,1.09E-05,1.03E-05,1.01E-05,1.00E-05,9.48E-06,9.81E-06,9.26E-06,9.50E-06,1.00E-05,9.94E-06,2.333333333,A2,C1,B1,A1
fist,NOUN,5.80E-06,5.88E-06,5.96E-06,6.18E-06,6.34E-06,6.49E-06,6.14E-06,6.58E-06,6.95E-06,6.26E-06,2.666666667,B1,C1,B1,A1
fit,ADJ,8.38E-06,8.24E-06,8.11E-06,8.42E-06,8.86E-06,8.72E-06,9.27E-06,9.09E-06,1.07E-05,8.86E-06,1.666666667,A2,C1,B1,B2
fit,NOUN,9.53E-06,9.52E-06,9.59E-06,9.71E-06,1.01E-05,1.00E-05,1.03E-05,1.04E-05,1.10E-05,1.00E-05,1,A1,C1,B1,A1
fit,VERB,3.46E-05,3.47E-05,3.46E-05,3.47E-05,3.48E-05,3.46E-05,3.41E-05,3.41E-05,3.39E-05,3.44E-05,2.333333333,A2,A2,B1,A1
fitness,NOUN,1.01E-05,1.01E-05,1.01E-05,1.02E-05,1.03E-05,1.05E-05,1.06E-05,9.64E-06,9.26E-06,1.01E-05,2,A2,C1,B1,A1
fix,VERB,1.12E-05,1.13E-05,1.17E-05,1.23E-05,1.20E-05,1.20E-05,1.21E-05,1.22E-05,1.41E-05,1.21E-05,2,A2,B2,B1,B1
fixed,ADJ,2.75E-05,2.80E-05,2.73E-05,2.74E-05,2.59E-05,2.67E-05,2.61E-05,2.51E-05,2.36E-05,2.64E-05,3,B1,B2,B1,B1
flag,NOUN,1.37E-05,1.37E-05,1.41E-05,1.42E-05,1.39E-05,1.41E-05,1.34E-05,1.36E-05,1.62E-05,1.41E-05,1.666666667,A2,B2,A2,B1
flame,NOUN,9.62E-06,1.00E-05,9.66E-06,1.08E-05,1.10E-05,1.01E-05,1.05E-05,1.19E-05,1.58E-05,1.10E-05,2.666666667,B1,B2,B1,A1
flash,VERB,1.11E-06,1.16E-06,1.16E-06,1.22E-06,1.28E-06,1.23E-06,1.20E-06,1.34E-06,1.55E-06,1.25E-06,3.333333333,B1,C2,B1,C1
flat,ADJ,3.62E-05,3.56E-05,3.53E-05,3.56E-05,3.55E-05,3.48E-05,3.35E-05,3.45E-05,3.41E-05,3.50E-05,2,A2,A2,A2,B1
flat,ADV,7.95E-09,9.87E-09,8.31E-09,1.00E-08,9.72E-09,1.11E-08,8.88E-09,9.69E-09,7.60E-09,9.24E-09,3,B1,C2,B1,B2
flat,NOUN,8.73E-07,8.94E-07,8.59E-07,9.01E-07,9.40E-07,9.22E-07,9.07E-07,1.01E-06,1.10E-06,9.34E-07,1.333333333,A1,C2,B1,C1
flavour,NOUN,2.06E-06,2.07E-06,1.87E-06,2.02E-06,2.29E-06,1.98E-06,2.19E-06,2.30E-06,2.78E-06,2.17E-06,2.333333333,A2,C2,B1,C1
flee,VERB,4.58E-06,4.51E-06,4.51E-06,4.75E-06,4.90E-06,4.79E-06,4.66E-06,4.85E-06,5.28E-06,4.76E-06,4.666666667,C1,C1,B1,B2
fleet,NOUN,1.04E-05,1.06E-05,1.03E-05,1.01E-05,1.17E-05,1.03E-05,1.22E-05,1.36E-05,1.71E-05,1.18E-05,3.333333333,B1,B2,B1,A1
flesh,NOUN,2.08E-05,2.05E-05,2.06E-05,2.32E-05,2.41E-05,2.37E-05,2.47E-05,2.50E-05,3.19E-05,2.38E-05,3,B1,B2,B1,B1
flexibility,NOUN,1.80E-05,1.82E-05,1.88E-05,1.80E-05,1.67E-05,1.73E-05,1.69E-05,1.56E-05,1.20E-05,1.68E-05,3.333333333,B1,C1,B1,B1
flexible,ADJ,1.99E-05,2.00E-05,2.03E-05,1.96E-05,1.85E-05,1.94E-05,1.85E-05,1.72E-05,1.37E-05,1.86E-05,3,B1,B2,B1,B1
float,VERB,3.74E-06,3.75E-06,3.83E-06,3.75E-06,3.86E-06,3.52E-06,3.40E-06,3.63E-06,4.24E-06,3.75E-06,3.333333333,B1,C2,B1,B2
flood,NOUN,1.15E-05,1.05E-05,9.90E-06,1.07E-05,1.11E-05,1.07E-05,1.09E-05,1.16E-05,1.29E-05,1.11E-05,3.333333333,B1,C1,B1,A1
floor,NOUN,7.24E-05,7.23E-05,7.48E-05,7.73E-05,7.58E-05,7.75E-05,7.32E-05,7.43E-05,7.36E-05,7.46E-05,2,A2,A1,A1,A2
flow,NOUN,8.33E-05,8.52E-05,8.38E-05,8.12E-05,8.21E-05,8.34E-05,7.84E-05,7.09E-05,5.47E-05,7.81E-05,3.666666667,B2,A1,A2,A2
flow,VERB,1.20E-05,1.19E-05,1.20E-05,1.22E-05,1.20E-05,1.17E-05,1.16E-05,1.14E-05,1.19E-05,1.19E-05,4,B2,C1,B1,B1
flower,NOUN,1.20E-05,1.13E-05,1.12E-05,1.13E-05,1.25E-05,1.14E-05,1.19E-05,1.27E-05,1.76E-05,1.24E-05,1.333333333,A1,B2,A2,A1
fluency,NOUN,2.40E-06,2.08E-06,1.93E-06,2.05E-06,2.11E-06,2.36E-06,2.55E-06,2.48E-06,2.22E-06,2.24E-06,3.666666667,B2,C2,B1,C1
fluid,NOUN,2.38E-05,2.53E-05,2.31E-05,2.25E-05,2.33E-05,2.29E-05,2.25E-05,1.99E-05,1.71E-05,2.22E-05,4,B2,B2,B1,B1
fly,NOUN,6.03E-06,5.78E-06,6.45E-06,5.65E-06,6.45E-06,6.15E-06,6.03E-06,6.32E-06,8.83E-06,6.41E-06,1.333333333,A1,C1,B1,A1
fly,VERB,1.45E-05,1.46E-05,1.54E-05,1.59E-05,1.62E-05,1.56E-05,1.50E-05,1.56E-05,1.84E-05,1.57E-05,1.333333333,A1,B2,A2,B2
focus,NOUN,5.89E-05,5.92E-05,5.97E-05,5.96E-05,5.87E-05,6.25E-05,6.28E-05,6.05E-05,4.80E-05,5.89E-05,2.666666667,B1,A1,B1,A2
focus,VERB,3.81E-05,3.93E-05,4.03E-05,4.05E-05,4.00E-05,4.27E-05,4.21E-05,4.07E-05,3.23E-05,3.96E-05,2.333333333,A2,A2,B1,A1
fold,VERB,2.31E-06,2.39E-06,2.29E-06,2.48E-06,2.57E-06,2.62E-06,2.54E-06,2.46E-06,2.45E-06,2.46E-06,3,B1,C2,B1,B2
folk,NOUN,1.37E-05,1.38E-05,1.32E-05,1.33E-05,1.38E-05,1.28E-05,1.35E-05,1.41E-05,1.38E-05,1.36E-05,3.333333333,B1,B2,B1,B1
follow,VERB,8.28E-05,8.30E-05,8.34E-05,8.58E-05,8.62E-05,8.48E-05,8.59E-05,8.74E-05,9.13E-05,8.56E-05,1.666666667,A2,A2,A2,A1
following,ADJ,0.000109369,0.000113929,0.000116156,0.0001164,0.000109651,0.000107665,0.000106042,0.000104215,0.000105798,0.000109914,3.666666667,B2,A1,A2,A2
food,NOUN,0.000142752,0.000137147,0.000141769,0.000136662,0.000139119,0.000142477,0.000137121,0.000137723,0.000129382,0.000138239,1,A1,A1,A1,A2
fool,NOUN,9.07E-06,8.85E-06,8.79E-06,9.14E-06,1.10E-05,1.02E-05,1.01E-05,1.20E-05,1.77E-05,1.08E-05,2.666666667,B1,C1,A2,A1
fool,VERB,1.62E-06,1.61E-06,1.71E-06,1.74E-06,1.76E-06,1.77E-06,1.60E-06,1.63E-06,1.69E-06,1.68E-06,2.666666667,B1,C2,B1,C1
foot,NOUN,3.90E-05,3.87E-05,3.91E-05,4.04E-05,4.30E-05,4.15E-05,4.19E-05,4.60E-05,6.01E-05,4.33E-05,1,A1,A1,A2,A2
foot,VERB,8.24E-07,8.06E-07,7.74E-07,8.29E-07,9.91E-07,9.03E-07,9.07E-07,1.13E-06,1.64E-06,9.78E-07,1,A1,C2,B1,C1
football,NOUN,1.32E-05,1.44E-05,1.36E-05,1.40E-05,1.56E-05,1.65E-05,1.53E-05,1.56E-05,1.26E-05,1.45E-05,1,A1,B2,A2,B1
for,ADP,0.006563632,0.006607042,0.006595803,0.006584565,0.00656203,0.006601864,0.00656167,0.006532261,0.006430803,0.006559963,1.333333333,A1,A1,A1,B1
force,NOUN,0.000125803,0.000125167,0.000119377,0.000121123,0.000120109,0.000117354,0.000124995,0.000124338,0.000136444,0.000123857,2.666666667,B1,A1,B1,A2
force,VERB,1.61E-05,1.60E-05,1.61E-05,1.62E-05,1.60E-05,1.56E-05,1.57E-05,1.61E-05,1.69E-05,1.61E-05,2.333333333,A2,B2,B1,B2
forecast,NOUN,3.18E-06,3.76E-06,3.44E-06,3.41E-06,3.01E-06,3.41E-06,3.32E-06,3.25E-06,2.72E-06,3.28E-06,2.666666667,B1,C2,B1,C1
forehead,NOUN,1.11E-05,1.06E-05,1.14E-05,1.18E-05,1.27E-05,1.25E-05,1.22E-05,1.32E-05,1.63E-05,1.24E-05,2,A2,B2,A2,A1
foreign,ADJ,0.000122354,0.000117981,0.00011505,0.000111834,0.000106005,0.000107535,0.000106226,0.000105055,9.77E-05,0.000109975,2,A2,A1,B1,A2
forest,NOUN,3.95E-05,3.84E-05,3.59E-05,3.68E-05,3.63E-05,3.71E-05,3.49E-05,3.53E-05,4.00E-05,3.71E-05,2,A2,A2,A2,A2
forever,ADV,2.12E-05,2.13E-05,2.23E-05,2.33E-05,2.37E-05,2.43E-05,2.35E-05,2.39E-05,2.56E-05,2.33E-05,2.333333333,A2,B1,A2,B1
forget,VERB,2.95E-05,2.92E-05,3.08E-05,3.16E-05,3.37E-05,3.29E-05,3.26E-05,3.52E-05,4.36E-05,3.32E-05,2.333333333,A2,A2,A2,A1
forgive,VERB,8.63E-06,8.60E-06,9.11E-06,9.68E-06,1.09E-05,1.06E-05,1.09E-05,1.20E-05,1.58E-05,1.07E-05,2.666666667,B1,C1,A2,B1
form,NOUN,0.000269911,0.00026937,0.000268303,0.000265345,0.000253692,0.000247764,0.000250638,0.000247113,0.000238943,0.000256786,2.333333333,A2,A1,B1,A2
form,VERB,6.10E-05,6.00E-05,5.85E-05,5.81E-05,5.79E-05,5.75E-05,5.80E-05,5.75E-05,5.83E-05,5.85E-05,2.666666667,B1,A2,B1,A1
formal,ADJ,5.90E-05,5.81E-05,5.74E-05,5.42E-05,5.36E-05,5.61E-05,5.42E-05,5.18E-05,4.39E-05,5.42E-05,2.333333333,A2,A2,B1,A1
formally,ADV,1.25E-05,1.25E-05,1.23E-05,1.19E-05,1.16E-05,1.20E-05,1.19E-05,1.16E-05,1.04E-05,1.19E-05,4,B2,B2,B1,A2
format,NOUN,2.83E-05,3.18E-05,3.44E-05,3.28E-05,2.97E-05,2.76E-05,2.62E-05,2.58E-05,2.12E-05,2.86E-05,2.666666667,B1,A2,A2,A2
formation,NOUN,6.09E-05,5.79E-05,5.83E-05,5.64E-05,5.56E-05,5.72E-05,5.60E-05,5.39E-05,4.50E-05,5.57E-05,3.666666667,B2,A1,B1,A2
formerly,ADV,1.36E-05,1.35E-05,1.25E-05,1.32E-05,1.31E-05,1.21E-05,1.39E-05,1.45E-05,1.92E-05,1.39E-05,3.666666667,B2,B2,B1,A2
formula,NOUN,2.92E-05,3.12E-05,2.87E-05,2.97E-05,2.71E-05,2.71E-05,2.58E-05,2.81E-05,2.21E-05,2.77E-05,3.333333333,B1,B2,B1,A2
formulate,VERB,5.87E-06,5.90E-06,5.78E-06,5.61E-06,5.39E-06,5.61E-06,5.38E-06,5.18E-06,4.24E-06,5.44E-06,4,B2,C1,B1,B2
forthcoming,ADJ,8.52E-06,7.75E-06,7.82E-06,7.62E-06,7.46E-06,7.39E-06,7.36E-06,7.23E-06,6.12E-06,7.47E-06,5.666666667,C2,C1,B1,B2
fortnight,NOUN,2.48E-07,2.58E-07,2.34E-07,2.46E-07,3.48E-07,2.76E-07,3.55E-07,4.14E-07,7.29E-07,3.45E-07,5.333333333,C1,C2,B1,C1
fortunately,ADV,2.33E-06,2.36E-06,2.31E-06,2.39E-06,2.69E-06,2.52E-06,2.74E-06,3.14E-06,4.43E-06,2.77E-06,2.666666667,B1,C2,B1,A2
fortune,NOUN,1.29E-05,1.25E-05,1.21E-05,1.39E-05,1.62E-05,1.40E-05,1.60E-05,1.85E-05,2.73E-05,1.59E-05,3,B1,B2,B1,B1
forward,ADV,6.23E-05,6.23E-05,6.48E-05,6.70E-05,7.09E-05,7.03E-05,7.11E-05,7.53E-05,8.74E-05,7.02E-05,1.333333333,A1,A2,A2,A1
found,VERB,0.000385949,0.000385789,0.000384163,0.000389275,0.000397968,0.000391217,0.00039727,0.000412456,0.000446807,0.000398988,2.333333333,A2,A1,A2,A1
foundation,NOUN,3.09E-05,3.08E-05,2.95E-05,3.24E-05,3.08E-05,3.15E-05,3.25E-05,3.24E-05,3.30E-05,3.15E-05,4,B2,A1,B1,A2
founder,NOUN,1.07E-05,1.06E-05,1.01E-05,1.04E-05,1.03E-05,1.05E-05,1.08E-05,1.05E-05,1.02E-05,1.05E-05,3.333333333,B1,C1,B1,A1
fountain,NOUN,4.60E-06,4.62E-06,4.64E-06,5.08E-06,5.45E-06,4.85E-06,5.17E-06,5.73E-06,7.88E-06,5.34E-06,2.666666667,B1,C1,B1,A1
fraction,NOUN,1.89E-05,1.98E-05,1.87E-05,1.84E-05,1.81E-05,1.80E-05,1.76E-05,1.70E-05,1.35E-05,1.78E-05,4,B2,B2,B1,B1
frail,ADJ,3.04E-06,3.06E-06,2.93E-06,2.95E-06,3.29E-06,3.13E-06,3.13E-06,3.34E-06,4.31E-06,3.24E-06,5,C1,C2,B1,B2
frame,NOUN,4.48E-05,4.45E-05,4.85E-05,4.72E-05,4.43E-05,4.16E-05,4.00E-05,4.10E-05,3.78E-05,4.33E-05,2.666666667,B1,A1,A2,A2
frame,VERB,2.77E-06,2.71E-06,2.79E-06,2.97E-06,2.85E-06,2.89E-06,3.03E-06,3.10E-06,3.09E-06,2.91E-06,3.666666667,B2,C2,B1,B2
framework,NOUN,4.71E-05,4.72E-05,4.88E-05,4.77E-05,4.59E-05,5.04E-05,4.90E-05,4.70E-05,3.71E-05,4.67E-05,3.333333333,B1,A2,B1,A2
fraud,NOUN,1.03E-05,1.10E-05,1.08E-05,1.16E-05,1.10E-05,1.16E-05,1.22E-05,1.14E-05,1.15E-05,1.13E-05,4.333333333,B2,C1,B1,A1
free,ADJ,0.000180716,0.000178301,0.00017693,0.000176324,0.000176487,0.000178684,0.000176929,0.000175801,0.000174445,0.00017718,1.333333333,A1,A1,A2,A2
free,VERB,4.97E-06,4.92E-06,5.06E-06,5.03E-06,5.04E-06,4.95E-06,4.95E-06,5.08E-06,5.31E-06,5.03E-06,2.333333333,A2,C1,B1,B2
freedom,NOUN,7.33E-05,7.03E-05,7.15E-05,7.10E-05,6.98E-05,7.15E-05,7.22E-05,7.24E-05,6.97E-05,7.13E-05,2.666666667,B1,A2,B1,A2
freely,ADV,1.66E-05,1.63E-05,1.62E-05,1.70E-05,1.70E-05,1.66E-05,1.76E-05,1.79E-05,2.22E-05,1.75E-05,2.666666667,B1,B2,B1,A2
freeze,VERB,2.41E-06,2.33E-06,2.33E-06,2.36E-06,2.40E-06,2.39E-06,2.18E-06,2.32E-06,2.14E-06,2.32E-06,3,B1,C2,B1,B2
frequent,ADJ,2.78E-05,2.80E-05,2.69E-05,2.67E-05,2.74E-05,2.71E-05,2.74E-05,2.71E-05,2.91E-05,2.75E-05,2.666666667,B1,B2,B1,B1
frequently,ADV,6.57E-05,6.43E-05,6.18E-05,6.19E-05,6.19E-05,6.04E-05,6.10E-05,6.06E-05,6.35E-05,6.23E-05,2.333333333,A2,A2,B1,A1
fresh,ADJ,4.19E-05,4.27E-05,4.27E-05,4.29E-05,4.54E-05,4.38E-05,4.43E-05,4.63E-05,5.61E-05,4.51E-05,1.333333333,A1,A2,A2,A1
friend,NOUN,8.92E-05,9.01E-05,9.26E-05,9.75E-05,0.000107879,0.000104072,0.000107299,0.000114836,0.000146799,0.000105586,1,A1,A1,A1,A2
friendly,ADJ,2.34E-05,2.37E-05,2.36E-05,2.39E-05,2.49E-05,2.49E-05,2.46E-05,2.60E-05,2.86E-05,2.49E-05,1.666666667,A2,B2,B1,B1
friendship,NOUN,1.87E-05,1.85E-05,1.89E-05,1.95E-05,2.00E-05,1.96E-05,2.12E-05,2.19E-05,2.59E-05,2.05E-05,1.666666667,A2,B2,B1,B1
frightened,ADJ,3.80E-06,3.75E-06,3.91E-06,3.84E-06,4.32E-06,4.06E-06,3.89E-06,4.52E-06,5.90E-06,4.22E-06,2.666666667,B1,C1,B1,B2
from,ADP,0.003352553,0.003335306,0.003333975,0.00333295,0.003346529,0.003322586,0.003348574,0.0033643,0.003419225,0.003350666,1,A1,A1,A1,B1
front,ADJ,4.38E-05,4.47E-05,4.71E-05,4.76E-05,4.73E-05,4.78E-05,4.55E-05,4.51E-05,4.20E-05,4.57E-05,1,A1,A2,A2,A1
front,NOUN,7.91E-05,8.00E-05,8.47E-05,8.53E-05,8.68E-05,8.83E-05,8.50E-05,8.65E-05,8.86E-05,8.49E-05,2,A2,A1,A1,A2
frown,VERB,3.19E-07,3.25E-07,3.41E-07,3.62E-07,3.82E-07,3.87E-07,3.73E-07,4.21E-07,5.52E-07,3.85E-07,4.666666667,C1,C2,B1,C1
fruit,NOUN,3.05E-05,2.82E-05,2.99E-05,3.02E-05,3.10E-05,3.00E-05,3.02E-05,3.19E-05,3.85E-05,3.11E-05,1,A1,A1,A2,A2
frustration,NOUN,1.14E-05,1.14E-05,1.16E-05,1.14E-05,1.11E-05,1.14E-05,1.11E-05,1.05E-05,8.33E-06,1.09E-05,4,B2,C1,B1,A1
fuel,NOUN,2.20E-05,2.37E-05,2.47E-05,2.41E-05,2.48E-05,2.39E-05,2.40E-05,2.44E-05,2.25E-05,2.38E-05,2,A2,B2,B1,B1
full,ADJ,0.000182244,0.000183857,0.000184527,0.00019526,0.000191123,0.000187115,0.000188874,0.000193411,0.000212278,0.000190965,2,A2,A1,A2,A2
fully,ADV,7.07E-05,7.03E-05,7.01E-05,7.12E-05,7.04E-05,7.07E-05,7.23E-05,7.11E-05,7.31E-05,7.11E-05,3,B1,A2,B1,A1
fun,ADJ,1.33E-06,1.39E-06,1.43E-06,1.50E-06,1.52E-06,1.61E-06,1.53E-06,1.49E-06,1.18E-06,1.44E-06,1.333333333,A1,C2,B1,B2
fun,NOUN,2.67E-05,2.70E-05,2.85E-05,2.93E-05,3.01E-05,3.13E-05,2.90E-05,2.95E-05,2.75E-05,2.88E-05,1,A1,A2,A2,A2
function,NOUN,0.000167482,0.000174599,0.00017884,0.000167214,0.000159734,0.000162628,0.000153404,0.000145483,0.000110522,0.000157767,3.333333333,B1,A1,A2,A2
function,VERB,1.41E-05,1.40E-05,1.41E-05,1.33E-05,1.30E-05,1.30E-05,1.25E-05,1.18E-05,8.89E-06,1.27E-05,3.333333333,B1,C1,B1,B2
functional,ADJ,3.91E-05,3.83E-05,3.73E-05,3.79E-05,3.67E-05,3.88E-05,3.83E-05,3.50E-05,2.68E-05,3.65E-05,3,B1,A2,B1,B1
fund,NOUN,2.04E-05,2.10E-05,2.02E-05,1.94E-05,1.89E-05,1.92E-05,1.85E-05,1.89E-05,1.88E-05,1.95E-05,3.333333333,B1,B2,B1,B1
fund,VERB,3.49E-06,3.67E-06,3.70E-06,3.67E-06,3.66E-06,3.78E-06,3.77E-06,3.75E-06,2.91E-06,3.60E-06,3.666666667,B2,C2,B1,B2
fundamental,ADJ,5.26E-05,5.18E-05,5.17E-05,5.06E-05,4.77E-05,4.90E-05,4.93E-05,4.79E-05,4.10E-05,4.91E-05,3.666666667,B2,A2,B1,A1
funding,NOUN,1.74E-05,1.82E-05,1.78E-05,1.79E-05,1.72E-05,1.85E-05,1.87E-05,1.81E-05,1.36E-05,1.75E-05,4,B2,B2,B1,B1
funeral,NOUN,8.80E-06,8.70E-06,9.02E-06,9.25E-06,9.13E-06,9.50E-06,9.47E-06,9.35E-06,1.01E-05,9.26E-06,2.333333333,A2,C1,B1,A1
funny,ADJ,1.24E-05,1.22E-05,1.32E-05,1.33E-05,1.40E-05,1.46E-05,1.35E-05,1.40E-05,1.37E-05,1.34E-05,1.666666667,A2,B2,B1,B2
furniture,NOUN,1.65E-05,1.60E-05,1.55E-05,1.60E-05,1.59E-05,1.56E-05,1.55E-05,1.62E-05,1.70E-05,1.60E-05,1.333333333,A1,B2,B1,B1
further,ADV,5.95E-05,5.91E-05,5.86E-05,5.90E-05,5.85E-05,5.92E-05,6.07E-05,6.01E-05,5.93E-05,5.93E-05,2.666666667,B1,A1,B1,A1
furthermore,ADV,3.18E-06,3.07E-06,2.99E-06,2.92E-06,2.96E-06,2.99E-06,2.99E-06,3.09E-06,2.80E-06,3.00E-06,2,A2,C2,B1,A2
future,ADJ,7.89E-05,7.98E-05,7.81E-05,7.88E-05,7.84E-05,8.05E-05,8.15E-05,7.96E-05,7.76E-05,7.92E-05,1.666666667,A2,A2,B1,A2
future,NOUN,8.14E-05,8.04E-05,8.00E-05,7.95E-05,7.82E-05,7.97E-05,7.86E-05,7.84E-05,7.44E-05,7.89E-05,2,A2,A1,A2,A2
gain,NOUN,2.88E-05,2.74E-05,2.83E-05,2.60E-05,2.74E-05,2.77E-05,2.65E-05,2.61E-05,2.34E-05,2.69E-05,2.333333333,A2,B2,A2,A2
gain,VERB,3.32E-05,3.30E-05,3.35E-05,3.35E-05,3.34E-05,3.33E-05,3.36E-05,3.35E-05,3.32E-05,3.34E-05,2,A2,A2,B1,A1
gallery,NOUN,8.42E-06,7.79E-06,7.94E-06,7.61E-06,8.31E-06,8.26E-06,8.41E-06,9.70E-06,9.99E-06,8.49E-06,2.333333333,A2,C1,B1,A1
game,NOUN,6.62E-05,7.09E-05,7.43E-05,7.66E-05,7.91E-05,7.80E-05,7.53E-05,7.62E-05,7.28E-05,7.44E-05,1.666666667,A2,A1,A2,A2
gang,NOUN,9.86E-06,9.69E-06,9.51E-06,9.31E-06,1.04E-05,9.32E-06,9.79E-06,1.00E-05,1.02E-05,9.79E-06,3.333333333,B1,C1,B1,A1
gap,NOUN,2.53E-05,2.67E-05,2.55E-05,2.57E-05,2.56E-05,2.69E-05,2.69E-05,2.55E-05,2.10E-05,2.55E-05,3.333333333,B1,B2,B1,B1
garage,NOUN,6.98E-06,7.42E-06,7.78E-06,8.21E-06,7.83E-06,8.41E-06,7.53E-06,7.33E-06,5.97E-06,7.50E-06,1.666666667,A2,C1,B1,A1
garden,NOUN,3.56E-05,3.40E-05,3.43E-05,3.34E-05,3.55E-05,3.44E-05,3.47E-05,3.75E-05,4.73E-05,3.63E-05,1.333333333,A1,A1,A2,A2
gas,NOUN,5.61E-05,5.52E-05,5.55E-05,5.54E-05,5.31E-05,5.54E-05,5.39E-05,5.54E-05,4.87E-05,5.43E-05,1,A1,A1,B1,A2
gate,NOUN,2.09E-05,2.13E-05,2.07E-05,2.23E-05,2.37E-05,2.32E-05,2.28E-05,2.52E-05,3.11E-05,2.35E-05,1.666666667,A2,B2,A2,B1
gather,VERB,1.42E-05,1.45E-05,1.48E-05,1.54E-05,1.57E-05,1.55E-05,1.57E-05,1.61E-05,1.78E-05,1.55E-05,2.333333333,A2,B2,A2,B2
gay,ADJ,2.44E-05,2.17E-05,2.23E-05,2.04E-05,2.22E-05,2.07E-05,2.12E-05,2.19E-05,2.14E-05,2.18E-05,2.333333333,A2,B2,B1,B1
gaze,NOUN,1.86E-05,1.82E-05,1.86E-05,1.88E-05,1.90E-05,2.00E-05,1.94E-05,2.08E-05,2.15E-05,1.94E-05,4.666666667,C1,B2,A2,B1
gaze,VERB,1.64E-06,1.66E-06,1.68E-06,1.82E-06,2.05E-06,1.94E-06,1.97E-06,2.30E-06,3.36E-06,2.05E-06,4,B2,C2,B1,B2
gear,NOUN,1.02E-05,1.10E-05,1.10E-05,1.17E-05,1.11E-05,1.06E-05,9.67E-06,9.60E-06,8.97E-06,1.04E-05,3.666666667,B2,C1,A2,A1
gender,NOUN,5.87E-05,5.68E-05,5.48E-05,5.26E-05,5.26E-05,5.51E-05,5.47E-05,5.08E-05,3.85E-05,5.27E-05,2.666666667,B1,A2,B1,A2
gene,NOUN,3.43E-05,3.50E-05,3.93E-05,3.60E-05,3.83E-05,4.10E-05,3.91E-05,3.57E-05,2.49E-05,3.60E-05,4.333333333,B2,A2,B1,A2
general,ADJ,0.00024663,0.000244464,0.000234409,0.000231036,0.000226736,0.000226709,0.000232453,0.000227801,0.000238481,0.000234302,2,A2,A1,B1,A2
generally,ADV,0.00012104,0.000121114,0.000116895,0.000116499,0.000113882,0.000113012,0.000114647,0.00011363,0.000118481,0.000116578,1,A1,A1,B1,A2
generate,VERB,2.69E-05,2.82E-05,2.96E-05,2.85E-05,2.76E-05,2.86E-05,2.78E-05,2.66E-05,2.08E-05,2.72E-05,3,B1,B2,B1,B1
generation,NOUN,5.49E-05,5.41E-05,5.37E-05,5.33E-05,5.38E-05,5.50E-05,5.50E-05,5.42E-05,4.73E-05,5.35E-05,2.666666667,B1,A1,B1,A2
generous,ADJ,1.31E-05,1.31E-05,1.28E-05,1.33E-05,1.44E-05,1.38E-05,1.48E-05,1.53E-05,1.94E-05,1.45E-05,2,A2,B2,B1,B2
genetic,ADJ,3.38E-05,3.30E-05,3.46E-05,3.37E-05,3.29E-05,3.56E-05,3.36E-05,2.98E-05,2.30E-05,3.22E-05,3,B1,A2,B1,B1
gentle,ADJ,1.51E-05,1.51E-05,1.52E-05,1.58E-05,1.76E-05,1.66E-05,1.66E-05,1.83E-05,2.57E-05,1.73E-05,3,B1,B2,A2,B1
gentleman,NOUN,1.01E-05,1.04E-05,9.73E-06,1.12E-05,1.62E-05,1.33E-05,1.67E-05,2.04E-05,4.01E-05,1.65E-05,2,A2,B2,A2,B1
gently,ADV,1.84E-05,1.81E-05,1.94E-05,1.94E-05,2.07E-05,2.00E-05,1.93E-05,2.04E-05,2.37E-05,1.99E-05,3.666666667,B2,B2,A2,B1
genuine,ADJ,1.97E-05,1.92E-05,1.88E-05,1.92E-05,1.93E-05,1.94E-05,2.00E-05,2.02E-05,2.14E-05,1.97E-05,3.666666667,B2,B2,B1,B1
geography,NOUN,1.11E-05,1.00E-05,9.70E-06,1.01E-05,1.02E-05,9.91E-06,9.43E-06,9.00E-06,8.33E-06,9.76E-06,2,A2,C1,B1,A1
german,ADJ,4.03E-08,4.63E-08,3.16E-08,3.79E-08,5.77E-08,3.90E-08,6.20E-08,7.82E-08,1.02E-07,5.50E-08,1,A1,C2,B2,B2
german,NOUN,2.72E-08,2.94E-08,2.16E-08,2.88E-08,3.47E-08,2.83E-08,4.12E-08,5.15E-08,8.39E-08,3.85E-08,1,A1,C2,B1,C1
gesture,NOUN,1.32E-05,1.27E-05,1.27E-05,1.31E-05,1.34E-05,1.37E-05,1.27E-05,1.39E-05,1.45E-05,1.33E-05,3.666666667,B2,B2,A2,A1
get,VERB,0.000401648,0.000404698,0.000437574,0.00044514,0.000447771,0.00046064,0.000438851,0.000445183,0.000448454,0.000436662,1.333333333,A1,A1,A1,A1
ghost,NOUN,7.76E-06,8.27E-06,8.16E-06,8.47E-06,8.78E-06,8.49E-06,8.74E-06,1.03E-05,1.08E-05,8.86E-06,2.333333333,A2,C1,B1,A1
giant,ADJ,1.25E-05,1.28E-05,1.30E-05,1.27E-05,1.32E-05,1.30E-05,1.26E-05,1.27E-05,1.13E-05,1.26E-05,3,B1,C1,B1,B2
giant,NOUN,3.29E-06,3.35E-06,3.35E-06,3.61E-06,3.92E-06,3.72E-06,3.65E-06,4.20E-06,5.16E-06,3.80E-06,2.666666667,B1,C2,B1,C1
gift,NOUN,3.24E-05,3.30E-05,3.29E-05,3.37E-05,3.35E-05,3.60E-05,3.43E-05,3.50E-05,3.56E-05,3.40E-05,1.333333333,A1,A1,A2,A2
girl,NOUN,6.88E-05,6.81E-05,7.14E-05,7.34E-05,8.34E-05,8.29E-05,7.93E-05,9.25E-05,0.000115528,8.17E-05,1,A1,A1,A1,A2
girlfriend,NOUN,5.17E-06,5.20E-06,5.80E-06,5.90E-06,6.12E-06,6.73E-06,6.40E-06,6.28E-06,4.96E-06,5.84E-06,2,A2,C1,B1,A1
give,VERB,0.000229223,0.000227321,0.000228112,0.000237498,0.000243971,0.000239001,0.000242513,0.000252396,0.000301068,0.000244567,1.333333333,A1,A1,A2,A1
glad,ADJ,1.94E-05,2.01E-05,2.09E-05,2.20E-05,2.63E-05,2.50E-05,2.57E-05,3.03E-05,4.65E-05,2.63E-05,1.666666667,A2,B1,A2,B1
glance,NOUN,1.26E-05,1.27E-05,1.26E-05,1.31E-05,1.55E-05,1.43E-05,1.48E-05,1.78E-05,2.49E-05,1.54E-05,4.333333333,B2,B2,A2,B1
glance,VERB,1.52E-06,1.55E-06,1.63E-06,1.73E-06,1.87E-06,1.90E-06,1.88E-06,2.16E-06,2.78E-06,1.89E-06,3.666666667,B2,C2,B1,B2
glass,NOUN,5.22E-05,5.13E-05,5.24E-05,5.36E-05,5.38E-05,5.23E-05,5.11E-05,5.50E-05,5.95E-05,5.34E-05,1.333333333,A1,A1,A2,A2
global,ADJ,6.71E-05,6.95E-05,7.06E-05,7.22E-05,7.04E-05,7.73E-05,7.52E-05,7.55E-05,6.21E-05,7.11E-05,2.666666667,B1,A2,B1,A2
glory,NOUN,1.63E-05,1.66E-05,1.58E-05,1.92E-05,2.08E-05,1.99E-05,2.22E-05,2.32E-05,3.67E-05,2.12E-05,4,B2,B2,B1,B1
glove,NOUN,2.70E-06,2.70E-06,2.83E-06,2.98E-06,3.14E-06,3.02E-06,2.92E-06,2.99E-06,3.13E-06,2.93E-06,1.666666667,A2,C2,B1,C1
go,NOUN,1.84E-06,1.90E-06,1.98E-06,2.08E-06,2.13E-06,2.22E-06,2.12E-06,2.22E-06,2.22E-06,2.08E-06,1,A1,C2,B1,C1
go,VERB,0.000327623,0.000329255,0.000346107,0.000356108,0.0003734,0.000371391,0.000364033,0.000384768,0.000441445,0.000366014,1,A1,A1,A1,A1
goal,NOUN,6.23E-05,6.37E-05,6.38E-05,6.36E-05,6.25E-05,6.61E-05,6.42E-05,6.13E-05,5.63E-05,6.26E-05,2.666666667,B1,A1,B1,A2
god,NOUN,1.99E-05,1.94E-05,2.03E-05,2.46E-05,2.36E-05,2.23E-05,2.13E-05,2.16E-05,2.28E-05,2.17E-05,1.333333333,A1,B2,A2,B1
gold,NOUN,2.98E-05,2.77E-05,2.79E-05,3.03E-05,3.14E-05,2.93E-05,3.03E-05,3.38E-05,4.62E-05,3.19E-05,1,A1,A1,A2,A2
golden,ADJ,1.75E-05,1.75E-05,1.74E-05,1.90E-05,2.03E-05,1.92E-05,1.89E-05,2.11E-05,2.73E-05,1.98E-05,3.333333333,B1,B2,A2,B1
golf,NOUN,1.01E-05,1.02E-05,1.04E-05,1.00E-05,9.98E-06,1.06E-05,9.11E-06,9.00E-06,7.70E-06,9.68E-06,2.333333333,A2,C1,A2,A1
good,ADJ,0.000446035,0.000446837,0.00045603,0.00047439,0.000491491,0.000485766,0.000490989,0.000509842,0.000600883,0.00048914,1,A1,A1,A1,A1
good,NOUN,2.51E-06,2.50E-06,2.45E-06,2.60E-06,2.63E-06,2.66E-06,2.91E-06,3.04E-06,4.02E-06,2.81E-06,1,A1,C2,B1,C1
goodness,NOUN,9.23E-06,9.48E-06,9.23E-06,1.08E-05,1.10E-05,1.07E-05,1.19E-05,1.21E-05,1.68E-05,1.13E-05,1.666666667,A2,C1,B1,A1
goods,NOUN,7.15E-05,7.41E-05,6.90E-05,6.54E-05,6.41E-05,6.72E-05,6.80E-05,6.55E-05,5.99E-05,6.72E-05,2.333333333,A2,A1,B1,A2
govern,VERB,8.45E-06,8.53E-06,8.28E-06,8.51E-06,8.21E-06,8.19E-06,8.70E-06,8.54E-06,9.60E-06,8.56E-06,3.333333333,B1,C1,B1,B2
government,NOUN,0.00029014,0.00028651,0.000282139,0.000270762,0.000257264,0.00026125,0.000260259,0.000260227,0.000232205,0.000266751,1.666666667,A2,A1,B1,A2
grab,VERB,5.67E-06,5.83E-06,6.56E-06,6.76E-06,6.66E-06,7.14E-06,6.70E-06,6.51E-06,5.56E-06,6.38E-06,3.666666667,B2,C1,B1,B2
grace,NOUN,2.07E-05,2.12E-05,2.04E-05,2.31E-05,2.43E-05,2.40E-05,2.67E-05,2.63E-05,3.87E-05,2.50E-05,4,B2,A2,B1,B1
grade,NOUN,1.84E-05,1.86E-05,1.88E-05,1.88E-05,1.84E-05,1.90E-05,1.86E-05,1.80E-05,1.70E-05,1.84E-05,1.666666667,A2,C1,B1,B1
gradually,ADV,2.96E-05,2.85E-05,2.77E-05,2.82E-05,2.84E-05,2.73E-05,2.84E-05,2.95E-05,3.42E-05,2.91E-05,4.333333333,B2,B1,B1,B1
graduate,NOUN,5.15E-06,5.30E-06,5.31E-06,5.18E-06,5.41E-06,5.28E-06,5.24E-06,5.14E-06,4.36E-06,5.15E-06,3,B1,C1,B1,A1
grain,NOUN,2.22E-05,2.08E-05,1.97E-05,2.11E-05,2.18E-05,1.94E-05,1.96E-05,2.08E-05,1.99E-05,2.06E-05,3.333333333,B1,B2,A2,B1
grammar,NOUN,1.16E-05,1.15E-05,1.09E-05,1.08E-05,1.08E-05,1.11E-05,1.11E-05,1.04E-05,9.65E-06,1.09E-05,1,A1,C1,B1,A1
grand,ADJ,2.11E-05,2.10E-05,2.04E-05,2.13E-05,2.29E-05,2.17E-05,2.30E-05,2.42E-05,3.17E-05,2.30E-05,2.666666667,B1,B2,B1,B1
grandfather,NOUN,1.17E-05,1.21E-05,1.22E-05,1.24E-05,1.27E-05,1.29E-05,1.29E-05,1.33E-05,1.47E-05,1.28E-05,1,A1,B2,B1,A1
grandmother,NOUN,1.31E-05,1.33E-05,1.36E-05,1.36E-05,1.37E-05,1.41E-05,1.33E-05,1.35E-05,1.37E-05,1.35E-05,1,A1,B2,B1,B1
grandson,NOUN,4.45E-06,4.24E-06,4.46E-06,4.44E-06,4.68E-06,4.63E-06,5.07E-06,4.69E-06,5.18E-06,4.65E-06,1.333333333,A1,C2,B1,C1
grant,NOUN,1.37E-05,1.35E-05,1.32E-05,1.30E-05,1.26E-05,1.29E-05,1.31E-05,1.23E-05,1.29E-05,1.30E-05,4.333333333,B2,B2,B1,A1
grant,VERB,1.16E-05,1.17E-05,1.15E-05,1.19E-05,1.14E-05,1.13E-05,1.19E-05,1.17E-05,1.38E-05,1.19E-05,3.333333333,B1,B2,B1,B1
graphics,NOUN,9.42E-06,1.09E-05,1.13E-05,9.86E-06,8.70E-06,7.22E-06,6.70E-06,6.75E-06,4.71E-06,8.39E-06,2.666666667,B1,C1,B1,A1
grasp,VERB,7.68E-06,7.63E-06,7.66E-06,7.85E-06,7.82E-06,7.88E-06,7.87E-06,8.21E-06,8.16E-06,7.86E-06,3,B1,C1,B1,B2
grass,NOUN,2.18E-05,2.19E-05,2.17E-05,2.16E-05,2.32E-05,2.24E-05,2.21E-05,2.47E-05,3.08E-05,2.33E-05,3.333333333,B1,B2,A2,B1
grateful,ADJ,1.50E-05,1.48E-05,1.52E-05,1.53E-05,1.63E-05,1.62E-05,1.65E-05,1.72E-05,1.91E-05,1.62E-05,3.333333333,B1,B2,B1,B1
grave,NOUN,5.64E-06,5.66E-06,5.68E-06,6.17E-06,6.70E-06,6.43E-06,6.65E-06,7.55E-06,1.10E-05,6.83E-06,2.333333333,A2,C1,B1,A1
great,ADJ,0.000291961,0.000290556,0.000282799,0.000311471,0.000335864,0.000311805,0.000344449,0.000377165,0.000528379,0.000341605,1,A1,A1,A2,A1
greatly,ADV,3.14E-05,3.14E-05,3.02E-05,3.09E-05,3.21E-05,3.05E-05,3.27E-05,3.40E-05,4.19E-05,3.28E-05,2.333333333,A2,A1,B1,B1
green,ADJ,5.89E-05,5.89E-05,6.05E-05,5.88E-05,6.19E-05,6.02E-05,5.92E-05,6.29E-05,7.17E-05,6.15E-05,2.333333333,A2,A2,A2,A2
green,NOUN,1.23E-06,1.17E-06,1.25E-06,1.22E-06,1.30E-06,1.28E-06,1.22E-06,1.37E-06,1.79E-06,1.31E-06,1,A1,C2,B1,C1
greet,VERB,3.98E-06,4.02E-06,4.23E-06,4.42E-06,4.65E-06,4.66E-06,4.42E-06,4.75E-06,5.33E-06,4.50E-06,3.333333333,B1,C1,B1,B2
greeting,NOUN,2.46E-06,2.42E-06,2.55E-06,2.68E-06,2.85E-06,2.80E-06,2.71E-06,3.03E-06,3.81E-06,2.81E-06,2.333333333,A2,C2,B1,C1
grey,ADJ,1.08E-05,1.03E-05,9.91E-06,9.93E-06,1.16E-05,1.11E-05,1.20E-05,1.37E-05,1.84E-05,1.20E-05,1,A1,B2,B1,B2
grief,NOUN,1.30E-05,1.31E-05,1.34E-05,1.42E-05,1.58E-05,1.45E-05,1.55E-05,1.59E-05,2.11E-05,1.52E-05,3.666666667,B2,B2,B1,B1
grin,VERB,4.48E-07,4.50E-07,4.75E-07,4.89E-07,5.24E-07,5.29E-07,4.89E-07,5.23E-07,6.11E-07,5.04E-07,2.333333333,A2,C2,B1,C1
grip,NOUN,9.70E-06,9.67E-06,1.05E-05,1.04E-05,1.07E-05,1.09E-05,1.06E-05,1.08E-05,1.08E-05,1.05E-05,3.666666667,B2,C1,B1,A1
groan,VERB,3.65E-07,3.84E-07,3.87E-07,4.28E-07,4.65E-07,4.43E-07,4.66E-07,5.24E-07,7.41E-07,4.67E-07,3.333333333,B1,C2,B1,C1
gross,ADJ,1.94E-05,1.92E-05,1.83E-05,1.79E-05,1.77E-05,1.88E-05,1.84E-05,1.78E-05,1.64E-05,1.82E-05,3.666666667,B2,B2,B1,B1
ground,ADJ,4.20E-06,4.51E-06,4.38E-06,4.36E-06,4.38E-06,3.96E-06,4.26E-06,4.36E-06,4.44E-06,4.32E-06,2.333333333,A2,C2,B1,B2
ground,NOUN,0.000103595,0.000104122,0.000104031,0.000108484,0.00010987,0.000106968,0.000110072,0.000113108,0.000136543,0.000110755,3,B1,A1,A2,A2
group,NOUN,0.00029402,0.000295477,0.000290211,0.000283054,0.000276937,0.000282757,0.000270037,0.000258063,0.000203695,0.000272695,2,A2,A1,A2,A2
grow,VERB,4.61E-05,4.51E-05,4.57E-05,4.49E-05,4.59E-05,4.57E-05,4.54E-05,4.68E-05,5.02E-05,4.62E-05,1.666666667,A2,A2,A2,A1
growing,ADJ,2.94E-06,2.94E-06,2.87E-06,2.68E-06,2.71E-06,2.76E-06,2.76E-06,3.28E-06,5.84E-06,3.20E-06,2,A2,C1,B1,B2
growth,NOUN,0.000152409,0.00014977,0.000145385,0.000138874,0.000135545,0.00013983,0.000138633,0.000130916,0.000107616,0.000137664,2.333333333,A2,A1,B1,A2
guarantee,NOUN,8.89E-06,8.75E-06,8.45E-06,8.51E-06,8.17E-06,8.40E-06,8.07E-06,7.86E-06,7.10E-06,8.24E-06,4,B2,C1,B1,A1
guarantee,VERB,9.94E-06,9.95E-06,1.03E-05,9.94E-06,9.39E-06,9.87E-06,9.43E-06,9.01E-06,7.55E-06,9.48E-06,2.333333333,A2,C1,B1,B1
guard,NOUN,1.72E-05,1.75E-05,1.85E-05,1.91E-05,2.04E-05,1.98E-05,2.02E-05,2.14E-05,2.51E-05,1.99E-05,2.333333333,A2,B2,A2,B1
guard,VERB,5.06E-06,5.16E-06,5.12E-06,5.50E-06,5.80E-06,5.38E-06,5.85E-06,6.11E-06,8.13E-06,5.79E-06,1.666666667,A2,C1,B1,B2
guess,VERB,2.39E-05,2.42E-05,2.76E-05,2.72E-05,2.80E-05,2.89E-05,2.65E-05,2.75E-05,2.92E-05,2.70E-05,2.333333333,A2,B2,A2,B1
guest,NOUN,1.37E-05,1.37E-05,1.35E-05,1.34E-05,1.44E-05,1.42E-05,1.41E-05,1.49E-05,1.65E-05,1.43E-05,2.333333333,A2,B2,B1,B1
guidance,NOUN,2.11E-05,2.12E-05,2.17E-05,2.19E-05,2.24E-05,2.35E-05,2.40E-05,2.31E-05,2.10E-05,2.22E-05,3.666666667,B2,B2,B1,B1
guide,NOUN,2.44E-05,2.46E-05,2.47E-05,2.43E-05,2.45E-05,2.44E-05,2.44E-05,2.40E-05,2.44E-05,2.44E-05,1.666666667,A2,B2,B1,B1
guide,VERB,1.42E-05,1.48E-05,1.47E-05,1.55E-05,1.53E-05,1.59E-05,1.60E-05,1.57E-05,1.59E-05,1.53E-05,2.666666667,B1,B2,B1,B2
guidebook,NOUN,9.24E-07,9.78E-07,9.24E-07,8.94E-07,9.10E-07,8.83E-07,8.97E-07,8.15E-07,6.46E-07,8.75E-07,2.333333333,A2,C2,B1,C1
guideline,NOUN,2.62E-06,2.91E-06,2.71E-06,2.70E-06,3.10E-06,2.92E-06,2.68E-06,2.66E-06,2.06E-06,2.71E-06,3.666666667,B2,C2,B1,C1
guilt,NOUN,1.71E-05,1.72E-05,1.69E-05,1.71E-05,1.74E-05,1.66E-05,1.71E-05,1.70E-05,1.73E-05,1.71E-05,2.666666667,B1,B2,B1,B1
guilty,ADJ,2.14E-05,2.15E-05,2.04E-05,2.21E-05,2.22E-05,2.19E-05,2.23E-05,2.28E-05,2.63E-05,2.23E-05,3,B1,B2,B1,B1
guitar,NOUN,6.13E-06,6.46E-06,6.22E-06,6.28E-06,6.38E-06,7.19E-06,6.21E-06,6.12E-06,5.76E-06,6.31E-06,1,A1,C1,B1,A1
gun,NOUN,2.86E-05,2.89E-05,2.94E-05,3.01E-05,3.09E-05,3.09E-05,2.93E-05,3.01E-05,3.34E-05,3.02E-05,2.333333333,A2,A1,A2,A2
guy,NOUN,2.56E-05,2.62E-05,3.07E-05,3.20E-05,3.22E-05,3.51E-05,3.27E-05,3.15E-05,2.55E-05,3.02E-05,1.333333333,A1,A2,A2,A2
habit,NOUN,1.59E-05,1.61E-05,1.52E-05,1.69E-05,1.84E-05,1.75E-05,1.90E-05,2.07E-05,2.92E-05,1.88E-05,2,A2,B2,B1,B1
habitat,NOUN,1.12E-05,1.12E-05,1.07E-05,9.81E-06,9.41E-06,1.02E-05,9.92E-06,9.29E-06,7.08E-06,9.86E-06,3.333333333,B1,C1,B1,A1
hair,NOUN,7.60E-05,7.53E-05,7.80E-05,7.90E-05,8.20E-05,8.32E-05,8.00E-05,8.29E-05,8.90E-05,8.06E-05,1,A1,A1,A1,A2
half,ADV,4.59E-06,4.72E-06,4.49E-06,4.68E-06,5.93E-06,5.26E-06,5.62E-06,7.18E-06,1.15E-05,6.00E-06,3,B1,C1,B1,B1
half,DET,5.73E-05,5.77E-05,5.62E-05,5.69E-05,6.11E-05,5.83E-05,5.97E-05,6.56E-05,8.17E-05,6.16E-05,1.333333333,A1,A2,A1,A2
half,NOUN,5.62E-05,5.54E-05,5.45E-05,5.44E-05,5.49E-05,5.32E-05,5.39E-05,5.53E-05,6.00E-05,5.53E-05,1.666666667,A2,A1,A2,A2
hall,NOUN,2.72E-05,2.62E-05,2.70E-05,2.79E-05,2.92E-05,2.82E-05,2.78E-05,3.01E-05,3.63E-05,2.89E-05,3,B1,A2,A2,A2
hand,NOUN,0.000257697,0.000256942,0.000261832,0.000271116,0.000282245,0.00027967,0.000280439,0.000294486,0.000344135,0.000280951,1.333333333,A1,A1,A1,A2
hand,VERB,6.47E-06,6.48E-06,6.67E-06,6.97E-06,7.23E-06,7.25E-06,7.18E-06,7.54E-06,8.22E-06,7.11E-06,2,A2,C1,B1,B2
handle,NOUN,8.99E-06,9.33E-06,9.56E-06,9.58E-06,9.14E-06,8.53E-06,8.24E-06,8.89E-06,9.04E-06,9.03E-06,2.666666667,B1,C1,B1,A1
handle,VERB,2.47E-05,2.58E-05,2.81E-05,2.73E-05,2.51E-05,2.54E-05,2.37E-05,2.29E-05,1.95E-05,2.47E-05,3.333333333,B1,B2,B1,B1
handsome,ADJ,1.11E-05,1.11E-05,1.08E-05,1.12E-05,1.31E-05,1.21E-05,1.25E-05,1.45E-05,2.10E-05,1.30E-05,1.333333333,A1,B2,A2,B2
hang,VERB,1.18E-05,1.17E-05,1.23E-05,1.27E-05,1.30E-05,1.31E-05,1.27E-05,1.33E-05,1.49E-05,1.28E-05,2.333333333,A2,B2,A2,B1
happen,VERB,4.85E-05,4.93E-05,5.18E-05,5.28E-05,5.30E-05,5.44E-05,5.31E-05,5.39E-05,5.24E-05,5.21E-05,1.333333333,A1,A2,A2,A1
happily,ADV,7.12E-06,7.04E-06,7.02E-06,7.42E-06,7.99E-06,7.73E-06,8.03E-06,8.43E-06,1.02E-05,7.89E-06,2.333333333,A2,C1,B1,B2
happiness,NOUN,2.08E-05,2.05E-05,2.07E-05,2.33E-05,2.54E-05,2.42E-05,2.74E-05,2.97E-05,4.14E-05,2.59E-05,1.666666667,A2,A2,B1,A2
happy,ADJ,5.24E-05,5.26E-05,5.46E-05,5.78E-05,6.29E-05,6.27E-05,6.35E-05,6.75E-05,8.41E-05,6.20E-05,1,A1,A1,A1,A2
harbour,NOUN,3.00E-06,2.97E-06,2.55E-06,2.54E-06,3.10E-06,2.59E-06,3.12E-06,3.86E-06,5.68E-06,3.27E-06,3.333333333,B1,C1,B1,C1
hard,ADJ,0.000134939,0.000136022,0.000138861,0.000142318,0.000143178,0.000143768,0.000138814,0.00014416,0.000147992,0.000141117,1.666666667,A2,A1,A1,A2
hard,ADV,7.20E-06,7.27E-06,7.53E-06,7.60E-06,7.99E-06,8.07E-06,7.82E-06,8.19E-06,9.19E-06,7.87E-06,1.666666667,A2,C1,B1,B2
hardly,ADV,4.09E-05,4.03E-05,3.92E-05,4.05E-05,4.31E-05,4.09E-05,4.34E-05,4.72E-05,6.04E-05,4.40E-05,2.666666667,B1,A1,B1,A1
hardware,NOUN,1.79E-05,1.87E-05,2.04E-05,2.11E-05,1.65E-05,1.61E-05,1.47E-05,1.41E-05,1.09E-05,1.67E-05,3.333333333,B1,C1,B1,B1
harm,NOUN,1.92E-05,2.05E-05,2.00E-05,2.04E-05,2.09E-05,2.08E-05,2.14E-05,2.26E-05,2.42E-05,2.11E-05,2.666666667,B1,B2,B1,B1
harmful,ADJ,9.54E-06,9.63E-06,9.77E-06,9.46E-06,9.00E-06,9.50E-06,9.10E-06,8.73E-06,7.27E-06,9.11E-06,2.666666667,B1,C1,B1,B2
harmless,ADJ,4.21E-06,4.30E-06,4.01E-06,4.24E-06,4.47E-06,4.19E-06,4.32E-06,4.65E-06,5.94E-06,4.48E-06,2.666666667,B1,C1,B1,B2
harsh,ADJ,1.14E-05,1.13E-05,1.14E-05,1.12E-05,1.16E-05,1.17E-05,1.15E-05,1.18E-05,1.21E-05,1.16E-05,3.333333333,B1,C1,B1,B2
hat,NOUN,1.95E-05,1.94E-05,1.90E-05,1.96E-05,2.22E-05,2.15E-05,2.07E-05,2.38E-05,3.19E-05,2.19E-05,1,A1,B2,A2,B1
hate,VERB,1.25E-05,1.24E-05,1.34E-05,1.40E-05,1.51E-05,1.47E-05,1.43E-05,1.52E-05,1.76E-05,1.44E-05,1.666666667,A2,B2,A2,B2
haul,VERB,1.58E-06,1.67E-06,1.69E-06,1.67E-06,1.76E-06,1.72E-06,1.65E-06,1.78E-06,2.01E-06,1.73E-06,5,C1,C2,B1,C1
have,VERB,0.002745858,0.002741753,0.002749762,0.002806413,0.002841158,0.002806718,0.002846213,0.002881894,0.003129802,0.002838841,1,A1,A1,A1,B1
hazard,NOUN,7.57E-06,7.84E-06,7.33E-06,8.07E-06,7.53E-06,7.42E-06,7.29E-06,6.27E-06,6.11E-06,7.27E-06,3.666666667,B2,C1,B1,A1
he,PRON,0.002631435,0.002630877,0.00266805,0.00280606,0.003009544,0.00292721,0.002998439,0.003230068,0.004013349,0.002990559,1,A1,A1,A1,B1
head,ADJ,2.40E-06,2.43E-06,2.34E-06,2.30E-06,2.36E-06,2.36E-06,2.34E-06,2.32E-06,2.29E-06,2.35E-06,1,A1,C2,B1,B2
head,NOUN,0.000208356,0.000208032,0.000215321,0.000224535,0.000233411,0.000232519,0.000229883,0.00024314,0.000284896,0.000231121,1,A1,A1,A1,A2
head,VERB,6.08E-06,6.21E-06,6.67E-06,6.68E-06,6.55E-06,6.84E-06,6.52E-06,6.38E-06,5.84E-06,6.42E-06,2.333333333,A2,C1,B1,B2
headline,NOUN,3.09E-06,3.33E-06,3.17E-06,3.41E-06,3.31E-06,3.32E-06,3.36E-06,3.21E-06,2.43E-06,3.18E-06,2.333333333,A2,C2,B1,C1
headquarters,NOUN,1.50E-05,1.47E-05,1.49E-05,1.44E-05,1.40E-05,1.39E-05,1.31E-05,1.31E-05,1.26E-05,1.40E-05,3.666666667,B2,B2,B1,B1
health,NOUN,0.000165554,0.000183247,0.000170029,0.000169324,0.000168525,0.000176724,0.000178068,0.000167611,0.000147137,0.00016958,1.666666667,A2,A1,B1,A2
healthy,ADJ,3.04E-05,3.00E-05,3.07E-05,3.10E-05,3.21E-05,3.27E-05,3.32E-05,3.16E-05,3.03E-05,3.13E-05,1.333333333,A1,A2,B1,B1
hear,VERB,8.11E-05,8.30E-05,8.64E-05,8.97E-05,9.66E-05,9.50E-05,9.57E-05,0.000101815,0.00012509,9.49E-05,1.333333333,A1,A2,A1,A1
heart,NOUN,0.000137304,0.000140669,0.000139585,0.000150085,0.000165111,0.00016092,0.000163445,0.000172208,0.000225133,0.000161607,1.666666667,A2,A1,A1,A2
heat,NOUN,5.86E-05,5.99E-05,5.98E-05,6.33E-05,5.88E-05,5.83E-05,5.75E-05,5.90E-05,6.18E-05,5.97E-05,2.333333333,A2,A1,A2,A2
heating,NOUN,9.33E-06,9.95E-06,9.35E-06,1.00E-05,9.35E-06,9.13E-06,9.12E-06,8.97E-06,7.76E-06,9.22E-06,1.666666667,A2,C1,B1,A1
heaven,NOUN,2.43E-05,2.41E-05,2.40E-05,3.04E-05,3.29E-05,2.94E-05,3.28E-05,3.40E-05,5.29E-05,3.17E-05,3,B1,A2,A2,A2
heavily,ADV,2.64E-05,2.63E-05,2.60E-05,2.52E-05,2.55E-05,2.53E-05,2.47E-05,2.53E-05,2.43E-05,2.54E-05,2.666666667,B1,B2,B1,B1
heavy,ADJ,6.12E-05,6.12E-05,6.05E-05,6.04E-05,6.23E-05,6.04E-05,5.97E-05,6.40E-05,7.19E-05,6.24E-05,1,A1,A2,A2,A2
hedge,NOUN,3.46E-06,3.67E-06,3.98E-06,4.22E-06,4.45E-06,4.87E-06,5.71E-06,5.79E-06,6.59E-06,4.75E-06,3.666666667,B2,C1,B1,C1
heel,NOUN,5.12E-06,4.82E-06,4.96E-06,5.01E-06,5.21E-06,5.18E-06,5.06E-06,5.17E-06,6.04E-06,5.17E-06,2.666666667,B1,C1,B1,A1
height,NOUN,3.46E-05,3.59E-05,3.41E-05,3.52E-05,3.60E-05,3.35E-05,3.36E-05,3.63E-05,4.00E-05,3.55E-05,2,A2,A2,A2,A2
helicopter,NOUN,4.64E-06,4.82E-06,5.45E-06,5.58E-06,4.98E-06,5.18E-06,4.74E-06,4.51E-06,3.46E-06,4.82E-06,2,A2,C1,B1,C1
hell,NOUN,2.37E-05,2.31E-05,2.60E-05,2.78E-05,2.65E-05,2.72E-05,2.57E-05,2.48E-05,2.58E-05,2.56E-05,1.666666667,A2,B2,A2,B1
hello,ADP,4.47E-08,4.64E-08,5.81E-08,6.46E-08,5.58E-08,5.41E-08,5.17E-08,5.62E-08,4.47E-08,5.29E-08,1,A1,C2,A2,A1
help,NOUN,7.18E-05,7.11E-05,7.23E-05,7.21E-05,7.21E-05,7.24E-05,6.98E-05,6.94E-05,6.55E-05,7.07E-05,1,A1,A2,A2,A2
help,VERB,0.000186067,0.000189491,0.000196821,0.000197499,0.000198304,0.000202838,0.000196768,0.000195082,0.000184461,0.000194148,1,A1,A1,A1,A1
helpful,ADJ,3.06E-05,3.08E-05,3.11E-05,2.99E-05,2.94E-05,2.98E-05,2.90E-05,2.75E-05,2.26E-05,2.90E-05,2,A2,B2,B1,B1
hence,ADV,3.22E-05,3.17E-05,3.08E-05,3.20E-05,3.14E-05,3.15E-05,3.19E-05,3.17E-05,3.34E-05,3.19E-05,4.333333333,B2,A2,B1,B1
her,DET,8.94E-11,1.76E-10,1.60E-10,0,4.08E-10,2.77E-10,1.96E-10,1.85E-10,1.03E-10,1.77E-10,1.333333333,A1,C2,A1,A1
here,ADV,0.000355542,0.0003532,0.000366566,0.000370659,0.000378897,0.000376697,0.00037511,0.000392238,0.000442304,0.000379024,1,A1,A1,A1,A1
heritage,NOUN,1.54E-05,1.48E-05,1.46E-05,1.47E-05,1.44E-05,1.47E-05,1.54E-05,1.48E-05,1.20E-05,1.46E-05,4.666666667,C1,C1,B1,B1
hero,NOUN,2.04E-05,1.92E-05,1.87E-05,1.89E-05,2.08E-05,1.89E-05,1.94E-05,2.02E-05,2.26E-05,1.99E-05,2,A2,B2,A2,B1
hers,PRON,5.00E-06,5.02E-06,5.02E-06,5.06E-06,5.32E-06,5.31E-06,5.09E-06,5.67E-06,6.96E-06,5.38E-06,1.333333333,A1,C1,A1,A1
herself,PRON,8.97E-05,8.84E-05,8.71E-05,8.97E-05,9.89E-05,9.41E-05,9.42E-05,0.000103921,0.000127582,9.71E-05,1.666666667,A2,A2,A1,A2
hesitate,VERB,4.69E-06,4.67E-06,4.58E-06,4.88E-06,5.19E-06,5.00E-06,5.32E-06,5.66E-06,7.47E-06,5.27E-06,3,B1,C1,B1,B2
hey,ADP,1.88E-09,2.91E-09,2.80E-09,3.08E-09,4.28E-09,3.67E-09,3.40E-09,3.15E-09,3.34E-09,3.17E-09,1,A1,C2,A2,A1
hide,VERB,1.59E-05,1.63E-05,1.74E-05,1.81E-05,1.86E-05,1.83E-05,1.77E-05,1.88E-05,1.99E-05,1.79E-05,2,A2,B2,A2,B1
hierarchy,NOUN,1.96E-05,1.93E-05,1.95E-05,1.87E-05,1.76E-05,1.79E-05,1.77E-05,1.61E-05,1.28E-05,1.77E-05,5.333333333,C1,B2,B1,B1
high,ADJ,0.000366772,0.000371737,0.000363551,0.00036271,0.000361821,0.000367318,0.000360014,0.000352445,0.00032812,0.000359388,1,A1,A1,A2,A1
high,NOUN,4.67E-06,4.84E-06,4.90E-06,4.99E-06,4.79E-06,4.99E-06,4.97E-06,4.89E-06,4.51E-06,4.84E-06,1.333333333,A1,C2,B1,C1
highlight,VERB,8.03E-06,8.05E-06,8.32E-06,8.34E-06,8.36E-06,8.76E-06,8.77E-06,8.68E-06,6.63E-06,8.21E-06,3,B1,C1,B1,B2
highly,ADV,8.33E-05,8.25E-05,8.12E-05,8.04E-05,7.99E-05,8.13E-05,8.16E-05,7.92E-05,7.02E-05,7.99E-05,2.666666667,B1,A2,B1,A1
himself,PRON,0.00021928,0.000215302,0.000210931,0.000226624,0.000250431,0.000233401,0.000252695,0.000275729,0.000370411,0.000250534,1.333333333,A1,A1,A1,A2
hint,NOUN,7.46E-06,7.53E-06,7.54E-06,7.87E-06,8.31E-06,7.95E-06,8.08E-06,8.55E-06,9.94E-06,8.14E-06,3.333333333,B1,C1,B1,A1
hip,NOUN,1.05E-05,1.08E-05,1.23E-05,1.19E-05,1.31E-05,1.38E-05,1.27E-05,1.31E-05,1.12E-05,1.22E-05,4,B2,C1,A2,A1
hire,VERB,8.74E-06,9.24E-06,8.95E-06,8.83E-06,8.96E-06,9.10E-06,8.77E-06,8.52E-06,7.80E-06,8.77E-06,3.333333333,B1,C1,B1,A2
his,DET,8.94E-11,8.81E-11,7.99E-11,7.34E-11,0,1.39E-10,6.53E-11,6.17E-11,0,6.63E-11,1,A1,C2,A1,A1
his,PRON,0.002802043,0.002772505,0.002792859,0.002920223,0.003139555,0.003047487,0.003161259,0.003355097,0.004130683,0.003124634,1,A1,A1,A1,B1
historian,NOUN,1.45E-05,1.42E-05,1.38E-05,1.33E-05,1.38E-05,1.35E-05,1.46E-05,1.36E-05,1.31E-05,1.38E-05,3,B1,B2,B1,B1
historic,ADJ,1.60E-05,1.52E-05,1.50E-05,1.56E-05,1.43E-05,1.47E-05,1.44E-05,1.44E-05,1.64E-05,1.51E-05,2.333333333,A2,B2,B1,B2
historical,ADJ,9.05E-05,8.66E-05,8.48E-05,8.06E-05,8.01E-05,8.22E-05,8.34E-05,8.04E-05,6.59E-05,8.16E-05,2.333333333,A2,A2,B1,A2
history,NOUN,0.000221964,0.000211672,0.000213532,0.000211555,0.000209948,0.00020952,0.000212761,0.000209002,0.000197584,0.000210837,2.333333333,A2,A1,B1,A2
hit,NOUN,4.99E-06,5.05E-06,5.33E-06,5.46E-06,5.41E-06,5.50E-06,5.09E-06,4.95E-06,4.59E-06,5.15E-06,2.333333333,A2,C1,B1,A1
hit,VERB,3.92E-05,3.90E-05,4.29E-05,4.35E-05,4.32E-05,4.43E-05,4.16E-05,4.15E-05,3.80E-05,4.15E-05,1.666666667,A2,A2,A2,A1
hold,NOUN,1.37E-05,1.38E-05,1.40E-05,1.46E-05,1.56E-05,1.52E-05,1.56E-05,1.72E-05,2.15E-05,1.57E-05,2,A2,B2,B1,B1
hold,VERB,7.76E-05,7.87E-05,7.93E-05,8.16E-05,8.11E-05,8.04E-05,8.04E-05,8.20E-05,9.08E-05,8.13E-05,1.666666667,A2,A2,A2,A1
hole,NOUN,2.52E-05,2.49E-05,2.51E-05,2.61E-05,2.57E-05,2.64E-05,2.48E-05,2.56E-05,2.72E-05,2.57E-05,2,A2,A2,A2,B1
hole,VERB,1.34E-07,1.25E-07,1.25E-07,1.32E-07,1.28E-07,1.25E-07,1.22E-07,1.19E-07,1.20E-07,1.26E-07,3,B1,C2,B1,C1
holiday,NOUN,1.14E-05,1.07E-05,1.08E-05,1.08E-05,1.12E-05,1.16E-05,1.11E-05,1.13E-05,1.11E-05,1.11E-05,1,A1,C1,B1,A1
holy,ADJ,2.07E-05,2.03E-05,2.00E-05,2.43E-05,2.41E-05,2.30E-05,2.55E-05,2.48E-05,3.58E-05,2.43E-05,3.666666667,B2,B1,B1,B1
home,ADV,6.17E-07,6.40E-07,6.98E-07,7.29E-07,7.66E-07,7.92E-07,7.64E-07,7.79E-07,8.90E-07,7.42E-07,1,A1,C2,B1,B2
honest,ADJ,1.69E-05,1.71E-05,1.71E-05,1.87E-05,2.06E-05,1.99E-05,2.11E-05,2.28E-05,3.09E-05,2.06E-05,2,A2,B2,B1,B1
hook,NOUN,6.93E-06,7.42E-06,6.92E-06,7.31E-06,7.16E-06,7.10E-06,6.80E-06,6.92E-06,8.42E-06,7.22E-06,3.666666667,B2,C1,B1,A1
hope,NOUN,4.18E-05,4.16E-05,4.16E-05,4.40E-05,4.73E-05,4.59E-05,4.88E-05,5.15E-05,6.59E-05,4.76E-05,2,A2,A1,A2,A2
hope,VERB,3.93E-05,4.00E-05,4.13E-05,4.22E-05,4.60E-05,4.46E-05,4.70E-05,4.88E-05,6.33E-05,4.58E-05,2,A2,A2,A2,A1
hopefully,ADV,4.10E-06,4.18E-06,4.50E-06,4.60E-06,4.64E-06,4.83E-06,4.78E-06,4.69E-06,4.22E-06,4.50E-06,3.333333333,B1,C2,B1,B1
horizon,NOUN,1.36E-05,1.38E-05,1.39E-05,1.39E-05,1.42E-05,1.40E-05,1.38E-05,1.51E-05,1.60E-05,1.43E-05,3.666666667,B2,B2,B1,B1
horn,NOUN,6.48E-06,6.42E-06,6.68E-06,6.66E-06,6.75E-06,6.74E-06,6.77E-06,6.98E-06,8.06E-06,6.84E-06,3.333333333,B1,C1,B1,A1
horrible,ADJ,7.17E-06,7.23E-06,7.70E-06,8.28E-06,9.20E-06,8.61E-06,9.21E-06,1.02E-05,1.31E-05,8.97E-06,2,A2,C1,B1,B2
horror,NOUN,1.23E-05,1.19E-05,1.26E-05,1.24E-05,1.41E-05,1.32E-05,1.34E-05,1.50E-05,1.85E-05,1.37E-05,1.666666667,A2,B2,A2,B1
horse,NOUN,3.90E-05,4.00E-05,3.97E-05,4.22E-05,4.77E-05,4.64E-05,4.54E-05,5.09E-05,6.89E-05,4.67E-05,1,A1,A1,A1,A2
hospital,NOUN,5.03E-05,5.07E-05,5.16E-05,5.10E-05,5.07E-05,5.31E-05,4.99E-05,4.84E-05,4.26E-05,4.98E-05,1,A1,A1,A2,A2
host,NOUN,3.83E-05,3.95E-05,4.15E-05,4.01E-05,3.76E-05,3.72E-05,3.50E-05,3.62E-05,3.43E-05,3.77E-05,2.666666667,B1,A2,A2,A2
hostel,NOUN,1.60E-06,1.66E-06,1.58E-06,1.31E-06,1.38E-06,1.12E-06,1.20E-06,1.07E-06,8.87E-07,1.31E-06,2.333333333,A2,C2,B1,C1
hostile,ADJ,1.49E-05,1.45E-05,1.42E-05,1.39E-05,1.43E-05,1.38E-05,1.42E-05,1.44E-05,1.55E-05,1.44E-05,4,B2,B2,B1,B2
hostility,NOUN,9.94E-06,9.53E-06,9.38E-06,8.99E-06,9.04E-06,8.65E-06,9.07E-06,8.86E-06,8.69E-06,9.13E-06,4,B2,C1,B1,A1
hot,ADJ,5.72E-05,5.79E-05,5.92E-05,6.00E-05,6.03E-05,5.98E-05,5.75E-05,5.96E-05,6.47E-05,5.96E-05,1,A1,A2,A2,A1
hotel,NOUN,2.99E-05,2.98E-05,3.06E-05,2.92E-05,3.06E-05,3.13E-05,2.97E-05,3.11E-05,3.12E-05,3.04E-05,1,A1,A1,A2,A2
hour,NOUN,5.76E-05,5.94E-05,5.96E-05,6.36E-05,6.97E-05,6.51E-05,6.62E-05,7.48E-05,0.00010168,6.86E-05,1,A1,A2,A1,A2
house,NOUN,0.000188649,0.000188131,0.000189243,0.000199043,0.000212437,0.000206769,0.000208491,0.000221918,0.000272465,0.000209683,1,A1,A1,A1,A2
house,VERB,2.91E-06,2.82E-06,2.89E-06,2.80E-06,2.76E-06,2.72E-06,2.73E-06,2.71E-06,2.51E-06,2.76E-06,1,A1,C2,B1,B2
household,NOUN,3.63E-05,3.45E-05,3.41E-05,3.24E-05,3.24E-05,3.31E-05,3.39E-05,3.19E-05,3.17E-05,3.34E-05,3.333333333,B1,A2,B1,A2
housing,NOUN,3.42E-05,3.29E-05,3.20E-05,3.14E-05,3.01E-05,2.86E-05,2.92E-05,2.64E-05,1.99E-05,2.94E-05,2.333333333,A2,B2,B2,A2
how,ADV,0.000602594,0.000613244,0.000635827,0.000643744,0.000648029,0.000655831,0.000652217,0.000658789,0.000655581,0.000640651,1,A1,A1,A1,A1
however,ADV,0.000302547,0.000296704,0.000287137,0.000280447,0.000278321,0.000271313,0.000280001,0.000283897,0.000298775,0.000286571,2.333333333,A2,A1,B1,A1
huge,ADJ,4.32E-05,4.33E-05,4.50E-05,4.48E-05,4.64E-05,4.72E-05,4.55E-05,4.69E-05,4.42E-05,4.52E-05,2.333333333,A2,A1,A2,A1
human,ADJ,0.000284806,0.00028068,0.000277466,0.000281395,0.000276526,0.000287062,0.000288848,0.000284741,0.000266565,0.000280899,2.666666667,B1,A1,B1,A2
human,NOUN,8.26E-06,7.94E-06,8.42E-06,8.45E-06,8.45E-06,8.87E-06,8.93E-06,8.88E-06,8.13E-06,8.48E-06,1.666666667,A2,C1,B1,A1
humour,NOUN,3.84E-06,3.54E-06,3.33E-06,3.39E-06,4.53E-06,4.28E-06,4.89E-06,5.63E-06,8.21E-06,4.63E-06,2.666666667,B1,C1,B1,C1
hungry,ADJ,1.30E-05,1.30E-05,1.35E-05,1.38E-05,1.46E-05,1.48E-05,1.39E-05,1.50E-05,1.69E-05,1.43E-05,1,A1,B2,A2,B2
hunt,VERB,4.38E-06,4.22E-06,4.45E-06,4.49E-06,4.60E-06,4.73E-06,4.47E-06,4.90E-06,5.84E-06,4.68E-06,3.333333333,B1,C1,B1,B2
hunting,NOUN,7.94E-06,7.19E-06,7.01E-06,7.08E-06,7.15E-06,7.00E-06,7.10E-06,7.34E-06,7.87E-06,7.30E-06,3,B1,C1,B1,A1
hurry,VERB,2.88E-06,2.90E-06,3.09E-06,3.17E-06,3.52E-06,3.52E-06,3.40E-06,3.88E-06,5.02E-06,3.49E-06,2,A2,C2,B1,B2
hurt,VERB,2.61E-05,2.61E-05,2.81E-05,2.87E-05,2.88E-05,2.99E-05,2.83E-05,2.91E-05,3.07E-05,2.84E-05,1.666666667,A2,A2,A2,B1
husband,NOUN,7.83E-05,7.56E-05,7.53E-05,7.79E-05,8.04E-05,8.01E-05,7.93E-05,8.20E-05,9.01E-05,7.99E-05,1.333333333,A1,A1,A2,A2
hut,NOUN,7.96E-06,8.31E-06,7.96E-06,8.82E-06,8.94E-06,7.09E-06,6.79E-06,7.77E-06,1.50E-05,8.74E-06,2.666666667,B1,C1,A2,A1
hygienic,ADJ,8.04E-07,7.88E-07,7.23E-07,7.69E-07,7.65E-07,7.36E-07,7.93E-07,7.72E-07,9.41E-07,7.88E-07,3,B1,C2,B2,B2
hypothesis,NOUN,2.82E-05,2.78E-05,2.62E-05,2.74E-05,2.58E-05,2.73E-05,2.66E-05,2.57E-05,2.18E-05,2.63E-05,5,C1,B2,B1,B1
I,NOUN,4.16E-07,4.79E-07,4.51E-07,4.27E-07,3.98E-07,3.73E-07,3.29E-07,2.94E-07,2.60E-07,3.81E-07,1,A1,C2,B1,C1
ice,NOUN,3.50E-05,3.53E-05,3.57E-05,3.53E-05,3.65E-05,3.60E-05,3.37E-05,3.72E-05,3.43E-05,3.54E-05,1.333333333,A1,A2,A2,A2
idea,NOUN,0.000153046,0.000152737,0.000155925,0.00015903,0.000159068,0.000160664,0.000164008,0.000166807,0.000168419,0.000159967,2,A2,A1,B1,A2
ideal,ADJ,3.19E-05,3.06E-05,3.10E-05,3.06E-05,2.99E-05,3.04E-05,3.08E-05,2.96E-05,2.65E-05,3.01E-05,3.666666667,B2,B2,B1,B1
ideal,NOUN,1.38E-05,1.31E-05,1.29E-05,1.31E-05,1.29E-05,1.26E-05,1.37E-05,1.34E-05,1.40E-05,1.33E-05,2,A2,B2,B1,A1
identical,ADJ,2.84E-05,2.87E-05,2.85E-05,2.77E-05,2.68E-05,2.63E-05,2.60E-05,2.48E-05,2.12E-05,2.65E-05,3.333333333,B1,B2,B1,B1
identification,NOUN,3.64E-05,3.59E-05,3.61E-05,3.54E-05,3.55E-05,3.61E-05,3.55E-05,3.36E-05,2.56E-05,3.44E-05,3,B1,A2,B1,A2
identify,VERB,5.92E-05,6.07E-05,6.20E-05,6.12E-05,6.01E-05,6.18E-05,6.15E-05,5.74E-05,4.51E-05,5.88E-05,4.333333333,B2,A2,B1,A1
identity,NOUN,8.84E-05,8.69E-05,8.64E-05,8.50E-05,8.45E-05,8.50E-05,8.68E-05,8.47E-05,6.68E-05,8.38E-05,2.333333333,A2,A2,B1,A2
ignore,VERB,1.74E-05,1.73E-05,1.77E-05,1.75E-05,1.68E-05,1.71E-05,1.65E-05,1.61E-05,1.36E-05,1.67E-05,3.333333333,B1,B2,B1,B1
ill,ADJ,3.66E-05,3.70E-05,3.63E-05,3.64E-05,3.96E-05,3.69E-05,3.99E-05,4.16E-05,5.48E-05,3.99E-05,1,A1,A2,B1,A1
illegal,ADJ,1.84E-05,1.90E-05,1.94E-05,1.94E-05,1.89E-05,1.91E-05,1.95E-05,1.87E-05,1.58E-05,1.87E-05,2.666666667,B1,B2,B1,B1
illness,NOUN,3.24E-05,3.38E-05,3.24E-05,3.23E-05,3.21E-05,3.15E-05,3.19E-05,3.02E-05,2.73E-05,3.15E-05,1.666666667,A2,A2,B1,A2
illustrate,VERB,2.09E-05,2.08E-05,2.09E-05,2.01E-05,1.99E-05,2.02E-05,1.97E-05,1.93E-05,1.77E-05,1.99E-05,3,B1,B2,B1,B1
illustration,NOUN,1.44E-05,1.35E-05,1.37E-05,1.36E-05,1.29E-05,1.28E-05,1.34E-05,1.33E-05,1.53E-05,1.37E-05,3,B1,B2,B1,B1
image,NOUN,0.000116373,0.000116429,0.000125027,0.000119688,0.000121855,0.00012115,0.00011391,0.000112783,9.08E-05,0.000115338,3.333333333,B1,A1,A1,A2
imagination,NOUN,2.66E-05,2.50E-05,2.44E-05,2.65E-05,2.76E-05,2.68E-05,2.80E-05,3.02E-05,3.40E-05,2.77E-05,3,B1,A2,B1,A2
imagine,VERB,3.32E-05,3.33E-05,3.42E-05,3.51E-05,3.65E-05,3.61E-05,3.69E-05,3.84E-05,4.02E-05,3.60E-05,2,A2,A2,A2,A1
immediate,ADJ,4.67E-05,4.55E-05,4.46E-05,4.45E-05,4.45E-05,4.41E-05,4.55E-05,4.46E-05,4.56E-05,4.51E-05,4,B2,A2,B1,A1
immediately,ADV,8.02E-05,7.98E-05,8.03E-05,8.18E-05,8.31E-05,8.20E-05,8.30E-05,8.37E-05,8.95E-05,8.26E-05,3.333333333,B1,A1,A2,A1
immortal,ADJ,3.60E-06,3.53E-06,3.42E-06,4.51E-06,4.68E-06,4.20E-06,4.79E-06,5.11E-06,8.18E-06,4.67E-06,3.666666667,B2,C1,B1,B2
impact,NOUN,8.81E-05,8.87E-05,8.76E-05,8.64E-05,8.48E-05,9.03E-05,8.89E-05,8.53E-05,6.56E-05,8.51E-05,3.333333333,B1,A2,B1,A2
impatience,NOUN,2.64E-06,2.69E-06,2.55E-06,2.66E-06,3.31E-06,2.93E-06,3.31E-06,3.86E-06,5.72E-06,3.30E-06,3.333333333,B1,C2,B1,C1
implement,VERB,1.99E-05,2.12E-05,2.37E-05,2.32E-05,2.04E-05,2.15E-05,2.07E-05,1.95E-05,1.57E-05,2.07E-05,5,C1,B2,B1,B1
implementation,NOUN,3.97E-05,4.17E-05,4.49E-05,4.46E-05,3.97E-05,4.36E-05,4.03E-05,3.69E-05,2.90E-05,4.00E-05,4.666666667,C1,A2,B1,A2
implication,NOUN,1.07E-05,9.94E-06,9.96E-06,9.54E-06,9.26E-06,9.44E-06,9.23E-06,8.83E-06,7.26E-06,9.35E-06,4,B2,C1,B1,A1
imply,VERB,1.50E-05,1.44E-05,1.42E-05,1.40E-05,1.34E-05,1.36E-05,1.38E-05,1.31E-05,1.19E-05,1.37E-05,5,C1,B2,B1,B2
import,NOUN,1.29E-05,1.34E-05,1.53E-05,1.42E-05,1.24E-05,1.24E-05,1.21E-05,1.12E-05,1.03E-05,1.27E-05,3,B1,C1,B1,A1
import,VERB,3.55E-06,4.00E-06,4.53E-06,4.55E-06,4.04E-06,3.46E-06,3.54E-06,3.80E-06,3.10E-06,3.84E-06,3.333333333,B1,C2,B1,B2
importance,NOUN,9.70E-05,9.34E-05,9.16E-05,9.09E-05,9.00E-05,9.14E-05,9.31E-05,9.22E-05,8.93E-05,9.21E-05,2,A2,A1,B1,A2
important,ADJ,0.000381909,0.000376704,0.000378455,0.000369803,0.000359547,0.000367941,0.000359084,0.000346604,0.000305459,0.000360612,2,A2,A1,A2,A1
impose,VERB,1.46E-05,1.45E-05,1.40E-05,1.37E-05,1.29E-05,1.32E-05,1.30E-05,1.29E-05,1.14E-05,1.34E-05,3.333333333,B1,B2,B1,B2
impossible,ADJ,5.37E-05,5.34E-05,5.21E-05,5.41E-05,5.55E-05,5.38E-05,5.69E-05,6.03E-05,7.13E-05,5.68E-05,2,A2,A2,B1,A1
impress,VERB,4.06E-06,4.00E-06,4.04E-06,4.54E-06,4.61E-06,4.55E-06,4.87E-06,5.00E-06,6.55E-06,4.69E-06,3.666666667,B2,C1,B1,B2
impressed,ADJ,2.45E-07,2.45E-07,2.24E-07,2.78E-07,2.06E-07,1.96E-07,2.10E-07,2.46E-07,2.99E-07,2.39E-07,3,B1,C2,B2,B2
impression,NOUN,2.53E-05,2.47E-05,2.41E-05,2.48E-05,2.57E-05,2.50E-05,2.67E-05,2.76E-05,3.26E-05,2.63E-05,3.333333333,B1,A2,B1,A2
impressive,ADJ,1.45E-05,1.39E-05,1.39E-05,1.38E-05,1.35E-05,1.35E-05,1.32E-05,1.31E-05,1.20E-05,1.35E-05,3,B1,C1,B1,B2
imprison,VERB,4.81E-07,4.88E-07,4.67E-07,5.12E-07,5.45E-07,5.16E-07,5.46E-07,5.76E-07,6.83E-07,5.35E-07,3.666666667,B2,C2,B1,C1
imprisonment,NOUN,7.04E-06,7.64E-06,6.77E-06,6.99E-06,7.06E-06,6.82E-06,7.11E-06,7.37E-06,8.07E-06,7.21E-06,4.333333333,B2,C1,B1,A1
improve,VERB,5.13E-05,5.26E-05,5.24E-05,5.29E-05,5.19E-05,5.52E-05,5.37E-05,5.07E-05,4.33E-05,5.15E-05,2.666666667,B1,A2,B1,A1
improved,ADJ,1.09E-05,1.10E-05,1.07E-05,1.05E-05,1.04E-05,1.09E-05,1.07E-05,1.01E-05,8.73E-06,1.04E-05,3.666666667,B2,C1,B1,B2
improvement,NOUN,3.58E-05,3.65E-05,3.50E-05,3.50E-05,3.48E-05,3.63E-05,3.67E-05,3.43E-05,3.34E-05,3.53E-05,3,B1,A2,B1,A2
in,ADP,0.015399163,0.015262402,0.01513458,0.015084587,0.01505724,0.015088217,0.015171264,0.015131809,0.014980433,0.015145521,1,A1,A1,A1,B1
in,ADV,6.53E-07,6.85E-07,6.93E-07,7.56E-07,7.29E-07,7.14E-07,7.11E-07,7.59E-07,7.71E-07,7.19E-07,1,A1,C2,B1,B2
in,VERB,1.52E-09,9.69E-10,3.27E-09,8.80E-10,1.16E-09,1.87E-09,2.35E-09,2.59E-09,3.03E-09,1.96E-09,1.333333333,A1,C2,B1,C1
inadequate,ADJ,1.68E-05,1.65E-05,1.59E-05,1.52E-05,1.48E-05,1.48E-05,1.45E-05,1.36E-05,1.21E-05,1.49E-05,4.666666667,C1,B2,B1,B2
incentive,NOUN,8.97E-06,9.11E-06,9.12E-06,8.72E-06,8.01E-06,8.47E-06,8.34E-06,8.27E-06,6.74E-06,8.41E-06,4.333333333,B2,C1,B1,A1
inch,NOUN,1.13E-05,1.12E-05,1.11E-05,1.12E-05,1.16E-05,1.09E-05,1.04E-05,1.26E-05,1.89E-05,1.21E-05,2,A2,B2,A2,A1
incident,NOUN,2.43E-05,2.55E-05,2.52E-05,2.60E-05,2.61E-05,2.63E-05,2.68E-05,2.72E-05,2.63E-05,2.60E-05,3.666666667,B2,B2,B1,B1
include,VERB,0.000177375,0.000182796,0.000182516,0.000175052,0.000169175,0.000172772,0.000165339,0.000157257,0.000122269,0.000167172,3,B1,A1,B1,A2
income,NOUN,0.00011213,0.000110005,0.000105622,9.92E-05,9.86E-05,0.00010922,0.00010567,9.85E-05,8.10E-05,0.00010223,2.666666667,B1,A1,B1,A2
incorporate,VERB,1.11E-05,1.15E-05,1.13E-05,1.09E-05,1.06E-05,1.09E-05,1.08E-05,1.02E-05,8.07E-06,1.06E-05,4.666666667,C1,C1,B1,B1
increase,NOUN,7.80E-05,7.73E-05,7.36E-05,7.24E-05,7.09E-05,7.30E-05,7.27E-05,6.91E-05,6.00E-05,7.19E-05,3,B1,A1,B1,A2
increase,VERB,6.74E-05,6.93E-05,6.78E-05,6.64E-05,6.54E-05,6.68E-05,6.60E-05,6.31E-05,5.45E-05,6.52E-05,3.333333333,B1,A2,B1,A1
increasingly,ADV,5.17E-05,5.04E-05,4.94E-05,4.71E-05,4.59E-05,4.71E-05,4.65E-05,4.51E-05,3.41E-05,4.64E-05,3,B1,A2,B1,A1
incur,VERB,2.64E-06,2.77E-06,2.65E-06,2.70E-06,2.72E-06,2.76E-06,2.84E-06,2.77E-06,3.07E-06,2.77E-06,4.666666667,C1,C2,B1,B2
indeed,ADV,7.74E-05,7.57E-05,7.26E-05,7.69E-05,8.41E-05,7.78E-05,8.64E-05,9.23E-05,0.00012339,8.52E-05,3.333333333,B1,A2,B1,A1
independence,NOUN,3.84E-05,3.79E-05,3.70E-05,3.54E-05,3.36E-05,3.47E-05,3.49E-05,3.43E-05,3.15E-05,3.53E-05,3,B1,A2,B1,A2
independent,ADJ,8.35E-05,8.33E-05,8.14E-05,7.97E-05,7.72E-05,7.98E-05,7.76E-05,7.49E-05,6.54E-05,7.81E-05,3,B1,A2,B1,A2
index,NOUN,4.33E-05,4.54E-05,4.76E-05,4.60E-05,4.24E-05,4.29E-05,4.17E-05,3.90E-05,3.05E-05,4.21E-05,3.333333333,B1,A2,B1,A2
indicate,VERB,5.47E-05,5.41E-05,5.31E-05,5.26E-05,5.06E-05,5.04E-05,4.93E-05,4.76E-05,3.96E-05,5.02E-05,3,B1,A2,B1,A1
indication,NOUN,1.73E-05,1.71E-05,1.69E-05,1.64E-05,1.63E-05,1.61E-05,1.57E-05,1.53E-05,1.33E-05,1.60E-05,4,B2,B2,B1,B1
indicator,NOUN,1.18E-05,1.18E-05,1.21E-05,1.14E-05,1.10E-05,1.16E-05,1.16E-05,1.13E-05,8.59E-06,1.12E-05,5,C1,C1,B1,A1
indirect,ADJ,1.73E-05,1.77E-05,1.71E-05,1.65E-05,1.57E-05,1.68E-05,1.65E-05,1.58E-05,1.35E-05,1.63E-05,2.666666667,B1,B2,B1,B1
individual,ADJ,0.000163776,0.000162704,0.00016099,0.000156537,0.000152429,0.000155736,0.000155024,0.000147619,0.000124297,0.000153235,2.666666667,B1,A1,B1,A2
individual,NOUN,5.60E-05,5.58E-05,5.43E-05,5.43E-05,5.38E-05,5.45E-05,5.46E-05,5.23E-05,4.61E-05,5.35E-05,3,B1,A1,B1,A2
industrial,ADJ,6.33E-05,5.92E-05,5.77E-05,5.41E-05,4.87E-05,4.92E-05,4.85E-05,4.63E-05,3.75E-05,5.16E-05,3.666666667,B2,A2,B2,A1
industry,NOUN,0.000103007,0.000101488,0.000100253,9.67E-05,9.05E-05,9.38E-05,9.25E-05,9.01E-05,7.51E-05,9.37E-05,3,B1,A1,B1,A2
inequality,NOUN,1.32E-05,1.40E-05,1.25E-05,1.24E-05,1.24E-05,1.32E-05,1.37E-05,1.26E-05,1.01E-05,1.27E-05,4.333333333,B2,C1,B2,A1
inevitable,ADJ,1.79E-05,1.72E-05,1.68E-05,1.68E-05,1.66E-05,1.65E-05,1.70E-05,1.74E-05,1.81E-05,1.72E-05,4.666666667,C1,B2,B1,B1
inevitably,ADV,1.48E-05,1.40E-05,1.37E-05,1.35E-05,1.29E-05,1.30E-05,1.31E-05,1.32E-05,1.19E-05,1.33E-05,4,B2,B2,B1,A2
infant,NOUN,1.39E-05,1.35E-05,1.30E-05,1.28E-05,1.23E-05,1.26E-05,1.16E-05,1.16E-05,1.10E-05,1.25E-05,3,B1,C1,B1,A1
infection,NOUN,3.65E-05,3.94E-05,3.85E-05,3.58E-05,3.63E-05,3.36E-05,3.38E-05,3.14E-05,2.34E-05,3.43E-05,2.666666667,B1,A2,B1,A2
inflation,NOUN,1.90E-05,2.14E-05,1.81E-05,1.78E-05,1.58E-05,1.59E-05,1.49E-05,1.53E-05,1.08E-05,1.65E-05,3.666666667,B2,B2,B1,B1
influence,NOUN,9.24E-05,9.05E-05,8.71E-05,8.97E-05,8.88E-05,8.87E-05,9.45E-05,9.26E-05,0.00010136,9.17E-05,2.666666667,B1,A1,B1,A2
influence,VERB,2.65E-05,2.75E-05,2.66E-05,2.62E-05,2.61E-05,2.75E-05,2.72E-05,2.52E-05,2.13E-05,2.60E-05,3.333333333,B1,B2,B1,B1
influential,ADJ,1.78E-05,1.70E-05,1.69E-05,1.64E-05,1.62E-05,1.68E-05,1.67E-05,1.63E-05,1.38E-05,1.64E-05,3.666666667,B2,B2,B1,B1
inform,VERB,1.31E-05,1.31E-05,1.33E-05,1.38E-05,1.39E-05,1.44E-05,1.45E-05,1.44E-05,1.47E-05,1.39E-05,2.333333333,A2,B2,B1,B2
informal,ADJ,2.05E-05,2.03E-05,2.01E-05,1.88E-05,1.83E-05,1.91E-05,1.91E-05,1.77E-05,1.42E-05,1.87E-05,2.333333333,A2,B2,B2,B1
information,NOUN,0.000380736,0.000404398,0.000411223,0.000400183,0.000379548,0.000386439,0.000364823,0.000345279,0.000283883,0.000372946,2.333333333,A2,A1,A1,A2
ingredient,NOUN,4.73E-06,4.73E-06,4.77E-06,4.35E-06,4.53E-06,4.52E-06,4.25E-06,4.15E-06,3.60E-06,4.40E-06,3,B1,C2,B1,C1
inhabitant,NOUN,9.88E-07,9.38E-07,8.54E-07,9.34E-07,1.02E-06,9.36E-07,1.10E-06,1.24E-06,1.90E-06,1.10E-06,4.333333333,B2,C2,B1,C1
inherent,ADJ,2.02E-05,1.95E-05,1.93E-05,1.92E-05,1.82E-05,1.89E-05,1.90E-05,1.84E-05,1.58E-05,1.87E-05,4,B2,B2,B1,B1
inherit,VERB,3.50E-06,3.63E-06,3.79E-06,3.94E-06,3.78E-06,3.75E-06,3.63E-06,3.63E-06,3.85E-06,3.72E-06,3.666666667,B2,C2,B1,B2
initial,ADJ,7.71E-05,7.87E-05,7.74E-05,7.47E-05,7.27E-05,7.51E-05,7.34E-05,6.86E-05,5.18E-05,7.22E-05,3.666666667,B2,A2,B1,A2
initially,ADV,2.91E-05,2.90E-05,2.87E-05,2.76E-05,2.72E-05,2.80E-05,2.76E-05,2.63E-05,1.94E-05,2.70E-05,4.333333333,B2,B2,B1,B1
initiate,VERB,8.93E-06,9.03E-06,8.94E-06,8.85E-06,8.40E-06,8.53E-06,8.15E-06,7.81E-06,6.15E-06,8.31E-06,4,B2,C1,B1,B2
initiative,NOUN,1.76E-05,1.76E-05,1.77E-05,1.74E-05,1.67E-05,1.77E-05,1.72E-05,1.67E-05,1.41E-05,1.70E-05,4.333333333,B2,B2,B1,B1
injure,VERB,1.94E-06,1.87E-06,1.79E-06,2.03E-06,2.11E-06,1.91E-06,2.19E-06,2.36E-06,3.82E-06,2.22E-06,2.333333333,A2,C2,B1,B2
injury,NOUN,3.98E-05,3.99E-05,3.98E-05,3.95E-05,3.90E-05,4.06E-05,4.00E-05,3.83E-05,3.58E-05,3.92E-05,2.333333333,A2,A2,B1,A2
inner,ADJ,4.22E-05,4.16E-05,4.11E-05,4.17E-05,4.17E-05,4.04E-05,4.00E-05,3.86E-05,3.59E-05,4.04E-05,3,B1,A2,B1,A1
innocent,ADJ,1.60E-05,1.59E-05,1.62E-05,1.70E-05,1.79E-05,1.73E-05,1.77E-05,1.88E-05,2.26E-05,1.77E-05,3,B1,B2,B1,B1
innovation,NOUN,1.90E-05,1.87E-05,1.96E-05,2.05E-05,1.82E-05,2.24E-05,2.21E-05,2.08E-05,1.92E-05,2.01E-05,3.333333333,B1,C1,B1,B1
input,NOUN,5.03E-05,5.33E-05,5.42E-05,5.22E-05,4.88E-05,5.10E-05,4.55E-05,4.40E-05,3.55E-05,4.83E-05,4.333333333,B2,A1,A2,A2
inquire,VERB,3.59E-06,3.66E-06,3.34E-06,3.80E-06,4.25E-06,3.76E-06,4.56E-06,4.76E-06,8.13E-06,4.43E-06,3.333333333,B1,C1,B2,B2
inquiry,NOUN,1.86E-05,1.88E-05,1.78E-05,1.83E-05,1.90E-05,1.83E-05,2.06E-05,2.00E-05,2.29E-05,1.94E-05,4,B2,B2,B1,B1
insect,NOUN,7.42E-06,6.75E-06,7.03E-06,6.28E-06,6.75E-06,7.01E-06,6.29E-06,6.57E-06,7.43E-06,6.84E-06,2.666666667,B1,C1,B1,A1
insert,VERB,7.81E-06,9.26E-06,9.25E-06,9.36E-06,8.59E-06,7.60E-06,7.08E-06,7.50E-06,6.40E-06,8.10E-06,3.333333333,B1,C1,B1,B2
inside,ADP,5.42E-05,5.53E-05,5.98E-05,5.95E-05,5.81E-05,5.95E-05,5.69E-05,5.58E-05,4.86E-05,5.64E-05,1.666666667,A2,A1,A2,A2
inside,ADV,1.95E-05,1.97E-05,2.15E-05,2.17E-05,2.12E-05,2.23E-05,2.12E-05,2.09E-05,1.93E-05,2.08E-05,2.333333333,A2,B2,B1,B1
inside,NOUN,1.20E-05,1.19E-05,1.26E-05,1.30E-05,1.28E-05,1.32E-05,1.25E-05,1.28E-05,1.27E-05,1.26E-05,2.333333333,A2,B2,B1,A1
insight,NOUN,1.99E-05,1.97E-05,1.98E-05,1.99E-05,2.01E-05,2.07E-05,2.08E-05,2.02E-05,1.80E-05,1.99E-05,3.333333333,B1,B2,B1,B1
insist,VERB,1.06E-05,1.02E-05,1.01E-05,1.02E-05,1.02E-05,9.88E-06,1.02E-05,1.04E-05,1.12E-05,1.03E-05,3.666666667,B2,C1,B1,B1
inspect,VERB,3.81E-06,4.01E-06,4.00E-06,4.32E-06,4.08E-06,4.01E-06,3.80E-06,3.82E-06,3.92E-06,3.97E-06,2.666666667,B1,C2,B1,B2
inspection,NOUN,1.40E-05,1.45E-05,1.41E-05,1.50E-05,1.42E-05,1.40E-05,1.37E-05,1.33E-05,1.31E-05,1.40E-05,4.666666667,C1,B2,B1,B1
inspire,VERB,5.03E-06,5.11E-06,5.11E-06,5.45E-06,5.75E-06,5.74E-06,6.11E-06,6.20E-06,6.77E-06,5.70E-06,3.333333333,B1,C1,B1,B2
install,VERB,9.54E-06,1.03E-05,1.13E-05,1.28E-05,9.40E-06,8.86E-06,7.98E-06,8.06E-06,6.23E-06,9.39E-06,2.666666667,B1,C1,B1,B1
installation,NOUN,1.41E-05,1.50E-05,1.59E-05,1.70E-05,1.26E-05,1.24E-05,1.18E-05,1.12E-05,9.11E-06,1.32E-05,4.333333333,B2,C1,B1,A1
instance,NOUN,8.42E-05,8.58E-05,8.95E-05,8.85E-05,8.72E-05,8.41E-05,8.81E-05,8.60E-05,8.66E-05,8.67E-05,3.666666667,B2,A1,B1,A2
instantly,ADV,8.93E-06,9.25E-06,9.13E-06,9.82E-06,1.15E-05,1.06E-05,1.15E-05,1.28E-05,1.74E-05,1.12E-05,3,B1,B2,B1,A2
instead,ADV,9.01E-05,9.17E-05,9.31E-05,9.43E-05,9.46E-05,9.47E-05,9.55E-05,9.88E-05,0.000101687,9.49E-05,2.666666667,B1,A1,B1,A1
instinct,NOUN,6.80E-06,6.71E-06,6.59E-06,7.73E-06,8.13E-06,7.79E-06,8.70E-06,1.02E-05,1.38E-05,8.49E-06,3.333333333,B1,C1,B1,A1
institute,NOUN,3.80E-06,3.64E-06,3.72E-06,3.61E-06,3.35E-06,3.65E-06,3.33E-06,3.21E-06,2.85E-06,3.46E-06,2.666666667,B1,C2,B1,C1
institution,NOUN,3.37E-05,3.37E-05,3.27E-05,3.32E-05,3.19E-05,3.24E-05,3.26E-05,3.22E-05,2.99E-05,3.25E-05,4.333333333,B2,A2,B1,A2
instruct,VERB,3.66E-06,3.63E-06,3.53E-06,3.73E-06,3.70E-06,3.57E-06,3.75E-06,3.70E-06,4.52E-06,3.75E-06,2,A2,C2,B1,B2
instruction,NOUN,3.24E-05,2.91E-05,2.89E-05,3.13E-05,3.02E-05,3.16E-05,3.08E-05,3.17E-05,3.46E-05,3.12E-05,2,A2,A1,A2,A2
instrument,NOUN,2.99E-05,2.93E-05,2.86E-05,2.91E-05,2.99E-05,2.91E-05,2.88E-05,2.98E-05,3.06E-05,2.95E-05,1.333333333,A1,A2,A2,A2
insurance,NOUN,4.80E-05,5.21E-05,4.78E-05,4.58E-05,4.49E-05,4.60E-05,4.41E-05,4.14E-05,3.43E-05,4.49E-05,3.333333333,B1,A1,B1,A2
integrate,VERB,9.46E-06,9.61E-06,9.73E-06,9.69E-06,9.34E-06,9.85E-06,9.45E-06,8.95E-06,7.04E-06,9.23E-06,4.666666667,C1,C1,B1,B1
integration,NOUN,3.74E-05,3.84E-05,3.71E-05,3.84E-05,3.53E-05,3.76E-05,3.65E-05,3.42E-05,2.65E-05,3.57E-05,4.333333333,B2,A2,B1,A2
integrity,NOUN,2.00E-05,2.00E-05,2.04E-05,2.25E-05,2.00E-05,2.06E-05,2.02E-05,1.97E-05,2.07E-05,2.05E-05,5,C1,B2,B1,B1
intellectual,ADJ,4.55E-05,4.45E-05,4.51E-05,4.39E-05,4.40E-05,4.37E-05,4.63E-05,4.52E-05,4.35E-05,4.46E-05,3.666666667,B2,A2,B1,A1
intelligence,NOUN,3.41E-05,3.45E-05,3.39E-05,3.71E-05,4.07E-05,4.01E-05,4.12E-05,4.21E-05,4.28E-05,3.85E-05,2.666666667,B1,A1,A2,A2
intelligent,ADJ,1.43E-05,1.44E-05,1.44E-05,1.55E-05,1.56E-05,1.55E-05,1.58E-05,1.69E-05,2.01E-05,1.58E-05,1.666666667,A2,B2,B1,B2
intend,VERB,9.86E-06,9.80E-06,9.89E-06,1.00E-05,1.00E-05,9.80E-06,9.90E-06,1.02E-05,1.18E-05,1.01E-05,4,B2,C1,B1,B1
intense,ADJ,2.54E-05,2.52E-05,2.53E-05,2.51E-05,2.59E-05,2.55E-05,2.58E-05,2.59E-05,2.62E-05,2.56E-05,3.333333333,B1,B2,B1,B1
intensity,NOUN,3.30E-05,3.25E-05,3.24E-05,3.22E-05,3.23E-05,3.26E-05,3.33E-05,3.14E-05,2.60E-05,3.17E-05,4.666666667,C1,A2,B1,A2
intensive,ADJ,1.71E-05,1.70E-05,1.68E-05,1.57E-05,1.54E-05,1.57E-05,1.52E-05,1.40E-05,1.09E-05,1.53E-05,3.666666667,B2,B2,B1,B2
intention,NOUN,2.76E-05,2.64E-05,2.59E-05,2.66E-05,2.65E-05,2.68E-05,2.78E-05,2.90E-05,3.29E-05,2.77E-05,4,B2,A2,B1,A2
interaction,NOUN,5.17E-05,5.26E-05,5.20E-05,5.21E-05,5.09E-05,5.40E-05,5.13E-05,4.70E-05,3.54E-05,4.97E-05,3,B1,A1,B1,A2
interest,NOUN,0.000200477,0.000201218,0.000192223,0.000187044,0.000187103,0.000190003,0.000191209,0.000191206,0.000185953,0.000191826,2,A2,A1,B1,A2
interested,ADJ,4.37E-05,4.39E-05,4.33E-05,4.32E-05,4.30E-05,4.41E-05,4.25E-05,4.30E-05,4.10E-05,4.31E-05,1.333333333,A1,A2,A2,A1
interesting,ADJ,6.32E-05,6.17E-05,6.19E-05,6.19E-05,6.21E-05,6.19E-05,6.28E-05,6.33E-05,6.56E-05,6.27E-05,1.666666667,A2,A2,B1,A2
interfere,VERB,1.07E-05,1.07E-05,1.07E-05,1.03E-05,1.07E-05,1.03E-05,1.05E-05,1.08E-05,1.27E-05,1.08E-05,4,B2,B2,B1,B1
interference,NOUN,1.50E-05,1.53E-05,1.50E-05,1.47E-05,1.42E-05,1.44E-05,1.45E-05,1.47E-05,1.40E-05,1.46E-05,4.333333333,B2,B2,B1,B1
interim,ADJ,4.75E-06,4.84E-06,4.68E-06,4.63E-06,4.51E-06,4.89E-06,4.72E-06,4.27E-06,3.41E-06,4.52E-06,5.333333333,C1,C1,B1,B2
interim,NOUN,9.25E-07,9.43E-07,9.04E-07,8.90E-07,8.83E-07,8.77E-07,9.09E-07,8.87E-07,9.23E-07,9.04E-07,5.5,C2,C2,B1,C1
interior,NOUN,1.14E-05,1.11E-05,1.08E-05,1.06E-05,1.10E-05,1.05E-05,1.07E-05,1.15E-05,1.26E-05,1.11E-05,3.333333333,B1,C1,B1,A1
internal,ADJ,7.72E-05,7.57E-05,7.63E-05,7.50E-05,7.25E-05,7.42E-05,7.36E-05,6.95E-05,5.96E-05,7.26E-05,3.666666667,B2,A2,B1,A2
international,ADJ,0.000123319,0.000121574,0.000122867,0.000120628,0.000113121,0.00012153,0.00011479,0.000118114,9.30E-05,0.000116551,2,A2,A1,A2,A2
interpret,VERB,1.65E-05,1.66E-05,1.63E-05,1.62E-05,1.57E-05,1.62E-05,1.60E-05,1.54E-05,1.32E-05,1.58E-05,3.333333333,B1,B2,B1,B2
interpretation,NOUN,5.99E-05,5.78E-05,5.65E-05,5.46E-05,5.25E-05,5.50E-05,5.43E-05,5.26E-05,4.27E-05,5.40E-05,4.333333333,B2,A1,B1,A2
interrupt,VERB,3.22E-06,3.17E-06,3.24E-06,3.23E-06,3.37E-06,3.41E-06,3.30E-06,3.47E-06,3.85E-06,3.36E-06,4,B2,C2,B1,B2
interval,NOUN,1.40E-05,1.46E-05,1.37E-05,1.41E-05,1.41E-05,1.39E-05,1.38E-05,1.36E-05,1.43E-05,1.40E-05,5,C1,B2,B1,B1
intervene,VERB,6.86E-06,6.83E-06,6.97E-06,6.41E-06,6.19E-06,6.45E-06,6.26E-06,6.16E-06,5.22E-06,6.37E-06,4.333333333,B2,C1,B1,B2
intervention,NOUN,4.01E-05,3.95E-05,3.93E-05,3.70E-05,3.72E-05,4.00E-05,3.95E-05,3.67E-05,3.05E-05,3.77E-05,4.333333333,B2,A2,B1,A2
interview,NOUN,4.07E-05,3.99E-05,4.05E-05,4.06E-05,4.13E-05,4.24E-05,4.29E-05,4.32E-05,3.75E-05,4.10E-05,2.666666667,B1,A2,B1,A2
interview,VERB,2.80E-06,2.90E-06,2.97E-06,2.92E-06,2.86E-06,3.06E-06,2.93E-06,2.86E-06,2.34E-06,2.85E-06,2.333333333,A2,C2,B1,B2
into,ADP,0.001189244,0.001188746,0.001208463,0.001226998,0.001241772,0.001236648,0.001230886,0.001257967,0.001310644,0.001232374,1.666666667,A2,A1,A1,B1
introduce,VERB,2.14E-05,2.16E-05,2.17E-05,2.16E-05,2.14E-05,2.22E-05,2.15E-05,2.10E-05,2.00E-05,2.14E-05,2,A2,B2,B1,B1
introduction,NOUN,4.21E-05,4.09E-05,4.10E-05,3.99E-05,3.88E-05,4.00E-05,3.90E-05,3.82E-05,3.45E-05,3.94E-05,1.666666667,A2,A2,B1,A2
invariably,ADV,9.05E-06,8.70E-06,8.41E-06,8.64E-06,8.73E-06,8.39E-06,8.64E-06,8.97E-06,1.10E-05,8.95E-06,4.666666667,C1,C1,B1,A2
invasion,NOUN,1.72E-05,1.75E-05,1.78E-05,1.67E-05,1.81E-05,1.79E-05,1.81E-05,1.83E-05,1.73E-05,1.77E-05,3.666666667,B2,B2,B1,B1
invent,VERB,3.72E-06,3.55E-06,3.48E-06,3.61E-06,3.63E-06,3.54E-06,3.54E-06,3.68E-06,3.77E-06,3.61E-06,2.333333333,A2,C2,B1,B2
invest,VERB,1.12E-05,1.15E-05,1.13E-05,1.11E-05,1.07E-05,1.13E-05,1.10E-05,1.11E-05,9.89E-06,1.10E-05,3,B1,C1,B1,B1
investigate,VERB,1.56E-05,1.57E-05,1.58E-05,1.59E-05,1.56E-05,1.65E-05,1.61E-05,1.58E-05,1.35E-05,1.56E-05,3.333333333,B1,B2,B1,B2
investigation,NOUN,3.52E-05,3.56E-05,3.55E-05,3.67E-05,3.52E-05,3.63E-05,3.65E-05,3.53E-05,3.18E-05,3.53E-05,3.666666667,B2,A2,B1,A2
investment,NOUN,7.23E-05,7.37E-05,7.06E-05,6.90E-05,6.48E-05,6.79E-05,6.48E-05,6.29E-05,4.96E-05,6.62E-05,4,B2,A2,B1,A2
investor,NOUN,7.66E-06,9.03E-06,8.81E-06,8.62E-06,8.13E-06,8.71E-06,8.19E-06,8.58E-06,6.82E-06,8.28E-06,3.333333333,B1,C1,B1,A1
invitation,NOUN,1.06E-05,1.09E-05,1.07E-05,1.09E-05,1.15E-05,1.15E-05,1.16E-05,1.22E-05,1.41E-05,1.16E-05,2.666666667,B1,B2,B1,A1
invite,VERB,8.91E-06,8.85E-06,8.88E-06,9.47E-06,1.00E-05,9.81E-06,9.23E-06,9.43E-06,9.52E-06,9.35E-06,2,A2,C1,A2,B1
involve,VERB,3.54E-05,3.56E-05,3.52E-05,3.42E-05,3.30E-05,3.39E-05,3.31E-05,3.13E-05,2.58E-05,3.31E-05,3,B1,A2,B1,A1
involvement,NOUN,3.71E-05,3.74E-05,3.66E-05,3.48E-05,3.45E-05,3.57E-05,3.38E-05,3.14E-05,2.39E-05,3.39E-05,4,B2,A2,B1,A2
iron,NOUN,3.69E-05,3.61E-05,3.51E-05,3.47E-05,3.57E-05,3.40E-05,3.42E-05,3.91E-05,5.04E-05,3.74E-05,2,A2,A2,A2,A2
ironically,ADV,4.17E-06,3.92E-06,3.83E-06,3.65E-06,3.64E-06,3.63E-06,3.63E-06,3.74E-06,3.03E-06,3.69E-06,4,B2,C2,B1,A2
irregular,ADJ,9.52E-06,9.09E-06,9.18E-06,9.06E-06,9.13E-06,9.04E-06,8.84E-06,9.21E-06,1.05E-05,9.29E-06,2,A2,C1,B1,B2
isolated,ADJ,1.57E-05,1.53E-05,1.49E-05,1.41E-05,1.40E-05,1.42E-05,1.42E-05,1.35E-05,1.15E-05,1.42E-05,2.666666667,B1,B2,B1,B2
isolation,NOUN,1.85E-05,1.79E-05,1.76E-05,1.71E-05,1.66E-05,1.68E-05,1.68E-05,1.61E-05,1.29E-05,1.67E-05,3.666666667,B2,B2,B1,B1
issue,NOUN,0.000126228,0.000124138,0.000122084,0.000117922,0.000113919,0.000117474,0.000115019,0.000110033,9.08E-05,0.000115293,3.333333333,B1,A1,B1,A2
issue,VERB,9.03E-06,9.44E-06,9.40E-06,9.04E-06,8.61E-06,8.68E-06,8.55E-06,8.40E-06,8.53E-06,8.85E-06,3.666666667,B2,C1,B1,A2
it,PRON,0.004152471,0.004129123,0.004189104,0.004311406,0.004397415,0.004319321,0.00439992,0.004585278,0.00523216,0.004412911,1,A1,A1,A1,B1
item,NOUN,3.11E-05,3.27E-05,3.29E-05,3.19E-05,3.14E-05,3.10E-05,2.98E-05,2.86E-05,2.28E-05,3.02E-05,3,B1,A2,B1,A2
itself,PRON,0.000210844,0.000205279,0.00020259,0.000202899,0.000201099,0.000195893,0.000202737,0.000206267,0.000216901,0.000204945,2.333333333,A2,A1,A1,A2
jacket,NOUN,1.16E-05,1.16E-05,1.21E-05,1.21E-05,1.20E-05,1.25E-05,1.14E-05,1.18E-05,1.14E-05,1.18E-05,1.333333333,A1,C1,A2,A1
jaw,NOUN,8.48E-06,7.71E-06,7.91E-06,7.82E-06,7.98E-06,8.19E-06,7.65E-06,8.00E-06,8.36E-06,8.01E-06,2.333333333,A2,C1,B1,A1
jealousy,NOUN,5.15E-06,4.96E-06,4.76E-06,5.18E-06,5.98E-06,5.40E-06,6.18E-06,6.42E-06,8.79E-06,5.87E-06,2.666666667,B1,C1,B1,A1
jet,NOUN,8.43E-06,8.46E-06,9.28E-06,9.23E-06,8.83E-06,8.56E-06,8.10E-06,8.50E-06,7.44E-06,8.54E-06,1.333333333,A1,C1,B1,A1
job,NOUN,0.000123496,0.000126882,0.000126318,0.000124208,0.000122628,0.000127309,0.000118947,0.000113339,9.32E-05,0.000119595,1.333333333,A1,A1,A2,A2
join,VERB,3.79E-05,3.84E-05,3.91E-05,3.92E-05,3.92E-05,3.93E-05,3.87E-05,3.87E-05,4.03E-05,3.90E-05,3.333333333,B1,A2,A2,A1
joint,ADJ,4.22E-05,4.08E-05,4.04E-05,3.85E-05,3.77E-05,3.96E-05,3.79E-05,3.52E-05,3.15E-05,3.82E-05,3.333333333,B1,A2,B1,B1
joke,NOUN,9.17E-06,9.09E-06,9.38E-06,9.41E-06,9.95E-06,1.01E-05,1.00E-05,1.03E-05,1.12E-05,9.84E-06,1.333333333,A1,C1,B1,A1
journal,NOUN,2.20E-05,2.26E-05,2.15E-05,2.18E-05,2.14E-05,2.19E-05,2.11E-05,2.05E-05,1.85E-05,2.13E-05,3,B1,B2,B1,B1
journalist,NOUN,7.98E-06,8.16E-06,7.81E-06,7.84E-06,8.21E-06,8.30E-06,8.13E-06,8.52E-06,6.82E-06,7.97E-06,2.666666667,B1,C1,B1,A1
journey,NOUN,2.93E-05,3.00E-05,3.04E-05,3.23E-05,3.54E-05,3.42E-05,3.62E-05,3.93E-05,4.61E-05,3.48E-05,2.333333333,A2,A1,B1,A2
joy,NOUN,2.42E-05,2.41E-05,2.45E-05,2.73E-05,3.00E-05,2.87E-05,3.04E-05,3.33E-05,4.69E-05,2.99E-05,2,A2,A2,A2,A2
judge,NOUN,2.99E-05,3.04E-05,2.97E-05,2.91E-05,2.89E-05,2.89E-05,2.89E-05,3.05E-05,3.13E-05,2.98E-05,2.666666667,B1,A1,B1,A2
judge,VERB,1.23E-05,1.21E-05,1.18E-05,1.25E-05,1.33E-05,1.26E-05,1.39E-05,1.44E-05,1.88E-05,1.35E-05,2.333333333,A2,B2,B1,B2
judgment,NOUN,4.41E-05,4.53E-05,4.35E-05,4.50E-05,4.43E-05,4.55E-05,4.86E-05,4.68E-05,5.85E-05,4.69E-05,3.666666667,B2,A1,B1,A2
juice,NOUN,1.30E-05,1.28E-05,1.33E-05,1.35E-05,1.33E-05,1.31E-05,1.23E-05,1.21E-05,1.12E-05,1.27E-05,1.333333333,A1,C1,A2,A1
jump,VERB,8.14E-06,8.35E-06,8.88E-06,9.15E-06,9.07E-06,9.27E-06,8.75E-06,9.12E-06,8.90E-06,8.85E-06,1.333333333,A1,C1,B1,A2
junior,ADJ,8.13E-06,8.10E-06,7.96E-06,8.08E-06,7.93E-06,8.08E-06,7.68E-06,7.74E-06,6.28E-06,7.78E-06,1.333333333,A1,C1,B1,B2
jury,NOUN,2.17E-05,2.17E-05,1.95E-05,2.02E-05,1.86E-05,1.78E-05,1.84E-05,1.85E-05,1.93E-05,1.95E-05,3,B1,B2,B1,B1
just,ADJ,5.27E-06,5.41E-06,5.10E-06,5.56E-06,5.73E-06,5.59E-06,6.46E-06,6.29E-06,8.86E-06,6.03E-06,2.333333333,A2,C1,B1,B2
just,ADV,0.000524401,0.000527211,0.000568776,0.000576339,0.000580755,0.000594432,0.000579588,0.000583098,0.000575411,0.000567779,2.333333333,A2,A1,A1,A1
justification,NOUN,1.50E-05,1.47E-05,1.54E-05,1.48E-05,1.43E-05,1.46E-05,1.52E-05,1.42E-05,1.34E-05,1.46E-05,5,C1,B2,B1,B1
justify,VERB,1.68E-05,1.67E-05,1.67E-05,1.64E-05,1.60E-05,1.60E-05,1.65E-05,1.63E-05,1.65E-05,1.64E-05,4,B2,B2,B1,B2
keen,ADJ,8.92E-06,8.52E-06,8.49E-06,9.03E-06,1.04E-05,1.01E-05,1.04E-05,1.20E-05,1.56E-05,1.04E-05,3,B1,C1,B1,B2
keep,VERB,0.000150111,0.000151721,0.000156573,0.00016118,0.000163658,0.000163263,0.000159536,0.000165665,0.000180934,0.000161404,2.333333333,A2,A1,A1,A2
keeper,NOUN,2.20E-06,2.20E-06,2.07E-06,2.29E-06,2.71E-06,2.54E-06,2.79E-06,3.09E-06,4.69E-06,2.73E-06,3.333333333,B1,C2,B1,C1
key,ADJ,7.99E-05,8.50E-05,8.95E-05,8.94E-05,8.58E-05,9.08E-05,8.84E-05,8.68E-05,6.77E-05,8.48E-05,1.333333333,A1,A2,B1,A2
key,NOUN,3.48E-05,3.79E-05,4.09E-05,4.16E-05,3.66E-05,3.54E-05,3.36E-05,3.50E-05,3.13E-05,3.63E-05,1.333333333,A1,A2,A2,A2
kick,NOUN,2.99E-06,3.01E-06,3.21E-06,3.59E-06,3.69E-06,3.66E-06,3.57E-06,3.54E-06,3.55E-06,3.42E-06,2.333333333,A2,C2,B1,C1
kick,VERB,4.01E-06,3.98E-06,4.35E-06,4.64E-06,4.71E-06,4.86E-06,4.65E-06,4.78E-06,4.86E-06,4.54E-06,2.666666667,B1,C2,B1,B2
kid,NOUN,1.49E-05,1.52E-05,1.67E-05,1.70E-05,1.64E-05,1.75E-05,1.63E-05,1.60E-05,1.39E-05,1.60E-05,1.666666667,A2,B2,A2,B1
kill,VERB,3.41E-05,3.36E-05,3.57E-05,3.65E-05,3.69E-05,3.78E-05,3.66E-05,3.79E-05,4.00E-05,3.66E-05,1.333333333,A1,A2,A2,A1
killer,NOUN,7.96E-06,7.79E-06,8.49E-06,8.12E-06,7.99E-06,8.47E-06,8.10E-06,7.70E-06,6.07E-06,7.86E-06,1.666666667,A2,C1,B1,A1
killing,NOUN,4.48E-06,4.34E-06,4.34E-06,4.27E-06,4.30E-06,4.47E-06,4.18E-06,4.28E-06,3.78E-06,4.27E-06,3,B1,C2,B1,C1
kind,ADJ,5.65E-06,5.69E-06,5.58E-06,5.88E-06,6.93E-06,6.71E-06,7.13E-06,7.82E-06,1.14E-05,6.97E-06,1,A1,C1,B1,B2
kind,NOUN,0.000171337,0.000167987,0.000169427,0.000172128,0.000173365,0.000171991,0.000173567,0.000178234,0.000192604,0.000174515,2,A2,A1,A1,A2
kingdom,NOUN,2.03E-05,2.00E-05,1.97E-05,2.23E-05,2.34E-05,2.21E-05,2.55E-05,2.52E-05,3.44E-05,2.37E-05,2.333333333,A2,A2,B1,B1
kiss,NOUN,7.83E-06,7.94E-06,8.65E-06,8.97E-06,9.14E-06,9.74E-06,9.11E-06,9.53E-06,1.05E-05,9.04E-06,2,A2,C1,B1,A1
kiss,VERB,6.41E-06,6.34E-06,6.83E-06,7.08E-06,7.54E-06,7.68E-06,7.34E-06,7.82E-06,9.46E-06,7.39E-06,1,A1,C1,A2,B2
kit,NOUN,4.65E-06,4.85E-06,4.69E-06,4.90E-06,5.05E-06,4.99E-06,4.60E-06,4.45E-06,3.69E-06,4.65E-06,2.333333333,A2,C1,B1,C1
kitchen,NOUN,3.55E-05,3.62E-05,3.87E-05,3.87E-05,3.93E-05,4.06E-05,3.82E-05,3.89E-05,3.77E-05,3.82E-05,1,A1,A1,A2,A2
knee,NOUN,1.24E-05,1.27E-05,1.43E-05,1.39E-05,1.47E-05,1.55E-05,1.59E-05,1.41E-05,1.58E-05,1.44E-05,1.666666667,A2,B2,B1,B1
knife,NOUN,1.57E-05,1.58E-05,1.58E-05,1.65E-05,1.71E-05,1.69E-05,1.65E-05,1.78E-05,2.06E-05,1.70E-05,1.333333333,A1,B2,A2,B1
knit,VERB,1.23E-06,1.28E-06,1.27E-06,1.41E-06,1.48E-06,1.55E-06,1.61E-06,1.66E-06,1.99E-06,1.50E-06,2.333333333,A2,C2,B1,C1
knock,VERB,4.18E-06,4.28E-06,4.47E-06,4.74E-06,4.98E-06,5.02E-06,4.90E-06,5.20E-06,5.84E-06,4.85E-06,2.666666667,B1,C1,B1,B2
know,VERB,0.000458889,0.00046468,0.00049565,0.000511097,0.000529985,0.000532861,0.000523062,0.000549456,0.000620712,0.00052071,2,A2,A1,A1,A1
knowledge,NOUN,0.000192938,0.00019009,0.000192906,0.00019937,0.000198022,0.00020489,0.000208829,0.00020042,0.000199021,0.000198498,3,B1,A1,B1,A2
known,ADJ,1.89E-05,1.87E-05,1.84E-05,1.82E-05,1.82E-05,1.83E-05,1.82E-05,1.83E-05,1.79E-05,1.84E-05,3.333333333,B1,B2,B1,B1
label,NOUN,1.69E-05,1.71E-05,1.85E-05,1.75E-05,1.69E-05,1.64E-05,1.55E-05,1.51E-05,1.18E-05,1.62E-05,2.666666667,B1,B2,B1,B1
label,VERB,3.41E-06,3.52E-06,3.50E-06,3.41E-06,3.30E-06,3.30E-06,3.11E-06,3.02E-06,2.31E-06,3.21E-06,3,B1,C2,B1,B2
laboratory,NOUN,2.05E-05,1.96E-05,1.94E-05,1.80E-05,1.78E-05,1.80E-05,1.68E-05,1.69E-05,1.34E-05,1.78E-05,2,A2,B2,B1,B1
labour,ADJ,1.88E-06,1.74E-06,1.66E-06,1.53E-06,1.28E-06,1.25E-06,1.26E-06,1.19E-06,1.09E-06,1.43E-06,2.333333333,A2,C2,B2,B2
labour,NOUN,4.53E-05,3.91E-05,3.85E-05,3.92E-05,3.55E-05,3.62E-05,3.73E-05,3.67E-05,3.77E-05,3.84E-05,2.666666667,B1,A2,B1,A2
lack,NOUN,7.55E-05,7.37E-05,7.40E-05,7.22E-05,7.14E-05,7.38E-05,7.32E-05,7.22E-05,6.03E-05,7.18E-05,3.666666667,B2,A1,B1,A2
lack,VERB,1.43E-05,1.43E-05,1.41E-05,1.38E-05,1.38E-05,1.41E-05,1.39E-05,1.35E-05,1.17E-05,1.37E-05,3.333333333,B1,B2,B1,B2
lad,NOUN,3.44E-06,3.50E-06,3.41E-06,3.85E-06,5.63E-06,4.93E-06,5.07E-06,7.63E-06,1.37E-05,5.69E-06,4.666666667,C1,C1,A2,A1
ladder,NOUN,8.16E-06,7.86E-06,8.28E-06,8.64E-06,8.58E-06,8.46E-06,8.29E-06,8.74E-06,9.29E-06,8.48E-06,2,A2,C1,B1,A1
lady,NOUN,2.59E-05,2.62E-05,2.58E-05,2.94E-05,3.62E-05,3.20E-05,3.45E-05,4.13E-05,6.72E-05,3.54E-05,1,A1,A1,A1,A2
lamb,NOUN,4.06E-06,4.24E-06,4.12E-06,4.24E-06,4.35E-06,4.33E-06,4.28E-06,4.44E-06,5.28E-06,4.37E-06,1.666666667,A2,C2,B1,C1
lamp,NOUN,1.01E-05,1.02E-05,9.83E-06,1.02E-05,1.07E-05,9.86E-06,1.02E-05,1.17E-05,1.49E-05,1.08E-05,1,A1,B2,B1,A1
land,NOUN,0.00016318,0.000153747,0.000156711,0.000153636,0.000153013,0.000151328,0.00014962,0.00015306,0.000169532,0.000155981,2.666666667,B1,A1,A1,A2
land,VERB,7.31E-06,7.13E-06,7.44E-06,7.58E-06,7.65E-06,7.44E-06,7.24E-06,7.55E-06,8.22E-06,7.51E-06,2,A2,C1,B1,B2
landing,NOUN,9.42E-06,9.66E-06,9.70E-06,9.91E-06,1.05E-05,9.63E-06,9.35E-06,1.02E-05,1.11E-05,9.94E-06,4,B2,C1,A2,A1
landlord,NOUN,5.46E-06,5.81E-06,5.59E-06,4.95E-06,6.41E-06,5.43E-06,5.84E-06,6.80E-06,7.80E-06,6.01E-06,2.666666667,B1,C1,B1,A1
landscape,NOUN,3.02E-05,2.83E-05,2.94E-05,2.83E-05,2.82E-05,2.81E-05,3.00E-05,2.96E-05,2.64E-05,2.87E-05,3,B1,A2,B1,A2
language,NOUN,0.000202094,0.000200745,0.000189395,0.000188181,0.000180949,0.000187236,0.000192063,0.000181521,0.000164775,0.00018744,1,A1,A1,B1,A2
large,ADJ,0.000306912,0.0003079,0.000303134,0.000299325,0.000296252,0.000295328,0.000292971,0.000294101,0.000296882,0.000299201,1,A1,A1,A2,A2
largely,ADV,5.48E-05,5.25E-05,5.12E-05,4.99E-05,4.85E-05,4.95E-05,5.03E-05,5.06E-05,4.54E-05,5.03E-05,2,A2,A1,B1,A1
last,VERB,7.85E-06,7.97E-06,8.11E-06,8.22E-06,8.42E-06,8.35E-06,8.26E-06,8.48E-06,9.04E-06,8.30E-06,1.666666667,A2,C1,B1,B2
late,ADJ,0.000136035,0.00013161,0.000130906,0.000127127,0.000129196,0.000128415,0.000129062,0.000128598,0.000124156,0.000129456,2.333333333,A2,A1,A2,A2
late,ADV,7.51E-06,7.50E-06,7.66E-06,7.56E-06,7.83E-06,7.79E-06,7.69E-06,7.76E-06,8.40E-06,7.74E-06,2,A2,C1,B1,B2
later,ADV,0.000217579,0.000218259,0.000220252,0.000219895,0.000215609,0.000218788,0.000211368,0.000212288,0.000183777,0.00021309,2.333333333,A2,A1,A2,A2
laugh,NOUN,9.80E-06,9.94E-06,1.03E-05,1.07E-05,1.26E-05,1.20E-05,1.20E-05,1.41E-05,1.93E-05,1.23E-05,1.666666667,A2,B2,A2,A1
laugh,VERB,8.61E-06,8.59E-06,9.08E-06,9.30E-06,1.04E-05,1.04E-05,1.01E-05,1.11E-05,1.37E-05,1.01E-05,1.333333333,A1,C1,A2,B1
laughter,NOUN,1.31E-05,1.30E-05,1.35E-05,1.34E-05,1.48E-05,1.52E-05,1.42E-05,1.58E-05,1.89E-05,1.47E-05,1.333333333,A1,B2,A2,B1
launch,NOUN,5.83E-06,6.09E-06,6.04E-06,6.31E-06,6.05E-06,5.94E-06,5.77E-06,6.09E-06,5.08E-06,5.91E-06,2.666666667,B1,C1,B1,A1
launch,VERB,5.77E-06,6.14E-06,6.36E-06,6.56E-06,6.22E-06,6.12E-06,5.90E-06,6.12E-06,5.00E-06,6.02E-06,4.333333333,B2,C1,B1,B2
law,NOUN,0.000263262,0.000262325,0.000261648,0.000256613,0.000246982,0.000253549,0.000259128,0.000256293,0.000265604,0.000258378,1.333333333,A1,A1,B1,A2
lawyer,NOUN,2.46E-05,2.71E-05,2.42E-05,2.61E-05,2.36E-05,2.76E-05,2.30E-05,2.77E-05,2.40E-05,2.53E-05,1.333333333,A1,B2,A2,B1
layer,NOUN,5.10E-05,5.41E-05,5.97E-05,5.53E-05,5.39E-05,5.27E-05,4.96E-05,4.79E-05,3.52E-05,5.11E-05,2,A2,A1,A2,A2
lead,NOUN,1.83E-05,1.80E-05,1.79E-05,1.77E-05,1.77E-05,1.81E-05,1.78E-05,1.83E-05,1.96E-05,1.82E-05,3.333333333,B1,B2,B1,B1
lead,VERB,7.67E-05,7.76E-05,7.74E-05,7.77E-05,7.82E-05,8.03E-05,7.94E-05,7.78E-05,7.37E-05,7.76E-05,2.666666667,B1,A2,A2,A1
leadership,NOUN,5.17E-05,5.25E-05,5.18E-05,5.28E-05,5.21E-05,5.78E-05,5.51E-05,5.59E-05,4.36E-05,5.26E-05,4,B2,A1,B1,A2
leading,ADJ,1.70E-05,1.70E-05,1.66E-05,1.59E-05,1.58E-05,1.58E-05,1.58E-05,1.56E-05,1.56E-05,1.61E-05,3.333333333,B1,B2,B1,B1
leaf,NOUN,1.57E-05,1.46E-05,1.43E-05,1.38E-05,1.49E-05,1.43E-05,1.39E-05,1.43E-05,1.52E-05,1.46E-05,2,A2,B2,A2,B1
leaflet,NOUN,1.21E-06,1.10E-06,1.10E-06,1.27E-06,1.19E-06,1.33E-06,1.05E-06,1.11E-06,7.80E-07,1.13E-06,3.333333333,B1,C2,B1,C1
league,NOUN,7.65E-06,7.03E-06,7.25E-06,7.16E-06,7.87E-06,7.35E-06,7.99E-06,7.68E-06,7.66E-06,7.52E-06,3.333333333,B1,C1,B1,A1
leap,VERB,2.66E-06,2.64E-06,2.64E-06,2.79E-06,2.95E-06,2.83E-06,2.75E-06,3.12E-06,3.83E-06,2.91E-06,3.666666667,B2,C2,B1,B2
learn,VERB,8.95E-05,9.06E-05,9.23E-05,9.33E-05,9.35E-05,9.34E-05,9.19E-05,9.12E-05,9.05E-05,9.18E-05,1.666666667,A2,A2,A2,A1
learning,NOUN,4.94E-05,4.79E-05,4.93E-05,5.08E-05,5.13E-05,5.65E-05,5.67E-05,5.21E-05,4.61E-05,5.11E-05,1,A1,A1,B1,A2
least,ADV,1.21E-07,1.14E-07,1.16E-07,1.14E-07,1.05E-07,1.09E-07,1.00E-07,1.02E-07,1.02E-07,1.09E-07,2.333333333,A2,C2,B1,B2
leather,NOUN,1.04E-05,1.01E-05,1.05E-05,1.08E-05,1.08E-05,1.10E-05,1.06E-05,1.12E-05,1.16E-05,1.08E-05,2.666666667,B1,C1,B1,A1
leave,NOUN,1.04E-05,1.03E-05,1.01E-05,1.04E-05,1.10E-05,1.14E-05,1.16E-05,1.19E-05,1.41E-05,1.13E-05,2,A2,B2,B1,A1
leave,VERB,9.83E-05,9.90E-05,0.000101924,0.000105044,0.000108121,0.00010716,0.000106798,0.000111115,0.000126934,0.000107156,1.666666667,A2,A2,A1,A1
lecture,NOUN,1.14E-05,1.12E-05,1.11E-05,1.07E-05,1.10E-05,1.14E-05,1.13E-05,1.11E-05,1.18E-05,1.12E-05,3,B1,C1,B1,A1
left,ADJ,7.61E-05,7.74E-05,8.07E-05,7.97E-05,7.98E-05,7.82E-05,7.71E-05,7.41E-05,7.03E-05,7.70E-05,1.333333333,A1,A2,A2,A2
left,NOUN,1.06E-05,1.08E-05,1.12E-05,1.06E-05,1.07E-05,1.02E-05,1.02E-05,1.01E-05,9.89E-06,1.05E-05,1.666666667,A2,C1,B1,A1
leg,NOUN,2.51E-05,2.55E-05,2.72E-05,2.79E-05,2.81E-05,2.87E-05,2.68E-05,2.65E-05,2.62E-05,2.69E-05,1,A1,A2,A2,A2
legal,ADJ,0.000106741,0.000110297,0.000109141,0.000104626,9.87E-05,0.000104817,0.000102958,0.000100801,8.58E-05,0.000102653,2,A2,A1,B1,A2
legend,NOUN,9.98E-06,1.07E-05,9.70E-06,1.06E-05,1.04E-05,9.77E-06,1.00E-05,1.01E-05,9.86E-06,1.01E-05,3,B1,C1,B1,A1
legislation,NOUN,3.93E-05,3.88E-05,3.75E-05,3.66E-05,3.31E-05,3.43E-05,3.44E-05,3.34E-05,3.04E-05,3.53E-05,4,B2,A2,B1,A2
legitimate,ADJ,1.97E-05,1.98E-05,2.02E-05,2.01E-05,1.93E-05,1.94E-05,1.99E-05,1.97E-05,1.84E-05,1.96E-05,4.333333333,B2,B2,B1,B1
leisure,NOUN,1.11E-05,1.03E-05,9.92E-06,1.14E-05,1.11E-05,1.12E-05,1.07E-05,1.14E-05,1.27E-05,1.11E-05,2.333333333,A2,C1,A2,A1
lend,VERB,7.49E-06,7.42E-06,7.20E-06,7.31E-06,7.41E-06,7.23E-06,7.35E-06,7.82E-06,8.78E-06,7.55E-06,3.333333333,B1,C1,B1,B2
length,NOUN,7.84E-05,7.90E-05,7.86E-05,7.76E-05,8.00E-05,7.63E-05,7.83E-05,8.10E-05,9.47E-05,8.04E-05,3,B1,A1,A2,A2
less,ADV,0.000154181,0.000152337,0.000147588,0.000146346,0.000146023,0.000144379,0.000147279,0.000146275,0.000146298,0.000147856,2,A2,A1,B1,A2
lesson,NOUN,2.06E-05,2.06E-05,2.09E-05,2.15E-05,2.23E-05,2.28E-05,2.15E-05,2.20E-05,2.50E-05,2.19E-05,1,A1,B2,A2,B1
let,VERB,0.000154258,0.000155755,0.000164998,0.000172461,0.00017993,0.000178086,0.000176463,0.000187208,0.000226828,0.000177332,1,A1,A1,A1,A1
letter,NOUN,9.55E-05,9.49E-05,9.29E-05,9.40E-05,0.000100686,9.57E-05,0.000103223,0.000102079,0.000126329,0.000100588,1.666666667,A2,A1,B1,A2
level,ADJ,3.10E-05,3.25E-05,3.32E-05,3.35E-05,3.12E-05,3.26E-05,3.13E-05,3.00E-05,2.42E-05,3.11E-05,2,A2,A2,B1,B1
level,NOUN,0.000244529,0.000245798,0.000243483,0.00024153,0.000232967,0.000240944,0.000230568,0.000220616,0.000176012,0.000230716,1.666666667,A2,A1,A2,A2
liability,NOUN,3.07E-05,3.31E-05,2.91E-05,2.75E-05,2.67E-05,2.97E-05,2.63E-05,2.52E-05,2.14E-05,2.77E-05,4.666666667,C1,B2,A2,A2
liable,ADJ,1.47E-05,1.47E-05,1.27E-05,1.33E-05,1.28E-05,1.35E-05,1.32E-05,1.29E-05,1.76E-05,1.39E-05,4.333333333,B2,C1,B1,B2
liberal,ADJ,3.31E-05,3.00E-05,3.01E-05,2.85E-05,2.88E-05,2.82E-05,3.06E-05,3.04E-05,2.76E-05,2.97E-05,3.333333333,B1,A2,B2,B1
liberation,NOUN,1.32E-05,1.23E-05,1.27E-05,1.19E-05,1.16E-05,1.11E-05,1.09E-05,1.04E-05,8.90E-06,1.14E-05,3.333333333,B1,C1,B1,A1
liberty,NOUN,1.89E-05,1.86E-05,1.82E-05,1.95E-05,2.07E-05,1.94E-05,2.42E-05,2.53E-05,3.64E-05,2.23E-05,3.333333333,B1,A2,B1,B1
library,NOUN,3.63E-05,3.76E-05,3.89E-05,3.81E-05,3.61E-05,3.51E-05,3.38E-05,3.68E-05,3.32E-05,3.62E-05,1.333333333,A1,A1,A2,A2
licence,NOUN,5.26E-06,4.42E-06,4.81E-06,4.24E-06,4.10E-06,4.92E-06,4.81E-06,4.77E-06,4.53E-06,4.65E-06,2.333333333,A2,C2,B1,C1
lie,NOUN,9.88E-06,1.00E-05,9.88E-06,1.07E-05,1.12E-05,1.09E-05,1.16E-05,1.20E-05,1.92E-05,1.17E-05,1.666666667,A2,B2,B1,A1
lie,VERB,2.66E-05,2.61E-05,2.59E-05,2.67E-05,2.76E-05,2.66E-05,2.72E-05,2.90E-05,3.66E-05,2.80E-05,2.333333333,A2,A2,A2,B1
life,NOUN,0.000534316,0.000525115,0.000528249,0.000553444,0.000566423,0.000564742,0.00057992,0.000582934,0.00064095,0.00056401,1.333333333,A1,A1,A1,A2
lifespan,NOUN,8.89E-07,9.94E-07,1.07E-06,1.14E-06,1.11E-06,1.23E-06,1.36E-06,1.20E-06,9.81E-07,1.11E-06,3,B1,C2,B1,C1
lifetime,NOUN,1.62E-05,1.65E-05,1.68E-05,1.72E-05,1.69E-05,1.72E-05,1.70E-05,1.60E-05,1.41E-05,1.64E-05,1.333333333,A1,B2,B1,B1
lift,NOUN,5.96E-06,5.83E-06,6.08E-06,6.48E-06,5.95E-06,6.03E-06,5.70E-06,5.89E-06,5.59E-06,5.95E-06,2.666666667,B1,C1,B1,A1
lift,VERB,9.24E-06,9.34E-06,9.48E-06,1.02E-05,1.04E-05,1.03E-05,1.01E-05,1.05E-05,1.24E-05,1.02E-05,2.666666667,B1,C1,A2,B1
light,ADJ,6.21E-05,6.24E-05,6.21E-05,6.34E-05,6.35E-05,6.19E-05,6.23E-05,6.39E-05,6.69E-05,6.32E-05,1,A1,A2,A2,A2
light,NOUN,0.000126632,0.000125822,0.0001265,0.000133049,0.000135535,0.000131114,0.000133544,0.000140726,0.000161972,0.000134988,1.333333333,A1,A1,A1,A2
light,VERB,6.41E-06,6.19E-06,6.32E-06,6.73E-06,6.87E-06,6.63E-06,6.82E-06,7.25E-06,8.64E-06,6.87E-06,2,A2,C1,B1,B2
lighting,NOUN,8.65E-06,8.12E-06,8.92E-06,9.13E-06,9.28E-06,8.15E-06,7.87E-06,7.83E-06,6.85E-06,8.31E-06,2.666666667,B1,C1,B1,A1
lightly,ADV,1.03E-05,1.03E-05,1.04E-05,1.08E-05,1.12E-05,1.08E-05,1.04E-05,1.12E-05,1.34E-05,1.10E-05,3,B1,B2,B1,A2
like,ADJ,6.01E-05,6.04E-05,6.05E-05,6.16E-05,6.55E-05,6.44E-05,6.63E-05,6.77E-05,7.59E-05,6.47E-05,1.666666667,A2,A2,A2,A2
like,ADP,0.000624568,0.000624911,0.000650742,0.000658172,0.000678054,0.000685245,0.000670936,0.000693809,0.000718377,0.000667202,1.333333333,A1,A1,A1,B1
like,VERB,9.43E-05,9.35E-05,9.80E-05,9.87E-05,0.000101852,0.000102845,9.93E-05,0.000103229,0.000114818,0.000100723,1,A1,A2,A1,A1
likely,ADJ,0.000144471,0.000146116,0.000142212,0.000140822,0.000139586,0.000140686,0.000141197,0.000138363,0.000124646,0.000139789,3.333333333,B1,A1,B1,A2
limit,NOUN,3.00E-05,3.16E-05,2.97E-05,2.95E-05,2.84E-05,2.90E-05,2.78E-05,2.70E-05,2.43E-05,2.86E-05,2.333333333,A2,B2,B1,A2
limit,VERB,1.79E-05,1.85E-05,1.82E-05,1.78E-05,1.68E-05,1.71E-05,1.66E-05,1.60E-05,1.35E-05,1.69E-05,2,A2,B2,B1,B1
limitation,NOUN,1.30E-05,1.33E-05,1.29E-05,1.22E-05,1.19E-05,1.25E-05,1.25E-05,1.18E-05,1.03E-05,1.23E-05,4.333333333,B2,C1,B1,A1
limited,ADJ,6.13E-05,6.22E-05,6.00E-05,5.78E-05,5.60E-05,5.79E-05,5.65E-05,5.45E-05,4.61E-05,5.69E-05,3,B1,A1,B1,A1
line,NOUN,0.000197985,0.000201463,0.000204507,0.000199798,0.000195843,0.000191162,0.000188068,0.000190386,0.000194742,0.000195995,1.333333333,A1,A1,A1,A2
line,VERB,3.58E-06,3.59E-06,3.71E-06,3.60E-06,3.58E-06,3.50E-06,3.35E-06,3.32E-06,2.85E-06,3.45E-06,1.666666667,A2,C2,B1,B2
linen,NOUN,4.89E-06,4.83E-06,4.75E-06,5.08E-06,5.59E-06,5.38E-06,5.41E-06,6.18E-06,7.95E-06,5.56E-06,3.666666667,B2,C1,B1,A1
linguistic,ADJ,2.35E-05,2.33E-05,2.12E-05,2.13E-05,2.00E-05,2.18E-05,2.21E-05,2.04E-05,1.50E-05,2.10E-05,4,B2,B2,B2,B1
link,NOUN,3.61E-05,3.75E-05,4.01E-05,3.89E-05,3.66E-05,3.55E-05,3.47E-05,3.50E-05,2.75E-05,3.58E-05,2.666666667,B1,A2,B1,A2
link,VERB,9.73E-06,1.01E-05,1.03E-05,9.65E-06,9.27E-06,8.83E-06,8.68E-06,8.47E-06,6.56E-06,9.06E-06,2,A2,C1,B1,B1
lion,NOUN,7.49E-06,7.87E-06,7.28E-06,7.83E-06,8.18E-06,8.45E-06,8.27E-06,8.54E-06,1.09E-05,8.31E-06,1,A1,C1,B1,A1
lip,NOUN,1.06E-05,9.79E-06,1.02E-05,9.86E-06,1.02E-05,1.04E-05,9.88E-06,1.03E-05,1.13E-05,1.03E-05,1.666666667,A2,C1,B1,A1
liquid,NOUN,9.08E-06,8.90E-06,9.07E-06,8.86E-06,8.61E-06,8.50E-06,8.42E-06,9.45E-06,9.16E-06,8.90E-06,2.333333333,A2,C1,B1,A1
list,NOUN,0.000101988,0.000108707,0.000111299,0.000110285,0.000102898,9.85E-05,9.50E-05,9.50E-05,8.14E-05,0.000100557,1.666666667,A2,A1,A2,A2
list,VERB,7.32E-06,7.67E-06,7.64E-06,7.52E-06,7.05E-06,7.10E-06,6.60E-06,6.27E-06,4.93E-06,6.90E-06,3,B1,C1,B1,B2
listen,VERB,2.96E-05,2.97E-05,3.05E-05,3.14E-05,3.28E-05,3.27E-05,3.17E-05,3.32E-05,3.57E-05,3.19E-05,1.333333333,A1,A2,A2,A1
literally,ADV,1.95E-05,1.89E-05,1.91E-05,1.94E-05,1.96E-05,1.96E-05,1.99E-05,2.02E-05,1.89E-05,1.95E-05,3.666666667,B2,B2,B1,B1
literary,ADJ,4.66E-05,4.28E-05,4.14E-05,3.88E-05,4.17E-05,3.95E-05,4.29E-05,4.35E-05,4.32E-05,4.23E-05,3.666666667,B2,A1,B1,A1
literature,NOUN,8.39E-05,8.08E-05,7.93E-05,7.64E-05,7.87E-05,7.93E-05,8.38E-05,8.23E-05,7.87E-05,8.04E-05,3,B1,A1,B1,A2
little,ADJ,0.000331588,0.00033314,0.000334648,0.00034419,0.000380597,0.000365559,0.000369528,0.00041112,0.000535851,0.000378469,2,A2,A1,A1,A1
little,ADV,8.56E-06,8.36E-06,8.10E-06,8.34E-06,8.97E-06,8.26E-06,9.06E-06,9.79E-06,1.32E-05,9.18E-06,1.333333333,A1,C1,B1,A2
live,ADJ,1.84E-05,1.87E-05,1.85E-05,1.86E-05,1.89E-05,1.89E-05,1.84E-05,1.90E-05,1.81E-05,1.86E-05,1.666666667,A2,C1,B1,B1
live,VERB,0.000107594,0.000105406,0.000106826,0.000110457,0.0001135,0.000113498,0.000113351,0.000116139,0.000125093,0.000112429,1,A1,A2,A2,A2
lively,ADJ,7.45E-06,7.28E-06,6.87E-06,6.91E-06,7.57E-06,7.15E-06,7.62E-06,8.12E-06,1.09E-05,7.76E-06,2,A2,C1,B1,B2
loan,NOUN,2.26E-05,2.36E-05,2.19E-05,2.22E-05,2.22E-05,2.34E-05,2.26E-05,2.19E-05,1.88E-05,2.21E-05,3.666666667,B2,B2,B1,B1
local,ADJ,0.000229191,0.000227628,0.000231392,0.000225819,0.000209738,0.000214774,0.000207976,0.000198663,0.000160815,0.000211777,2,A2,A1,A2,A2
local,NOUN,3.51E-08,4.16E-08,3.49E-08,3.70E-08,3.43E-08,2.95E-08,2.63E-08,2.71E-08,1.87E-08,3.16E-08,2.666666667,B1,C2,B1,C1
location,NOUN,6.08E-05,6.54E-05,6.75E-05,6.43E-05,6.27E-05,6.27E-05,6.09E-05,5.88E-05,4.54E-05,6.09E-05,2.333333333,A2,A1,B1,A2
lock,NOUN,7.85E-06,8.08E-06,8.45E-06,8.45E-06,8.42E-06,8.13E-06,8.02E-06,8.31E-06,8.61E-06,8.26E-06,3,B1,C1,B1,A1
lock,VERB,3.66E-06,3.81E-06,4.19E-06,4.12E-06,4.08E-06,3.99E-06,3.83E-06,3.85E-06,3.85E-06,3.93E-06,2.666666667,B1,C2,B1,B2
log,NOUN,1.88E-05,2.01E-05,2.15E-05,2.14E-05,1.89E-05,1.81E-05,1.77E-05,1.76E-05,1.61E-05,1.89E-05,3.666666667,B2,B2,B1,B1
logic,NOUN,3.73E-05,3.59E-05,3.79E-05,3.72E-05,3.51E-05,3.56E-05,3.57E-05,3.38E-05,2.89E-05,3.53E-05,3,B1,A2,B1,A2
lonely,ADJ,9.23E-06,9.22E-06,9.36E-06,9.29E-06,1.05E-05,1.01E-05,9.76E-06,1.13E-05,1.47E-05,1.04E-05,2.333333333,A2,C1,B1,B2
long,ADJ,0.000384339,0.000385362,0.000387296,0.000387237,0.000397795,0.00039346,0.000389859,0.00040348,0.000439976,0.000396534,2,A2,A1,A1,A1
long,ADV,5.69E-05,5.67E-05,5.63E-05,5.77E-05,6.10E-05,5.83E-05,6.08E-05,6.46E-05,7.97E-05,6.13E-05,2,A2,A1,A2,A1
longing,NOUN,4.49E-06,4.38E-06,4.24E-06,4.54E-06,4.77E-06,4.69E-06,4.81E-06,5.28E-06,6.31E-06,4.83E-06,4.333333333,B2,C1,B1,C1
look,NOUN,5.34E-05,5.47E-05,5.88E-05,5.89E-05,6.21E-05,6.10E-05,5.93E-05,6.35E-05,7.08E-05,6.03E-05,1.333333333,A1,A1,A1,A2
look,VERB,0.000165337,0.000166611,0.000175071,0.00017806,0.000181509,0.000179791,0.000176232,0.000183917,0.000199396,0.000178436,1.333333333,A1,A1,A1,A1
loose,ADJ,1.59E-05,1.56E-05,1.60E-05,1.62E-05,1.65E-05,1.63E-05,1.59E-05,1.63E-05,1.84E-05,1.64E-05,2.333333333,A2,B2,B1,B1
lorry,NOUN,7.39E-07,8.47E-07,7.11E-07,7.04E-07,6.93E-07,7.93E-07,6.66E-07,6.87E-07,5.52E-07,7.10E-07,2,A2,C2,B1,C1
lose,VERB,4.06E-05,4.07E-05,4.13E-05,4.22E-05,4.34E-05,4.24E-05,4.24E-05,4.35E-05,4.70E-05,4.26E-05,2.333333333,A2,A2,A2,A1
loss,NOUN,0.0001148,0.000113855,0.000112951,0.000109208,0.000113197,0.000113574,0.000113904,0.000109951,0.000103022,0.000111607,3.666666667,B2,A1,B1,A2
lost,ADJ,6.02E-06,6.00E-06,6.06E-06,6.10E-06,6.37E-06,6.16E-06,6.13E-06,6.48E-06,6.86E-06,6.24E-06,2,A2,C1,B1,B2
lot,NOUN,0.000101693,0.000102064,0.000108375,0.000109678,0.000109044,0.000112935,0.000107109,0.000105501,9.59E-05,0.000105816,1.666666667,A2,A1,A1,A2
lot,NOUN,0.000101693,0.000102064,0.000108375,0.000109678,0.000109044,0.000112935,0.000107109,0.000105501,9.59E-05,0.000105816,2,A2,A1,A1,A2
loud,ADJ,1.68E-05,1.73E-05,1.83E-05,1.90E-05,2.07E-05,2.04E-05,2.02E-05,2.18E-05,2.61E-05,2.01E-05,2,A2,B2,A2,B1
lounge,NOUN,3.63E-06,3.55E-06,3.74E-06,3.71E-06,3.76E-06,3.91E-06,3.49E-06,3.52E-06,3.25E-06,3.62E-06,3.666666667,B2,C2,B1,C1
love,NOUN,0.000132307,0.000130264,0.000134757,0.00014392,0.000151845,0.000147861,0.000152194,0.000158179,0.000195431,0.00014964,1,A1,A1,A1,A2
love,VERB,5.32E-05,5.39E-05,5.77E-05,6.14E-05,6.57E-05,6.58E-05,6.60E-05,6.86E-05,8.24E-05,6.39E-05,1.333333333,A1,A2,A1,A1
lovely,ADJ,1.36E-05,1.36E-05,1.36E-05,1.38E-05,1.60E-05,1.52E-05,1.50E-05,1.69E-05,2.31E-05,1.56E-05,1.333333333,A1,B2,A2,B2
lover,NOUN,1.36E-05,1.30E-05,1.33E-05,1.38E-05,1.50E-05,1.42E-05,1.47E-05,1.58E-05,1.96E-05,1.48E-05,1.333333333,A1,B2,B1,B1
low,ADJ,0.000185565,0.000188941,0.000182898,0.000181383,0.000182195,0.000185567,0.000180532,0.000175863,0.000161842,0.000180532,1,A1,A1,A2,A2
luck,NOUN,1.47E-05,1.49E-05,1.54E-05,1.65E-05,1.69E-05,1.67E-05,1.58E-05,1.71E-05,1.89E-05,1.63E-05,1.666666667,A2,B2,A2,B1
lucky,ADJ,1.26E-05,1.27E-05,1.35E-05,1.41E-05,1.43E-05,1.45E-05,1.39E-05,1.40E-05,1.36E-05,1.37E-05,1,A1,B2,B1,B2
lump,NOUN,3.98E-06,4.18E-06,4.07E-06,4.11E-06,4.18E-06,4.20E-06,4.01E-06,4.21E-06,4.60E-06,4.17E-06,2.666666667,B1,C2,B1,C1
lunch,NOUN,2.23E-05,2.28E-05,2.39E-05,2.37E-05,2.35E-05,2.48E-05,2.27E-05,2.22E-05,2.03E-05,2.29E-05,1.333333333,A1,B2,A2,B1
machine,NOUN,5.11E-05,5.09E-05,5.11E-05,5.15E-05,4.79E-05,4.76E-05,4.65E-05,4.66E-05,4.47E-05,4.87E-05,2,A2,A1,A2,A2
machinery,NOUN,1.44E-05,1.36E-05,1.31E-05,1.31E-05,1.27E-05,1.26E-05,1.31E-05,1.34E-05,1.59E-05,1.35E-05,3.333333333,B1,B2,B1,B1
mad,ADJ,1.35E-05,1.38E-05,1.40E-05,1.45E-05,1.63E-05,1.57E-05,1.57E-05,1.73E-05,2.15E-05,1.58E-05,2.666666667,B1,B2,A2,B2
magazine,NOUN,2.49E-05,2.46E-05,2.32E-05,2.26E-05,2.34E-05,2.29E-05,2.23E-05,2.17E-05,1.83E-05,2.26E-05,1.333333333,A1,B2,B1,B1
magic,ADJ,1.17E-05,1.18E-05,1.24E-05,1.30E-05,1.24E-05,1.24E-05,1.22E-05,1.23E-05,1.27E-05,1.23E-05,2.333333333,A2,B2,B1,B2
magic,NOUN,6.49E-06,6.97E-06,7.02E-06,7.58E-06,7.01E-06,7.07E-06,7.13E-06,7.25E-06,7.11E-06,7.07E-06,1.666666667,A2,C1,B1,A1
magistrate,NOUN,3.52E-06,3.77E-06,3.54E-06,3.57E-06,3.76E-06,3.30E-06,3.93E-06,4.28E-06,6.01E-06,3.97E-06,5.333333333,C1,C2,B1,C1
magnetic,ADJ,2.51E-05,2.64E-05,2.38E-05,2.49E-05,2.47E-05,2.60E-05,2.39E-05,2.44E-05,1.89E-05,2.42E-05,3.666666667,B2,B2,B1,B1
magnificent,ADJ,8.71E-06,8.58E-06,8.39E-06,8.72E-06,9.80E-06,9.11E-06,9.60E-06,1.09E-05,1.51E-05,9.88E-06,3.333333333,B1,C1,B1,B2
mail,NOUN,3.68E-05,4.01E-05,3.91E-05,3.79E-05,3.49E-05,3.39E-05,3.14E-05,3.12E-05,2.64E-05,3.46E-05,1.666666667,A2,A2,A2,A2
main,ADJ,0.000145358,0.000142117,0.000144878,0.000141538,0.000137795,0.000139624,0.000134601,0.000132033,0.000114338,0.00013692,2,A2,A1,A2,A2
mainly,ADV,4.62E-05,4.47E-05,4.44E-05,4.32E-05,4.16E-05,4.33E-05,4.26E-05,4.07E-05,3.46E-05,4.24E-05,1.666666667,A2,A2,B1,B1
maintain,VERB,5.95E-05,6.01E-05,5.89E-05,5.79E-05,5.66E-05,5.69E-05,5.67E-05,5.41E-05,5.24E-05,5.70E-05,4.333333333,B2,A2,B1,A1
maintenance,NOUN,3.38E-05,3.51E-05,3.38E-05,3.38E-05,3.23E-05,3.22E-05,3.26E-05,2.92E-05,2.54E-05,3.20E-05,4.333333333,B2,A2,B1,A2
major,ADJ,0.000191843,0.00019036,0.000186568,0.000174454,0.000168553,0.000171543,0.000163258,0.000153496,0.000117259,0.000168593,3.333333333,B1,A1,A2,A2
majority,NOUN,7.26E-05,7.13E-05,6.96E-05,6.73E-05,6.58E-05,6.76E-05,6.85E-05,6.60E-05,6.19E-05,6.79E-05,3.333333333,B1,A1,B1,A2
make,VERB,0.000514381,0.000520124,0.000527703,0.000538538,0.000541731,0.000537512,0.000534827,0.000547274,0.000585951,0.000538671,1.333333333,A1,A1,A1,A1
maker,NOUN,8.65E-06,9.01E-06,8.67E-06,8.70E-06,8.30E-06,8.31E-06,8.56E-06,8.49E-06,8.86E-06,8.62E-06,1.333333333,A1,C1,B1,A1
male,ADJ,7.02E-05,6.43E-05,6.24E-05,5.94E-05,5.86E-05,5.84E-05,5.76E-05,5.41E-05,4.27E-05,5.86E-05,1.333333333,A1,A1,B1,A1
male,NOUN,1.81E-05,1.65E-05,1.61E-05,1.57E-05,1.56E-05,1.55E-05,1.52E-05,1.43E-05,1.22E-05,1.55E-05,1.666666667,A2,B2,B1,B1
man,NOUN,0.000395527,0.000393991,0.000391181,0.000437243,0.000472691,0.000443999,0.00046893,0.000521063,0.00071924,0.00047154,1,A1,A1,A1,A2
manage,VERB,2.81E-05,2.95E-05,3.08E-05,3.16E-05,3.04E-05,3.11E-05,3.08E-05,3.09E-05,2.93E-05,3.03E-05,3.666666667,B2,A2,A2,A1
management,NOUN,0.000153552,0.000159869,0.000164283,0.000165813,0.000156006,0.000166337,0.000159647,0.000150876,0.000121586,0.00015533,3,B1,A1,B1,A2
manager,NOUN,3.88E-05,4.07E-05,4.12E-05,4.21E-05,4.03E-05,4.04E-05,3.88E-05,3.79E-05,3.23E-05,3.92E-05,1.333333333,A1,A2,A2,A2
manner,NOUN,7.51E-05,7.53E-05,7.25E-05,7.73E-05,8.19E-05,7.80E-05,8.53E-05,8.96E-05,0.000120892,8.40E-05,3.666666667,B2,A1,B1,A2
manual,ADJ,9.20E-06,9.38E-06,9.33E-06,1.00E-05,9.28E-06,9.22E-06,8.76E-06,8.52E-06,7.52E-06,9.03E-06,3,B1,C1,B1,B2
manual,NOUN,6.58E-06,6.68E-06,6.53E-06,6.47E-06,6.46E-06,6.26E-06,5.82E-06,5.46E-06,4.62E-06,6.10E-06,2.666666667,B1,C1,B1,A1
manufacturer,NOUN,1.34E-05,1.41E-05,1.38E-05,1.31E-05,1.26E-05,1.20E-05,1.08E-05,1.10E-05,9.32E-06,1.22E-05,2.333333333,A2,C1,A2,A1
manufacturing,NOUN,2.17E-05,2.14E-05,2.02E-05,1.99E-05,1.82E-05,1.88E-05,1.90E-05,1.79E-05,1.48E-05,1.91E-05,3.333333333,B1,B2,B2,B1
many,DET,1.57E-07,1.50E-07,1.57E-07,1.78E-07,2.20E-07,1.97E-07,2.12E-07,2.81E-07,5.34E-07,2.32E-07,2,A2,C2,A1,A2
map,NOUN,3.90E-05,3.97E-05,4.12E-05,4.06E-05,3.92E-05,3.93E-05,3.70E-05,3.70E-05,3.06E-05,3.82E-05,2.333333333,A2,A2,A2,A2
march,VERB,3.42E-06,3.52E-06,3.55E-06,3.38E-06,4.06E-06,3.62E-06,4.06E-06,4.40E-06,6.14E-06,4.02E-06,1.333333333,A1,C1,B1,B2
margin,NOUN,1.55E-05,1.68E-05,1.64E-05,1.55E-05,1.55E-05,1.52E-05,1.50E-05,1.44E-05,1.42E-05,1.54E-05,3.333333333,B1,B2,B1,B1
marginal,ADJ,2.01E-05,1.98E-05,1.97E-05,1.70E-05,1.67E-05,1.85E-05,1.64E-05,1.65E-05,1.22E-05,1.74E-05,4.333333333,B2,B2,B1,B1
mark,NOUN,2.41E-05,2.32E-05,2.40E-05,2.31E-05,2.41E-05,2.20E-05,2.27E-05,2.28E-05,2.48E-05,2.34E-05,2.333333333,A2,B2,B1,B1
mark,VERB,1.18E-05,1.14E-05,1.15E-05,1.15E-05,1.16E-05,1.11E-05,1.13E-05,1.15E-05,1.29E-05,1.16E-05,2.333333333,A2,B2,B1,B1
market,NOUN,0.000179352,0.000188743,0.000180922,0.000169809,0.000160064,0.000166015,0.00016402,0.000160643,0.000131692,0.000166807,1.333333333,A1,A1,B1,A2
market,VERB,2.49E-06,2.62E-06,2.62E-06,2.45E-06,2.44E-06,2.44E-06,2.39E-06,2.35E-06,2.03E-06,2.43E-06,1.333333333,A1,C2,B1,B2
marketing,NOUN,3.17E-05,3.44E-05,3.48E-05,3.12E-05,3.21E-05,3.33E-05,3.32E-05,3.12E-05,2.60E-05,3.20E-05,3.333333333,B1,A2,B1,A2
marriage,NOUN,7.16E-05,6.74E-05,6.75E-05,6.78E-05,7.05E-05,6.83E-05,7.01E-05,6.80E-05,6.89E-05,6.89E-05,2.666666667,B1,A2,B1,A2
married,ADJ,6.78E-06,6.49E-06,6.27E-06,6.35E-06,6.54E-06,6.34E-06,6.33E-06,6.39E-06,7.04E-06,6.50E-06,1.666666667,A2,C1,B1,B2
marry,VERB,1.91E-05,1.84E-05,1.84E-05,1.93E-05,2.14E-05,1.99E-05,1.98E-05,2.18E-05,2.76E-05,2.06E-05,1.333333333,A1,B2,A2,B1
marvellous,ADJ,1.97E-06,1.79E-06,1.68E-06,2.30E-06,2.62E-06,2.15E-06,2.85E-06,3.29E-06,5.93E-06,2.73E-06,1.666666667,A2,C2,B1,B2
mask,NOUN,1.23E-05,1.25E-05,1.36E-05,1.29E-05,1.24E-05,1.25E-05,1.19E-05,1.24E-05,1.07E-05,1.24E-05,2,A2,C1,B1,A1
mass,ADJ,3.31E-05,3.14E-05,3.08E-05,3.13E-05,3.11E-05,3.21E-05,3.08E-05,3.11E-05,2.19E-05,3.04E-05,3.333333333,B1,B2,B1,B1
mass,NOUN,5.74E-05,5.58E-05,5.25E-05,5.40E-05,5.43E-05,5.21E-05,5.38E-05,5.60E-05,5.39E-05,5.44E-05,3.333333333,B1,A1,B1,A2
massive,ADJ,2.45E-05,2.43E-05,2.42E-05,2.37E-05,2.35E-05,2.37E-05,2.31E-05,2.31E-05,2.01E-05,2.33E-05,3.666666667,B2,B2,B1,B1
match,NOUN,1.34E-05,1.35E-05,1.48E-05,1.47E-05,1.55E-05,1.54E-05,1.53E-05,1.53E-05,1.60E-05,1.49E-05,2,A2,B2,B1,B1
match,VERB,1.69E-05,1.77E-05,1.91E-05,1.84E-05,1.78E-05,1.76E-05,1.65E-05,1.63E-05,1.32E-05,1.71E-05,2.666666667,B1,B2,B1,B1
mate,NOUN,7.66E-06,7.49E-06,7.82E-06,8.21E-06,8.94E-06,8.30E-06,8.48E-06,9.29E-06,1.20E-05,8.69E-06,3.333333333,B1,C1,B1,A1
material,NOUN,0.000138064,0.000133701,0.000129296,0.000130824,0.000125946,0.000126215,0.000125383,0.000124021,0.000106831,0.000126698,2.666666667,B1,A1,B1,A2
materialism,NOUN,3.72E-06,3.64E-06,3.69E-06,3.63E-06,3.28E-06,3.40E-06,3.69E-06,3.44E-06,3.21E-06,3.52E-06,4.333333333,B2,C2,B1,C1
matter,NOUN,0.000155371,0.000154051,0.000152204,0.000158417,0.000159267,0.000157095,0.000161977,0.000168587,0.000197618,0.000162732,2.666666667,B1,A1,A2,A2
matter,VERB,1.14E-05,1.15E-05,1.24E-05,1.25E-05,1.27E-05,1.29E-05,1.28E-05,1.31E-05,1.27E-05,1.24E-05,2.666666667,B1,B2,A2,B1
mature,ADJ,1.25E-05,1.23E-05,1.22E-05,1.17E-05,1.17E-05,1.21E-05,1.20E-05,1.12E-05,9.96E-06,1.17E-05,3,B1,C1,B1,B2
maximum,ADJ,3.81E-05,3.97E-05,3.91E-05,3.76E-05,3.61E-05,3.67E-05,3.53E-05,3.37E-05,2.65E-05,3.59E-05,3,B1,A2,B1,B1
maximum,NOUN,1.47E-05,1.56E-05,1.48E-05,1.45E-05,1.38E-05,1.40E-05,1.34E-05,1.30E-05,1.06E-05,1.38E-05,1.666666667,A2,C1,B1,B1
may,VERB,0.001086784,0.001098687,0.001063123,0.001061987,0.001056924,0.00104342,0.001045731,0.001026973,0.00110803,0.00106574,2,A2,A1,A2,B1
may,VERB,0.001086784,0.001098687,0.001063123,0.001061987,0.001056924,0.00104342,0.001045731,0.001026973,0.00110803,0.00106574,2.333333333,A2,A1,A2,B1
maybe,ADV,3.82E-05,3.89E-05,4.30E-05,4.36E-05,4.30E-05,4.62E-05,4.39E-05,4.33E-05,3.84E-05,4.21E-05,1.333333333,A1,A2,B1,B1
meal,NOUN,2.05E-05,2.05E-05,2.08E-05,2.10E-05,2.25E-05,2.21E-05,2.13E-05,2.21E-05,2.39E-05,2.16E-05,2,A2,B2,A2,B1
mean,ADJ,3.25E-05,3.45E-05,3.23E-05,3.25E-05,3.28E-05,3.43E-05,3.37E-05,3.33E-05,3.09E-05,3.30E-05,1.666666667,A2,A2,B1,B1
mean,VERB,0.0001004,9.97E-05,0.000102609,0.000102624,0.000105886,0.000106085,0.000104609,0.000108561,0.000115644,0.000105127,2.333333333,A2,A2,A2,A1
meaning,NOUN,8.44E-05,8.25E-05,8.07E-05,8.08E-05,7.97E-05,7.97E-05,8.21E-05,7.89E-05,7.54E-05,8.05E-05,2,A2,A1,B1,A2
means,NOUN,0.00012484,0.000122379,0.00011879,0.000122321,0.000120598,0.000119131,0.000123405,0.000126072,0.00014534,0.000124764,2,A2,A1,B1,A2
meanwhile,ADV,4.06E-06,4.11E-06,3.90E-06,4.16E-06,4.58E-06,4.25E-06,4.70E-06,5.10E-06,6.19E-06,4.56E-06,3.333333333,B1,C1,B1,B1
measure,NOUN,5.19E-05,5.29E-05,5.11E-05,5.10E-05,5.21E-05,5.26E-05,5.42E-05,5.26E-05,5.64E-05,5.27E-05,4,B2,A1,B1,A2
measure,VERB,2.37E-05,2.40E-05,2.29E-05,2.31E-05,2.32E-05,2.37E-05,2.32E-05,2.26E-05,1.93E-05,2.29E-05,2.666666667,B1,B2,B1,B1
measurement,NOUN,3.30E-05,3.43E-05,3.25E-05,3.23E-05,3.26E-05,3.39E-05,3.31E-05,3.20E-05,2.35E-05,3.19E-05,3.333333333,B1,A2,B1,A2
meat,NOUN,2.56E-05,2.57E-05,2.54E-05,2.49E-05,2.64E-05,2.52E-05,2.55E-05,2.59E-05,2.79E-05,2.58E-05,1.333333333,A1,A2,B1,B1
mechanical,ADJ,3.05E-05,3.06E-05,3.02E-05,3.06E-05,2.97E-05,2.98E-05,3.02E-05,2.87E-05,2.63E-05,2.96E-05,2.666666667,B1,A2,B1,B1
mechanism,NOUN,4.13E-05,4.18E-05,4.27E-05,4.07E-05,3.96E-05,4.14E-05,4.03E-05,3.75E-05,2.95E-05,3.94E-05,4.333333333,B2,A2,B1,A2
medal,NOUN,2.22E-06,2.21E-06,2.38E-06,2.13E-06,2.33E-06,2.32E-06,2.30E-06,2.27E-06,2.48E-06,2.29E-06,2.333333333,A2,C2,B1,C1
medical,ADJ,8.98E-05,9.44E-05,9.06E-05,8.80E-05,8.76E-05,8.88E-05,8.60E-05,8.03E-05,6.67E-05,8.58E-05,2.333333333,A2,A2,B1,A2
medicine,NOUN,3.37E-05,3.50E-05,3.52E-05,3.31E-05,3.29E-05,3.20E-05,3.38E-05,3.10E-05,2.85E-05,3.28E-05,2.333333333,A2,A2,B1,A2
medieval,ADJ,2.03E-05,1.86E-05,1.80E-05,1.77E-05,1.74E-05,1.70E-05,1.78E-05,1.68E-05,1.18E-05,1.73E-05,3.666666667,B2,C1,B2,B1
medium,NOUN,3.84E-05,3.83E-05,3.76E-05,3.82E-05,3.67E-05,3.71E-05,3.71E-05,3.52E-05,2.93E-05,3.64E-05,1.666666667,A2,A2,B1,A2
meet,VERB,8.84E-05,9.08E-05,9.14E-05,9.42E-05,9.65E-05,9.80E-05,9.69E-05,9.88E-05,0.000108638,9.60E-05,1.333333333,A1,A2,A2,A1
meeting,NOUN,7.05E-05,7.16E-05,7.02E-05,7.08E-05,7.07E-05,7.25E-05,6.99E-05,6.99E-05,7.21E-05,7.09E-05,2,A2,A2,A2,A2
member,NOUN,9.03E-05,9.17E-05,8.76E-05,8.98E-05,8.31E-05,8.60E-05,8.58E-05,8.15E-05,7.70E-05,8.59E-05,2.333333333,A2,A1,B1,A2
membership,NOUN,2.86E-05,2.84E-05,2.70E-05,2.65E-05,2.44E-05,2.55E-05,2.44E-05,2.33E-05,1.90E-05,2.52E-05,2.333333333,A2,B2,B1,B1
memorial,NOUN,3.65E-06,3.64E-06,3.71E-06,3.83E-06,3.95E-06,3.65E-06,4.15E-06,4.14E-06,4.78E-06,3.94E-06,3.666666667,B2,C2,B1,C1
memory,NOUN,8.61E-05,8.45E-05,8.64E-05,8.88E-05,8.47E-05,8.52E-05,8.37E-05,8.63E-05,8.64E-05,8.58E-05,3.333333333,B1,A1,A2,A2
mend,VERB,1.20E-06,1.21E-06,1.19E-06,1.27E-06,1.43E-06,1.37E-06,1.45E-06,1.60E-06,2.44E-06,1.46E-06,2.666666667,B1,C2,B1,C1
mental,ADJ,6.27E-05,6.35E-05,6.20E-05,6.70E-05,6.50E-05,6.69E-05,7.15E-05,6.79E-05,6.50E-05,6.57E-05,2.666666667,B1,A2,B1,A2
mentally,ADV,9.71E-06,9.70E-06,1.01E-05,9.97E-06,9.70E-06,9.89E-06,9.49E-06,9.45E-06,8.70E-06,9.64E-06,3,B1,C1,B1,A2
mention,NOUN,1.15E-05,1.12E-05,1.10E-05,1.16E-05,1.17E-05,1.14E-05,1.21E-05,1.21E-05,1.33E-05,1.18E-05,1.666666667,A2,B2,B1,A1
mention,VERB,2.17E-05,2.18E-05,2.20E-05,2.29E-05,2.34E-05,2.33E-05,2.37E-05,2.39E-05,2.57E-05,2.31E-05,3,B1,B2,A2,B1
menu,NOUN,2.87E-05,3.47E-05,3.61E-05,3.49E-05,3.23E-05,2.55E-05,2.16E-05,2.34E-05,1.69E-05,2.82E-05,1.333333333,A1,A2,A2,A2
merciless,ADJ,1.05E-06,1.03E-06,1.04E-06,1.09E-06,1.23E-06,1.14E-06,1.17E-06,1.38E-06,1.87E-06,1.22E-06,3.333333333,B1,C2,B1,B2
mere,ADJ,3.23E-05,3.16E-05,3.02E-05,3.29E-05,3.53E-05,3.28E-05,3.69E-05,3.99E-05,5.61E-05,3.64E-05,3.666666667,B2,A2,B1,A1
merely,ADV,6.28E-05,6.07E-05,5.89E-05,6.00E-05,6.07E-05,5.83E-05,6.25E-05,6.53E-05,7.62E-05,6.28E-05,4.333333333,B2,A1,B1,A1
merger,NOUN,8.70E-06,9.08E-06,8.46E-06,9.02E-06,7.80E-06,8.67E-06,7.33E-06,7.22E-06,5.33E-06,7.96E-06,5,C1,C1,B1,A1
merit,NOUN,1.01E-05,1.01E-05,9.57E-06,9.82E-06,1.03E-05,1.01E-05,1.13E-05,1.08E-05,1.44E-05,1.07E-05,4.666666667,C1,C1,B1,A1
mess,NOUN,9.59E-06,9.73E-06,1.07E-05,1.09E-05,1.10E-05,1.14E-05,1.07E-05,1.08E-05,1.05E-05,1.06E-05,1,A1,C1,B1,A1
message,NOUN,7.41E-05,7.95E-05,8.52E-05,8.12E-05,7.65E-05,7.52E-05,6.97E-05,6.96E-05,6.28E-05,7.49E-05,3,B1,A2,A2,A2
metal,NOUN,2.26E-05,2.20E-05,2.17E-05,2.28E-05,2.12E-05,2.12E-05,2.14E-05,2.22E-05,2.19E-05,2.19E-05,2.333333333,A2,B2,B1,B1
method,NOUN,0.000142894,0.000150245,0.000168552,0.00016072,0.000147641,0.000148796,0.00014774,0.000141626,0.000126884,0.000148344,2.333333333,A2,A1,B1,A2
metre,NOUN,1.89E-06,1.72E-06,1.51E-06,1.49E-06,1.66E-06,1.66E-06,1.63E-06,1.79E-06,2.17E-06,1.73E-06,2.333333333,A2,C2,B1,C1
middle,ADJ,5.49E-05,5.35E-05,5.09E-05,5.15E-05,5.01E-05,4.95E-05,4.96E-05,4.77E-05,4.31E-05,5.01E-05,2,A2,A1,B1,A1
middle,NOUN,4.21E-05,4.22E-05,4.30E-05,4.37E-05,4.43E-05,4.39E-05,4.37E-05,4.43E-05,4.60E-05,4.37E-05,1,A1,A1,A2,A2
midnight,NOUN,9.36E-06,9.49E-06,9.35E-06,9.56E-06,1.04E-05,9.94E-06,9.72E-06,1.09E-05,1.37E-05,1.03E-05,1.666666667,A2,C1,A2,A1
might,VERB,0.000394489,0.000397504,0.000396327,0.000404708,0.000415048,0.000402557,0.000414516,0.000433624,0.000483037,0.000415756,2,A2,A1,A2,A1
mild,ADJ,1.50E-05,1.51E-05,1.50E-05,1.43E-05,1.53E-05,1.52E-05,1.49E-05,1.44E-05,1.51E-05,1.49E-05,3,B1,B2,B1,B2
mile,NOUN,1.43E-05,1.44E-05,1.42E-05,1.38E-05,1.53E-05,1.39E-05,1.45E-05,1.61E-05,2.21E-05,1.54E-05,2.333333333,A2,B2,A2,B1
military,ADJ,0.000110105,0.000111277,0.000111344,0.000106064,0.000106526,0.000108291,0.000107654,0.000109592,0.000101003,0.000107984,3,B1,A1,B1,A2
milk,NOUN,3.17E-05,3.05E-05,3.12E-05,3.06E-05,3.07E-05,3.29E-05,3.04E-05,3.20E-05,3.24E-05,3.14E-05,1.333333333,A1,A1,A2,A2
mind,NOUN,0.000163905,0.000162702,0.000167491,0.00018196,0.000186984,0.000182447,0.000193587,0.00020021,0.000247433,0.000187413,2.666666667,B1,A1,A1,A2
mind,VERB,1.97E-05,1.97E-05,2.07E-05,2.12E-05,2.29E-05,2.27E-05,2.22E-05,2.42E-05,2.96E-05,2.25E-05,4,B2,B2,A2,B1
mine,NOUN,1.75E-05,1.71E-05,1.81E-05,1.85E-05,2.04E-05,1.91E-05,1.94E-05,2.19E-05,2.80E-05,2.00E-05,1.333333333,A1,B2,A2,B1
mine,PRON,1.23E-05,1.23E-05,1.29E-05,1.35E-05,1.49E-05,1.46E-05,1.47E-05,1.66E-05,2.17E-05,1.48E-05,1.333333333,A1,B2,A1,A1
miner,NOUN,1.40E-06,1.37E-06,1.44E-06,1.42E-06,1.48E-06,1.38E-06,1.32E-06,1.55E-06,1.97E-06,1.48E-06,3,B1,C2,B1,C1
minimum,ADJ,3.12E-05,3.26E-05,3.13E-05,3.17E-05,2.93E-05,3.05E-05,2.94E-05,2.78E-05,2.15E-05,2.95E-05,1.666666667,A2,B2,B1,B1
minimum,NOUN,1.57E-05,1.60E-05,1.54E-05,1.52E-05,1.46E-05,1.47E-05,1.40E-05,1.36E-05,1.09E-05,1.45E-05,2.666666667,B1,C1,B1,B1
mining,NOUN,1.59E-05,1.54E-05,1.52E-05,1.50E-05,1.45E-05,1.53E-05,1.46E-05,1.41E-05,1.29E-05,1.48E-05,2.666666667,B1,B2,B1,B1
minister,NOUN,2.72E-05,2.85E-05,2.64E-05,2.67E-05,2.70E-05,2.65E-05,2.91E-05,2.91E-05,3.46E-05,2.83E-05,3,B1,A1,B1,A2
ministry,NOUN,1.41E-05,1.48E-05,1.45E-05,1.48E-05,1.52E-05,1.62E-05,1.75E-05,1.53E-05,1.83E-05,1.56E-05,4,B2,B2,B1,B1
minor,ADJ,3.22E-05,3.13E-05,3.17E-05,3.06E-05,2.95E-05,2.97E-05,2.96E-05,2.81E-05,2.83E-05,3.01E-05,3.666666667,B2,B2,B1,B1
minority,NOUN,3.17E-05,3.12E-05,2.91E-05,3.04E-05,2.73E-05,2.84E-05,2.76E-05,2.56E-05,2.13E-05,2.81E-05,2.333333333,A2,B2,B1,A2
minute,NOUN,2.74E-05,2.78E-05,2.92E-05,2.99E-05,3.10E-05,3.11E-05,2.99E-05,3.19E-05,3.69E-05,3.06E-05,2,A2,A1,A2,A2
miracle,NOUN,8.94E-06,8.99E-06,9.08E-06,9.55E-06,9.67E-06,9.80E-06,9.87E-06,1.01E-05,1.15E-05,9.72E-06,2.666666667,B1,C1,B1,A1
mirror,NOUN,2.19E-05,2.12E-05,2.27E-05,2.25E-05,2.30E-05,2.23E-05,2.24E-05,2.18E-05,2.01E-05,2.20E-05,1.666666667,A2,B2,B1,B1
miserable,ADJ,7.29E-06,7.19E-06,7.15E-06,7.82E-06,9.21E-06,8.17E-06,9.11E-06,1.05E-05,1.58E-05,9.14E-06,2.333333333,A2,C1,B1,B2
misery,NOUN,7.42E-06,7.37E-06,7.03E-06,8.05E-06,8.85E-06,7.87E-06,8.98E-06,1.00E-05,1.50E-05,8.96E-06,3.333333333,B1,C1,B1,A1
mislead,VERB,1.25E-06,1.30E-06,1.28E-06,1.32E-06,1.31E-06,1.28E-06,1.34E-06,1.34E-06,1.56E-06,1.33E-06,4.333333333,B2,C2,B1,C1
miss,VERB,1.49E-05,1.50E-05,1.61E-05,1.63E-05,1.66E-05,1.74E-05,1.67E-05,1.67E-05,1.66E-05,1.63E-05,2.333333333,A2,B2,A2,B2
miss,VERB,1.49E-05,1.50E-05,1.61E-05,1.63E-05,1.66E-05,1.74E-05,1.67E-05,1.67E-05,1.66E-05,1.63E-05,2,A2,B2,A2,B2
missile,NOUN,6.33E-06,6.64E-06,6.45E-06,6.63E-06,6.16E-06,6.24E-06,5.16E-06,5.41E-06,4.45E-06,5.94E-06,3.333333333,B1,C1,B1,A1
missing,ADJ,2.34E-06,2.56E-06,2.52E-06,2.53E-06,2.56E-06,2.59E-06,2.41E-06,2.40E-06,2.09E-06,2.44E-06,3.333333333,B1,C2,B1,B2
mission,NOUN,4.15E-05,4.06E-05,4.12E-05,4.32E-05,4.29E-05,4.42E-05,4.41E-05,4.28E-05,4.11E-05,4.24E-05,2.666666667,B1,A1,B1,A2
mistake,NOUN,2.08E-05,2.07E-05,2.12E-05,2.20E-05,2.24E-05,2.19E-05,2.23E-05,2.32E-05,2.70E-05,2.24E-05,1.333333333,A1,B2,B1,B1
misty,ADJ,9.55E-07,9.81E-07,9.47E-07,1.00E-06,1.14E-06,1.06E-06,1.04E-06,1.29E-06,1.86E-06,1.14E-06,4.333333333,B2,C2,B1,B2
mix,NOUN,1.45E-05,1.58E-05,1.54E-05,1.55E-05,1.55E-05,1.59E-05,1.53E-05,1.44E-05,1.11E-05,1.48E-05,1.666666667,A2,B2,B1,B1
mix,VERB,6.94E-06,6.88E-06,7.02E-06,7.10E-06,7.08E-06,6.81E-06,6.61E-06,6.56E-06,6.55E-06,6.84E-06,2.333333333,A2,C1,B1,B2
mixture,NOUN,2.71E-05,2.71E-05,2.57E-05,2.67E-05,2.57E-05,2.56E-05,2.56E-05,2.58E-05,2.34E-05,2.58E-05,2,A2,B2,B1,B1
moan,VERB,4.10E-07,3.98E-07,4.34E-07,4.44E-07,4.83E-07,4.95E-07,4.79E-07,5.04E-07,6.12E-07,4.73E-07,4,B2,C2,B1,C1
mode,NOUN,5.06E-05,5.13E-05,5.45E-05,5.55E-05,5.10E-05,4.89E-05,4.97E-05,4.92E-05,4.76E-05,5.09E-05,3.333333333,B1,A1,B1,A2
model,NOUN,0.000205637,0.000213038,0.000214217,0.000206979,0.000202843,0.000219813,0.000209158,0.000198976,0.000152461,0.000202569,2,A2,A1,B1,A2
modern,ADJ,0.000115568,0.000111048,0.000109449,0.000108779,0.000107324,0.000106559,0.000110321,0.00011173,0.000101392,0.00010913,2.666666667,B1,A1,B1,A2
modest,ADJ,1.57E-05,1.53E-05,1.49E-05,1.46E-05,1.50E-05,1.47E-05,1.47E-05,1.48E-05,1.45E-05,1.49E-05,3.666666667,B2,B2,B1,B2
modification,NOUN,1.32E-05,1.30E-05,1.31E-05,1.30E-05,1.28E-05,1.28E-05,1.28E-05,1.21E-05,1.07E-05,1.26E-05,4.333333333,B2,C1,B1,A1
modify,VERB,1.27E-05,1.40E-05,1.46E-05,1.44E-05,1.27E-05,1.20E-05,1.20E-05,1.16E-05,1.01E-05,1.27E-05,4.333333333,B2,C1,B1,B2
moment,NOUN,0.000125154,0.000125436,0.000128817,0.000133093,0.000146627,0.000141986,0.000144552,0.000161012,0.000199437,0.000145124,2,A2,A1,A1,A2
monetary,ADJ,1.73E-05,1.83E-05,1.68E-05,1.62E-05,1.41E-05,1.50E-05,1.47E-05,1.36E-05,1.03E-05,1.51E-05,4.333333333,B2,C1,B2,B2
money,NOUN,0.00017045,0.000171964,0.000170006,0.00017327,0.000176311,0.000175884,0.00017146,0.000177125,0.000192726,0.000175466,1,A1,A1,A1,A2
monitor,VERB,1.23E-05,1.28E-05,1.32E-05,1.33E-05,1.24E-05,1.28E-05,1.24E-05,1.15E-05,8.84E-06,1.22E-05,3.666666667,B2,C1,B1,B1
monopoly,NOUN,9.79E-06,9.56E-06,9.21E-06,8.58E-06,7.83E-06,7.97E-06,7.92E-06,8.25E-06,7.86E-06,8.55E-06,4.333333333,B2,C1,B1,A1
monster,NOUN,6.51E-06,6.55E-06,6.68E-06,7.03E-06,7.56E-06,7.07E-06,7.45E-06,7.77E-06,8.84E-06,7.27E-06,2,A2,C1,B1,A1
month,NOUN,5.63E-05,5.86E-05,5.74E-05,5.87E-05,5.92E-05,5.93E-05,5.82E-05,5.86E-05,6.20E-05,5.87E-05,1,A1,A1,A2,A2
monthly,ADJ,1.36E-05,1.48E-05,1.39E-05,1.39E-05,1.34E-05,1.37E-05,1.32E-05,1.28E-05,1.12E-05,1.34E-05,2,A2,C1,B1,B2
mood,NOUN,2.21E-05,2.26E-05,2.30E-05,2.25E-05,2.31E-05,2.34E-05,2.30E-05,2.39E-05,2.31E-05,2.30E-05,2.666666667,B1,B2,B1,B1
moral,ADJ,8.81E-05,8.44E-05,8.25E-05,8.40E-05,8.05E-05,8.10E-05,9.05E-05,8.80E-05,9.37E-05,8.59E-05,3.333333333,B1,A2,B2,A2
more,ADV,0.000907177,0.000893939,0.000884413,0.000884618,0.000886962,0.000880306,0.000896015,0.000897828,0.000910631,0.000893543,2.666666667,B1,A1,B1,A1
moreover,ADV,9.07E-06,8.93E-06,8.50E-06,8.85E-06,9.44E-06,8.62E-06,9.81E-06,1.04E-05,1.36E-05,9.69E-06,2.333333333,A2,C1,B1,A2
morning,NOUN,9.47E-05,9.61E-05,0.000100066,0.000103307,0.000113604,0.000110741,0.00011027,0.00012029,0.000154078,0.000111469,1,A1,A1,A1,A2
mortality,NOUN,2.07E-05,2.19E-05,1.91E-05,1.90E-05,1.97E-05,2.02E-05,2.00E-05,1.82E-05,1.54E-05,1.93E-05,4,B2,B2,B1,B1
most,ADV,0.000510087,0.000505357,0.000494716,0.000499356,0.000504974,0.000493894,0.000510198,0.000511257,0.000553778,0.000509291,2,A2,A1,B1,A1
mostly,ADV,3.83E-05,3.86E-05,3.89E-05,3.85E-05,3.89E-05,3.96E-05,3.94E-05,3.84E-05,3.39E-05,3.83E-05,2.666666667,B1,A2,B1,B1
motion,NOUN,5.57E-05,5.71E-05,5.49E-05,5.55E-05,5.66E-05,5.49E-05,5.64E-05,5.61E-05,5.84E-05,5.62E-05,3,B1,A1,B1,A2
motivation,NOUN,1.95E-05,2.08E-05,2.01E-05,1.98E-05,1.98E-05,2.06E-05,2.07E-05,1.97E-05,1.50E-05,1.95E-05,3,B1,B2,B1,B1
motive,NOUN,9.80E-06,9.64E-06,9.39E-06,9.79E-06,1.02E-05,9.75E-06,1.09E-05,1.13E-05,1.49E-05,1.06E-05,3,B1,C1,B1,A1
motor,NOUN,2.99E-05,3.14E-05,2.93E-05,2.92E-05,2.86E-05,2.98E-05,2.88E-05,2.64E-05,2.50E-05,2.87E-05,2.333333333,A2,B2,B1,A2
mount,VERB,3.95E-06,3.96E-06,3.96E-06,4.21E-06,4.23E-06,3.90E-06,3.86E-06,4.12E-06,4.93E-06,4.12E-06,2.333333333,A2,C2,B1,B2
mouse,NOUN,1.80E-05,2.05E-05,2.03E-05,1.95E-05,1.85E-05,1.60E-05,1.62E-05,1.71E-05,1.24E-05,1.76E-05,1.666666667,A2,B2,B1,B1
mouth,NOUN,6.11E-05,6.00E-05,6.30E-05,6.43E-05,6.64E-05,6.67E-05,6.48E-05,6.76E-05,7.52E-05,6.55E-05,1,A1,A2,A1,A2
move,NOUN,2.85E-05,2.88E-05,2.91E-05,2.87E-05,2.78E-05,2.86E-05,2.75E-05,2.74E-05,2.37E-05,2.78E-05,2.333333333,A2,B2,B1,A2
move,VERB,9.13E-05,9.38E-05,9.56E-05,9.64E-05,9.48E-05,9.40E-05,9.13E-05,9.09E-05,8.30E-05,9.23E-05,1,A1,A2,A2,A1
movement,NOUN,0.000131228,0.000126637,0.000126302,0.000121667,0.000121177,0.000121623,0.000120481,0.000118851,0.000107164,0.000121681,2.666666667,B1,A1,B1,A2
movie,NOUN,2.72E-05,2.82E-05,3.41E-05,3.21E-05,3.24E-05,2.84E-05,2.72E-05,2.58E-05,1.89E-05,2.83E-05,1.333333333,A1,A2,A2,A2
much,ADV,0.000191906,0.000189846,0.000190178,0.000192031,0.000196818,0.000192422,0.000197602,0.000204534,0.000230507,0.000198427,1,A1,A1,A2,A2
much,DET,1.81E-07,1.68E-07,1.74E-07,1.83E-07,1.73E-07,1.79E-07,1.79E-07,1.86E-07,2.15E-07,1.82E-07,1.666666667,A2,C2,A1,A2
mud,NOUN,1.10E-05,1.09E-05,1.09E-05,1.09E-05,1.15E-05,1.15E-05,1.10E-05,1.22E-05,1.39E-05,1.15E-05,2.333333333,A2,B2,A2,A1
multiple,ADJ,6.36E-05,6.83E-05,7.28E-05,7.27E-05,6.90E-05,7.21E-05,6.99E-05,6.81E-05,5.27E-05,6.77E-05,3.666666667,B2,A2,B1,A2
mum,NOUN,1.08E-06,1.14E-06,1.22E-06,1.27E-06,1.37E-06,1.76E-06,1.88E-06,2.01E-06,1.75E-06,1.50E-06,1,A1,C2,B1,C1
murder,NOUN,2.76E-05,2.61E-05,2.64E-05,2.77E-05,2.79E-05,2.75E-05,2.74E-05,2.80E-05,2.86E-05,2.75E-05,2.333333333,A2,A2,A2,A2
murder,VERB,9.82E-07,9.19E-07,9.62E-07,1.01E-06,1.13E-06,1.04E-06,1.06E-06,1.22E-06,1.54E-06,1.09E-06,2,A2,C2,B1,C1
murmur,VERB,3.58E-07,3.64E-07,3.61E-07,4.16E-07,4.97E-07,4.37E-07,4.88E-07,6.10E-07,1.01E-06,5.04E-07,3.666666667,B2,C2,B1,C1
muscle,NOUN,3.29E-05,3.33E-05,3.46E-05,2.98E-05,3.33E-05,3.41E-05,3.34E-05,2.77E-05,2.39E-05,3.14E-05,2.333333333,A2,A2,B1,A2
museum,NOUN,1.65E-05,1.67E-05,1.62E-05,1.52E-05,1.48E-05,1.44E-05,1.53E-05,1.63E-05,1.17E-05,1.52E-05,1.333333333,A1,B2,B2,B1
music,NOUN,9.59E-05,9.67E-05,9.94E-05,1.00E-04,0.000104316,0.000105438,9.99E-05,0.000104724,9.72E-05,0.000100393,1,A1,A1,A1,A2
musical,ADJ,2.57E-05,2.62E-05,2.62E-05,2.55E-05,2.69E-05,2.70E-05,2.67E-05,2.75E-05,2.58E-05,2.64E-05,1.666666667,A2,B2,B1,B1
musician,NOUN,4.61E-06,4.77E-06,4.70E-06,4.59E-06,5.03E-06,4.96E-06,4.86E-06,5.31E-06,5.37E-06,4.91E-06,1,A1,C1,B1,C1
must,VERB,0.000565565,0.000570654,0.000560791,0.000572587,0.000573773,0.000554865,0.000565232,0.000587319,0.000686622,0.000581934,1.666666667,A2,A1,B1,A1
mutter,VERB,3.80E-07,3.96E-07,4.10E-07,4.30E-07,4.82E-07,4.59E-07,4.57E-07,5.30E-07,6.46E-07,4.65E-07,4.333333333,B2,C2,B1,C1
mutual,ADJ,2.91E-05,2.87E-05,2.76E-05,2.73E-05,2.64E-05,2.65E-05,2.69E-05,2.61E-05,2.85E-05,2.75E-05,4.666666667,C1,B2,B1,B1
mysteriously,ADV,1.57E-06,1.55E-06,1.55E-06,1.61E-06,1.77E-06,1.65E-06,1.65E-06,1.83E-06,2.24E-06,1.71E-06,3.333333333,B1,C2,B1,A2
mystery,NOUN,1.64E-05,1.60E-05,1.57E-05,1.72E-05,1.80E-05,1.72E-05,1.75E-05,1.85E-05,2.17E-05,1.76E-05,2.666666667,B1,B2,A2,B1
myth,NOUN,1.96E-05,1.76E-05,1.77E-05,1.67E-05,1.66E-05,1.63E-05,1.56E-05,1.54E-05,1.18E-05,1.64E-05,3.333333333,B1,C1,B1,B1
naked,ADJ,1.37E-05,1.34E-05,1.39E-05,1.45E-05,1.52E-05,1.50E-05,1.48E-05,1.58E-05,1.68E-05,1.48E-05,2.666666667,B1,B2,B1,B2
name,NOUN,0.000226492,0.000234575,0.000243194,0.000250928,0.000238991,0.000226648,0.000230499,0.000234649,0.000259574,0.000238395,1,A1,A1,A1,A2
name,VERB,1.12E-05,1.18E-05,1.17E-05,1.20E-05,1.19E-05,1.12E-05,1.13E-05,1.13E-05,1.16E-05,1.16E-05,1,A1,C1,B1,B1
namely,ADV,2.75E-05,2.66E-05,2.62E-05,2.73E-05,2.64E-05,2.73E-05,2.84E-05,2.81E-05,2.83E-05,2.73E-05,3.333333333,B1,B2,B1,B1
narrow,ADJ,3.61E-05,3.55E-05,3.47E-05,3.48E-05,3.56E-05,3.47E-05,3.45E-05,3.67E-05,4.15E-05,3.60E-05,2,A2,A2,A2,A1
nasty,ADJ,4.60E-06,4.54E-06,4.86E-06,5.00E-06,5.14E-06,5.24E-06,5.01E-06,5.08E-06,4.98E-06,4.94E-06,3,B1,C1,B1,B2
nation,NOUN,7.37E-05,7.11E-05,7.07E-05,7.23E-05,7.21E-05,7.11E-05,7.32E-05,7.62E-05,8.02E-05,7.34E-05,1.666666667,A2,A1,B1,A2
national,ADJ,0.000168733,0.000165372,0.000160366,0.000156332,0.000149589,0.000155479,0.000153919,0.000150444,0.000129509,0.000154416,2.666666667,B1,A1,B1,A2
native,ADJ,3.85E-05,3.66E-05,3.58E-05,3.60E-05,3.57E-05,3.55E-05,3.72E-05,3.90E-05,4.36E-05,3.76E-05,3,B1,A2,B1,A1
natural,ADJ,0.000145147,0.000141174,0.000139079,0.000140176,0.000137414,0.00013768,0.000141684,0.000140135,0.000146389,0.000140986,2.333333333,A2,A1,B1,A2
naturally,ADV,2.64E-05,2.58E-05,2.54E-05,2.67E-05,2.77E-05,2.66E-05,2.90E-05,3.01E-05,3.76E-05,2.84E-05,3,B1,B1,B1,B1
nature,NOUN,0.000206244,0.000197316,0.000195808,0.000202074,0.0001987,0.000196934,0.000208509,0.00020489,0.000225924,0.000204044,1.666666667,A2,A1,B1,A2
naval,ADJ,1.14E-05,1.23E-05,1.12E-05,1.05E-05,1.12E-05,1.02E-05,1.11E-05,1.19E-05,1.21E-05,1.13E-05,4,B2,C1,B1,B2
near,ADJ,2.63E-05,2.61E-05,2.57E-05,2.64E-05,2.77E-05,2.69E-05,2.70E-05,2.81E-05,3.23E-05,2.74E-05,1.333333333,A1,B2,A2,B1
near,ADP,9.52E-05,9.44E-05,9.33E-05,9.36E-05,9.72E-05,9.25E-05,9.44E-05,9.98E-05,0.000118853,9.77E-05,1.666666667,A2,A1,A2,A2
near,ADV,8.90E-07,8.78E-07,9.11E-07,9.80E-07,1.13E-06,1.05E-06,1.09E-06,1.29E-06,1.98E-06,1.13E-06,2,A2,C2,B1,A2
nearby,ADJ,1.68E-05,1.69E-05,1.70E-05,1.66E-05,1.61E-05,1.61E-05,1.54E-05,1.47E-05,1.12E-05,1.57E-05,2.666666667,B1,C1,B1,B2
nearly,ADV,7.02E-05,7.13E-05,6.94E-05,7.07E-05,7.42E-05,7.20E-05,7.42E-05,7.88E-05,9.76E-05,7.54E-05,2.666666667,B1,A2,A2,A1
neat,ADJ,7.16E-06,6.91E-06,7.02E-06,6.97E-06,7.27E-06,7.20E-06,7.05E-06,7.56E-06,9.00E-06,7.35E-06,2.333333333,A2,C1,B1,B2
necessary,ADJ,0.000172299,0.00017195,0.000169463,0.00017054,0.00016576,0.000164343,0.000166424,0.000165575,0.000180878,0.000169692,2.333333333,A2,A1,A2,A2
necessity,NOUN,2.58E-05,2.53E-05,2.40E-05,2.51E-05,2.54E-05,2.50E-05,2.84E-05,2.91E-05,3.99E-05,2.75E-05,3.666666667,B2,A2,B1,A2
neck,NOUN,3.57E-05,3.51E-05,3.70E-05,3.84E-05,3.89E-05,3.91E-05,3.76E-05,3.86E-05,4.35E-05,3.82E-05,2,A2,A1,A2,A2
need,NOUN,0.000131984,0.000130987,0.000130994,0.000129317,0.000125791,0.000129176,0.000125508,0.000123665,0.0001081,0.000126169,2.333333333,A2,A1,A2,A2
need,VERB,0.000248399,0.000257134,0.000275796,0.000278722,0.000268295,0.000273956,0.000268126,0.000262934,0.000235683,0.000263227,1.666666667,A2,A1,A1,A1
need,VERB,0.000248399,0.000257134,0.000275796,0.000278722,0.000268295,0.000273956,0.000268126,0.000262934,0.000235683,0.000263227,1.666666667,A2,A1,A1,A1
needle,NOUN,1.20E-05,1.27E-05,1.26E-05,1.19E-05,1.32E-05,1.22E-05,1.27E-05,1.24E-05,1.18E-05,1.24E-05,3.666666667,B2,C1,B1,A1
negative,ADJ,8.45E-05,8.67E-05,8.40E-05,8.22E-05,8.33E-05,8.44E-05,8.48E-05,8.07E-05,6.62E-05,8.19E-05,2,A2,A2,B1,A2
negotiate,VERB,1.02E-05,1.05E-05,1.03E-05,9.98E-06,9.62E-06,9.97E-06,9.97E-06,9.53E-06,7.82E-06,9.77E-06,3,B1,C1,B1,B1
negotiation,NOUN,1.14E-05,1.22E-05,1.16E-05,1.16E-05,1.08E-05,1.13E-05,1.20E-05,1.10E-05,9.68E-06,1.13E-05,4.666666667,C1,C1,B2,A1
neighbour,NOUN,3.48E-06,3.33E-06,3.19E-06,3.66E-06,4.22E-06,3.60E-06,4.29E-06,4.70E-06,6.93E-06,4.16E-06,1.666666667,A2,C1,B1,C1
neighbourhood,NOUN,3.41E-06,3.30E-06,2.91E-06,3.64E-06,4.20E-06,3.64E-06,4.85E-06,5.60E-06,9.87E-06,4.60E-06,1.333333333,A1,C1,B1,C1
nerve,NOUN,2.51E-05,2.32E-05,2.62E-05,2.41E-05,2.35E-05,2.52E-05,2.51E-05,2.15E-05,2.02E-05,2.38E-05,4.333333333,B2,B2,B1,B1
nervous,ADJ,2.50E-05,2.50E-05,2.59E-05,2.55E-05,2.70E-05,2.67E-05,2.65E-05,2.56E-05,2.74E-05,2.61E-05,2.333333333,A2,B2,B1,B1
nest,NOUN,8.53E-06,8.25E-06,8.06E-06,8.10E-06,8.23E-06,8.35E-06,8.28E-06,9.07E-06,1.20E-05,8.76E-06,4,B2,C1,B1,A1
net,ADJ,3.84E-05,3.96E-05,3.68E-05,3.54E-05,3.47E-05,3.69E-05,3.60E-05,3.51E-05,3.02E-05,3.59E-05,3.333333333,B1,A2,B1,B1
net,NOUN,4.68E-06,4.66E-06,4.47E-06,4.59E-06,4.32E-06,4.48E-06,4.34E-06,4.20E-06,3.94E-06,4.41E-06,3,B1,C2,B1,C1
network,NOUN,9.88E-05,9.91E-05,0.000114149,0.000110599,9.12E-05,9.27E-05,8.54E-05,8.44E-05,6.46E-05,9.34E-05,2.333333333,A2,A2,A2,A2
networking,NOUN,3.84E-06,3.90E-06,4.46E-06,4.19E-06,3.47E-06,3.63E-06,3.38E-06,3.49E-06,3.35E-06,3.75E-06,4,B2,C2,B1,C1
neutral,ADJ,2.05E-05,2.07E-05,2.07E-05,1.97E-05,1.94E-05,1.96E-05,1.99E-05,1.89E-05,1.72E-05,1.96E-05,3.333333333,B1,B2,B1,B1
never,ADV,0.000328398,0.000327825,0.000336144,0.000348722,0.000369329,0.000361659,0.00036509,0.000390635,0.000474036,0.000366871,1.333333333,A1,A1,A1,A1
nevertheless,ADV,2.09E-05,1.95E-05,1.92E-05,1.91E-05,1.98E-05,1.89E-05,2.00E-05,2.07E-05,2.27E-05,2.01E-05,3.333333333,B1,B2,B1,B1
new,ADJ,0.000685156,0.000690422,0.000698769,0.000685384,0.00067104,0.000668184,0.000662312,0.000653096,0.000596748,0.000667901,1,A1,A1,A2,B1
news,NOUN,6.65E-05,6.55E-05,6.68E-05,6.86E-05,7.15E-05,7.10E-05,6.95E-05,7.29E-05,7.09E-05,6.92E-05,1.333333333,A1,A2,A2,A2
newspaper,NOUN,3.23E-05,3.23E-05,3.14E-05,3.05E-05,3.15E-05,3.11E-05,3.02E-05,3.10E-05,2.81E-05,3.09E-05,1.333333333,A1,A2,A2,A2
nice,ADJ,3.11E-05,3.10E-05,3.46E-05,3.51E-05,3.60E-05,3.80E-05,3.56E-05,3.62E-05,3.81E-05,3.51E-05,1.333333333,A1,A2,A2,B1
niece,NOUN,3.29E-06,3.21E-06,3.13E-06,3.34E-06,3.97E-06,3.70E-06,3.88E-06,4.27E-06,6.02E-06,3.87E-06,1.333333333,A1,C1,B1,C1
night,NOUN,0.000159166,0.000161461,0.000167549,0.000172806,0.000186901,0.000183309,0.000179544,0.000196779,0.000241097,0.000183179,1,A1,A1,A1,A2
nightmare,NOUN,5.35E-06,5.40E-06,5.61E-06,5.58E-06,5.59E-06,5.69E-06,5.34E-06,5.50E-06,5.06E-06,5.46E-06,2.666666667,B1,C1,B1,A1
no,ADV,4.57E-05,4.52E-05,4.47E-05,4.55E-05,4.67E-05,4.48E-05,4.64E-05,4.81E-05,5.39E-05,4.68E-05,1,A1,A1,B1,A1
no,DET,0.00095087,0.000948813,0.000943868,0.000969922,0.000995095,0.000966227,0.000997399,0.001033376,0.001207493,0.001001451,1,A1,A1,A1,B1
no,NOUN,1.15E-06,1.31E-06,1.26E-06,1.13E-06,1.13E-06,1.29E-06,1.21E-06,1.14E-06,1.00E-06,1.18E-06,1,A1,C2,B1,C1
noise,NOUN,3.66E-05,3.75E-05,3.76E-05,3.75E-05,4.04E-05,4.00E-05,3.68E-05,3.86E-05,3.75E-05,3.81E-05,1.666666667,A2,A1,A2,A2
nonsense,NOUN,4.77E-06,4.54E-06,4.58E-06,4.58E-06,5.30E-06,4.91E-06,5.12E-06,5.79E-06,7.59E-06,5.24E-06,3.333333333,B1,C1,B1,A1
norm,NOUN,1.13E-05,1.11E-05,1.10E-05,1.04E-05,9.85E-06,1.05E-05,1.02E-05,1.01E-05,7.32E-06,1.02E-05,4.333333333,B2,C1,B1,A1
normal,ADJ,0.000103648,0.000104529,0.000104182,9.92E-05,9.92E-05,0.000100037,9.63E-05,9.02E-05,7.28E-05,9.67E-05,2.333333333,A2,A1,A2,A2
normally,ADV,3.63E-05,3.59E-05,3.61E-05,3.46E-05,3.31E-05,3.32E-05,3.17E-05,2.98E-05,2.23E-05,3.26E-05,1.666666667,A2,B1,B1,B1
north,NOUN,2.07E-05,2.00E-05,1.97E-05,1.91E-05,1.91E-05,1.80E-05,1.84E-05,1.95E-05,2.12E-05,1.95E-05,2.333333333,A2,B2,B1,B1
northern,ADJ,3.70E-05,3.58E-05,3.46E-05,3.32E-05,3.30E-05,3.23E-05,3.19E-05,3.28E-05,3.02E-05,3.34E-05,2,A2,A2,B1,B1
nose,NOUN,2.57E-05,2.46E-05,2.61E-05,2.68E-05,2.71E-05,2.76E-05,2.57E-05,2.68E-05,2.93E-05,2.66E-05,1,A1,A2,A2,A2
not,ADV,0.004644011,0.004646666,0.004736226,0.004804749,0.004870748,0.004867193,0.004882463,0.00498578,0.005353049,0.004865654,1,A1,A1,A1,B1
notable,ADJ,1.19E-05,1.13E-05,1.13E-05,1.10E-05,1.11E-05,1.12E-05,1.16E-05,1.17E-05,1.07E-05,1.13E-05,3,B1,C1,B1,B2
notably,ADV,1.44E-05,1.33E-05,1.36E-05,1.27E-05,1.26E-05,1.30E-05,1.28E-05,1.29E-05,1.02E-05,1.28E-05,5,C1,B2,B1,A2
note,NOUN,4.85E-05,4.89E-05,4.85E-05,4.88E-05,5.19E-05,4.94E-05,5.04E-05,5.20E-05,5.85E-05,5.08E-05,2.333333333,A2,A1,A2,A2
note,VERB,4.18E-05,4.03E-05,4.07E-05,4.06E-05,3.81E-05,3.85E-05,3.94E-05,3.86E-05,3.34E-05,3.90E-05,2,A2,A2,B1,A1
notice,NOUN,3.25E-05,3.53E-05,3.24E-05,3.17E-05,3.34E-05,3.22E-05,3.43E-05,3.35E-05,4.04E-05,3.40E-05,3.333333333,B1,A1,B1,A2
notice,VERB,1.91E-05,1.95E-05,2.08E-05,2.13E-05,2.14E-05,2.11E-05,2.12E-05,2.15E-05,2.27E-05,2.10E-05,3,B1,B2,A2,B1
notion,NOUN,5.23E-05,4.98E-05,4.97E-05,4.74E-05,4.72E-05,4.83E-05,4.94E-05,4.83E-05,4.32E-05,4.84E-05,3.333333333,B1,A1,B1,A2
novel,NOUN,3.79E-05,3.41E-05,3.34E-05,3.15E-05,3.28E-05,3.29E-05,3.29E-05,3.49E-05,2.63E-05,3.30E-05,2,A2,A2,B1,A2
now,ADV,0.000501504,0.000504787,0.000512231,0.00052411,0.000552914,0.000536059,0.000546622,0.000579378,0.000705271,0.000551431,1,A1,A1,A1,A1
nowadays,ADV,4.07E-06,3.95E-06,3.80E-06,4.10E-06,4.20E-06,4.17E-06,4.27E-06,4.62E-06,5.02E-06,4.24E-06,2.333333333,A2,C2,B1,A2
nowhere,ADV,1.14E-05,1.12E-05,1.18E-05,1.21E-05,1.21E-05,1.21E-05,1.23E-05,1.24E-05,1.27E-05,1.20E-05,1.5,A2,B2,B1,A2
nuclear,ADJ,4.12E-05,3.97E-05,3.69E-05,3.66E-05,3.71E-05,3.71E-05,3.64E-05,3.87E-05,2.86E-05,3.69E-05,3.333333333,B1,A2,B1,B1
number,NOUN,0.000419982,0.000427686,0.000424744,0.000417003,0.000403692,0.000403619,0.000393298,0.000383473,0.000345666,0.000402129,1,A1,A1,A2,A2
numerous,ADJ,4.60E-05,4.59E-05,4.50E-05,4.55E-05,4.54E-05,4.47E-05,4.65E-05,4.65E-05,4.93E-05,4.61E-05,4,B2,A2,B1,A1
nurse,NOUN,2.32E-05,2.55E-05,2.48E-05,2.62E-05,2.39E-05,2.61E-05,2.53E-05,2.33E-05,2.38E-05,2.47E-05,1,A1,B2,B1,B1
nursery,NOUN,5.74E-06,4.83E-06,4.56E-06,4.89E-06,5.11E-06,4.69E-06,4.57E-06,4.98E-06,5.53E-06,4.99E-06,3.666666667,B2,C1,B1,A1
nut,NOUN,4.01E-06,3.84E-06,3.93E-06,4.22E-06,4.61E-06,4.11E-06,3.86E-06,4.17E-06,5.08E-06,4.20E-06,2.333333333,A2,C2,B1,C1
oak,NOUN,7.74E-06,7.49E-06,7.54E-06,7.94E-06,8.04E-06,7.83E-06,7.50E-06,8.08E-06,1.03E-05,8.05E-06,3.333333333,B1,C1,B1,A1
object,NOUN,0.00012033,0.000119017,0.000139231,0.000127957,0.000114879,0.00010764,0.000108887,0.000110132,0.000114744,0.000118091,1.666666667,A2,A1,A2,A2
object,VERB,6.35E-06,6.55E-06,7.12E-06,6.83E-06,6.45E-06,6.10E-06,6.23E-06,6.25E-06,7.15E-06,6.56E-06,2,A2,C1,B1,B2
objection,NOUN,9.93E-06,9.70E-06,9.33E-06,9.72E-06,9.67E-06,9.21E-06,1.09E-05,1.10E-05,1.49E-05,1.05E-05,4.333333333,B2,C1,B1,A1
objective,ADJ,2.61E-05,2.60E-05,2.61E-05,2.53E-05,2.49E-05,2.57E-05,2.57E-05,2.49E-05,2.00E-05,2.50E-05,2.666666667,B1,B2,B1,B1
objective,NOUN,2.27E-05,2.27E-05,2.28E-05,2.21E-05,2.14E-05,2.25E-05,2.17E-05,2.09E-05,1.59E-05,2.14E-05,3.333333333,B1,B2,B1,B1
obligation,NOUN,2.25E-05,2.30E-05,2.18E-05,2.18E-05,2.08E-05,2.18E-05,2.32E-05,2.17E-05,2.11E-05,2.20E-05,3.666666667,B2,B2,B2,B1
observation,NOUN,3.51E-05,3.40E-05,3.34E-05,3.37E-05,3.36E-05,3.39E-05,3.43E-05,3.44E-05,3.50E-05,3.42E-05,2.666666667,B1,A1,B1,A2
observe,VERB,2.36E-05,2.35E-05,2.28E-05,2.40E-05,2.42E-05,2.41E-05,2.48E-05,2.54E-05,2.89E-05,2.46E-05,3,B1,B2,B1,B1
observer,NOUN,1.17E-05,1.12E-05,1.12E-05,1.07E-05,1.07E-05,1.04E-05,1.06E-05,1.08E-05,1.05E-05,1.09E-05,4,B2,C1,B1,A1
obsessive,ADJ,3.14E-06,3.47E-06,3.20E-06,2.95E-06,3.03E-06,3.34E-06,2.89E-06,2.88E-06,2.11E-06,3.00E-06,4,B2,C2,B1,B2
obtain,VERB,5.21E-05,5.37E-05,5.17E-05,5.21E-05,4.99E-05,5.07E-05,5.04E-05,4.96E-05,5.00E-05,5.11E-05,3.333333333,B1,A2,B1,A1
obvious,ADJ,5.49E-05,5.37E-05,5.41E-05,5.34E-05,5.17E-05,5.20E-05,5.11E-05,5.04E-05,4.49E-05,5.18E-05,2.666666667,B1,A1,B1,A1
obviously,ADV,3.17E-05,3.08E-05,3.13E-05,3.09E-05,3.00E-05,3.02E-05,2.94E-05,2.90E-05,2.48E-05,2.98E-05,3,B1,B1,B1,B1
occasion,NOUN,3.05E-05,2.95E-05,2.79E-05,3.03E-05,3.28E-05,3.05E-05,3.52E-05,3.62E-05,5.24E-05,3.39E-05,3,B1,A2,B1,A2
occasional,ADJ,1.53E-05,1.52E-05,1.48E-05,1.44E-05,1.50E-05,1.46E-05,1.47E-05,1.49E-05,1.62E-05,1.50E-05,3.333333333,B1,B2,B1,B2
occasionally,ADV,2.41E-05,2.40E-05,2.31E-05,2.29E-05,2.38E-05,2.28E-05,2.31E-05,2.36E-05,2.71E-05,2.38E-05,2.666666667,B1,B1,B1,B1
occupation,NOUN,2.08E-05,2.02E-05,1.92E-05,1.99E-05,1.94E-05,1.96E-05,2.01E-05,2.14E-05,2.15E-05,2.02E-05,2.333333333,A2,B2,B1,B1
occupy,VERB,1.07E-05,1.05E-05,1.02E-05,1.03E-05,1.05E-05,1.02E-05,1.06E-05,1.08E-05,1.33E-05,1.08E-05,3.666666667,B2,B2,B1,B1
occur,VERB,8.64E-05,8.77E-05,8.45E-05,8.14E-05,8.08E-05,7.99E-05,7.70E-05,7.28E-05,6.18E-05,7.91E-05,4,B2,A2,B1,A1
odd,ADJ,1.80E-05,1.83E-05,1.84E-05,1.84E-05,1.90E-05,1.87E-05,1.83E-05,1.91E-05,1.98E-05,1.87E-05,3,B1,B2,B1,B1
odds,NOUN,1.08E-05,1.08E-05,1.05E-05,1.08E-05,1.11E-05,1.12E-05,1.10E-05,1.08E-05,1.00E-05,1.08E-05,4.333333333,B2,C1,B1,A1
odour,NOUN,1.01E-06,1.03E-06,9.39E-07,9.98E-07,1.19E-06,1.09E-06,1.13E-06,1.42E-06,2.20E-06,1.22E-06,3.333333333,B1,C2,B1,C1
of,ADP,0.029153533,0.028769356,0.028312684,0.028370015,0.028333054,0.028206017,0.028671921,0.028570649,0.029328105,0.028635037,2.333333333,A2,A1,A2,B1
off,ADP,6.62E-05,6.69E-05,7.06E-05,7.16E-05,7.23E-05,7.29E-05,6.97E-05,7.13E-05,7.33E-05,7.05E-05,2,A2,A2,A2,A2
off,ADV,6.15E-06,6.34E-06,6.71E-06,6.86E-06,7.05E-06,6.98E-06,6.61E-06,7.07E-06,7.77E-06,6.84E-06,1.666666667,A2,C1,B1,B1
offender,NOUN,5.30E-06,5.69E-06,5.66E-06,5.30E-06,5.33E-06,5.19E-06,5.15E-06,4.99E-06,5.66E-06,5.36E-06,4.333333333,B2,C1,B1,A1
offer,NOUN,2.21E-05,2.41E-05,2.22E-05,2.30E-05,2.26E-05,2.24E-05,2.33E-05,2.30E-05,2.25E-05,2.28E-05,2.333333333,A2,B2,B1,B1
offer,VERB,6.51E-05,6.58E-05,6.60E-05,6.46E-05,6.38E-05,6.49E-05,6.39E-05,6.32E-05,5.89E-05,6.40E-05,2.666666667,B1,A2,B1,A1
office,NOUN,0.00011525,0.000115602,0.000115624,0.000116228,0.000114329,0.000113975,0.000112119,0.000109191,0.000115944,0.000114251,2,A2,A1,A2,A2
official,ADJ,4.76E-05,4.63E-05,4.61E-05,4.50E-05,4.33E-05,4.38E-05,4.33E-05,4.33E-05,3.92E-05,4.42E-05,2.333333333,A2,A2,B1,A1
official,NOUN,1.03E-05,1.05E-05,1.02E-05,1.02E-05,9.94E-06,9.90E-06,9.69E-06,9.83E-06,8.70E-06,9.93E-06,3,B1,C1,B1,A1
officially,ADV,1.04E-05,1.03E-05,1.04E-05,1.03E-05,9.88E-06,1.02E-05,9.93E-06,9.88E-06,8.47E-06,9.98E-06,2.666666667,B1,C1,B1,A2
often,ADV,0.000357077,0.000355686,0.000351447,0.000347285,0.000346306,0.000347118,0.000344826,0.000341011,0.000328197,0.000346551,1.666666667,A2,A1,A2,A1
oil,NOUN,7.04E-05,7.08E-05,7.01E-05,6.84E-05,7.18E-05,7.35E-05,7.18E-05,7.06E-05,6.62E-05,7.04E-05,2,A2,A2,A2,A2
ok,ADV,2.23E-09,2.73E-09,4.39E-09,4.84E-09,6.05E-09,5.82E-09,4.77E-09,4.50E-09,5.13E-09,4.50E-09,1.333333333,A1,C2,B1,B2
old,ADJ,0.000294051,0.000292874,0.000291389,0.000297432,0.000319239,0.000308226,0.000308632,0.000338717,0.000426097,0.000319628,1,A1,A1,A1,A2
olive,ADJ,7.91E-06,7.68E-06,7.98E-06,8.26E-06,8.77E-06,8.28E-06,8.62E-06,8.25E-06,7.81E-06,8.17E-06,1.666666667,A2,C1,B1,B2
omit,VERB,2.73E-06,2.82E-06,2.76E-06,2.80E-06,2.83E-06,2.74E-06,2.86E-06,2.85E-06,3.82E-06,2.91E-06,3,B1,C2,B1,B2
on,ADP,0.004520325,0.004534077,0.004553982,0.004549374,0.004533911,0.004554077,0.004510928,0.004505971,0.004415014,0.00451974,1,A1,A1,A1,B1
on,ADV,2.92E-05,2.88E-05,3.01E-05,3.01E-05,2.91E-05,2.87E-05,2.78E-05,2.75E-05,2.46E-05,2.84E-05,1.333333333,A1,B2,B1,B1
once,ADV,0.000169842,0.000170546,0.000169431,0.000175384,0.000189227,0.000179104,0.000185658,0.00020292,0.000256373,0.000188721,2.666666667,B1,A1,A2,A2
one,NOUN,0.000102108,0.000101656,0.00010427,0.000108434,0.000111903,0.000110783,0.000111227,0.000116315,0.000130405,0.000110789,1,A1,A1,A1,A2
one,NOUN,0.000102108,0.000101656,0.00010427,0.000108434,0.000111903,0.000110783,0.000111227,0.000116315,0.000130405,0.000110789,1,A1,A1,A1,A2
one,PRON,0.000157279,0.000151448,0.000147385,0.000147664,0.000148251,0.000147779,0.000149797,0.000149195,0.00014368,0.000149164,1,A1,A1,A1,A2
only,ADJ,0.00019651,0.000194313,0.000197695,0.000198888,0.000198335,0.000196783,0.000196498,0.000199123,0.000205454,0.000198178,1,A1,A1,A2,A2
only,ADV,0.000861935,0.000853541,0.000849488,0.000852439,0.0008489,0.000837853,0.00084542,0.00085496,0.000884539,0.000854342,1.666666667,A2,A1,A2,A1
onto,ADP,5.92E-05,6.01E-05,6.37E-05,6.35E-05,6.11E-05,6.33E-05,5.97E-05,5.78E-05,4.46E-05,5.92E-05,2.666666667,B1,A1,A2,A2
open,ADJ,0.00015413,0.000155552,0.000156072,0.000156444,0.000156782,0.000156693,0.000153104,0.000157964,0.000163327,0.000156674,1,A1,A1,A1,A2
open,VERB,3.55E-05,3.81E-05,3.91E-05,4.07E-05,3.97E-05,3.72E-05,3.62E-05,3.87E-05,3.77E-05,3.81E-05,1.333333333,A1,A2,A2,A1
opening,NOUN,1.96E-05,1.94E-05,1.95E-05,1.95E-05,2.00E-05,1.94E-05,1.97E-05,2.04E-05,2.20E-05,1.99E-05,2.333333333,A2,B2,B1,B1
opera,NOUN,1.13E-05,1.04E-05,1.06E-05,9.56E-06,1.07E-05,1.11E-05,1.11E-05,1.17E-05,1.08E-05,1.08E-05,2,A2,C1,B1,A1
operate,VERB,2.98E-05,2.99E-05,2.99E-05,2.91E-05,2.73E-05,2.76E-05,2.65E-05,2.59E-05,2.21E-05,2.76E-05,2.333333333,A2,B2,B1,B1
operation,NOUN,7.67E-05,7.72E-05,7.58E-05,7.55E-05,7.07E-05,6.94E-05,6.66E-05,6.55E-05,6.30E-05,7.12E-05,2,A2,A2,A2,A2
operator,NOUN,2.17E-05,2.33E-05,2.41E-05,2.20E-05,2.12E-05,2.10E-05,1.82E-05,1.69E-05,1.47E-05,2.03E-05,2.666666667,B1,B2,A2,B1
opinion,NOUN,6.68E-05,6.60E-05,6.38E-05,6.52E-05,6.59E-05,6.35E-05,7.02E-05,7.09E-05,8.84E-05,6.90E-05,1.666666667,A2,A2,B1,A2
opponent,NOUN,9.07E-06,8.74E-06,8.97E-06,9.31E-06,9.64E-06,9.29E-06,9.23E-06,9.20E-06,9.22E-06,9.18E-06,3.666666667,B2,C1,B1,A1
opportunity,NOUN,7.38E-05,7.51E-05,7.39E-05,7.45E-05,7.61E-05,7.67E-05,7.79E-05,7.80E-05,7.84E-05,7.61E-05,2.333333333,A2,A1,B1,A2
oppose,VERB,7.41E-06,7.40E-06,7.21E-06,7.23E-06,7.44E-06,7.07E-06,7.73E-06,7.58E-06,8.94E-06,7.56E-06,4,B2,C1,B1,B2
opposite,ADJ,4.18E-05,4.12E-05,4.09E-05,4.10E-05,4.25E-05,4.11E-05,4.19E-05,4.34E-05,4.86E-05,4.25E-05,2.666666667,B1,A1,A2,A1
opposition,NOUN,4.23E-05,4.07E-05,4.01E-05,3.80E-05,3.73E-05,3.67E-05,3.82E-05,3.74E-05,3.76E-05,3.87E-05,4,B2,A2,B1,A2
opt,VERB,2.85E-06,2.89E-06,3.09E-06,2.83E-06,2.67E-06,2.77E-06,2.68E-06,2.59E-06,2.03E-06,2.71E-06,4,B2,C2,B1,B2
option,NOUN,4.86E-05,5.37E-05,5.49E-05,5.60E-05,4.91E-05,4.82E-05,4.71E-05,4.84E-05,3.61E-05,4.91E-05,3,B1,A1,B1,A2
or,CONJ,0.003773724,0.003828713,0.003765928,0.00379704,0.003749105,0.003714477,0.003701162,0.003643272,0.003610555,0.003731553,1.333333333,A1,A1,A1,B1
oral,ADJ,3.20E-05,3.17E-05,3.20E-05,3.13E-05,3.07E-05,3.01E-05,2.88E-05,2.61E-05,2.10E-05,2.93E-05,2.666666667,B1,B2,B1,B1
orange,NOUN,5.03E-06,4.98E-06,4.89E-06,4.80E-06,5.01E-06,4.86E-06,4.70E-06,4.85E-06,4.91E-06,4.89E-06,1,A1,C2,B1,C1
orchestra,NOUN,5.50E-06,5.08E-06,5.63E-06,4.80E-06,5.60E-06,5.67E-06,5.14E-06,5.85E-06,5.37E-06,5.40E-06,3.666666667,B2,C1,B1,A1
orchestral,ADJ,1.37E-06,1.15E-06,1.53E-06,1.17E-06,1.38E-06,1.39E-06,1.39E-06,1.61E-06,1.24E-06,1.36E-06,3,B1,C2,B1,B2
order,NOUN,0.000321608,0.000322916,0.000319032,0.000317482,0.000311841,0.000315967,0.000316912,0.00031314,0.000306027,0.000316103,2.333333333,A2,A1,A2,A2
order,VERB,1.09E-05,1.09E-05,1.09E-05,1.06E-05,1.07E-05,1.05E-05,1.05E-05,1.02E-05,1.10E-05,1.07E-05,3,B1,C1,B1,B1
ordinary,ADJ,4.24E-05,4.08E-05,4.02E-05,4.13E-05,4.09E-05,3.99E-05,4.29E-05,4.52E-05,5.63E-05,4.33E-05,3.333333333,B1,A2,B1,A1
organ,NOUN,1.24E-05,1.28E-05,1.22E-05,1.22E-05,1.21E-05,1.21E-05,1.28E-05,1.24E-05,1.39E-05,1.25E-05,2,A2,B2,B1,A1
organic,ADJ,3.07E-05,3.04E-05,2.76E-05,2.91E-05,2.89E-05,2.93E-05,2.99E-05,2.95E-05,2.58E-05,2.90E-05,3,B1,B2,B1,B1
organization,NOUN,0.000108317,0.000114585,0.000112849,0.000112342,0.000106152,0.000114131,0.00010895,0.000106852,9.10E-05,0.000108354,2,A2,A1,B1,A2
organize,VERB,1.37E-05,1.41E-05,1.38E-05,1.34E-05,1.31E-05,1.32E-05,1.27E-05,1.25E-05,1.05E-05,1.30E-05,2.333333333,A2,B2,B1,B2
origin,NOUN,4.52E-05,4.45E-05,4.36E-05,4.47E-05,4.38E-05,4.33E-05,4.42E-05,4.33E-05,4.30E-05,4.40E-05,3.333333333,B1,A1,B1,A2
original,ADJ,0.000107555,0.000107835,0.000107776,0.0001058,0.000103702,0.000102716,0.000104018,0.000101962,0.000107447,0.000105423,2.333333333,A2,A1,A2,A2
originally,ADV,3.02E-05,2.96E-05,2.91E-05,2.87E-05,2.80E-05,2.79E-05,2.84E-05,2.80E-05,2.64E-05,2.85E-05,3,B1,B1,B1,B1
other,ADJ,0.001341483,0.001341224,0.001331612,0.001331538,0.001322393,0.001319813,0.001319688,0.001313068,0.001311541,0.001325818,1.666666667,A2,A1,A1,A1
otherwise,ADV,6.35E-05,6.44E-05,6.32E-05,6.44E-05,6.27E-05,6.24E-05,6.40E-05,6.36E-05,6.63E-05,6.38E-05,2.666666667,B1,A2,B1,A1
ought,VERB,3.11E-05,3.02E-05,2.83E-05,3.10E-05,3.54E-05,3.12E-05,3.70E-05,4.23E-05,7.06E-05,3.75E-05,4,B2,A2,B2,A1
ours,PRON,3.78E-06,3.77E-06,3.77E-06,3.98E-06,4.22E-06,4.02E-06,4.27E-06,4.63E-06,6.20E-06,4.29E-06,1.333333333,A1,C1,A1,A1
ourselves,PRON,4.20E-05,4.16E-05,4.14E-05,4.41E-05,4.59E-05,4.34E-05,4.60E-05,4.79E-05,5.91E-05,4.57E-05,2,A2,A2,A1,A1
out,ADV,2.23E-05,2.27E-05,2.45E-05,2.52E-05,2.51E-05,2.50E-05,2.39E-05,2.49E-05,2.73E-05,2.46E-05,1.666666667,A2,B1,A2,B1
outcome,NOUN,3.87E-05,4.01E-05,3.91E-05,3.83E-05,3.90E-05,4.19E-05,4.07E-05,3.81E-05,3.14E-05,3.86E-05,3.666666667,B2,A2,B1,A2
outer,ADJ,2.16E-05,2.13E-05,2.12E-05,2.13E-05,2.18E-05,2.05E-05,2.08E-05,2.09E-05,2.13E-05,2.12E-05,3,B1,B2,B1,B1
outline,NOUN,1.17E-05,1.19E-05,1.17E-05,1.15E-05,1.14E-05,1.10E-05,1.05E-05,1.08E-05,1.17E-05,1.14E-05,2.666666667,B1,C1,B1,A1
outline,VERB,3.30E-06,3.39E-06,3.40E-06,3.37E-06,3.31E-06,3.48E-06,3.36E-06,3.29E-06,2.60E-06,3.28E-06,3.333333333,B1,C2,B1,B2
output,NOUN,6.66E-05,6.98E-05,7.14E-05,6.72E-05,6.03E-05,6.36E-05,5.74E-05,5.54E-05,4.35E-05,6.17E-05,3.333333333,B1,A1,A2,A2
outside,ADJ,4.39E-05,4.35E-05,4.39E-05,4.39E-05,4.21E-05,4.31E-05,4.14E-05,4.13E-05,3.77E-05,4.23E-05,1.333333333,A1,A2,A2,A1
outside,ADP,7.76E-05,7.66E-05,7.79E-05,7.70E-05,7.51E-05,7.69E-05,7.57E-05,7.50E-05,6.56E-05,7.53E-05,1.333333333,A1,A2,A2,A2
outside,ADV,7.97E-06,7.95E-06,8.66E-06,8.63E-06,8.74E-06,9.02E-06,8.75E-06,9.01E-06,8.98E-06,8.64E-06,1.333333333,A1,C1,B1,B2
outside,NOUN,1.04E-05,1.03E-05,1.06E-05,1.07E-05,1.09E-05,1.09E-05,1.08E-05,1.12E-05,1.15E-05,1.08E-05,1.333333333,A1,C1,B1,A1
outstanding,ADJ,1.54E-05,1.55E-05,1.49E-05,1.42E-05,1.40E-05,1.41E-05,1.35E-05,1.30E-05,9.71E-06,1.38E-05,4,B2,C1,B1,B2
oven,NOUN,5.45E-06,6.05E-06,5.67E-06,5.99E-06,6.09E-06,5.63E-06,5.87E-06,5.99E-06,5.49E-06,5.80E-06,1,A1,C1,B1,A1
over,ADP,0.000628809,0.000630086,0.000639249,0.000636904,0.000642874,0.000646152,0.000634769,0.000647395,0.000657807,0.00064045,1.333333333,A1,A1,A2,A1
over,ADV,3.25E-05,3.29E-05,3.52E-05,3.58E-05,3.69E-05,3.75E-05,3.63E-05,3.78E-05,4.16E-05,3.63E-05,2,A2,A2,A2,B1
overcome,VERB,2.52E-05,2.48E-05,2.48E-05,2.52E-05,2.55E-05,2.56E-05,2.56E-05,2.56E-05,2.57E-05,2.53E-05,4,B2,B2,B1,B1
overlook,VERB,3.69E-06,3.57E-06,3.55E-06,3.63E-06,3.68E-06,3.58E-06,3.64E-06,3.62E-06,3.86E-06,3.65E-06,3.333333333,B1,C2,B1,B2
overseas,ADJ,8.17E-06,7.90E-06,7.97E-06,7.42E-06,7.28E-06,7.28E-06,6.94E-06,6.67E-06,5.21E-06,7.21E-06,2.666666667,B1,C1,B1,B2
owe,VERB,8.54E-06,8.62E-06,8.36E-06,8.92E-06,9.30E-06,9.06E-06,9.56E-06,9.99E-06,1.28E-05,9.46E-06,2.666666667,B1,C1,B1,B1
owl,NOUN,1.95E-06,2.07E-06,2.04E-06,2.10E-06,2.22E-06,2.21E-06,2.10E-06,2.38E-06,2.81E-06,2.21E-06,2,A2,C2,B1,C1
own,VERB,1.08E-05,1.11E-05,1.08E-05,1.09E-05,1.13E-05,1.13E-05,1.13E-05,1.17E-05,1.30E-05,1.14E-05,2.666666667,B1,B2,B1,B1
owner,NOUN,3.97E-05,4.08E-05,3.91E-05,3.86E-05,3.88E-05,3.85E-05,3.75E-05,3.59E-05,3.63E-05,3.84E-05,2.333333333,A2,A2,A2,A2
ownership,NOUN,3.09E-05,3.01E-05,2.91E-05,2.83E-05,2.66E-05,2.91E-05,2.84E-05,2.65E-05,2.17E-05,2.79E-05,4.333333333,B2,B2,B1,A2
oxygen,NOUN,3.14E-05,3.11E-05,2.99E-05,2.89E-05,2.88E-05,2.89E-05,2.75E-05,2.72E-05,2.33E-05,2.86E-05,2.666666667,B1,B2,B1,A2
pack,NOUN,9.83E-06,9.95E-06,1.03E-05,1.09E-05,1.07E-05,1.06E-05,1.03E-05,1.04E-05,1.11E-05,1.05E-05,3.666666667,B2,C1,B1,A1
pack,VERB,4.10E-06,4.19E-06,4.39E-06,4.38E-06,4.47E-06,4.54E-06,4.20E-06,4.39E-06,4.45E-06,4.35E-06,2.666666667,B1,C2,B1,B2
packet,NOUN,1.21E-05,1.29E-05,1.67E-05,1.62E-05,1.29E-05,1.23E-05,1.10E-05,1.12E-05,9.36E-06,1.27E-05,2.333333333,A2,C1,A2,A1
page,NOUN,9.91E-05,0.000112399,0.000118131,0.000112291,0.000103486,9.36E-05,9.31E-05,9.37E-05,8.24E-05,0.000100911,1,A1,A1,B1,A2
pain,NOUN,9.40E-05,9.18E-05,0.000106408,9.87E-05,0.00010464,0.000101811,0.000100363,9.37E-05,9.09E-05,9.80E-05,1.666666667,A2,A1,A2,A2
painful,ADJ,1.81E-05,1.75E-05,1.83E-05,1.81E-05,1.91E-05,1.84E-05,1.89E-05,1.88E-05,2.17E-05,1.88E-05,2.666666667,B1,B2,B1,B1
paint,NOUN,1.44E-05,1.43E-05,1.40E-05,1.42E-05,1.30E-05,1.32E-05,1.20E-05,1.14E-05,1.08E-05,1.30E-05,1.666666667,A2,C1,B1,A1
paint,VERB,7.65E-06,7.65E-06,7.51E-06,7.69E-06,7.76E-06,7.62E-06,7.36E-06,7.46E-06,7.95E-06,7.63E-06,1.333333333,A1,C1,B1,B2
painter,NOUN,9.51E-06,8.82E-06,8.18E-06,7.73E-06,8.48E-06,8.29E-06,8.78E-06,9.27E-06,1.11E-05,8.91E-06,1.333333333,A1,C1,B1,A1
painting,NOUN,2.51E-05,2.39E-05,2.30E-05,2.22E-05,2.23E-05,2.32E-05,2.33E-05,2.12E-05,1.94E-05,2.26E-05,1.666666667,A2,B2,B1,B1
pair,NOUN,3.60E-05,3.66E-05,3.73E-05,3.68E-05,3.76E-05,3.74E-05,3.63E-05,3.68E-05,3.81E-05,3.70E-05,2.333333333,A2,A2,A2,A2
palace,NOUN,1.28E-05,1.30E-05,1.27E-05,1.33E-05,1.43E-05,1.36E-05,1.41E-05,1.62E-05,2.06E-05,1.45E-05,2.333333333,A2,B2,B1,B1
palm,NOUN,9.78E-06,9.74E-06,1.01E-05,1.05E-05,1.00E-05,1.04E-05,9.94E-06,1.01E-05,1.07E-05,1.01E-05,3.333333333,B1,C1,B1,A1
pan,NOUN,1.22E-05,1.32E-05,1.25E-05,1.33E-05,1.31E-05,1.24E-05,1.18E-05,1.21E-05,1.10E-05,1.24E-05,1.666666667,A2,C1,B1,A1
panel,NOUN,2.30E-05,2.58E-05,2.67E-05,2.56E-05,2.33E-05,2.36E-05,2.28E-05,2.44E-05,1.94E-05,2.39E-05,3.666666667,B2,B2,B1,B1
paper,NOUN,0.000124026,0.000122997,0.000120763,0.000120455,0.000119902,0.000123119,0.000117063,0.000115479,0.000113486,0.000119699,1,A1,A1,A2,A2
paragraph,NOUN,2.48E-05,2.68E-05,2.76E-05,2.62E-05,2.93E-05,2.74E-05,2.40E-05,2.28E-05,1.98E-05,2.54E-05,2,A2,B2,A2,B1
parallel,ADJ,3.53E-05,3.51E-05,3.34E-05,3.43E-05,3.20E-05,3.25E-05,3.10E-05,3.11E-05,2.94E-05,3.27E-05,2.666666667,B1,A2,B1,B1
parallel,VERB,1.81E-06,1.76E-06,1.69E-06,1.67E-06,1.57E-06,1.57E-06,1.49E-06,1.45E-06,1.28E-06,1.59E-06,3,B1,C2,B1,C1
pardon,NOUN,2.90E-06,3.01E-06,2.83E-06,3.21E-06,4.09E-06,3.46E-06,4.14E-06,4.87E-06,9.24E-06,4.19E-06,2.333333333,A2,C1,B1,C1
parent,NOUN,3.63E-05,3.59E-05,3.60E-05,3.54E-05,3.56E-05,3.54E-05,3.44E-05,3.21E-05,2.86E-05,3.44E-05,1,A1,A2,B1,A2
park,NOUN,2.42E-05,2.40E-05,2.44E-05,2.30E-05,2.37E-05,2.36E-05,2.30E-05,2.26E-05,2.02E-05,2.32E-05,1,A1,B2,B1,B1
park,VERB,1.35E-06,1.36E-06,1.47E-06,1.50E-06,1.45E-06,1.55E-06,1.39E-06,1.29E-06,1.04E-06,1.38E-06,1.666666667,A2,C2,B1,C1
parking,NOUN,1.18E-05,1.27E-05,1.30E-05,1.29E-05,1.28E-05,1.30E-05,1.18E-05,1.12E-05,8.68E-06,1.20E-05,2.333333333,A2,C1,B1,A1
part,NOUN,0.000418442,0.000414413,0.000411953,0.000414512,0.000413716,0.000411563,0.000416491,0.000418946,0.00043883,0.000417652,1.333333333,A1,A1,A1,A2
participant,NOUN,1.07E-05,1.21E-05,1.23E-05,1.18E-05,1.21E-05,1.31E-05,1.42E-05,1.34E-05,9.54E-06,1.21E-05,3.333333333,B1,C1,B2,A1
particle,NOUN,1.91E-05,2.02E-05,1.82E-05,1.89E-05,1.76E-05,1.85E-05,1.88E-05,1.92E-05,1.41E-05,1.83E-05,4,B2,B2,B2,B1
particular,ADJ,0.000225018,0.000220269,0.000218941,0.000214907,0.000209353,0.000212599,0.000210883,0.000205136,0.000180013,0.000210791,3.666666667,B2,A1,A2,A2
particularly,ADV,0.000137368,0.000132586,0.00013064,0.000126781,0.000124503,0.000125705,0.000123613,0.000120941,0.000104796,0.000125215,3.333333333,B1,A1,B1,A2
partly,ADV,3.04E-05,2.91E-05,2.80E-05,2.80E-05,2.83E-05,2.72E-05,2.89E-05,2.94E-05,3.23E-05,2.91E-05,4,B2,B1,B1,B1
partner,NOUN,4.13E-05,4.13E-05,4.13E-05,4.01E-05,4.20E-05,4.27E-05,4.16E-05,3.89E-05,3.41E-05,4.04E-05,1.666666667,A2,A2,B1,A2
party,NOUN,0.000136484,0.000139235,0.000135343,0.000126705,0.000128527,0.000125393,0.000131997,0.000132248,0.000141737,0.000133074,1,A1,A1,B1,A2
pass,NOUN,1.02E-05,1.03E-05,1.07E-05,1.10E-05,1.15E-05,1.07E-05,1.05E-05,1.09E-05,1.26E-05,1.09E-05,1,A1,C1,A2,A1
pass,VERB,4.51E-05,4.55E-05,4.61E-05,4.92E-05,5.05E-05,4.75E-05,5.00E-05,5.30E-05,6.82E-05,5.06E-05,2.333333333,A2,A2,A2,A1
passage,NOUN,4.55E-05,4.51E-05,4.30E-05,4.37E-05,4.73E-05,4.34E-05,4.71E-05,4.75E-05,5.65E-05,4.66E-05,3.333333333,B1,A1,B1,A2
passenger,NOUN,9.83E-06,1.06E-05,1.06E-05,1.08E-05,1.05E-05,1.04E-05,9.84E-06,1.02E-05,9.83E-06,1.03E-05,1.666666667,A2,C1,B1,A1
passion,NOUN,2.07E-05,2.05E-05,1.96E-05,2.11E-05,2.38E-05,2.24E-05,2.43E-05,2.66E-05,3.37E-05,2.36E-05,3,B1,B2,B1,B1
past,ADJ,7.63E-05,7.71E-05,7.63E-05,7.69E-05,7.74E-05,7.82E-05,7.78E-05,7.73E-05,7.53E-05,7.70E-05,1.666666667,A2,A2,A2,A2
past,ADP,2.24E-05,2.24E-05,2.33E-05,2.36E-05,2.41E-05,2.43E-05,2.35E-05,2.46E-05,2.56E-05,2.38E-05,1.333333333,A1,B2,A2,A2
past,ADV,2.65E-06,2.75E-06,2.77E-06,2.83E-06,3.06E-06,2.95E-06,3.06E-06,3.35E-06,4.31E-06,3.08E-06,2,A2,C2,B1,A2
past,NOUN,7.29E-05,7.00E-05,7.01E-05,6.93E-05,6.92E-05,7.00E-05,6.93E-05,6.97E-05,6.39E-05,6.94E-05,1,A1,A2,A2,A2
patch,NOUN,9.22E-06,9.34E-06,1.03E-05,9.61E-06,9.58E-06,9.72E-06,9.76E-06,9.59E-06,9.02E-06,9.57E-06,4,B2,C1,B1,A1
path,NOUN,6.17E-05,6.26E-05,6.82E-05,6.76E-05,6.67E-05,6.61E-05,6.47E-05,6.57E-05,6.49E-05,6.54E-05,2,A2,A2,A2,A2
patient,NOUN,0.000107581,0.000110403,0.000104249,0.000102824,0.000103269,0.000104684,0.000101395,9.20E-05,7.76E-05,0.000100449,2.666666667,B1,A1,B1,A2
pattern,NOUN,8.19E-05,7.97E-05,7.94E-05,7.60E-05,7.51E-05,7.57E-05,7.10E-05,6.75E-05,5.26E-05,7.32E-05,3.333333333,B1,A1,A2,A2
pause,NOUN,9.09E-06,9.24E-06,9.37E-06,9.62E-06,1.09E-05,1.01E-05,1.05E-05,1.19E-05,1.57E-05,1.07E-05,2.666666667,B1,C1,B1,A1
pause,VERB,8.26E-07,8.37E-07,8.85E-07,9.49E-07,9.71E-07,9.35E-07,9.68E-07,1.04E-06,1.22E-06,9.59E-07,2.333333333,A2,C2,B1,C1
pavement,NOUN,3.90E-06,3.90E-06,4.16E-06,4.06E-06,4.50E-06,4.25E-06,4.30E-06,4.85E-06,6.36E-06,4.48E-06,2,A2,C1,B1,C1
pay,NOUN,2.06E-05,2.07E-05,2.02E-05,1.96E-05,1.96E-05,2.03E-05,1.88E-05,1.93E-05,1.90E-05,1.98E-05,2,A2,B2,A2,B1
pay,VERB,8.42E-05,8.68E-05,8.56E-05,8.60E-05,8.77E-05,8.85E-05,8.64E-05,8.82E-05,9.42E-05,8.75E-05,2,A2,A2,A2,A1
payable,ADJ,7.87E-06,8.01E-06,7.32E-06,6.99E-06,8.06E-06,7.74E-06,7.29E-06,7.08E-06,7.19E-06,7.51E-06,3.666666667,B2,C1,B1,B2
payment,NOUN,3.80E-05,4.02E-05,3.80E-05,3.63E-05,3.72E-05,3.79E-05,3.69E-05,3.64E-05,3.50E-05,3.73E-05,3.666666667,B2,A2,B1,A2
pc,NOUN,4.84E-07,5.66E-07,5.13E-07,5.30E-07,4.87E-07,4.92E-07,3.83E-07,5.20E-07,3.05E-07,4.76E-07,1,A1,C2,B1,C1
peace,NOUN,6.48E-05,6.43E-05,6.30E-05,6.64E-05,6.92E-05,6.81E-05,7.08E-05,7.55E-05,9.06E-05,7.03E-05,2.666666667,B1,A2,A2,A2
peaceful,ADJ,1.35E-05,1.34E-05,1.33E-05,1.33E-05,1.34E-05,1.36E-05,1.36E-05,1.41E-05,1.51E-05,1.37E-05,2.666666667,B1,B2,B1,B2
peak,NOUN,1.52E-05,1.53E-05,1.47E-05,1.43E-05,1.38E-05,1.45E-05,1.39E-05,1.34E-05,1.06E-05,1.40E-05,3.666666667,B2,C1,B1,B1
pear,NOUN,1.06E-06,9.07E-07,9.68E-07,1.03E-06,1.05E-06,9.63E-07,9.74E-07,1.02E-06,1.32E-06,1.03E-06,1.666666667,A2,C2,B1,C1
peasant,NOUN,1.11E-05,1.00E-05,9.82E-06,9.76E-06,9.76E-06,8.76E-06,9.04E-06,9.63E-06,1.03E-05,9.80E-06,2.333333333,A2,C1,B1,A1
peculiar,ADJ,1.36E-05,1.34E-05,1.24E-05,1.42E-05,1.52E-05,1.35E-05,1.64E-05,1.80E-05,3.07E-05,1.64E-05,4,B2,B2,B1,B1
peer,VERB,1.65E-06,1.72E-06,1.73E-06,1.79E-06,1.76E-06,1.86E-06,1.77E-06,1.79E-06,1.75E-06,1.76E-06,3.333333333,B1,C2,B1,C1
pen,NOUN,1.14E-05,1.11E-05,1.16E-05,1.19E-05,1.27E-05,1.23E-05,1.28E-05,1.31E-05,1.67E-05,1.26E-05,1,A1,B2,B1,A1
penalty,NOUN,1.26E-05,1.42E-05,1.41E-05,1.36E-05,1.33E-05,1.41E-05,1.37E-05,1.32E-05,1.43E-05,1.37E-05,3.666666667,B2,B2,B1,B1
penny,NOUN,3.32E-06,3.20E-06,3.13E-06,3.21E-06,3.60E-06,3.37E-06,3.49E-06,3.86E-06,5.48E-06,3.63E-06,2,A2,C2,B1,C1
pension,NOUN,1.18E-05,1.27E-05,1.18E-05,1.41E-05,1.21E-05,1.30E-05,1.38E-05,1.27E-05,1.11E-05,1.26E-05,3,B1,C1,B2,A1
pensioner,NOUN,3.62E-07,3.24E-07,2.93E-07,2.92E-07,3.37E-07,2.74E-07,3.47E-07,3.42E-07,4.12E-07,3.32E-07,4,B2,C2,B1,C1
people,NOUN,0.000718466,0.00072145,0.000721897,0.000729539,0.000733967,0.000739306,0.000735865,0.000731155,0.000701899,0.000725949,1,A1,A1,A1,A1
per,ADP,0.000223383,0.000218202,0.000213325,0.000215702,0.000200339,0.00020651,0.00019931,0.000203152,0.000187885,0.000207534,3.333333333,B1,A1,A2,A2
perceive,VERB,1.34E-05,1.35E-05,1.29E-05,1.38E-05,1.44E-05,1.36E-05,1.47E-05,1.49E-05,1.79E-05,1.43E-05,4.666666667,C1,B2,B1,B2
percent,NOUN,0.000174801,0.000185387,0.000171296,0.00016867,0.000157815,0.000154041,0.000151361,0.000145403,0.000112408,0.000157909,2,A2,A1,B1,A2
percentage,NOUN,3.74E-05,3.84E-05,3.69E-05,3.60E-05,3.48E-05,3.60E-05,3.55E-05,3.46E-05,2.78E-05,3.53E-05,4.333333333,B2,A2,B1,A2
perception,NOUN,3.43E-05,3.37E-05,3.43E-05,3.35E-05,3.38E-05,3.44E-05,3.50E-05,3.35E-05,2.90E-05,3.35E-05,3.666666667,B2,A2,B1,A2
perfect,ADJ,4.88E-05,4.95E-05,5.02E-05,5.46E-05,5.62E-05,5.55E-05,5.85E-05,5.95E-05,7.28E-05,5.62E-05,2,A2,A1,A2,A1
perfectly,ADV,2.45E-05,2.49E-05,2.44E-05,2.61E-05,2.81E-05,2.68E-05,2.87E-05,3.15E-05,4.26E-05,2.86E-05,2.333333333,A2,B1,B1,B1
perform,VERB,4.94E-05,5.23E-05,5.26E-05,5.39E-05,5.01E-05,5.10E-05,4.97E-05,4.79E-05,4.35E-05,5.01E-05,2.666666667,B1,A1,B1,A1
performance,NOUN,0.000134865,0.000138657,0.000140604,0.000139397,0.000134507,0.000142271,0.000139386,0.000133016,0.000107122,0.000134425,2.666666667,B1,A1,B1,A2
perhaps,ADV,0.000127856,0.000125059,0.000122201,0.000123997,0.000129315,0.000123445,0.000129068,0.00013606,0.000157898,0.000130544,2.666666667,B1,A1,A2,A2
period,NOUN,0.000223409,0.000217664,0.000212141,0.000204524,0.000200828,0.000204047,0.000203007,0.000196459,0.000175179,0.00020414,1.666666667,A2,A1,B1,A2
permanent,ADJ,3.60E-05,3.49E-05,3.38E-05,3.35E-05,3.27E-05,3.28E-05,3.31E-05,3.21E-05,3.20E-05,3.34E-05,2.666666667,B1,A2,B1,B1
permission,NOUN,4.57E-05,4.59E-05,4.60E-05,4.56E-05,4.42E-05,4.53E-05,4.39E-05,4.56E-05,3.82E-05,4.45E-05,2.333333333,A2,A1,B1,A2
permit,VERB,2.01E-05,2.05E-05,1.92E-05,1.90E-05,1.87E-05,1.78E-05,1.78E-05,1.83E-05,2.02E-05,1.91E-05,3.666666667,B2,B2,B1,B1
persist,VERB,6.33E-06,6.42E-06,6.33E-06,6.09E-06,6.10E-06,6.14E-06,6.15E-06,5.93E-06,5.52E-06,6.11E-06,3.333333333,B1,C1,B1,B2
person,NOUN,0.000253119,0.000258786,0.000250724,0.000257774,0.000256439,0.000257876,0.000255232,0.000245488,0.000239227,0.000252741,1,A1,A1,A2,A2
personal,ADJ,0.000154399,0.000156012,0.000152436,0.000150974,0.000149577,0.000151923,0.000152489,0.000147322,0.000135822,0.000150106,2.666666667,B1,A1,B1,A2
personality,NOUN,3.47E-05,3.52E-05,3.41E-05,3.54E-05,3.63E-05,3.71E-05,3.54E-05,3.41E-05,2.99E-05,3.47E-05,2.333333333,A2,A2,A2,A2
personally,ADV,1.78E-05,1.78E-05,1.79E-05,1.80E-05,1.81E-05,1.82E-05,1.83E-05,1.82E-05,1.80E-05,1.80E-05,3.666666667,B2,B2,B1,A2
personnel,NOUN,3.06E-05,3.16E-05,3.05E-05,3.05E-05,2.83E-05,2.96E-05,2.77E-05,2.59E-05,1.97E-05,2.83E-05,3.666666667,B2,B2,B1,A2
perspective,NOUN,6.58E-05,6.47E-05,6.56E-05,6.34E-05,6.24E-05,6.62E-05,6.62E-05,6.27E-05,4.97E-05,6.29E-05,4,B2,A1,B1,A2
persuade,VERB,9.54E-06,9.47E-06,9.26E-06,9.22E-06,9.69E-06,9.18E-06,9.31E-06,9.74E-06,1.06E-05,9.55E-06,3.666666667,B2,C1,B1,B1
pessimistic,ADJ,2.89E-06,2.82E-06,2.84E-06,2.71E-06,2.50E-06,2.63E-06,2.60E-06,2.53E-06,2.03E-06,2.62E-06,2.333333333,A2,C2,B2,B2
pet,NOUN,4.26E-06,4.31E-06,3.69E-06,3.95E-06,3.76E-06,4.14E-06,3.97E-06,4.05E-06,3.90E-06,4.00E-06,2.333333333,A2,C2,B1,C1
petrol,NOUN,1.90E-06,2.00E-06,1.82E-06,1.72E-06,1.77E-06,1.82E-06,1.74E-06,1.79E-06,1.62E-06,1.80E-06,1.333333333,A1,C2,B1,C1
phase,NOUN,8.06E-05,8.04E-05,7.83E-05,7.99E-05,7.71E-05,8.01E-05,7.88E-05,7.43E-05,5.62E-05,7.62E-05,3.333333333,B1,A2,B1,A2
phenomenon,NOUN,3.24E-05,3.20E-05,3.15E-05,3.08E-05,3.09E-05,3.11E-05,3.15E-05,3.03E-05,2.52E-05,3.06E-05,4.333333333,B2,A2,B1,A2
philosophy,NOUN,5.37E-05,5.12E-05,5.16E-05,5.30E-05,4.98E-05,5.01E-05,5.42E-05,5.09E-05,4.80E-05,5.14E-05,3.333333333,B1,A1,B1,A2
phone,NOUN,4.81E-05,5.01E-05,5.72E-05,5.66E-05,5.51E-05,5.97E-05,5.65E-05,5.43E-05,4.47E-05,5.36E-05,1,A1,A1,A2,A2
phone,VERB,1.38E-06,1.42E-06,1.50E-06,1.45E-06,1.39E-06,1.49E-06,1.39E-06,1.29E-06,1.05E-06,1.37E-06,1.666666667,A2,C2,B1,C1
photo,NOUN,1.38E-05,1.43E-05,1.46E-05,1.67E-05,1.59E-05,1.72E-05,1.57E-05,1.56E-05,1.26E-05,1.51E-05,1.666666667,A2,B2,A2,B1
photograph,NOUN,1.62E-05,1.60E-05,1.61E-05,1.62E-05,1.56E-05,1.65E-05,1.56E-05,1.61E-05,1.33E-05,1.57E-05,1.333333333,A1,B2,B1,B1
photographer,NOUN,5.39E-06,5.32E-06,5.77E-06,5.36E-06,5.16E-06,5.45E-06,5.23E-06,4.91E-06,4.05E-06,5.18E-06,1,A1,C1,B1,A1
phrase,NOUN,2.97E-05,2.89E-05,2.82E-05,2.81E-05,2.86E-05,2.84E-05,2.92E-05,2.86E-05,2.80E-05,2.86E-05,3.333333333,B1,A2,B1,A2
physical,ADJ,0.000137075,0.000134589,0.000136362,0.000138994,0.00013251,0.000135566,0.000134281,0.000129153,0.000110774,0.000132145,2.666666667,B1,A1,B1,A2
physically,ADV,1.86E-05,1.83E-05,1.88E-05,1.89E-05,1.84E-05,1.89E-05,1.82E-05,1.77E-05,1.49E-05,1.81E-05,2.666666667,B1,B2,B1,A2
physics,NOUN,1.56E-05,1.54E-05,1.51E-05,1.48E-05,1.40E-05,1.42E-05,1.40E-05,1.37E-05,1.08E-05,1.42E-05,1.666666667,A2,C1,B1,B1
piano,NOUN,1.12E-05,1.22E-05,1.18E-05,1.07E-05,1.21E-05,1.14E-05,1.11E-05,1.26E-05,1.21E-05,1.17E-05,1,A1,C1,B1,A1
pick,VERB,2.74E-05,2.75E-05,2.94E-05,2.99E-05,2.96E-05,3.02E-05,2.86E-05,2.82E-05,2.61E-05,2.85E-05,2.333333333,A2,B2,A2,B1
pick,VERB,2.74E-05,2.75E-05,2.94E-05,2.99E-05,2.96E-05,3.02E-05,2.86E-05,2.82E-05,2.61E-05,2.85E-05,2,A2,B2,A2,B1
picture,NOUN,7.31E-05,7.12E-05,7.07E-05,7.05E-05,7.29E-05,7.15E-05,6.95E-05,7.28E-05,7.11E-05,7.15E-05,1,A1,A2,A2,A2
pie,NOUN,6.61E-06,7.04E-06,6.97E-06,6.82E-06,7.07E-06,6.77E-06,6.43E-06,6.66E-06,6.41E-06,6.75E-06,1,A1,C1,B1,A1
piece,NOUN,6.01E-05,6.02E-05,6.05E-05,6.08E-05,6.19E-05,6.11E-05,6.12E-05,6.33E-05,6.94E-05,6.21E-05,2.666666667,B1,A2,A2,A2
pig,NOUN,5.38E-06,5.34E-06,4.99E-06,5.12E-06,5.25E-06,5.24E-06,5.42E-06,5.53E-06,5.80E-06,5.34E-06,1,A1,C1,B1,A1
pile,NOUN,9.82E-06,1.04E-05,1.00E-05,1.04E-05,1.05E-05,1.05E-05,1.03E-05,1.08E-05,1.29E-05,1.06E-05,3,B1,C1,B1,A1
pill,NOUN,3.37E-06,3.35E-06,3.44E-06,3.46E-06,3.69E-06,3.67E-06,3.34E-06,3.28E-06,2.92E-06,3.39E-06,2,A2,C2,B1,C1
pilot,NOUN,1.75E-05,1.78E-05,1.87E-05,1.85E-05,1.89E-05,1.74E-05,1.71E-05,1.58E-05,1.43E-05,1.73E-05,1.666666667,A2,B2,B1,B1
pink,ADJ,1.38E-05,1.34E-05,1.38E-05,1.37E-05,1.45E-05,1.47E-05,1.36E-05,1.41E-05,1.46E-05,1.40E-05,1,A1,B2,B1,B2
pink,NOUN,7.69E-07,7.25E-07,7.76E-07,7.74E-07,8.13E-07,8.17E-07,7.68E-07,8.19E-07,9.37E-07,8.00E-07,1,A1,C2,B1,C1
pint,NOUN,1.51E-06,1.47E-06,1.44E-06,1.53E-06,1.71E-06,1.59E-06,1.73E-06,2.00E-06,3.42E-06,1.82E-06,4,B2,C2,B1,C1
pipe,NOUN,1.54E-05,1.58E-05,1.52E-05,1.62E-05,1.55E-05,1.49E-05,1.45E-05,1.63E-05,2.07E-05,1.60E-05,2,A2,B2,A2,B1
pit,NOUN,9.00E-06,8.76E-06,8.72E-06,9.33E-06,9.33E-06,9.12E-06,9.04E-06,9.63E-06,1.05E-05,9.27E-06,5,C1,C1,B1,A1
pity,NOUN,8.39E-06,8.52E-06,8.09E-06,8.88E-06,1.08E-05,9.64E-06,1.06E-05,1.26E-05,1.97E-05,1.08E-05,3,B1,C1,A2,A1
place,VERB,3.23E-05,3.31E-05,3.30E-05,3.35E-05,3.24E-05,3.12E-05,3.16E-05,3.16E-05,3.34E-05,3.25E-05,1.666666667,A2,A2,B1,A1
plain,ADJ,2.00E-05,2.02E-05,1.98E-05,2.10E-05,2.21E-05,2.06E-05,2.21E-05,2.44E-05,3.45E-05,2.28E-05,2.666666667,B1,B2,B1,B1
plain,NOUN,4.54E-06,4.37E-06,4.35E-06,4.49E-06,5.28E-06,4.48E-06,4.94E-06,6.01E-06,9.02E-06,5.28E-06,3.666666667,B2,C1,B1,A1
plan,NOUN,0.000102183,0.000114947,0.000110393,0.00010969,0.000110568,0.000114007,0.000114665,0.000111529,0.000104543,0.000110281,1.333333333,A1,A1,B1,A2
plan,VERB,1.52E-05,1.59E-05,1.60E-05,1.60E-05,1.53E-05,1.59E-05,1.48E-05,1.43E-05,1.18E-05,1.50E-05,1.333333333,A1,B2,B1,B2
plane,NOUN,3.94E-05,4.12E-05,4.20E-05,4.42E-05,4.13E-05,4.09E-05,3.81E-05,3.95E-05,3.59E-05,4.03E-05,1.666666667,A2,A1,A2,A2
planet,NOUN,1.56E-05,1.45E-05,1.61E-05,1.70E-05,1.69E-05,1.58E-05,1.58E-05,1.66E-05,1.54E-05,1.59E-05,1.666666667,A2,B2,A2,B1
planning,NOUN,4.59E-05,4.72E-05,4.71E-05,4.48E-05,4.34E-05,4.56E-05,4.33E-05,4.01E-05,3.07E-05,4.31E-05,3.333333333,B1,A2,B1,A2
plant,NOUN,6.50E-05,6.33E-05,6.39E-05,5.72E-05,5.66E-05,5.71E-05,5.63E-05,5.44E-05,5.11E-05,5.83E-05,2,A2,A1,B1,A2
plant,VERB,3.67E-06,3.64E-06,3.78E-06,3.59E-06,3.63E-06,3.63E-06,3.63E-06,3.69E-06,4.40E-06,3.74E-06,2,A2,C2,B1,B2
plastic,NOUN,4.32E-06,4.09E-06,3.98E-06,3.85E-06,3.66E-06,3.57E-06,3.42E-06,3.24E-06,2.55E-06,3.63E-06,2.333333333,A2,C2,B1,C1
plate,NOUN,3.44E-05,3.29E-05,3.21E-05,3.31E-05,3.19E-05,3.29E-05,3.21E-05,3.23E-05,3.21E-05,3.26E-05,1.666666667,A2,A2,B1,A2
platform,NOUN,1.80E-05,1.89E-05,2.04E-05,2.05E-05,2.02E-05,2.06E-05,1.96E-05,2.07E-05,2.11E-05,2.00E-05,3.333333333,B1,B2,A2,B1
play,NOUN,6.05E-05,5.59E-05,5.66E-05,5.38E-05,5.55E-05,5.99E-05,5.53E-05,5.71E-05,5.48E-05,5.66E-05,1,A1,A1,A2,A2
play,VERB,8.45E-05,8.60E-05,8.77E-05,8.69E-05,8.94E-05,8.98E-05,8.63E-05,8.63E-05,7.87E-05,8.62E-05,1,A1,A2,A2,A1
player,NOUN,2.25E-05,2.55E-05,2.52E-05,2.64E-05,2.77E-05,2.66E-05,2.57E-05,2.58E-05,2.11E-05,2.52E-05,2.333333333,A2,B2,A2,B1
plea,NOUN,6.17E-06,6.41E-06,6.10E-06,6.39E-06,6.46E-06,6.29E-06,6.42E-06,6.72E-06,7.41E-06,6.48E-06,3.666666667,B2,C1,B1,A1
plead,VERB,2.86E-06,2.80E-06,2.72E-06,2.97E-06,3.15E-06,3.01E-06,3.22E-06,3.36E-06,4.92E-06,3.22E-06,4.666666667,C1,C2,B1,B2
pleasant,ADJ,1.59E-05,1.57E-05,1.52E-05,1.59E-05,1.83E-05,1.68E-05,1.82E-05,2.12E-05,3.24E-05,1.88E-05,1.666666667,A2,B2,A2,B1
please,VERB,3.04E-05,3.06E-05,3.21E-05,3.34E-05,3.61E-05,3.59E-05,3.63E-05,3.80E-05,4.92E-05,3.58E-05,2.333333333,A2,A2,A2,A1
pleased,ADJ,3.02E-06,3.06E-06,3.08E-06,3.13E-06,3.55E-06,3.40E-06,3.55E-06,3.91E-06,5.28E-06,3.55E-06,2.666666667,B1,C1,B1,B2
pleasure,NOUN,3.67E-05,3.59E-05,3.50E-05,3.81E-05,4.15E-05,3.91E-05,4.36E-05,4.65E-05,6.31E-05,4.22E-05,3,B1,A1,B1,A2
plot,NOUN,2.40E-05,2.27E-05,2.31E-05,2.20E-05,2.30E-05,2.34E-05,2.34E-05,2.32E-05,2.08E-05,2.28E-05,3.666666667,B2,B2,B1,B1
plus,ADP,1.98E-06,2.06E-06,2.01E-06,2.01E-06,1.87E-06,1.88E-06,1.81E-06,1.70E-06,1.35E-06,1.85E-06,1.666666667,A2,C2,A2,A2
pocket,NOUN,1.89E-05,1.92E-05,1.99E-05,2.07E-05,2.24E-05,2.24E-05,2.17E-05,2.39E-05,2.87E-05,2.20E-05,1,A1,B2,A2,B1
poem,NOUN,3.51E-05,3.26E-05,3.26E-05,2.96E-05,3.04E-05,2.94E-05,3.15E-05,3.25E-05,2.94E-05,3.15E-05,2.333333333,A2,A2,B1,A2
poet,NOUN,2.98E-05,2.80E-05,2.64E-05,2.56E-05,2.81E-05,2.54E-05,2.87E-05,3.01E-05,3.51E-05,2.86E-05,2.666666667,B1,A2,B1,A2
poetry,NOUN,3.54E-05,3.41E-05,3.29E-05,3.13E-05,3.22E-05,3.04E-05,3.35E-05,3.54E-05,3.52E-05,3.34E-05,3.333333333,B1,A2,B1,A2
point,NOUN,0.0002904,0.000289834,0.000292189,0.000287768,0.000285474,0.000282114,0.000282889,0.000286034,0.00027657,0.000285919,3.333333333,B1,A1,A2,A2
point,VERB,2.08E-05,2.03E-05,2.00E-05,1.98E-05,1.96E-05,1.93E-05,1.93E-05,1.94E-05,1.93E-05,1.97E-05,2.666666667,B1,B2,B1,B1
pole,NOUN,9.09E-06,9.18E-06,9.18E-06,9.07E-06,9.30E-06,8.90E-06,9.02E-06,9.53E-06,1.11E-05,9.37E-06,3.333333333,B1,C1,B1,A1
police,NOUN,7.40E-05,7.66E-05,7.83E-05,7.74E-05,7.42E-05,7.72E-05,7.39E-05,7.61E-05,6.35E-05,7.46E-05,1,A1,A2,A2,A2
policeman,NOUN,4.51E-06,4.55E-06,4.60E-06,4.68E-06,4.74E-06,4.84E-06,4.47E-06,4.95E-06,5.68E-06,4.78E-06,1.333333333,A1,C1,B1,C1
policy,NOUN,0.00019461,0.000191312,0.000188518,0.000179226,0.000166113,0.000175685,0.000173569,0.000167371,0.000137712,0.000174902,3.333333333,B1,A1,B1,A2
polite,ADJ,6.31E-06,6.30E-06,6.33E-06,6.55E-06,6.92E-06,7.21E-06,6.83E-06,7.49E-06,8.60E-06,6.95E-06,1.333333333,A1,C1,B1,B2
political,ADJ,0.000322014,0.000306005,0.000298486,0.000283809,0.000273438,0.000278236,0.000278552,0.000275859,0.000228306,0.000282745,2.666666667,B1,A1,B1,A2
politician,NOUN,6.74E-06,6.27E-06,6.17E-06,5.97E-06,6.06E-06,5.95E-06,6.11E-06,6.33E-06,6.32E-06,6.21E-06,1.666666667,A2,C1,B1,A1
politics,NOUN,7.64E-05,7.17E-05,7.06E-05,6.66E-05,6.65E-05,6.71E-05,6.77E-05,6.86E-05,5.80E-05,6.81E-05,2,A2,A1,B1,A2
pollution,NOUN,2.11E-05,1.98E-05,2.00E-05,1.71E-05,1.58E-05,1.70E-05,1.54E-05,1.36E-05,1.11E-05,1.68E-05,2.333333333,A2,B2,B1,B1
pond,NOUN,6.78E-06,6.06E-06,7.02E-06,6.22E-06,6.59E-06,6.68E-06,6.12E-06,6.32E-06,6.61E-06,6.49E-06,3,B1,C1,B1,A1
pool,NOUN,2.63E-05,2.57E-05,2.68E-05,2.60E-05,2.53E-05,2.61E-05,2.45E-05,2.33E-05,2.07E-05,2.50E-05,1.333333333,A1,B2,A2,B1
poor,ADJ,0.000106398,0.000106698,0.00010232,0.000105307,0.000114325,0.000109762,0.000113691,0.000121131,0.000154925,0.000114951,1.333333333,A1,A1,A2,A2
pop,NOUN,4.16E-06,4.72E-06,4.53E-06,4.67E-06,4.35E-06,4.53E-06,4.12E-06,4.25E-06,3.57E-06,4.32E-06,1.666666667,A2,C2,B1,C1
pop,VERB,2.84E-06,3.06E-06,3.21E-06,3.37E-06,3.19E-06,3.23E-06,3.08E-06,3.03E-06,2.67E-06,3.07E-06,2,A2,C2,B1,B2
popular,ADJ,8.77E-05,8.59E-05,8.54E-05,8.21E-05,8.15E-05,8.12E-05,8.13E-05,8.04E-05,7.50E-05,8.23E-05,1.666666667,A2,A2,B1,A2
population,NOUN,0.000143343,0.000141712,0.000134539,0.000131644,0.000128748,0.000133652,0.000129066,0.000124859,0.000106982,0.000130505,2.666666667,B1,A1,B1,A2
port,NOUN,1.82E-05,1.83E-05,1.93E-05,1.97E-05,1.77E-05,1.67E-05,1.62E-05,1.68E-05,1.85E-05,1.79E-05,3,B1,B2,A2,B1
portion,NOUN,4.01E-05,4.11E-05,3.98E-05,4.05E-05,4.10E-05,3.85E-05,4.05E-05,4.11E-05,5.51E-05,4.20E-05,3,B1,A1,B1,A2
portrait,NOUN,1.38E-05,1.32E-05,1.20E-05,1.26E-05,1.37E-05,1.28E-05,1.40E-05,1.40E-05,1.50E-05,1.34E-05,3.333333333,B1,B2,B1,B1
pose,VERB,1.12E-05,1.07E-05,1.11E-05,1.10E-05,1.10E-05,1.11E-05,1.09E-05,1.06E-05,8.97E-06,1.07E-05,3.666666667,B2,C1,B1,B1
position,NOUN,0.000188419,0.000185429,0.000185457,0.000182946,0.000180807,0.000180014,0.000180972,0.000179093,0.000177972,0.000182345,3,B1,A1,A2,A2
positive,ADJ,0.000102256,0.000104041,0.000102661,0.000101408,0.00010241,0.000104582,0.000106152,0.00010197,8.51E-05,0.000101178,1.666666667,A2,A1,B1,A2
possess,VERB,1.93E-05,1.90E-05,1.83E-05,2.00E-05,2.01E-05,1.97E-05,2.10E-05,2.18E-05,2.63E-05,2.06E-05,3,B1,B2,B1,B1
possession,NOUN,2.48E-05,2.46E-05,2.36E-05,2.49E-05,2.65E-05,2.38E-05,2.83E-05,2.94E-05,4.14E-05,2.75E-05,2.666666667,B1,A2,B1,A2
possibility,NOUN,6.41E-05,6.26E-05,6.20E-05,6.02E-05,5.85E-05,6.03E-05,5.88E-05,5.80E-05,4.98E-05,5.94E-05,3.333333333,B1,A1,B1,A2
possible,ADJ,0.000273381,0.000272057,0.000269588,0.000268406,0.000262714,0.00026515,0.000262481,0.000261127,0.000249273,0.000264908,2.333333333,A2,A1,A2,A2
possibly,ADV,4.13E-05,4.09E-05,4.11E-05,4.17E-05,4.22E-05,4.21E-05,4.24E-05,4.32E-05,4.38E-05,4.21E-05,3,B1,A1,B1,B1
post,NOUN,2.94E-05,2.91E-05,2.93E-05,2.78E-05,2.85E-05,2.83E-05,2.96E-05,3.01E-05,3.30E-05,2.95E-05,2,A2,A1,B1,A2
poster,NOUN,4.47E-06,4.68E-06,4.71E-06,4.85E-06,4.70E-06,4.56E-06,4.76E-06,4.40E-06,3.64E-06,4.53E-06,3,B1,C2,B1,C1
pot,NOUN,1.45E-05,1.39E-05,1.41E-05,1.44E-05,1.46E-05,1.46E-05,1.40E-05,1.40E-05,1.43E-05,1.43E-05,3.333333333,B1,B2,A2,B1
potato,NOUN,6.56E-06,7.33E-06,6.77E-06,6.58E-06,6.44E-06,6.42E-06,6.29E-06,6.04E-06,5.77E-06,6.47E-06,1,A1,C1,B1,A1
potential,ADJ,9.00E-05,9.29E-05,9.21E-05,8.99E-05,8.80E-05,9.28E-05,9.28E-05,8.84E-05,6.78E-05,8.83E-05,3.333333333,B1,A2,B1,A2
potential,NOUN,3.85E-05,3.84E-05,3.73E-05,3.54E-05,3.51E-05,3.65E-05,3.62E-05,3.35E-05,2.53E-05,3.51E-05,2.666666667,B1,A2,B1,A2
potentially,ADV,2.43E-05,2.46E-05,2.51E-05,2.44E-05,2.40E-05,2.54E-05,2.55E-05,2.46E-05,1.86E-05,2.41E-05,3,B1,B2,B1,B1
pound,NOUN,7.77E-06,7.77E-06,7.47E-06,7.74E-06,7.53E-06,7.48E-06,7.29E-06,8.25E-06,1.14E-05,8.08E-06,3,B1,C1,B1,A1
pour,VERB,1.65E-05,1.45E-05,1.43E-05,1.43E-05,1.46E-05,1.40E-05,1.49E-05,1.42E-05,1.57E-05,1.48E-05,2.333333333,A2,B2,B1,B2
poverty,NOUN,3.83E-05,3.87E-05,3.71E-05,3.87E-05,3.78E-05,3.99E-05,4.21E-05,4.03E-05,3.52E-05,3.87E-05,3.333333333,B1,A1,B1,A2
powder,NOUN,1.31E-05,1.44E-05,1.38E-05,1.40E-05,1.39E-05,1.42E-05,1.40E-05,1.40E-05,1.56E-05,1.41E-05,3,B1,B2,B1,B1
power,NOUN,0.000321175,0.000315639,0.000313464,0.00031688,0.000312129,0.000308308,0.000322028,0.000322627,0.000342185,0.000319382,2.333333333,A2,A1,B1,A2
powerful,ADJ,6.93E-05,6.80E-05,6.84E-05,6.84E-05,6.83E-05,6.70E-05,6.76E-05,6.73E-05,6.56E-05,6.78E-05,3,B1,A2,B1,A2
practical,ADJ,5.77E-05,5.60E-05,5.53E-05,5.57E-05,5.44E-05,5.51E-05,5.62E-05,5.58E-05,5.85E-05,5.61E-05,3.666666667,B2,A2,B1,A1
practice,NOUN,0.000140789,0.000137811,0.000139046,0.000137337,0.000137328,0.000140734,0.000141642,0.000135197,0.000122299,0.000136909,2.333333333,A2,A1,B1,A2
practise,VERB,3.06E-06,2.69E-06,2.85E-06,3.02E-06,3.11E-06,3.01E-06,3.19E-06,3.14E-06,4.06E-06,3.12E-06,2,A2,C2,B1,B2
practitioner,NOUN,7.77E-06,8.37E-06,8.48E-06,7.90E-06,8.11E-06,8.41E-06,8.36E-06,7.50E-06,6.61E-06,7.95E-06,4,B2,C1,B1,A1
praise,VERB,1.31E-06,1.34E-06,1.26E-06,1.47E-06,1.47E-06,1.61E-06,1.57E-06,1.62E-06,1.86E-06,1.50E-06,3.333333333,B1,C2,B1,C1
pray,VERB,1.51E-05,1.56E-05,1.61E-05,1.83E-05,1.90E-05,1.94E-05,2.03E-05,2.12E-05,2.85E-05,1.93E-05,2.333333333,A2,B2,A2,B1
prayer,NOUN,2.99E-05,2.98E-05,2.92E-05,3.31E-05,3.25E-05,3.45E-05,3.52E-05,3.48E-05,4.24E-05,3.35E-05,2,A2,A1,B1,A2
precede,VERB,2.90E-06,2.87E-06,2.86E-06,2.80E-06,2.73E-06,2.73E-06,2.70E-06,2.59E-06,2.82E-06,2.78E-06,4,B2,C2,B1,B2
precious,ADJ,1.40E-05,1.39E-05,1.39E-05,1.53E-05,1.60E-05,1.53E-05,1.63E-05,1.72E-05,2.27E-05,1.61E-05,4,B2,B2,B1,B1
precise,ADJ,2.37E-05,2.29E-05,2.26E-05,2.21E-05,2.17E-05,2.17E-05,2.14E-05,2.08E-05,1.85E-05,2.17E-05,3.666666667,B2,B2,B1,B1
precisely,ADV,3.57E-05,3.39E-05,3.38E-05,3.26E-05,3.24E-05,3.25E-05,3.25E-05,3.23E-05,2.98E-05,3.28E-05,4.666666667,C1,A2,B1,B1
predecessor,NOUN,5.15E-06,5.06E-06,4.98E-06,4.87E-06,4.90E-06,4.81E-06,4.99E-06,4.98E-06,5.06E-06,4.98E-06,5.5,C2,C2,B1,A1
predict,VERB,1.62E-05,1.67E-05,1.60E-05,1.57E-05,1.56E-05,1.63E-05,1.57E-05,1.49E-05,1.20E-05,1.55E-05,2.666666667,B1,B2,B1,B2
prediction,NOUN,1.24E-05,1.30E-05,1.27E-05,1.30E-05,1.28E-05,1.37E-05,1.29E-05,1.28E-05,1.03E-05,1.26E-05,3.333333333,B1,C1,B1,A1
prefer,VERB,2.30E-05,2.28E-05,2.29E-05,2.28E-05,2.27E-05,2.24E-05,2.23E-05,2.25E-05,2.25E-05,2.26E-05,2.666666667,B1,B2,B1,B1
preference,NOUN,1.92E-05,1.85E-05,1.88E-05,1.77E-05,1.77E-05,1.82E-05,1.89E-05,1.77E-05,1.68E-05,1.82E-05,3,B1,B2,B1,B1
pregnancy,NOUN,2.55E-05,2.45E-05,2.45E-05,2.32E-05,2.60E-05,2.33E-05,2.25E-05,2.03E-05,1.54E-05,2.28E-05,2.666666667,B1,B2,A2,B1
pregnant,ADJ,1.75E-05,1.67E-05,1.74E-05,1.63E-05,1.70E-05,1.71E-05,1.63E-05,1.52E-05,1.23E-05,1.62E-05,2.666666667,B1,B2,B1,B2
prejudice,NOUN,1.07E-05,1.09E-05,1.04E-05,1.02E-05,1.03E-05,1.00E-05,1.08E-05,1.05E-05,1.18E-05,1.06E-05,3.333333333,B1,C1,B1,A1
preliminary,ADJ,1.52E-05,1.53E-05,1.49E-05,1.46E-05,1.39E-05,1.42E-05,1.43E-05,1.36E-05,1.29E-05,1.43E-05,5.333333333,C1,B2,B1,B2
premium,NOUN,7.72E-06,8.14E-06,7.63E-06,7.35E-06,7.44E-06,7.88E-06,7.32E-06,7.63E-06,6.90E-06,7.56E-06,4.333333333,B2,C1,B1,A1
preparation,NOUN,3.12E-05,3.18E-05,3.08E-05,3.07E-05,3.03E-05,3.09E-05,3.08E-05,2.96E-05,2.86E-05,3.05E-05,3.333333333,B1,A2,B1,A2
prepare,VERB,2.68E-05,2.71E-05,2.71E-05,2.73E-05,2.75E-05,2.78E-05,2.68E-05,2.65E-05,2.64E-05,2.70E-05,2.333333333,A2,B2,A2,B1
prepared,ADJ,7.75E-06,7.93E-06,7.91E-06,7.86E-06,7.62E-06,7.60E-06,7.62E-06,7.58E-06,7.71E-06,7.73E-06,3.666666667,B2,C1,B1,B2
prescription,NOUN,7.52E-06,7.66E-06,8.32E-06,7.95E-06,7.73E-06,8.12E-06,8.01E-06,7.54E-06,6.15E-06,7.67E-06,4.333333333,B2,C1,B1,A1
presence,NOUN,0.000101548,0.000101526,9.97E-05,0.000100391,0.000102399,0.000101871,0.000104541,0.000103872,0.000103128,0.000102103,4,B2,A1,B1,A2
present,ADJ,0.00017738,0.000173773,0.000166695,0.000170329,0.000170868,0.000167052,0.000175658,0.000175445,0.000199858,0.000175229,2.333333333,A2,A1,B1,A2
present,NOUN,2.00E-05,1.93E-05,1.87E-05,1.90E-05,2.01E-05,1.95E-05,2.04E-05,2.14E-05,2.45E-05,2.03E-05,2.333333333,A2,B2,B1,B1
present,VERB,4.22E-05,4.26E-05,4.23E-05,4.23E-05,4.23E-05,4.32E-05,4.24E-05,4.17E-05,3.95E-05,4.21E-05,2.333333333,A2,A2,B1,A1
presentation,NOUN,3.17E-05,3.41E-05,3.31E-05,3.25E-05,3.33E-05,3.21E-05,3.09E-05,3.06E-05,2.37E-05,3.13E-05,2.666666667,B1,A2,B1,A2
preserve,VERB,1.81E-05,1.77E-05,1.74E-05,1.75E-05,1.73E-05,1.68E-05,1.79E-05,1.79E-05,2.24E-05,1.81E-05,3.333333333,B1,B2,B1,B1
presidential,ADJ,1.53E-05,1.55E-05,1.49E-05,1.44E-05,1.40E-05,1.42E-05,1.32E-05,1.36E-05,1.23E-05,1.42E-05,4.333333333,B2,B2,B1,B2
press,NOUN,5.21E-05,5.02E-05,4.94E-05,4.91E-05,4.80E-05,4.63E-05,4.47E-05,4.51E-05,3.95E-05,4.71E-05,2.333333333,A2,A2,A2,A2
press,VERB,1.22E-05,1.30E-05,1.29E-05,1.36E-05,1.29E-05,1.19E-05,1.11E-05,1.21E-05,1.20E-05,1.24E-05,2.666666667,B1,B2,B1,B1
pressure,NOUN,0.000107386,0.000107806,0.000107099,0.000101909,0.000101161,0.000103104,0.000101421,9.65E-05,8.30E-05,0.000101047,3.333333333,B1,A1,B1,A2
presumably,ADV,1.61E-05,1.53E-05,1.50E-05,1.44E-05,1.37E-05,1.37E-05,1.37E-05,1.35E-05,1.02E-05,1.39E-05,4,B2,B2,B1,A2
pretend,VERB,6.90E-06,6.87E-06,6.83E-06,7.22E-06,7.59E-06,7.31E-06,7.77E-06,8.20E-06,9.80E-06,7.61E-06,3.333333333,B1,C1,B1,B2
pretty,ADJ,1.23E-05,1.24E-05,1.26E-05,1.31E-05,1.59E-05,1.49E-05,1.52E-05,1.83E-05,2.75E-05,1.58E-05,1.666666667,A2,B2,A2,B1
pretty,ADV,2.79E-05,2.85E-05,3.12E-05,3.22E-05,3.39E-05,3.47E-05,3.35E-05,3.60E-05,4.07E-05,3.32E-05,1,A1,A2,A2,B1
prevent,VERB,6.13E-05,6.24E-05,6.17E-05,6.18E-05,6.10E-05,6.04E-05,6.07E-05,6.07E-05,6.26E-05,6.14E-05,3,B1,A2,B1,A1
prevention,NOUN,1.89E-05,2.07E-05,2.02E-05,1.99E-05,1.99E-05,2.03E-05,1.98E-05,1.81E-05,1.49E-05,1.92E-05,4,B2,B2,B1,B1
previous,ADJ,8.38E-05,8.48E-05,8.55E-05,8.48E-05,8.30E-05,8.38E-05,8.46E-05,8.32E-05,7.54E-05,8.32E-05,3,B1,A2,B1,A2
previously,ADV,5.08E-05,5.07E-05,5.00E-05,4.96E-05,4.84E-05,4.90E-05,4.99E-05,4.92E-05,4.44E-05,4.91E-05,3,B1,A1,B1,A1
prey,NOUN,1.07E-05,9.70E-06,9.48E-06,9.39E-06,1.02E-05,1.04E-05,1.00E-05,1.07E-05,1.18E-05,1.03E-05,2.666666667,B1,C1,B1,A1
price,NOUN,0.000104245,0.000113104,0.000106249,0.000102443,9.81E-05,0.000103897,9.92E-05,0.000101569,9.41E-05,0.000102552,2.333333333,A2,A1,B1,A2
price,VERB,1.21E-06,1.32E-06,1.24E-06,1.17E-06,1.13E-06,1.20E-06,1.11E-06,1.13E-06,9.26E-07,1.16E-06,1,A1,C2,B1,C1
pride,NOUN,2.10E-05,2.05E-05,2.01E-05,2.17E-05,2.35E-05,2.24E-05,2.35E-05,2.57E-05,3.34E-05,2.35E-05,3.333333333,B1,B2,A2,B1
priest,NOUN,2.10E-05,1.96E-05,2.00E-05,2.30E-05,2.35E-05,2.25E-05,2.34E-05,2.38E-05,2.89E-05,2.29E-05,2.333333333,A2,B2,A2,B1
primarily,ADV,5.23E-05,5.14E-05,5.06E-05,4.80E-05,4.70E-05,4.77E-05,4.61E-05,4.41E-05,3.42E-05,4.68E-05,3,B1,A2,B1,A1
primary,ADJ,9.84E-05,9.80E-05,9.76E-05,9.65E-05,9.42E-05,9.39E-05,9.21E-05,8.60E-05,6.97E-05,9.18E-05,2.666666667,B1,A2,B1,A2
primary,NOUN,9.57E-07,1.00E-06,9.55E-07,9.64E-07,9.50E-07,7.77E-07,7.62E-07,7.92E-07,8.52E-07,8.90E-07,1.666666667,A2,C2,B1,C1
prime,ADJ,2.29E-05,2.26E-05,2.16E-05,2.12E-05,2.07E-05,2.09E-05,2.05E-05,1.99E-05,1.82E-05,2.09E-05,3,B1,B2,B1,B1
primitive,ADJ,1.68E-05,1.66E-05,1.61E-05,1.69E-05,1.62E-05,1.52E-05,1.63E-05,1.60E-05,1.68E-05,1.63E-05,4.333333333,B2,B2,B1,B1
principal,ADJ,3.88E-05,3.78E-05,3.59E-05,3.56E-05,3.48E-05,3.37E-05,3.58E-05,3.53E-05,3.97E-05,3.64E-05,3,B1,A2,B1,B1
principle,NOUN,7.66E-05,7.35E-05,7.25E-05,7.39E-05,7.10E-05,7.15E-05,7.59E-05,7.37E-05,7.85E-05,7.41E-05,3.666666667,B2,A1,B1,A2
print,NOUN,3.01E-05,3.13E-05,3.08E-05,3.28E-05,3.26E-05,3.29E-05,3.00E-05,3.04E-05,2.97E-05,3.12E-05,1.666666667,A2,A2,A2,A2
print,VERB,2.30E-06,2.65E-06,2.34E-06,2.45E-06,2.23E-06,1.97E-06,1.61E-06,1.75E-06,1.39E-06,2.08E-06,1.666666667,A2,C2,B1,B2
printer,NOUN,1.17E-05,1.08E-05,1.08E-05,1.14E-05,8.71E-06,7.71E-06,7.20E-06,7.29E-06,6.42E-06,9.11E-06,1.333333333,A1,C1,B1,A1
priority,NOUN,2.42E-05,2.42E-05,2.42E-05,2.38E-05,2.17E-05,2.24E-05,2.20E-05,2.07E-05,1.60E-05,2.21E-05,3.666666667,B2,B2,B1,B1
prison,NOUN,2.78E-05,3.07E-05,2.94E-05,3.04E-05,3.17E-05,3.09E-05,3.16E-05,3.36E-05,3.48E-05,3.12E-05,2.333333333,A2,A1,B1,A2
prisoner,NOUN,1.04E-05,1.05E-05,1.00E-05,1.08E-05,1.22E-05,1.12E-05,1.21E-05,1.37E-05,1.93E-05,1.22E-05,3.333333333,B1,B2,B1,A1
private,ADJ,0.000134603,0.00013358,0.000135111,0.000131734,0.000121956,0.000125097,0.000125226,0.000121801,0.000113626,0.00012697,2.666666667,B1,A1,B1,A2
privilege,NOUN,1.72E-05,1.64E-05,1.66E-05,1.68E-05,1.63E-05,1.58E-05,1.69E-05,1.79E-05,1.96E-05,1.71E-05,4,B2,B2,B1,B1
prize,NOUN,8.22E-06,8.62E-06,8.18E-06,8.47E-06,9.00E-06,8.73E-06,9.13E-06,9.71E-06,1.20E-05,9.11E-06,2.333333333,A2,C1,B1,A1
probability,NOUN,3.68E-05,4.10E-05,3.85E-05,4.01E-05,4.07E-05,4.14E-05,3.93E-05,3.84E-05,3.38E-05,3.89E-05,3.666666667,B2,A2,A2,A2
probably,ADV,0.000139087,0.000136398,0.000137522,0.000137085,0.000134908,0.000131876,0.000131387,0.0001309,0.000130441,0.0001344,2.333333333,A2,A1,A2,A2
problem,NOUN,0.000233566,0.000234712,0.000233524,0.000227356,0.000217511,0.000223022,0.000208784,0.000197757,0.000157874,0.000214901,1.333333333,A1,A1,A2,A2
procedure,NOUN,6.46E-05,6.56E-05,6.81E-05,6.34E-05,5.88E-05,6.01E-05,5.74E-05,5.27E-05,4.09E-05,5.91E-05,2,A2,A1,B1,A2
proceed,VERB,1.96E-05,1.94E-05,1.88E-05,1.99E-05,1.97E-05,1.88E-05,2.01E-05,2.01E-05,2.56E-05,2.02E-05,4.333333333,B2,B2,B1,B1
process,NOUN,0.0003385,0.000343928,0.00034077,0.000341378,0.000326874,0.000340857,0.000331301,0.000313628,0.00025543,0.000325852,2.666666667,B1,A1,B1,A2
process,VERB,6.24E-06,6.92E-06,7.32E-06,7.24E-06,6.67E-06,6.72E-06,6.44E-06,6.14E-06,4.99E-06,6.52E-06,2.666666667,B1,C1,B1,B2
produce,VERB,8.80E-05,8.66E-05,8.47E-05,8.25E-05,8.18E-05,8.09E-05,8.01E-05,7.84E-05,7.23E-05,8.17E-05,2.333333333,A2,A2,B1,A1
producer,NOUN,1.32E-05,1.26E-05,1.25E-05,1.17E-05,1.20E-05,1.25E-05,1.15E-05,1.13E-05,8.92E-06,1.18E-05,3,B1,C1,B1,A1
product,NOUN,0.000113838,0.000123142,0.000119134,0.000113828,0.000111385,0.000113754,0.000109845,0.000106735,8.40E-05,0.000110633,2.666666667,B1,A1,B1,A2
production,NOUN,0.000162497,0.000156719,0.000151902,0.000146768,0.000142729,0.000145739,0.00014151,0.000135739,0.000106413,0.000143335,3,B1,A1,B1,A2
productivity,NOUN,2.48E-05,2.49E-05,2.31E-05,2.26E-05,2.14E-05,2.23E-05,2.19E-05,1.98E-05,1.47E-05,2.17E-05,3.333333333,B1,B2,B2,B1
profession,NOUN,2.07E-05,2.01E-05,1.95E-05,2.01E-05,1.96E-05,1.95E-05,2.09E-05,2.01E-05,2.33E-05,2.04E-05,2,A2,B2,B1,B1
professional,ADJ,7.73E-05,7.56E-05,7.40E-05,7.38E-05,7.24E-05,7.50E-05,7.50E-05,7.05E-05,5.78E-05,7.24E-05,1.666666667,A2,A2,B1,A2
professional,NOUN,2.07E-06,1.99E-06,1.98E-06,1.92E-06,2.03E-06,2.00E-06,1.99E-06,1.81E-06,1.41E-06,1.91E-06,2.666666667,B1,C2,B1,C1
profile,NOUN,2.30E-05,2.35E-05,2.39E-05,2.37E-05,2.34E-05,2.36E-05,2.36E-05,2.22E-05,1.69E-05,2.26E-05,2.333333333,A2,B2,B1,B1
profit,NOUN,2.95E-05,3.26E-05,3.03E-05,2.97E-05,2.94E-05,3.09E-05,3.06E-05,3.14E-05,3.13E-05,3.06E-05,3,B1,A2,B1,A2
profitable,ADJ,9.38E-06,9.38E-06,9.15E-06,9.28E-06,8.94E-06,9.06E-06,9.38E-06,9.52E-06,1.09E-05,9.44E-06,3.333333333,B1,C1,B1,B2
profound,ADJ,1.96E-05,1.90E-05,1.88E-05,1.89E-05,1.97E-05,1.88E-05,1.98E-05,2.00E-05,2.12E-05,1.95E-05,4,B2,B2,B1,B1
profoundly,ADV,7.33E-06,6.94E-06,6.77E-06,6.74E-06,6.95E-06,6.80E-06,6.92E-06,7.24E-06,7.08E-06,6.97E-06,5,C1,C1,B1,B1
program,NOUN,0.000152374,0.000163224,0.000159119,0.000153671,0.000141052,0.000141284,0.000130505,0.00012629,9.76E-05,0.000140567,1.333333333,A1,A1,A2,A2
programme,NOUN,2.95E-05,2.53E-05,2.68E-05,2.51E-05,2.47E-05,2.59E-05,2.35E-05,2.29E-05,1.69E-05,2.45E-05,2,A2,B2,A2,B1
progress,NOUN,5.56E-05,5.50E-05,5.41E-05,5.53E-05,5.53E-05,5.59E-05,5.76E-05,5.68E-05,6.11E-05,5.63E-05,2.333333333,A2,A1,B1,A2
progress,VERB,3.59E-06,3.56E-06,3.59E-06,3.57E-06,3.60E-06,3.63E-06,3.63E-06,3.43E-06,3.02E-06,3.51E-06,3,B1,C2,B1,B2
progressive,ADJ,2.06E-05,2.00E-05,1.97E-05,1.92E-05,1.91E-05,1.97E-05,1.98E-05,1.84E-05,1.62E-05,1.92E-05,4.666666667,C1,B2,B1,B1
prohibit,VERB,4.47E-06,4.68E-06,4.53E-06,4.45E-06,4.06E-06,4.16E-06,4.11E-06,4.01E-06,3.77E-06,4.25E-06,3.666666667,B2,C2,B1,B2
project,NOUN,0.000113459,0.000119848,0.000126461,0.000126829,0.000123434,0.000122281,0.000123734,0.000119279,9.15E-05,0.00011854,2.333333333,A2,A1,B1,A2
prominent,ADJ,2.72E-05,2.68E-05,2.65E-05,2.61E-05,2.62E-05,2.66E-05,2.69E-05,2.63E-05,2.53E-05,2.64E-05,4,B2,B2,B1,B1
promise,NOUN,2.44E-05,2.54E-05,2.40E-05,2.53E-05,2.64E-05,2.55E-05,2.71E-05,2.76E-05,3.29E-05,2.65E-05,2,A2,A2,B1,A2
promise,VERB,8.55E-06,8.65E-06,9.14E-06,9.44E-06,1.02E-05,9.94E-06,1.02E-05,1.09E-05,1.33E-05,1.00E-05,2.333333333,A2,C1,A2,B1
promote,VERB,3.36E-05,3.40E-05,3.39E-05,3.38E-05,3.26E-05,3.44E-05,3.43E-05,3.26E-05,2.82E-05,3.30E-05,3,B1,A2,B1,A1
promotion,NOUN,2.15E-05,2.10E-05,2.14E-05,2.01E-05,1.97E-05,2.00E-05,2.00E-05,1.84E-05,1.64E-05,1.98E-05,3.333333333,B1,B2,B1,B1
prompt,VERB,2.18E-06,2.24E-06,2.32E-06,2.26E-06,2.18E-06,2.21E-06,2.21E-06,2.19E-06,2.05E-06,2.20E-06,3.333333333,B1,C2,B1,B2
promptly,ADV,7.94E-06,8.31E-06,7.84E-06,7.99E-06,8.61E-06,8.33E-06,8.32E-06,9.01E-06,1.07E-05,8.56E-06,3.666666667,B2,C1,B1,B2
proof,NOUN,2.92E-05,2.90E-05,2.82E-05,2.94E-05,2.91E-05,2.86E-05,3.01E-05,3.03E-05,3.67E-05,3.01E-05,3,B1,A1,B1,A2
proper,ADJ,6.06E-05,6.03E-05,5.91E-05,5.99E-05,5.98E-05,5.87E-05,6.09E-05,6.13E-05,7.56E-05,6.18E-05,3.666666667,B2,A2,A2,A2
properly,ADV,3.51E-05,3.53E-05,3.54E-05,3.65E-05,3.48E-05,3.47E-05,3.49E-05,3.51E-05,3.88E-05,3.56E-05,3.333333333,B1,A2,B1,B1
property,NOUN,0.000133966,0.000139061,0.000143025,0.000137307,0.000132945,0.000135343,0.000137044,0.000129693,0.00012939,0.000135308,3.333333333,B1,A1,B1,A2
proportion,NOUN,3.49E-05,3.39E-05,3.15E-05,3.27E-05,3.16E-05,3.15E-05,3.24E-05,3.24E-05,3.88E-05,3.33E-05,4,B2,A1,B1,A2
proposal,NOUN,2.66E-05,2.66E-05,2.58E-05,2.52E-05,2.39E-05,2.54E-05,2.49E-05,2.33E-05,2.22E-05,2.49E-05,3.666666667,B2,B2,B1,B1
propose,VERB,1.15E-05,1.17E-05,1.14E-05,1.18E-05,1.28E-05,1.33E-05,1.35E-05,1.32E-05,1.50E-05,1.27E-05,3,B1,B2,B1,B1
proposed,ADJ,4.55E-06,4.69E-06,4.38E-06,4.41E-06,4.52E-06,4.73E-06,4.51E-06,4.32E-06,3.88E-06,4.44E-06,4.333333333,B2,C2,B1,B2
proposition,NOUN,1.38E-05,1.42E-05,1.41E-05,1.37E-05,1.37E-05,1.37E-05,1.47E-05,1.46E-05,1.80E-05,1.45E-05,4.666666667,C1,B2,B1,B1
prosecution,NOUN,1.07E-05,1.05E-05,9.81E-06,1.08E-05,9.37E-06,9.78E-06,9.59E-06,1.04E-05,9.80E-06,1.01E-05,4.666666667,C1,C1,B1,A1
prospect,NOUN,1.39E-05,1.44E-05,1.31E-05,1.32E-05,1.46E-05,1.38E-05,1.46E-05,1.55E-05,1.82E-05,1.46E-05,3.333333333,B1,B2,B1,B1
protect,VERB,5.00E-05,5.06E-05,5.22E-05,5.18E-05,5.00E-05,5.09E-05,5.02E-05,4.90E-05,4.48E-05,5.00E-05,2,A2,A1,B1,A1
protection,NOUN,6.98E-05,6.91E-05,7.21E-05,7.06E-05,6.74E-05,6.85E-05,6.92E-05,6.57E-05,6.22E-05,6.83E-05,3.333333333,B1,A1,B1,A2
protein,NOUN,5.24E-05,5.16E-05,5.59E-05,5.15E-05,5.88E-05,5.77E-05,5.80E-05,5.28E-05,3.83E-05,5.30E-05,3.666666667,B2,A1,B1,A2
protest,NOUN,1.36E-05,1.40E-05,1.31E-05,1.31E-05,1.30E-05,1.27E-05,1.29E-05,1.28E-05,1.28E-05,1.31E-05,2.333333333,A2,B2,B1,A1
protest,VERB,3.94E-06,4.00E-06,3.88E-06,3.91E-06,4.02E-06,3.91E-06,3.95E-06,4.03E-06,4.33E-06,4.00E-06,2.333333333,A2,C2,B1,B2
proud,ADJ,1.83E-05,1.85E-05,1.91E-05,2.02E-05,2.22E-05,2.16E-05,2.19E-05,2.38E-05,3.04E-05,2.18E-05,2,A2,B2,A2,B1
prove,VERB,3.90E-05,3.87E-05,3.80E-05,4.00E-05,4.00E-05,3.88E-05,4.07E-05,4.14E-05,4.97E-05,4.07E-05,3.333333333,B1,A2,B1,A1
provide,VERB,0.00019965,0.000205258,0.000206019,0.000200499,0.000190759,0.000197498,0.000189783,0.000179895,0.000143974,0.00019037,3.333333333,B1,A1,B1,A1
province,NOUN,1.76E-05,1.69E-05,1.67E-05,1.65E-05,1.59E-05,1.58E-05,1.75E-05,1.77E-05,1.93E-05,1.71E-05,4,B2,B2,B1,B1
provincial,ADJ,1.38E-05,1.31E-05,1.29E-05,1.22E-05,1.17E-05,1.17E-05,1.31E-05,1.23E-05,1.05E-05,1.24E-05,4.666666667,C1,C1,B2,B2
provision,NOUN,4.01E-05,3.95E-05,3.91E-05,3.75E-05,3.47E-05,3.68E-05,3.68E-05,3.48E-05,3.30E-05,3.69E-05,4,B2,A1,B1,A2
provoke,VERB,4.26E-06,4.15E-06,4.11E-06,4.02E-06,4.15E-06,4.10E-06,4.23E-06,4.26E-06,4.21E-06,4.16E-06,4.333333333,B2,C2,B1,B2
psychological,ADJ,4.19E-05,4.18E-05,4.01E-05,3.95E-05,4.04E-05,3.96E-05,4.06E-05,3.76E-05,2.93E-05,3.90E-05,3,B1,A2,B1,B1
psychologist,NOUN,5.81E-06,5.44E-06,5.48E-06,5.63E-06,5.59E-06,5.73E-06,5.91E-06,5.52E-06,4.35E-06,5.49E-06,2,A2,C1,B1,A1
psychology,NOUN,2.69E-05,2.66E-05,2.62E-05,2.80E-05,2.71E-05,2.69E-05,2.77E-05,2.74E-05,2.15E-05,2.65E-05,2,A2,B2,B1,A2
pub,NOUN,3.86E-06,3.73E-06,3.72E-06,3.54E-06,3.62E-06,3.69E-06,3.90E-06,3.81E-06,3.08E-06,3.66E-06,3.333333333,B1,C2,B1,C1
public,ADJ,0.000290712,0.000291819,0.000294888,0.000292257,0.000270883,0.000275794,0.000278002,0.000273153,0.000261604,0.000281012,2.333333333,A2,A1,B1,A2
public,ADJ,0.000290712,0.000291819,0.000294888,0.000292257,0.000270883,0.000275794,0.000278002,0.000273153,0.000261604,0.000281012,1.666666667,A2,A1,B1,A2
public,ADJ,0.000290712,0.000291819,0.000294888,0.000292257,0.000270883,0.000275794,0.000278002,0.000273153,0.000261604,0.000281012,2.333333333,A2,A1,B1,A2
publication,NOUN,3.64E-05,3.60E-05,3.49E-05,3.39E-05,3.36E-05,3.36E-05,3.43E-05,3.32E-05,2.86E-05,3.38E-05,2.666666667,B1,A2,B1,A2
publicity,NOUN,1.01E-05,9.47E-06,9.38E-06,9.01E-06,9.21E-06,9.18E-06,8.73E-06,8.61E-06,7.27E-06,9.00E-06,4.666666667,C1,C1,B1,A1
publicly,ADV,1.46E-05,1.49E-05,1.46E-05,1.46E-05,1.44E-05,1.46E-05,1.50E-05,1.49E-05,1.37E-05,1.46E-05,3.333333333,B1,B2,B1,A2
publish,VERB,9.76E-06,1.02E-05,1.00E-05,9.95E-06,9.56E-06,9.49E-06,1.02E-05,9.97E-06,9.35E-06,9.84E-06,3,B1,C1,B1,B1
publisher,NOUN,1.57E-05,1.60E-05,1.61E-05,1.56E-05,1.52E-05,1.52E-05,1.59E-05,1.46E-05,1.57E-05,1.56E-05,2,A2,B2,B1,B1
pull,VERB,2.08E-05,2.12E-05,2.26E-05,2.33E-05,2.32E-05,2.38E-05,2.28E-05,2.27E-05,2.22E-05,2.25E-05,1.666666667,A2,B2,A2,B1
pulse,NOUN,1.75E-05,1.74E-05,1.76E-05,1.74E-05,1.83E-05,1.74E-05,1.76E-05,1.64E-05,1.39E-05,1.70E-05,3.333333333,B1,B2,B1,B1
pump,NOUN,1.11E-05,1.22E-05,1.20E-05,1.31E-05,1.30E-05,1.22E-05,1.20E-05,1.06E-05,1.00E-05,1.18E-05,4,B2,C1,B1,A1
punishment,NOUN,2.39E-05,2.43E-05,2.32E-05,2.47E-05,2.47E-05,2.49E-05,2.50E-05,2.48E-05,2.93E-05,2.50E-05,3,B1,B2,B1,B1
pupil,NOUN,9.32E-06,7.60E-06,8.13E-06,8.41E-06,8.62E-06,8.92E-06,8.01E-06,9.06E-06,1.24E-05,8.94E-06,1.333333333,A1,C1,A2,A1
purchase,NOUN,2.20E-05,2.42E-05,2.18E-05,2.24E-05,2.18E-05,2.22E-05,2.14E-05,2.11E-05,2.01E-05,2.19E-05,3,B1,B2,B1,B1
purchase,VERB,1.49E-05,1.57E-05,1.49E-05,1.49E-05,1.50E-05,1.52E-05,1.46E-05,1.46E-05,1.44E-05,1.49E-05,4,B2,B2,B1,B2
pure,ADJ,3.97E-05,3.93E-05,3.92E-05,4.06E-05,4.08E-05,3.97E-05,4.13E-05,4.29E-05,5.00E-05,4.15E-05,3,B1,A1,B1,A1
purely,ADV,1.92E-05,1.85E-05,1.83E-05,1.83E-05,1.79E-05,1.78E-05,1.85E-05,1.89E-05,1.90E-05,1.85E-05,3.333333333,B1,B2,B1,A2
purpose,NOUN,0.000103871,0.000103918,0.000101986,0.000105743,0.000105087,0.000105203,0.00010947,0.000110101,0.000129008,0.000108265,3,B1,A1,B1,A2
pursue,VERB,1.89E-05,1.90E-05,1.86E-05,1.85E-05,1.86E-05,1.88E-05,1.92E-05,1.90E-05,1.88E-05,1.88E-05,3.666666667,B2,B2,B1,B1
pursuit,NOUN,1.58E-05,1.55E-05,1.58E-05,1.53E-05,1.61E-05,1.55E-05,1.66E-05,1.70E-05,1.88E-05,1.63E-05,5,C1,B2,B1,B1
push,VERB,1.57E-05,1.60E-05,1.63E-05,1.69E-05,1.65E-05,1.69E-05,1.66E-05,1.66E-05,1.56E-05,1.63E-05,1.666666667,A2,B2,B1,B2
put,VERB,0.00022282,0.000219973,0.000226004,0.000233962,0.000240197,0.000238967,0.000238601,0.000249113,0.000283062,0.000239189,2,A2,A1,A1,A1
qualification,NOUN,5.34E-06,5.32E-06,5.06E-06,5.27E-06,4.90E-06,5.04E-06,5.19E-06,4.88E-06,5.05E-06,5.12E-06,3.666666667,B2,C1,B1,A1
qualified,ADJ,7.47E-06,7.91E-06,7.91E-06,7.57E-06,7.46E-06,8.04E-06,8.19E-06,7.03E-06,5.93E-06,7.50E-06,3.333333333,B1,C1,B2,B2
quality,NOUN,0.000124506,0.000123392,0.000123397,0.00012123,0.000119225,0.000123476,0.000121346,0.00011423,9.79E-05,0.000118741,2.666666667,B1,A1,B1,A2
quantity,NOUN,2.71E-05,2.89E-05,2.60E-05,2.64E-05,2.74E-05,2.67E-05,2.66E-05,2.97E-05,3.67E-05,2.84E-05,2.666666667,B1,A2,A2,A2
quarter,NOUN,2.30E-05,2.36E-05,2.30E-05,2.30E-05,2.40E-05,2.25E-05,2.37E-05,2.53E-05,3.11E-05,2.43E-05,2.666666667,B1,A2,B1,B1
quest,NOUN,1.15E-05,1.14E-05,1.11E-05,1.11E-05,1.13E-05,1.11E-05,1.10E-05,1.13E-05,1.03E-05,1.11E-05,4,B2,C1,B1,A1
question,NOUN,0.000197042,0.000193019,0.000192622,0.000194758,0.000192275,0.000191986,0.000196071,0.000195155,0.000206638,0.000195507,1,A1,A1,A2,A2
question,VERB,1.18E-05,1.15E-05,1.16E-05,1.17E-05,1.17E-05,1.19E-05,1.19E-05,1.19E-05,1.16E-05,1.17E-05,1,A1,B2,B1,B1
questionnaire,NOUN,8.41E-06,7.95E-06,7.76E-06,8.25E-06,7.75E-06,8.06E-06,7.99E-06,7.79E-06,5.58E-06,7.73E-06,3.666666667,B2,C1,B1,A1
quick,ADJ,3.36E-05,3.43E-05,3.58E-05,3.66E-05,3.79E-05,3.77E-05,3.66E-05,3.89E-05,4.33E-05,3.72E-05,2,A2,A1,A2,A1
quickly,ADV,8.51E-05,8.71E-05,9.16E-05,9.20E-05,9.25E-05,9.24E-05,8.95E-05,9.19E-05,9.31E-05,9.06E-05,2.333333333,A2,A1,A2,A1
quiet,ADJ,3.24E-05,3.26E-05,3.36E-05,3.45E-05,3.72E-05,3.64E-05,3.60E-05,3.98E-05,4.92E-05,3.68E-05,2.333333333,A2,A2,A2,A1
quietly,ADV,1.82E-05,1.81E-05,1.92E-05,1.97E-05,2.19E-05,2.11E-05,2.06E-05,2.32E-05,2.87E-05,2.12E-05,2.333333333,A2,B2,A2,B1
quite,ADV,0.000144212,0.000141774,0.00014145,0.000143454,0.000151447,0.000144953,0.000148529,0.000159499,0.000189958,0.000151697,3,B1,A1,A2,A2
quote,VERB,7.01E-06,6.81E-06,6.53E-06,7.21E-06,7.04E-06,6.92E-06,7.44E-06,7.49E-06,8.61E-06,7.23E-06,3,B1,C1,B1,B2
rabbit,NOUN,3.65E-06,3.45E-06,3.80E-06,3.41E-06,3.48E-06,3.55E-06,3.40E-06,3.51E-06,3.89E-06,3.57E-06,1.333333333,A1,C2,B1,C1
race,NOUN,6.21E-05,6.24E-05,6.08E-05,6.47E-05,6.50E-05,6.27E-05,6.45E-05,6.59E-05,7.30E-05,6.45E-05,2,A2,A1,A2,A2
racist,ADJ,6.44E-06,6.14E-06,5.88E-06,5.58E-06,5.54E-06,5.42E-06,5.27E-06,5.14E-06,4.21E-06,5.51E-06,3.333333333,B1,C1,B1,B2
radiation,NOUN,2.71E-05,2.79E-05,2.79E-05,2.76E-05,2.51E-05,2.46E-05,2.56E-05,2.37E-05,1.64E-05,2.51E-05,3.333333333,B1,B2,B2,B1
radical,ADJ,3.59E-05,3.39E-05,3.35E-05,3.26E-05,3.07E-05,3.06E-05,3.15E-05,3.01E-05,2.39E-05,3.14E-05,3.333333333,B1,A2,B2,B1
radio,NOUN,4.39E-05,4.45E-05,4.55E-05,4.38E-05,4.29E-05,4.26E-05,3.96E-05,3.91E-05,2.87E-05,4.12E-05,1.333333333,A1,A2,A2,A2
raid,NOUN,4.56E-06,4.69E-06,4.68E-06,4.56E-06,4.61E-06,4.46E-06,4.51E-06,4.50E-06,4.22E-06,4.53E-06,4.333333333,B2,C2,B1,C1
rail,NOUN,1.05E-05,1.08E-05,1.01E-05,9.77E-06,9.69E-06,1.00E-05,9.26E-06,9.97E-06,1.09E-05,1.01E-05,2.666666667,B1,C1,B1,A1
railway,NOUN,1.00E-05,1.05E-05,9.45E-06,9.31E-06,9.36E-06,1.01E-05,1.03E-05,1.18E-05,1.66E-05,1.08E-05,1.333333333,A1,B2,B1,A1
rain,NOUN,3.10E-05,3.01E-05,3.03E-05,3.07E-05,3.12E-05,3.07E-05,2.99E-05,3.21E-05,3.68E-05,3.14E-05,1,A1,A1,A2,A2
raise,VERB,3.53E-05,3.50E-05,3.49E-05,3.50E-05,3.47E-05,3.53E-05,3.52E-05,3.50E-05,3.67E-05,3.52E-05,3,B1,A2,B1,A1
rally,NOUN,2.66E-06,2.78E-06,2.75E-06,2.75E-06,2.62E-06,2.62E-06,2.69E-06,2.73E-06,2.38E-06,2.67E-06,2.666666667,B1,C2,B1,C1
random,ADJ,2.79E-05,2.99E-05,3.00E-05,3.02E-05,3.00E-05,3.16E-05,2.91E-05,2.75E-05,2.20E-05,2.87E-05,3,B1,B2,B1,B1
range,NOUN,0.000122539,0.000123135,0.000120716,0.000117594,0.000115183,0.000116709,0.000112476,0.000110001,8.71E-05,0.000113942,3.333333333,B1,A1,A2,A2
range,VERB,1.00E-05,1.04E-05,9.96E-06,9.61E-06,9.29E-06,9.20E-06,8.86E-06,8.69E-06,7.05E-06,9.23E-06,3.666666667,B2,C1,B1,B1
rank,NOUN,1.50E-05,1.47E-05,1.39E-05,1.48E-05,1.58E-05,1.48E-05,1.64E-05,1.66E-05,2.26E-05,1.61E-05,4.333333333,B2,B2,B1,B1
rare,ADJ,3.43E-05,3.41E-05,3.36E-05,3.35E-05,3.47E-05,3.35E-05,3.43E-05,3.38E-05,3.50E-05,3.41E-05,2.666666667,B1,A2,B1,B1
rarely,ADV,3.26E-05,3.22E-05,3.19E-05,3.14E-05,3.15E-05,3.13E-05,3.07E-05,3.04E-05,2.95E-05,3.13E-05,3,B1,A2,B1,B1
rat,NOUN,6.26E-06,5.89E-06,6.51E-06,5.66E-06,6.35E-06,6.50E-06,6.30E-06,6.00E-06,5.27E-06,6.08E-06,1.666666667,A2,C1,B1,A1
rate,NOUN,0.000188963,0.000192499,0.00018292,0.00017984,0.000173552,0.000175977,0.00017234,0.000165376,0.000138646,0.000174457,3,B1,A1,B1,A2
rather,ADV,0.000269906,0.000261399,0.000259075,0.000255004,0.000256387,0.000255084,0.000258527,0.000263496,0.000260254,0.000259903,3,B1,A1,B1,A1
rating,NOUN,1.08E-05,1.15E-05,1.18E-05,1.10E-05,1.17E-05,1.16E-05,1.15E-05,1.11E-05,8.74E-06,1.11E-05,3.333333333,B1,C1,B1,A1
ratio,NOUN,5.25E-05,5.52E-05,5.21E-05,5.17E-05,5.13E-05,5.23E-05,5.06E-05,4.88E-05,3.88E-05,5.04E-05,4.333333333,B2,A1,B1,A2
rational,ADJ,3.00E-05,3.02E-05,2.98E-05,2.87E-05,2.78E-05,2.73E-05,2.89E-05,2.72E-05,2.47E-05,2.83E-05,3.666666667,B2,B2,B2,B1
raw,ADJ,2.34E-05,2.27E-05,2.20E-05,2.20E-05,2.14E-05,2.19E-05,2.13E-05,2.19E-05,1.93E-05,2.18E-05,2,A2,B2,B1,B1
reach,NOUN,1.04E-05,1.01E-05,1.03E-05,1.08E-05,1.14E-05,1.11E-05,1.18E-05,1.22E-05,1.47E-05,1.14E-05,2.666666667,B1,B2,B1,A1
reach,VERB,5.60E-05,5.66E-05,5.67E-05,5.67E-05,5.69E-05,5.71E-05,5.65E-05,5.75E-05,5.79E-05,5.69E-05,2,A2,A2,A2,A1
react,VERB,1.18E-05,1.20E-05,1.20E-05,1.18E-05,1.15E-05,1.17E-05,1.11E-05,1.10E-05,8.61E-06,1.13E-05,3,B1,C1,B1,B1
read,VERB,0.000142859,0.000144037,0.000147223,0.0001489,0.000150218,0.000146686,0.000148126,0.000151503,0.000164711,0.000149363,1,A1,A1,A2,A2
reader,NOUN,4.57E-05,4.37E-05,4.27E-05,4.26E-05,4.27E-05,4.24E-05,4.44E-05,4.42E-05,4.56E-05,4.38E-05,2.666666667,B1,A1,B1,A2
readership,NOUN,2.42E-06,2.14E-06,2.15E-06,2.05E-06,2.10E-06,2.07E-06,2.10E-06,2.11E-06,1.46E-06,2.07E-06,3.333333333,B1,C2,B1,C1
reading,NOUN,3.71E-05,3.48E-05,3.58E-05,3.47E-05,3.48E-05,3.48E-05,3.53E-05,3.51E-05,3.28E-05,3.50E-05,1,A1,A2,B1,A2
ready,ADJ,7.05E-05,7.17E-05,7.47E-05,7.82E-05,8.22E-05,8.04E-05,8.15E-05,8.58E-05,0.000104029,8.10E-05,1.666666667,A2,A2,A1,A2
real,ADJ,0.000186394,0.00018812,0.000187275,0.000190032,0.000187509,0.000191863,0.000187059,0.000186122,0.00017621,0.000186731,1.666666667,A2,A1,A2,A2
realistic,ADJ,1.63E-05,1.62E-05,1.60E-05,1.52E-05,1.50E-05,1.52E-05,1.45E-05,1.40E-05,1.07E-05,1.48E-05,3,B1,B2,B1,B2
realistically,ADV,2.18E-06,2.13E-06,2.14E-06,2.01E-06,1.93E-06,1.94E-06,1.88E-06,1.80E-06,1.36E-06,1.93E-06,2.666666667,B1,C2,B1,A2
realize,VERB,3.32E-05,3.35E-05,3.52E-05,3.57E-05,3.52E-05,3.67E-05,3.52E-05,3.51E-05,3.26E-05,3.47E-05,3,B1,A2,A2,A1
really,ADV,0.000170284,0.000170006,0.000182363,0.000185522,0.000189019,0.000193008,0.000191073,0.000192834,0.000193753,0.000185318,2,A2,A1,A2,A2
realm,NOUN,1.97E-05,1.87E-05,1.94E-05,1.98E-05,1.92E-05,1.96E-05,1.99E-05,1.96E-05,1.78E-05,1.93E-05,5.666666667,C2,C1,B1,B1
reason,NOUN,0.00015279,0.000151136,0.000151753,0.000157,0.000155435,0.000154133,0.000161102,0.000161824,0.000177247,0.000158047,2.666666667,B1,A1,B1,A2
reasonable,ADJ,4.72E-05,4.87E-05,4.65E-05,4.64E-05,4.38E-05,4.44E-05,4.40E-05,4.29E-05,4.32E-05,4.52E-05,3.333333333,B1,A1,B1,A1
receipt,NOUN,7.87E-06,8.46E-06,7.64E-06,7.57E-06,7.91E-06,7.73E-06,7.70E-06,7.39E-06,8.14E-06,7.82E-06,2,A2,C1,B1,A1
receive,VERB,6.45E-05,6.75E-05,6.56E-05,6.74E-05,6.79E-05,6.72E-05,6.79E-05,6.75E-05,7.45E-05,6.78E-05,2.333333333,A2,A2,A2,A1
recent,ADJ,9.67E-05,9.56E-05,9.33E-05,9.14E-05,8.97E-05,9.16E-05,9.10E-05,8.83E-05,7.48E-05,9.03E-05,3,B1,A2,B1,A2
recently,ADV,5.60E-05,5.55E-05,5.49E-05,5.37E-05,5.31E-05,5.40E-05,5.35E-05,5.19E-05,4.53E-05,5.31E-05,2.666666667,B1,A1,B1,A1
reception,NOUN,1.37E-05,1.29E-05,1.34E-05,1.34E-05,1.44E-05,1.40E-05,1.46E-05,1.55E-05,1.65E-05,1.43E-05,3.333333333,B1,B2,B1,B1
recipe,NOUN,6.18E-06,6.66E-06,6.46E-06,6.74E-06,6.52E-06,6.75E-06,6.38E-06,6.15E-06,4.97E-06,6.31E-06,2.666666667,B1,C1,B1,A1
recognition,NOUN,4.91E-05,4.72E-05,4.67E-05,4.57E-05,4.53E-05,4.73E-05,4.66E-05,4.54E-05,3.95E-05,4.59E-05,3.666666667,B2,A2,B1,A2
recognize,VERB,4.36E-05,4.35E-05,4.35E-05,4.30E-05,4.26E-05,4.31E-05,4.29E-05,4.20E-05,3.69E-05,4.23E-05,3.333333333,B1,A2,B1,A1
recollection,NOUN,3.89E-06,3.67E-06,3.51E-06,3.74E-06,4.49E-06,4.11E-06,4.98E-06,5.39E-06,7.71E-06,4.61E-06,3.666666667,B2,C1,B1,C1
recommend,VERB,1.42E-05,1.42E-05,1.44E-05,1.48E-05,1.45E-05,1.45E-05,1.47E-05,1.38E-05,1.43E-05,1.44E-05,3.333333333,B1,B2,B1,B2
record,NOUN,6.47E-05,6.65E-05,6.47E-05,6.56E-05,6.12E-05,6.02E-05,5.85E-05,5.75E-05,5.19E-05,6.12E-05,2,A2,A1,B1,A2
record,VERB,1.27E-05,1.31E-05,1.27E-05,1.27E-05,1.31E-05,1.27E-05,1.17E-05,1.17E-05,1.01E-05,1.23E-05,2.666666667,B1,B2,B1,B1
recording,NOUN,1.02E-05,1.03E-05,1.07E-05,1.04E-05,1.01E-05,1.03E-05,9.30E-06,8.95E-06,6.90E-06,9.69E-06,2.666666667,B1,C1,B1,A1
recover,VERB,1.50E-05,1.54E-05,1.50E-05,1.48E-05,1.46E-05,1.45E-05,1.50E-05,1.47E-05,1.56E-05,1.50E-05,3.666666667,B2,B2,B1,B2
recovery,NOUN,3.07E-05,3.07E-05,3.15E-05,2.99E-05,2.97E-05,2.96E-05,2.95E-05,2.77E-05,2.48E-05,2.93E-05,3,B1,B2,B1,A2
recruit,VERB,3.72E-06,3.69E-06,3.65E-06,3.59E-06,3.65E-06,3.80E-06,3.83E-06,3.67E-06,3.14E-06,3.64E-06,5,C1,C2,B1,B2
recruitment,NOUN,8.20E-06,8.56E-06,8.26E-06,7.65E-06,7.72E-06,8.63E-06,8.78E-06,8.07E-06,5.76E-06,7.96E-06,3.666666667,B2,C1,B2,A1
red,ADJ,8.84E-05,8.83E-05,9.10E-05,9.10E-05,9.42E-05,9.33E-05,8.96E-05,9.48E-05,0.000102667,9.26E-05,1,A1,A2,A1,A2
red,NOUN,7.58E-07,7.48E-07,7.83E-07,7.97E-07,8.43E-07,8.11E-07,7.88E-07,8.76E-07,1.04E-06,8.27E-07,1,A1,C2,B1,C1
reduce,VERB,6.15E-05,6.36E-05,6.28E-05,6.09E-05,5.95E-05,6.15E-05,5.94E-05,5.67E-05,4.62E-05,5.91E-05,3.666666667,B2,A2,B1,A1
redundancy,NOUN,3.15E-06,3.37E-06,3.50E-06,3.62E-06,3.19E-06,3.24E-06,3.06E-06,2.89E-06,2.37E-06,3.15E-06,4.333333333,B2,C2,B1,C1
refer,VERB,4.08E-05,4.13E-05,4.09E-05,4.15E-05,4.02E-05,4.02E-05,4.03E-05,3.84E-05,3.51E-05,3.99E-05,3,B1,A2,B1,A1
reference,NOUN,8.38E-05,8.44E-05,8.53E-05,8.43E-05,7.99E-05,7.98E-05,8.01E-05,7.69E-05,7.06E-05,8.06E-05,3.333333333,B1,A2,B1,A2
referendum,NOUN,4.02E-06,3.92E-06,3.61E-06,3.22E-06,3.28E-06,3.22E-06,3.43E-06,3.02E-06,2.47E-06,3.35E-06,4,B2,C2,B1,C1
reflect,VERB,4.32E-05,4.29E-05,4.20E-05,4.11E-05,4.07E-05,4.14E-05,4.07E-05,3.85E-05,3.21E-05,4.03E-05,3.333333333,B1,A2,B1,A1
reflection,NOUN,2.78E-05,2.73E-05,2.70E-05,2.67E-05,2.86E-05,2.80E-05,2.89E-05,2.88E-05,2.77E-05,2.79E-05,3,B1,A2,B1,A2
reform,NOUN,4.65E-05,4.52E-05,4.28E-05,4.20E-05,3.75E-05,3.85E-05,3.98E-05,3.68E-05,3.10E-05,4.00E-05,3.666666667,B2,A2,B2,A2
refusal,NOUN,1.18E-05,1.17E-05,1.13E-05,1.09E-05,1.09E-05,1.08E-05,1.08E-05,1.11E-05,1.11E-05,1.12E-05,3.333333333,B1,C1,B1,A1
refuse,VERB,1.38E-05,1.36E-05,1.33E-05,1.37E-05,1.42E-05,1.36E-05,1.45E-05,1.50E-05,1.85E-05,1.44E-05,3,B1,B2,B1,B2
regard,NOUN,4.70E-05,4.66E-05,4.54E-05,4.76E-05,4.80E-05,4.79E-05,5.19E-05,5.09E-05,6.05E-05,4.95E-05,4.333333333,B2,A1,B1,A2
regard,VERB,1.34E-05,1.28E-05,1.23E-05,1.31E-05,1.30E-05,1.23E-05,1.36E-05,1.43E-05,1.77E-05,1.36E-05,4,B2,B2,B2,B2
regardless,ADV,2.09E-05,2.17E-05,2.17E-05,2.15E-05,2.10E-05,2.15E-05,2.14E-05,2.05E-05,1.73E-05,2.08E-05,4.333333333,B2,B2,B1,B1
regime,NOUN,3.69E-05,3.65E-05,3.74E-05,3.57E-05,3.50E-05,3.63E-05,3.46E-05,3.47E-05,2.57E-05,3.48E-05,3.666666667,B2,A2,B1,A2
region,NOUN,0.000108558,0.000105704,0.000106032,0.000101952,0.000100219,0.000102344,9.91E-05,9.67E-05,7.83E-05,9.99E-05,2.666666667,B1,A1,A2,A2
register,NOUN,1.11E-05,9.72E-06,9.52E-06,1.07E-05,9.66E-06,1.03E-05,9.08E-06,1.01E-05,9.04E-06,9.91E-06,2.666666667,B1,C1,A2,A1
register,VERB,7.53E-06,7.54E-06,7.98E-06,7.80E-06,7.30E-06,7.23E-06,6.86E-06,6.79E-06,5.65E-06,7.19E-06,2.666666667,B1,C1,B1,B2
registration,NOUN,1.59E-05,1.62E-05,1.72E-05,1.68E-05,1.59E-05,1.67E-05,1.51E-05,1.32E-05,1.09E-05,1.53E-05,3.333333333,B1,B2,A2,B1
regret,VERB,4.08E-06,4.14E-06,4.15E-06,4.39E-06,4.95E-06,4.76E-06,5.07E-06,5.47E-06,7.67E-06,4.96E-06,3.333333333,B1,C1,B1,B2
regular,ADJ,5.31E-05,5.35E-05,5.40E-05,5.33E-05,5.32E-05,5.37E-05,5.27E-05,5.23E-05,5.29E-05,5.32E-05,2.333333333,A2,A2,A2,A1
regularly,ADV,2.37E-05,2.37E-05,2.34E-05,2.32E-05,2.33E-05,2.34E-05,2.35E-05,2.30E-05,2.11E-05,2.31E-05,3,B1,B2,B1,B1
regulate,VERB,1.11E-05,1.11E-05,1.12E-05,1.07E-05,1.06E-05,1.08E-05,1.11E-05,1.07E-05,1.05E-05,1.09E-05,4.333333333,B2,C1,B1,B1
regulation,NOUN,3.69E-05,3.50E-05,3.59E-05,3.42E-05,3.25E-05,3.37E-05,3.44E-05,3.22E-05,2.68E-05,3.35E-05,4.333333333,B2,A2,B1,A2
reign,NOUN,1.22E-05,1.11E-05,1.10E-05,1.22E-05,1.19E-05,1.14E-05,1.30E-05,1.28E-05,1.75E-05,1.26E-05,4,B2,B2,B1,A1
reinforce,VERB,9.18E-06,9.15E-06,9.06E-06,8.61E-06,8.58E-06,8.70E-06,8.61E-06,8.17E-06,6.57E-06,8.51E-06,4.666666667,C1,C1,B1,B2
rejection,NOUN,1.72E-05,1.78E-05,1.65E-05,1.58E-05,1.54E-05,1.58E-05,1.57E-05,1.52E-05,1.23E-05,1.57E-05,4,B2,B2,B1,B1
relate,VERB,2.24E-05,2.20E-05,2.18E-05,2.19E-05,2.18E-05,2.20E-05,2.17E-05,2.07E-05,1.89E-05,2.15E-05,4,B2,B2,B1,B1
relation,NOUN,7.88E-05,7.50E-05,7.40E-05,7.34E-05,7.23E-05,7.40E-05,7.59E-05,7.44E-05,7.21E-05,7.44E-05,3,B1,A1,B1,A2
relationship,NOUN,0.000165545,0.000163391,0.000162745,0.000157333,0.000155499,0.000161047,0.000156947,0.000149216,0.000115585,0.000154145,2.666666667,B1,A1,B1,A2
relative,ADJ,7.58E-05,7.64E-05,7.33E-05,7.13E-05,6.85E-05,6.99E-05,6.94E-05,6.63E-05,5.59E-05,6.97E-05,2,A2,A2,B1,A2
relative,NOUN,2.07E-06,2.01E-06,2.05E-06,2.02E-06,2.09E-06,2.08E-06,2.07E-06,2.04E-06,2.14E-06,2.06E-06,2,A2,C2,B1,C1
relax,VERB,9.19E-06,8.93E-06,9.75E-06,9.71E-06,9.47E-06,9.66E-06,9.27E-06,8.47E-06,7.42E-06,9.10E-06,2.333333333,A2,C1,B1,B1
release,NOUN,3.44E-05,3.43E-05,3.51E-05,3.32E-05,3.41E-05,3.45E-05,3.29E-05,3.15E-05,2.57E-05,3.29E-05,3.333333333,B1,A2,A2,A2
release,VERB,1.27E-05,1.31E-05,1.35E-05,1.30E-05,1.33E-05,1.32E-05,1.27E-05,1.23E-05,1.06E-05,1.27E-05,3,B1,B2,B1,B2
relevance,NOUN,1.48E-05,1.42E-05,1.44E-05,1.39E-05,1.38E-05,1.49E-05,1.42E-05,1.34E-05,9.98E-06,1.37E-05,3.666666667,B2,B2,B1,B1
reliable,ADJ,2.17E-05,2.18E-05,2.19E-05,2.14E-05,2.07E-05,2.12E-05,2.05E-05,1.99E-05,1.66E-05,2.06E-05,3.666666667,B2,B2,B1,B1
relief,NOUN,3.85E-05,3.84E-05,3.92E-05,3.70E-05,3.76E-05,3.84E-05,3.80E-05,3.80E-05,4.08E-05,3.84E-05,4.333333333,B2,A2,B1,A2
relieve,VERB,7.82E-06,7.54E-06,7.96E-06,7.47E-06,7.79E-06,7.34E-06,7.53E-06,7.61E-06,9.25E-06,7.81E-06,3.333333333,B1,C1,B1,B2
religion,NOUN,6.50E-05,6.49E-05,6.47E-05,7.27E-05,7.05E-05,7.01E-05,7.71E-05,7.50E-05,8.57E-05,7.18E-05,2,A2,A2,B1,A2
religious,ADJ,0.00011324,0.000112564,0.000110512,0.000115246,0.000113977,0.000114775,0.000119957,0.00011806,0.000114125,0.000114717,3,B1,A1,B1,A2
relish,VERB,1.03E-06,1.02E-06,1.03E-06,1.09E-06,1.15E-06,1.08E-06,1.12E-06,1.18E-06,1.42E-06,1.12E-06,4.666666667,C1,C2,B1,C1
reluctant,ADJ,1.13E-05,1.12E-05,1.10E-05,1.07E-05,1.05E-05,1.05E-05,1.02E-05,9.95E-06,8.81E-06,1.05E-05,3.666666667,B2,C1,B1,B2
remain,VERB,7.81E-05,7.77E-05,7.55E-05,7.64E-05,7.71E-05,7.63E-05,7.73E-05,7.81E-05,8.18E-05,7.76E-05,3.333333333,B1,A2,B1,A1
remarkably,ADV,8.42E-06,8.25E-06,7.83E-06,7.68E-06,7.92E-06,7.74E-06,7.93E-06,8.05E-06,8.54E-06,8.04E-06,3.666666667,B2,C1,B1,B2
remember,VERB,7.73E-05,7.80E-05,8.28E-05,8.45E-05,8.71E-05,8.79E-05,8.55E-05,8.88E-05,9.89E-05,8.56E-05,1.333333333,A1,A2,A1,A1
remind,VERB,1.10E-05,1.10E-05,1.12E-05,1.14E-05,1.16E-05,1.16E-05,1.16E-05,1.18E-05,1.22E-05,1.15E-05,2.666666667,B1,B2,B1,B1
remote,ADJ,2.78E-05,2.80E-05,3.10E-05,3.15E-05,2.64E-05,2.58E-05,2.48E-05,2.48E-05,2.37E-05,2.71E-05,3.666666667,B2,B2,B1,B1
remove,VERB,3.43E-05,3.54E-05,3.58E-05,3.65E-05,3.48E-05,3.38E-05,3.32E-05,3.30E-05,3.14E-05,3.42E-05,2.666666667,B1,A2,B1,A1
render,VERB,1.15E-05,1.16E-05,1.14E-05,1.22E-05,1.26E-05,1.15E-05,1.35E-05,1.39E-05,2.02E-05,1.32E-05,5,C1,B2,B2,B1
rent,NOUN,1.36E-05,1.36E-05,1.30E-05,1.22E-05,1.35E-05,1.27E-05,1.31E-05,1.32E-05,1.53E-05,1.34E-05,2,A2,B2,B1,A1
repair,NOUN,1.50E-05,1.51E-05,1.55E-05,1.48E-05,1.54E-05,1.54E-05,1.53E-05,1.45E-05,1.22E-05,1.48E-05,3,B1,C1,B1,B1
repair,VERB,4.58E-06,4.51E-06,4.66E-06,4.77E-06,4.88E-06,4.70E-06,4.79E-06,4.82E-06,5.41E-06,4.79E-06,2,A2,C1,B1,B2
repeat,VERB,1.54E-05,1.58E-05,1.55E-05,1.64E-05,1.66E-05,1.59E-05,1.62E-05,1.64E-05,1.83E-05,1.63E-05,2.333333333,A2,B2,B1,B2
replace,VERB,2.27E-05,2.33E-05,2.36E-05,2.29E-05,2.18E-05,2.14E-05,2.05E-05,2.01E-05,1.66E-05,2.14E-05,3.333333333,B1,B2,B1,B1
replacement,NOUN,1.87E-05,1.90E-05,1.94E-05,1.85E-05,1.83E-05,1.82E-05,1.73E-05,1.61E-05,1.17E-05,1.75E-05,4,B2,B2,B1,B1
reply,NOUN,1.50E-05,1.51E-05,1.48E-05,1.56E-05,1.74E-05,1.63E-05,1.79E-05,1.93E-05,2.81E-05,1.77E-05,2.333333333,A2,B2,B1,B1
reply,VERB,3.99E-06,4.13E-06,4.06E-06,4.38E-06,4.75E-06,4.54E-06,4.82E-06,5.29E-06,7.02E-06,4.78E-06,1.666666667,A2,C1,B1,B2
report,NOUN,8.50E-05,8.69E-05,8.58E-05,8.47E-05,8.52E-05,8.68E-05,8.71E-05,8.30E-05,7.68E-05,8.46E-05,2.333333333,A2,A1,B1,A2
report,VERB,2.33E-05,2.43E-05,2.36E-05,2.37E-05,2.42E-05,2.47E-05,2.41E-05,2.32E-05,2.09E-05,2.35E-05,2.666666667,B1,B2,B1,B1
reportedly,ADV,3.78E-06,4.11E-06,3.97E-06,3.82E-06,3.94E-06,3.93E-06,3.82E-06,3.76E-06,2.87E-06,3.78E-06,4.666666667,C1,C2,B1,A2
reporter,NOUN,1.05E-05,1.04E-05,1.07E-05,1.07E-05,1.11E-05,1.10E-05,1.08E-05,1.07E-05,8.92E-06,1.05E-05,2,A2,C1,B1,A1
represent,VERB,6.14E-05,6.25E-05,6.16E-05,6.06E-05,5.95E-05,6.00E-05,5.93E-05,5.86E-05,5.09E-05,5.94E-05,2.666666667,B1,A2,B1,A1
representation,NOUN,5.21E-05,5.07E-05,4.96E-05,4.73E-05,4.69E-05,4.95E-05,4.83E-05,4.70E-05,3.89E-05,4.78E-05,4.333333333,B2,A2,B1,A2
reproach,VERB,4.75E-07,4.54E-07,4.20E-07,5.13E-07,7.07E-07,5.36E-07,7.44E-07,8.68E-07,1.54E-06,6.95E-07,4.333333333,B2,C2,B1,C1
reproduce,VERB,7.77E-06,7.54E-06,7.56E-06,7.20E-06,7.20E-06,7.15E-06,7.53E-06,7.07E-06,6.20E-06,7.25E-06,3.666666667,B2,C1,B1,B2
republic,NOUN,8.10E-06,7.64E-06,7.58E-06,7.27E-06,7.41E-06,7.01E-06,7.47E-06,7.98E-06,9.08E-06,7.73E-06,2.666666667,B1,C1,B1,A1
request,NOUN,3.53E-05,3.83E-05,4.12E-05,4.16E-05,3.82E-05,3.71E-05,3.67E-05,3.61E-05,3.42E-05,3.76E-05,3,B1,A1,B1,A2
request,VERB,7.58E-06,8.18E-06,8.10E-06,7.96E-06,7.67E-06,7.74E-06,7.60E-06,6.97E-06,6.62E-06,7.60E-06,3,B1,C1,B1,B2
require,VERB,8.04E-05,8.33E-05,8.21E-05,8.10E-05,7.77E-05,7.86E-05,7.67E-05,7.45E-05,6.98E-05,7.82E-05,3.333333333,B1,A2,B1,A1
rescue,NOUN,8.11E-06,8.28E-06,8.42E-06,9.41E-06,8.70E-06,9.22E-06,8.77E-06,8.88E-06,8.57E-06,8.71E-06,2.666666667,B1,C1,B1,A1
rescue,VERB,3.93E-06,3.90E-06,4.03E-06,4.12E-06,4.23E-06,4.22E-06,4.24E-06,4.39E-06,4.53E-06,4.18E-06,3,B1,C2,B1,B2
research,NOUN,0.000207427,0.000208727,0.000209047,0.000211971,0.000208453,0.00022173,0.000221743,0.00021064,0.000162011,0.000206861,2.666666667,B1,A1,B1,A2
research,VERB,2.29E-06,2.37E-06,2.35E-06,2.44E-06,2.42E-06,2.47E-06,2.37E-06,2.30E-06,1.78E-06,2.31E-06,2.666666667,B1,C2,B1,B2
researcher,NOUN,1.29E-05,1.21E-05,1.21E-05,1.17E-05,1.25E-05,1.30E-05,1.34E-05,1.28E-05,9.90E-06,1.23E-05,2.666666667,B1,C1,B1,A1
resemble,VERB,8.07E-06,7.98E-06,7.73E-06,7.60E-06,7.73E-06,7.38E-06,7.43E-06,7.58E-06,7.94E-06,7.72E-06,3.666666667,B2,C1,B1,B2
reservation,NOUN,8.40E-06,8.19E-06,8.60E-06,7.31E-06,7.32E-06,8.02E-06,6.86E-06,6.66E-06,6.20E-06,7.51E-06,3,B1,C1,B1,A1
reserve,NOUN,1.22E-05,1.18E-05,1.13E-05,1.15E-05,1.17E-05,1.19E-05,1.21E-05,1.20E-05,1.36E-05,1.20E-05,4,B2,B2,B1,A1
reserve,VERB,2.65E-06,2.65E-06,2.67E-06,2.57E-06,2.57E-06,2.51E-06,2.49E-06,2.42E-06,2.60E-06,2.57E-06,3,B1,C2,B1,B2
residence,NOUN,2.01E-05,1.91E-05,1.80E-05,1.83E-05,1.88E-05,1.85E-05,1.99E-05,1.88E-05,2.17E-05,1.92E-05,3.666666667,B2,B2,B1,B1
resident,NOUN,8.28E-06,8.75E-06,8.48E-06,1.03E-05,8.55E-06,8.07E-06,8.34E-06,8.06E-06,6.87E-06,8.41E-06,2.333333333,A2,C1,B1,A1
residential,ADJ,1.37E-05,1.34E-05,1.33E-05,1.27E-05,1.20E-05,1.25E-05,1.18E-05,1.07E-05,8.21E-06,1.20E-05,4,B2,C1,B1,B2
resignation,NOUN,6.10E-06,6.09E-06,5.74E-06,5.68E-06,5.81E-06,5.76E-06,6.19E-06,6.27E-06,7.42E-06,6.12E-06,4,B2,C1,B1,A1
resist,VERB,1.69E-05,1.69E-05,1.64E-05,1.66E-05,1.69E-05,1.69E-05,1.74E-05,1.76E-05,1.87E-05,1.72E-05,3.666666667,B2,B2,B1,B1
resistance,NOUN,6.06E-05,6.19E-05,6.11E-05,5.90E-05,5.95E-05,5.88E-05,5.96E-05,5.89E-05,5.43E-05,5.93E-05,4,B2,A1,B1,A2
resolution,NOUN,4.18E-05,4.27E-05,4.25E-05,4.20E-05,4.25E-05,4.26E-05,4.16E-05,4.04E-05,3.86E-05,4.16E-05,4,B2,A2,A2,A2
resolve,VERB,1.58E-05,1.62E-05,1.62E-05,1.57E-05,1.46E-05,1.50E-05,1.47E-05,1.39E-05,1.20E-05,1.49E-05,3.666666667,B2,B2,B1,B2
resort,NOUN,9.60E-06,9.44E-06,8.99E-06,8.88E-06,8.25E-06,8.36E-06,8.65E-06,8.06E-06,8.24E-06,8.72E-06,3.666666667,B2,C1,B1,A1
respect,NOUN,0.000101096,0.000101138,9.84E-05,9.89E-05,9.79E-05,9.94E-05,0.000101624,9.85E-05,0.000100928,9.98E-05,2.666666667,B1,A1,B1,A2
respect,VERB,8.58E-06,8.47E-06,8.71E-06,8.83E-06,8.78E-06,9.04E-06,8.99E-06,9.03E-06,8.97E-06,8.82E-06,3,B1,C1,B1,A2
respective,ADJ,1.81E-05,1.85E-05,1.82E-05,1.86E-05,1.79E-05,1.87E-05,1.91E-05,1.86E-05,1.92E-05,1.85E-05,3.666666667,B2,B2,B1,B1
respectively,ADV,4.36E-05,4.42E-05,4.33E-05,4.28E-05,4.24E-05,4.48E-05,4.48E-05,4.27E-05,3.45E-05,4.26E-05,3.666666667,B2,A2,B1,B1
respond,VERB,3.69E-05,3.77E-05,3.79E-05,3.64E-05,3.59E-05,3.71E-05,3.58E-05,3.39E-05,2.76E-05,3.55E-05,3.333333333,B1,A2,B1,A1
response,NOUN,0.000135897,0.000139086,0.000140699,0.0001333,0.000132151,0.00013724,0.000133127,0.000127467,9.74E-05,0.000130703,3,B1,A1,B1,A2
responsibility,NOUN,6.83E-05,6.76E-05,6.64E-05,6.52E-05,6.29E-05,6.63E-05,6.44E-05,6.29E-05,5.49E-05,6.43E-05,2.666666667,B1,A1,B1,A2
responsible,ADJ,6.81E-05,6.86E-05,6.80E-05,6.62E-05,6.43E-05,6.66E-05,6.45E-05,6.26E-05,5.37E-05,6.47E-05,3,B1,A2,B1,A2
rest,NOUN,9.26E-05,9.19E-05,9.39E-05,9.73E-05,0.000100397,9.80E-05,9.88E-05,0.000102811,0.000116818,9.92E-05,1.666666667,A2,A1,A1,A2
rest,VERB,1.56E-05,1.58E-05,1.60E-05,1.72E-05,1.77E-05,1.71E-05,1.77E-05,1.89E-05,2.53E-05,1.79E-05,1.666666667,A2,B2,A2,B1
restaurant,NOUN,2.13E-05,2.21E-05,2.22E-05,2.10E-05,2.08E-05,2.13E-05,1.98E-05,1.93E-05,1.61E-05,2.04E-05,1.666666667,A2,B2,B1,B1
restore,VERB,1.41E-05,1.40E-05,1.42E-05,1.47E-05,1.38E-05,1.34E-05,1.39E-05,1.42E-05,1.46E-05,1.41E-05,4,B2,B2,B1,B2
restraint,NOUN,8.00E-06,8.07E-06,7.54E-06,7.75E-06,7.51E-06,7.29E-06,7.90E-06,7.96E-06,9.07E-06,7.90E-06,5,C1,C1,B1,A1
restrict,VERB,8.88E-06,9.03E-06,9.05E-06,8.56E-06,7.89E-06,8.12E-06,7.74E-06,7.41E-06,6.06E-06,8.08E-06,4,B2,C1,B1,B2
restriction,NOUN,1.15E-05,1.17E-05,1.20E-05,1.11E-05,1.11E-05,1.12E-05,1.06E-05,9.99E-06,8.50E-06,1.09E-05,4.333333333,B2,C1,B1,A1
restructure,VERB,1.49E-06,1.46E-06,1.38E-06,1.29E-06,1.17E-06,1.18E-06,1.13E-06,9.32E-07,7.18E-07,1.19E-06,4,B2,C2,B1,C1
result,NOUN,0.000174986,0.000175708,0.000174706,0.00017182,0.000166864,0.000169061,0.000167127,0.000163892,0.000151287,0.000168384,2,A2,A1,B1,A2
result,VERB,4.21E-05,4.32E-05,4.22E-05,4.12E-05,4.07E-05,4.11E-05,3.98E-05,3.75E-05,3.36E-05,4.02E-05,2.666666667,B1,A2,B1,A1
resume,VERB,4.39E-06,4.48E-06,4.37E-06,4.44E-06,4.49E-06,4.35E-06,4.40E-06,4.53E-06,5.29E-06,4.53E-06,4,B2,C1,B1,B2
retail,ADJ,1.21E-05,1.46E-05,1.27E-05,1.20E-05,1.15E-05,1.14E-05,1.15E-05,1.11E-05,9.01E-06,1.18E-05,4.333333333,B2,C1,B2,B2
retain,VERB,1.68E-05,1.68E-05,1.63E-05,1.59E-05,1.58E-05,1.56E-05,1.61E-05,1.58E-05,1.66E-05,1.62E-05,4.333333333,B2,B2,B1,B2
retire,VERB,4.81E-06,5.18E-06,4.87E-06,5.08E-06,5.46E-06,5.33E-06,5.89E-06,6.04E-06,8.07E-06,5.64E-06,2.666666667,B1,C1,B2,B2
retrieve,VERB,6.10E-06,6.58E-06,8.27E-06,7.70E-06,6.41E-06,6.55E-06,6.27E-06,5.92E-06,4.93E-06,6.53E-06,4,B2,C1,B1,B2
return,NOUN,7.24E-05,7.45E-05,7.38E-05,7.28E-05,7.26E-05,7.29E-05,7.40E-05,7.62E-05,7.83E-05,7.42E-05,2.666666667,B1,A1,B1,A2
return,VERB,6.20E-05,6.38E-05,6.64E-05,6.65E-05,6.64E-05,6.38E-05,6.47E-05,6.63E-05,7.07E-05,6.56E-05,1.666666667,A2,A2,A2,A1
reveal,VERB,2.78E-05,2.73E-05,2.75E-05,2.78E-05,2.75E-05,2.77E-05,2.76E-05,2.72E-05,2.32E-05,2.71E-05,3.333333333,B1,B2,B1,B1
revenue,NOUN,2.23E-05,2.47E-05,2.37E-05,2.26E-05,2.34E-05,2.40E-05,2.48E-05,2.40E-05,2.34E-05,2.37E-05,4.666666667,C1,B2,B1,B1
reverse,NOUN,6.09E-06,6.19E-06,5.97E-06,5.98E-06,6.10E-06,5.78E-06,6.16E-06,6.12E-06,6.95E-06,6.15E-06,3,B1,C1,B1,A1
reverse,VERB,6.84E-06,7.00E-06,6.97E-06,6.73E-06,6.46E-06,6.51E-06,6.28E-06,6.07E-06,5.30E-06,6.46E-06,4,B2,C1,B1,B2
review,NOUN,5.34E-05,5.57E-05,5.47E-05,5.32E-05,5.25E-05,5.47E-05,5.45E-05,5.12E-05,4.16E-05,5.24E-05,4,B2,A1,B1,A2
review,VERB,1.79E-05,1.93E-05,1.89E-05,1.88E-05,1.82E-05,1.87E-05,1.78E-05,1.68E-05,1.36E-05,1.78E-05,4,B2,B2,B1,B1
revolt,NOUN,7.50E-06,7.19E-06,7.08E-06,6.84E-06,7.06E-06,6.46E-06,7.06E-06,7.64E-06,7.75E-06,7.17E-06,3.666666667,B2,C1,B1,A1
reward,NOUN,1.23E-05,1.23E-05,1.22E-05,1.31E-05,1.37E-05,1.36E-05,1.45E-05,1.47E-05,1.79E-05,1.38E-05,2.666666667,B1,B2,B1,B1
reward,VERB,3.55E-06,3.63E-06,3.62E-06,3.71E-06,3.83E-06,3.86E-06,3.93E-06,3.96E-06,4.26E-06,3.82E-06,3,B1,C2,B1,B2
ribbon,NOUN,4.28E-06,4.38E-06,4.12E-06,4.23E-06,4.29E-06,4.50E-06,4.28E-06,4.77E-06,5.08E-06,4.44E-06,2.666666667,B1,C2,B1,C1
rice,NOUN,2.22E-05,2.12E-05,2.06E-05,2.12E-05,2.09E-05,1.98E-05,1.89E-05,1.88E-05,1.54E-05,1.99E-05,1.666666667,A2,B2,A2,B1
rich,ADJ,5.78E-05,5.58E-05,5.55E-05,5.69E-05,5.96E-05,5.81E-05,5.91E-05,6.19E-05,7.11E-05,5.95E-05,1.333333333,A1,A2,A2,A1
riches,NOUN,4.16E-06,4.11E-06,3.96E-06,4.65E-06,4.90E-06,4.65E-06,5.07E-06,5.58E-06,7.51E-06,4.95E-06,2.333333333,A2,C1,B1,A1
ride,NOUN,1.11E-05,1.15E-05,1.27E-05,1.28E-05,1.28E-05,1.31E-05,1.21E-05,1.24E-05,1.22E-05,1.23E-05,2.666666667,B1,C1,A2,A1
ride,VERB,1.17E-05,1.21E-05,1.23E-05,1.27E-05,1.32E-05,1.33E-05,1.25E-05,1.35E-05,1.67E-05,1.31E-05,1.333333333,A1,B2,A2,B2
rider,NOUN,3.76E-06,3.82E-06,3.90E-06,4.18E-06,4.45E-06,4.57E-06,4.37E-06,4.39E-06,5.32E-06,4.31E-06,1.333333333,A1,C2,B1,C1
right,ADJ,0.000273498,0.000276106,0.000288652,0.000293349,0.000292386,0.000292677,0.000290427,0.000291732,0.000302964,0.000289088,1,A1,A1,A1,A2
right,ADV,5.13E-05,5.15E-05,5.73E-05,5.84E-05,5.81E-05,6.08E-05,5.71E-05,5.77E-05,5.67E-05,5.65E-05,1.666666667,A2,A1,A2,A1
right,NOUN,0.00010351,0.000102621,0.000104687,0.000101221,9.83E-05,9.92E-05,0.000100045,9.88E-05,0.000104863,0.000101478,1,A1,A1,B1,A2
ring,NOUN,3.08E-05,3.06E-05,3.10E-05,3.28E-05,3.25E-05,3.22E-05,3.13E-05,3.24E-05,3.31E-05,3.18E-05,1.333333333,A1,A1,A2,A2
ring,VERB,2.31E-06,2.29E-06,2.29E-06,2.33E-06,2.49E-06,2.46E-06,2.43E-06,2.63E-06,3.06E-06,2.48E-06,2,A2,C2,B1,B2
riot,NOUN,1.58E-06,1.76E-06,1.60E-06,1.72E-06,1.61E-06,1.60E-06,1.66E-06,1.75E-06,1.74E-06,1.67E-06,4,B2,C2,B1,C1
rise,NOUN,4.72E-05,4.66E-05,4.43E-05,4.37E-05,4.29E-05,4.42E-05,4.42E-05,4.41E-05,4.10E-05,4.42E-05,3.333333333,B1,A1,B1,A2
rise,VERB,2.19E-05,2.22E-05,2.12E-05,2.24E-05,2.29E-05,2.25E-05,2.31E-05,2.44E-05,3.03E-05,2.34E-05,2.333333333,A2,B2,A2,B1
risk,NOUN,0.000115422,0.000123497,0.000125682,0.000128002,0.000128362,0.000136541,0.000133995,0.000128047,0.000106128,0.000125075,3,B1,A1,B1,A2
risk,VERB,8.30E-06,8.39E-06,8.44E-06,8.67E-06,8.82E-06,8.92E-06,8.84E-06,9.05E-06,9.01E-06,8.72E-06,2.666666667,B1,C1,B1,A2
rival,NOUN,3.88E-06,3.83E-06,3.57E-06,3.77E-06,4.29E-06,3.84E-06,4.20E-06,4.68E-06,6.08E-06,4.24E-06,3.333333333,B1,C2,B1,C1
rivalry,NOUN,4.94E-06,4.69E-06,4.50E-06,4.16E-06,4.32E-06,4.58E-06,4.33E-06,4.47E-06,4.36E-06,4.48E-06,4.333333333,B2,C2,B1,C1
rock,NOUN,3.86E-05,3.85E-05,3.85E-05,3.76E-05,4.11E-05,3.90E-05,3.78E-05,3.85E-05,4.32E-05,3.92E-05,1.333333333,A1,A1,A2,A2
role,NOUN,0.000204105,0.000202435,0.0002014,0.000191999,0.000188064,0.000197869,0.00019203,0.00018056,0.000136218,0.000188298,3.333333333,B1,A1,B1,A2
roll,NOUN,1.04E-05,1.05E-05,1.06E-05,1.10E-05,1.10E-05,1.07E-05,1.05E-05,1.06E-05,1.12E-05,1.07E-05,3,B1,C1,B1,A1
roll,VERB,7.01E-06,7.30E-06,7.77E-06,7.92E-06,8.05E-06,7.88E-06,7.69E-06,7.88E-06,8.09E-06,7.73E-06,3.333333333,B1,C1,B1,B2
romantic,ADJ,1.56E-05,1.53E-05,1.55E-05,1.51E-05,1.55E-05,1.51E-05,1.56E-05,1.60E-05,1.54E-05,1.55E-05,2,A2,B2,B1,B2
roof,NOUN,2.20E-05,2.14E-05,2.14E-05,2.30E-05,2.35E-05,2.25E-05,2.23E-05,2.39E-05,2.76E-05,2.31E-05,2,A2,B2,A2,B1
room,NOUN,0.000187991,0.000189809,0.000200249,0.00020377,0.000213569,0.000213311,0.000205326,0.000219242,0.000247384,0.000208961,1,A1,A1,A1,A2
rose,NOUN,4.04E-07,3.68E-07,3.89E-07,4.20E-07,4.70E-07,4.06E-07,3.99E-07,4.41E-07,6.89E-07,4.43E-07,1.333333333,A1,C2,B1,C1
rough,ADJ,2.04E-05,2.02E-05,2.00E-05,2.03E-05,2.15E-05,2.10E-05,2.05E-05,2.26E-05,2.78E-05,2.16E-05,3,B1,B2,A2,B1
roughly,ADV,1.73E-05,1.71E-05,1.68E-05,1.67E-05,1.63E-05,1.65E-05,1.64E-05,1.67E-05,1.43E-05,1.65E-05,3.666666667,B2,B2,B1,A2
round,ADJ,2.85E-05,2.91E-05,2.85E-05,2.93E-05,3.08E-05,2.92E-05,2.95E-05,3.23E-05,3.96E-05,3.07E-05,2,A2,A2,A2,B1
round,ADP,1.16E-05,1.19E-05,1.06E-05,1.19E-05,1.57E-05,1.27E-05,1.53E-05,2.04E-05,3.60E-05,1.62E-05,2,A2,B2,A2,A2
round,ADV,6.83E-06,7.02E-06,6.32E-06,6.90E-06,9.26E-06,7.84E-06,9.16E-06,1.20E-05,2.02E-05,9.50E-06,2.333333333,A2,B2,B1,A2
round,NOUN,7.33E-06,7.64E-06,7.72E-06,7.84E-06,8.09E-06,8.24E-06,7.97E-06,8.02E-06,8.30E-06,7.91E-06,2.333333333,A2,C1,B1,A1
round,VERB,5.07E-06,5.15E-06,4.86E-06,5.28E-06,6.25E-06,5.35E-06,5.86E-06,7.29E-06,1.16E-05,6.30E-06,2.333333333,A2,C1,B1,B2
route,NOUN,3.49E-05,3.48E-05,3.55E-05,3.50E-05,3.25E-05,3.20E-05,3.11E-05,3.02E-05,2.79E-05,3.27E-05,4.333333333,B2,A2,B1,A2
routine,ADJ,1.56E-05,1.59E-05,1.59E-05,1.57E-05,1.51E-05,1.54E-05,1.47E-05,1.40E-05,1.09E-05,1.48E-05,1.666666667,A2,B2,B1,B2
routine,NOUN,7.53E-06,7.66E-06,8.00E-06,7.98E-06,7.70E-06,7.88E-06,7.42E-06,7.28E-06,6.67E-06,7.57E-06,3,B1,C1,B1,A1
royal,ADJ,2.27E-05,2.19E-05,2.19E-05,2.27E-05,2.32E-05,2.17E-05,2.38E-05,2.46E-05,2.94E-05,2.36E-05,2.333333333,A2,B2,B1,B1
rub,VERB,3.18E-06,3.06E-06,3.29E-06,3.28E-06,3.36E-06,3.42E-06,3.20E-06,3.32E-06,3.82E-06,3.32E-06,4,B2,C2,B1,B2
rubbish,NOUN,1.40E-06,1.38E-06,1.37E-06,1.48E-06,1.64E-06,1.54E-06,1.65E-06,1.97E-06,2.71E-06,1.68E-06,2.333333333,A2,C2,B1,C1
rugby,NOUN,4.03E-07,4.86E-07,3.51E-07,4.39E-07,5.26E-07,5.79E-07,4.84E-07,5.16E-07,3.56E-07,4.60E-07,1.666666667,A2,C2,B1,C1
rule,NOUN,9.40E-05,9.62E-05,9.41E-05,9.12E-05,8.79E-05,8.92E-05,8.89E-05,8.89E-05,8.76E-05,9.09E-05,2.666666667,B1,A1,B1,A2
rule,VERB,1.13E-05,1.11E-05,1.12E-05,1.16E-05,1.13E-05,1.14E-05,1.14E-05,1.14E-05,1.11E-05,1.13E-05,1.666666667,A2,C1,B1,B1
ruler,NOUN,1.17E-05,1.13E-05,1.13E-05,1.16E-05,1.14E-05,1.07E-05,1.11E-05,1.06E-05,1.03E-05,1.11E-05,2,A2,C1,B1,A1
ruling,ADJ,4.27E-06,3.95E-06,4.01E-06,3.87E-06,3.73E-06,3.81E-06,3.55E-06,3.33E-06,3.08E-06,3.73E-06,3,B1,C2,B1,B2
run,NOUN,2.60E-05,2.63E-05,2.61E-05,2.63E-05,2.62E-05,2.65E-05,2.52E-05,2.54E-05,2.37E-05,2.57E-05,1.666666667,A2,B2,A2,B1
run,VERB,8.69E-05,8.91E-05,9.35E-05,9.44E-05,9.11E-05,9.03E-05,8.74E-05,9.11E-05,9.43E-05,9.09E-05,1.333333333,A1,A2,A2,A1
runner,NOUN,2.73E-06,2.76E-06,2.83E-06,3.13E-06,3.11E-06,2.92E-06,3.07E-06,3.03E-06,2.98E-06,2.95E-06,2.333333333,A2,C2,B1,C1
running,NOUN,8.18E-07,7.96E-07,8.12E-07,7.92E-07,8.23E-07,7.96E-07,7.58E-07,7.78E-07,7.26E-07,7.89E-07,2,A2,C2,B1,C1
rural,ADJ,4.76E-05,4.50E-05,4.55E-05,4.46E-05,4.21E-05,4.49E-05,4.39E-05,4.04E-05,3.24E-05,4.29E-05,3,B1,A2,B1,A1
rush,VERB,4.13E-06,4.16E-06,4.23E-06,4.47E-06,4.68E-06,4.60E-06,4.57E-06,4.95E-06,5.93E-06,4.64E-06,2,A2,C1,B1,B2
sad,ADJ,1.71E-05,1.74E-05,1.78E-05,1.90E-05,2.09E-05,2.04E-05,2.06E-05,2.26E-05,3.08E-05,2.07E-05,1,A1,B2,A2,B1
sadly,ADV,4.32E-06,4.37E-06,4.35E-06,4.65E-06,5.37E-06,4.99E-06,5.09E-06,5.83E-06,8.40E-06,5.26E-06,2,A2,C1,B1,B1
safe,ADJ,4.64E-05,4.73E-05,4.87E-05,4.94E-05,5.10E-05,5.13E-05,5.06E-05,5.26E-05,5.68E-05,5.05E-05,1.666666667,A2,A1,A2,A1
safely,ADV,1.19E-05,1.20E-05,1.19E-05,1.26E-05,1.31E-05,1.27E-05,1.29E-05,1.35E-05,1.69E-05,1.31E-05,2,A2,B2,B1,A2
safety,NOUN,4.96E-05,5.29E-05,5.19E-05,5.32E-05,5.50E-05,5.62E-05,5.48E-05,5.25E-05,5.14E-05,5.30E-05,2.666666667,B1,A1,A2,A2
sail,VERB,3.38E-06,3.57E-06,3.33E-06,3.60E-06,4.10E-06,3.62E-06,3.77E-06,4.37E-06,6.00E-06,3.97E-06,2.333333333,A2,C1,B1,B2
saint,NOUN,6.97E-06,6.66E-06,6.13E-06,7.06E-06,7.01E-06,6.42E-06,6.99E-06,7.02E-06,8.45E-06,6.97E-06,3.333333333,B1,C1,B1,A1
salary,NOUN,1.40E-05,1.42E-05,1.35E-05,1.35E-05,1.38E-05,1.38E-05,1.32E-05,1.31E-05,1.35E-05,1.36E-05,2,A2,B2,B1,B1
sale,NOUN,3.87E-05,3.91E-05,3.65E-05,3.62E-05,3.65E-05,3.76E-05,3.74E-05,3.65E-05,3.53E-05,3.71E-05,2.333333333,A2,A1,B1,A2
sales,NOUN,5.71E-05,6.38E-05,5.94E-05,5.85E-05,5.68E-05,5.96E-05,5.69E-05,5.44E-05,4.45E-05,5.68E-05,1.666666667,A2,A1,B1,A2
salesman,NOUN,2.73E-06,2.62E-06,2.73E-06,3.17E-06,2.64E-06,2.85E-06,2.67E-06,2.70E-06,2.84E-06,2.77E-06,1.666666667,A2,C2,B1,C1
salesperson,NOUN,2.22E-06,3.29E-06,2.28E-06,2.41E-06,2.56E-06,2.67E-06,1.96E-06,2.03E-06,1.47E-06,2.32E-06,1.666666667,A2,C2,B1,C1
salt,NOUN,2.62E-05,2.65E-05,2.66E-05,2.67E-05,2.71E-05,2.58E-05,2.58E-05,2.65E-05,2.83E-05,2.66E-05,2,A2,A2,A2,A2
sample,NOUN,7.62E-05,7.50E-05,7.41E-05,7.71E-05,7.22E-05,7.45E-05,7.19E-05,6.83E-05,5.15E-05,7.12E-05,2.666666667,B1,A2,B1,A2
sanction,NOUN,3.95E-06,3.71E-06,3.57E-06,3.74E-06,3.76E-06,3.70E-06,4.19E-06,4.02E-06,5.45E-06,4.01E-06,5.333333333,C1,C2,B1,C1
sand,NOUN,2.39E-05,2.43E-05,2.34E-05,2.36E-05,2.37E-05,2.34E-05,2.26E-05,2.49E-05,2.91E-05,2.43E-05,1.666666667,A2,B2,A2,B1
sandwich,NOUN,4.49E-06,4.57E-06,4.79E-06,4.75E-06,4.77E-06,5.30E-06,4.58E-06,4.49E-06,3.66E-06,4.60E-06,1,A1,C2,B1,C1
sane,ADJ,1.81E-06,1.80E-06,1.79E-06,2.01E-06,2.06E-06,2.05E-06,2.14E-06,2.32E-06,2.96E-06,2.11E-06,3,B1,C2,B1,B2
satellite,NOUN,6.06E-06,5.39E-06,5.57E-06,5.01E-06,4.86E-06,5.06E-06,4.34E-06,4.59E-06,3.49E-06,4.93E-06,3.333333333,B1,C2,B1,C1
satisfaction,NOUN,2.76E-05,2.76E-05,2.64E-05,2.69E-05,2.89E-05,2.89E-05,2.97E-05,3.03E-05,3.48E-05,2.90E-05,3.333333333,B1,A2,B1,A2
satisfactory,ADJ,1.24E-05,1.22E-05,1.13E-05,1.14E-05,1.14E-05,1.11E-05,1.17E-05,1.24E-05,1.64E-05,1.23E-05,3.333333333,B1,B2,B1,B2
satisfied,ADJ,4.06E-06,4.02E-06,3.94E-06,3.97E-06,4.26E-06,4.18E-06,4.27E-06,4.42E-06,5.39E-06,4.28E-06,3,B1,C1,B1,B2
satisfy,VERB,1.91E-05,1.99E-05,1.92E-05,1.90E-05,1.88E-05,1.90E-05,1.90E-05,1.87E-05,1.92E-05,1.91E-05,3,B1,B2,B1,B1
sauce,NOUN,8.03E-06,8.72E-06,8.44E-06,8.75E-06,8.41E-06,8.51E-06,7.60E-06,7.52E-06,6.53E-06,8.06E-06,2,A2,C1,B1,A1
saucepan,NOUN,1.95E-06,2.12E-06,1.88E-06,2.08E-06,1.98E-06,1.99E-06,1.84E-06,1.81E-06,1.69E-06,1.93E-06,2.333333333,A2,C2,B1,C1
save,VERB,4.15E-05,4.38E-05,4.39E-05,4.64E-05,4.82E-05,4.46E-05,4.49E-05,5.03E-05,6.03E-05,4.71E-05,1.333333333,A1,A1,A2,A1
saving,NOUN,4.50E-06,4.81E-06,4.27E-06,4.37E-06,4.37E-06,4.36E-06,4.19E-06,4.48E-06,4.93E-06,4.48E-06,3,B1,C2,B1,C1
say,VERB,0.000285017,0.000285105,0.000288935,0.000302719,0.000319561,0.000313472,0.000321158,0.000339158,0.000414416,0.000318838,1.666666667,A2,A1,A2,A1
scale,NOUN,6.11E-05,6.04E-05,5.83E-05,5.72E-05,5.80E-05,5.80E-05,5.67E-05,5.63E-05,4.99E-05,5.73E-05,2,A2,A1,A2,A2
scandal,NOUN,5.70E-06,5.66E-06,5.28E-06,5.90E-06,6.11E-06,5.89E-06,6.20E-06,6.47E-06,6.90E-06,6.01E-06,3,B1,C1,B1,A1
scarcely,ADV,9.81E-06,9.48E-06,8.71E-06,1.00E-05,1.34E-05,1.08E-05,1.39E-05,1.78E-05,3.39E-05,1.42E-05,4.333333333,B2,B2,B1,A2
scene,NOUN,5.84E-05,5.54E-05,5.77E-05,5.70E-05,6.11E-05,5.90E-05,5.96E-05,6.30E-05,6.57E-05,5.97E-05,3,B1,A1,A2,A2
sceptical,ADJ,2.38E-06,1.99E-06,2.12E-06,2.14E-06,2.13E-06,2.13E-06,2.31E-06,2.40E-06,2.26E-06,2.21E-06,4,B2,C2,B1,B2
schedule,NOUN,2.18E-05,2.30E-05,2.26E-05,2.23E-05,2.17E-05,2.24E-05,2.10E-05,2.01E-05,1.60E-05,2.12E-05,1.666666667,A2,B2,B1,B1
schedule,VERB,2.16E-06,2.27E-06,2.32E-06,2.30E-06,2.27E-06,2.17E-06,2.10E-06,2.02E-06,1.52E-06,2.12E-06,3.333333333,B1,C2,B1,B2
scheme,NOUN,3.67E-05,3.69E-05,3.75E-05,3.75E-05,3.60E-05,3.80E-05,3.73E-05,3.48E-05,3.41E-05,3.65E-05,4.333333333,B2,A2,B1,A2
scholar,NOUN,1.11E-05,1.11E-05,1.10E-05,1.10E-05,1.14E-05,1.15E-05,1.22E-05,1.20E-05,1.27E-05,1.16E-05,4,B2,B2,B1,A1
school,NOUN,0.000229174,0.000224088,0.000224205,0.000222549,0.000225044,0.000238968,0.000230337,0.000227009,0.000211833,0.000225912,1.333333333,A1,A1,A1,A2
science,NOUN,9.52E-05,9.12E-05,8.88E-05,9.17E-05,8.68E-05,8.92E-05,9.35E-05,9.00E-05,8.51E-05,9.02E-05,2,A2,A1,B1,A2
scientific,ADJ,6.47E-05,6.35E-05,6.26E-05,6.21E-05,5.91E-05,6.02E-05,6.09E-05,5.92E-05,5.46E-05,6.08E-05,3.666666667,B2,A2,B1,A2
scientist,NOUN,1.01E-05,9.97E-06,9.90E-06,9.65E-06,9.40E-06,9.42E-06,9.35E-06,9.22E-06,7.56E-06,9.39E-06,2.333333333,A2,C1,B1,A1
scope,NOUN,3.52E-05,3.55E-05,3.71E-05,3.66E-05,3.33E-05,3.48E-05,3.53E-05,3.37E-05,2.86E-05,3.44E-05,3,B1,A2,B1,A2
score,NOUN,2.36E-05,2.39E-05,2.34E-05,2.45E-05,2.70E-05,2.64E-05,2.60E-05,2.64E-05,2.45E-05,2.51E-05,2.333333333,A2,B2,A2,B1
score,VERB,2.04E-06,2.12E-06,2.05E-06,2.09E-06,2.31E-06,2.29E-06,2.16E-06,2.11E-06,1.78E-06,2.10E-06,2.666666667,B1,C2,B1,B2
scream,VERB,2.61E-06,2.61E-06,2.88E-06,2.95E-06,2.98E-06,3.10E-06,2.93E-06,3.03E-06,2.88E-06,2.89E-06,2.333333333,A2,C2,B1,B2
screen,NOUN,4.04E-05,4.05E-05,4.37E-05,4.19E-05,3.87E-05,3.62E-05,3.39E-05,3.60E-05,2.81E-05,3.77E-05,2,A2,A2,A2,A2
script,NOUN,1.89E-05,1.93E-05,2.28E-05,2.28E-05,1.98E-05,1.68E-05,1.70E-05,1.59E-05,1.15E-05,1.83E-05,4,B2,B2,B1,B1
sculpture,NOUN,8.73E-06,7.64E-06,7.91E-06,7.53E-06,7.74E-06,7.26E-06,6.94E-06,7.14E-06,6.62E-06,7.50E-06,3,B1,C1,B1,A1
seal,NOUN,8.45E-06,9.22E-06,8.71E-06,9.03E-06,9.36E-06,8.79E-06,8.46E-06,8.23E-06,1.00E-05,8.92E-06,3.333333333,B1,C1,B1,A1
seal,VERB,1.95E-06,1.95E-06,1.92E-06,2.03E-06,2.06E-06,1.99E-06,1.96E-06,1.89E-06,1.87E-06,1.96E-06,4,B2,C2,B1,B2
search,NOUN,6.01E-05,6.21E-05,6.19E-05,6.30E-05,6.22E-05,6.21E-05,5.88E-05,5.93E-05,5.36E-05,6.03E-05,2,A2,A1,A2,A2
search,VERB,1.23E-05,1.28E-05,1.30E-05,1.34E-05,1.30E-05,1.25E-05,1.20E-05,1.22E-05,1.17E-05,1.26E-05,2.333333333,A2,B2,B1,B1
season,NOUN,3.71E-05,3.64E-05,3.54E-05,3.60E-05,3.80E-05,3.66E-05,3.84E-05,3.82E-05,4.37E-05,3.78E-05,1.333333333,A1,A1,B1,A2
seat,NOUN,3.46E-05,3.53E-05,3.67E-05,3.77E-05,3.92E-05,3.90E-05,3.89E-05,4.00E-05,4.66E-05,3.87E-05,1,A1,A1,A2,A2
second,NOUN,1.23E-05,1.22E-05,1.25E-05,1.22E-05,1.20E-05,1.17E-05,1.16E-05,1.19E-05,1.19E-05,1.20E-05,1,A1,C1,B1,A1
second,NOUN,1.23E-05,1.22E-05,1.25E-05,1.22E-05,1.20E-05,1.17E-05,1.16E-05,1.19E-05,1.19E-05,1.20E-05,1,A1,C1,B1,A1
secondary,ADJ,4.83E-05,4.75E-05,4.69E-05,4.64E-05,4.53E-05,4.50E-05,4.44E-05,4.30E-05,3.54E-05,4.47E-05,1.333333333,A1,A2,B1,A1
secondly,ADV,3.16E-06,2.87E-06,2.73E-06,3.03E-06,2.97E-06,2.83E-06,3.42E-06,3.46E-06,4.68E-06,3.24E-06,1.666666667,A2,C2,B1,A2
secret,ADJ,2.64E-05,2.64E-05,2.69E-05,2.88E-05,2.95E-05,2.90E-05,2.90E-05,3.05E-05,3.46E-05,2.90E-05,3,B1,A2,A2,B1
secret,NOUN,1.30E-05,1.31E-05,1.33E-05,1.44E-05,1.54E-05,1.48E-05,1.52E-05,1.70E-05,2.12E-05,1.53E-05,2.333333333,A2,B2,A2,B1
secretary,NOUN,2.03E-05,2.05E-05,1.93E-05,1.91E-05,1.96E-05,1.89E-05,1.90E-05,1.87E-05,1.98E-05,1.95E-05,1.666666667,A2,B2,B1,B1
section,NOUN,0.000155095,0.000161631,0.000162773,0.000156672,0.000150628,0.000150063,0.00014296,0.000140085,0.000117736,0.000148627,3,B1,A1,A2,A2
sector,NOUN,6.16E-05,6.04E-05,5.83E-05,5.54E-05,5.13E-05,5.46E-05,5.19E-05,4.88E-05,3.61E-05,5.32E-05,2.666666667,B1,A2,B1,A2
secure,ADJ,1.30E-05,1.35E-05,1.55E-05,1.52E-05,1.39E-05,1.42E-05,1.39E-05,1.34E-05,1.28E-05,1.39E-05,2.666666667,B1,B2,B1,B2
secure,VERB,2.03E-05,2.02E-05,2.03E-05,2.10E-05,2.10E-05,2.07E-05,2.22E-05,2.34E-05,2.93E-05,2.20E-05,3,B1,B2,B1,B1
security,NOUN,9.04E-05,9.99E-05,0.000105599,0.000109504,9.88E-05,0.000102997,0.000106041,0.000105167,8.71E-05,0.000100599,2.666666667,B1,A1,B1,A2
see,VERB,0.000754353,0.000748973,0.000770329,0.00076554,0.00077259,0.000771231,0.000766921,0.000776284,0.000783137,0.000767706,1.333333333,A1,A1,A1,A1
seed,NOUN,1.93E-05,1.97E-05,1.97E-05,1.88E-05,2.05E-05,1.92E-05,2.07E-05,2.10E-05,2.34E-05,2.03E-05,3,B1,B2,B1,B1
seek,VERB,4.86E-05,4.85E-05,4.75E-05,4.95E-05,4.94E-05,4.95E-05,5.03E-05,5.03E-05,5.26E-05,4.96E-05,3.666666667,B2,A2,B1,A1
seem,VERB,0.000109329,0.00010548,0.000105433,0.000106848,0.000108025,0.000105844,0.000108099,0.000110991,0.000118901,0.000108772,3,B1,A2,B1,A1
seize,VERB,5.34E-06,5.39E-06,5.40E-06,5.55E-06,5.97E-06,5.53E-06,6.10E-06,6.47E-06,8.27E-06,6.00E-06,3.333333333,B1,C1,B1,B2
seldom,ADV,1.40E-05,1.38E-05,1.29E-05,1.34E-05,1.42E-05,1.30E-05,1.40E-05,1.53E-05,2.18E-05,1.47E-05,2.666666667,B1,B2,B1,A2
select,VERB,3.11E-05,3.62E-05,3.64E-05,3.85E-05,3.53E-05,3.00E-05,2.95E-05,3.23E-05,2.55E-05,3.27E-05,2.333333333,A2,A2,B1,A1
selection,NOUN,5.67E-05,5.69E-05,5.70E-05,5.48E-05,5.36E-05,5.36E-05,5.15E-05,5.04E-05,4.31E-05,5.31E-05,3.333333333,B1,A1,A2,A2
self,NOUN,6.46E-05,6.37E-05,6.19E-05,6.18E-05,6.21E-05,6.20E-05,6.34E-05,6.17E-05,5.60E-05,6.19E-05,2.333333333,A2,A1,B1,A2
selfish,ADJ,5.63E-06,5.54E-06,5.57E-06,6.36E-06,6.77E-06,6.55E-06,7.09E-06,7.52E-06,1.05E-05,6.84E-06,1.666666667,A2,C1,B1,B2
selfishness,NOUN,2.04E-06,2.05E-06,2.01E-06,2.41E-06,2.56E-06,2.43E-06,2.77E-06,2.95E-06,4.63E-06,2.65E-06,3.666666667,B2,C2,B1,C1
sell,VERB,3.76E-05,3.95E-05,3.79E-05,3.76E-05,3.74E-05,3.83E-05,3.76E-05,3.80E-05,3.71E-05,3.79E-05,1,A1,A2,B1,A1
seller,NOUN,1.20E-05,1.36E-05,1.27E-05,1.29E-05,1.20E-05,1.27E-05,1.25E-05,1.23E-05,9.68E-06,1.23E-05,1.666666667,A2,C1,B1,A1
seminar,NOUN,4.88E-06,4.78E-06,4.93E-06,4.34E-06,4.50E-06,4.63E-06,4.26E-06,3.77E-06,2.92E-06,4.33E-06,2.333333333,A2,C2,B1,C1
send,VERB,4.77E-05,4.90E-05,5.06E-05,5.07E-05,5.26E-05,4.93E-05,5.04E-05,5.27E-05,6.20E-05,5.17E-05,1,A1,A2,A2,A1
senior,ADJ,2.84E-05,2.87E-05,2.88E-05,2.92E-05,2.86E-05,2.99E-05,2.89E-05,2.84E-05,2.30E-05,2.82E-05,2.333333333,A2,B2,B1,B1
sensation,NOUN,1.23E-05,1.18E-05,1.25E-05,1.27E-05,1.35E-05,1.26E-05,1.38E-05,1.41E-05,1.63E-05,1.33E-05,4.333333333,B2,B2,B1,A1
sense,NOUN,0.000212983,0.000205466,0.000204562,0.000204411,0.000205056,0.000204427,0.000209374,0.000207533,0.000202626,0.000206271,3,B1,A1,B1,A2
sense,VERB,5.23E-06,5.45E-06,5.56E-06,5.62E-06,5.55E-06,5.80E-06,5.63E-06,5.40E-06,4.65E-06,5.43E-06,3.333333333,B1,C1,B1,B2
sensible,ADJ,9.41E-06,9.25E-06,8.89E-06,9.35E-06,1.00E-05,9.38E-06,1.04E-05,1.10E-05,1.47E-05,1.03E-05,3,B1,C1,B1,B2
sensitive,ADJ,3.69E-05,3.67E-05,3.78E-05,3.64E-05,3.52E-05,3.58E-05,3.51E-05,3.34E-05,2.86E-05,3.51E-05,3,B1,A2,B1,B1
sensitivity,NOUN,2.30E-05,2.32E-05,2.33E-05,2.20E-05,2.22E-05,2.35E-05,2.31E-05,2.08E-05,1.50E-05,2.18E-05,3.333333333,B1,B2,B1,B1
sentence,NOUN,4.24E-05,4.36E-05,4.33E-05,4.10E-05,4.40E-05,4.42E-05,4.05E-05,4.00E-05,4.23E-05,4.24E-05,1,A1,A1,A2,A2
separate,ADJ,7.01E-05,6.88E-05,6.91E-05,6.68E-05,6.44E-05,6.40E-05,6.25E-05,6.08E-05,5.48E-05,6.46E-05,2.333333333,A2,A1,B1,A2
separate,VERB,1.05E-05,1.06E-05,1.04E-05,1.04E-05,1.03E-05,1.02E-05,1.01E-05,1.01E-05,1.01E-05,1.03E-05,3.666666667,B2,C1,B1,B1
separately,ADV,1.53E-05,1.54E-05,1.49E-05,1.47E-05,1.44E-05,1.46E-05,1.46E-05,1.41E-05,1.28E-05,1.45E-05,4,B2,B2,B1,A2
separation,NOUN,3.24E-05,2.98E-05,2.96E-05,3.01E-05,2.91E-05,3.01E-05,2.99E-05,2.88E-05,2.54E-05,2.95E-05,3.666666667,B2,A2,B1,A2
sequence,NOUN,5.27E-05,5.29E-05,5.50E-05,5.24E-05,5.44E-05,5.28E-05,4.85E-05,4.61E-05,3.42E-05,4.99E-05,4.666666667,C1,A1,A2,A2
series,NOUN,0.000106773,0.000105602,0.000102994,9.96E-05,9.78E-05,9.87E-05,9.78E-05,9.86E-05,8.39E-05,9.91E-05,3,B1,A1,B1,A2
serious,ADJ,7.93E-05,7.90E-05,7.80E-05,7.77E-05,7.68E-05,7.73E-05,7.54E-05,7.56E-05,7.44E-05,7.71E-05,3.333333333,B1,A2,A2,A2
seriously,ADV,2.98E-05,2.90E-05,2.88E-05,2.83E-05,2.84E-05,2.82E-05,2.81E-05,2.85E-05,2.80E-05,2.86E-05,3.333333333,B1,B1,B1,B1
servant,NOUN,1.48E-05,1.44E-05,1.40E-05,1.56E-05,1.78E-05,1.61E-05,1.83E-05,2.01E-05,2.99E-05,1.79E-05,3,B1,B2,B1,B1
serve,VERB,6.60E-05,6.71E-05,6.56E-05,6.63E-05,6.57E-05,6.57E-05,6.58E-05,6.50E-05,6.47E-05,6.58E-05,2.333333333,A2,A2,B1,A1
server,NOUN,4.40E-05,4.83E-05,6.19E-05,6.10E-05,3.68E-05,3.14E-05,3.13E-05,2.75E-05,2.31E-05,4.06E-05,3,B1,A2,B2,A2
service,NOUN,0.000171474,0.000175097,0.000183496,0.00018016,0.000168055,0.000172191,0.00017076,0.000166777,0.000166759,0.000172752,2.666666667,B1,A1,A2,A2
session,NOUN,3.01E-05,3.10E-05,3.47E-05,3.41E-05,3.07E-05,3.07E-05,3.07E-05,2.83E-05,2.69E-05,3.08E-05,3.333333333,B1,A2,B1,A2
set,VERB,0.000228083,0.000232887,0.000241862,0.000243326,0.000236134,0.000230166,0.000229441,0.000234467,0.000238372,0.000234971,2.666666667,B1,A1,A2,A1
set,VERB,0.000228083,0.000232887,0.000241862,0.000243326,0.000236134,0.000230166,0.000229441,0.000234467,0.000238372,0.000234971,2.666666667,B1,A1,A2,A1
set,VERB,0.000228083,0.000232887,0.000241862,0.000243326,0.000236134,0.000230166,0.000229441,0.000234467,0.000238372,0.000234971,3,B1,A1,A2,A1
setting,NOUN,3.44E-05,3.54E-05,3.56E-05,3.44E-05,3.36E-05,3.42E-05,3.36E-05,3.28E-05,2.64E-05,3.34E-05,3.333333333,B1,A2,B1,A2
settle,VERB,1.59E-05,1.59E-05,1.59E-05,1.61E-05,1.63E-05,1.62E-05,1.66E-05,1.68E-05,1.86E-05,1.65E-05,3.333333333,B1,B2,B1,B1
settlement,NOUN,3.48E-05,3.47E-05,3.28E-05,3.17E-05,3.08E-05,3.09E-05,3.19E-05,3.21E-05,2.97E-05,3.21E-05,3.666666667,B2,A2,B1,A2
severe,ADJ,4.70E-05,4.75E-05,4.60E-05,4.45E-05,4.57E-05,4.62E-05,4.54E-05,4.28E-05,4.22E-05,4.53E-05,3,B1,A2,B1,A1
severely,ADV,1.35E-05,1.32E-05,1.26E-05,1.23E-05,1.26E-05,1.23E-05,1.23E-05,1.23E-05,1.29E-05,1.26E-05,3.333333333,B1,B2,B1,A2
sex,NOUN,6.90E-05,6.56E-05,6.96E-05,6.59E-05,6.90E-05,6.84E-05,6.88E-05,6.54E-05,5.44E-05,6.62E-05,1,A1,A1,B1,A2
sexual,ADJ,8.66E-05,8.18E-05,8.22E-05,7.64E-05,7.86E-05,7.64E-05,7.72E-05,7.14E-05,5.29E-05,7.60E-05,3,B1,A2,B1,A2
shade,NOUN,1.03E-05,9.93E-06,9.92E-06,1.01E-05,1.10E-05,1.02E-05,1.02E-05,1.16E-05,1.62E-05,1.11E-05,3,B1,B2,A2,A1
shadow,VERB,6.18E-07,6.26E-07,6.48E-07,6.55E-07,6.50E-07,6.85E-07,6.43E-07,6.82E-07,7.27E-07,6.59E-07,3.333333333,B1,C2,B1,C1
shake,VERB,8.33E-06,8.42E-06,8.73E-06,9.21E-06,9.78E-06,9.63E-06,9.61E-06,1.03E-05,1.25E-05,9.62E-06,2.666666667,B1,C1,A2,B1
shall,VERB,0.000178644,0.000185932,0.000170052,0.000194769,0.000214046,0.000194707,0.000206563,0.000223497,0.000371681,0.000215543,2.333333333,A2,A1,A1,A1
shallow,ADJ,1.25E-05,1.23E-05,1.21E-05,1.18E-05,1.22E-05,1.19E-05,1.15E-05,1.15E-05,1.17E-05,1.20E-05,2.666666667,B1,C1,B1,B2
shame,NOUN,1.26E-05,1.26E-05,1.30E-05,1.32E-05,1.44E-05,1.37E-05,1.45E-05,1.59E-05,1.99E-05,1.44E-05,3.333333333,B1,B2,B1,B1
shampoo,NOUN,9.43E-07,8.89E-07,9.81E-07,8.81E-07,8.73E-07,9.68E-07,8.39E-07,8.17E-07,6.75E-07,8.74E-07,1.333333333,A1,C2,B1,C1
shape,NOUN,5.49E-05,5.55E-05,5.54E-05,5.53E-05,5.62E-05,5.45E-05,5.28E-05,5.40E-05,5.09E-05,5.44E-05,1.666666667,A2,A1,A2,A2
shape,VERB,1.05E-05,1.07E-05,1.04E-05,1.04E-05,1.04E-05,1.09E-05,1.09E-05,1.07E-05,9.10E-06,1.04E-05,1.333333333,A1,C1,B1,B1
share,NOUN,4.99E-05,4.95E-05,4.79E-05,4.71E-05,4.64E-05,4.76E-05,4.79E-05,4.72E-05,4.57E-05,4.77E-05,1.333333333,A1,A1,B1,A2
share,VERB,4.66E-05,4.69E-05,4.81E-05,4.81E-05,4.74E-05,4.86E-05,4.75E-05,4.68E-05,4.11E-05,4.68E-05,1.666666667,A2,A2,B1,A1
sharp,ADJ,3.01E-05,2.93E-05,2.96E-05,2.94E-05,3.07E-05,3.02E-05,2.95E-05,3.13E-05,3.59E-05,3.07E-05,1.333333333,A1,A2,A2,B1
sharply,ADV,1.33E-05,1.29E-05,1.24E-05,1.18E-05,1.21E-05,1.19E-05,1.15E-05,1.25E-05,1.38E-05,1.25E-05,2.666666667,B1,B2,B1,A2
she,PRON,0.001249275,0.001254293,0.001278597,0.001315749,0.001405769,0.001396841,0.001353359,0.001468415,0.001692209,0.00137939,1,A1,A1,A1,B1
sheep,NOUN,1.52E-05,1.48E-05,1.40E-05,1.42E-05,1.51E-05,1.52E-05,1.51E-05,1.71E-05,2.09E-05,1.57E-05,1.333333333,A1,B2,A2,B1
sheer,ADJ,9.71E-06,9.62E-06,9.77E-06,9.54E-06,9.77E-06,9.76E-06,9.46E-06,1.01E-05,9.96E-06,9.75E-06,4.333333333,B2,C1,B1,B2
sheet,NOUN,2.92E-05,3.22E-05,2.96E-05,3.09E-05,3.13E-05,2.99E-05,2.92E-05,2.94E-05,2.75E-05,2.99E-05,2.333333333,A2,A2,B1,A2
shelf,NOUN,8.32E-06,8.53E-06,8.37E-06,8.53E-06,8.77E-06,9.15E-06,9.01E-06,8.28E-06,7.54E-06,8.50E-06,2.333333333,A2,C1,B1,A1
shell,NOUN,1.74E-05,1.73E-05,1.72E-05,1.83E-05,1.66E-05,1.70E-05,1.55E-05,1.58E-05,1.75E-05,1.70E-05,2,A2,B2,A2,B1
shelter,NOUN,1.30E-05,1.28E-05,1.22E-05,1.29E-05,1.41E-05,1.31E-05,1.33E-05,1.44E-05,1.70E-05,1.37E-05,3,B1,B2,B1,B1
shield,NOUN,6.12E-06,6.30E-06,6.51E-06,6.87E-06,7.10E-06,7.01E-06,6.48E-06,6.96E-06,8.04E-06,6.82E-06,3.666666667,B2,C1,B1,A1
shift,NOUN,3.54E-05,3.50E-05,3.46E-05,3.37E-05,3.28E-05,3.43E-05,3.36E-05,3.27E-05,2.47E-05,3.30E-05,3.333333333,B1,A2,B1,A2
shift,VERB,1.14E-05,1.15E-05,1.13E-05,1.10E-05,1.07E-05,1.11E-05,1.09E-05,1.09E-05,9.18E-06,1.09E-05,3.333333333,B1,C1,B1,B1
shine,VERB,3.40E-06,3.46E-06,3.54E-06,4.02E-06,4.26E-06,4.14E-06,4.21E-06,4.59E-06,6.39E-06,4.22E-06,3.333333333,B1,C1,B1,B2
ship,NOUN,4.47E-05,4.72E-05,4.61E-05,4.86E-05,5.21E-05,4.71E-05,4.86E-05,5.31E-05,6.61E-05,5.04E-05,2,A2,A1,A2,A2
ship,VERB,1.68E-06,1.79E-06,1.78E-06,1.80E-06,1.81E-06,1.76E-06,1.67E-06,1.72E-06,1.67E-06,1.74E-06,1.666666667,A2,C2,B1,C1
shirt,NOUN,1.88E-05,1.91E-05,2.09E-05,2.11E-05,2.12E-05,2.23E-05,2.09E-05,2.12E-05,2.02E-05,2.06E-05,1.333333333,A1,B2,A2,B1
shock,NOUN,2.30E-05,2.38E-05,2.40E-05,2.29E-05,2.31E-05,2.39E-05,2.30E-05,2.38E-05,2.25E-05,2.33E-05,2.666666667,B1,B2,B1,B1
shocked,ADJ,1.75E-06,1.72E-06,1.83E-06,1.84E-06,1.89E-06,1.91E-06,1.84E-06,1.94E-06,1.89E-06,1.85E-06,2.666666667,B1,C2,B1,B2
shoe,NOUN,7.03E-06,6.60E-06,6.56E-06,6.77E-06,7.00E-06,6.91E-06,6.70E-06,6.86E-06,7.60E-06,6.89E-06,1,A1,C1,B1,A1
shoot,VERB,1.07E-05,1.02E-05,1.09E-05,1.14E-05,1.18E-05,1.18E-05,1.11E-05,1.18E-05,1.32E-05,1.14E-05,2.333333333,A2,B2,A2,B1
shop,NOUN,2.70E-05,2.74E-05,2.65E-05,2.69E-05,2.78E-05,2.82E-05,2.70E-05,2.86E-05,3.01E-05,2.77E-05,1.333333333,A1,A2,A2,A2
shop,VERB,2.07E-06,2.37E-06,2.16E-06,2.17E-06,2.14E-06,2.12E-06,1.98E-06,1.89E-06,1.56E-06,2.05E-06,1,A1,C2,B1,B2
shopping,NOUN,1.32E-05,1.47E-05,1.36E-05,1.30E-05,1.29E-05,1.31E-05,1.23E-05,1.18E-05,9.23E-06,1.26E-05,1.333333333,A1,C1,B1,A1
shore,NOUN,1.40E-05,1.41E-05,1.35E-05,1.35E-05,1.68E-05,1.43E-05,1.55E-05,1.92E-05,2.95E-05,1.67E-05,2.333333333,A2,B2,A2,B1
short,ADJ,0.000164759,0.000164241,0.00016302,0.000160888,0.000164131,0.000163483,0.00016278,0.000164395,0.000171012,0.000164301,1,A1,A1,A2,A2
shortage,NOUN,7.41E-06,7.29E-06,7.30E-06,6.87E-06,6.43E-06,6.64E-06,6.54E-06,6.20E-06,4.68E-06,6.60E-06,3.333333333,B1,C1,B1,A1
shortly,ADV,1.64E-05,1.62E-05,1.63E-05,1.65E-05,1.67E-05,1.63E-05,1.68E-05,1.70E-05,1.82E-05,1.67E-05,2.333333333,A2,B2,B1,A2
shot,NOUN,1.78E-05,1.75E-05,1.85E-05,1.92E-05,2.05E-05,2.02E-05,1.96E-05,2.05E-05,2.25E-05,1.96E-05,2.333333333,A2,B2,A2,B1
should,VERB,0.000717861,0.000724055,0.000719524,0.00073634,0.000738765,0.000725335,0.000737972,0.000743932,0.000850476,0.000743807,2.333333333,A2,A1,A2,A1
shoulder,NOUN,3.12E-05,3.16E-05,3.38E-05,3.48E-05,3.66E-05,3.71E-05,3.53E-05,3.66E-05,4.05E-05,3.53E-05,2,A2,A2,A2,A2
shout,VERB,3.12E-06,3.19E-06,3.16E-06,3.34E-06,3.48E-06,3.49E-06,3.40E-06,3.68E-06,3.95E-06,3.42E-06,2.666666667,B1,C2,B1,B2
show,NOUN,3.94E-05,3.94E-05,3.94E-05,4.10E-05,4.13E-05,4.27E-05,4.04E-05,3.99E-05,3.69E-05,4.00E-05,2.333333333,A2,A2,A2,A2
show,VERB,0.000138574,0.00013942,0.000139905,0.000141729,0.000141426,0.000142897,0.000141274,0.000142917,0.000144007,0.00014135,1.666666667,A2,A1,A2,A2
shower,NOUN,8.57E-06,8.78E-06,9.55E-06,9.89E-06,9.90E-06,1.00E-05,9.74E-06,9.59E-06,9.68E-06,9.52E-06,1.333333333,A1,C1,B1,A1
shrug,VERB,6.35E-07,6.32E-07,6.84E-07,6.97E-07,7.15E-07,7.37E-07,7.06E-07,7.31E-07,6.72E-07,6.90E-07,3.666666667,B2,C2,B1,C1
shut,VERB,2.08E-05,2.12E-05,2.24E-05,2.35E-05,2.47E-05,2.43E-05,2.42E-05,2.67E-05,3.22E-05,2.44E-05,2,A2,B2,A2,B1
sick,ADJ,2.86E-05,2.81E-05,2.88E-05,2.98E-05,3.13E-05,3.10E-05,3.09E-05,3.18E-05,3.81E-05,3.09E-05,1,A1,A2,A2,B1
side,NOUN,0.000208034,0.000210386,0.000214327,0.000219747,0.000225477,0.000220022,0.000220902,0.000229906,0.000263253,0.000223562,2,A2,A1,A1,A2
sigh,VERB,3.20E-07,3.37E-07,3.46E-07,3.83E-07,4.56E-07,4.41E-07,4.27E-07,5.06E-07,7.88E-07,4.45E-07,2.666666667,B1,C2,B1,C1
sight,NOUN,3.99E-05,4.01E-05,3.94E-05,4.27E-05,4.84E-05,4.46E-05,4.67E-05,5.39E-05,7.56E-05,4.79E-05,2,A2,A1,A1,A2
sign,NOUN,5.14E-05,5.17E-05,5.24E-05,5.47E-05,5.49E-05,5.23E-05,5.19E-05,5.18E-05,5.15E-05,5.25E-05,2.333333333,A2,A1,A2,A2
sign,VERB,1.33E-05,1.38E-05,1.39E-05,1.41E-05,1.41E-05,1.42E-05,1.35E-05,1.35E-05,1.27E-05,1.37E-05,2,A2,B2,B1,B2
signal,NOUN,3.72E-05,3.81E-05,3.99E-05,3.62E-05,3.79E-05,3.75E-05,3.41E-05,3.47E-05,3.03E-05,3.62E-05,3,B1,A2,A2,A2
signal,VERB,4.15E-06,4.11E-06,4.19E-06,4.04E-06,3.98E-06,4.02E-06,3.84E-06,3.80E-06,3.06E-06,3.91E-06,2.333333333,A2,C2,B1,B2
signature,NOUN,1.08E-05,1.18E-05,1.25E-05,1.32E-05,1.26E-05,1.29E-05,1.20E-05,1.19E-05,1.05E-05,1.20E-05,2.333333333,A2,C1,B1,A1
significance,NOUN,4.75E-05,4.48E-05,4.41E-05,4.28E-05,4.24E-05,4.22E-05,4.20E-05,4.17E-05,3.42E-05,4.24E-05,3,B1,A2,B1,A2
significant,ADJ,0.000142771,0.00014047,0.000139393,0.000136641,0.0001352,0.000141213,0.000140511,0.000133437,0.000102236,0.000134652,2.666666667,B1,A1,B1,A2
silence,NOUN,3.25E-05,3.28E-05,3.33E-05,3.39E-05,3.80E-05,3.61E-05,3.62E-05,4.17E-05,5.23E-05,3.74E-05,2.666666667,B1,A1,A2,A2
silent,ADJ,2.64E-05,2.67E-05,2.70E-05,2.78E-05,3.11E-05,2.99E-05,2.98E-05,3.36E-05,4.29E-05,3.06E-05,1.666666667,A2,A1,A2,B1
silk,NOUN,1.19E-05,1.13E-05,1.16E-05,1.18E-05,1.23E-05,1.23E-05,1.22E-05,1.34E-05,1.64E-05,1.26E-05,2.666666667,B1,C1,A2,A1
silly,ADJ,7.17E-06,7.10E-06,7.28E-06,7.46E-06,8.18E-06,7.95E-06,7.65E-06,8.48E-06,1.00E-05,7.92E-06,1,A1,C1,B1,B2
silver,NOUN,1.86E-05,1.70E-05,1.68E-05,1.82E-05,1.86E-05,1.80E-05,1.89E-05,2.09E-05,2.83E-05,1.95E-05,2.333333333,A2,B2,A2,B1
similar,ADJ,0.000171349,0.000171782,0.000170085,0.000166645,0.000163154,0.000163436,0.000163733,0.000159923,0.000140076,0.000163354,3,B1,A1,B1,A2
similarity,NOUN,1.23E-05,1.26E-05,1.25E-05,1.22E-05,1.29E-05,1.31E-05,1.27E-05,1.25E-05,1.02E-05,1.23E-05,3.333333333,B1,C1,B1,A1
similarly,ADV,1.64E-05,1.59E-05,1.57E-05,1.55E-05,1.53E-05,1.55E-05,1.56E-05,1.58E-05,1.32E-05,1.54E-05,3.333333333,B1,B2,B1,A2
simple,ADJ,0.000119711,0.000121382,0.00012463,0.000123197,0.000118989,0.000118117,0.000115776,0.00011643,0.000114316,0.000119172,2.333333333,A2,A1,A2,A2
simple,NOUN,5.73E-07,5.84E-07,6.12E-07,6.00E-07,5.70E-07,6.10E-07,5.93E-07,5.84E-07,6.23E-07,5.94E-07,1,A1,C2,B1,C1
simplification,NOUN,2.51E-06,2.52E-06,2.61E-06,2.68E-06,2.31E-06,2.44E-06,2.33E-06,2.26E-06,1.83E-06,2.39E-06,3.666666667,B2,C2,B1,C1
simply,ADV,0.000138136,0.000137129,0.000140387,0.000138548,0.000135123,0.000134484,0.000132978,0.000132745,0.000121617,0.000134572,2,A2,A1,A2,A2
simultaneously,ADV,2.60E-05,2.59E-05,2.60E-05,2.53E-05,2.45E-05,2.52E-05,2.46E-05,2.38E-05,1.96E-05,2.45E-05,3,B1,B2,B1,B1
sin,NOUN,2.58E-05,2.67E-05,2.54E-05,3.02E-05,2.96E-05,2.99E-05,3.35E-05,3.23E-05,4.59E-05,3.10E-05,2.666666667,B1,A1,B1,A2
sin,VERB,1.31E-06,1.35E-06,1.31E-06,1.65E-06,1.60E-06,1.64E-06,1.81E-06,1.72E-06,2.46E-06,1.65E-06,2.666666667,B1,C2,B1,C1
since,ADP,0.000273848,0.000273071,0.000271599,0.000271002,0.000269711,0.000268292,0.000268389,0.000270976,0.000268133,0.000270558,3,B1,A1,A2,A2
since,ADV,1.23E-07,1.33E-07,1.31E-07,1.34E-07,1.55E-07,1.43E-07,1.60E-07,1.64E-07,1.91E-07,1.48E-07,2.333333333,A2,C2,B1,B2
sing,VERB,1.41E-05,1.44E-05,1.37E-05,1.48E-05,1.56E-05,1.57E-05,1.49E-05,1.66E-05,2.08E-05,1.56E-05,1,A1,B2,A2,B2
singer,NOUN,7.17E-06,7.42E-06,6.95E-06,7.06E-06,7.29E-06,7.82E-06,7.14E-06,7.51E-06,7.14E-06,7.28E-06,1,A1,C1,B1,A1
single,ADJ,0.000172686,0.000174758,0.000175964,0.00017313,0.000168539,0.000168095,0.000166453,0.000162459,0.000149574,0.000167962,2,A2,A1,A2,A2
single,NOUN,2.57E-06,2.63E-06,2.66E-06,2.72E-06,2.51E-06,2.55E-06,2.48E-06,2.39E-06,2.08E-06,2.51E-06,1.333333333,A1,C2,B1,C1
sink,NOUN,5.37E-06,5.75E-06,6.03E-06,5.97E-06,5.92E-06,6.36E-06,5.94E-06,5.70E-06,4.96E-06,5.78E-06,2.333333333,A2,C1,B1,A1
sink,VERB,5.49E-06,5.60E-06,5.49E-06,5.80E-06,6.13E-06,5.99E-06,6.13E-06,6.65E-06,8.65E-06,6.21E-06,2.333333333,A2,C1,B1,B2
siren,NOUN,1.34E-06,1.35E-06,1.42E-06,1.42E-06,1.40E-06,1.45E-06,1.40E-06,1.35E-06,1.29E-06,1.38E-06,3,B1,C2,B1,C1
sit,VERB,3.98E-05,4.02E-05,4.20E-05,4.31E-05,4.52E-05,4.55E-05,4.48E-05,4.63E-05,5.17E-05,4.43E-05,1,A1,A2,A2,A1
site,NOUN,0.000123342,0.000131323,0.000130516,0.000121924,0.000113637,0.000107469,0.000105317,0.000104867,8.08E-05,0.000113246,2.333333333,A2,A1,B1,A2
situation,NOUN,0.000139928,0.000139871,0.000136877,0.000135019,0.000133149,0.000136183,0.000131878,0.000128696,0.000113645,0.000132805,2.333333333,A2,A1,A2,A2
size,NOUN,0.000130436,0.000134436,0.000132861,0.000131362,0.000127249,0.000127349,0.000123551,0.000121217,0.000103629,0.000125788,1.333333333,A1,A1,A2,A2
skill,NOUN,2.75E-05,2.73E-05,2.62E-05,2.79E-05,2.77E-05,2.78E-05,2.85E-05,2.85E-05,3.19E-05,2.81E-05,1.666666667,A2,A2,B1,A2
skilled,ADJ,1.50E-05,1.49E-05,1.43E-05,1.43E-05,1.37E-05,1.38E-05,1.43E-05,1.36E-05,1.21E-05,1.40E-05,2,A2,B2,B2,B2
skin,NOUN,6.77E-05,6.69E-05,7.18E-05,6.56E-05,6.81E-05,7.02E-05,6.90E-05,6.44E-05,5.95E-05,6.70E-05,2,A2,A1,B1,A2
skirt,NOUN,5.83E-06,5.74E-06,5.93E-06,5.91E-06,6.07E-06,6.46E-06,5.98E-06,6.22E-06,6.28E-06,6.05E-06,1.333333333,A1,C1,B1,A1
sky,NOUN,3.24E-05,3.20E-05,3.35E-05,3.43E-05,3.57E-05,3.51E-05,3.39E-05,3.70E-05,4.32E-05,3.52E-05,1.666666667,A2,A1,A2,A2
slave,NOUN,2.74E-05,2.67E-05,2.67E-05,2.78E-05,2.86E-05,2.78E-05,2.85E-05,3.23E-05,3.37E-05,2.88E-05,2.666666667,B1,A2,B1,A2
sleep,NOUN,2.84E-05,2.77E-05,3.09E-05,3.22E-05,3.10E-05,3.49E-05,3.33E-05,3.30E-05,3.75E-05,3.21E-05,1,A1,A2,A2,A2
sleep,VERB,2.56E-05,2.57E-05,2.75E-05,2.87E-05,2.95E-05,3.03E-05,2.94E-05,3.07E-05,3.54E-05,2.92E-05,1,A1,A2,A2,A1
sleeve,NOUN,4.55E-06,4.45E-06,4.61E-06,4.81E-06,5.11E-06,5.20E-06,4.78E-06,5.01E-06,5.68E-06,4.91E-06,3,B1,C1,B1,C1
slice,NOUN,5.29E-06,5.36E-06,6.06E-06,5.94E-06,5.79E-06,6.21E-06,5.60E-06,5.61E-06,4.98E-06,5.65E-06,2.333333333,A2,C1,B1,A1
slight,ADJ,1.79E-05,1.78E-05,1.78E-05,1.83E-05,1.99E-05,1.86E-05,1.98E-05,2.18E-05,2.94E-05,2.01E-05,2.333333333,A2,B2,B1,B1
slightly,ADV,4.94E-05,4.92E-05,4.98E-05,4.94E-05,4.90E-05,4.85E-05,4.76E-05,4.74E-05,4.39E-05,4.82E-05,4,B2,A1,B1,A1
slip,VERB,6.48E-06,6.65E-06,6.81E-06,6.90E-06,7.15E-06,7.11E-06,6.79E-06,7.20E-06,7.87E-06,6.99E-06,2.333333333,A2,C1,B1,B2
slope,NOUN,1.79E-05,1.85E-05,1.76E-05,1.66E-05,1.82E-05,1.76E-05,1.59E-05,1.68E-05,1.68E-05,1.73E-05,4.333333333,B2,C1,A2,B1
slow,ADJ,3.93E-05,3.89E-05,3.96E-05,3.92E-05,3.96E-05,3.95E-05,3.83E-05,3.89E-05,4.01E-05,3.93E-05,1.333333333,A1,A2,A2,A1
slow,VERB,6.03E-06,6.12E-06,6.39E-06,6.35E-06,6.19E-06,6.27E-06,6.05E-06,5.87E-06,4.95E-06,6.02E-06,1,A1,C1,B1,B2
slowly,ADV,4.97E-05,4.95E-05,5.19E-05,5.21E-05,5.48E-05,5.40E-05,5.17E-05,5.56E-05,6.33E-05,5.36E-05,1.333333333,A1,A2,A2,A1
small,ADJ,0.000326006,0.000325375,0.000325539,0.000321332,0.000318504,0.000318375,0.00031238,0.000314654,0.000312444,0.000319401,1,A1,A1,A2,A2
smart,ADJ,1.21E-05,1.27E-05,1.38E-05,1.44E-05,1.43E-05,1.50E-05,1.42E-05,1.46E-05,1.39E-05,1.39E-05,1,A1,B2,B1,B2
smash,VERB,1.11E-06,1.11E-06,1.11E-06,1.16E-06,1.19E-06,1.18E-06,1.13E-06,1.23E-06,1.36E-06,1.18E-06,3.666666667,B2,C2,B1,C1
smell,NOUN,1.34E-05,1.36E-05,1.44E-05,1.43E-05,1.46E-05,1.48E-05,1.45E-05,1.47E-05,1.50E-05,1.44E-05,1,A1,B2,B1,B1
smell,VERB,5.02E-06,5.08E-06,5.64E-06,5.69E-06,5.69E-06,5.87E-06,5.67E-06,5.72E-06,5.52E-06,5.54E-06,1.666666667,A2,C1,B1,B2
smile,NOUN,3.34E-05,3.37E-05,3.62E-05,3.72E-05,4.10E-05,4.12E-05,3.91E-05,4.35E-05,5.28E-05,3.98E-05,1.333333333,A1,A1,A1,A2
smile,VERB,5.45E-06,5.64E-06,5.92E-06,6.18E-06,6.65E-06,6.81E-06,6.52E-06,7.14E-06,8.45E-06,6.53E-06,1.333333333,A1,C1,A2,B2
smoke,NOUN,1.46E-05,1.52E-05,1.57E-05,1.58E-05,1.71E-05,1.69E-05,1.61E-05,1.78E-05,2.09E-05,1.67E-05,1.666666667,A2,B2,A2,B1
smoke,VERB,4.50E-06,4.57E-06,4.48E-06,4.49E-06,4.86E-06,4.90E-06,4.69E-06,4.80E-06,5.15E-06,4.71E-06,1,A1,C2,B1,B2
smooth,ADJ,2.38E-05,2.45E-05,2.41E-05,2.34E-05,2.45E-05,2.41E-05,2.31E-05,2.32E-05,2.41E-05,2.38E-05,3,B1,B2,A2,B1
snake,NOUN,8.50E-06,7.71E-06,8.03E-06,8.38E-06,8.10E-06,8.02E-06,7.79E-06,7.99E-06,7.90E-06,8.05E-06,2,A2,C1,B1,A1
snap,VERB,2.36E-06,2.30E-06,2.47E-06,2.58E-06,2.56E-06,2.52E-06,2.39E-06,2.42E-06,2.47E-06,2.45E-06,3.333333333,B1,C2,B1,B2
snow,NOUN,2.37E-05,2.44E-05,2.33E-05,2.34E-05,2.56E-05,2.51E-05,2.34E-05,2.72E-05,3.21E-05,2.54E-05,1,A1,A2,A2,B1
so,ADV,0.000842359,0.000837367,0.000838882,0.000882065,0.000931913,0.000893006,0.000941119,0.001002529,0.001275366,0.00093829,1.666666667,A2,A1,B2,A1
so,CONJ,7.78E-08,8.30E-08,8.35E-08,8.68E-08,9.50E-08,9.48E-08,9.13E-08,1.04E-07,1.19E-07,9.29E-08,1.666666667,A2,C2,A2,A2
soap,NOUN,8.27E-06,7.38E-06,7.70E-06,7.73E-06,7.69E-06,7.62E-06,6.82E-06,7.36E-06,7.37E-06,7.55E-06,1.333333333,A1,C1,A2,A1
soar,VERB,1.19E-06,1.20E-06,1.21E-06,1.24E-06,1.30E-06,1.27E-06,1.29E-06,1.32E-06,1.65E-06,1.30E-06,5,C1,C2,B1,C1
social,ADJ,0.000396124,0.000387762,0.000370945,0.000363804,0.000349566,0.00036074,0.000361755,0.000342153,0.000276898,0.000356638,2.333333333,A2,A1,B1,A1
socialism,NOUN,9.06E-06,8.12E-06,8.26E-06,7.30E-06,6.56E-06,6.63E-06,7.07E-06,6.49E-06,5.38E-06,7.21E-06,4.333333333,B2,C1,B2,A1
socialist,ADJ,1.34E-05,1.17E-05,1.25E-05,1.06E-05,9.55E-06,9.77E-06,9.96E-06,9.51E-06,7.00E-06,1.04E-05,3.666666667,B2,C1,B2,B2
society,NOUN,0.000173505,0.00016587,0.000159524,0.000157899,0.000152464,0.000154271,0.000153914,0.000150341,0.000137959,0.000156194,2.666666667,B1,A1,B1,A2
soft,ADJ,4.44E-05,4.46E-05,4.58E-05,4.55E-05,4.79E-05,4.62E-05,4.45E-05,4.68E-05,5.30E-05,4.65E-05,1.666666667,A2,A2,A2,A1
softly,ADV,1.13E-05,1.13E-05,1.19E-05,1.18E-05,1.27E-05,1.25E-05,1.16E-05,1.31E-05,1.66E-05,1.25E-05,1.666666667,A2,B2,A2,A2
software,NOUN,5.82E-05,6.07E-05,6.70E-05,6.67E-05,5.88E-05,6.07E-05,5.49E-05,5.24E-05,4.07E-05,5.78E-05,2,A2,A1,A2,A2
soil,NOUN,5.94E-05,6.04E-05,5.66E-05,5.16E-05,5.37E-05,5.12E-05,5.09E-05,5.16E-05,5.89E-05,5.49E-05,3.333333333,B1,A1,A2,A2
soldier,NOUN,1.70E-05,1.72E-05,1.72E-05,1.78E-05,1.97E-05,1.91E-05,1.98E-05,2.19E-05,2.86E-05,1.98E-05,1.666666667,A2,B2,A2,B1
sole,ADJ,1.54E-05,1.55E-05,1.51E-05,1.50E-05,1.54E-05,1.54E-05,1.59E-05,1.59E-05,1.74E-05,1.57E-05,3.666666667,B2,B2,B1,B2
solely,ADV,1.75E-05,1.77E-05,1.72E-05,1.70E-05,1.69E-05,1.69E-05,1.75E-05,1.72E-05,1.63E-05,1.71E-05,3.666666667,B2,B2,B1,A2
solicitor,NOUN,1.95E-06,2.00E-06,2.07E-06,1.93E-06,1.82E-06,1.76E-06,1.73E-06,1.90E-06,2.53E-06,1.97E-06,4,B2,C2,B1,C1
solid,ADJ,4.11E-05,4.10E-05,4.10E-05,4.21E-05,4.07E-05,4.08E-05,4.06E-05,4.09E-05,3.88E-05,4.08E-05,3,B1,A2,B1,A1
solution,NOUN,8.90E-05,9.14E-05,9.05E-05,9.02E-05,8.40E-05,8.63E-05,8.45E-05,8.62E-05,7.37E-05,8.62E-05,3.333333333,B1,A1,B1,A2
solve,VERB,2.41E-05,2.53E-05,2.49E-05,2.48E-05,2.41E-05,2.42E-05,2.28E-05,2.17E-05,1.85E-05,2.34E-05,2.666666667,B1,B2,B1,B1
some,DET,0.000999524,0.000991348,0.000993751,0.00100178,0.001008992,0.00099645,0.001004349,0.001021885,0.001091892,0.001012219,1.333333333,A1,A1,A1,B1
somehow,ADV,2.36E-05,2.36E-05,2.46E-05,2.44E-05,2.48E-05,2.51E-05,2.42E-05,2.52E-05,2.48E-05,2.45E-05,4,B2,B2,B1,B1
sometimes,ADV,0.000124337,0.000122794,0.000120713,0.000122897,0.000123458,0.000121408,0.000122512,0.000125741,0.000136756,0.000124513,1,A1,A1,A2,A2
somewhat,ADV,4.93E-05,4.80E-05,4.74E-05,4.74E-05,4.87E-05,4.63E-05,4.79E-05,5.11E-05,6.05E-05,4.96E-05,3.333333333,B1,A1,A2,A1
somewhere,ADV,2.46E-05,2.49E-05,2.66E-05,2.69E-05,2.73E-05,2.76E-05,2.66E-05,2.78E-05,2.83E-05,2.67E-05,2,A2,B1,A2,B1
son,NOUN,0.000104665,0.000101877,0.000101563,0.000107828,0.00011265,0.000109253,0.000112714,0.000113881,0.00013159,0.000110669,1,A1,A1,A2,A2
song,NOUN,3.25E-05,3.30E-05,3.29E-05,3.48E-05,3.78E-05,3.71E-05,3.61E-05,3.74E-05,4.17E-05,3.59E-05,1,A1,A1,A2,A2
soon,ADV,0.000114417,0.000115282,0.000116073,0.000120785,0.000130482,0.000124562,0.000130214,0.000140733,0.000183419,0.000130663,2,A2,A1,A2,A2
sophisticated,ADJ,1.92E-05,1.89E-05,1.92E-05,1.81E-05,1.71E-05,1.72E-05,1.63E-05,1.53E-05,1.17E-05,1.70E-05,4,B2,B2,B1,B1
sore,ADJ,5.19E-06,4.96E-06,5.37E-06,5.47E-06,5.75E-06,5.62E-06,5.42E-06,5.88E-06,8.18E-06,5.76E-06,3,B1,C1,B1,B2
sorry,ADJ,2.54E-05,2.53E-05,2.81E-05,2.88E-05,3.07E-05,3.15E-05,3.07E-05,3.28E-05,3.86E-05,3.02E-05,1,A1,A2,A2,B1
sort,NOUN,6.35E-05,6.16E-05,6.08E-05,6.27E-05,6.75E-05,6.45E-05,6.65E-05,7.39E-05,8.91E-05,6.78E-05,3,B1,A2,A2,A2
sort,VERB,4.83E-06,5.01E-06,5.11E-06,5.11E-06,4.92E-06,4.85E-06,4.70E-06,4.64E-06,3.77E-06,4.77E-06,3,B1,C1,B1,B2
soul,NOUN,5.27E-05,5.12E-05,5.27E-05,6.46E-05,6.57E-05,6.18E-05,6.83E-05,7.19E-05,0.000103294,6.58E-05,3.333333333,B1,A1,A2,A2
sound,NOUN,4.54E-05,4.69E-05,4.82E-05,4.82E-05,5.15E-05,4.88E-05,4.79E-05,5.24E-05,6.00E-05,4.99E-05,3,B1,A1,A2,A2
sound,VERB,1.44E-05,1.46E-05,1.55E-05,1.54E-05,1.56E-05,1.57E-05,1.51E-05,1.53E-05,1.45E-05,1.51E-05,2,A2,B2,A2,B2
soundtrack,NOUN,1.02E-06,1.07E-06,1.11E-06,1.16E-06,1.21E-06,1.16E-06,1.11E-06,1.19E-06,7.91E-07,1.09E-06,3,B1,C2,B1,C1
soup,NOUN,8.80E-06,9.15E-06,8.87E-06,8.72E-06,8.92E-06,8.75E-06,8.10E-06,8.48E-06,8.26E-06,8.67E-06,1.333333333,A1,C1,B1,A1
source,NOUN,0.000121935,0.00012457,0.000127225,0.000124923,0.00011926,0.000118985,0.000117052,0.000112725,9.51E-05,0.000117975,3.333333333,B1,A1,B1,A2
south,NOUN,1.00E-05,9.74E-06,9.83E-06,9.35E-06,9.23E-06,8.78E-06,9.04E-06,9.47E-06,1.00E-05,9.50E-06,1,A1,C1,B1,A1
southern,ADJ,4.02E-05,3.86E-05,3.85E-05,3.64E-05,3.63E-05,3.52E-05,3.47E-05,3.56E-05,3.16E-05,3.63E-05,2.333333333,A2,A2,B1,B1
sow,VERB,1.32E-06,1.30E-06,1.33E-06,1.49E-06,1.52E-06,1.46E-06,1.58E-06,1.71E-06,2.54E-06,1.58E-06,3,B1,C2,B1,C1
space,NOUN,0.000147909,0.00014721,0.000149869,0.000148051,0.00014495,0.000146701,0.000142488,0.000141335,0.000122994,0.000143501,1.666666667,A2,A1,A2,A2
spare,ADJ,5.61E-06,5.54E-06,5.75E-06,5.85E-06,5.96E-06,5.88E-06,5.69E-06,5.84E-06,6.06E-06,5.80E-06,2.333333333,A2,C1,B1,B2
spare,VERB,4.67E-06,4.75E-06,4.67E-06,5.00E-06,5.91E-06,5.27E-06,5.81E-06,6.63E-06,9.80E-06,5.83E-06,2.333333333,A2,C1,B1,B2
spark,NOUN,4.04E-06,4.03E-06,3.92E-06,4.43E-06,4.51E-06,4.30E-06,4.31E-06,4.60E-06,5.83E-06,4.44E-06,3.666666667,B2,C2,B1,C1
speak,VERB,7.53E-05,7.49E-05,7.38E-05,7.91E-05,8.51E-05,8.16E-05,8.59E-05,9.16E-05,0.000114362,8.46E-05,1,A1,A2,A2,A1
speaker,NOUN,2.16E-05,2.06E-05,2.10E-05,1.97E-05,1.93E-05,2.08E-05,2.01E-05,2.06E-05,1.89E-05,2.03E-05,1.666666667,A2,B2,B1,B1
special,ADJ,0.000146107,0.000142047,0.00014087,0.000139555,0.000133048,0.000133911,0.000130141,0.000125496,0.000118039,0.000134357,1.666666667,A2,A1,A2,A2
specialist,NOUN,1.15E-05,1.13E-05,1.12E-05,1.11E-05,1.06E-05,1.12E-05,1.04E-05,1.01E-05,7.70E-06,1.06E-05,2.666666667,B1,C1,B1,A1
specially,ADV,8.03E-06,7.79E-06,7.74E-06,8.17E-06,7.97E-06,7.63E-06,8.08E-06,8.13E-06,1.10E-05,8.28E-06,3,B1,C1,B1,B2
species,NOUN,0.000109763,0.000102711,9.83E-05,9.07E-05,9.19E-05,9.22E-05,9.23E-05,9.11E-05,8.14E-05,9.45E-05,3.333333333,B1,A1,B1,A2
specific,ADJ,0.000185509,0.000190317,0.000192804,0.000186613,0.000182473,0.000187313,0.000182162,0.000171801,0.000135501,0.000179388,3,B1,A1,B1,A2
specifically,ADV,4.04E-05,3.99E-05,4.08E-05,3.96E-05,3.86E-05,4.03E-05,4.02E-05,3.86E-05,3.01E-05,3.87E-05,2.666666667,B1,A2,B1,B1
specification,NOUN,1.34E-05,1.58E-05,1.66E-05,1.55E-05,1.31E-05,1.37E-05,1.19E-05,1.08E-05,8.37E-06,1.32E-05,4.333333333,B2,C1,B1,A1
specify,VERB,1.85E-05,2.08E-05,2.33E-05,2.16E-05,1.75E-05,1.78E-05,1.70E-05,1.55E-05,1.27E-05,1.83E-05,3.333333333,B1,B2,B1,B1
specimen,NOUN,9.89E-06,1.03E-05,8.90E-06,9.58E-06,8.96E-06,8.73E-06,9.08E-06,9.42E-06,1.04E-05,9.48E-06,4.333333333,B2,C1,B1,A1
spectacular,ADJ,8.79E-06,8.28E-06,8.39E-06,7.95E-06,7.77E-06,7.82E-06,7.32E-06,7.08E-06,5.33E-06,7.64E-06,2.666666667,B1,C1,B1,B2
spectrum,NOUN,2.47E-05,2.62E-05,2.57E-05,2.52E-05,2.41E-05,2.50E-05,2.38E-05,2.42E-05,1.68E-05,2.40E-05,4.666666667,C1,B2,B1,B1
speculation,NOUN,8.19E-06,7.70E-06,7.63E-06,7.81E-06,7.75E-06,7.45E-06,7.97E-06,7.86E-06,8.74E-06,7.90E-06,3.666666667,B2,C1,B1,A1
speech,NOUN,7.39E-05,6.95E-05,6.87E-05,6.62E-05,6.85E-05,6.82E-05,6.89E-05,6.89E-05,7.10E-05,6.93E-05,3.666666667,B2,A2,B1,A2
speed,NOUN,5.06E-05,5.36E-05,5.16E-05,5.23E-05,5.12E-05,4.79E-05,4.84E-05,4.88E-05,4.57E-05,5.00E-05,1.666666667,A2,A1,B1,A2
speed,VERB,3.84E-06,4.04E-06,4.16E-06,4.05E-06,3.89E-06,3.81E-06,3.60E-06,3.56E-06,3.12E-06,3.79E-06,2.666666667,B1,C2,B1,B2
spell,NOUN,6.21E-06,6.92E-06,7.01E-06,7.28E-06,7.33E-06,7.23E-06,7.38E-06,7.75E-06,9.05E-06,7.35E-06,2,A2,C1,B1,A1
spell,VERB,3.34E-06,3.38E-06,3.34E-06,3.37E-06,3.27E-06,3.28E-06,3.14E-06,3.08E-06,2.97E-06,3.24E-06,1.5,A2,C2,B1,B2
spend,VERB,3.94E-05,4.01E-05,4.07E-05,4.10E-05,4.17E-05,4.21E-05,4.08E-05,4.11E-05,3.95E-05,4.07E-05,1.666666667,A2,A2,A2,A1
spending,NOUN,1.45E-05,1.52E-05,1.38E-05,1.44E-05,1.39E-05,1.36E-05,1.34E-05,1.36E-05,1.06E-05,1.37E-05,2,A2,B2,B1,B1
sphere,NOUN,2.35E-05,2.23E-05,2.15E-05,2.29E-05,2.16E-05,2.12E-05,2.25E-05,2.29E-05,2.21E-05,2.23E-05,3.666666667,B2,B2,B1,B1
spin,VERB,3.35E-06,3.47E-06,3.41E-06,3.52E-06,3.47E-06,3.47E-06,3.37E-06,3.44E-06,3.14E-06,3.40E-06,4,B2,C2,B1,B2
spine,NOUN,9.29E-06,9.07E-06,1.05E-05,1.07E-05,1.09E-05,1.10E-05,1.06E-05,8.91E-06,8.64E-06,9.96E-06,4,B2,C1,B1,A1
spirit,NOUN,6.11E-05,6.16E-05,6.00E-05,7.13E-05,7.17E-05,6.74E-05,7.65E-05,7.77E-05,0.000108622,7.29E-05,3.666666667,B2,A2,B1,A2
spiritual,ADJ,5.68E-05,5.55E-05,5.50E-05,6.40E-05,6.22E-05,6.10E-05,6.60E-05,6.02E-05,6.81E-05,6.10E-05,3,B1,A2,B1,A2
splendid,ADJ,6.49E-06,6.35E-06,5.87E-06,6.57E-06,8.18E-06,7.03E-06,7.97E-06,1.00E-05,1.72E-05,8.41E-06,3.333333333,B1,C1,B1,B2
split,VERB,1.43E-05,1.44E-05,1.46E-05,1.43E-05,1.41E-05,1.42E-05,1.36E-05,1.35E-05,1.18E-05,1.39E-05,2.666666667,B1,B2,B1,B2
spoil,VERB,2.02E-06,1.96E-06,1.97E-06,2.05E-06,2.33E-06,2.19E-06,2.23E-06,2.61E-06,3.73E-06,2.34E-06,3.333333333,B1,C2,B1,B2
spokesman,NOUN,2.86E-06,2.85E-06,2.79E-06,2.68E-06,2.75E-06,2.53E-06,2.44E-06,2.45E-06,2.14E-06,2.61E-06,4.666666667,C1,C2,B1,C1
sponsor,VERB,1.56E-06,1.65E-06,1.59E-06,1.60E-06,1.55E-06,1.57E-06,1.46E-06,1.40E-06,1.01E-06,1.49E-06,2.666666667,B1,C2,B1,C1
sport,NOUN,1.75E-05,1.52E-05,1.68E-05,1.73E-05,1.84E-05,2.00E-05,1.67E-05,1.80E-05,1.89E-05,1.76E-05,1,A1,B2,A2,B1
spot,NOUN,2.96E-05,2.96E-05,3.02E-05,3.19E-05,3.38E-05,3.22E-05,3.28E-05,3.57E-05,4.42E-05,3.33E-05,2.666666667,B1,A1,A2,A2
spot,VERB,2.95E-06,2.91E-06,3.13E-06,3.27E-06,3.11E-06,3.19E-06,2.99E-06,2.90E-06,2.37E-06,2.98E-06,4,B2,C2,B1,B2
spray,NOUN,7.15E-06,7.08E-06,7.11E-06,6.99E-06,7.00E-06,6.76E-06,6.39E-06,6.74E-06,6.43E-06,6.85E-06,2,A2,C1,B1,A1
spread,NOUN,1.49E-05,1.51E-05,1.55E-05,1.50E-05,1.53E-05,1.48E-05,1.48E-05,1.45E-05,1.27E-05,1.47E-05,3.666666667,B2,B2,B1,B1
spread,VERB,3.83E-05,3.85E-05,3.93E-05,3.97E-05,4.04E-05,3.99E-05,3.99E-05,4.09E-05,4.35E-05,4.00E-05,2.666666667,B1,A2,A2,A1
spring,NOUN,4.19E-05,4.25E-05,4.12E-05,4.20E-05,4.28E-05,4.03E-05,4.05E-05,4.23E-05,5.04E-05,4.27E-05,1,A1,A1,A2,A2
spring,VERB,1.35E-06,1.37E-06,1.30E-06,1.48E-06,1.61E-06,1.51E-06,1.57E-06,1.83E-06,2.66E-06,1.63E-06,1,A1,C2,B1,C1
squad,NOUN,3.89E-06,4.00E-06,4.52E-06,4.57E-06,4.57E-06,4.51E-06,4.18E-06,4.22E-06,4.01E-06,4.28E-06,3.666666667,B2,C2,B1,C1
square,ADJ,2.78E-05,2.87E-05,2.77E-05,2.74E-05,2.70E-05,2.62E-05,2.45E-05,2.61E-05,2.82E-05,2.71E-05,1.666666667,A2,B2,A2,B1
squash,VERB,2.52E-07,2.52E-07,2.73E-07,2.71E-07,2.81E-07,2.71E-07,2.58E-07,2.63E-07,2.17E-07,2.60E-07,2,A2,C2,B1,C1
squeeze,VERB,2.82E-06,2.79E-06,3.00E-06,3.00E-06,3.02E-06,3.09E-06,2.92E-06,2.85E-06,2.65E-06,2.90E-06,3.333333333,B1,C2,B1,B2
stab,NOUN,1.07E-06,1.01E-06,1.04E-06,1.14E-06,1.09E-06,1.10E-06,1.09E-06,1.12E-06,1.12E-06,1.09E-06,2.666666667,B1,C2,B1,C1
stability,NOUN,3.37E-05,3.35E-05,3.26E-05,3.20E-05,3.07E-05,3.19E-05,3.10E-05,2.97E-05,2.35E-05,3.10E-05,4.666666667,C1,A2,B1,A2
stable,ADJ,3.65E-05,3.59E-05,3.51E-05,3.48E-05,3.38E-05,3.48E-05,3.40E-05,3.31E-05,2.82E-05,3.40E-05,4.666666667,C1,A2,B1,B1
staff,NOUN,7.93E-05,8.12E-05,7.93E-05,8.02E-05,7.72E-05,8.04E-05,7.76E-05,7.39E-05,6.03E-05,7.66E-05,2.666666667,B1,A1,B1,A2
stage,NOUN,9.92E-05,9.67E-05,9.60E-05,9.49E-05,9.53E-05,9.70E-05,9.42E-05,9.19E-05,8.29E-05,9.42E-05,3,B1,A1,A2,A2
stage,VERB,1.98E-06,1.97E-06,2.02E-06,1.96E-06,1.95E-06,1.94E-06,1.96E-06,1.88E-06,1.46E-06,1.90E-06,3,B1,C2,B1,B2
staggering,ADJ,1.30E-06,1.31E-06,1.33E-06,1.30E-06,1.36E-06,1.36E-06,1.30E-06,1.37E-06,1.24E-06,1.32E-06,4.666666667,C1,C2,B1,B2
stairs,NOUN,1.54E-05,1.53E-05,1.63E-05,1.67E-05,1.80E-05,1.83E-05,1.74E-05,1.92E-05,2.31E-05,1.77E-05,1.666666667,A2,B2,A2,B1
stall,VERB,6.08E-07,6.33E-07,6.62E-07,6.86E-07,6.53E-07,6.68E-07,6.17E-07,6.20E-07,5.73E-07,6.35E-07,4,B2,C2,B1,C1
stamp,NOUN,3.88E-06,3.82E-06,3.78E-06,3.82E-06,3.97E-06,3.85E-06,4.03E-06,3.98E-06,5.19E-06,4.04E-06,2,A2,C2,B1,C1
stance,NOUN,1.21E-05,1.17E-05,1.15E-05,1.12E-05,1.11E-05,1.16E-05,1.14E-05,1.13E-05,8.44E-06,1.12E-05,4.666666667,C1,C1,B1,A1
stand,NOUN,1.05E-05,1.06E-05,1.07E-05,1.07E-05,1.07E-05,1.07E-05,1.05E-05,1.08E-05,1.17E-05,1.08E-05,1.666666667,A2,C1,B1,A1
stand,VERB,5.69E-05,5.65E-05,5.74E-05,5.97E-05,6.23E-05,6.11E-05,6.17E-05,6.54E-05,7.97E-05,6.23E-05,1,A1,A2,A2,A1
standard,ADJ,7.45E-05,7.70E-05,7.81E-05,7.65E-05,7.07E-05,7.31E-05,6.97E-05,6.69E-05,5.21E-05,7.10E-05,2,A2,A2,B1,A2
standard,NOUN,3.87E-05,3.90E-05,4.00E-05,3.90E-05,3.62E-05,3.71E-05,3.63E-05,3.61E-05,3.39E-05,3.74E-05,2.666666667,B1,A2,B1,A2
star,NOUN,2.45E-05,2.38E-05,2.32E-05,2.49E-05,2.45E-05,2.40E-05,2.29E-05,2.59E-05,2.32E-05,2.41E-05,1.333333333,A1,B2,A2,B1
stare,VERB,4.39E-06,4.46E-06,4.80E-06,4.79E-06,4.90E-06,5.11E-06,4.83E-06,5.01E-06,5.22E-06,4.83E-06,2.666666667,B1,C1,B1,B2
start,NOUN,2.96E-05,2.99E-05,3.13E-05,3.11E-05,3.12E-05,3.10E-05,3.02E-05,3.04E-05,2.75E-05,3.03E-05,1,A1,A2,A2,A2
start,VERB,7.09E-05,7.25E-05,7.78E-05,7.85E-05,7.63E-05,7.80E-05,7.50E-05,7.48E-05,6.67E-05,7.45E-05,1,A1,A2,A2,A1
starve,VERB,1.72E-06,1.68E-06,1.64E-06,1.72E-06,1.95E-06,1.81E-06,1.86E-06,2.16E-06,2.98E-06,1.95E-06,3.666666667,B2,C2,B1,B2
state,NOUN,0.000372618,0.000370095,0.000362814,0.000361097,0.000344834,0.000348685,0.000348645,0.000341778,0.000319608,0.000352242,2,A2,A1,B1,A2
state,VERB,1.69E-05,1.69E-05,1.62E-05,1.65E-05,1.62E-05,1.69E-05,1.75E-05,1.59E-05,1.70E-05,1.67E-05,3.666666667,B2,B2,B1,B1
statement,NOUN,8.41E-05,8.56E-05,8.94E-05,8.46E-05,8.10E-05,8.03E-05,8.00E-05,7.79E-05,7.36E-05,8.18E-05,3.666666667,B2,A1,B1,A2
station,NOUN,4.39E-05,4.42E-05,4.46E-05,4.29E-05,4.26E-05,4.19E-05,4.05E-05,4.27E-05,4.41E-05,4.31E-05,1.666666667,A2,A1,A2,A2
statistic,NOUN,3.51E-06,3.51E-06,3.57E-06,3.84E-06,3.40E-06,3.78E-06,3.28E-06,2.97E-06,2.42E-06,3.36E-06,3.666666667,B2,C2,B1,C1
statistical,ADJ,2.33E-05,2.41E-05,2.29E-05,2.27E-05,2.20E-05,2.37E-05,2.25E-05,2.11E-05,1.63E-05,2.21E-05,3.666666667,B2,B2,B1,B1
statistics,NOUN,2.36E-05,2.49E-05,2.37E-05,2.36E-05,2.24E-05,2.37E-05,2.23E-05,2.13E-05,1.82E-05,2.26E-05,2.666666667,B1,B2,B1,B1
status,NOUN,0.000107949,0.000104661,0.000102602,9.94E-05,9.57E-05,9.87E-05,9.58E-05,9.01E-05,6.89E-05,9.60E-05,3.333333333,B1,A1,B1,A2
stay,NOUN,9.72E-06,1.01E-05,9.58E-06,9.50E-06,9.72E-06,9.98E-06,1.00E-05,1.03E-05,1.03E-05,9.92E-06,1.666666667,A2,C1,B1,A1
stay,VERB,6.09E-05,6.16E-05,6.51E-05,6.52E-05,6.63E-05,6.78E-05,6.51E-05,6.64E-05,6.73E-05,6.51E-05,1,A1,A2,A2,A1
steadily,ADV,1.00E-05,9.99E-06,9.47E-06,9.48E-06,1.02E-05,9.86E-06,1.02E-05,1.13E-05,1.41E-05,1.05E-05,3.666666667,B2,B2,B1,A2
steady,ADJ,2.32E-05,2.35E-05,2.25E-05,2.24E-05,2.27E-05,2.31E-05,2.29E-05,2.29E-05,2.42E-05,2.30E-05,4,B2,B2,B1,B1
steal,VERB,6.73E-06,6.68E-06,6.97E-06,7.41E-06,7.83E-06,7.74E-06,7.67E-06,8.12E-06,9.29E-06,7.60E-06,2.333333333,A2,C1,B1,B2
steam,NOUN,1.37E-05,1.38E-05,1.36E-05,1.40E-05,1.34E-05,1.36E-05,1.37E-05,1.63E-05,2.22E-05,1.49E-05,3.333333333,B1,B2,B1,B1
steel,NOUN,2.87E-05,2.95E-05,2.78E-05,2.92E-05,2.69E-05,2.84E-05,2.64E-05,2.71E-05,2.75E-05,2.79E-05,2.333333333,A2,A2,A2,A2
steep,ADJ,1.06E-05,1.03E-05,1.00E-05,9.72E-06,1.03E-05,9.95E-06,9.61E-06,1.02E-05,1.20E-05,1.03E-05,4,B2,C1,B1,B2
step,NOUN,7.57E-05,7.78E-05,7.89E-05,8.00E-05,8.01E-05,8.09E-05,8.00E-05,8.00E-05,7.76E-05,7.90E-05,2.333333333,A2,A1,A2,A2
step,VERB,1.02E-05,1.05E-05,1.10E-05,1.12E-05,1.14E-05,1.17E-05,1.14E-05,1.16E-05,1.15E-05,1.11E-05,2.333333333,A2,C1,B1,B1
stick,NOUN,1.02E-05,9.84E-06,1.02E-05,1.07E-05,1.10E-05,1.10E-05,1.06E-05,1.13E-05,1.33E-05,1.09E-05,2.333333333,A2,C1,A2,A1
stick,VERB,9.33E-06,9.35E-06,9.82E-06,9.97E-06,1.02E-05,1.03E-05,9.83E-06,1.01E-05,1.03E-05,9.90E-06,1.666666667,A2,C1,B1,B1
stiff,ADJ,8.68E-06,8.51E-06,8.46E-06,8.36E-06,8.87E-06,8.70E-06,8.38E-06,9.06E-06,1.11E-05,8.91E-06,3.333333333,B1,C1,B1,B2
still,ADJ,7.20E-06,7.30E-06,7.22E-06,7.35E-06,7.74E-06,7.53E-06,7.31E-06,7.72E-06,8.45E-06,7.54E-06,2.666666667,B1,C1,B1,B2
still,ADV,0.000375194,0.000375325,0.000382522,0.000388648,0.000396044,0.000392346,0.00039592,0.000406368,0.000439637,0.000394667,1.333333333,A1,A1,A2,A1
stimulate,VERB,9.93E-06,9.71E-06,9.74E-06,9.21E-06,9.40E-06,9.28E-06,8.80E-06,8.36E-06,7.28E-06,9.08E-06,3.666666667,B2,C1,B1,B1
stimulus,NOUN,1.35E-05,1.38E-05,1.30E-05,1.17E-05,1.26E-05,1.27E-05,1.24E-05,1.17E-05,1.05E-05,1.24E-05,5,C1,C1,B1,A1
stir,VERB,7.23E-06,7.42E-06,7.33E-06,8.16E-06,8.18E-06,7.96E-06,8.03E-06,9.00E-06,1.10E-05,8.26E-06,2.666666667,B1,C1,B1,B2
stitch,NOUN,1.76E-06,2.13E-06,2.48E-06,2.37E-06,2.54E-06,2.77E-06,2.85E-06,2.31E-06,2.17E-06,2.38E-06,3.666666667,B2,C2,B1,C1
stock,NOUN,7.24E-05,7.80E-05,7.13E-05,7.10E-05,6.61E-05,6.79E-05,6.44E-05,6.58E-05,6.19E-05,6.87E-05,4,B2,A1,A2,A2
stock,VERB,1.14E-06,1.25E-06,1.16E-06,1.13E-06,1.14E-06,1.12E-06,1.08E-06,1.08E-06,9.72E-07,1.12E-06,3.333333333,B1,C2,B1,C1
stomach,NOUN,1.78E-05,1.78E-05,1.93E-05,1.89E-05,1.93E-05,1.93E-05,1.90E-05,1.80E-05,1.92E-05,1.88E-05,1.666666667,A2,B2,B1,B1
stone,NOUN,4.50E-05,4.34E-05,4.36E-05,4.64E-05,4.68E-05,4.38E-05,4.58E-05,4.93E-05,5.99E-05,4.71E-05,1.666666667,A2,A1,A2,A2
stop,NOUN,1.56E-05,1.59E-05,1.70E-05,1.67E-05,1.64E-05,1.65E-05,1.58E-05,1.60E-05,1.46E-05,1.60E-05,1,A1,B2,B1,B1
stop,VERB,6.02E-05,6.11E-05,6.50E-05,6.52E-05,6.54E-05,6.70E-05,6.48E-05,6.64E-05,6.48E-05,6.44E-05,1.333333333,A1,A2,A2,A1
storage,NOUN,3.30E-05,3.38E-05,3.57E-05,3.65E-05,3.27E-05,3.21E-05,3.03E-05,2.91E-05,2.32E-05,3.18E-05,3,B1,A2,A2,A2
store,NOUN,3.66E-05,4.27E-05,3.85E-05,3.88E-05,3.89E-05,3.89E-05,3.76E-05,3.77E-05,3.67E-05,3.85E-05,1,A1,A2,B1,A2
store,VERB,1.05E-05,1.14E-05,1.31E-05,1.25E-05,1.11E-05,1.05E-05,9.96E-06,9.67E-06,8.14E-06,1.08E-05,2.666666667,B1,C1,B1,B1
storm,NOUN,1.70E-05,1.78E-05,1.68E-05,1.77E-05,1.98E-05,1.90E-05,1.98E-05,2.18E-05,2.83E-05,1.98E-05,2.666666667,B1,B2,B1,B1
story,NOUN,0.000144769,0.00014642,0.000143641,0.000144063,0.000152014,0.000150784,0.000149068,0.000153811,0.000148147,0.00014808,1,A1,A1,A2,A2
straight,ADJ,2.83E-05,2.83E-05,2.86E-05,2.82E-05,2.88E-05,2.87E-05,2.73E-05,2.86E-05,3.05E-05,2.86E-05,1.666666667,A2,A2,A2,B1
straight,ADV,1.89E-05,1.90E-05,2.01E-05,2.06E-05,2.17E-05,2.18E-05,2.11E-05,2.29E-05,2.56E-05,2.13E-05,2,A2,B2,A2,B1
straightforward,ADJ,1.19E-05,1.19E-05,1.23E-05,1.20E-05,1.15E-05,1.18E-05,1.15E-05,1.10E-05,9.03E-06,1.14E-05,3.666666667,B2,C1,B1,B2
strain,NOUN,2.26E-05,2.26E-05,2.14E-05,2.24E-05,2.22E-05,2.18E-05,2.28E-05,2.18E-05,2.16E-05,2.21E-05,4.333333333,B2,B2,B1,B1
stranded,ADJ,1.67E-06,1.93E-06,1.94E-06,1.56E-06,1.84E-06,1.88E-06,1.75E-06,1.71E-06,1.34E-06,1.73E-06,4.666666667,C1,C2,B1,B2
strange,ADJ,3.52E-05,3.52E-05,3.60E-05,3.80E-05,4.33E-05,4.02E-05,4.16E-05,4.83E-05,6.52E-05,4.26E-05,2.666666667,B1,A1,A1,A1
stranger,NOUN,1.17E-05,1.19E-05,1.14E-05,1.24E-05,1.48E-05,1.33E-05,1.40E-05,1.70E-05,2.52E-05,1.46E-05,2.333333333,A2,B2,A2,B1
strategic,ADJ,3.25E-05,3.49E-05,3.38E-05,3.27E-05,3.22E-05,3.48E-05,3.38E-05,3.46E-05,2.76E-05,3.30E-05,4,B2,A2,B1,B1
strategy,NOUN,7.21E-05,7.46E-05,7.51E-05,7.28E-05,7.11E-05,7.51E-05,7.39E-05,7.09E-05,5.69E-05,7.14E-05,3.333333333,B1,A1,B1,A2
straw,NOUN,7.16E-06,6.84E-06,6.75E-06,6.91E-06,7.58E-06,7.34E-06,7.27E-06,7.75E-06,1.03E-05,7.55E-06,3,B1,C1,B1,A1
stream,NOUN,2.92E-05,2.92E-05,3.04E-05,3.00E-05,3.08E-05,2.94E-05,2.92E-05,3.14E-05,3.89E-05,3.10E-05,3.666666667,B2,A1,A2,A2
strength,NOUN,7.46E-05,7.53E-05,7.32E-05,7.59E-05,7.69E-05,7.60E-05,7.78E-05,7.85E-05,9.13E-05,7.77E-05,3,B1,A1,A2,A2
strengthen,VERB,1.16E-05,1.15E-05,1.14E-05,1.15E-05,1.12E-05,1.17E-05,1.15E-05,1.11E-05,1.09E-05,1.14E-05,2.666666667,B1,C1,B1,B1
stress,NOUN,4.93E-05,4.85E-05,4.79E-05,4.68E-05,4.71E-05,4.90E-05,5.00E-05,4.38E-05,3.60E-05,4.65E-05,2.666666667,B1,A1,B1,A2
stress,VERB,7.55E-06,7.09E-06,7.13E-06,6.73E-06,6.55E-06,6.71E-06,6.52E-06,6.00E-06,4.44E-06,6.52E-06,1.333333333,A1,C1,B1,B2
stressful,ADJ,4.47E-06,4.56E-06,4.60E-06,4.35E-06,4.56E-06,4.75E-06,4.80E-06,4.23E-06,3.19E-06,4.39E-06,2.333333333,A2,C2,B2,B2
stretch,NOUN,8.04E-06,8.16E-06,8.25E-06,8.27E-06,8.50E-06,8.62E-06,8.11E-06,8.32E-06,7.89E-06,8.24E-06,3,B1,C1,B1,A1
stretch,VERB,5.99E-06,5.92E-06,6.14E-06,6.24E-06,6.37E-06,6.29E-06,6.05E-06,6.04E-06,6.23E-06,6.14E-06,3,B1,C1,B1,B2
strict,ADJ,1.91E-05,1.90E-05,1.88E-05,1.86E-05,1.81E-05,1.83E-05,1.83E-05,1.81E-05,1.85E-05,1.85E-05,2.333333333,A2,B2,B1,B1
strictly,ADV,1.70E-05,1.67E-05,1.63E-05,1.63E-05,1.60E-05,1.60E-05,1.63E-05,1.60E-05,1.74E-05,1.64E-05,2.666666667,B1,B2,B1,A2
strike,NOUN,1.42E-05,1.45E-05,1.36E-05,1.30E-05,1.27E-05,1.28E-05,1.16E-05,1.26E-05,1.08E-05,1.29E-05,3.333333333,B1,C1,B1,A1
strike,VERB,1.21E-05,1.22E-05,1.19E-05,1.24E-05,1.32E-05,1.26E-05,1.29E-05,1.40E-05,1.77E-05,1.32E-05,3.666666667,B2,B2,B1,B2
striker,NOUN,3.89E-07,3.19E-07,3.18E-07,2.59E-07,3.13E-07,3.08E-07,3.29E-07,3.22E-07,3.34E-07,3.21E-07,4.666666667,C1,C2,B1,C1
striking,ADJ,1.81E-05,1.75E-05,1.66E-05,1.69E-05,1.72E-05,1.67E-05,1.78E-05,1.83E-05,2.07E-05,1.78E-05,4.333333333,B2,B2,B1,B1
string,NOUN,2.75E-05,2.96E-05,3.76E-05,3.41E-05,2.82E-05,2.63E-05,2.70E-05,2.58E-05,2.46E-05,2.90E-05,4.666666667,C1,A2,B1,A2
strip,NOUN,1.06E-05,1.05E-05,1.06E-05,1.04E-05,1.06E-05,1.02E-05,9.56E-06,9.62E-06,8.95E-06,1.01E-05,5,C1,C1,B1,A1
strip,VERB,1.80E-06,1.82E-06,1.88E-06,1.89E-06,1.90E-06,1.84E-06,1.89E-06,1.93E-06,2.02E-06,1.89E-06,4,B2,C2,B1,B2
stroke,NOUN,1.54E-05,1.74E-05,1.66E-05,1.60E-05,1.82E-05,1.75E-05,1.75E-05,1.70E-05,1.93E-05,1.72E-05,3,B1,B2,B1,B1
strong,ADJ,0.000133427,0.000133088,0.00013108,0.000131833,0.000134012,0.000133889,0.000135432,0.000138207,0.00014984,0.000135645,1.333333333,A1,A1,A2,A2
strongly,ADV,3.87E-05,3.85E-05,3.73E-05,3.73E-05,3.69E-05,3.72E-05,3.81E-05,3.71E-05,3.68E-05,3.75E-05,3,B1,A2,B1,B1
structural,ADJ,4.03E-05,3.99E-05,3.81E-05,3.74E-05,3.60E-05,3.79E-05,3.69E-05,3.38E-05,2.55E-05,3.62E-05,3.666666667,B2,A2,B1,B1
structure,NOUN,0.00016488,0.000164851,0.000163412,0.000157877,0.000150504,0.000155866,0.000149295,0.000140711,0.000110537,0.000150882,2.666666667,B1,A1,B1,A2
struggle,NOUN,3.93E-05,3.72E-05,3.71E-05,3.62E-05,3.64E-05,3.62E-05,3.69E-05,3.77E-05,3.90E-05,3.73E-05,2.666666667,B1,A2,B1,A2
struggle,VERB,6.17E-06,6.06E-06,6.15E-06,6.29E-06,6.51E-06,6.54E-06,6.73E-06,6.92E-06,6.97E-06,6.48E-06,2.666666667,B1,C1,B1,B2
student,NOUN,8.63E-05,8.62E-05,8.54E-05,8.57E-05,8.63E-05,9.15E-05,8.91E-05,8.71E-05,7.46E-05,8.58E-05,1,A1,A1,B1,A2
studio,NOUN,1.43E-05,1.46E-05,1.45E-05,1.41E-05,1.45E-05,1.52E-05,1.35E-05,1.35E-05,1.13E-05,1.40E-05,2.333333333,A2,C1,A2,B1
study,NOUN,0.00021718,0.000212789,0.000209244,0.000207668,0.000208832,0.000219157,0.000225161,0.000212751,0.000177425,0.000210023,1,A1,A1,B1,A2
study,VERB,3.09E-05,3.04E-05,3.03E-05,3.06E-05,3.03E-05,3.14E-05,3.06E-05,3.00E-05,2.81E-05,3.03E-05,1.333333333,A1,A2,B1,A1
stuff,NOUN,2.39E-05,2.41E-05,2.60E-05,2.67E-05,2.69E-05,2.78E-05,2.63E-05,2.66E-05,2.53E-05,2.60E-05,2.666666667,B1,B2,A2,B1
stupid,ADJ,1.21E-05,1.21E-05,1.32E-05,1.35E-05,1.41E-05,1.43E-05,1.40E-05,1.46E-05,1.55E-05,1.37E-05,2,A2,B2,B1,B2
style,NOUN,7.36E-05,7.32E-05,7.38E-05,7.01E-05,7.07E-05,6.79E-05,6.84E-05,6.72E-05,6.40E-05,6.99E-05,2,A2,A2,B1,A2
stylish,ADJ,1.54E-06,1.54E-06,1.55E-06,1.62E-06,1.61E-06,1.63E-06,1.52E-06,1.49E-06,1.33E-06,1.54E-06,1.666666667,A2,C2,B1,B2
subject,NOUN,9.45E-05,9.03E-05,8.77E-05,9.11E-05,9.23E-05,8.95E-05,9.77E-05,9.56E-05,0.000121958,9.56E-05,2,A2,A1,B1,A2
subject,VERB,1.95E-06,1.93E-06,1.87E-06,1.91E-06,1.87E-06,1.84E-06,1.94E-06,1.89E-06,2.17E-06,1.93E-06,1,A1,C2,B1,B2
submit,VERB,1.30E-05,1.39E-05,1.34E-05,1.45E-05,1.43E-05,1.37E-05,1.42E-05,1.40E-05,1.59E-05,1.41E-05,3,B1,B2,B1,B2
subsequent,ADJ,4.47E-05,4.45E-05,4.30E-05,4.25E-05,4.15E-05,4.23E-05,4.31E-05,4.12E-05,3.67E-05,4.22E-05,4.666666667,C1,A2,B1,A1
subsequently,ADV,2.16E-05,2.13E-05,2.06E-05,2.04E-05,2.02E-05,2.08E-05,2.13E-05,2.05E-05,1.89E-05,2.06E-05,4.333333333,B2,B2,B1,B1
subsidy,NOUN,4.53E-06,4.51E-06,4.49E-06,4.13E-06,3.66E-06,4.09E-06,4.03E-06,3.66E-06,3.11E-06,4.02E-06,5,C1,C2,B1,C1
substance,NOUN,3.34E-05,3.46E-05,3.39E-05,3.35E-05,3.37E-05,3.30E-05,3.40E-05,3.43E-05,3.66E-05,3.41E-05,4,B2,A2,B1,A2
substantial,ADJ,4.36E-05,4.29E-05,4.15E-05,3.99E-05,3.78E-05,3.86E-05,3.84E-05,3.64E-05,3.00E-05,3.88E-05,4.666666667,C1,A2,B1,B1
substantially,ADV,1.84E-05,1.85E-05,1.76E-05,1.70E-05,1.59E-05,1.65E-05,1.62E-05,1.53E-05,1.27E-05,1.65E-05,4.333333333,B2,B2,B1,A2
subtle,ADJ,1.72E-05,1.70E-05,1.69E-05,1.68E-05,1.70E-05,1.67E-05,1.65E-05,1.63E-05,1.56E-05,1.67E-05,4,B2,B2,B1,B1
succeed,VERB,1.64E-05,1.65E-05,1.62E-05,1.67E-05,1.70E-05,1.66E-05,1.72E-05,1.77E-05,1.98E-05,1.71E-05,3,B1,B2,B1,B1
success,NOUN,9.14E-05,9.24E-05,9.06E-05,9.06E-05,9.17E-05,9.34E-05,9.47E-05,9.54E-05,9.62E-05,9.29E-05,1.666666667,A2,A1,B1,A2
successful,ADJ,7.73E-05,7.80E-05,7.66E-05,7.56E-05,7.47E-05,7.65E-05,7.56E-05,7.43E-05,6.82E-05,7.52E-05,2.333333333,A2,A2,B1,A2
successfully,ADV,2.85E-05,2.84E-05,2.87E-05,2.83E-05,2.74E-05,2.81E-05,2.76E-05,2.73E-05,2.43E-05,2.76E-05,2.666666667,B1,B1,B1,B1
successive,ADJ,1.17E-05,1.15E-05,1.09E-05,1.10E-05,1.06E-05,1.05E-05,1.09E-05,1.11E-05,1.21E-05,1.11E-05,3.333333333,B1,C1,B1,B2
successor,NOUN,1.03E-05,1.00E-05,9.70E-06,9.57E-06,9.38E-06,9.37E-06,9.65E-06,9.66E-06,1.03E-05,9.77E-06,4,B2,C1,B1,A1
such,DET,5.82E-05,5.72E-05,5.50E-05,5.70E-05,5.88E-05,5.62E-05,6.00E-05,6.23E-05,7.76E-05,6.03E-05,2.666666667,B1,A2,A1,A2
suck,VERB,2.02E-06,2.00E-06,2.13E-06,2.24E-06,2.38E-06,2.47E-06,2.35E-06,2.33E-06,2.40E-06,2.26E-06,3.333333333,B1,C2,B1,B2
sudden,ADJ,2.59E-05,2.60E-05,2.56E-05,2.63E-05,2.99E-05,2.80E-05,2.87E-05,3.21E-05,4.17E-05,2.93E-05,3.666666667,B2,A2,A2,B1
suddenly,ADV,4.53E-05,4.52E-05,4.62E-05,4.75E-05,5.20E-05,5.01E-05,4.99E-05,5.66E-05,7.10E-05,5.15E-05,2.333333333,A2,A1,A2,A1
sue,VERB,4.60E-06,4.96E-06,4.60E-06,4.66E-06,4.34E-06,4.47E-06,4.23E-06,3.95E-06,4.19E-06,4.45E-06,4,B2,C2,B1,B2
sue,VERB,4.60E-06,4.96E-06,4.60E-06,4.66E-06,4.34E-06,4.47E-06,4.23E-06,3.95E-06,4.19E-06,4.45E-06,3.666666667,B2,C2,B1,B2
suffer,VERB,2.39E-05,2.37E-05,2.34E-05,2.45E-05,2.54E-05,2.45E-05,2.56E-05,2.57E-05,3.10E-05,2.53E-05,3.666666667,B2,B2,A2,B1
sufficient,ADJ,5.69E-05,5.67E-05,5.45E-05,5.57E-05,5.50E-05,5.43E-05,5.66E-05,5.69E-05,6.81E-05,5.72E-05,3.333333333,B1,A2,B1,A1
sufficiently,ADV,2.04E-05,2.03E-05,1.92E-05,1.98E-05,1.98E-05,1.92E-05,2.05E-05,2.12E-05,2.68E-05,2.08E-05,3,B1,B2,B1,B1
sugar,NOUN,2.98E-05,2.76E-05,2.88E-05,2.82E-05,2.95E-05,2.89E-05,2.80E-05,2.98E-05,2.90E-05,2.88E-05,1,A1,A2,A2,A2
suggest,VERB,7.06E-05,6.80E-05,6.73E-05,6.53E-05,6.45E-05,6.56E-05,6.55E-05,6.34E-05,5.20E-05,6.47E-05,3,B1,A2,B1,A1
suggestion,NOUN,1.79E-05,1.69E-05,1.68E-05,1.75E-05,1.75E-05,1.72E-05,1.87E-05,1.87E-05,2.03E-05,1.79E-05,3,B1,B2,B1,B1
suicide,NOUN,1.88E-05,1.93E-05,1.73E-05,1.80E-05,1.88E-05,1.98E-05,1.97E-05,1.96E-05,1.61E-05,1.86E-05,3.666666667,B2,B2,B1,B1
suit,NOUN,2.34E-05,2.38E-05,2.34E-05,2.37E-05,2.34E-05,2.40E-05,2.26E-05,2.22E-05,2.41E-05,2.34E-05,2.333333333,A2,B2,A2,B1
suit,VERB,5.97E-06,5.98E-06,5.89E-06,6.07E-06,6.49E-06,6.09E-06,6.25E-06,6.63E-06,8.56E-06,6.43E-06,2,A2,C1,B1,B2
suitable,ADJ,3.12E-05,3.12E-05,3.03E-05,3.10E-05,3.03E-05,3.06E-05,3.01E-05,2.98E-05,3.03E-05,3.05E-05,2.666666667,B1,A2,B1,B1
sum,NOUN,3.34E-05,3.47E-05,3.27E-05,3.31E-05,3.31E-05,3.26E-05,3.33E-05,3.36E-05,4.01E-05,3.41E-05,3.333333333,B1,A1,B1,A2
summary,NOUN,2.67E-05,2.71E-05,2.67E-05,2.61E-05,2.52E-05,2.58E-05,2.52E-05,2.38E-05,2.04E-05,2.52E-05,3,B1,B2,B1,B1
summer,NOUN,6.08E-05,6.17E-05,6.02E-05,5.91E-05,6.06E-05,6.00E-05,5.84E-05,6.06E-05,6.56E-05,6.08E-05,1,A1,A1,A2,A2
summit,NOUN,8.06E-06,7.64E-06,7.15E-06,7.47E-06,7.23E-06,7.27E-06,7.09E-06,8.02E-06,9.93E-06,7.76E-06,5,C1,C1,B1,A1
sun,NOUN,4.85E-05,4.78E-05,4.93E-05,5.22E-05,5.43E-05,5.17E-05,5.15E-05,5.73E-05,7.44E-05,5.41E-05,1,A1,A1,A1,A2
sunshine,NOUN,4.22E-06,4.29E-06,4.28E-06,4.58E-06,5.65E-06,5.26E-06,5.42E-06,6.87E-06,1.15E-05,5.79E-06,2,A2,C1,B1,A1
superb,ADJ,4.51E-06,4.23E-06,4.32E-06,4.12E-06,4.25E-06,4.03E-06,3.91E-06,4.19E-06,4.55E-06,4.24E-06,4,B2,C2,B1,B2
superior,ADJ,3.07E-05,3.00E-05,2.90E-05,3.01E-05,3.08E-05,3.06E-05,3.25E-05,3.11E-05,3.61E-05,3.12E-05,3,B1,A2,B1,B1
supermarket,NOUN,3.22E-06,3.59E-06,3.27E-06,3.03E-06,3.14E-06,3.11E-06,2.94E-06,2.95E-06,2.26E-06,3.06E-06,2,A2,C2,B1,C1
supervision,NOUN,1.46E-05,1.62E-05,1.39E-05,1.39E-05,1.25E-05,1.34E-05,1.28E-05,1.26E-05,1.15E-05,1.35E-05,4,B2,C1,B1,B1
supper,NOUN,6.94E-06,6.90E-06,6.92E-06,7.11E-06,8.81E-06,8.38E-06,8.45E-06,1.02E-05,1.55E-05,8.81E-06,2,A2,C1,A2,A1
supplement,NOUN,5.33E-06,5.16E-06,5.22E-06,4.90E-06,4.70E-06,4.65E-06,4.50E-06,4.26E-06,3.44E-06,4.69E-06,4,B2,C2,B1,C1
supplier,NOUN,8.10E-06,9.88E-06,9.04E-06,8.67E-06,8.22E-06,9.02E-06,9.26E-06,8.34E-06,6.38E-06,8.55E-06,3.666666667,B2,C1,B2,A1
supply,NOUN,5.38E-05,5.70E-05,5.37E-05,5.26E-05,5.11E-05,5.37E-05,5.25E-05,5.31E-05,4.88E-05,5.29E-05,3.333333333,B1,A1,B1,A2
supply,VERB,1.44E-05,1.44E-05,1.44E-05,1.40E-05,1.37E-05,1.36E-05,1.41E-05,1.42E-05,1.69E-05,1.44E-05,2.666666667,B1,B2,B1,B2
support,NOUN,0.000167276,0.000166017,0.000167019,0.000165118,0.000157347,0.00016015,0.000159135,0.000148959,0.000126091,0.000157457,2.666666667,B1,A1,B1,A2
support,VERB,7.09E-05,7.22E-05,7.50E-05,7.33E-05,7.01E-05,7.18E-05,7.10E-05,6.84E-05,6.05E-05,7.03E-05,2.666666667,B1,A2,B1,A1
supporter,NOUN,3.44E-06,3.34E-06,3.31E-06,3.19E-06,3.24E-06,3.18E-06,3.26E-06,3.14E-06,2.92E-06,3.22E-06,2.666666667,B1,C2,B1,C1
suppose,VERB,2.86E-05,2.89E-05,2.79E-05,2.99E-05,3.43E-05,3.11E-05,3.37E-05,3.93E-05,6.13E-05,3.50E-05,3.666666667,B2,A2,A2,A1
sure,ADJ,0.000132263,0.000136286,0.00014635,0.00015077,0.000153175,0.00015303,0.000149556,0.000155232,0.000167205,0.000149319,1.333333333,A1,A1,A1,A2
surely,ADV,2.24E-05,2.18E-05,2.18E-05,2.27E-05,2.43E-05,2.30E-05,2.40E-05,2.56E-05,3.24E-05,2.42E-05,2.666666667,B1,B1,B1,B1
surf,NOUN,1.74E-06,1.76E-06,1.79E-06,1.94E-06,1.91E-06,1.85E-06,1.66E-06,1.77E-06,2.24E-06,1.85E-06,2,A2,C2,B1,C1
surface,NOUN,0.000129697,0.000131195,0.00012431,0.000125734,0.00012265,0.000120697,0.000121672,0.000118922,0.000108458,0.000122593,3.333333333,B1,A1,B1,A2
surface,VERB,3.88E-06,3.81E-06,3.79E-06,3.77E-06,3.61E-06,3.67E-06,3.64E-06,3.33E-06,2.58E-06,3.56E-06,3.666666667,B2,C2,B1,B2
surgeon,NOUN,9.63E-06,8.99E-06,9.35E-06,8.84E-06,9.40E-06,9.49E-06,9.11E-06,9.52E-06,1.05E-05,9.42E-06,2,A2,C1,B1,A1
surgery,NOUN,3.31E-05,3.10E-05,3.08E-05,3.06E-05,3.10E-05,3.30E-05,3.11E-05,2.86E-05,2.23E-05,3.02E-05,2.666666667,B1,A2,A2,A2
surprise,NOUN,2.52E-05,2.55E-05,2.61E-05,2.69E-05,2.92E-05,2.84E-05,2.86E-05,3.13E-05,3.67E-05,2.86E-05,2.333333333,A2,A2,A2,A2
surprised,ADJ,1.84E-06,1.83E-06,2.00E-06,2.04E-06,2.27E-06,2.22E-06,2.21E-06,2.39E-06,2.89E-06,2.19E-06,1.333333333,A1,C2,B1,B2
surprising,ADJ,2.15E-05,2.07E-05,2.06E-05,2.00E-05,1.99E-05,1.99E-05,2.01E-05,1.99E-05,1.79E-05,2.01E-05,2.666666667,B1,B2,B1,B1
surprisingly,ADV,1.29E-05,1.27E-05,1.28E-05,1.23E-05,1.20E-05,1.22E-05,1.22E-05,1.15E-05,9.06E-06,1.20E-05,2.333333333,A2,B2,B1,A2
surround,VERB,4.10E-06,4.17E-06,4.19E-06,4.20E-06,4.27E-06,4.19E-06,4.28E-06,4.29E-06,4.65E-06,4.26E-06,3.666666667,B2,C2,B1,B2
surrounding,ADJ,2.21E-06,2.22E-06,2.14E-06,2.14E-06,2.25E-06,2.20E-06,2.34E-06,2.39E-06,2.53E-06,2.27E-06,3.333333333,B1,C2,B1,B2
survey,NOUN,4.36E-05,4.19E-05,4.13E-05,4.11E-05,3.91E-05,4.05E-05,4.06E-05,3.87E-05,3.17E-05,3.98E-05,3.666666667,B2,A2,B1,A2
survival,NOUN,3.34E-05,3.34E-05,3.26E-05,3.19E-05,3.08E-05,3.21E-05,3.20E-05,3.00E-05,2.30E-05,3.10E-05,2.666666667,B1,A2,B1,A2
survive,VERB,2.56E-05,2.48E-05,2.52E-05,2.39E-05,2.36E-05,2.38E-05,2.32E-05,2.24E-05,1.87E-05,2.35E-05,2.666666667,B1,B2,B1,B1
suspect,VERB,1.12E-05,1.10E-05,1.10E-05,1.14E-05,1.16E-05,1.11E-05,1.10E-05,1.17E-05,1.30E-05,1.14E-05,3.333333333,B1,B2,B1,B1
suspend,VERB,2.90E-06,3.01E-06,2.87E-06,2.85E-06,2.67E-06,2.79E-06,2.88E-06,2.79E-06,3.07E-06,2.87E-06,3.333333333,B1,C2,B1,B2
suspense,NOUN,2.31E-06,2.15E-06,2.19E-06,2.14E-06,2.42E-06,2.27E-06,2.51E-06,2.81E-06,3.83E-06,2.51E-06,3.666666667,B2,C2,B1,C1
suspicion,NOUN,1.17E-05,1.18E-05,1.15E-05,1.20E-05,1.31E-05,1.22E-05,1.31E-05,1.43E-05,1.75E-05,1.30E-05,4.333333333,B2,B2,B1,A1
sustain,VERB,1.30E-05,1.29E-05,1.25E-05,1.25E-05,1.23E-05,1.25E-05,1.29E-05,1.24E-05,1.27E-05,1.26E-05,4.333333333,B2,B2,B1,B1
swallow,VERB,3.84E-06,3.82E-06,3.95E-06,3.96E-06,4.12E-06,4.00E-06,4.00E-06,4.11E-06,4.73E-06,4.06E-06,2.333333333,A2,C2,B1,B2
swear,VERB,5.50E-06,5.40E-06,5.65E-06,6.15E-06,6.87E-06,6.50E-06,6.63E-06,7.25E-06,9.59E-06,6.62E-06,3.666666667,B2,C1,A2,B2
sweep,VERB,2.66E-06,2.62E-06,2.65E-06,2.74E-06,2.87E-06,2.76E-06,2.78E-06,3.07E-06,3.89E-06,2.89E-06,3.333333333,B1,C2,B1,B2
sweet,ADJ,2.50E-05,2.51E-05,2.55E-05,2.70E-05,3.03E-05,2.92E-05,2.93E-05,3.33E-05,4.79E-05,3.03E-05,1.666666667,A2,A2,A2,B1
swim,VERB,5.39E-06,5.32E-06,5.53E-06,5.45E-06,5.65E-06,5.59E-06,5.29E-06,5.53E-06,6.29E-06,5.56E-06,1.333333333,A1,C1,B1,B2
swimming,NOUN,1.41E-06,1.44E-06,1.42E-06,1.37E-06,1.29E-06,1.29E-06,1.23E-06,1.13E-06,1.00E-06,1.29E-06,1,A1,C2,B1,C1
swing,NOUN,7.40E-06,7.32E-06,7.82E-06,7.58E-06,7.34E-06,7.66E-06,7.05E-06,7.17E-06,6.84E-06,7.35E-06,3.666666667,B2,C1,B1,A1
swing,VERB,3.18E-06,3.11E-06,3.26E-06,3.33E-06,3.35E-06,3.35E-06,3.14E-06,3.35E-06,3.59E-06,3.30E-06,2.333333333,A2,C2,B1,B2
switch,NOUN,1.45E-05,1.46E-05,1.67E-05,1.70E-05,1.37E-05,1.26E-05,1.20E-05,1.21E-05,1.04E-05,1.37E-05,2.666666667,B1,C1,B1,B1
switch,VERB,6.28E-06,6.78E-06,7.25E-06,7.32E-06,6.67E-06,6.46E-06,6.17E-06,6.24E-06,4.79E-06,6.44E-06,2,A2,C1,B1,B2
sword,NOUN,1.26E-05,1.29E-05,1.32E-05,1.49E-05,1.75E-05,1.57E-05,1.75E-05,1.94E-05,2.69E-05,1.67E-05,3,B1,B2,B1,B1
symbol,NOUN,2.76E-05,2.78E-05,2.82E-05,2.84E-05,2.71E-05,2.47E-05,2.41E-05,2.42E-05,2.02E-05,2.58E-05,1.333333333,A1,B2,A2,B1
sympathetic,ADJ,1.29E-05,1.27E-05,1.26E-05,1.16E-05,1.27E-05,1.21E-05,1.25E-05,1.18E-05,1.16E-05,1.23E-05,3.333333333,B1,C1,B1,B2
sympathy,NOUN,1.24E-05,1.23E-05,1.18E-05,1.27E-05,1.43E-05,1.33E-05,1.53E-05,1.74E-05,2.60E-05,1.51E-05,4,B2,B2,B1,B1
symptom,NOUN,6.82E-06,6.79E-06,6.74E-06,6.62E-06,6.77E-06,6.22E-06,6.57E-06,6.03E-06,5.54E-06,6.45E-06,3.333333333,B1,C1,B1,A1
system,NOUN,0.00047253,0.000474823,0.000479707,0.000471813,0.00043719,0.000447277,0.000423969,0.000402182,0.000340068,0.00043884,2,A2,A1,A1,A2
systematic,ADJ,2.09E-05,2.11E-05,2.03E-05,2.00E-05,1.96E-05,2.07E-05,2.07E-05,1.97E-05,1.69E-05,2.00E-05,4.666666667,C1,B2,B1,B1
table,NOUN,0.00012337,0.000130196,0.000137713,0.000136803,0.000131531,0.000128669,0.000125601,0.000130491,0.000131551,0.000130658,2,A2,A1,A1,A2
tackle,VERB,3.99E-06,3.91E-06,4.05E-06,4.15E-06,4.11E-06,4.36E-06,4.20E-06,4.18E-06,3.59E-06,4.06E-06,3.666666667,B2,C2,B1,B2
tactic,NOUN,3.69E-06,3.75E-06,3.90E-06,3.75E-06,3.79E-06,3.71E-06,3.78E-06,3.67E-06,2.86E-06,3.65E-06,3.666666667,B2,C2,B1,C1
tactless,ADJ,1.93E-07,2.04E-07,2.02E-07,2.02E-07,2.05E-07,2.07E-07,1.96E-07,2.20E-07,2.24E-07,2.06E-07,4.666666667,C1,C2,B2,B2
tail,NOUN,1.55E-05,1.47E-05,1.50E-05,1.56E-05,1.60E-05,1.57E-05,1.57E-05,1.61E-05,1.92E-05,1.60E-05,2.666666667,B1,B2,B1,B1
take,VERB,0.00038175,0.000381151,0.000392329,0.000399227,0.000404888,0.000404985,0.000402325,0.000411047,0.000441732,0.000402159,1,A1,A1,A1,A1
takeover,NOUN,3.07E-06,3.02E-06,3.44E-06,3.10E-06,2.71E-06,2.99E-06,2.80E-06,2.86E-06,2.15E-06,2.90E-06,4,B2,C2,B1,C1
tale,NOUN,1.53E-05,1.53E-05,1.47E-05,1.48E-05,1.62E-05,1.53E-05,1.57E-05,1.75E-05,2.04E-05,1.61E-05,2.666666667,B1,B2,B1,B1
talent,NOUN,1.36E-05,1.37E-05,1.37E-05,1.40E-05,1.47E-05,1.49E-05,1.50E-05,1.60E-05,1.65E-05,1.47E-05,2.666666667,B1,B2,B1,B1
talk,NOUN,2.61E-05,2.64E-05,2.64E-05,2.68E-05,2.82E-05,2.75E-05,2.74E-05,2.91E-05,3.21E-05,2.78E-05,1,A1,A2,A2,A2
talk,VERB,7.42E-05,7.41E-05,7.83E-05,7.85E-05,7.98E-05,8.19E-05,7.88E-05,8.11E-05,8.25E-05,7.88E-05,1.666666667,A2,A2,A1,A1
tall,ADJ,2.65E-05,2.69E-05,2.73E-05,2.78E-05,2.91E-05,2.90E-05,2.74E-05,2.96E-05,3.42E-05,2.86E-05,1,A1,A2,A2,B1
tank,NOUN,1.48E-05,1.48E-05,1.48E-05,1.58E-05,1.58E-05,1.38E-05,1.38E-05,1.31E-05,1.18E-05,1.43E-05,3,B1,C1,B1,B1
tap,NOUN,3.96E-06,4.06E-06,4.27E-06,4.12E-06,4.25E-06,4.14E-06,4.08E-06,4.26E-06,4.44E-06,4.18E-06,2.333333333,A2,C2,B1,C1
tap,VERB,3.72E-06,3.69E-06,3.99E-06,3.85E-06,3.73E-06,3.66E-06,3.48E-06,3.63E-06,3.15E-06,3.66E-06,3.333333333,B1,C2,B1,B2
target,NOUN,4.73E-05,5.14E-05,5.40E-05,5.38E-05,5.25E-05,5.41E-05,5.29E-05,5.08E-05,3.88E-05,5.06E-05,2.666666667,B1,A1,B1,A2
target,VERB,3.56E-06,4.09E-06,4.32E-06,4.22E-06,4.47E-06,4.64E-06,4.65E-06,4.60E-06,3.63E-06,4.24E-06,2.666666667,B1,C2,B1,B2
task,NOUN,8.45E-05,8.59E-05,8.42E-05,8.57E-05,8.52E-05,8.53E-05,8.22E-05,8.26E-05,7.67E-05,8.36E-05,2.333333333,A2,A1,A2,A2
taste,NOUN,2.36E-05,2.32E-05,2.27E-05,2.37E-05,2.52E-05,2.43E-05,2.57E-05,2.72E-05,3.39E-05,2.55E-05,1.666666667,A2,A2,B1,B1
taste,VERB,5.67E-06,5.78E-06,6.22E-06,6.48E-06,6.58E-06,6.31E-06,6.40E-06,6.40E-06,6.29E-06,6.24E-06,2,A2,C1,B1,B2
tax,NOUN,9.58E-05,9.58E-05,9.43E-05,9.02E-05,8.69E-05,9.82E-05,9.46E-05,8.70E-05,7.51E-05,9.09E-05,2.666666667,B1,A1,B1,A2
taxi,NOUN,5.90E-06,5.94E-06,6.29E-06,6.15E-06,5.86E-06,6.24E-06,5.67E-06,5.91E-06,5.08E-06,5.89E-06,1.333333333,A1,C1,B1,A1
tea,NOUN,2.47E-05,2.54E-05,2.58E-05,2.47E-05,2.74E-05,2.63E-05,2.67E-05,2.98E-05,3.51E-05,2.73E-05,1,A1,A2,A2,A2
teach,VERB,3.22E-05,3.19E-05,3.24E-05,3.32E-05,3.38E-05,3.48E-05,3.52E-05,3.42E-05,3.77E-05,3.39E-05,1,A1,A2,A2,A1
teacher,NOUN,7.15E-05,6.77E-05,7.00E-05,6.78E-05,6.88E-05,7.30E-05,7.26E-05,6.80E-05,6.41E-05,6.93E-05,1,A1,A2,B1,A2
teaching,NOUN,4.24E-05,3.99E-05,4.11E-05,4.11E-05,4.02E-05,4.38E-05,4.36E-05,3.99E-05,3.86E-05,4.12E-05,1,A1,A2,B1,A2
team,NOUN,7.80E-05,8.41E-05,8.57E-05,9.06E-05,9.20E-05,9.42E-05,9.31E-05,9.09E-05,7.16E-05,8.67E-05,2,A2,A1,B1,A2
tear,VERB,5.42E-06,5.47E-06,5.59E-06,5.97E-06,6.15E-06,5.99E-06,5.88E-06,6.42E-06,7.70E-06,6.07E-06,2.333333333,A2,C1,B1,B2
technical,ADJ,5.55E-05,5.43E-05,5.46E-05,5.21E-05,4.93E-05,5.06E-05,4.81E-05,4.52E-05,3.71E-05,4.97E-05,3.666666667,B2,A2,B1,A1
technique,NOUN,5.38E-05,5.20E-05,5.33E-05,5.08E-05,5.05E-05,5.15E-05,4.85E-05,4.55E-05,3.34E-05,4.88E-05,3,B1,A2,A2,A2
technological,ADJ,2.53E-05,2.47E-05,2.39E-05,2.27E-05,2.12E-05,2.25E-05,2.13E-05,1.95E-05,1.52E-05,2.18E-05,3.333333333,B1,B2,B1,B1
technology,NOUN,9.40E-05,9.55E-05,9.83E-05,9.42E-05,8.84E-05,9.20E-05,8.86E-05,8.28E-05,6.47E-05,8.87E-05,2.333333333,A2,A1,B1,A2
teenager,NOUN,4.46E-06,4.50E-06,4.58E-06,4.44E-06,4.54E-06,4.74E-06,4.48E-06,4.36E-06,3.42E-06,4.39E-06,1.333333333,A1,C2,B1,C1
telephone,NOUN,3.38E-05,3.34E-05,3.41E-05,3.04E-05,2.79E-05,2.74E-05,2.48E-05,2.39E-05,1.97E-05,2.84E-05,1,A1,B2,A2,A2
telephone,VERB,8.22E-07,7.95E-07,7.95E-07,7.46E-07,7.36E-07,7.15E-07,6.27E-07,6.88E-07,7.07E-07,7.37E-07,1.333333333,A1,C2,B1,C1
television,NOUN,5.32E-05,5.17E-05,5.19E-05,4.92E-05,4.88E-05,4.90E-05,4.43E-05,4.64E-05,3.22E-05,4.74E-05,1,A1,A1,A2,A2
tell,VERB,0.00015081,0.000152079,0.00016022,0.00016622,0.000175831,0.00017494,0.000169963,0.000183747,0.000220153,0.000172663,1.333333333,A1,A1,A1,A2
temper,NOUN,6.21E-06,6.33E-06,5.81E-06,6.47E-06,7.91E-06,6.98E-06,8.48E-06,9.40E-06,1.60E-05,8.17E-06,3.333333333,B1,C1,B1,A1
temperature,NOUN,8.05E-05,8.22E-05,7.74E-05,8.07E-05,7.49E-05,7.47E-05,7.45E-05,7.27E-05,5.97E-05,7.53E-05,2.666666667,B1,A1,B1,A2
temple,NOUN,2.38E-05,2.27E-05,2.40E-05,2.72E-05,2.56E-05,2.41E-05,2.50E-05,2.45E-05,2.60E-05,2.48E-05,2,A2,B2,B1,B1
temporary,ADJ,2.66E-05,2.61E-05,2.58E-05,2.53E-05,2.47E-05,2.45E-05,2.49E-05,2.38E-05,2.35E-05,2.50E-05,3.333333333,B1,B2,B1,B1
tenant,NOUN,6.06E-06,5.98E-06,6.07E-06,5.24E-06,6.83E-06,5.21E-06,5.47E-06,5.92E-06,6.74E-06,5.95E-06,4.333333333,B2,C1,B1,A1
tendency,NOUN,3.13E-05,3.02E-05,2.89E-05,2.92E-05,2.87E-05,2.82E-05,2.95E-05,2.92E-05,3.13E-05,2.96E-05,3.666666667,B2,A1,B1,A2
tennis,NOUN,7.60E-06,7.73E-06,7.71E-06,7.49E-06,7.46E-06,7.30E-06,6.78E-06,6.39E-06,5.83E-06,7.14E-06,1,A1,C1,B1,A1
tension,NOUN,3.10E-05,3.03E-05,3.01E-05,2.89E-05,2.83E-05,2.88E-05,2.86E-05,2.69E-05,2.27E-05,2.84E-05,3.666666667,B2,B2,B1,A2
tent,NOUN,1.03E-05,1.02E-05,1.01E-05,1.05E-05,1.13E-05,1.16E-05,1.09E-05,1.19E-05,1.46E-05,1.13E-05,2.333333333,A2,B2,A2,A1
term,NOUN,0.000124356,0.00012464,0.000119858,0.000119746,0.00011653,0.000119576,0.000118998,0.00011414,9.96E-05,0.000117491,2.333333333,A2,A1,B1,A2
terminal,NOUN,5.69E-06,5.79E-06,5.97E-06,5.66E-06,4.81E-06,5.02E-06,4.15E-06,4.33E-06,3.62E-06,5.00E-06,3.666666667,B2,C2,B1,A1
terrible,ADJ,2.12E-05,2.11E-05,2.14E-05,2.26E-05,2.49E-05,2.34E-05,2.42E-05,2.72E-05,3.54E-05,2.46E-05,2,A2,B1,A2,B1
territory,NOUN,3.26E-05,3.12E-05,3.10E-05,3.07E-05,2.97E-05,3.03E-05,3.05E-05,3.07E-05,3.08E-05,3.08E-05,4.333333333,B2,A2,B1,A2
terror,NOUN,1.16E-05,1.17E-05,1.27E-05,1.40E-05,1.66E-05,1.55E-05,1.64E-05,1.90E-05,2.27E-05,1.56E-05,3.333333333,B1,B2,A2,B1
test,NOUN,0.00011478,0.000114707,0.000117991,0.000118714,0.000118061,0.000117339,0.000111529,0.000104943,8.76E-05,0.000111737,2.333333333,A2,A1,A2,A2
test,VERB,1.90E-05,1.99E-05,2.05E-05,2.08E-05,1.94E-05,1.93E-05,1.88E-05,1.82E-05,1.57E-05,1.91E-05,1,A1,B2,B1,B1
text,NOUN,0.000135311,0.000143457,0.000148352,0.000137499,0.000132579,0.000123188,0.000121139,0.000120136,9.68E-05,0.000128715,3.333333333,B1,A1,A2,A2
thank,VERB,2.66E-05,2.70E-05,2.85E-05,2.91E-05,3.07E-05,3.13E-05,3.17E-05,3.23E-05,3.42E-05,3.02E-05,1,A1,A2,A2,A1
thanks,NOUN,2.26E-05,2.24E-05,2.34E-05,2.41E-05,2.50E-05,2.52E-05,2.57E-05,2.60E-05,2.70E-05,2.46E-05,1,A1,B2,B1,B1
that,ADV,3.39E-07,3.39E-07,3.55E-07,3.71E-07,4.24E-07,3.82E-07,4.16E-07,4.40E-07,4.12E-07,3.86E-07,2,A2,C2,B1,B2
that,DET,0.003494146,0.003550872,0.003625244,0.003665471,0.00368363,0.003695356,0.003690198,0.003709793,0.003730819,0.003649503,1.666666667,A2,A1,A1,B1
the,DET,0.046369554,0.046201134,0.046023382,0.046261636,0.046059156,0.045616694,0.045920932,0.046212899,0.047608715,0.046252678,1,A1,A1,A1,B1
the,NOUN,2.71E-08,2.22E-08,2.77E-08,3.49E-08,2.56E-08,1.93E-08,1.98E-08,1.89E-08,2.56E-08,2.46E-08,1,A1,C2,B1,C1
theatre,NOUN,1.83E-05,1.59E-05,1.64E-05,1.47E-05,1.63E-05,1.59E-05,1.72E-05,1.71E-05,1.73E-05,1.66E-05,1.666666667,A2,B2,B1,B1
theft,NOUN,6.64E-06,7.21E-06,7.00E-06,7.30E-06,7.42E-06,7.44E-06,7.47E-06,7.42E-06,6.89E-06,7.20E-06,3.333333333,B1,C1,B1,A1
theme,NOUN,3.48E-05,3.32E-05,3.27E-05,3.06E-05,3.16E-05,3.08E-05,3.12E-05,3.08E-05,2.48E-05,3.12E-05,2.666666667,B1,A2,B1,A2
themselves,PRON,0.000197116,0.000192107,0.000187362,0.000193064,0.000195491,0.000188571,0.000198458,0.000202119,0.000226632,0.00019788,2,A2,A1,A1,A2
then,ADV,0.000738819,0.000749385,0.000761718,0.000777311,0.000784805,0.000773087,0.000771446,0.000796526,0.000862397,0.000779499,2,A2,A1,A1,A1
theoretical,ADJ,4.17E-05,4.14E-05,3.95E-05,3.76E-05,3.67E-05,3.81E-05,3.80E-05,3.54E-05,2.74E-05,3.73E-05,4.666666667,C1,A2,B2,B1
theory,NOUN,0.000168525,0.000166593,0.000160947,0.000154115,0.000149415,0.000156121,0.00015511,0.000148461,0.000124333,0.000153736,3.333333333,B1,A1,B1,A2
therapy,NOUN,6.19E-05,6.47E-05,6.41E-05,6.29E-05,6.29E-05,6.43E-05,6.03E-05,5.42E-05,4.08E-05,5.96E-05,3,B1,A1,A2,A2
there,DET,0.000883131,0.000876111,0.000878945,0.000897038,0.00090752,0.000895153,0.000909366,0.000936605,0.001025233,0.000912122,1,A1,A1,A1,B1
there,DET,0.000883131,0.000876111,0.000878945,0.000897038,0.00090752,0.000895153,0.000909366,0.000936605,0.001025233,0.000912122,1.333333333,A1,A1,A1,B1
thereafter,ADV,1.13E-05,1.15E-05,1.08E-05,1.04E-05,1.02E-05,1.02E-05,1.00E-05,9.71E-06,9.09E-06,1.03E-05,5.333333333,C1,B2,B1,A2
thereby,ADV,3.47E-05,3.41E-05,3.38E-05,3.36E-05,3.29E-05,3.32E-05,3.38E-05,3.31E-05,3.18E-05,3.35E-05,4,B2,A2,B1,B1
therefore,ADV,0.000157539,0.000154105,0.000149103,0.000155091,0.000154347,0.000148654,0.000159456,0.00016221,0.000187209,0.000158635,4,B2,A1,B1,A2
these,DET,0.001003616,0.00099785,0.00098751,0.000993509,0.000986766,0.000979479,0.000989804,0.000988893,0.00100528,0.000992523,1,A1,A1,A1,B1
thesis,NOUN,1.76E-05,1.69E-05,1.71E-05,1.60E-05,1.58E-05,1.69E-05,2.01E-05,1.91E-05,1.26E-05,1.69E-05,3,B1,B2,B2,B1
they,PRON,0.001940301,0.001938992,0.001938861,0.002002286,0.002046279,0.002010312,0.002051739,0.002106147,0.002306093,0.00203789,1,A1,A1,A1,B1
thick,ADJ,3.41E-05,3.41E-05,3.36E-05,3.45E-05,3.55E-05,3.49E-05,3.39E-05,3.63E-05,4.07E-05,3.53E-05,3,B1,A2,A2,A1
thief,NOUN,4.14E-06,3.98E-06,4.07E-06,4.53E-06,4.88E-06,4.63E-06,4.65E-06,5.21E-06,6.78E-06,4.76E-06,2.666666667,B1,C1,B1,C1
thigh,NOUN,4.80E-06,4.79E-06,5.35E-06,5.18E-06,5.35E-06,5.70E-06,5.46E-06,4.92E-06,5.03E-06,5.17E-06,1.333333333,A1,C1,B1,A1
thin,ADJ,3.71E-05,3.70E-05,3.62E-05,3.72E-05,3.75E-05,3.74E-05,3.61E-05,3.81E-05,3.99E-05,3.74E-05,1,A1,A2,A2,A1
thing,NOUN,0.000160782,0.000161535,0.000167395,0.000177398,0.00018782,0.000183382,0.000187077,0.000200612,0.000243156,0.000185462,1,A1,A1,A1,A2
think,VERB,0.000301982,0.000302037,0.000316624,0.000322082,0.000338943,0.000336023,0.00033874,0.000354922,0.000409668,0.000335669,2,A2,A1,A1,A1
thinking,NOUN,2.53E-05,2.49E-05,2.49E-05,2.49E-05,2.49E-05,2.60E-05,2.60E-05,2.48E-05,2.08E-05,2.47E-05,1.666666667,A2,B2,B1,B1
third,NOUN,1.14E-05,1.11E-05,1.11E-05,1.13E-05,1.10E-05,1.08E-05,1.10E-05,1.08E-05,1.15E-05,1.11E-05,2,A2,C1,B1,A1
this,DET,0.002810018,0.002808381,0.002831528,0.002867139,0.002861254,0.002840727,0.002874713,0.002890237,0.003022339,0.002867371,1,A1,A1,A1,B1
thoroughly,ADV,1.69E-05,1.66E-05,1.62E-05,1.71E-05,1.79E-05,1.69E-05,1.78E-05,1.95E-05,2.68E-05,1.84E-05,3.333333333,B1,B2,B1,A2
those,DET,0.00061221,0.000605766,0.000598933,0.000617184,0.000617577,0.000608151,0.000626411,0.000628677,0.000684226,0.000622126,1,A1,A1,A1,B1
though,ADV,3.29E-05,3.33E-05,3.51E-05,3.57E-05,3.54E-05,3.59E-05,3.53E-05,3.63E-05,3.53E-05,3.50E-05,3.666666667,B2,A2,B1,B1
thought,NOUN,6.49E-05,6.34E-05,6.54E-05,6.95E-05,7.14E-05,7.05E-05,7.47E-05,7.93E-05,9.63E-05,7.28E-05,2.333333333,A2,A2,A2,A2
thought,VERB,0.000220408,0.000219324,0.000229599,0.000234912,0.000243574,0.000241838,0.00024161,0.000252876,0.000288611,0.000241417,2,A2,A1,A1,A1
threat,NOUN,3.97E-05,3.91E-05,3.97E-05,3.92E-05,3.89E-05,4.00E-05,3.96E-05,3.94E-05,3.22E-05,3.86E-05,3.333333333,B1,A1,B1,A2
threaten,VERB,7.38E-06,7.33E-06,7.18E-06,7.06E-06,7.03E-06,7.02E-06,6.95E-06,6.96E-06,6.75E-06,7.07E-06,4,B2,C1,B1,B2
thriving,ADJ,2.01E-06,2.03E-06,1.98E-06,1.98E-06,2.00E-06,2.01E-06,2.07E-06,2.12E-06,2.08E-06,2.03E-06,4.666666667,C1,C2,B1,B2
throat,NOUN,2.02E-05,1.99E-05,2.11E-05,2.08E-05,2.16E-05,2.21E-05,2.08E-05,2.22E-05,2.53E-05,2.16E-05,3,B1,B2,A2,B1
through,ADP,0.000685494,0.00068473,0.000692234,0.000699575,0.000701199,0.00070593,0.000703342,0.000711235,0.000707437,0.00069902,2,A2,A1,A1,A1
through,ADV,4.66E-06,4.73E-06,5.00E-06,5.17E-06,5.21E-06,5.22E-06,5.18E-06,5.34E-06,5.62E-06,5.13E-06,3,B1,C1,B1,B1
throughout,ADP,9.40E-05,9.40E-05,9.30E-05,9.14E-05,9.07E-05,9.11E-05,9.12E-05,8.95E-05,8.20E-05,9.08E-05,3.666666667,B2,A1,A2,A2
throw,VERB,2.02E-05,2.00E-05,2.14E-05,2.26E-05,2.33E-05,2.25E-05,2.29E-05,2.43E-05,3.00E-05,2.30E-05,1.666666667,A2,B2,A2,B1
thus,ADV,0.000158124,0.000155564,0.000149914,0.000156746,0.000159525,0.000154606,0.000164801,0.00016685,0.000196939,0.000162563,3.666666667,B2,A1,B1,A2
ticket,NOUN,1.01E-05,1.02E-05,1.04E-05,1.03E-05,1.02E-05,1.03E-05,9.70E-06,9.90E-06,9.60E-06,1.01E-05,1.666666667,A2,C1,B1,A1
tide,NOUN,1.05E-05,1.02E-05,9.67E-06,9.61E-06,1.05E-05,9.73E-06,9.90E-06,1.14E-05,1.62E-05,1.09E-05,3.666666667,B2,C1,A2,A1
tie,NOUN,7.93E-06,7.89E-06,7.95E-06,8.12E-06,8.13E-06,8.12E-06,7.87E-06,7.90E-06,9.15E-06,8.12E-06,2.333333333,A2,C1,B1,A1
tie,VERB,6.25E-06,6.15E-06,6.37E-06,6.49E-06,6.32E-06,6.22E-06,6.10E-06,6.07E-06,6.62E-06,6.29E-06,1.666666667,A2,C1,B1,B2
tight,ADJ,2.01E-05,2.04E-05,2.11E-05,2.11E-05,2.13E-05,2.20E-05,2.08E-05,2.06E-05,2.04E-05,2.09E-05,2,A2,B2,B1,B1
tighten,VERB,2.11E-06,2.15E-06,2.30E-06,2.39E-06,2.37E-06,2.34E-06,2.08E-06,2.00E-06,1.74E-06,2.16E-06,3.666666667,B2,C2,B1,B2
tightly,ADV,1.23E-05,1.20E-05,1.27E-05,1.22E-05,1.25E-05,1.27E-05,1.21E-05,1.21E-05,1.14E-05,1.22E-05,3,B1,B2,B1,A2
till,ADP,2.49E-05,2.55E-05,2.31E-05,2.74E-05,3.75E-05,2.99E-05,3.88E-05,4.71E-05,9.32E-05,3.86E-05,2.333333333,A2,A1,A2,A2
timber,NOUN,1.17E-05,1.14E-05,1.01E-05,1.05E-05,9.83E-06,1.02E-05,9.93E-06,1.04E-05,1.25E-05,1.07E-05,2.666666667,B1,C1,B1,A1
time,NOUN,0.001118572,0.001125646,0.001140937,0.001156954,0.00116585,0.001171902,0.00116581,0.001176437,0.001221172,0.001160364,1,A1,A1,A1,B2
timing,NOUN,1.46E-05,1.46E-05,1.54E-05,1.49E-05,1.46E-05,1.46E-05,1.43E-05,1.34E-05,1.04E-05,1.41E-05,4,B2,C1,B1,B1
tin,NOUN,8.32E-06,8.43E-06,7.74E-06,8.22E-06,8.38E-06,7.74E-06,7.61E-06,8.49E-06,1.07E-05,8.40E-06,2,A2,C1,B1,A1
tiny,ADJ,2.80E-05,2.75E-05,2.83E-05,2.80E-05,2.79E-05,2.83E-05,2.64E-05,2.73E-05,2.54E-05,2.75E-05,1,A1,B2,A2,B1
tip,NOUN,1.89E-05,1.91E-05,1.93E-05,1.91E-05,1.94E-05,1.90E-05,1.90E-05,1.77E-05,1.56E-05,1.86E-05,3.333333333,B1,B2,B1,B1
tip,VERB,1.24E-06,1.24E-06,1.33E-06,1.35E-06,1.33E-06,1.36E-06,1.32E-06,1.32E-06,1.19E-06,1.30E-06,2.666666667,B1,C2,B1,C1
tired,ADJ,1.02E-05,1.03E-05,1.10E-05,1.12E-05,1.18E-05,1.19E-05,1.12E-05,1.22E-05,1.43E-05,1.16E-05,1.333333333,A1,B2,B1,B2
tissue,NOUN,4.30E-05,4.23E-05,4.36E-05,4.12E-05,4.24E-05,4.48E-05,4.33E-05,3.81E-05,3.03E-05,4.10E-05,3.333333333,B1,A2,B1,A2
title,NOUN,5.58E-05,5.70E-05,5.68E-05,5.47E-05,5.45E-05,5.18E-05,5.33E-05,5.23E-05,5.25E-05,5.43E-05,1.333333333,A1,A1,B1,A2
to,ADJ,5.21E-05,5.51E-05,5.65E-05,5.50E-05,5.32E-05,5.35E-05,5.11E-05,4.87E-05,3.83E-05,5.15E-05,1,A1,A2,B1,A1
to,ADJ,5.21E-05,5.51E-05,5.65E-05,5.50E-05,5.32E-05,5.35E-05,5.11E-05,4.87E-05,3.83E-05,5.15E-05,1,A1,A2,B1,A1
toast,NOUN,3.85E-06,3.85E-06,4.11E-06,4.23E-06,4.47E-06,4.42E-06,4.44E-06,4.39E-06,4.95E-06,4.30E-06,1,A1,C2,B1,C1
tobacco,NOUN,1.42E-05,1.56E-05,1.45E-05,1.31E-05,1.38E-05,1.38E-05,1.31E-05,1.30E-05,1.39E-05,1.39E-05,1.666666667,A2,B2,B1,B1
today,ADV,3.02E-06,2.95E-06,3.09E-06,3.12E-06,3.09E-06,3.16E-06,3.06E-06,3.01E-06,2.48E-06,3.00E-06,2,A2,C2,B1,A2
toe,NOUN,5.56E-06,5.34E-06,5.58E-06,5.43E-06,5.58E-06,5.71E-06,5.35E-06,5.10E-06,6.18E-06,5.54E-06,2,A2,C1,B1,A1
together,ADV,0.000205287,0.000203793,0.000205368,0.000209481,0.000212656,0.000212257,0.000210499,0.000214626,0.000226372,0.000211149,1.333333333,A1,A1,A2,A2
toilet,NOUN,6.71E-06,6.84E-06,6.93E-06,7.23E-06,7.29E-06,7.38E-06,7.11E-06,7.08E-06,6.46E-06,7.00E-06,1,A1,C1,B1,A1
tomato,NOUN,2.41E-06,2.65E-06,3.00E-06,2.60E-06,2.68E-06,2.60E-06,2.49E-06,2.57E-06,2.13E-06,2.57E-06,1,A1,C2,B1,C1
tomorrow,ADV,1.24E-06,1.21E-06,1.47E-06,1.48E-06,1.41E-06,1.57E-06,1.48E-06,1.43E-06,1.33E-06,1.40E-06,1,A1,C2,B1,A2
ton,NOUN,4.54E-06,4.46E-06,4.40E-06,4.22E-06,4.41E-06,4.18E-06,3.95E-06,4.56E-06,6.53E-06,4.58E-06,3,B1,C1,B1,C1
tone,NOUN,3.45E-05,3.43E-05,3.50E-05,3.39E-05,3.82E-05,3.60E-05,3.69E-05,4.13E-05,5.05E-05,3.78E-05,2.666666667,B1,A1,A2,A2
tongue,NOUN,2.28E-05,2.14E-05,2.25E-05,2.36E-05,2.46E-05,2.42E-05,2.41E-05,2.56E-05,3.18E-05,2.45E-05,1.666666667,A2,A2,A2,B1
tonight,ADV,1.11E-05,1.09E-05,1.28E-05,1.27E-05,1.24E-05,1.33E-05,1.25E-05,1.22E-05,1.15E-05,1.22E-05,1,A1,B2,B1,A2
too,ADV,0.000375661,0.000371519,0.000379885,0.000384309,0.000398315,0.000394394,0.000392224,0.000409636,0.0004648,0.000396749,1,A1,A1,A1,A1
tool,NOUN,4.25E-05,4.46E-05,4.97E-05,5.13E-05,4.86E-05,4.74E-05,4.59E-05,4.69E-05,3.79E-05,4.61E-05,3.333333333,B1,A1,A2,A2
tooth,NOUN,9.14E-06,7.59E-06,9.02E-06,8.02E-06,7.79E-06,7.65E-06,6.84E-06,7.26E-06,6.85E-06,7.79E-06,1.333333333,A1,C1,A2,A1
top,ADJ,5.85E-05,6.03E-05,6.09E-05,6.17E-05,6.01E-05,6.12E-05,5.88E-05,5.75E-05,4.94E-05,5.87E-05,1.666666667,A2,A2,A2,A1
top,NOUN,6.24E-05,6.43E-05,6.65E-05,6.82E-05,6.73E-05,6.67E-05,6.44E-05,6.65E-05,6.68E-05,6.59E-05,1,A1,A2,A2,A2
top,VERB,2.14E-06,2.14E-06,2.17E-06,2.24E-06,2.16E-06,2.18E-06,2.11E-06,5.00E-06,2.61E-06,2.53E-06,2,A2,C2,B1,B2
topic,NOUN,3.19E-05,3.27E-05,3.27E-05,3.27E-05,3.19E-05,3.34E-05,3.23E-05,3.04E-05,2.60E-05,3.16E-05,2.333333333,A2,A2,B1,A2
total,ADJ,0.000124618,0.00012545,0.000119945,0.000116817,0.000113895,0.000116025,0.000112303,0.000108677,8.74E-05,0.000113909,1.666666667,A2,A1,B1,A2
total,NOUN,2.27E-05,2.28E-05,2.19E-05,2.15E-05,2.10E-05,2.10E-05,2.05E-05,2.00E-05,1.63E-05,2.09E-05,2,A2,B2,B1,B1
totally,ADV,2.81E-05,2.70E-05,2.75E-05,2.71E-05,2.66E-05,2.67E-05,2.61E-05,2.48E-05,2.26E-05,2.63E-05,2.666666667,B1,B2,B1,B1
touch,NOUN,2.50E-05,2.49E-05,2.56E-05,2.60E-05,2.66E-05,2.63E-05,2.60E-05,2.72E-05,3.04E-05,2.64E-05,2,A2,A2,A2,A2
touch,VERB,1.70E-05,1.69E-05,1.75E-05,1.82E-05,1.84E-05,1.83E-05,1.81E-05,1.90E-05,2.17E-05,1.84E-05,1,A1,B2,A2,B1
tough,ADJ,1.52E-05,1.52E-05,1.59E-05,1.61E-05,1.60E-05,1.65E-05,1.57E-05,1.53E-05,1.34E-05,1.55E-05,2.333333333,A2,B2,B1,B2
tour,NOUN,1.88E-05,1.92E-05,1.94E-05,1.87E-05,1.85E-05,1.86E-05,1.77E-05,1.73E-05,1.54E-05,1.82E-05,1.333333333,A1,B2,B1,B1
tourism,NOUN,1.41E-05,1.45E-05,1.41E-05,1.69E-05,1.53E-05,1.53E-05,1.64E-05,1.38E-05,1.12E-05,1.46E-05,2,A2,B2,B2,B1
tourist,NOUN,1.12E-05,1.13E-05,1.07E-05,1.01E-05,9.83E-06,1.02E-05,1.02E-05,8.97E-06,7.31E-06,9.98E-06,1.333333333,A1,C1,B1,A1
tournament,NOUN,2.57E-06,2.68E-06,3.02E-06,2.88E-06,3.15E-06,3.56E-06,3.35E-06,3.11E-06,2.69E-06,3.00E-06,2.666666667,B1,C2,B1,C1
tournament,NOUN,2.57E-06,2.68E-06,3.02E-06,2.88E-06,3.15E-06,3.56E-06,3.35E-06,3.11E-06,2.69E-06,3.00E-06,3.666666667,B2,C2,B1,C1
toward,ADP,0.000154932,0.000155998,0.000157859,0.000156687,0.000154971,0.000157058,0.000151371,0.000152168,0.000144907,0.000153994,3,B1,A1,A2,A2
towards,ADP,9.30E-05,8.89E-05,8.90E-05,9.24E-05,9.77E-05,9.62E-05,0.000102229,0.000107618,0.000123477,9.89E-05,1.333333333,A1,A1,A2,A2
tower,NOUN,1.33E-05,1.32E-05,1.33E-05,1.32E-05,1.35E-05,1.27E-05,1.34E-05,1.39E-05,1.63E-05,1.36E-05,2.333333333,A2,B2,B1,B1
toy,NOUN,6.19E-06,6.30E-06,6.12E-06,6.23E-06,6.16E-06,6.25E-06,5.82E-06,6.05E-06,5.52E-06,6.07E-06,1.333333333,A1,C1,B1,A1
trace,NOUN,1.27E-05,1.21E-05,1.25E-05,1.28E-05,1.21E-05,1.18E-05,1.19E-05,1.26E-05,1.30E-05,1.24E-05,4,B2,B2,B1,A1
trace,VERB,8.06E-06,7.90E-06,7.92E-06,8.35E-06,8.13E-06,7.84E-06,8.39E-06,8.44E-06,9.86E-06,8.32E-06,3,B1,C1,B1,B2
track,NOUN,2.75E-05,3.02E-05,3.03E-05,2.98E-05,3.17E-05,2.94E-05,2.78E-05,2.85E-05,2.74E-05,2.92E-05,2,A2,A2,A2,A2
trade,NOUN,0.000114749,0.000109014,0.000106621,0.000103579,9.71E-05,0.000102325,0.00010178,0.000100686,9.00E-05,0.000102868,3.333333333,B1,A1,B1,A2
trade,VERB,8.01E-06,8.14E-06,8.20E-06,8.08E-06,7.48E-06,7.86E-06,7.80E-06,7.75E-06,6.99E-06,7.81E-06,3.666666667,B2,C1,B1,B2
trader,NOUN,3.91E-06,4.29E-06,3.81E-06,3.91E-06,3.93E-06,3.75E-06,4.09E-06,4.56E-06,4.64E-06,4.10E-06,2.666666667,B1,C2,B1,C1
tradition,NOUN,7.07E-05,6.60E-05,6.33E-05,6.19E-05,6.15E-05,6.16E-05,6.12E-05,5.88E-05,4.68E-05,6.13E-05,2.666666667,B1,A1,B1,A2
traditional,ADJ,0.000105134,0.000102514,0.000101749,9.53E-05,9.29E-05,9.48E-05,9.12E-05,8.59E-05,6.61E-05,9.28E-05,2.666666667,B1,A2,B1,A2
traditionally,ADV,1.52E-05,1.45E-05,1.41E-05,1.33E-05,1.29E-05,1.31E-05,1.25E-05,1.20E-05,8.91E-06,1.29E-05,3.666666667,B2,B2,B1,A2
traffic,NOUN,3.42E-05,3.41E-05,3.75E-05,3.78E-05,3.37E-05,3.31E-05,3.00E-05,3.04E-05,2.71E-05,3.31E-05,1.333333333,A1,A2,A2,A2
tragedy,NOUN,1.20E-05,1.20E-05,1.24E-05,1.22E-05,1.26E-05,1.31E-05,1.24E-05,1.32E-05,1.37E-05,1.26E-05,3.666666667,B2,B2,B1,A1
trail,NOUN,1.90E-05,1.95E-05,1.88E-05,1.86E-05,1.79E-05,1.85E-05,1.80E-05,1.80E-05,1.82E-05,1.85E-05,2,A2,B2,B1,B1
train,NOUN,3.11E-05,3.29E-05,3.16E-05,3.16E-05,3.34E-05,3.38E-05,3.21E-05,3.61E-05,4.21E-05,3.38E-05,1,A1,A1,A2,A2
train,VERB,6.71E-06,6.78E-06,6.82E-06,7.09E-06,7.07E-06,7.44E-06,7.12E-06,7.02E-06,6.77E-06,6.98E-06,2,A2,C1,B1,B2
trainer,NOUN,2.85E-06,2.87E-06,3.03E-06,2.91E-06,2.98E-06,3.57E-06,2.94E-06,3.05E-06,2.56E-06,2.97E-06,1.666666667,A2,C2,B1,C1
training,NOUN,9.96E-05,0.000100729,9.85E-05,9.86E-05,9.67E-05,0.000101946,9.63E-05,9.12E-05,7.85E-05,9.58E-05,2.666666667,B1,A1,A2,A2
transaction,NOUN,2.66E-05,2.87E-05,2.87E-05,2.77E-05,2.51E-05,2.62E-05,2.63E-05,2.39E-05,2.05E-05,2.60E-05,5,C1,B2,B1,B1
transfer,NOUN,4.96E-05,4.99E-05,4.96E-05,4.89E-05,4.52E-05,4.77E-05,4.62E-05,4.25E-05,3.34E-05,4.59E-05,3,B1,A2,B1,A2
transfer,VERB,1.19E-05,1.25E-05,1.23E-05,1.19E-05,1.17E-05,1.17E-05,1.13E-05,1.08E-05,9.38E-06,1.15E-05,3.333333333,B1,C1,B1,B1
transform,VERB,1.58E-05,1.61E-05,1.68E-05,1.58E-05,1.58E-05,1.63E-05,1.52E-05,1.52E-05,1.20E-05,1.54E-05,3.666666667,B2,B2,B1,B2
transformation,NOUN,3.55E-05,3.49E-05,3.59E-05,3.40E-05,3.34E-05,3.40E-05,3.41E-05,3.23E-05,2.62E-05,3.34E-05,4,B2,A2,B1,A2
transition,NOUN,4.37E-05,4.37E-05,4.21E-05,4.10E-05,4.06E-05,4.15E-05,4.04E-05,3.81E-05,2.95E-05,4.01E-05,3.666666667,B2,A2,B1,A2
translate,VERB,8.56E-06,8.78E-06,8.83E-06,8.71E-06,8.46E-06,8.76E-06,8.73E-06,8.37E-06,7.47E-06,8.52E-06,3,B1,C1,B1,B2
translation,NOUN,3.28E-05,3.38E-05,3.24E-05,3.09E-05,3.24E-05,3.19E-05,3.38E-05,3.20E-05,2.91E-05,3.21E-05,2.666666667,B1,A2,B1,A2
transmission,NOUN,3.06E-05,3.15E-05,3.40E-05,3.02E-05,2.93E-05,2.85E-05,2.84E-05,2.65E-05,2.03E-05,2.88E-05,4.333333333,B2,B2,B1,A2
transport,NOUN,3.57E-05,3.60E-05,3.72E-05,3.28E-05,3.14E-05,3.44E-05,3.03E-05,3.08E-05,2.32E-05,3.24E-05,1.333333333,A1,A2,A2,A2
trap,NOUN,1.09E-05,1.06E-05,1.09E-05,1.12E-05,1.11E-05,1.18E-05,1.09E-05,1.16E-05,1.20E-05,1.12E-05,3,B1,C1,A2,A1
traumatic,ADJ,7.82E-06,7.96E-06,7.90E-06,7.49E-06,8.33E-06,8.43E-06,8.61E-06,8.30E-06,6.22E-06,7.89E-06,3.666666667,B2,C1,B1,B2
travel,NOUN,2.83E-05,2.88E-05,2.79E-05,2.78E-05,2.75E-05,2.81E-05,2.70E-05,2.69E-05,2.29E-05,2.72E-05,2,A2,B2,B1,A2
travel,VERB,1.84E-05,1.89E-05,1.92E-05,1.92E-05,1.94E-05,1.93E-05,1.89E-05,1.94E-05,1.90E-05,1.91E-05,1.333333333,A1,B2,B1,B1
traveller,NOUN,2.82E-06,2.47E-06,2.17E-06,2.35E-06,2.89E-06,2.33E-06,3.02E-06,3.86E-06,6.80E-06,3.19E-06,2.666666667,B1,C1,B1,C1
tray,NOUN,6.61E-06,6.47E-06,6.97E-06,6.78E-06,6.76E-06,6.78E-06,6.39E-06,6.53E-06,6.34E-06,6.62E-06,1.333333333,A1,C1,B1,A1
treat,VERB,2.92E-05,2.94E-05,2.94E-05,2.86E-05,2.96E-05,2.96E-05,3.01E-05,2.89E-05,2.81E-05,2.92E-05,3.333333333,B1,B2,B1,B1
treatment,NOUN,0.00015488,0.00016073,0.000157891,0.000149894,0.00015421,0.000156,0.000153744,0.000142906,0.000119552,0.000149978,3.666666667,B2,A1,B1,A2
treaty,NOUN,1.87E-05,1.80E-05,1.73E-05,1.61E-05,1.61E-05,1.65E-05,1.80E-05,1.81E-05,2.05E-05,1.77E-05,4,B2,B2,B1,B1
tree,NOUN,6.53E-05,6.29E-05,6.45E-05,6.52E-05,6.73E-05,6.58E-05,6.45E-05,6.64E-05,7.46E-05,6.63E-05,1,A1,A2,A2,A2
tremble,VERB,1.57E-06,1.57E-06,1.53E-06,1.78E-06,2.08E-06,1.81E-06,1.98E-06,2.32E-06,3.74E-06,2.04E-06,3.666666667,B2,C2,B1,B2
tremendous,ADJ,1.30E-05,1.30E-05,1.31E-05,1.31E-05,1.32E-05,1.30E-05,1.28E-05,1.35E-05,1.42E-05,1.32E-05,3.333333333,B1,B2,B1,B2
trend,NOUN,2.53E-05,2.54E-05,2.43E-05,2.40E-05,2.27E-05,2.40E-05,2.37E-05,2.30E-05,1.76E-05,2.33E-05,3,B1,B2,B1,B1
trial,NOUN,5.37E-05,5.70E-05,5.55E-05,5.66E-05,5.58E-05,5.67E-05,5.75E-05,5.52E-05,5.47E-05,5.58E-05,3.666666667,B2,A1,B1,A2
tribute,NOUN,7.06E-06,6.80E-06,6.72E-06,7.01E-06,7.12E-06,7.04E-06,7.35E-06,7.54E-06,8.65E-06,7.26E-06,3.333333333,B1,C1,B1,A1
trick,NOUN,8.10E-06,8.23E-06,8.34E-06,8.98E-06,9.10E-06,9.03E-06,8.96E-06,9.37E-06,1.05E-05,8.96E-06,3.666666667,B2,C1,B1,A1
trip,NOUN,3.50E-05,3.62E-05,3.77E-05,3.75E-05,3.71E-05,3.79E-05,3.53E-05,3.51E-05,3.18E-05,3.59E-05,3,B1,A1,A2,A2
triumph,NOUN,9.74E-06,9.49E-06,9.11E-06,9.46E-06,1.09E-05,9.92E-06,1.10E-05,1.22E-05,1.71E-05,1.10E-05,4,B2,C1,B1,A1
trophy,NOUN,1.31E-06,1.40E-06,1.45E-06,1.49E-06,1.53E-06,1.51E-06,1.59E-06,1.59E-06,1.60E-06,1.50E-06,4.333333333,B2,C2,B1,C1
tropical,ADJ,1.28E-05,1.31E-05,1.14E-05,1.12E-05,1.10E-05,1.12E-05,1.09E-05,1.00E-05,9.48E-06,1.12E-05,3,B1,C1,B1,B2
trouble,NOUN,4.13E-05,4.13E-05,4.19E-05,4.33E-05,4.46E-05,4.35E-05,4.32E-05,4.60E-05,5.65E-05,4.46E-05,2.666666667,B1,A1,A2,A2
trousers,NOUN,4.58E-06,4.50E-06,4.57E-06,4.62E-06,5.00E-06,5.07E-06,4.83E-06,5.41E-06,6.31E-06,4.99E-06,1.666666667,A2,C1,B1,A1
truck,NOUN,1.80E-05,1.93E-05,2.08E-05,2.12E-05,2.06E-05,2.14E-05,1.93E-05,1.89E-05,1.53E-05,1.94E-05,1.333333333,A1,B2,A2,B1
TRUE,ADJ,3.57E-07,4.51E-07,4.24E-07,5.15E-07,5.23E-07,3.70E-07,3.91E-07,4.01E-07,4.20E-07,4.28E-07,1,A1,C2,B1,B2
truly,ADV,3.67E-05,3.70E-05,3.80E-05,4.00E-05,4.07E-05,4.06E-05,4.24E-05,4.19E-05,4.66E-05,4.05E-05,2.666666667,B1,A1,B1,B1
trumpet,NOUN,2.71E-06,2.67E-06,2.91E-06,2.71E-06,3.02E-06,2.81E-06,3.02E-06,2.97E-06,3.91E-06,2.97E-06,2,A2,C2,B1,C1
trust,NOUN,4.31E-05,4.42E-05,4.47E-05,4.39E-05,4.39E-05,4.69E-05,4.48E-05,4.79E-05,4.62E-05,4.51E-05,2.666666667,B1,A1,A2,A2
trust,VERB,1.75E-05,1.78E-05,1.85E-05,1.97E-05,2.13E-05,2.09E-05,2.17E-05,2.34E-05,2.98E-05,2.12E-05,2.333333333,A2,B2,A2,B1
truth,NOUN,9.38E-05,9.25E-05,9.23E-05,0.000100454,0.000104685,0.000100296,0.000109972,0.000111049,0.000142348,0.000105258,2.666666667,B1,A1,B1,A2
try,NOUN,2.69E-06,2.66E-06,3.12E-06,3.10E-06,2.86E-06,2.80E-06,2.67E-06,2.56E-06,2.42E-06,2.76E-06,2,A2,C2,B1,C1
try,VERB,9.77E-05,9.84E-05,0.000102924,0.000102273,0.000102196,0.000101713,9.81E-05,9.89E-05,9.88E-05,0.000100122,1,A1,A1,A2,A1
tube,NOUN,2.59E-05,2.60E-05,2.49E-05,2.50E-05,2.45E-05,2.34E-05,2.24E-05,2.47E-05,2.33E-05,2.45E-05,3.333333333,B1,B2,A2,B1
tune,NOUN,7.70E-06,7.70E-06,7.65E-06,7.78E-06,7.97E-06,7.84E-06,7.78E-06,7.92E-06,8.58E-06,7.88E-06,3.666666667,B2,C1,B1,A1
tunnel,NOUN,1.03E-05,9.97E-06,1.11E-05,1.13E-05,1.03E-05,1.13E-05,1.07E-05,9.67E-06,9.38E-06,1.04E-05,2,A2,C1,B1,A1
turbulent,ADJ,5.13E-06,5.53E-06,5.44E-06,4.95E-06,5.25E-06,5.16E-06,5.22E-06,4.94E-06,4.38E-06,5.11E-06,5,C1,C1,B1,B2
turn,NOUN,6.72E-05,6.68E-05,6.70E-05,6.60E-05,6.61E-05,6.65E-05,6.61E-05,6.66E-05,6.38E-05,6.62E-05,1.333333333,A1,A2,B1,A2
turn,VERB,7.56E-05,7.54E-05,7.75E-05,7.95E-05,7.95E-05,7.82E-05,7.75E-05,8.01E-05,8.46E-05,7.87E-05,1.333333333,A1,A2,A2,A1
turnover,NOUN,7.79E-06,8.49E-06,8.00E-06,7.48E-06,7.62E-06,7.66E-06,7.57E-06,6.89E-06,5.66E-06,7.46E-06,3.666666667,B2,C1,B1,A1
tutor,NOUN,3.35E-06,2.95E-06,3.11E-06,3.10E-06,3.35E-06,3.33E-06,3.47E-06,3.59E-06,4.17E-06,3.38E-06,2.333333333,A2,C2,B1,C1
tv,NOUN,1.62E-07,2.36E-07,1.52E-07,1.39E-07,1.87E-07,1.70E-07,1.45E-07,2.07E-07,1.33E-07,1.70E-07,1,A1,C2,B1,C1
twice,ADV,3.30E-05,3.32E-05,3.33E-05,3.32E-05,3.39E-05,3.27E-05,3.25E-05,3.35E-05,3.66E-05,3.35E-05,2,A2,A2,A2,B1
twin,NOUN,2.28E-06,2.18E-06,2.23E-06,2.26E-06,2.17E-06,2.50E-06,2.06E-06,2.05E-06,1.77E-06,2.17E-06,3,B1,C2,B1,C1
twist,VERB,1.26E-06,1.25E-06,1.44E-06,1.36E-06,1.32E-06,1.32E-06,1.27E-06,1.29E-06,1.40E-06,1.32E-06,3,B1,C2,B1,C1
type,NOUN,0.000180707,0.000184189,0.000195333,0.000185359,0.000173779,0.000173186,0.000167234,0.000162406,0.000132836,0.000172781,2,A2,A1,A2,A2
typical,ADJ,5.17E-05,5.19E-05,5.11E-05,5.01E-05,4.84E-05,4.85E-05,4.68E-05,4.54E-05,3.57E-05,4.77E-05,2.666666667,B1,A2,B1,A1
typically,ADV,4.50E-05,4.77E-05,4.81E-05,4.87E-05,4.67E-05,4.90E-05,4.77E-05,4.67E-05,3.57E-05,4.61E-05,3,B1,A1,B1,A1
ultimate,ADJ,2.86E-05,2.83E-05,2.81E-05,2.81E-05,2.73E-05,2.77E-05,2.76E-05,2.66E-05,2.46E-05,2.75E-05,4,B2,B2,B1,B1
ultimately,ADV,3.35E-05,3.30E-05,3.33E-05,3.27E-05,3.23E-05,3.32E-05,3.34E-05,3.34E-05,2.87E-05,3.26E-05,4,B2,A2,B1,B1
unattractive,ADJ,1.68E-06,1.63E-06,1.60E-06,1.59E-06,1.58E-06,1.57E-06,1.51E-06,1.52E-06,1.44E-06,1.57E-06,2.666666667,B1,C2,B1,B2
uncertain,ADJ,1.50E-05,1.49E-05,1.48E-05,1.46E-05,1.47E-05,1.46E-05,1.49E-05,1.52E-05,1.61E-05,1.50E-05,3.333333333,B1,B2,B1,B2
uncertainty,NOUN,2.04E-05,2.17E-05,2.15E-05,2.12E-05,2.08E-05,2.19E-05,2.18E-05,2.12E-05,1.87E-05,2.10E-05,3.333333333,B1,B2,B1,B1
under,ADP,0.000459301,0.000462874,0.000449614,0.000447141,0.000449708,0.000450281,0.000456594,0.000455485,0.000501849,0.000459205,1.333333333,A1,A1,A2,A1
under,ADV,4.60E-08,4.01E-08,4.62E-08,4.20E-08,4.51E-08,5.09E-08,4.75E-08,4.97E-08,5.31E-08,4.67E-08,1.666666667,A2,C2,B1,B2
undergo,VERB,8.78E-06,8.85E-06,8.45E-06,8.55E-06,8.75E-06,8.57E-06,8.89E-06,8.51E-06,7.82E-06,8.57E-06,4.666666667,C1,C1,B1,B2
underlying,ADJ,2.13E-05,2.16E-05,2.21E-05,2.11E-05,2.04E-05,2.12E-05,2.08E-05,1.93E-05,1.53E-05,2.03E-05,4.333333333,B2,B2,B1,B1
undermine,VERB,7.65E-06,7.44E-06,7.43E-06,7.17E-06,7.05E-06,7.28E-06,7.28E-06,7.10E-06,5.78E-06,7.13E-06,4.333333333,B2,C1,B1,B2
understand,VERB,0.000135352,0.000137172,0.000141929,0.000144944,0.000146481,0.000147975,0.000148316,0.000150994,0.000152575,0.000145082,1.333333333,A1,A1,A2,A2
understanding,NOUN,9.39E-05,9.26E-05,9.27E-05,9.22E-05,9.23E-05,9.60E-05,9.68E-05,9.40E-05,8.10E-05,9.24E-05,2,A2,A1,B1,A2
undertake,VERB,1.03E-05,1.02E-05,9.92E-06,1.02E-05,1.02E-05,1.02E-05,1.07E-05,1.06E-05,1.48E-05,1.08E-05,4,B2,B2,B1,B1
undertaking,NOUN,5.29E-06,5.29E-06,4.97E-06,5.30E-06,5.44E-06,5.24E-06,5.72E-06,5.72E-06,7.16E-06,5.57E-06,4.666666667,C1,C1,B1,A1
underway,ADV,4.34E-08,4.14E-08,4.69E-08,4.34E-08,4.62E-08,4.13E-08,3.91E-08,3.09E-08,3.06E-08,4.04E-08,3.666666667,B2,C2,B1,B2
unemployed,ADJ,8.37E-06,8.26E-06,7.22E-06,6.71E-06,6.34E-06,6.38E-06,6.31E-06,5.83E-06,4.71E-06,6.68E-06,2.666666667,B1,C1,B2,B2
unemployment,NOUN,2.27E-05,2.19E-05,1.98E-05,1.84E-05,1.67E-05,1.67E-05,1.62E-05,1.46E-05,1.08E-05,1.75E-05,3,B1,B2,B2,B1
unexpected,ADJ,1.42E-05,1.44E-05,1.43E-05,1.44E-05,1.54E-05,1.52E-05,1.54E-05,1.60E-05,1.68E-05,1.51E-05,3.333333333,B1,B2,B1,B2
unfair,ADJ,8.60E-06,8.98E-06,8.75E-06,8.36E-06,8.38E-06,8.72E-06,8.48E-06,8.44E-06,7.58E-06,8.48E-06,2.333333333,A2,C1,B1,B2
unfamiliar,ADJ,7.19E-06,7.14E-06,7.25E-06,7.16E-06,7.03E-06,7.16E-06,6.81E-06,6.76E-06,6.03E-06,6.95E-06,4,B2,C1,B1,B2
unfit,ADJ,2.36E-06,2.22E-06,2.15E-06,2.25E-06,2.33E-06,2.32E-06,2.54E-06,2.57E-06,3.88E-06,2.51E-06,3.666666667,B2,C2,B1,B2
unfortunate,ADJ,9.03E-06,8.87E-06,8.65E-06,9.29E-06,1.02E-05,9.45E-06,1.05E-05,1.16E-05,1.62E-05,1.04E-05,2.666666667,B1,C1,B1,B2
unfortunately,ADV,7.28E-06,7.11E-06,7.16E-06,7.40E-06,7.54E-06,7.40E-06,7.83E-06,8.04E-06,9.25E-06,7.67E-06,2.666666667,B1,C1,B1,B2
unhappy,ADJ,9.16E-06,9.13E-06,8.77E-06,9.23E-06,1.05E-05,9.47E-06,1.02E-05,1.13E-05,1.56E-05,1.04E-05,1,A1,C1,B1,B2
uniform,NOUN,4.84E-06,4.67E-06,5.11E-06,5.01E-06,5.31E-06,5.43E-06,4.99E-06,5.41E-06,5.75E-06,5.17E-06,2,A2,C1,B1,A1
union,NOUN,4.48E-05,4.46E-05,3.90E-05,4.15E-05,3.81E-05,3.64E-05,3.64E-05,3.66E-05,3.57E-05,3.92E-05,3,B1,A1,B1,A2
unique,ADJ,5.36E-05,5.47E-05,5.58E-05,5.38E-05,5.28E-05,5.38E-05,5.29E-05,5.06E-05,4.02E-05,5.20E-05,3.333333333,B1,A2,B1,A1
unit,NOUN,7.70E-05,7.81E-05,7.70E-05,7.59E-05,7.17E-05,7.24E-05,6.90E-05,6.57E-05,5.25E-05,7.10E-05,2.666666667,B1,A2,A2,A2
unite,VERB,4.62E-06,4.59E-06,4.44E-06,4.73E-06,4.80E-06,4.64E-06,5.13E-06,5.31E-06,7.28E-06,5.06E-06,3.333333333,B1,C1,B1,B2
united,ADJ,5.04E-06,4.65E-06,4.40E-06,4.50E-06,4.79E-06,4.48E-06,5.08E-06,5.39E-06,6.93E-06,5.03E-06,2.333333333,A2,C1,B1,B2
unity,NOUN,2.94E-05,2.75E-05,2.72E-05,2.69E-05,2.69E-05,2.64E-05,2.74E-05,2.69E-05,2.66E-05,2.72E-05,3.333333333,B1,B2,B1,A2
universal,ADJ,3.82E-05,3.80E-05,3.67E-05,3.76E-05,3.67E-05,3.63E-05,3.87E-05,3.76E-05,4.04E-05,3.78E-05,2,A2,A2,B1,A1
university,NOUN,3.38E-05,3.28E-05,3.34E-05,3.31E-05,3.28E-05,3.27E-05,3.39E-05,3.32E-05,2.59E-05,3.24E-05,1.666666667,A2,A2,B1,A2
unknown,ADJ,3.42E-05,3.45E-05,3.33E-05,3.49E-05,3.57E-05,3.43E-05,3.56E-05,3.59E-05,3.91E-05,3.53E-05,2.666666667,B1,A2,B1,B1
unlike,ADP,2.41E-05,2.35E-05,2.36E-05,2.30E-05,2.30E-05,2.31E-05,2.32E-05,2.33E-05,2.18E-05,2.32E-05,3.333333333,B1,B2,A2,A2
unlikely,ADJ,2.34E-05,2.27E-05,2.27E-05,2.19E-05,2.13E-05,2.16E-05,2.09E-05,2.05E-05,1.64E-05,2.13E-05,3.666666667,B2,B2,B1,B1
unnecessary,ADJ,1.23E-05,1.24E-05,1.22E-05,1.23E-05,1.22E-05,1.20E-05,1.23E-05,1.25E-05,1.44E-05,1.25E-05,2.666666667,B1,B2,B1,B2
unpack,VERB,6.31E-07,6.30E-07,7.18E-07,7.14E-07,7.04E-07,7.48E-07,7.01E-07,7.34E-07,7.18E-07,7.00E-07,1.666666667,A2,C2,B1,C1
until,ADP,0.000256088,0.00025711,0.000258723,0.000261952,0.000260428,0.000259737,0.000254669,0.000260672,0.000270892,0.00026003,2.333333333,A2,A1,A2,A2
untouched,ADJ,2.69E-06,2.66E-06,2.72E-06,2.76E-06,2.75E-06,2.70E-06,2.74E-06,2.91E-06,3.29E-06,2.80E-06,3.333333333,B1,C2,B1,B2
unusual,ADJ,2.96E-05,2.91E-05,2.89E-05,2.80E-05,2.83E-05,2.76E-05,2.71E-05,2.71E-05,2.61E-05,2.80E-05,2,A2,B2,B1,B1
up,ADP,0.000142123,0.0001444,0.000147488,0.00014898,0.000150705,0.000151492,0.000146356,0.000149542,0.000153474,0.000148284,1.333333333,A1,A1,A2,A2
up,ADV,6.56E-05,6.67E-05,7.15E-05,7.26E-05,7.42E-05,7.57E-05,7.24E-05,7.54E-05,7.99E-05,7.27E-05,1.333333333,A1,A1,A2,A1
update,VERB,4.31E-06,4.97E-06,5.80E-06,5.77E-06,4.85E-06,4.70E-06,4.66E-06,4.56E-06,3.47E-06,4.79E-06,2.666666667,B1,C1,B1,B2
upon,ADP,0.000242912,0.000245136,0.000225435,0.000261641,0.000292905,0.000262889,0.000307967,0.000354423,0.000581421,0.000308303,3,B1,A1,A1,A1
upper,ADJ,5.77E-05,5.77E-05,5.74E-05,5.64E-05,5.59E-05,5.49E-05,5.32E-05,5.23E-05,5.14E-05,5.52E-05,3,B1,A2,A2,A1
upset,ADJ,1.69E-06,1.56E-06,1.71E-06,1.65E-06,1.63E-06,1.68E-06,1.64E-06,1.55E-06,1.33E-06,1.60E-06,1.666666667,A2,C2,B1,B2
upset,VERB,1.05E-05,1.03E-05,1.10E-05,1.10E-05,1.08E-05,1.12E-05,1.07E-05,1.08E-05,1.01E-05,1.07E-05,2,A2,C1,B1,B1
upstairs,ADV,4.17E-06,4.18E-06,4.46E-06,4.57E-06,4.88E-06,4.94E-06,4.73E-06,5.16E-06,5.78E-06,4.76E-06,1.666666667,A2,C1,B1,B1
upwards,ADV,1.33E-06,1.34E-06,1.32E-06,1.40E-06,1.54E-06,1.41E-06,1.56E-06,1.66E-06,2.26E-06,1.54E-06,3.333333333,B1,C2,B1,A2
urban,ADJ,6.00E-05,5.72E-05,5.59E-05,5.52E-05,5.39E-05,5.74E-05,5.45E-05,5.02E-05,3.77E-05,5.36E-05,3,B1,A2,B1,A1
urge,NOUN,5.96E-06,5.69E-06,6.07E-06,6.07E-06,5.94E-06,6.08E-06,5.91E-06,5.67E-06,4.46E-06,5.76E-06,4.666666667,C1,C1,B1,A1
urge,VERB,4.11E-06,4.07E-06,3.86E-06,4.07E-06,4.33E-06,4.04E-06,4.42E-06,4.48E-06,5.86E-06,4.36E-06,3.333333333,B1,C1,B1,B2
urgent,ADJ,9.36E-06,9.31E-06,9.28E-06,9.28E-06,9.31E-06,9.50E-06,9.46E-06,9.52E-06,9.48E-06,9.39E-06,3,B1,C1,B1,B2
use,NOUN,0.000319808,0.000319388,0.00032108,0.000311828,0.000306277,0.000306028,0.000301131,0.000294052,0.000271572,0.000305685,1.333333333,A1,A1,A2,A2
use,VERB,0.000301315,0.000316081,0.000335036,0.000330365,0.000305208,0.000299919,0.000286709,0.00028253,0.00023921,0.000299597,2.333333333,A2,A1,A1,A1
useful,ADJ,8.65E-05,8.65E-05,8.88E-05,8.61E-05,8.38E-05,8.35E-05,8.13E-05,7.90E-05,7.37E-05,8.32E-05,1.666666667,A2,A2,A2,A2
user,NOUN,6.79E-05,7.68E-05,9.29E-05,9.18E-05,7.11E-05,6.99E-05,6.34E-05,6.22E-05,4.85E-05,7.16E-05,2,A2,A1,A2,A2
usual,ADJ,4.33E-05,4.33E-05,4.24E-05,4.37E-05,4.55E-05,4.41E-05,4.53E-05,4.76E-05,5.88E-05,4.60E-05,1.333333333,A1,A1,A2,A1
usually,ADV,0.000178592,0.000176939,0.000175384,0.000170309,0.000165441,0.000164213,0.000156364,0.000152002,0.000134545,0.000163754,1.666666667,A2,A1,A1,A2
vague,ADJ,1.10E-05,1.10E-05,1.08E-05,1.08E-05,1.15E-05,1.08E-05,1.14E-05,1.24E-05,1.47E-05,1.16E-05,4.666666667,C1,B2,B1,B2
valid,ADJ,2.79E-05,2.82E-05,2.91E-05,2.80E-05,2.55E-05,2.58E-05,2.50E-05,2.35E-05,1.96E-05,2.58E-05,3.333333333,B1,B2,B1,B1
valley,NOUN,1.97E-05,1.96E-05,1.89E-05,1.91E-05,2.05E-05,1.91E-05,1.90E-05,2.12E-05,2.71E-05,2.05E-05,2.666666667,B1,B2,A2,B1
valuable,ADJ,3.35E-05,3.33E-05,3.30E-05,3.35E-05,3.32E-05,3.31E-05,3.40E-05,3.42E-05,3.83E-05,3.40E-05,3,B1,A2,B1,B1
value,NOUN,0.000245883,0.000258973,0.000267768,0.00025969,0.000243701,0.000246455,0.000242876,0.000238336,0.000216019,0.000246634,2.666666667,B1,A1,B1,A2
value,VERB,5.90E-06,6.09E-06,6.15E-06,6.11E-06,6.08E-06,6.19E-06,6.36E-06,6.34E-06,6.16E-06,6.15E-06,2.666666667,B1,C1,B1,B2
van,NOUN,3.57E-05,3.60E-05,3.61E-05,3.54E-05,3.67E-05,3.70E-05,3.65E-05,3.50E-05,2.75E-05,3.51E-05,2,A2,A2,B1,A2
vanish,VERB,2.48E-06,2.50E-06,2.39E-06,2.57E-06,2.57E-06,2.46E-06,2.53E-06,2.71E-06,3.17E-06,2.60E-06,3.333333333,B1,C2,B1,B2
variable,NOUN,4.10E-06,4.20E-06,4.45E-06,4.34E-06,3.87E-06,4.00E-06,3.87E-06,3.43E-06,2.84E-06,3.90E-06,3.666666667,B2,C2,B1,C1
variation,NOUN,3.42E-05,3.35E-05,3.29E-05,3.23E-05,3.17E-05,3.27E-05,3.22E-05,3.09E-05,2.44E-05,3.17E-05,4.333333333,B2,A2,B1,A2
variety,NOUN,8.39E-05,8.25E-05,8.08E-05,7.85E-05,7.71E-05,7.65E-05,7.50E-05,7.28E-05,6.50E-05,7.69E-05,3.666666667,B2,A2,B1,A2
various,ADJ,0.000178891,0.000177165,0.000175116,0.000174904,0.000170374,0.000172502,0.000172077,0.000169187,0.00015783,0.000172005,4.333333333,B2,A1,A2,A2
vary,VERB,3.24E-05,3.30E-05,3.23E-05,3.22E-05,3.03E-05,3.05E-05,2.90E-05,2.83E-05,2.47E-05,3.03E-05,3,B1,B2,B1,A1
vast,ADJ,3.39E-05,3.35E-05,3.27E-05,3.38E-05,3.48E-05,3.35E-05,3.52E-05,3.74E-05,4.35E-05,3.54E-05,4,B2,A2,B1,A1
vegetable,NOUN,8.81E-06,8.59E-06,8.53E-06,8.63E-06,8.49E-06,8.18E-06,8.16E-06,8.60E-06,1.02E-05,8.69E-06,1.333333333,A1,C1,B1,A1
vegetation,NOUN,1.22E-05,1.15E-05,1.10E-05,1.01E-05,1.08E-05,1.04E-05,1.00E-05,1.02E-05,9.29E-06,1.06E-05,3,B1,C1,B1,A1
vehicle,NOUN,2.79E-05,2.92E-05,2.88E-05,2.94E-05,3.02E-05,3.06E-05,2.78E-05,2.75E-05,2.25E-05,2.82E-05,2,A2,B2,A2,A2
vein,NOUN,1.26E-05,1.19E-05,1.22E-05,1.08E-05,1.28E-05,1.22E-05,1.31E-05,1.25E-05,1.06E-05,1.21E-05,4.333333333,B2,C1,B1,A1
venture,NOUN,1.20E-05,1.26E-05,1.28E-05,1.20E-05,1.14E-05,1.10E-05,1.10E-05,1.15E-05,1.01E-05,1.16E-05,3.666666667,B2,C1,B1,A1
venue,NOUN,3.60E-06,4.28E-06,3.90E-06,3.84E-06,4.15E-06,4.23E-06,4.18E-06,4.33E-06,3.23E-06,3.97E-06,3.666666667,B2,C2,B1,C1
verbal,ADJ,2.10E-05,1.96E-05,1.97E-05,1.89E-05,1.95E-05,1.94E-05,1.88E-05,1.80E-05,1.54E-05,1.89E-05,3.666666667,B2,B2,B1,B1
verdict,NOUN,6.75E-06,6.64E-06,6.16E-06,6.40E-06,6.28E-06,6.25E-06,6.56E-06,6.40E-06,7.67E-06,6.57E-06,4,B2,C1,B1,A1
verse,NOUN,1.89E-05,1.71E-05,1.60E-05,1.67E-05,1.76E-05,1.80E-05,1.91E-05,1.93E-05,2.19E-05,1.83E-05,4.666666667,C1,B2,B1,B1
version,NOUN,6.60E-05,6.72E-05,7.05E-05,6.88E-05,6.34E-05,6.33E-05,6.16E-05,5.99E-05,4.72E-05,6.31E-05,2.666666667,B1,A1,B1,A2
vertical,ADJ,2.88E-05,3.02E-05,2.89E-05,2.82E-05,2.70E-05,2.66E-05,2.51E-05,2.56E-05,2.23E-05,2.70E-05,4,B2,B2,B1,B1
very,ADJ,6.45E-05,6.30E-05,6.21E-05,6.56E-05,7.00E-05,6.65E-05,7.16E-05,7.71E-05,0.000100446,7.12E-05,1,A1,A2,A2,A2
very,ADV,0.000536096,0.000530679,0.000531506,0.000545263,0.000568788,0.0005535,0.000571643,0.000600936,0.00072759,0.000574,1,A1,A1,A2,A1
via,ADP,4.84E-05,4.90E-05,5.17E-05,5.16E-05,4.88E-05,5.04E-05,4.92E-05,4.70E-05,3.61E-05,4.80E-05,2.666666667,B1,A1,A2,A1
victim,NOUN,2.76E-05,2.82E-05,2.73E-05,2.77E-05,2.74E-05,2.73E-05,2.69E-05,2.78E-05,2.59E-05,2.74E-05,3,B1,A2,B1,A2
victory,NOUN,2.58E-05,2.52E-05,2.53E-05,2.54E-05,2.69E-05,2.59E-05,2.70E-05,2.80E-05,3.04E-05,2.67E-05,3.333333333,B1,A2,B1,A2
video,NOUN,1.67E-05,1.75E-05,2.07E-05,1.97E-05,1.94E-05,1.79E-05,1.66E-05,1.74E-05,1.27E-05,1.76E-05,2.333333333,A2,B2,A2,B1
view,NOUN,0.000193087,0.000187212,0.00018713,0.000186798,0.000180129,0.000178714,0.00018254,0.000180505,0.000173449,0.000183285,2,A2,A1,B1,A2
view,VERB,2.26E-05,2.40E-05,2.40E-05,2.45E-05,2.35E-05,2.25E-05,2.15E-05,2.17E-05,1.91E-05,2.26E-05,3,B1,B2,B1,B1
village,NOUN,5.70E-05,5.56E-05,5.68E-05,5.54E-05,5.59E-05,5.37E-05,5.38E-05,5.86E-05,6.13E-05,5.65E-05,2.333333333,A2,A1,A2,A2
violence,NOUN,6.15E-05,6.38E-05,6.13E-05,6.29E-05,6.15E-05,6.32E-05,6.24E-05,6.41E-05,5.57E-05,6.18E-05,3.333333333,B1,A1,B1,A2
violent,ADJ,2.73E-05,2.69E-05,2.65E-05,2.69E-05,2.71E-05,2.66E-05,2.82E-05,2.89E-05,3.01E-05,2.76E-05,3.333333333,B1,B2,B1,B1
virgin,NOUN,1.80E-06,1.74E-06,1.74E-06,1.93E-06,1.91E-06,1.92E-06,1.89E-06,1.92E-06,2.00E-06,1.87E-06,2.666666667,B1,C2,B1,C1
virtually,ADV,2.95E-05,2.90E-05,2.78E-05,2.63E-05,2.48E-05,2.41E-05,2.34E-05,2.19E-05,1.75E-05,2.49E-05,4,B2,B2,B1,B1
virtue,NOUN,2.66E-05,2.55E-05,2.49E-05,2.71E-05,2.65E-05,2.56E-05,3.01E-05,2.92E-05,3.62E-05,2.80E-05,4.333333333,B2,A2,B1,A2
virus,NOUN,2.32E-05,2.39E-05,2.59E-05,2.02E-05,2.42E-05,2.16E-05,2.07E-05,2.04E-05,1.49E-05,2.17E-05,2.666666667,B1,B2,A2,B1
visible,ADJ,3.78E-05,3.82E-05,3.78E-05,3.87E-05,3.90E-05,3.71E-05,3.84E-05,3.91E-05,3.82E-05,3.83E-05,4,B2,A2,B1,A1
vision,NOUN,5.94E-05,5.71E-05,5.74E-05,5.75E-05,5.76E-05,5.87E-05,5.89E-05,5.86E-05,5.29E-05,5.76E-05,3,B1,A1,B1,A2
visit,NOUN,3.20E-05,3.28E-05,3.22E-05,3.29E-05,3.47E-05,3.45E-05,3.49E-05,3.64E-05,4.47E-05,3.50E-05,2.333333333,A2,A1,A2,A2
visit,VERB,2.88E-05,3.01E-05,3.08E-05,3.11E-05,3.13E-05,3.19E-05,3.12E-05,3.14E-05,3.17E-05,3.09E-05,1.333333333,A1,A2,A2,A1
visitor,NOUN,9.99E-06,1.02E-05,1.07E-05,9.79E-06,1.02E-05,1.01E-05,1.01E-05,1.11E-05,1.29E-05,1.06E-05,1.666666667,A2,C1,B1,A1
visual,ADJ,4.55E-05,4.43E-05,4.57E-05,4.34E-05,4.40E-05,4.44E-05,4.43E-05,4.15E-05,3.10E-05,4.27E-05,3,B1,A2,B1,A1
vital,ADJ,2.81E-05,2.73E-05,2.72E-05,2.78E-05,2.71E-05,2.69E-05,2.71E-05,2.65E-05,2.57E-05,2.71E-05,3,B1,B2,B1,B1
vocation,NOUN,3.47E-06,3.23E-06,3.32E-06,3.40E-06,3.38E-06,3.47E-06,3.64E-06,3.62E-06,4.01E-06,3.50E-06,5,C1,C2,B1,C1
voice,NOUN,0.000114454,0.000114647,0.000119447,0.000118574,0.000127817,0.000127371,0.000124241,0.000135427,0.000160446,0.000126936,2,A2,A1,A1,A2
voice,VERB,1.86E-06,1.85E-06,1.86E-06,1.83E-06,1.82E-06,1.95E-06,1.89E-06,1.90E-06,1.70E-06,1.85E-06,2.333333333,A2,C2,B1,C1
volleyball,NOUN,5.04E-07,5.39E-07,6.02E-07,5.96E-07,4.57E-07,5.16E-07,4.40E-07,4.42E-07,3.42E-07,4.93E-07,1.666666667,A2,C2,B1,C1
volume,NOUN,8.34E-05,8.37E-05,8.17E-05,8.03E-05,7.99E-05,8.05E-05,8.04E-05,7.83E-05,6.87E-05,7.97E-05,2.666666667,B1,A2,B1,A2
voluntary,ADJ,1.82E-05,1.82E-05,1.78E-05,1.77E-05,1.60E-05,1.65E-05,1.68E-05,1.61E-05,1.50E-05,1.69E-05,3.333333333,B1,B2,B1,B1
volunteer,NOUN,6.97E-06,7.34E-06,7.49E-06,7.25E-06,7.04E-06,7.49E-06,7.68E-06,6.90E-06,6.35E-06,7.17E-06,2.333333333,A2,C1,B1,A1
vote,NOUN,2.15E-05,2.16E-05,2.04E-05,1.90E-05,1.98E-05,1.94E-05,1.93E-05,1.90E-05,2.15E-05,2.02E-05,2.333333333,A2,B2,B1,B1
vote,VERB,1.28E-05,1.29E-05,1.23E-05,1.19E-05,1.26E-05,1.19E-05,1.22E-05,1.20E-05,1.29E-05,1.24E-05,2.333333333,A2,B2,B1,B1
voter,NOUN,3.81E-06,4.57E-06,4.39E-06,3.91E-06,4.36E-06,3.97E-06,4.12E-06,3.94E-06,4.08E-06,4.13E-06,2.666666667,B1,C2,B1,C1
vulnerable,ADJ,1.73E-05,1.77E-05,1.77E-05,1.73E-05,1.68E-05,1.79E-05,1.75E-05,1.67E-05,1.32E-05,1.69E-05,4,B2,B2,B1,B1
wage,NOUN,2.56E-05,2.62E-05,2.29E-05,2.16E-05,1.97E-05,2.06E-05,2.00E-05,1.88E-05,1.55E-05,2.12E-05,2.333333333,A2,B2,B2,B1
waist,NOUN,9.26E-06,9.37E-06,9.85E-06,1.02E-05,1.04E-05,1.06E-05,1.01E-05,1.05E-05,1.15E-05,1.02E-05,2.333333333,A2,C1,B1,A1
wait,VERB,3.91E-05,3.96E-05,4.28E-05,4.37E-05,4.53E-05,4.52E-05,4.37E-05,4.63E-05,5.23E-05,4.42E-05,1.333333333,A1,A2,A2,A1
wake,VERB,7.59E-06,7.65E-06,8.49E-06,8.83E-06,9.04E-06,9.45E-06,9.12E-06,9.40E-06,1.01E-05,8.85E-06,1.666666667,A2,C1,A2,A2
walk,NOUN,1.76E-05,1.77E-05,1.82E-05,1.84E-05,1.95E-05,1.97E-05,1.94E-05,2.04E-05,2.37E-05,1.94E-05,1,A1,B2,A2,B1
walk,VERB,3.64E-05,3.70E-05,3.92E-05,4.04E-05,4.14E-05,4.25E-05,4.14E-05,4.25E-05,4.60E-05,4.08E-05,2,A2,A2,A2,A1
walking,NOUN,1.94E-06,1.88E-06,1.89E-06,1.93E-06,1.89E-06,1.97E-06,1.95E-06,2.03E-06,1.99E-06,1.94E-06,1.333333333,A1,C2,B1,C1
wall,NOUN,7.33E-05,7.34E-05,7.29E-05,7.55E-05,7.55E-05,7.57E-05,7.52E-05,7.60E-05,7.55E-05,7.48E-05,1,A1,A2,A2,A2
wallet,NOUN,2.88E-06,2.95E-06,3.29E-06,3.42E-06,3.36E-06,3.52E-06,3.20E-06,3.24E-06,2.96E-06,3.20E-06,1,A1,C2,B1,C1
wander,VERB,4.28E-06,4.23E-06,4.38E-06,4.44E-06,4.76E-06,4.46E-06,4.54E-06,4.96E-06,6.18E-06,4.69E-06,2.666666667,B1,C1,B1,B2
want,NOUN,5.77E-06,5.86E-06,5.15E-06,6.40E-06,8.12E-06,6.63E-06,9.43E-06,1.04E-05,2.16E-05,8.81E-06,1.666666667,A2,C1,B1,A1
want,VERB,0.000284457,0.000293154,0.000308867,0.000314383,0.00030721,0.000310785,0.000296689,0.00030307,0.000281758,0.000300041,1,A1,A1,A1,A1
war,NOUN,0.000177389,0.000176009,0.000178286,0.000174485,0.000183193,0.000183276,0.000186762,0.000198135,0.000202173,0.000184412,1.333333333,A1,A1,A2,A2
ward,NOUN,5.81E-06,5.89E-06,5.92E-06,5.65E-06,6.07E-06,6.09E-06,5.85E-06,5.73E-06,7.17E-06,6.02E-06,4,B2,C1,B1,A1
warm,ADJ,3.83E-05,3.77E-05,3.90E-05,3.92E-05,4.06E-05,4.04E-05,3.86E-05,4.02E-05,4.65E-05,4.00E-05,1.333333333,A1,A1,A2,A1
warm,VERB,2.76E-06,2.73E-06,2.86E-06,2.86E-06,2.98E-06,3.01E-06,2.85E-06,2.98E-06,3.36E-06,2.93E-06,1.333333333,A1,C2,B1,B2
warmth,NOUN,1.04E-05,1.00E-05,1.03E-05,1.04E-05,1.07E-05,1.06E-05,1.05E-05,1.08E-05,1.26E-05,1.07E-05,2.333333333,A2,C1,B1,A1
warn,VERB,6.41E-06,6.39E-06,6.43E-06,6.50E-06,6.54E-06,6.42E-06,6.44E-06,6.85E-06,7.67E-06,6.63E-06,3,B1,C1,B1,B2
warning,NOUN,1.58E-05,1.63E-05,1.62E-05,1.65E-05,1.69E-05,1.67E-05,1.63E-05,1.71E-05,1.79E-05,1.66E-05,2.333333333,A2,B2,B1,B1
wash,VERB,7.59E-06,7.49E-06,7.81E-06,7.95E-06,8.14E-06,8.12E-06,7.73E-06,8.02E-06,8.83E-06,7.96E-06,1,A1,C1,B1,B2
waste,NOUN,2.88E-05,2.68E-05,2.68E-05,2.55E-05,2.65E-05,2.68E-05,2.38E-05,2.50E-05,2.63E-05,2.63E-05,2.333333333,A2,B2,A2,B1
waste,VERB,6.19E-06,6.07E-06,6.34E-06,6.55E-06,6.77E-06,6.73E-06,6.53E-06,6.92E-06,8.05E-06,6.68E-06,2,A2,C1,B1,B2
watch,NOUN,1.52E-05,1.52E-05,1.57E-05,1.68E-05,1.80E-05,1.73E-05,1.68E-05,1.89E-05,2.36E-05,1.75E-05,1.333333333,A1,B2,A2,B1
watch,VERB,2.88E-05,2.89E-05,3.07E-05,3.10E-05,3.22E-05,3.26E-05,3.13E-05,3.22E-05,3.31E-05,3.12E-05,1.333333333,A1,A2,A2,A1
water,NOUN,0.000288573,0.0002858,0.000285375,0.00028434,0.000287672,0.000287471,0.000282872,0.000292924,0.000313994,0.000289891,1.333333333,A1,A1,A1,A2
wave,NOUN,3.71E-05,4.11E-05,3.57E-05,3.64E-05,3.67E-05,3.85E-05,3.55E-05,3.76E-05,3.18E-05,3.67E-05,2,A2,A1,A2,A2
wave,VERB,1.63E-06,1.71E-06,1.71E-06,1.77E-06,1.81E-06,1.86E-06,1.78E-06,1.88E-06,2.02E-06,1.80E-06,2.666666667,B1,C2,B1,C1
way,NOUN,0.000621073,0.000617945,0.000633824,0.000638907,0.000647208,0.000648794,0.000637931,0.000656358,0.000677087,0.000642125,1,A1,A1,A1,A2
we,PRON,0.001546048,0.001562427,0.001613638,0.001672928,0.00170073,0.001681188,0.001695823,0.001753443,0.001947096,0.001685924,1,A1,A1,A1,B1
we,PRON,0.001546048,0.001562427,0.001613638,0.001672928,0.00170073,0.001681188,0.001695823,0.001753443,0.001947096,0.001685924,1,A1,A1,A1,B1
weak,ADJ,3.70E-05,3.71E-05,3.70E-05,3.75E-05,3.80E-05,3.83E-05,3.84E-05,3.88E-05,4.27E-05,3.83E-05,2,A2,A2,A2,A1
weakness,NOUN,1.73E-05,1.69E-05,1.71E-05,1.74E-05,1.82E-05,1.76E-05,1.84E-05,1.83E-05,2.22E-05,1.82E-05,3,B1,B2,B1,B1
wealth,NOUN,3.99E-05,3.80E-05,3.71E-05,3.83E-05,3.89E-05,3.81E-05,4.05E-05,4.11E-05,4.58E-05,3.98E-05,3,B1,A1,B1,A2
wealthy,ADJ,1.41E-05,1.37E-05,1.38E-05,1.39E-05,1.44E-05,1.40E-05,1.40E-05,1.43E-05,1.41E-05,1.40E-05,2.333333333,A2,B2,B1,B2
weapon,NOUN,1.45E-05,1.42E-05,1.52E-05,1.58E-05,1.57E-05,1.53E-05,1.53E-05,1.59E-05,1.59E-05,1.53E-05,3,B1,B2,B1,B1
wear,VERB,2.07E-05,2.06E-05,2.10E-05,2.19E-05,2.25E-05,2.26E-05,2.17E-05,2.25E-05,2.46E-05,2.20E-05,1,A1,B2,A2,B1
weather,NOUN,2.96E-05,2.94E-05,2.89E-05,2.91E-05,2.99E-05,2.91E-05,2.87E-05,3.10E-05,3.67E-05,3.03E-05,1,A1,A1,A2,A2
wedding,NOUN,1.90E-05,1.84E-05,1.99E-05,1.96E-05,2.18E-05,2.10E-05,2.00E-05,2.05E-05,2.03E-05,2.01E-05,1.333333333,A1,B2,A2,B1
week,NOUN,8.00E-05,8.20E-05,8.25E-05,8.28E-05,8.54E-05,8.65E-05,8.37E-05,8.45E-05,8.85E-05,8.40E-05,1.333333333,A1,A1,A2,A2
weekday,NOUN,3.99E-07,3.98E-07,4.17E-07,3.94E-07,3.93E-07,4.10E-07,3.75E-07,3.63E-07,2.85E-07,3.82E-07,1.666666667,A2,C2,B1,C1
weekend,NOUN,1.20E-05,1.24E-05,1.31E-05,1.39E-05,1.30E-05,1.38E-05,1.29E-05,1.18E-05,9.40E-06,1.25E-05,1,A1,C1,B1,A1
weekly,ADJ,1.20E-05,1.22E-05,1.14E-05,1.13E-05,1.13E-05,1.16E-05,1.14E-05,1.12E-05,1.05E-05,1.14E-05,1.666666667,A2,C1,B1,B2
weigh,VERB,5.48E-06,5.46E-06,5.44E-06,5.35E-06,5.51E-06,5.36E-06,5.49E-06,5.79E-06,6.81E-06,5.63E-06,1.333333333,A1,C1,B1,B2
weight,NOUN,7.69E-05,7.86E-05,7.69E-05,7.83E-05,8.10E-05,7.93E-05,7.84E-05,7.84E-05,7.97E-05,7.86E-05,2.333333333,A2,A1,A2,A2
welcome,ADJ,1.39E-05,1.41E-05,1.45E-05,1.46E-05,1.58E-05,1.52E-05,1.55E-05,1.65E-05,2.02E-05,1.56E-05,1,A1,B2,B1,B2
welcome,VERB,4.40E-06,4.45E-06,4.58E-06,4.62E-06,4.87E-06,4.74E-06,4.72E-06,4.90E-06,5.58E-06,4.76E-06,1.333333333,A1,C1,B1,B2
welfare,NOUN,3.90E-05,3.72E-05,3.65E-05,3.33E-05,3.19E-05,3.19E-05,3.19E-05,3.03E-05,2.72E-05,3.32E-05,4.666666667,C1,A2,B1,A2
well,ADJ,7.86E-05,7.82E-05,7.73E-05,7.75E-05,7.84E-05,7.87E-05,7.90E-05,7.88E-05,7.89E-05,7.84E-05,1.333333333,A1,A2,A2,A2
well,ADV,0.00053554,0.000534265,0.000534207,0.00053774,0.0005455,0.000545205,0.00055146,0.000557127,0.000591452,0.000548055,1.333333333,A1,A1,A2,A1
west,NOUN,1.81E-05,1.76E-05,1.72E-05,1.66E-05,1.65E-05,1.54E-05,1.57E-05,1.65E-05,1.77E-05,1.68E-05,1.666666667,A2,C1,B1,B1
western,ADJ,3.87E-05,3.68E-05,3.58E-05,3.47E-05,3.43E-05,3.26E-05,3.28E-05,3.37E-05,3.04E-05,3.44E-05,2.333333333,A2,A2,B1,B1
wet,ADJ,2.29E-05,2.24E-05,2.25E-05,2.24E-05,2.31E-05,2.33E-05,2.19E-05,2.30E-05,2.51E-05,2.30E-05,1.333333333,A1,B2,A2,B1
whale,NOUN,4.48E-06,4.32E-06,3.51E-06,3.99E-06,3.59E-06,3.39E-06,3.59E-06,3.76E-06,4.69E-06,3.92E-06,2.333333333,A2,C2,B1,C1
what,DET,2.60E-05,2.62E-05,2.61E-05,2.72E-05,2.80E-05,2.65E-05,2.78E-05,2.87E-05,3.58E-05,2.80E-05,1,A1,A2,A1,A2
whatever,DET,5.82E-05,5.73E-05,5.81E-05,6.13E-05,6.19E-05,6.06E-05,6.29E-05,6.44E-05,7.66E-05,6.24E-05,2.333333333,A2,A1,A1,A2
wheel,NOUN,1.81E-05,1.86E-05,1.90E-05,1.91E-05,1.92E-05,1.78E-05,1.82E-05,1.86E-05,2.12E-05,1.89E-05,2.333333333,A2,B2,B1,B1
when,ADV,0.001142015,0.001152068,0.001163537,0.001192514,0.001211627,0.001200754,0.001206985,0.001245956,0.001373706,0.001209907,2.333333333,A2,A1,A1,A1
whenever,ADV,2.38E-05,2.40E-05,2.43E-05,2.46E-05,2.47E-05,2.43E-05,2.40E-05,2.46E-05,2.74E-05,2.46E-05,3,B1,B1,A2,B1
where,ADV,0.000639145,0.000642489,0.000644941,0.000652712,0.000658259,0.000661327,0.000655048,0.000669465,0.000687543,0.00065677,2,A2,A1,A1,A1
where,ADV,0.000639145,0.000642489,0.000644941,0.000652712,0.000658259,0.000661327,0.000655048,0.000669465,0.000687543,0.00065677,1.666666667,A2,A1,A1,A1
where,ADV,0.000639145,0.000642489,0.000644941,0.000652712,0.000658259,0.000661327,0.000655048,0.000669465,0.000687543,0.00065677,1,A1,A1,A1,A1
wherever,ADV,1.21E-05,1.20E-05,1.20E-05,1.28E-05,1.30E-05,1.26E-05,1.30E-05,1.37E-05,1.65E-05,1.31E-05,3.666666667,B2,B2,B1,A2
whether,CONJ,2.12E-08,2.49E-08,2.41E-08,2.81E-08,2.70E-08,2.77E-08,2.93E-08,3.20E-08,4.14E-08,2.84E-08,3,B1,C2,A2,A2
which,DET,0.002348885,0.002260072,0.002180325,0.002230171,0.00226291,0.002167242,0.002321627,0.002411004,0.002907868,0.002343345,1.666666667,A2,A1,A1,B1
while,NOUN,3.54E-05,3.59E-05,3.82E-05,3.92E-05,4.10E-05,4.09E-05,4.03E-05,4.26E-05,4.95E-05,4.03E-05,2,A2,A1,A2,A2
whisper,VERB,1.85E-06,1.85E-06,1.99E-06,2.06E-06,2.25E-06,2.32E-06,2.22E-06,2.48E-06,3.16E-06,2.24E-06,2.333333333,A2,C2,B1,B2
white,ADJ,0.000179781,0.000180748,0.000177945,0.000178438,0.000183769,0.00017872,0.000171266,0.000182103,0.00019648,0.000181028,1,A1,A1,A1,A2
white,NOUN,1.15E-08,1.17E-08,1.10E-08,1.11E-08,1.33E-08,1.23E-08,1.12E-08,1.47E-08,2.25E-08,1.33E-08,1,A1,C2,B1,C1
who,PRON,0.001366633,0.001356404,0.001331446,0.001378654,0.001424692,0.001393041,0.001431272,0.001459851,0.001612452,0.001417161,1.333333333,A1,A1,A1,B1
whole,ADJ,0.00016804,0.000163909,0.00016344,0.000170649,0.000176638,0.000170512,0.000181467,0.000188159,0.000229411,0.000179136,2.666666667,B1,A1,A2,A2
whole,NOUN,2.36E-05,2.26E-05,2.17E-05,2.28E-05,2.35E-05,2.20E-05,2.48E-05,2.57E-05,3.36E-05,2.45E-05,2.666666667,B1,A2,B1,B1
whom,PRON,0.000110527,0.000109906,0.000104057,0.000114482,0.00012532,0.000114517,0.000128206,0.000136943,0.000191627,0.000126176,3,B1,A2,A1,A2
why,ADV,0.000176463,0.000175411,0.000182612,0.000186033,0.000188191,0.000190215,0.000187488,0.000190813,0.000191665,0.000185432,1.333333333,A1,A1,A2,A2
wide,ADJ,9.10E-05,9.03E-05,8.98E-05,8.87E-05,8.80E-05,8.82E-05,8.55E-05,8.74E-05,8.70E-05,8.84E-05,1.666666667,A2,A2,A2,A2
widely,ADV,4.66E-05,4.58E-05,4.50E-05,4.39E-05,4.33E-05,4.35E-05,4.32E-05,4.21E-05,3.58E-05,4.32E-05,3.666666667,B2,A2,B1,A1
widespread,ADJ,2.41E-05,2.32E-05,2.28E-05,2.19E-05,2.10E-05,2.16E-05,2.10E-05,2.03E-05,1.56E-05,2.13E-05,3.666666667,B2,B2,B1,B1
widow,NOUN,9.38E-06,8.95E-06,8.74E-06,9.30E-06,1.01E-05,9.35E-06,9.98E-06,1.03E-05,1.40E-05,1.00E-05,2.333333333,A2,C1,B1,A1
wife,NOUN,0.000109445,0.00010689,0.000106928,0.000111498,0.000117772,0.000114131,0.000115558,0.000120372,0.00014113,0.000115969,1.666666667,A2,A1,A1,A2
wild,ADJ,3.75E-05,3.71E-05,3.73E-05,3.65E-05,4.17E-05,3.88E-05,4.06E-05,4.56E-05,5.88E-05,4.15E-05,2.666666667,B1,A1,A2,A1
wilderness,NOUN,9.07E-06,9.68E-06,9.15E-06,9.40E-06,1.03E-05,9.44E-06,9.76E-06,1.05E-05,1.25E-05,9.98E-06,3.333333333,B1,C1,B1,A1
wildlife,NOUN,8.74E-06,7.93E-06,8.27E-06,7.55E-06,6.73E-06,6.82E-06,6.56E-06,5.81E-06,4.86E-06,7.03E-06,3.666666667,B2,C1,B1,A1
wildly,ADV,4.40E-06,4.35E-06,4.41E-06,4.43E-06,4.93E-06,4.74E-06,4.57E-06,5.20E-06,6.19E-06,4.80E-06,3.666666667,B2,C1,B1,B1
will,NOUN,4.93E-05,4.94E-05,4.86E-05,5.35E-05,5.34E-05,5.30E-05,5.65E-05,5.86E-05,7.31E-05,5.50E-05,2.333333333,A2,A1,B1,A2
will,VERB,0.001390123,0.001413777,0.001431593,0.001472601,0.001462283,0.001423401,0.0014325,0.001456227,0.001607889,0.001454488,1.333333333,A1,A1,A2,B1
willing,ADJ,4.22E-05,4.28E-05,4.27E-05,4.36E-05,4.42E-05,4.46E-05,4.49E-05,4.54E-05,4.76E-05,4.42E-05,3.666666667,B2,A2,B1,A1
win,NOUN,1.33E-06,1.43E-06,1.67E-06,1.64E-06,1.76E-06,1.88E-06,1.73E-06,1.62E-06,1.42E-06,1.61E-06,1.333333333,A1,C2,B1,C1
win,VERB,2.69E-05,2.68E-05,2.76E-05,2.80E-05,2.92E-05,2.91E-05,2.83E-05,2.88E-05,2.90E-05,2.82E-05,1.666666667,A2,A2,A2,B1
wind,NOUN,3.65E-05,3.84E-05,3.69E-05,3.81E-05,4.25E-05,3.95E-05,3.97E-05,4.51E-05,5.76E-05,4.16E-05,2.333333333,A2,A1,A2,A2
wind,VERB,3.32E-06,3.35E-06,3.34E-06,3.29E-06,3.37E-06,3.32E-06,3.23E-06,3.29E-06,3.50E-06,3.33E-06,1.666666667,A2,C2,B1,B2
window,NOUN,7.51E-05,8.18E-05,8.51E-05,8.55E-05,8.37E-05,7.78E-05,7.29E-05,8.05E-05,8.31E-05,8.06E-05,1,A1,A1,A1,A2
wine,NOUN,3.27E-05,3.29E-05,3.09E-05,3.55E-05,3.64E-05,3.53E-05,3.65E-05,3.58E-05,4.27E-05,3.54E-05,1.333333333,A1,A1,B1,A2
winner,NOUN,6.81E-06,7.07E-06,7.36E-06,7.31E-06,6.96E-06,7.15E-06,6.76E-06,6.43E-06,5.56E-06,6.82E-06,2.666666667,B1,C1,B1,A1
winter,NOUN,4.04E-05,4.02E-05,3.85E-05,3.84E-05,4.03E-05,3.91E-05,3.86E-05,4.15E-05,5.02E-05,4.08E-05,1,A1,A1,A2,A2
wipe,VERB,4.05E-06,4.03E-06,4.27E-06,4.44E-06,4.59E-06,4.48E-06,4.30E-06,4.37E-06,4.64E-06,4.35E-06,2,A2,C2,B1,B2
wire,NOUN,2.07E-05,2.03E-05,2.01E-05,2.04E-05,1.93E-05,1.89E-05,1.89E-05,1.93E-05,2.06E-05,1.98E-05,2.666666667,B1,B2,B1,B1
wisdom,NOUN,2.82E-05,2.79E-05,2.72E-05,3.05E-05,3.13E-05,3.10E-05,3.33E-05,3.22E-05,4.01E-05,3.13E-05,3,B1,A1,B1,A2
wise,ADJ,2.09E-05,2.07E-05,2.04E-05,2.33E-05,2.54E-05,2.42E-05,2.61E-05,2.72E-05,3.84E-05,2.52E-05,3,B1,B1,A2,B1
wish,NOUN,1.07E-05,1.01E-05,9.95E-06,1.04E-05,1.14E-05,1.08E-05,1.15E-05,1.26E-05,1.67E-05,1.16E-05,2,A2,B2,B1,A1
wish,VERB,5.09E-05,5.08E-05,5.13E-05,5.19E-05,5.61E-05,5.29E-05,5.49E-05,5.88E-05,7.73E-05,5.61E-05,3,B1,A2,A2,A1
with,ADP,0.005181259,0.00519247,0.005197071,0.00524091,0.005331617,0.00530462,0.005318764,0.005385378,0.005564721,0.005301868,1,A1,A1,A1,B1
withdraw,VERB,8.81E-06,9.23E-06,8.81E-06,8.76E-06,8.83E-06,8.68E-06,8.98E-06,9.00E-06,9.79E-06,8.99E-06,3.333333333,B1,C1,B1,A2
withdrawal,NOUN,1.37E-05,1.47E-05,1.39E-05,1.32E-05,1.31E-05,1.33E-05,1.31E-05,1.22E-05,1.04E-05,1.31E-05,3.333333333,B1,C1,B1,A1
within,ADP,0.000390425,0.000388363,0.000387985,0.000378228,0.000375022,0.000377376,0.000378388,0.00037098,0.00033986,0.000376292,3,B1,A1,A2,A1
without,ADP,0.000382225,0.000383036,0.000380409,0.00039284,0.000402729,0.000393893,0.000406314,0.000417306,0.000479484,0.000404248,1.666666667,A2,A1,A2,A1
witness,NOUN,2.41E-05,2.26E-05,2.16E-05,2.35E-05,2.29E-05,2.21E-05,2.38E-05,2.44E-05,2.53E-05,2.34E-05,4,B2,B2,B1,B1
witness,VERB,5.24E-06,5.15E-06,5.13E-06,5.46E-06,5.75E-06,5.72E-06,6.00E-06,6.26E-06,7.57E-06,5.81E-06,3,B1,C1,B1,B2
woman,NOUN,0.00018918,0.000181993,0.000181457,0.000186645,0.000195079,0.000187817,0.00018524,0.000194246,0.000215459,0.000190791,1,A1,A1,A1,A2
wonder,NOUN,1.41E-05,1.41E-05,1.39E-05,1.49E-05,1.62E-05,1.54E-05,1.60E-05,1.73E-05,2.32E-05,1.61E-05,2,A2,B2,A2,B1
wonder,VERB,1.83E-05,1.84E-05,1.94E-05,1.99E-05,2.16E-05,2.15E-05,2.12E-05,2.32E-05,2.79E-05,2.13E-05,3.333333333,B1,B2,A2,B1
wonderful,ADJ,2.74E-05,2.77E-05,2.86E-05,3.06E-05,3.21E-05,3.15E-05,3.13E-05,3.31E-05,4.11E-05,3.15E-05,2,A2,A2,A2,B1
wood,NOUN,3.73E-05,3.67E-05,3.42E-05,3.70E-05,3.63E-05,3.59E-05,3.61E-05,3.92E-05,4.91E-05,3.80E-05,2.333333333,A2,A1,A2,A2
wooden,ADJ,2.15E-05,2.18E-05,2.15E-05,2.15E-05,2.16E-05,2.17E-05,2.10E-05,2.18E-05,2.30E-05,2.17E-05,2.666666667,B1,B2,B1,B1
wool,NOUN,7.27E-06,7.00E-06,7.07E-06,6.98E-06,6.55E-06,7.17E-06,7.07E-06,7.43E-06,8.41E-06,7.22E-06,2.666666667,B1,C1,B1,A1
word,NOUN,0.000157154,0.00015719,0.000152815,0.000160719,0.000166318,0.000161547,0.000163817,0.000168482,0.000198673,0.00016519,1,A1,A1,A1,A2
work,NOUN,0.000480565,0.000469081,0.000464297,0.000464064,0.000456874,0.000467435,0.000469139,0.000467218,0.000478381,0.000468562,1,A1,A1,A1,A2
work,VERB,0.000165134,0.000168129,0.000172729,0.000173386,0.000169024,0.000172259,0.000166085,0.000164645,0.000148496,0.000166654,1,A1,A1,A2,A2
worker,NOUN,2.92E-05,3.01E-05,2.77E-05,2.73E-05,2.49E-05,2.56E-05,2.66E-05,2.45E-05,2.06E-05,2.63E-05,1,A1,B2,B2,B1
workforce,NOUN,8.37E-06,8.07E-06,7.97E-06,7.75E-06,7.87E-06,8.59E-06,8.37E-06,8.07E-06,6.35E-06,7.93E-06,3.333333333,B1,C1,B1,A1
working,ADJ,1.38E-05,1.25E-05,1.19E-05,1.16E-05,1.14E-05,1.14E-05,1.11E-05,1.12E-05,9.83E-06,1.16E-05,1.333333333,A1,C1,B1,B2
working,NOUN,3.94E-06,3.69E-06,3.85E-06,4.10E-06,3.92E-06,3.96E-06,4.10E-06,4.28E-06,4.98E-06,4.09E-06,1,A1,C2,B1,C1
workshop,NOUN,8.98E-06,9.19E-06,9.07E-06,8.70E-06,8.55E-06,8.84E-06,8.56E-06,7.99E-06,6.68E-06,8.51E-06,3.333333333,B1,C1,B1,A1
world,NOUN,0.000408318,0.000403295,0.000407582,0.000420982,0.00042438,0.000424112,0.000427854,0.00043819,0.00046001,0.000423858,1,A1,A1,A1,A2
worried,ADJ,1.96E-06,1.94E-06,2.06E-06,2.09E-06,2.11E-06,2.21E-06,2.06E-06,2.06E-06,1.80E-06,2.03E-06,1.333333333,A1,C2,B1,B2
worry,NOUN,4.50E-06,4.48E-06,4.69E-06,4.84E-06,4.90E-06,4.98E-06,5.04E-06,4.88E-06,4.52E-06,4.76E-06,2.333333333,A2,C2,B1,C1
worry,VERB,2.23E-05,2.24E-05,2.48E-05,2.49E-05,2.43E-05,2.53E-05,2.38E-05,2.35E-05,2.11E-05,2.36E-05,1.666666667,A2,B2,A2,B1
worship,VERB,4.10E-06,4.04E-06,4.16E-06,4.97E-06,4.98E-06,4.93E-06,5.27E-06,5.11E-06,6.43E-06,4.89E-06,3.333333333,B1,C1,B1,B2
worthless,ADJ,3.67E-06,3.70E-06,3.65E-06,3.76E-06,4.03E-06,3.85E-06,4.04E-06,4.21E-06,5.44E-06,4.04E-06,3.333333333,B1,C1,B1,B2
worthwhile,ADJ,6.60E-06,6.40E-06,6.46E-06,6.25E-06,5.95E-06,6.01E-06,5.67E-06,5.23E-06,3.93E-06,5.83E-06,3.666666667,B2,C1,B1,B2
would,VERB,0.001466231,0.001473317,0.001494062,0.001517457,0.001547343,0.001538467,0.00153642,0.001586571,0.001723019,0.001542543,2.666666667,B1,A1,A2,B1
wound,NOUN,1.25E-05,1.24E-05,1.25E-05,1.29E-05,1.35E-05,1.35E-05,1.34E-05,1.43E-05,1.56E-05,1.34E-05,3.666666667,B2,B2,B1,B1
wrap,VERB,3.30E-06,3.33E-06,3.66E-06,3.65E-06,3.55E-06,3.63E-06,3.57E-06,3.52E-06,3.29E-06,3.50E-06,3.666666667,B2,C2,B1,B2
wrist,NOUN,8.12E-06,7.80E-06,8.56E-06,8.26E-06,8.47E-06,8.79E-06,8.16E-06,8.15E-06,8.32E-06,8.29E-06,3.333333333,B1,C1,B1,A1
write,VERB,8.40E-05,8.45E-05,8.71E-05,8.58E-05,8.53E-05,8.32E-05,8.18E-05,8.13E-05,8.32E-05,8.40E-05,1,A1,A2,A2,A1
writer,NOUN,4.36E-05,4.20E-05,4.09E-05,4.07E-05,4.09E-05,4.04E-05,4.26E-05,4.10E-05,4.46E-05,4.19E-05,1,A1,A1,B1,A2
writing,NOUN,3.84E-05,3.77E-05,3.70E-05,3.62E-05,3.60E-05,3.60E-05,3.58E-05,3.45E-05,2.91E-05,3.56E-05,1,A1,A2,B1,A2
written,ADJ,1.40E-05,1.46E-05,1.39E-05,1.38E-05,1.38E-05,1.41E-05,1.35E-05,1.27E-05,1.14E-05,1.35E-05,3,B1,C1,B1,B2
wrong,ADJ,7.69E-05,7.67E-05,8.00E-05,8.27E-05,8.35E-05,8.37E-05,8.31E-05,8.44E-05,8.98E-05,8.23E-05,1.666666667,A2,A2,A2,A2
yard,NOUN,1.36E-05,1.42E-05,1.41E-05,1.46E-05,1.50E-05,1.52E-05,1.44E-05,1.52E-05,1.89E-05,1.50E-05,2,A2,B2,A2,B1
year,NOUN,0.000270851,0.000273007,0.0002668,0.000264801,0.000265057,0.000269663,0.000269478,0.000265637,0.000270979,0.000268475,1.333333333,A1,A1,A2,A2
yellow,ADJ,3.22E-05,3.18E-05,3.28E-05,3.23E-05,3.37E-05,3.20E-05,3.06E-05,3.32E-05,3.83E-05,3.30E-05,1,A1,A2,A2,B1
yesterday,ADV,7.87E-08,7.62E-08,8.25E-08,8.81E-08,1.09E-07,1.04E-07,1.04E-07,1.17E-07,1.88E-07,1.05E-07,1.333333333,A1,C2,B1,B2
yet,ADV,0.000153039,0.000152539,0.000151172,0.000160986,0.000173681,0.000163648,0.00017659,0.000189564,0.00025293,0.000174906,2.333333333,A2,A1,A2,A2
yield,NOUN,1.39E-05,1.51E-05,1.40E-05,1.38E-05,1.31E-05,1.31E-05,1.31E-05,1.33E-05,1.02E-05,1.33E-05,4.666666667,C1,C1,B1,A1
yield,VERB,1.50E-05,1.49E-05,1.45E-05,1.46E-05,1.50E-05,1.47E-05,1.53E-05,1.55E-05,1.77E-05,1.52E-05,4,B2,B2,B1,B2
you,PRON,0.002634447,0.002701413,0.002902037,0.002991209,0.003054959,0.002997845,0.002908654,0.003060854,0.003344571,0.00295511,1,A1,A1,A1,B1
young,ADJ,0.000190159,0.000187565,0.000187531,0.000190239,0.000208321,0.000205281,0.000206324,0.000225274,0.000271693,0.000208043,1.333333333,A1,A1,A1,A2
youngster,NOUN,1.83E-06,1.66E-06,1.67E-06,1.62E-06,1.71E-06,1.83E-06,1.53E-06,1.81E-06,2.04E-06,1.74E-06,3,B1,C2,B1,C1
yours,PRON,1.36E-05,1.38E-05,1.43E-05,1.50E-05,1.67E-05,1.62E-05,1.66E-05,1.80E-05,2.45E-05,1.65E-05,2,A2,B2,A1,A1
yourself,PRON,6.58E-05,6.53E-05,6.95E-05,7.18E-05,7.50E-05,7.38E-05,7.18E-05,7.49E-05,8.29E-05,7.23E-05,1.333333333,A1,A2,A1,A1
youth,NOUN,3.68E-05,3.76E-05,3.75E-05,3.97E-05,4.23E-05,4.29E-05,4.55E-05,4.72E-05,5.57E-05,4.28E-05,2.666666667,B1,A1,B1,A2
zone,NOUN,3.48E-05,3.41E-05,3.33E-05,3.38E-05,3.10E-05,3.19E-05,3.07E-05,2.87E-05,2.29E-05,3.12E-05,2,A2,A2,B1,A2
