Word,Synonyms
absolute,"['complete', 'full', 'infinite', 'outright', 'pure', 'sheer', 'simple', 'unadulterated', 'unconditional', 'unlimited', 'unqualified', 'utter']"
abstract,"['abstruse', 'hypothetical', 'philosophical', 'unreal']"
absurd,"['crazy', 'foolish', 'goofy', 'illogical', 'irrational', 'laughable', 'ludicrous', 'nonsensical', 'preposterous', 'silly', 'stupid', 'unreasonable', 'wacky']"
academic,"['collegiate', 'intellectual', 'scholarly', 'scholastic']"
acceptable,"['adequate', 'common', 'decent', 'fair', 'respectable', 'sufficient', 'tolerable']"
accessible,"['available', 'handy', 'reachable', 'usable']"
accompanying,"['concomitant', 'with']"
accumulated,"['accrue', 'acquire', 'add to', 'assemble', 'collect', 'compile', 'concentrate', 'expand', 'gain', 'grow', 'hoard', 'increase', 'pile up', 'rack up', 'swell']"
accurate,"['authentic', 'careful', 'correct', 'definite', 'detailed', 'exact', 'factual', 'meticulous', 'proper', 'rigorous', 'scientific', 'skillful', 'solid', 'specific', 'strict', 'systematic', 'true']"
active,"['alive', 'effective', 'operating']"
actual,"['certain', 'definite', 'physical', 'substantial', 'substantive']"
acute,"['intense', 'keen', 'sharp', 'subtle']"
adamant,"['determined', 'insistent', 'intransigent', 'resolute', 'rigid', 'stubborn', 'uncompromising']"
added,"['combined', 'extra', 'joined', 'supplemental', 'supplementary']"
additional,"['added', 'further', 'increased', 'new', 'other', 'supplementary']"
adequate,"['acceptable', 'capable', 'competent', 'decent', 'fair', 'satisfactory', 'sufficient', 'suitable', 'tolerable']"
administrative,"['bureaucratic', 'departmental', 'governmental', 'legislative', 'managerial', 'organizational', 'policy-making', 'regulatory', 'supervisory']"
advanced,"['leading', 'progressive', 'state-of-the-art']"
advisory,"['counseling', 'helping']"
aegean,[]
aeromedical,[]
aggressive,"['combative', 'contentious', 'destructive', 'intrusive', 'threatening']"
agricultural,"['horticultural', 'rural']"
ailing,"['diseased', 'feeble', 'ill', 'sickly', 'weak']"
airmotive,[]
akagi,[]
alive,"['awake', 'conscious', 'viable']"
alleged,"['purported', 'so-called', 'stated', 'supposed']"
aloxite,[]
altered,"['cooked', 'corrected', 'modified', 'transformed', 'updated']"
alternative,['different']
amazing,"['awesome', 'fascinating', 'incredible', 'marvelous', 'prodigious', 'shocking', 'stunning', 'surprising', 'unbelievable', 'wonderful']"
ambitious,"['aggressive', 'determined', 'earnest', 'energetic', 'enthusiastic', 'resourceful']"
americanised,[]
amicable,"['amiable', 'civil', 'cordial', 'courteous', 'harmonious', 'neighborly', 'peaceful', 'polite']"
amphibian,"['frog', 'salamander', 'toad']"
amphibolitic,[]
analogous,"['akin', 'comparable', 'corresponding', 'related']"
analytic,"['analytical', 'investigative']"
anamorphotic,[]
ancient,"['age-old', 'antique', 'archaic', 'hoary', 'old-fashioned', 'timeworn', 'venerable']"
annotatable,[]
annual,['anniversary']
anti,"['adverse', 'gloomy', 'pessimistic', 'unfavorable', 'weak']"
antiphlogistine,[]
anxious,"['afraid', 'apprehensive', 'careful', 'concerned', 'distressed', 'fearful', 'fidgety', 'jittery', 'nervous', 'restless', 'scared', 'uneasy', 'uptight']"
apostate,"['backslider', 'defector', 'deserter', 'dissenter', 'heretic', 'nonconformist', 'rat', 'recreant', 'renegade', 'turncoat']"
apparent,"['possible', 'probable', 'supposed']"
applesque,[]
appreciating,"['acknowledge', 'enjoy', 'welcome']"
appropriate,"['applicable', 'apt', 'convenient', 'correct', 'fitting', 'good', 'opportune', 'pertinent', 'proper', 'relevant', 'true', 'useful']"
apulian,[]
arduous,"['backbreaking', 'burdensome', 'exhausting', 'formidable', 'grueling', 'laborious', 'onerous', 'painful', 'rigorous', 'strenuous', 'tiring', 'tough', 'troublesome', 'trying', 'uphill']"
armed,"['equipped', 'loaded', 'outfitted', 'supplied']"
arrestable,[]
arsacid,[]
artificial,['unreal']
artistic,"['aesthetic', 'creative', 'decorative', 'dramatic', 'imaginative', 'musical']"
ascari,[]
asian,"['Chinese', 'Japanese', 'Korean', 'byzantine']"
asic,[]
asleep,"['comatose', 'dormant']"
assistant,"['aide', 'apprentice', 'associate', 'attendant', 'backup', 'colleague', 'companion', 'deputy', 'friend', 'partner', 'representative', 'secretary']"
associated,"['combine', 'correlate', 'identify', 'join', 'link', 'mix', 'relate']"
asyrian,[]
atlantoaxial,[]
atrabilious,"['cantankerous', 'snarly', 'splenetic', 'surly', 'waspish']"
atrocious,"['awful', 'barbaric', 'heinous', 'lousy', 'rotten', 'scandalous', 'shocking']"
attainable,"['feasible', 'obtainable', 'practicable', 'reachable']"
attentive,"['aware', 'conscientious', 'interested', 'observant', 'vigilant', 'watchful']"
attesting,"['authenticate', 'corroborate', 'demonstrate', 'indicate', 'substantiate', 'swear', 'verify']"
attractive,"['alluring', 'beautiful', 'charming', 'engaging', 'enticing', 'fair', 'glamorous', 'good-looking', 'gorgeous', 'handsome', 'interesting', 'inviting', 'lovely', 'pleasant', 'pleasing', 'tempting']"
augustan,"['classic', 'humanistic']"
augustinian,[]
autolite,[]
automatic,"['automated', 'electric', 'electronic', 'mechanical']"
avaible,[]
available,"['accessible', 'applicable', 'convenient', 'feasible', 'free', 'handy', 'possible', 'usable', 'vacant']"
average,"['mediocre', 'moderate', 'ordinary', 'regular']"
aware,"['alive', 'appreciative', 'apprehensive', 'attentive', 'awake', 'cognizant', 'conscious', 'familiar', 'informed', 'mindful', 'receptive', 'wise']"
awful,"['appalling', 'atrocious', 'depressing', 'dire', 'disgusting', 'distressing', 'dreadful', 'frightful', 'ghastly', 'gruesome', 'harrowing', 'hideous', 'horrendous', 'horrible', 'horrific', 'horrifying', 'nasty', 'shocking', 'tough', 'ugly', 'unpleasant']"
awkward,"['amateurish', 'rude', 'stiff']"
bactericidal,"['hygienic', 'sterile']"
baggy,"['billowing', 'floppy', 'oversize', 'roomy']"
baked,"['dried', 'melted', 'scorched', 'stewed']"
bali,[]
balleny,[]
banished,"['dismiss', 'dispel', 'drive away', 'eject', 'eliminate', 'eradicate', 'evict', 'exclude', 'exile', 'get rid of', 'isolate', 'ostracize', 'oust', 'outlaw', 'relegate', 'remove']"
banked,"['amass', 'hoard', 'invest']"
bare,"['bald', 'exposed', 'naked', 'uncovered']"
barefooted,"['discalceated', 'discalced', 'shoeless', 'unshod']"
barred,['block']
beatific,"['delightful', 'elated', 'euphoric', 'happy', 'joyful', 'rapturous']"
beaty,[]
beleagured,[]
belgian,[]
beltless,[]
besagic,[]
betic,[]
betsan,[]
biblical,"['doctrinal', 'ecclesiastical', 'scriptural', 'theological']"
bibliophilic,[]
biddable,"['acquiescent', 'amenable', 'compliant', 'docile', 'obliging', 'pliable', 'submissive', 'tractable', 'yielding']"
bided,"['dwell', 'sit tight', 'stick around']"
biliopancreatic,[]
biographic,[]
biological,['organic']
bitter,"['harsh', 'sour']"
blessed,"['adored', 'consecrated', 'divine', 'enthroned', 'exalted', 'glorified', 'hallowed', 'redeemed', 'resurrected', 'revered', 'rewarded', 'saved']"
blind,"['dark', 'groping', 'unsighted']"
bloated,"['distended', 'tumefied']"
bloody,"['blood-soaked', 'bloodstained', 'gory', 'grisly']"
bloodyminded,"['bloodthirsty', 'bloody', 'cruel', 'ferocious', 'homicidal', 'sanguinary', 'savage', 'slaughterous', 'violent']"
bloused,[]
bluff,"['blunt', 'blustering', 'brief', 'direct', 'frank', 'open', 'rough', 'short', 'tart']"
boatworthy,[]
bodily,['physical']
bold,"['adventurous', 'audacious', 'courageous', 'daring', 'fearless', 'heroic', 'resolute']"
booming,"['growing', 'profitable', 'prosperous', 'roaring', 'thriving']"
boosting,"['advance', 'encourage', 'promote', 'push', 'support', 'sustain']"
bosnian,[]
bossable,[]
bottighofen,[]
bottom,"['base', 'basement', 'basic', 'ground', 'last', 'primary', 'radical', 'underlying']"
bound,"['constrained', 'enslaved', 'obligated', 'restrained']"
brac,[]
brave,"['adventurous', 'audacious', 'confident', 'courageous', 'daring', 'dashing', 'fearless', 'foolhardy', 'gallant', 'gutsy', 'heroic', 'reckless', 'resolute', 'spirited', 'spunky', 'stout', 'strong', 'valiant']"
brief,"['abrupt', 'blunt', 'concise', 'pithy', 'succinct', 'terse']"
bright,"['blazing', 'brilliant', 'dazzling', 'flashing', 'glistening', 'glittering', 'golden', 'intense', 'luminous', 'radiant', 'shimmering', 'shiny', 'silvery', 'sparkling', 'sunny', 'vivid']"
brilliant,"['bright', 'dazzling', 'flashy', 'intense', 'luminous', 'radiant', 'scintillating', 'sparkling', 'vivid']"
broad,"['deep', 'expansive', 'extensive', 'full', 'generous', 'immense', 'large', 'vast']"
brodanski,[]
broken,"['busted', 'collapsed', 'cracked', 'crippled', 'crumbled', 'crushed', 'damaged', 'defective', 'demolished', 'fractured', 'fragmented', 'injured', 'mangled', 'mutilated', 'severed', 'shattered', 'smashed']"
brugnoni,[]
buggered,[]
calydonian,[]
capable,"['able', 'accomplished', 'adept', 'adequate', 'competent', 'efficient', 'experienced', 'gifted', 'good', 'intelligent', 'proficient', 'qualified', 'skillful', 'suited', 'talented']"
capitalist,"['banker', 'entrepreneur', 'financier']"
careen,['lurch']
careful,"['accurate', 'attentive', 'choosy', 'circumspect', 'concerned', 'conscientious', 'deliberate', 'discreet', 'judicious', 'leery', 'meticulous', 'mindful', 'precise', 'prudent', 'rigorous', 'scrupulous', 'sober', 'thorough', 'thoughtful', 'vigilant', 'wary']"
carnbane,[]
carotenoid,[]
carotid,[]
caryatid,['monument']
cast,['casting']
castored,[]
casual,"['occasional', 'offhand', 'spontaneous']"
catholic,"['comprehensive', 'cosmopolitan', 'eclectic', 'generic', 'liberal', 'universal', 'whole']"
cavaradossi,[]
cebotari,[]
celebrated,"['acclaimed', 'revered']"
cenozoic,[]
central,"['basic', 'essential', 'fundamental', 'important', 'key', 'paramount', 'pivotal', 'significant']"
centralizing,"['consolidate', 'integrate', 'rationalize', 'streamline', 'unify']"
centred,[]
centromeric,[]
certain,"['convinced', 'positive', 'sure']"
chadwickian,[]
chaldean,[]
challengeable,[]
changing,"['changeable', 'developing', 'dynamic', 'growing', 'uncertain', 'unstable']"
characteristic,"['distinctive', 'idiosyncratic', 'innate', 'peculiar', 'singular', 'unique']"
chemical,['synthetic']
chevy,[]
chief,"['leading', 'main', 'preeminent', 'prime', 'principal']"
chitawan,[]
choral,['coloratura']
christian,"['pious', 'religious']"
chronic,"['constant', 'continual', 'continuing', 'continuous', 'deep-rooted', 'deep-seated', 'habitual', 'incurable', 'lifelong', 'lingering', 'persistent', 'protracted', 'recurrent', 'recurring', 'sustained']"
circular,"['oblique', 'round', 'spheroid']"
citywide,[]
civil,"['civilian', 'domestic', 'governmental', 'local', 'national']"
clacking,"['babble', 'blab', 'cackle', 'chatter', 'cluck', 'gossip', 'jaw', 'prate', 'prattle', 'rattle', 'yak']"
clairty,[]
classical,"['classic', 'humanistic']"
claustrophoberised,[]
cleared,['cleaned']
cless,[]
clinical,"['analytic', 'impersonal', 'scientific']"
closed,"['bankrupt', 'locked', 'sealed']"
coastal,"['marshy', 'seaside']"
collective,"['concerted', 'corporate', 'cumulative', 'mutual', 'shared', 'unified']"
colonial,"['crude', 'dependent', 'dominion', 'emigrant', 'frontier', 'immigrant', 'pilgrim', 'pioneer', 'primitive', 'provincial', 'puritan', 'territorial', 'wild']"
coloured,[]
combined,"['connected', 'mixed', 'united']"
comfortable,"['appropriate', 'complacent', 'convenient', 'cozy', 'easy', 'enjoyable', 'happy', 'healthy', 'loose', 'pleasant', 'pleased', 'relaxed', 'satisfying', 'serene', 'snug', 'soft', 'useful', 'warm']"
commercial,"['economic', 'financial', 'monetary', 'profit-making', 'profitable', 'wholesale']"
common,"['accepted', 'commonplace', 'everyday', 'familiar', 'frequent', 'natural', 'prevailing', 'prevalent', 'routine', 'simple', 'trivial', 'typical', 'universal']"
communist,"['Bolshevik', 'Bolshevist', 'Commie', 'Maoist', 'Marxist', 'Socialist', 'Stalinist', 'Trotskyite', 'apparatchik', 'comrade', 'pinko', 'red', 'sympathizer']"
comparable,"['commensurate', 'equal', 'proportionate', 'tantamount']"
competitive,"['aggressive', 'ambitious', 'competing', 'cutthroat', 'vying']"
complete,"['entire', 'exhaustive', 'full', 'outright', 'thorough']"
complex,"['complicated', 'convoluted']"
complicated,"['arduous', 'convoluted', 'difficult', 'fancy', 'hard', 'intricate', 'knotty', 'perplexing', 'problematic', 'sophisticated', 'troublesome']"
comprehensive,"['all-inclusive', 'broad', 'complete', 'encyclopedic', 'exhaustive', 'extensive', 'far-reaching', 'full', 'global', 'overall', 'sweeping', 'thorough']"
compulsory,"['de rigueur', 'forced', 'imperative', 'mandatory', 'obligatory', 'required']"
concerned,"['anxious', 'distressed', 'disturbed', 'troubled', 'uneasy', 'uptight']"
concrete,"['detailed', 'material', 'objective', 'particular', 'real', 'solid', 'specific']"
confident,"['bold', 'convinced', 'courageous', 'fearless', 'hopeful', 'positive', 'sanguine', 'satisfied', 'self-assured', 'self-reliant', 'sure', 'upbeat']"
confused,"['baffled', 'befuddled', 'bewildered', 'dazed', 'disorganized', 'distracted', 'muddled', 'perplexed', 'perturbed', 'puzzled']"
congregational,[]
conscious,"['attentive', 'aware', 'certain', 'cognizant', 'informed', 'keen', 'mindful', 'responsive', 'sensible', 'sure', 'vigilant', 'watchful']"
conservative,"['middle-of-the-road', 'reactionary', 'timid', 'traditional']"
considerable,"['ample', 'appreciable', 'astronomical', 'big', 'extensive', 'great', 'hefty', 'huge', 'major', 'noticeable', 'reasonable', 'sizable', 'substantial']"
considered,"['studied', 'treated']"
consistent,"['dependable', 'logical', 'persistent', 'rational', 'steady', 'true']"
constant,"['consistent', 'continual', 'nonstop', 'perpetual', 'regular', 'stable', 'steady', 'unbroken', 'uninterrupted']"
constitutional,['essential']
contemporary,"['new', 'present-day']"
contemptuous,"['condescending', 'derisive', 'disdainful', 'disrespectful', 'haughty', 'insulting', 'scornful']"
content,"['comfortable', 'contented', 'fulfilled', 'satisfied', 'willing']"
continental,"['global', 'multicultural']"
continued,"['advance', 'endure', 'extend', 'go on', 'last', 'linger', 'maintain', 'progress', 'promote', 'pursue', 'reach', 'remain', 'stay', 'survive', 'sustain']"
continuing,"['chronic', 'enduring', 'lasting']"
continuous,"['continued', 'endless', 'extended', 'regular', 'repeated', 'stable', 'steady', 'unbroken', 'unceasing', 'uninterrupted']"
controversial,"['contentious', 'disputed', 'dubious', 'questionable']"
convenient,"['acceptable', 'advantageous', 'agreeable', 'available', 'beneficial', 'comfortable', 'conducive', 'favorable', 'good', 'handy', 'helpful', 'opportune', 'proper', 'suitable', 'timely', 'user-friendly']"
conventional,"['current', 'ordinary', 'regular', 'traditional', 'typical']"
conversational,"['casual', 'chatty', 'colloquial', 'informal', 'intimate']"
convinced,"['indoctrinated', 'persuaded']"
cool,"['chilly', 'frigid', 'frosty', 'refreshing']"
cooperative,"['collegial', 'concerted', 'coordinated', 'harmonious', 'interdependent', 'reciprocal', 'symbiotic', 'united']"
corporate,"['collective', 'joint']"
correct,"['appropriate', 'equitable', 'factual', 'legitimate', 'perfect', 'precise', 'proper', 'strict', 'true']"
crazy,"['insane', 'kooky', 'mad', 'nuts', 'nutty', 'silly', 'wacky']"
created,"['build', 'conceive', 'constitute', 'construct', 'design', 'devise', 'discover', 'establish', 'forge', 'form', 'found', 'generate', 'initiate', 'invent', 'make', 'organize', 'plan', 'produce', 'set up', 'shape', 'spawn', 'start']"
creative,"['gifted', 'ingenious', 'innovative', 'inventive', 'original', 'productive', 'prolific', 'visionary']"
criminal,"['corrupt', 'deplorable', 'illegal', 'illegitimate', 'illicit', 'immoral', 'scandalous', 'senseless', 'unlawful', 'vicious']"
critical,['demanding']
crucial,"['central', 'compelling', 'deciding', 'decisive', 'essential', 'imperative', 'momentous', 'necessary', 'pivotal', 'pressing', 'touchy', 'urgent', 'vital']"
cultural,"['artistic', 'developmental']"
curious,"['inquisitive', 'interested']"
current,"['modern', 'ongoing', 'present', 'prevailing']"
daily,"['constantly', 'day-to-day', 'everyday', 'often', 'periodic', 'regular', 'regularly', 'routine']"
damp,"['cloudy', 'dank', 'drizzly', 'misty', 'moist', 'muggy', 'saturated', 'soaked', 'sodden', 'soggy', 'steamy', 'sticky', 'waterlogged']"
darwinian,[]
dead,"['asleep', 'buried', 'deceased', 'late', 'lifeless']"
deadly,"['bloody', 'carcinogenic', 'cruel', 'dangerous', 'destructive', 'fatal', 'harmful', 'lethal', 'malignant', 'mortal', 'murderous', 'noxious', 'pernicious', 'poisonous', 'savage', 'suicidal', 'toxic', 'violent', 'virulent']"
deaf,"['earless', 'hard of hearing', 'stone deaf', 'unable to hear']"
dear,"['close', 'darling', 'familiar', 'intimate', 'pet']"
decent,"['correct', 'good', 'honest', 'honorable', 'modest', 'noble', 'polite', 'proper', 'prudent', 'trustworthy']"
decorative,"['fancy', 'ornamental']"
deep,"['broad', 'buried', 'deep-seated', 'far', 'profound', 'rooted', 'wide']"
deepening,['expand']
defined,"['characterize', 'construe', 'decide', 'delineate', 'describe', 'designate', 'detail', 'determine', 'exemplify', 'explain', 'illustrate', 'interpret', 'prescribe', 'represent', 'specify', 'spell out']"
definite,"['bold', 'categorical', 'clear-cut', 'definitive', 'distinct', 'explicit', 'obvious', 'palpable', 'positive', 'precise', 'pronounced', 'specific', 'straightforward', 'unambiguous', 'unequivocal', 'unmistakable', 'well-defined']"
degenerate,"['base', 'debased', 'debauched', 'decadent', 'decayed', 'degraded', 'demeaned', 'depraved', 'failing', 'fallen', 'low', 'mean', 'miscreant', 'perverted', 'retrograde', 'sinking', 'worsen']"
deictic,['professed']
delicate,"['delicious', 'delightful', 'elegant', 'exquisite', 'fragile', 'gentle', 'graceful', 'mild', 'rare', 'soft', 'subtle', 'tender']"
delighted,"['captivated', 'charmed', 'ecstatic', 'elated', 'enchanted', 'excited', 'jubilant', 'overjoyed', 'pleased', 'thrilled']"
democratic,"['Socialist', 'autonomous', 'constitutional', 'egalitarian', 'free', 'orderly', 'popular']"
dependent,"['defenseless', 'poor', 'reliant', 'vulnerable']"
depressed,"['despondent', 'morose', 'pessimistic', 'sad', 'unhappy']"
desirable,"['beautiful', 'enticing', 'fascinating']"
desperate,"['bold', 'dangerous', 'daring', 'determined', 'frantic', 'frenzied', 'furious', 'violent']"
destructive,"['calamitous', 'cataclysmic', 'catastrophic', 'damaging', 'deadly', 'detrimental', 'disastrous', 'fatal', 'harmful', 'hurtful', 'lethal', 'pernicious', 'ruinous', 'suicidal', 'toxic']"
detailed,"['accurate', 'complicated', 'comprehensive', 'definite', 'exact', 'exhaustive', 'intricate', 'meticulous', 'precise', 'specific', 'thorough']"
determined,"['decisive', 'dogged', 'purposeful', 'resolute', 'resolved', 'serious', 'single-minded', 'steadfast', 'strong-willed', 'stubborn', 'tenacious']"
developed,"['advanced', 'matured']"
developing,"['advance', 'establish', 'evolve', 'expand', 'flourish', 'grow', 'progress', 'promote']"
diabetic,[]
digestive,[]
digital,"['algebraic', 'algorithmic', 'arithmetic', 'arithmetical', 'binary', 'differential', 'exponent', 'exponential', 'fraction', 'fractional', 'integral', 'logarithm', 'logarithmic', 'mathematical', 'numeral', 'numerary', 'statistical']"
dim,"['blurred', 'cloudy', 'dark', 'dingy', 'dull', 'faint', 'fuzzy', 'gloomy', 'lackluster', 'murky', 'shadowy', 'vague']"
diplomatic,"['conciliatory', 'gracious', 'polite', 'strategic']"
direct,"['blunt', 'candid', 'explicit', 'forthright', 'sincere', 'straightforward', 'unambiguous', 'unequivocal']"
disabled,"['handicapped', 'infirm', 'paralyzed', 'weakened', 'wounded']"
disappointed,"['balked', 'beaten', 'complaining', 'defeated', 'depressed', 'disconcerted', 'discontented', 'discouraged', 'disenchanted', 'disgruntled', 'disillusioned', 'dissatisfied', 'distressed', 'down', 'foiled', 'frustrated', 'thwarted', 'upset', 'vanquished', 'worsted']"
disparate,"['contrasting', 'discordant', 'dissimilar', 'distinct', 'divergent', 'diverse', 'various']"
disposable,['cardboard']
disputed,"['challenge', 'contend', 'contest', 'contradict', 'deny', 'discuss', 'disprove', 'doubt', 'quarrel', 'rebut', 'refute', 'wrangle']"
dissident,"['discordant', 'dissenting']"
distant,"['far', 'far-flung', 'far-off', 'inaccessible', 'isolated', 'obscure', 'remote', 'removed', 'secluded']"
distasteful,"['abhorrent', 'hateful', 'objectionable', 'obnoxious', 'painful', 'repugnant', 'tasteless', 'unappetizing', 'unpalatable', 'unsavory']"
distinct,"['definite', 'noticeable', 'recognizable', 'specific', 'unmistakable']"
distinctive,"['cool', 'extraordinary', 'idiosyncratic', 'offbeat', 'original', 'peculiar', 'singular', 'special', 'weird']"
distressing,"['deplorable', 'dreadful', 'frightening', 'painful', 'poignant', 'regrettable', 'sad', 'troublesome']"
divisional,"['provincial', 'regional']"
domestic,['private']
domesticated,"['tamed', 'trained']"
dominant,"['assertive', 'commanding', 'effective', 'leading', 'main', 'powerful', 'predominant', 'preeminent', 'prevailing', 'prevalent', 'principal']"
double,['dual']
downright,"['damned', 'outright']"
dramatic,"['breathtaking', 'climactic', 'comic', 'emotional', 'impressive', 'melodramatic', 'powerful', 'sensational', 'startling', 'striking', 'sudden', 'tense', 'theatrical', 'thrilling', 'tragic', 'vivid']"
dreaded,"['apprehend', 'cringe', 'fear', 'quake', 'shudder', 'tremble']"
drunk,"['stoned', 'tipsy']"
due,"['expected', 'outstanding', 'overdue', 'owed', 'payable', 'scheduled']"
dull,"['boring', 'dim', 'dumb', 'simple', 'slow', 'sluggish', 'stupid', 'tedious']"
dynamic,"['aggressive', 'changing', 'charismatic', 'compelling', 'effective', 'energetic', 'forceful', 'influential', 'lively', 'potent', 'powerful', 'productive', 'progressive', 'vigorous']"
eager,"['ambitious', 'greedy', 'hungry', 'impatient', 'keen', 'restless', 'thirsty']"
economic,"['budgetary', 'commercial', 'fiscal', 'industrial', 'monetary']"
educational,"['academic', 'cultural', 'informational', 'scholarly']"
effective,"['active', 'adequate', 'compelling', 'competent', 'direct', 'efficient', 'forceful', 'impressive', 'potent', 'powerful', 'practical', 'sufficient', 'useful', 'valid']"
efficient,"['able', 'active', 'adequate', 'capable', 'competent', 'decisive', 'dynamic', 'economical', 'energetic', 'potent', 'powerful', 'productive', 'profitable', 'skilled', 'skillful', 'tough', 'useful', 'valuable']"
effortless,"['offhand', 'painless', 'uncomplicated']"
elderly,"['aged', 'aging', 'old', 'retired']"
electoral,['elective']
electric,"['electrical', 'magnetic']"
electrical,"['automatic', 'computerized', 'electronic', 'mechanical', 'mechanized', 'robotic']"
electronic,['computerized']
elegant,"['chic', 'classic', 'delicate', 'dignified', 'exquisite', 'fancy', 'fashionable', 'graceful', 'grand', 'handsome', 'luxurious', 'neat', 'opulent', 'ornate', 'polished', 'refined', 'simple', 'stately', 'stylish', 'stylized', 'sumptuous']"
emotional,"['affecting', 'exciting', 'heated', 'hysterical', 'impassioned', 'moving', 'nervous', 'passionate', 'poignant', 'sensitive', 'sentimental', 'spontaneous', 'touching']"
empirical,"['experimental', 'factual', 'observational']"
employed,"['engaged', 'hired', 'occupied']"
encouraging,"['hopeful', 'promising', 'reassuring', 'supportive']"
endless,"['boundless', 'ceaseless', 'constant', 'continual', 'continuous', 'countless', 'eternal', 'incessant', 'infinite', 'interminable', 'limitless', 'monotonous', 'never-ending', 'perpetual', 'unbroken', 'unending', 'unfathomable', 'uninterrupted', 'unlimited', 'untold']"
enjoyable,"['amusing', 'delicious', 'delightful', 'entertaining', 'fun', 'gratifying', 'likable', 'pleasant', 'pleasurable', 'satisfying']"
entire,"['full', 'integrated', 'unified']"
entitled,['designate']
entrenched,['rooted']
environmental,"['natural', 'real', 'substantial']"
equivalent,"['commensurate', 'comparable', 'corresponding', 'equal', 'identical', 'proportionate', 'tantamount']"
essential,"['crucial', 'fundamental', 'imperative', 'indispensable', 'main', 'necessary', 'needed']"
established,"['entrenched', 'settled', 'traditional', 'well-established']"
estimated,['predicted']
eternal,"['abiding', 'boundless', 'constant', 'continual', 'continued', 'enduring', 'everlasting', 'immortal', 'immutable', 'indestructible', 'infinite', 'interminable', 'lasting', 'never-ending', 'perennial', 'permanent', 'perpetual', 'relentless', 'timeless', 'unceasing', 'unending', 'unremitting']"
ethnic,"['indigenous', 'national', 'traditional', 'tribal']"
european,[]
evident,"['conspicuous', 'indisputable', 'noticeable', 'obvious', 'palpable', 'unmistakable', 'visible']"
evil,"['bad', 'corrupt', 'destructive', 'hateful', 'heinous', 'hideous', 'malevolent', 'malicious', 'nefarious', 'ugly', 'unpleasant', 'vicious', 'vile', 'villainous', 'wicked']"
exact,"['correct', 'definite', 'explicit', 'identical', 'literal', 'perfect', 'rigorous', 'specific', 'true']"
excellent,"['accomplished', 'admirable', 'attractive', 'distinguished', 'exceptional', 'exemplary', 'exquisite', 'fine', 'finest', 'first-rate', 'good', 'great', 'magnificent', 'outstanding', 'skillful', 'sterling', 'superb', 'superlative']"
exceptional,"['extraordinary', 'notable', 'noteworthy', 'odd', 'phenomenal', 'rare', 'remarkable', 'singular', 'special', 'strange', 'uncommon', 'unheard-of', 'unique', 'unprecedented', 'unusual']"
excessive,"['disproportionate', 'enormous', 'exaggerated', 'exorbitant', 'extra', 'extravagant', 'extreme', 'inordinate', 'needless', 'redundant', 'steep', 'superfluous', 'unconscionable', 'undue', 'unreasonable']"
excited,"['agitated', 'annoyed', 'delighted', 'disturbed', 'eager', 'enthusiastic', 'hysterical', 'nervous', 'passionate', 'thrilled']"
exclusive,"['absolute', 'chic', 'exclusionary', 'fashionable', 'licensed', 'limited', 'posh', 'private', 'privileged', 'restrictive', 'ritzy', 'segregated', 'sole', 'swank', 'unique']"
existing,"['actual', 'current', 'extant']"
expected,['normal']
expensive,"['costly', 'extravagant', 'fancy', 'high', 'lavish', 'overpriced', 'pricey', 'upscale', 'valuable']"
experienced,"['accomplished', 'capable', 'competent', 'mature', 'professional', 'qualified', 'seasoned', 'skillful', 'sophisticated', 'trained', 'veteran', 'wise']"
experimental,"['empirical', 'preliminary', 'unproved']"
explicit,"['accurate', 'categorical', 'certain', 'clear', 'clear-cut', 'correct', 'definite', 'definitive', 'exact', 'obvious', 'positive', 'precise', 'straightforward', 'unequivocal']"
exposed,"['bare', 'defined', 'disclosed', 'discovered', 'naked', 'resolved', 'solved', 'uncovered', 'unprotected']"
extensive,"['broad', 'comprehensive', 'considerable', 'expanded', 'huge', 'large', 'large-scale', 'lengthy', 'major', 'pervasive', 'protracted', 'sweeping', 'vast', 'voluminous', 'wide-ranging']"
external,"['extraneous', 'foreign']"
extraordinary,"['amazing', 'bizarre', 'curious', 'exceptional', 'fantastic', 'incredible', 'marvelous', 'odd', 'outstanding', 'particular', 'phenomenal', 'rare', 'remarkable', 'singular', 'special', 'strange', 'surprising', 'terrific', 'uncommon', 'unheard-of', 'unimaginable', 'unique', 'unprecedented', 'unusual', 'weird']"
extravagant,"['absurd', 'bizarre', 'costly', 'exaggerated', 'excessive', 'exorbitant', 'expensive', 'fanciful', 'fancy', 'fantastic', 'flamboyant', 'flashy', 'garish', 'gaudy', 'grandiose', 'implausible', 'lavish', 'ludicrous', 'ornate', 'ostentatious', 'outrageous', 'overpriced', 'profligate', 'reckless', 'ridiculous', 'showy', 'silly']"
extreme,"['acute', 'intense', 'severe', 'utmost']"
faint,"['delicate', 'dim', 'distant', 'dull', 'far-off', 'gentle', 'hazy', 'inaudible', 'mild', 'muffled', 'muted', 'remote', 'slight', 'soft', 'soothing', 'stifled', 'vague', 'weak']"
fair,"['candid', 'civil', 'clean', 'courteous', 'decent', 'equal', 'equitable', 'generous', 'good', 'honest', 'honorable', 'impartial', 'lawful', 'legitimate', 'objective', 'principled', 'proper', 'reasonable', 'sincere', 'straightforward', 'trustworthy', 'unbiased']"
familiar,"['intimate', 'mundane', 'recognizable', 'simple', 'usual']"
fascinating,"['alluring', 'appealing', 'captivating', 'charming', 'compelling', 'delightful', 'enchanting', 'engaging', 'engrossing', 'glamorous', 'gripping', 'intriguing', 'riveting']"
favourable,[]
fearsome,"['awe-inspiring', 'awesome', 'formidable', 'frightening', 'frightful', 'horrible', 'imposing', 'impressive', 'intimidating', 'powerful', 'scary', 'shocking', 'terrible', 'terrifying']"
federal,"['civil', 'communal', 'domestic', 'ethnic', 'governmental', 'internal', 'interstate', 'nationwide', 'public', 'social']"
fellow,"['assistant', 'associate', 'companion', 'instructor', 'lecturer', 'professor']"
female,['feminine']
festive,"['cheery', 'chipper', 'convivial', 'gala', 'happy', 'hearty', 'jovial', 'joyful', 'joyous', 'jubilant', 'lighthearted', 'merry', 'peppy', 'upbeat']"
fetal,['during pregnancy']
fierce,"['angry', 'bold', 'brutal', 'cutthroat', 'dangerous', 'ferocious', 'fiery', 'furious', 'intense', 'murderous', 'passionate', 'powerful', 'raging', 'relentless', 'savage', 'stormy', 'strong', 'terrible', 'vehement', 'vicious']"
financial,"['commercial', 'economic', 'fiscal', 'monetary']"
finding,"['conclusion', 'data', 'decision', 'discovery', 'recommendation']"
fine,"['accomplished', 'admirable', 'attractive', 'beautiful', 'cool', 'elegant', 'exceptional', 'expensive', 'exquisite', 'fashionable', 'first-rate', 'great', 'handsome', 'lovely', 'magnificent', 'neat', 'outstanding', 'pleasant', 'rare', 'refined', 'smart', 'solid', 'splendid', 'striking', 'subtle', 'superior', 'well-made']"
finite,"['definite', 'fixed', 'limited', 'restricted']"
firm,"['hard', 'rigid', 'solid', 'stiff', 'sturdy', 'substantial', 'thick', 'tough', 'unyielding']"
fitted,"['adapted', 'equipped', 'matched', 'qualified', 'suited']"
fixed,"['established', 'hooked', 'immovable', 'locked', 'rigid', 'settled', 'tight']"
flat,"['empty', 'horizontal', 'low', 'unbroken']"
fleshy,"['beefy', 'corpulent', 'meaty', 'plump', 'pudgy', 'stout']"
flexible,"['malleable', 'soft']"
flying,"['aerial', 'floating', 'soaring']"
following,"['coming', 'consecutive', 'ensuing', 'subsequent', 'succeeding', 'successive']"
footloose,"['easygoing', 'free and easy', 'go-as-you-please', 'loose', 'unattached', 'uncommitted', 'unengaged']"
foreign,"['alien', 'different', 'external', 'offshore', 'overseas', 'unfamiliar']"
forged,['counterfeit']
forgiving,"['lenient', 'magnanimous', 'merciful']"
formal,"['academic', 'ceremonial', 'explicit', 'legal', 'precise', 'proper', 'solemn', 'strict']"
formative,['developmental']
forthcoming,"['anticipated', 'approaching', 'awaited', 'coming', 'impending', 'upcoming']"
fragmentary,"['scattered', 'sketchy']"
frail,"['decrepit', 'feeble', 'fragile', 'infirm', 'sickly', 'slender', 'slim', 'thin', 'vulnerable']"
frequent,"['commonplace', 'constant', 'continual', 'incessant', 'intermittent', 'numerous', 'periodic', 'persistent', 'recurrent', 'usual']"
frightened,"['afraid', 'anxious', 'fearful', 'panicky', 'spooked', 'startled', 'unnerved']"
full,"['adequate', 'big', 'chock-full', 'complete', 'crowded', 'entire', 'intact', 'packed', 'stocked', 'sufficient']"
functional,"['practical', 'useful', 'utilitarian']"
fundamental,"['central', 'constitutional', 'crucial', 'elemental', 'elementary', 'essential', 'indispensable', 'integral', 'intrinsic', 'major', 'necessary', 'paramount', 'principal', 'radical', 'significant', 'structural', 'theoretical', 'underlying', 'vital']"
gastric,['stomachic']
gay,"['homophile', 'lesbian', 'queer']"
general,"['accustomed', 'broad', 'commonplace', 'familiar', 'generic', 'humdrum', 'natural', 'normal', 'ordinary', 'prevailing', 'public', 'regular', 'routine', 'universal']"
generous,"['acceptable', 'benevolent', 'big', 'charitable', 'considerate', 'fair', 'good', 'helpful', 'honest', 'hospitable', 'lavish', 'reasonable', 'thoughtful', 'tolerant', 'unselfish', 'willing']"
genetic,"['ancestral', 'hereditary', 'historical']"
gentle,"['affable', 'amiable', 'benign', 'compassionate', 'considerate', 'cool', 'genial', 'humane', 'mellow', 'moderate', 'placid', 'pleasant', 'quiet', 'soft', 'tame', 'tender']"
genuine,"['absolute', 'bona fide', 'certain', 'honest', 'legitimate', 'natural', 'palpable', 'positive', 'pure']"
geographical,"['geographic', 'geological']"
giant,"['big', 'colossal', 'enormous', 'gargantuan', 'gigantic', 'huge', 'hulking', 'humongous', 'immense', 'jumbo', 'mammoth', 'monstrous', 'vast']"
given,"['accustomed', 'addicted', 'disposed', 'habituated', 'inclined', 'inured', 'obsessed']"
glassy,"['glazed', 'icy', 'shiny', 'sleek']"
global,"['comprehensive', 'international', 'overall', 'universal']"
golden,"['bright', 'brilliant', 'glorious', 'rich', 'shining']"
governing,"['administrative', 'dominant', 'guiding', 'ruling']"
grand,"['ambitious', 'awe-inspiring', 'dignified', 'glorious', 'grandiose', 'imposing', 'large', 'lofty', 'luxurious', 'magnificent', 'marvelous', 'monumental', 'noble', 'opulent', 'palatial', 'splendid', 'stately', 'sumptuous']"
grateful,"['beholden', 'indebted', 'pleased', 'thankful']"
greek,"['baffling', 'impenetrable', 'inconceivable', 'mystifying', 'opaque', 'puzzling', 'unfathomable', 'unimaginable', 'unintelligible']"
green,"['fresh', 'grassy', 'leafy', 'lush', 'raw', 'tender', 'verdant']"
gross,"['great', 'heavy', 'hulking', 'husky', 'overweight', 'stout', 'thick']"
ground,"['dirt', 'field', 'landscape', 'park', 'sand', 'soil', 'terrain', 'turf']"
growing,"['burgeoning', 'developing', 'expanding', 'flourishing', 'spreading', 'thriving', 'viable']"
guilty,"['convicted', 'culpable', 'liable', 'remorseful', 'responsible', 'sorry', 'wrong']"
handwritten,"['in writing', 'transcribed']"
harmful,"['adverse', 'bad', 'catastrophic', 'damaging', 'destructive', 'detrimental', 'disadvantageous', 'disastrous', 'inimical', 'noxious', 'painful', 'pernicious', 'risky', 'ruinous', 'sinful', 'toxic', 'unhealthy', 'unsafe']"
harmless,"['gentle', 'innocent', 'innocuous', 'inoffensive', 'naive', 'nontoxic', 'painless', 'powerless', 'simple']"
harsh,"['bitter', 'bleak', 'grim', 'hard', 'rigid', 'severe', 'sharp', 'strident']"
healing,"['curative', 'curing', 'invigorating', 'mending']"
helpful,"['accessible', 'advantageous', 'applicable', 'conducive', 'constructive', 'convenient', 'cooperative', 'crucial', 'essential', 'favorable', 'friendly', 'important', 'invaluable', 'practical', 'productive', 'profitable', 'significant', 'suitable', 'supportive', 'sympathetic', 'timely', 'useful', 'valuable']"
historic,"['consequential', 'extraordinary', 'famous', 'important', 'memorable', 'significant']"
historical,"['actual', 'ancient', 'archival', 'classical', 'factual', 'real']"
holy,"['divine', 'hallowed', 'humble', 'pure', 'revered', 'righteous', 'spiritual', 'sublime']"
hon,[]
honest,"['authentic', 'conscientious', 'decent', 'equitable', 'fair', 'forthright', 'genuine', 'honorable', 'impartial', 'proper', 'reliable', 'sincere', 'straightforward', 'true', 'trustworthy', 'virtuous']"
hooded,['cowled']
horrible,"['abhorrent', 'abominable', 'appalling', 'awful', 'cruel', 'disgusting', 'dreadful', 'eerie', 'frightful', 'ghastly', 'grim', 'grisly', 'gruesome', 'heinous', 'hideous', 'horrendous', 'horrid', 'lousy', 'nasty', 'scandalous', 'scary', 'shameful', 'shocking', 'terrible', 'terrifying']"
hostile,"['adverse', 'belligerent', 'bitter', 'contentious', 'contrary', 'hateful', 'inhospitable', 'inimical', 'nasty', 'opposed', 'unfavorable', 'unfriendly', 'unsympathetic']"
huge,"['colossal', 'enormous', 'extensive', 'gargantuan', 'giant', 'gigantic', 'great', 'humongous', 'immense', 'magnificent', 'mammoth', 'massive', 'monstrous', 'monumental', 'towering', 'tremendous', 'vast']"
human,"['animal', 'mortal', 'personal']"
hygienic,"['healthful', 'sterile', 'wholesome']"
ideal,"['excellent', 'fitting', 'optimal', 'quintessential']"
identical,"['exact', 'indistinguishable', 'interchangeable']"
ideological,"['cerebral', 'intellectual', 'psychic', 'psychological', 'spiritual', 'subjective']"
illegal,"['banned', 'criminal', 'illegitimate', 'illicit', 'irregular', 'outlawed', 'prohibited', 'smuggled', 'unauthorized', 'unconstitutional', 'unlawful', 'unlicensed', 'unwarranted', 'wrongful']"
immediate,"['actual', 'prompt', 'urgent']"
immortal,"['endless', 'enduring', 'eternal', 'everlasting', 'indestructible', 'never-ending', 'timeless']"
imperial,"['royal', 'stately']"
important,"['big', 'critical', 'crucial', 'decisive', 'essential', 'extensive', 'far-reaching', 'great', 'imperative', 'influential', 'large', 'meaningful', 'necessary', 'paramount', 'relevant', 'serious', 'significant', 'urgent', 'vital']"
impossible,"['absurd', 'futile', 'hopeless', 'impassable', 'impractical', 'inaccessible', 'inconceivable', 'insurmountable', 'preposterous', 'unattainable', 'unimaginable', 'unreasonable', 'unthinkable', 'unworkable', 'useless']"
impressed,"['affected', 'fascinated']"
impressive,"['dramatic', 'exciting', 'extraordinary', 'important', 'imposing', 'intense', 'massive', 'monumental', 'notable', 'profound', 'remarkable', 'splendid', 'superb', 'thrilling']"
improved,"['enhanced', 'revised', 'upgraded']"
inadequate,"['deficient', 'faulty', 'incompetent', 'incomplete', 'lacking', 'meager', 'poor', 'scarce', 'sketchy', 'skimpy', 'unequal', 'weak']"
inc,"['bind', 'frustrate', 'hamstring']"
incoherent,"['disjointed', 'incomprehensible', 'incongruous', 'irrational', 'jumbled', 'muddled', 'puzzling', 'rambling', 'uneven']"
incompetent,"['amateurish', 'helpless', 'inadequate', 'incapable', 'ineffectual', 'inefficient', 'inept', 'inexperienced', 'unqualified', 'unskilled', 'useless']"
increased,"['expanded', 'heightened']"
increasing,"['developing', 'expanding', 'growing', 'rising']"
independent,"['autonomous', 'nonpartisan', 'self-reliant', 'self-sufficient', 'separate', 'sovereign']"
indian,"['American Indian', 'Amerind', 'Amerindian', 'injun']"
indirect,"['ambiguous', 'ancillary', 'circuitous', 'implied', 'incidental', 'oblique', 'tortuous']"
individual,"['lone', 'original', 'particular', 'personal', 'respective', 'separate', 'single', 'singular', 'sole', 'special', 'specific']"
industrial,"['industrialized', 'mechanical', 'modern', 'technical']"
ineffectual,"['futile', 'impotent', 'inadequate', 'ineffective', 'inefficient', 'insufficient', 'unproductive']"
inevitable,"['imminent', 'impending', 'inescapable', 'inexorable', 'irresistible', 'necessary', 'unavoidable', 'undeniable']"
influential,"['authoritative', 'dominant', 'famous', 'important', 'leading', 'persuasive', 'prominent', 'significant', 'strong']"
informal,"['intimate', 'relaxed', 'spontaneous', 'straightforward', 'unofficial']"
ingenious,"['creative', 'imaginative', 'innovative', 'intelligent', 'inventive', 'resourceful', 'shrewd', 'skillful', 'sly', 'subtle']"
inherent,"['built-in', 'constitutional', 'deep-rooted', 'deep-seated', 'essential', 'fundamental', 'genetic', 'implicit', 'ingrained', 'innate', 'instinctive', 'internal', 'intrinsic', 'latent', 'natural']"
initial,"['basic', 'introductory', 'original']"
inner,"['close', 'constitutional', 'essential', 'familiar', 'focal', 'inherent', 'innermore', 'inside', 'interior', 'internal', 'intestinal', 'intimate', 'intrinsic', 'inward', 'nuclear']"
innocent,"['honest', 'legitimate', 'pure', 'uninvolved', 'virtuous']"
insatiable,"['insistent', 'rapacious', 'ravenous', 'urgent']"
instinctive,"['impulsive', 'ingrained', 'inherent', 'innate', 'intuitive', 'natural', 'spontaneous', 'visceral']"
institutional,"['corporate', 'governmental', 'uninteresting']"
insulating,"['cushion', 'isolate', 'seclude', 'sequester', 'shield', 'wrap']"
intangible,"['ethereal', 'unreal']"
integrated,['unified']
intellectual,"['cerebral', 'creative', 'highbrow', 'mental', 'psychological', 'rational', 'scholarly', 'thoughtful']"
intense,"['acute', 'bitter', 'deep', 'energetic', 'excessive', 'extraordinary', 'extreme', 'fierce', 'great', 'harsh', 'heightened', 'intensified', 'intensive', 'powerful', 'profound', 'protracted', 'sharp', 'strong', 'violent', 'vivid']"
intensive,"['accelerated', 'all-out', 'comprehensive', 'demanding', 'in-depth', 'thorough']"
interim,['provisional']
internal,"['constitutional', 'domestic', 'in-house', 'intramural', 'national', 'private', 'subjective']"
international,"['foreign', 'global', 'universal']"
intragastric,[]
intricate,"['baroque', 'complex', 'convoluted', 'difficult', 'labyrinthine', 'sophisticated', 'tangled', 'tortuous', 'tricky']"
investigative,['analytical']
involved,"['confusing', 'convoluted', 'elaborate', 'muddled', 'sophisticated', 'tangled', 'winding']"
inward,['inbound']
iraqi,[]
irregular,"['capricious', 'erratic', 'intermittent', 'jerky', 'sporadic', 'uneven', 'unreliable']"
isolated,"['confined', 'deserted', 'detached', 'hidden', 'lonely', 'outlying', 'remote', 'secluded', 'segregated', 'unusual']"
jewish,"['Hasidic', 'Hebrew', 'Judaistic', 'Semitic']"
joint,"['collective', 'concerted', 'cooperative']"
judicial,['juridical']
just,['equitable']
keen,"['anxious', 'ardent', 'avid', 'eager', 'fervent', 'fierce', 'impatient', 'intense']"
known,"['accepted', 'acknowledged', 'admitted', 'common', 'established', 'familiar', 'noted', 'notorious', 'obvious', 'recognized', 'well-known']"
labour,[]
lasting,"['abiding', 'continuing', 'deep-rooted', 'durable', 'eternal', 'everlasting', 'indelible', 'lifelong', 'long-term', 'longstanding', 'permanent', 'stable']"
late,"['last-minute', 'slow']"
latin,"['classic', 'humanistic']"
leading,"['best', 'dominant', 'famous', 'main', 'noted', 'outstanding', 'popular', 'preeminent', 'principal', 'prominent', 'top', 'well-known']"
legal,"['constitutional', 'contractual', 'fair', 'juridical', 'lawful', 'legitimate', 'proper', 'statutory', 'valid']"
legislative,"['congressional', 'parliamentary', 'senatorial']"
legitimate,"['appropriate', 'certain', 'consistent', 'correct', 'fair', 'genuine', 'justifiable', 'lawful', 'logical', 'natural', 'normal', 'proper', 'real', 'reasonable', 'reliable', 'rightful', 'sensible', 'statutory', 'true', 'well-founded']"
lesser,"['insignificant', 'minor']"
level,['matched']
liable,"['accountable', 'amenable']"
liberal,"['enlightened', 'flexible', 'humanistic', 'lenient', 'permissive', 'radical', 'reformist', 'tolerant']"
likely,"['acceptable', 'expected', 'fair', 'feasible', 'inclined', 'possible', 'prone', 'reasonable']"
limited,"['defined', 'finite', 'narrow']"
linguistic,['grammatical']
literary,"['classical', 'scholarly']"
little,"['insufficient', 'limited', 'meager', 'scant', 'slight']"
lively,"['animated', 'bright', 'buoyant', 'bustling', 'cheerful', 'enjoyable', 'entertaining', 'festive', 'frisky', 'nimble', 'peppy', 'provocative', 'refreshing', 'spirited', 'stimulating', 'vigorous']"
living,"['breathing', 'contemporary']"
local,"['provincial', 'regional']"
logical,"['cogent', 'coherent', 'compelling', 'consistent', 'convincing', 'intelligent', 'legitimate', 'lucid', 'necessary', 'obvious', 'plausible', 'rational', 'relevant', 'sensible', 'valid', 'wise']"
lonely,"['deserted', 'desolate', 'destitute', 'empty', 'homeless', 'isolated', 'lonesome', 'reclusive', 'solitary']"
long,"['deep', 'great', 'high', 'lengthy', 'protracted', 'tall']"
loose,"['baggy', 'easy', 'lax', 'relaxed', 'sloppy']"
lost,"['absent', 'adrift', 'disoriented', 'hidden', 'invisible', 'misplaced', 'vanished']"
loud,"['big', 'boisterous', 'deafening', 'emphatic', 'heavy', 'intense', 'lusty', 'powerful', 'rambunctious', 'raucous', 'resounding', 'ringing', 'roaring', 'rowdy', 'strident', 'strong', 'thundering', 'vehement', 'vociferous']"
ltd,[]
lucid,"['luminous', 'unambiguous']"
macabre,"['frightening', 'ghastly', 'ghoulish', 'grim', 'grisly', 'gruesome', 'lurid', 'morbid', 'spooky', 'weird']"
mad,"['absurd', 'delirious', 'demented', 'fantastic', 'foolish', 'frantic', 'frenzied', 'kooky', 'nutty', 'psychotic']"
magic,"['fascination', 'illusion', 'wizardry']"
magnetic,"['hypnotic', 'irresistible', 'seductive']"
magnificent,"['brilliant', 'elegant', 'excellent', 'glittering', 'gorgeous', 'grand', 'grandiose', 'imposing', 'impressive', 'lavish', 'lofty', 'noble', 'opulent', 'outstanding', 'palatial', 'splendid', 'stately', 'striking', 'sublime', 'sumptuous', 'superb', 'towering']"
main,"['central', 'essential', 'fundamental', 'leading', 'major', 'particular', 'preeminent', 'primary', 'prime', 'special', 'vital']"
major,"['big', 'considerable', 'dominant', 'extensive', 'large', 'large-scale', 'leading', 'main', 'primary', 'sizable']"
managing,"['administering', 'admonishing', 'advising', 'controlling', 'executing', 'governing', 'guiding', 'handling', 'husbanding', 'inspecting', 'leading', 'operating', 'organizing', 'overseeing', 'piloting', 'regulating', 'steering', 'supervising']"
manual,"['human', 'standard']"
marginal,"['insignificant', 'minimal', 'minor', 'negligible']"
marine,"['aquatic', 'coastal', 'deep-sea', 'maritime', 'naval', 'saltwater', 'seagoing']"
marital,"['matrimonial', 'wedded']"
marked,"['considerable', 'conspicuous', 'decided', 'distinct', 'notable', 'noticeable', 'pronounced', 'remarkable', 'striking']"
mas,"['grandmother', 'mommy', 'parent']"
mass,"['crowd', 'group', 'horde', 'lot', 'lump', 'majority', 'mob', 'number', 'piece', 'pile', 'throng']"
massive,"['big', 'colossal', 'enormous', 'extensive', 'gargantuan', 'gigantic', 'grand', 'great', 'heavy', 'hefty', 'huge', 'immense', 'imposing', 'impressive', 'mammoth', 'monumental', 'substantial', 'towering', 'tremendous', 'vast']"
mature,"['matured', 'sophisticated']"
maximum,"['best', 'maximal', 'outside', 'superlative', 'top', 'ultimate']"
meagre,[]
mechanical,"['automated', 'automatic']"
medical,"['medicinal', 'pharmaceutical', 'preventive', 'therapeutic']"
medieval,"['Gothic', 'antique', 'archaic', 'feudal', 'primitive']"
mental,"['cerebral', 'intellectual', 'psychic', 'psychological', 'spiritual', 'subjective']"
merciless,"['barbarous', 'callous', 'cruel', 'fierce', 'grim', 'harsh', 'implacable', 'inexorable', 'inhumane', 'relentless', 'ruthless', 'severe', 'unforgiving', 'unrelenting', 'unsparing', 'unyielding']"
mere,"['bare', 'minor', 'pure', 'sheer', 'simple']"
metropolitan,"['cosmopolitan', 'urban', 'urbane']"
middle,['intermediate']
mild,"['balmy', 'benign', 'bland', 'breezy', 'calm', 'cool', 'delicate', 'mellow', 'moderate', 'peaceful', 'smooth', 'soft', 'sunny', 'tepid', 'warm', 'weak']"
military,"['army', 'combatant', 'fighting', 'martial', 'militant', 'warmongering']"
minor,"['inconsequential', 'lesser', 'negligible', 'petty', 'secondary', 'slight', 'trivial', 'unimportant']"
miraculous,"['amazing', 'astonishing', 'astounding', 'awesome', 'extraordinary', 'freakish', 'incredible', 'inexplicable', 'magical', 'marvelous', 'monstrous', 'phenomenal', 'spectacular', 'strange', 'superhuman', 'supernatural', 'unbelievable', 'unreal', 'wondrous']"
miserable,"['gloomy', 'pathetic', 'sad', 'tragic', 'wretched']"
missing,"['away', 'lost', 'removed']"
misty,"['cloudy', 'foggy', 'fuzzy', 'hazy', 'murky', 'overcast']"
moated,[]
mocking,"['derisive', 'sarcastic']"
modern,"['contemporary', 'current', 'modernized', 'present-day', 'state-of-the-art', 'stylish']"
modest,"['humble', 'moderate', 'prudent', 'quiet', 'simple', 'unassuming']"
monetary,"['budgetary', 'financial', 'fiscal']"
monthly,"['annual', 'intermittent', 'occasional', 'recurrent', 'recurring', 'regular', 'repeated', 'routine', 'seasonal', 'sporadic', 'weekly', 'yearly']"
moral,"['moralistic', 'noble', 'principled', 'proper', 'righteous']"
moulded,"['chisel', 'divide', 'engrave', 'etch', 'fashion', 'hack', 'mold', 'sculpt', 'shape', 'slice']"
multiple,"['different', 'numerous', 'various']"
mutual,"['bilateral', 'collective', 'reciprocal']"
naked,"['bald', 'bare', 'defenseless', 'exposed', 'helpless', 'nude', 'raw']"
narrow,"['cramped', 'definite', 'limited', 'precarious', 'precise', 'slender', 'slim', 'small', 'thin', 'tight']"
nasty,"['awful', 'dirty', 'fierce', 'horrible', 'icky', 'murderous', 'noxious', 'obnoxious', 'ornery', 'outrageous', 'rough', 'tough', 'unpleasant', 'vile', 'vulgar']"
national,"['civil', 'communal', 'domestic', 'ethnic', 'governmental', 'internal', 'interstate', 'nationwide', 'public', 'social']"
native,"['endemic', 'indigenous', 'natural']"
natural,"['common', 'essential', 'innate', 'instinctive', 'legitimate', 'logical', 'ordinary', 'reasonable', 'usual']"
naval,"['marine', 'maritime', 'oceangoing', 'seafaring']"
nearby,"['adjacent', 'neighboring']"
neat,"['accurate', 'elegant', 'immaculate', 'orderly', 'precise', 'sleek', 'slick', 'smart', 'spotless', 'tidy', 'well-kept']"
necessary,"['basic', 'crucial', 'decisive', 'fundamental', 'imperative', 'indispensable', 'mandatory', 'needed', 'paramount', 'required', 'significant', 'unavoidable', 'urgent', 'vital']"
negative,"['adverse', 'gloomy', 'pessimistic', 'unfavorable', 'weak']"
nervous,"['afraid', 'agitated', 'annoyed', 'apprehensive', 'concerned', 'edgy', 'fussy', 'hesitant', 'hysterical', 'irritable', 'jittery', 'jumpy', 'shaky', 'shy', 'skittish', 'spooked', 'tense', 'timid', 'uneasy', 'uptight', 'volatile', 'weak']"
net,"['clear', 'excluding', 'exclusive', 'final', 'remaining']"
neutral,"['disinterested', 'evenhanded', 'fair-minded', 'inactive', 'indifferent', 'nonaligned', 'nonpartisan', 'unbiased', 'uncommitted', 'undecided', 'uninvolved']"
normal,"['natural', 'orderly', 'ordinary', 'regular', 'routine', 'traditional', 'typical']"
northern,"['arctic', 'north', 'northward']"
notable,"['conspicuous', 'distinguished', 'eminent', 'evident', 'extraordinary', 'great', 'high-profile', 'illustrious', 'marked', 'memorable', 'momentous', 'noteworthy', 'noticeable', 'notorious', 'outstanding', 'preeminent', 'prominent', 'rare', 'remarkable', 'renowned', 'serious', 'striking', 'unusual', 'well-known']"
nuclear,"['close', 'constitutional', 'essential', 'familiar', 'focal', 'inherent', 'innermore', 'inside', 'interior', 'internal', 'intestinal', 'intimate', 'intrinsic', 'inward']"
numb,"['dazed', 'indifferent']"
numerous,"['big', 'diverse', 'great', 'large', 'plentiful', 'various']"
objective,"['detached', 'disinterested', 'dispassionate', 'equitable', 'evenhanded', 'nonpartisan', 'open-minded', 'unbiased']"
obliged,"['compelled', 'duty-bound', 'enslaved', 'indebted', 'obligated']"
obscure,"['ambiguous', 'arcane', 'complicated', 'confusing', 'cryptic', 'enigmatic', 'esoteric', 'mysterious', 'vague']"
observed,"['attended', 'checked', 'detected', 'noticed', 'realized', 'recognized']"
obsessive,"['compulsive', 'distraught', 'disturbed', 'manic']"
obvious,"['accessible', 'clear', 'conspicuous', 'discernible', 'distinct', 'evident', 'glaring', 'indisputable', 'noticeable', 'overt', 'palpable', 'pronounced', 'recognizable', 'self-evident', 'straightforward', 'undeniable', 'unmistakable', 'visible']"
occasional,"['casual', 'infrequent', 'intermittent', 'odd', 'particular', 'random', 'rare', 'unusual']"
occupational,"['business', 'career', 'employment', 'job-related', 'professional', 'vocational', 'work']"
odd,['different']
official,"['authoritative', 'conclusive', 'definite', 'fitting', 'formal', 'precise', 'proper', 'valid']"
onerous,"['arduous', 'backbreaking', 'burdensome', 'cumbersome', 'demanding', 'difficult', 'distressing', 'excessive', 'exhausting', 'grueling', 'harsh', 'intolerable', 'laborious', 'oppressive', 'painful', 'rigorous', 'severe', 'strenuous', 'taxing', 'troublesome', 'weighty']"
ontological,"['existential', 'metaphysical']"
operational,"['practical', 'ready', 'useful', 'viable', 'working']"
opposite,"['adverse', 'antagonistic', 'antithetical', 'contradictory', 'differing', 'paradoxical', 'reversed']"
oral,"['lingual', 'sonant', 'vocal']"
orchestral,"['concert', 'instrumental', 'musical', 'operatic', 'philharmonic', 'symphonious']"
ordinary,"['everyday', 'natural', 'normal', 'traditional', 'typical']"
organic,"['biological', 'nuclear']"
original,"['authentic', 'initial']"
outer,"['exterior', 'outlying']"
outstanding,"['bad', 'distinguished', 'dominant', 'eminent', 'exceptional', 'famous', 'great', 'important', 'impressive', 'magnificent', 'phenomenal', 'preeminent', 'special', 'superior', 'superlative', 'well-known']"
overall,"['comprehensive', 'global', 'long-term']"
overseas,"['abroad', 'away', 'foreign']"
packed,"['arranged', 'congested', 'crowded', 'filled', 'jam-packed', 'jammed', 'loaded', 'overflowing', 'overloaded', 'stuffed', 'swarming', 'wrapped']"
painful,"['agonizing', 'arduous', 'awful', 'difficult', 'dire', 'distasteful', 'distressing', 'excruciating', 'hard', 'harrowing', 'hurtful', 'severe', 'tedious', 'terrible', 'troublesome', 'uncomfortable', 'unpleasant']"
pale,"['blanched', 'dim', 'dull', 'faded', 'faint', 'gray', 'haggard', 'pasty', 'poor', 'sallow', 'sick', 'thin', 'wan', 'white']"
panelled,"['cover', 'fill', 'stuff']"
panoramic,['scenic']
parallel,"['coordinate', 'lateral']"
parliamentary,"['congressional', 'senatorial']"
partial,['limited']
particular,"['appropriate', 'distinct', 'peculiar', 'precise', 'singular', 'special']"
payable,"['outstanding', 'owed', 'unpaid']"
peaceful,"['amicable', 'bloodless', 'calm', 'harmonious', 'neutral', 'nonviolent', 'peace-loving', 'placid', 'quiet', 'smooth', 'steady', 'tranquil']"
peculiar,"['distinct', 'distinctive', 'idiosyncratic', 'particular', 'personal', 'special', 'specific', 'unique']"
pejorative,"['deprecatory', 'depreciatory', 'derisive', 'derogatory', 'detractive', 'detractory', 'disadvantageous', 'disparaging', 'irreverent', 'rude', 'slighting', 'uncomplimentary', 'unpleasant']"
perceived,"['anticipated', 'recognized']"
perceptual,"['emotional', 'emotive', 'feeling', 'intuitive', 'noncognitive', 'visceral']"
perfect,"['excellent', 'foolproof', 'ideal', 'impeccable', 'pure', 'splendid', 'superb']"
perilous,"['delicate', 'dicey', 'hazardous', 'precarious', 'risky', 'rugged', 'shaky', 'threatening', 'ticklish', 'touchy', 'treacherous', 'uncertain', 'unstable']"
permanent,"['durable', 'enduring', 'long-lasting', 'perpetual', 'stable']"
perpetual,"['ceaseless', 'constant', 'continued', 'continuous', 'endless', 'enduring', 'eternal', 'incessant', 'infinite', 'interminable', 'never-ending', 'perennial', 'permanent', 'persistent', 'recurring', 'unceasing', 'unending']"
personal,"['intimate', 'particular', 'secret', 'special']"
pessimistic,"['bleak', 'depressed', 'despondent', 'discouraged', 'fatalistic', 'gloomy', 'glum', 'sad']"
phonological,['grammatical']
physical,"['environmental', 'natural', 'real', 'substantial']"
piercing,"['biting', 'blaring', 'earsplitting', 'fierce', 'high-pitched', 'painful', 'penetrating', 'shrill']"
plain,['transparent']
planned,['prepared']
pleased,"['appreciative', 'contented', 'happy', 'satisfied']"
polish,"['brilliance', 'burnish', 'finish', 'glaze', 'glint', 'gloss', 'luster', 'sheen', 'smoothness', 'sparkle', 'varnish', 'veneer', 'wax']"
political,"['bureaucratic', 'civic', 'constitutional', 'economical', 'legislative', 'official']"
positivist,[]
possible,"['achievable', 'available', 'conceivable', 'desirable', 'feasible', 'imaginable', 'potential', 'probable', 'viable']"
potential,"['hidden', 'likely', 'possible', 'probable']"
pouring,"['draining', 'flooding', 'flowing', 'gushing', 'raining', 'running', 'rushing', 'showering', 'spilling', 'spouting']"
powerful,"['all-powerful', 'authoritative', 'capable', 'compelling', 'dominant', 'dynamic', 'energetic', 'forceful', 'impressive', 'influential', 'mighty', 'persuasive', 'potent', 'robust', 'vigorous']"
practical,"['businesslike', 'constructive', 'down-to-earth', 'efficient', 'factual', 'feasible', 'functional', 'possible', 'practicable', 'pragmatic', 'rational', 'reasonable', 'sane', 'sensible', 'sober', 'workable']"
precious,"['adored', 'beloved', 'cherished', 'darling', 'dear', 'dearest', 'idolized', 'inestimable', 'loved', 'pet', 'prized', 'treasured']"
precise,"['actual', 'clear-cut', 'correct', 'decisive', 'definite', 'explicit', 'literal', 'narrow', 'particular', 'proper', 'rigid', 'rigorous', 'specific', 'strict']"
pregnant,"['abundant', 'anticipating', 'carrying a child', 'enceinte', 'expectant', 'expecting', 'fecund', 'fertile', 'fraught', 'fruitful', 'gestating', 'gravid', 'heavy', 'hopeful', 'in family way', 'parous', 'parturient', 'preggers', 'productive', 'prolific', 'replete', 'teeming', 'with child']"
preliminary,"['exploratory', 'preparatory', 'prior']"
premier,"['arch', 'beginning', 'champion', 'chief', 'first', 'head', 'inaugural', 'initial', 'main', 'opening', 'primary', 'prime', 'principal']"
prepared,"['able', 'adapted', 'arranged', 'groomed', 'inclined', 'planned', 'processed', 'qualified', 'willing']"
present,['current']
presidential,"['administrative', 'dominant', 'guiding', 'ruling']"
pressed,"['pressured', 'pushed', 'rushing', 'urged']"
previous,"['earlier', 'past', 'preceding']"
primary,"['constitutional', 'dominant', 'elementary', 'essential', 'fundamental', 'immediate', 'initial', 'leading', 'main', 'prime', 'principal', 'underlying', 'vital']"
prime,['heyday']
primitive,"['archaic', 'basic', 'primeval', 'primordial', 'pristine', 'undeveloped']"
principal,"['dominant', 'key', 'leading', 'main', 'major', 'outstanding', 'paramount', 'predominant', 'preeminent', 'primary', 'prime', 'prominent']"
private,"['confidential', 'exclusive', 'independent', 'individual', 'secret', 'separate', 'special']"
profitable,"['beneficial', 'commercial', 'cost-effective', 'effective', 'fruitful', 'good', 'lucrative', 'practical', 'productive', 'rewarding', 'successful', 'useful', 'valuable', 'worthwhile']"
profound,"['deep', 'intelligent', 'philosophical', 'serious', 'subtle', 'thorough', 'weighty']"
progressive,"['continuous', 'dynamic', 'enlightened', 'forward-looking', 'gradual', 'modern', 'radical', 'reformist', 'revolutionary', 'tolerant']"
prominent,['outstanding']
proper,"['appropriate', 'convenient', 'decent', 'fitting', 'good', 'legitimate', 'useful']"
proportional,"['comparable', 'corresponding']"
proposed,"['expected', 'planned', 'prospective', 'recommended', 'scheduled', 'suggested']"
prospective,"['eventual', 'expected', 'proposed', 'soon-to-be']"
protracted,"['continued', 'drawn-out', 'enduring', 'extensive', 'lengthy', 'lingering', 'sustained']"
proud,"['appreciative', 'glad', 'great', 'honored', 'illustrious', 'noble', 'satisfied']"
proven,"['confirm', 'convince', 'demonstrate', 'determine', 'explain', 'find', 'justify', 'result', 'show', 'substantiate', 'test', 'try', 'turn out', 'validate', 'verify']"
provincial,"['local', 'rural']"
psychological,"['cognitive', 'emotional', 'intellectual', 'mental', 'subjective']"
public,"['civic', 'civil', 'communal', 'governmental', 'mutual', 'national', 'popular', 'social', 'universal', 'urban']"
pungent,"['acid', 'acrid', 'aromatic', 'bitter', 'peppery', 'piquant', 'poignant', 'salty', 'sharp', 'sour', 'spicy', 'stinging', 'tangy', 'zesty']"
pure,"['authentic', 'bright', 'classic', 'natural', 'neat', 'perfect', 'plain', 'real', 'simple', 'transparent', 'true', 'unadulterated']"
puritanical,"['prudish', 'rigid']"
qualified,"['accomplished', 'adequate', 'capable', 'certified', 'competent', 'disciplined', 'efficient', 'equipped', 'experienced', 'knowledgeable', 'licensed', 'proficient', 'talented', 'trained']"
quick,"['abrupt', 'active', 'agile', 'brief', 'brisk', 'cursory', 'energetic', 'expeditious', 'hasty', 'hurried', 'immediate', 'instantaneous', 'keen', 'nimble', 'rapid', 'sudden', 'swift']"
quiet,"['muted', 'peaceful', 'reticent', 'silent', 'soft']"
racist,"['anti-Semitic', 'biased', 'intolerant', 'prejudiced', 'sectarian', 'xenophobic']"
racy,"['animated', 'entertaining', 'lively', 'poignant', 'saucy']"
radical,['profound']
random,"['accidental', 'aimless', 'arbitrary', 'incidental', 'indiscriminate', 'irregular', 'odd', 'unplanned']"
rapid,"['accelerated', 'breakneck', 'brisk', 'expeditious', 'fast', 'hasty', 'speedy', 'swift']"
rare,"['extraordinary', 'limited', 'occasional', 'scarce', 'singular', 'strange', 'subtle', 'uncommon', 'unique', 'unlikely', 'unthinkable', 'unusual']"
rational,"['analytical', 'balanced', 'deliberate', 'enlightened', 'impartial', 'intelligent', 'judicious', 'levelheaded', 'logical', 'lucid', 'normal', 'prudent', 'reasonable', 'sane', 'sensible', 'sober', 'stable', 'thoughtful', 'wise']"
raw,"['basic', 'coarse', 'crude', 'fresh', 'natural', 'organic', 'rough', 'uncooked', 'undercooked', 'unprocessed', 'untreated']"
reactive,"['active', 'aware', 'compassionate', 'conscious', 'receptive', 'sensible', 'sensitive', 'susceptible', 'sympathetic']"
realistic,"['businesslike', 'down-to-earth', 'practical', 'pragmatic', 'prudent', 'rational', 'real', 'reasonable', 'sane', 'sensible', 'sober']"
reasonable,"['acceptable', 'cheap', 'equitable', 'fair', 'feasible', 'honest', 'humane', 'impartial', 'judicious', 'justifiable', 'legitimate', 'modest', 'objective', 'plausible', 'proper', 'prudent', 'rational', 'restrained', 'sane', 'sensible', 'understandable', 'valid']"
receding,"['abate', 'decrease', 'diminish', 'dwindle', 'ebb', 'fade', 'fall back', 'lessen', 'reduce', 'retreat', 'shrink', 'sink', 'subside', 'taper', 'wane']"
recent,"['late', 'new']"
redolent,"['evocative', 'perfumed', 'pungent', 'reminiscent', 'scented']"
regional,"['local', 'provincial', 'territorial']"
regular,"['daily', 'everyday', 'formal', 'legitimate', 'ordinary', 'proper', 'routine', 'traditional', 'typical', 'usual']"
related,"['akin', 'analogous', 'associated', 'complementary', 'linked', 'pertinent', 'relevant', 'similar']"
relative,"['analogous', 'corresponding', 'proportionate', 'related']"
relevant,"['admissible', 'applicable', 'compatible', 'consistent', 'germane', 'important', 'pertinent', 'proper', 'related', 'significant', 'suitable', 'suited']"
reliable,"['decent', 'decisive', 'dependable', 'good', 'honest', 'positive', 'predictable', 'respectable', 'safe', 'sincere', 'solid', 'stable', 'steady', 'strong', 'true']"
religious,"['clerical', 'devout', 'doctrinal', 'holy', 'moral', 'pious', 'sacred', 'sectarian', 'spiritual', 'theological']"
reluctant,"['afraid', 'averse', 'cautious', 'circumspect', 'hesitant', 'loath', 'shy', 'slow', 'squeamish', 'uncertain', 'wary']"
remaining,"['halting', 'pausing', 'resting', 'stopping', 'waiting']"
remarkable,"['curious', 'exceptional', 'important', 'impressive', 'miraculous', 'momentous', 'notable', 'noteworthy', 'noticeable', 'odd', 'outstanding', 'phenomenal', 'rare', 'significant', 'singular', 'solid', 'strange', 'striking', 'surprising', 'uncommon', 'unique', 'wonderful']"
remote,"['distant', 'far-flung', 'far-off', 'faraway', 'inaccessible', 'isolated', 'lonely', 'lonesome', 'obscure', 'outlying', 'private', 'secluded', 'unknown']"
renewed,['revived']
representative,"['classic', 'classical', 'ideal', 'model', 'rep']"
repressed,"['crush', 'inhibit', 'muffle', 'quash', 'quell', 'restrain', 'squelch', 'stifle', 'subdue', 'subjugate', 'suppress']"
required,"['appropriate', 'compulsory', 'enforced', 'mandatory', 'needed', 'obligatory', 'prescribed', 'recommended', 'requisite', 'vital']"
requisite,['precondition']
residential,"['peopled', 'populous', 'uptown', 'urban']"
respective,['various']
responsible,"['answerable', 'culpable', 'guilty', 'important', 'liable', 'pledged', 'subject']"
retail,['peddle']
revealing,"['acknowledge', 'admit', 'affirm', 'announce', 'concede', 'confess', 'declare', 'divulge', 'explain', 'expose', 'inform', 'publish', 'report', 'tell']"
revised,"['adjusted', 'amended', 'improved', 'updated']"
revolutionary,"['radical', 'subversive']"
rhythmic,['rhythmical']
ridiculous,"['absurd', 'bizarre', 'fantastic', 'foolish', 'goofy', 'impossible', 'incredible', 'laughable', 'ludicrous', 'nonsensical', 'outrageous', 'preposterous', 'silly', 'unbelievable', 'wacky']"
roman,"['classic', 'humanistic']"
romantic,"['adventurous', 'amorous', 'charming', 'colorful', 'corny', 'dreamy', 'erotic', 'exciting', 'exotic', 'fanciful', 'fantastic', 'fascinating', 'glamorous', 'maudlin', 'mysterious', 'nostalgic', 'passionate', 'tender', 'utopian', 'whimsical']"
rotating,"['pivot', 'revolve', 'spin', 'swivel', 'twirl', 'twist', 'whirl']"
rough,"['bumpy', 'choppy', 'coarse', 'fuzzy', 'harsh', 'rocky', 'rugged']"
round,"['bulbous', 'curved', 'cylindrical', 'elliptical', 'oval', 'rounded', 'spherical']"
royal,"['aristocratic', 'dignified', 'illustrious', 'imperial', 'magnificent', 'noble', 'stately']"
ruling,"['cardinal', 'central', 'commanding', 'controlling', 'leading', 'overriding', 'overruling', 'reigning', 'sovereign', 'upper']"
runaway,"['delinquent', 'escaped', 'uncontrolled']"
rural,"['agrarian', 'agricultural', 'backwoods', 'bucolic', 'idyllic', 'pastoral', 'provincial', 'rustic']"
sabine,['evergreen']
saline,['briny']
sane,"['balanced', 'fair-minded', 'healthy', 'intelligent', 'levelheaded', 'logical', 'lucid', 'normal', 'prudent', 'rational', 'sensible', 'sober', 'wise']"
sardonic,"['acerbic', 'biting', 'caustic', 'derisive', 'mocking', 'mordant', 'satirical']"
satisfactory,"['adequate', 'decent', 'fair', 'good', 'gratifying', 'satisfying', 'solid', 'suitable', 'tolerable', 'valid']"
satisfied,"['contented', 'convinced', 'fulfilled', 'happy']"
sceptical,[]
scientific,"['experimental', 'mathematical', 'objective']"
searching,"['curious', 'seeking']"
secret,"['classified', 'covert', 'furtive', 'hush-hush', 'mysterious', 'obscure', 'private', 'secluded', 'undercover', 'underground', 'undisclosed', 'unknown', 'unpublished']"
sectarian,"['factional', 'parochial', 'partisan']"
secure,['protected']
senior,"['elder', 'leading']"
sensible,"['astute', 'down-to-earth', 'intelligent', 'judicious', 'logical', 'practical', 'prudent', 'rational', 'sane', 'shrewd', 'sober', 'wise']"
sensitive,"['conscious', 'delicate', 'emotional', 'hypersensitive', 'keen', 'nervous', 'perceptive', 'precise', 'receptive', 'responsive', 'susceptible', 'tense', 'touchy', 'tricky', 'unstable']"
separate,"['free', 'independent', 'isolated', 'sovereign']"
serious,"['deliberate', 'genuine', 'honest', 'severe', 'sincere', 'thoughtful']"
severe,"['harsh', 'relentless', 'serious', 'strict']"
sexual,"['carnal', 'erotic', 'intimate', 'passionate', 'reproductive', 'sensual']"
shallow,"['empty', 'flat', 'hollow', 'trivial']"
shared,"['common', 'communal', 'mutual']"
sheer,"['erect', 'precipitate']"
shocked,"['aghast', 'amazed', 'appalled', 'astonished', 'dismayed', 'offended', 'stunned']"
significant,"['compelling', 'important', 'momentous', 'powerful', 'serious', 'symbolic']"
similar,"['akin', 'analogous', 'comparable', 'complementary', 'identical', 'related']"
simple,"['clean', 'elementary', 'plain', 'quiet', 'smooth', 'straightforward', 'transparent', 'uncomplicated']"
simplified,"['abridged', 'clear', 'interpreted', 'reduced']"
single,"['individual', 'lone', 'original', 'particular', 'personal', 'private', 'separate', 'simple', 'sole', 'special', 'specific']"
sketchy,"['cursory', 'faulty', 'inadequate', 'insufficient', 'perfunctory', 'preliminary', 'skimpy', 'superficial', 'vague']"
skilled,"['able', 'adept', 'experienced', 'proficient']"
sliding,"['accelerate', 'drift', 'drive', 'drop', 'fall', 'flow', 'glide', 'move', 'sag', 'shift', 'shove', 'skate', 'skid', 'slip', 'slither', 'slump', 'tumble', 'veer']"
slight,"['meager', 'minor', 'modest', 'negligible', 'slender', 'slim', 'superficial', 'trivial']"
sloppy,"['awkward', 'careless', 'clumsy', 'dirty', 'mediocre', 'muddy', 'poor', 'wet']"
smooth,"['continuous', 'creamy', 'easy', 'effortless', 'flat', 'fluid', 'gentle', 'glossy', 'mild', 'peaceful', 'polished', 'quiet', 'serene', 'shiny', 'silky', 'sleek', 'soft', 'stable', 'steady', 'tranquil', 'uneventful', 'velvety']"
social,"['civil', 'communal']"
socialist,"['leftist', 'liberal', 'progressive', 'revolutionary']"
sole,"['exclusive', 'lone', 'one and only', 'remaining']"
solid,"['stable', 'strong', 'sturdy', 'substantial', 'tight']"
sophisticated,"['mature', 'practical', 'refined', 'worldly']"
sore,"['aching', 'bruised', 'hurting', 'inflamed', 'painful', 'sharp', 'tender', 'uncomfortable']"
southern,"['austral', 'from the south', 'meridional', 'of the south', 'southerly', 'toward the south']"
soviet,"['assembly', 'chamber of deputies', 'congress', 'diet', 'general assembly', 'house of assembly', 'legislative assembly', 'parliament']"
spare,"['unoccupied', 'unused']"
specific,"['clear-cut', 'definite', 'definitive', 'different', 'distinct', 'exact', 'explicit', 'individual', 'limited', 'peculiar', 'precise', 'special', 'specialized', 'unambiguous', 'unequivocal', 'unique']"
spectacular,"['amazing', 'astonishing', 'astounding', 'breathtaking', 'daring', 'dazzling', 'dramatic', 'eye-catching', 'fabulous', 'fantastic', 'grand', 'magnificent', 'marvelous', 'miraculous', 'remarkable', 'sensational', 'splendid', 'striking', 'stunning', 'thrilling', 'wondrous']"
spectral,"['eerie', 'shadowy']"
speculative,"['analytical', 'dangerous', 'experimental', 'hypothetical', 'risky', 'unproved', 'unproven', 'unsubstantiated']"
spherical,['rounded']
spiritual,"['divine', 'metaphysical', 'sacred']"
splendid,"['baroque', 'beautiful', 'bright', 'brilliant', 'dazzling', 'elegant', 'glittering', 'gorgeous', 'grand', 'imposing', 'impressive', 'lavish', 'lustrous', 'magnificent', 'marvelous', 'ornate', 'rich', 'splashy', 'sumptuous', 'superb']"
spontaneous,"['casual', 'impromptu', 'instinctive', 'offhand', 'simple', 'unplanned', 'voluntary']"
spurious,"['bogus', 'false', 'phony', 'specious']"
stable,"['balanced', 'calm', 'durable', 'fast', 'lasting', 'permanent', 'reliable', 'safe', 'secure', 'solid', 'steady', 'strong', 'substantial']"
staggering,"['amazing', 'astonishing', 'astounding', 'mind-boggling', 'shocking', 'stunning']"
stainless,"['chaste', 'exemplary', 'immaculate', 'pure', 'spotless', 'unsoiled', 'unsullied', 'untainted']"
stalinist,"['Bolshevik', 'Bolshevist', 'Commie', 'Maoist', 'Marxist', 'Socialist', 'Trotskyite', 'apparatchik', 'comrade', 'pinko', 'red', 'sympathizer']"
standard,"['accepted', 'basic', 'classic', 'common', 'definitive', 'normal', 'typical', 'usual']"
statistical,"['analytical', 'demographic', 'numerical']"
statutory,"['lawful', 'legal']"
steadfast,"['abiding', 'adamant', 'ardent', 'dedicated', 'faithful', 'inflexible', 'intense', 'relentless', 'resolute', 'rigid', 'single-minded', 'staunch', 'stubborn', 'true', 'unflinching', 'unqualified', 'unswerving', 'unwavering', 'unyielding']"
steady,"['constant', 'durable', 'regular', 'reliable', 'safe', 'solid', 'substantial']"
steep,"['abrupt', 'arduous', 'hilly', 'lofty', 'precipitous', 'sharp']"
stiff,"['arthritic', 'creaky', 'rigid', 'solid', 'stark', 'tense', 'thick', 'tight', 'wooden']"
still,"['closed', 'fixed', 'halcyon', 'hushed', 'pacific', 'sealed', 'smooth', 'stable', 'static', 'stock-still', 'whist']"
straightforward,"['candid', 'forthright', 'genuine', 'sincere', 'truthful', 'unequivocal']"
stranded,"['aground', 'ashore', 'grounded', 'helpless', 'wrecked']"
strange,"['astonishing', 'bizarre', 'curious', 'different', 'extraordinary', 'fantastic', 'funny', 'new', 'odd', 'offbeat', 'outlandish', 'peculiar', 'rare', 'remarkable', 'unusual', 'weird', 'wonderful']"
strategic,"['critical', 'important', 'key', 'vital']"
stressful,"['annoying', 'trying']"
strict,"['draconian', 'exacting', 'harsh', 'rigid', 'rigorous', 'scrupulous', 'severe', 'stern', 'stringent', 'tough']"
striking,"['arresting', 'astonishing', 'bizarre', 'compelling', 'conspicuous', 'dazzling', 'eye-catching', 'fascinating', 'handsome', 'impressive', 'marked', 'memorable', 'noteworthy', 'noticeable', 'outstanding', 'powerful', 'remarkable', 'salient', 'singular', 'startling', 'stunning', 'surprising', 'telling', 'unusual', 'wonderful', 'wondrous']"
structural,"['anatomical', 'architectural', 'basic', 'constitutional', 'skeletal']"
stupid,"['dull', 'dumb', 'foolish', 'futile', 'ill-advised', 'irrelevant', 'laughable', 'ludicrous', 'naive', 'senseless', 'shortsighted', 'simple', 'trivial']"
subdued,"['hushed', 'low-key', 'mellow', 'muted', 'restrained', 'sober', 'solemn', 'unobtrusive']"
submerged,"['deluge', 'douse', 'drench', 'drown', 'engulf', 'flood', 'immerse', 'inundate', 'overflow', 'overwhelm', 'sink', 'subside', 'swamp']"
subsequent,"['consecutive', 'consequent', 'ensuing', 'following', 'successive']"
substantial,"['big', 'consequential', 'considerable', 'extraordinary', 'generous', 'hefty', 'large', 'massive', 'meaningful', 'serious', 'significant', 'sizable', 'solid', 'steady', 'strong', 'valuable', 'vast']"
subtle,"['exquisite', 'faint', 'indirect', 'ingenious', 'profound', 'slight', 'sophisticated', 'understated']"
successful,"['fortunate', 'fruitful', 'happy', 'lucky', 'lucrative', 'outstanding', 'prosperous', 'rewarding', 'strong', 'wealthy']"
successive,"['consecutive', 'ensuing', 'subsequent', 'succeeding']"
sudden,"['abrupt', 'hasty', 'immediate', 'precipitous', 'quick', 'rapid', 'swift', 'unforeseen', 'unusual']"
sufficient,"['acceptable', 'ample', 'plentiful', 'satisfactory', 'tolerable']"
suitable,"['advisable', 'applicable', 'apt', 'convenient', 'correct', 'fitting', 'good', 'good enough', 'handy', 'proper', 'reasonable', 'relevant', 'satisfactory', 'sufficient', 'suited', 'useful']"
superb,"['admirable', 'best', 'breathtaking', 'elegant', 'exquisite', 'fine', 'glorious', 'gorgeous', 'great', 'magnificent', 'marvelous', 'outstanding', 'solid', 'splendid', 'stunning', 'sublime', 'superior', 'superlative']"
superior,"['admirable', 'exceptional', 'first-rate', 'good', 'high-caliber', 'preferable', 'remarkable', 'superhuman']"
supposed,"['alleged', 'apparent', 'presumed', 'purported']"
supreme,"['absolute', 'best', 'cardinal', 'chief', 'closing', 'crowning', 'culminating', 'excellent', 'extreme', 'final', 'first', 'foremost', 'head', 'highest', 'incomparable', 'last', 'leading', 'marvelous', 'matchless', 'maximum', 'paramount', 'peerless', 'perfect', 'predominant', 'preeminent', 'prevailing', 'prime', 'sovereign', 'superb', 'superlative', 'surpassing', 'terminal', 'top', 'top-drawer', 'towering', 'transcendent', 'ultimate', 'unequaled', 'unmatched', 'unparalleled', 'unsurpassable', 'unsurpassed', 'utmost']"
surprising,"['amazing', 'astonishing', 'extraordinary', 'remarkable', 'shocking', 'startling', 'stunning', 'sudden', 'unanticipated', 'unforeseen', 'unpredictable', 'wonderful']"
surreal,['hypnagogic']
surrounding,['neighboring']
swedish,[]
sympathetic,"['affectionate', 'caring', 'compassionate', 'interested', 'loving', 'responsive', 'sensitive', 'supportive', 'thoughtful', 'warm']"
syntactic,"['linguistic', 'semantic']"
syrian,[]
systematic,"['efficient', 'methodical', 'organized', 'precise', 'standardized']"
tabular,"['empty', 'horizontal', 'low', 'unbroken']"
tactical,['diplomatic']
tactless,['untactful']
tamil,[]
taxable,['payable']
technical,"['high-tech', 'industrial', 'mechanical', 'professional', 'scholarly', 'scientific', 'special', 'specialized', 'technological', 'vocational']"
technological,"['high-tech', 'industrial', 'mechanical', 'professional', 'scholarly', 'scientific', 'special', 'specialized', 'vocational']"
temporary,"['brief', 'interim', 'limited', 'makeshift', 'momentary', 'provisional', 'short-lived', 'transitory']"
terrible,"['abhorrent', 'appalling', 'atrocious', 'awesome', 'awful', 'dangerous', 'dire', 'disastrous', 'disturbing', 'dreadful', 'extreme', 'frightful', 'ghastly', 'gruesome', 'harrowing', 'hideous', 'horrendous', 'horrid', 'horrifying', 'serious', 'severe', 'shocking', 'unfortunate', 'unpleasant']"
textual,[]
thematic,"['confined', 'insular', 'limited', 'parochial', 'particular', 'regional', 'restricted', 'sectional']"
theoretical,"['abstract', 'academic', 'analytical', 'imaginative', 'intellectual', 'logical', 'metaphysical', 'philosophical', 'speculative', 'vague']"
thick,"['broad', 'chunky', 'fat', 'hard', 'heavy', 'massive', 'wide']"
thriving,"['booming', 'burgeoning', 'developing', 'flourishing', 'growing', 'healthy', 'prosperous', 'robust', 'wealthy']"
thrusting,"['dig', 'elbow', 'heave', 'interject', 'jab', 'lob', 'lunge', 'nudge', 'plunge', 'poke', 'propel', 'punch', 'shove', 'sink', 'sling', 'smack', 'stab', 'stick']"
tight,"['compact', 'cramped', 'fast', 'inflexible', 'narrow', 'quick', 'rigid', 'solid', 'stable', 'steady', 'stiff', 'strained', 'strong', 'sturdy', 'taut', 'tense', 'thick', 'tightened']"
tory,"['counterrevolutionary', 'regressive', 'rightist', 'rigid']"
tough,"['hard', 'healthy', 'resilient', 'solid', 'stiff', 'tenacious', 'tight', 'vigorous']"
traditional,"['classic', 'classical', 'common', 'conventional', 'historic', 'long-established', 'old', 'popular', 'regular', 'time-honored', 'universal']"
traumatic,"['awful', 'chilling', 'disquieting', 'dreadful', 'eerie', 'ghastly', 'grim', 'grisly', 'hair-raising', 'hellish', 'horrible', 'horrid', 'horrifying', 'macabre', 'scary', 'spooky', 'terrible', 'terrifying']"
tremendous,"['amazing', 'astounding', 'awesome', 'colossal', 'dreadful', 'enormous', 'excellent', 'exceptional', 'extraordinary', 'fabulous', 'fantastic', 'formidable', 'great', 'immense', 'incredible', 'marvelous', 'massive', 'monumental', 'prodigious', 'terrible', 'terrific', 'vast', 'wonderful']"
trim,"['compact', 'dapper', 'snug', 'streamlined', 'tidy', 'well-groomed']"
tropical,"['equatorial', 'hot', 'lush', 'steamy', 'sultry', 'sweltering']"
turbulent,"['bitter', 'bumpy', 'choppy', 'fierce', 'rough', 'stormy', 'swirling', 'tempestuous', 'unstable', 'violent']"
typical,"['classic', 'common', 'commonplace', 'emblematic', 'exemplary', 'natural', 'normal', 'ordinary', 'quintessential', 'regular', 'symbolic']"
ubiquitous,"['everywhere', 'omnipresent', 'pervasive', 'universal']"
ultimate,['eventual']
unable,"['helpless', 'impotent', 'inadequate', 'incapable', 'not able', 'powerless', 'sidelined', 'unfit', 'weak']"
unattractive,"['disgusting', 'repugnant', 'repulsive', 'unappealing']"
uncertain,"['ambiguous', 'ambivalent', 'dubious', 'erratic', 'hazy', 'hesitant', 'insecure', 'precarious', 'questionable', 'risky', 'unclear', 'undecided', 'undetermined', 'unpredictable', 'unreliable', 'unresolved', 'unsettled', 'unsure', 'vague']"
underlying,"['basic', 'elemental', 'hidden']"
undisturbed,"['peaceful', 'uninterrupted', 'unruffled']"
unemployed,"['idle', 'inactive', 'jobless', 'underemployed']"
unequivocal,"['absolute', 'apparent', 'categorical', 'clear-cut', 'decisive', 'explicit', 'indisputable', 'obvious', 'straightforward', 'unambiguous', 'undeniable', 'unmistakable']"
unexpected,"['abrupt', 'accidental', 'amazing', 'astonishing', 'fortuitous', 'startling', 'stunning', 'sudden', 'swift', 'unanticipated', 'unforeseen', 'unpredictable', 'wonderful']"
unfair,"['arbitrary', 'biased', 'cruel', 'discriminatory', 'dishonest', 'illegal', 'immoral', 'improper', 'inequitable', 'inexcusable', 'one-sided', 'partisan', 'shameful', 'unethical', 'unjust', 'unjustifiable', 'unlawful', 'unreasonable', 'unwarranted', 'wrong']"
unfamiliar,"['bizarre', 'curious', 'exotic', 'foreign', 'new', 'obscure', 'peculiar', 'unaccustomed', 'unexpected', 'unexplored', 'unknown', 'unusual']"
unfit,"['ill-equipped', 'inadequate', 'inappropriate', 'unhealthy', 'unlikely', 'unsuitable', 'unsuited', 'useless']"
unfortunate,"['adverse', 'damaging', 'deplorable', 'disastrous', 'inappropriate', 'lamentable', 'regrettable', 'untoward']"
unholy,['unhallowed']
unifying,"['bring together', 'consolidate', 'merge']"
unique,"['different', 'exclusive', 'particular', 'rare', 'uncommon']"
united,"['concerted', 'consolidated', 'cooperative', 'homogeneous', 'integrated', 'linked', 'unanimous', 'undivided', 'unified']"
universal,"['broad', 'common', 'comprehensive', 'extensive', 'global', 'prevalent', 'ubiquitous', 'unlimited']"
unknown,"['anonymous', 'exotic', 'foreign', 'nameless', 'new', 'remote', 'strange', 'uncharted', 'undiscovered', 'unexplained', 'unexplored', 'unfamiliar', 'unidentified', 'unnamed', 'unrecognized']"
unlikely,"['absurd', 'implausible', 'improbable', 'inconceivable', 'incredible', 'rare', 'remote', 'strange', 'unbelievable']"
unnecessary,"['avoidable', 'futile', 'gratuitous', 'irrelevant', 'needless', 'redundant', 'superfluous', 'unneeded', 'useless', 'worthless']"
unshaven,"['bumpy', 'choppy', 'coarse', 'fuzzy', 'harsh', 'rocky', 'rugged']"
untouched,"['flawless', 'intact', 'spotless', 'unaffected', 'unbroken', 'unconcerned', 'undamaged', 'unharmed', 'unimpressed', 'unmoved', 'unscathed']"
unusual,"['amazing', 'astonishing', 'awesome', 'bizarre', 'curious', 'exceptional', 'extraordinary', 'incredible', 'memorable', 'noteworthy', 'odd', 'phenomenal', 'rare', 'remarkable', 'significant', 'singular', 'special', 'strange', 'surprising', 'uncommon', 'unconventional', 'unexpected', 'unique', 'weird']"
upper,['uppermost']
urban,"['civic', 'civil', 'downtown', 'metropolitan']"
urgent,"['compelling', 'critical', 'crucial', 'demanding', 'essential', 'immediate', 'imperative', 'important', 'indispensable', 'necessary', 'persuasive', 'pressing', 'serious', 'vital', 'weighty']"
used,"['recycled', 'worn']"
vague,"['ambiguous', 'dubious', 'equivocal', 'faint', 'fuzzy', 'hazy', 'imprecise', 'lax', 'nebulous', 'obscure', 'uncertain', 'unclear', 'unsure']"
valid,"['accurate', 'authentic', 'binding', 'compelling', 'conclusive', 'credible', 'good', 'lawful', 'legal', 'legitimate', 'logical', 'original', 'persuasive', 'solid', 'true', 'well-founded']"
valuable,"['beneficial', 'costly', 'expensive', 'helpful', 'important', 'invaluable', 'prized', 'profitable', 'relevant', 'scarce', 'treasured', 'useful', 'valued', 'worthwhile']"
various,"['assorted', 'different', 'discrete', 'disparate', 'distinct', 'diverse', 'diversified', 'individual', 'numerous', 'separate', 'sundry', 'varied']"
vast,"['ample', 'big', 'boundless', 'broad', 'colossal', 'endless', 'enormous', 'extensive', 'far-flung', 'far-reaching', 'gigantic', 'great', 'huge', 'immense', 'infinite', 'limitless', 'mammoth', 'massive', 'monumental', 'spacious', 'tremendous', 'unlimited']"
verbal,"['rhetorical', 'unwritten']"
vertical,['steep']
victorian,"['conservative', 'square', 'stiff']"
violent,"['brutal', 'crazy', 'cruel', 'fierce', 'homicidal', 'hysterical', 'murderous', 'passionate', 'potent', 'powerful', 'savage', 'uncontrollable', 'vicious']"
visible,"['clear', 'conspicuous', 'detectable', 'discernible', 'distinguishable', 'evident', 'noticeable', 'obvious', 'palpable', 'striking', 'unmistakable']"
visual,"['ocular', 'optic', 'optical']"
vital,"['basic', 'critical', 'crucial', 'decisive', 'fundamental', 'imperative', 'important', 'indispensable', 'integral', 'key', 'meaningful', 'necessary', 'needed', 'significant', 'urgent']"
voluntary,['spontaneous']
vulnerable,"['accessible', 'defenseless', 'exposed', 'liable', 'ready', 'sensitive', 'susceptible', 'unsafe', 'weak']"
weak,"['anemic', 'feeble', 'fragile', 'frail', 'hesitant', 'powerless', 'shaky', 'sickly', 'sluggish', 'uncertain', 'unsteady', 'weakened', 'wobbly']"
wealthy,"['affluent', 'independent', 'moneyed', 'prosperous', 'upscale', 'well-heeled', 'well-off', 'well-to-do']"
welsh,"['bamboozle', 'bilk', 'cheat', 'con', 'deceive', 'defraud', 'dodge', 'duck', 'dupe', 'fleece', 'flimflam', 'fool', 'gull', 'hoodwink', 'sandbag', 'scam', 'shaft', 'stiff', 'sting', 'trick', 'weasel']"
western,"['westerly', 'westward']"
whole,"['full', 'perfect']"
widespread,"['across the board', 'all over the place', 'boundless', 'broad', 'common', 'comprehensive', 'current', 'diffuse', 'epidemic', 'far-flung', 'far-reaching', 'general', 'on a large scale', 'outspread', 'overall', 'pandemic', 'pervasive', 'popular', 'prevailing', 'prevalent', 'public', 'rampant', 'regnant', 'rife', 'ruling', 'sweeping', 'universal', 'unlimited', 'unrestricted', 'wall-to-wall', 'wholesale']"
wild,"['barbarian', 'desert', 'free', 'lush', 'native', 'natural', 'overrun', 'primitive', 'savage', 'waste']"
willing,"['active', 'amenable', 'eager', 'enthusiastic', 'happy', 'inclined', 'pleased', 'prepared', 'prone', 'responsible']"
winning,"['leading', 'successful', 'victorious']"
wise,"['astute', 'aware', 'careful', 'educated', 'enlightened', 'experienced', 'informed', 'judicious', 'knowledgeable', 'perceptive', 'prudent', 'rational', 'sane', 'sensible', 'shrewd', 'smart', 'thoughtful', 'wary', 'well-informed']"
wishful,"['acquisitive', 'ambitious', 'aspiring', 'craving', 'daydreaming', 'desiring', 'greedy', 'hankering', 'hopeful', 'itchy', 'keen', 'longful', 'longing', 'lustful', 'wishing', 'yearning']"
wonderful,"['admirable', 'amazing', 'astonishing', 'awesome', 'brilliant', 'cool', 'enjoyable', 'excellent', 'fabulous', 'fantastic', 'fine', 'incredible', 'magnificent', 'marvelous', 'outstanding', 'phenomenal', 'pleasant', 'pleasing', 'remarkable', 'sensational', 'strange', 'superb', 'surprising', 'terrific', 'tremendous', 'wondrous']"
wooden,"['board', 'clapboard', 'frame', 'ligneous', 'log', 'peg', 'plant', 'slab', 'timber', 'timbered', 'woody']"
worsening,"['aggravate', 'damage', 'decline', 'depress', 'deteriorate', 'exacerbate', 'get worse', 'impair', 'lower']"
worthless,"['barren', 'bogus', 'futile', 'inconsequential', 'ineffective', 'insignificant', 'meaningless', 'mediocre', 'pointless', 'unimportant', 'unproductive', 'unprofitable', 'unusable', 'useless']"
worthwhile,"['advantageous', 'beneficial', 'constructive', 'excellent', 'good', 'important', 'invaluable', 'justifiable', 'lucrative', 'productive', 'profitable', 'rewarding', 'useful', 'valuable', 'worthy']"
written,"['drafted', 'penned', 'recorded', 'reported']"
yielding,"['humble', 'passive', 'resigned']"
absolutely,"['actually', 'categorically', 'definitely', 'doubtless', 'exactly', 'positively', 'precisely', 'really', 'surely', 'truly', 'unconditionally', 'unquestionably']"
accidentally,"['unintentionally', 'unwittingly']"
accordingly,"['appropriately', 'correspondingly', 'properly', 'proportionately', 'respectively', 'subsequently', 'therefore', 'thus']"
actively,"['earnestly', 'passionately', 'sincerely', 'vigorously']"
actually,"['absolutely', 'indeed', 'literally', 'really', 'very']"
afterwards,"['eventually', 'later', 'subsequently']"
aggressively,[]
ahead,"['advanced', 'along', 'before', 'earlier', 'forward']"
alderly,[]
allegorically,[]
almost,"['about', 'approximately', 'around', 'essentially', 'most', 'much', 'practically', 'relatively', 'roughly', 'virtually']"
along,"['forward', 'onward']"
already,"['before', 'earlier', 'once', 'previously', 'then']"
alright,[]
alternatively,"['sooner', 'willingly']"
altogether,"['en masse', 'generally']"
anyfamily,[]
anyway,"['anyhow', 'ever', 'once']"
anywhere,['anyplace']
apart,['aside']
apparently,"['allegedly', 'ostensibly', 'possibly', 'probably', 'supposedly']"
approximately,"['almost', 'generally', 'relatively', 'roughly']"
around,"['about', 'everywhere', 'over']"
as,"['at the time that', 'during the time that', 'in the act of', 'in the process of', 'just as', 'on the point of']"
aside,"['alone', 'away', 'down', 'out', 'separately']"
aually,[]
automatically,"['naturally', 'no doubt', 'undoubtedly', 'unquestionably']"
away,"['abroad', 'absent', 'aside', 'distant', 'elsewhere', 'off', 'over']"
backwards,['backward']
badly,"['awkwardly', 'clumsily', 'poorly']"
barely,"['almost', 'hardly', 'scarcely']"
basically,"['essentially', 'mostly']"
below,['down']
besides,"['also', 'likewise', 'too']"
bloody,"['blood-soaked', 'bloodstained', 'gory', 'grisly']"
both,"['one and the other', 'the couple', 'the pair', 'the two', 'twain']"
bravely,"['boldly', 'fearlessly', 'gallantly', 'gamely', 'heroically', 'valiantly']"
briefly,['shortly']
briskly,"['nimbly', 'rapidly', 'vigorously']"
broadly,"['chiefly', 'generally', 'mostly', 'predominantly', 'principally', 'widely']"
brutally,"['ferociously', 'fiercely', 'mercilessly', 'relentlessly', 'ruthlessly', 'savagely', 'viciously']"
busily,"['ardently', 'assiduously', 'carefully', 'diligently', 'eagerly', 'earnestly', 'energetically', 'enthusiastically', 'hastily', 'hurriedly', 'laboriously', 'nimbly', 'painstakingly', 'purposefully', 'restlessly', 'vigorously']"
by,"['aside', 'away', 'through']"
certainly,"['absolutely', 'assuredly', 'exactly', 'surely']"
cheaply,"['inexpensively', 'poorly', 'reasonably']"
churchward,[]
cicily,[]
clandestinely,"['confidentially', 'covertly', 'stealthily', 'surreptitiously']"
clearly,"['apparently', 'certainly', 'definitely', 'distinctly', 'evidently', 'obviously', 'openly', 'plainly', 'positively', 'precisely', 'seemingly', 'surely', 'undoubtedly']"
close,"['adjacent', 'convenient', 'warm']"
closely,"['firmly', 'hard', 'intently', 'intimately', 'jointly', 'meticulously', 'scrupulously', 'sharply', 'strictly', 'thoughtfully']"
closer,"['adjacent', 'convenient', 'warm']"
commonly,"['frequently', 'generally', 'more often than not', 'ordinarily', 'regularly']"
comparatively,"['analogously', 'approximately', 'similarly']"
completely,"['absolutely', 'altogether', 'comprehensively', 'effectively', 'finally', 'fully', 'perfectly', 'quite', 'thoroughly', 'totally', 'ultimately', 'unconditionally', 'utterly', 'wholly']"
consequently,['therefore']
considerably,"['appreciably', 'far', 'greatly', 'markedly', 'noticeably', 'rather', 'remarkably', 'somewhat', 'substantially']"
consistently,"['always', 'constantly', 'frequently', 'normally', 'persistently', 'regularly', 'routinely', 'steadily', 'typically']"
constantly,"['continually', 'invariably', 'regularly', 'steadily']"
correctly,"['accurately', 'justly', 'nicely', 'perfectly', 'precisely', 'properly', 'rightly']"
curiously,"['awfully', 'extraordinarily', 'really', 'remarkably', 'so', 'strangely', 'surprisingly', 'terribly', 'terrifically', 'uncommonly', 'very']"
currently,"['directly', 'presently']"
curtly,"['bluntly', 'crudely', 'harshly']"
dangerously,"['alarmingly', 'critically', 'desperately', 'perilously', 'precariously', 'recklessly', 'seriously', 'severely']"
deep,"['broad', 'buried', 'deep-seated', 'far', 'profound', 'rooted', 'wide']"
deeply,"['acutely', 'genuinely', 'intensely', 'passionately', 'profoundly', 'sadly', 'seriously', 'severely', 'surely', 'thoroughly']"
definitely,"['absolutely', 'clearly', 'decidedly', 'doubtless', 'easily', 'finally', 'obviously', 'plainly', 'surely', 'undeniably', 'unequivocally', 'unquestionably']"
deliberately,"['consciously', 'knowingly', 'pointedly', 'purposely', 'studiously', 'voluntarily', 'willfully']"
desperately,"['badly', 'dangerously', 'fiercely', 'greatly', 'perilously', 'seriously']"
differently,"['individually', 'negatively', 'separately', 'variously']"
directly,"['precisely', 'straight']"
downstairs,"['basement', 'canvas', 'carpet', 'deck', 'flooring', 'ground', 'mat', 'rug', 'stage']"
dramatically,"['adequately', 'completely', 'definitely', 'energetically', 'finally', 'forcefully', 'productively']"
earlier,"['previous', 'prior']"
earliest,"['archetypal', 'original', 'primal', 'primeval', 'primitive']"
earnestly,"['seriously', 'sincerely', 'soberly', 'thoughtfully']"
easily,"['calmly', 'comfortably', 'conveniently', 'efficiently', 'effortlessly', 'freely', 'handily', 'quickly', 'readily', 'regularly', 'simply', 'smoothly', 'surely', 'well']"
effectively,"['adequately', 'completely', 'definitely', 'dramatically', 'energetically', 'finally', 'forcefully', 'productively']"
eg,[]
either,"['each of two', 'either/or', 'one', 'one of two', 'this one']"
else,"['additional', 'extra', 'in addition', 'more', 'other']"
elsewhere,"['abroad', 'away', 'outside', 'somewhere']"
enough,"['abundant', 'adequate', 'ample', 'full', 'sufficient', 'suitable']"
entirely,"['absolutely', 'alone', 'altogether', 'exclusively', 'fully', 'only', 'perfectly', 'quite', 'solely', 'thoroughly', 'totally', 'utterly', 'wholly']"
equally,"['equitably', 'fairly', 'justly', 'uniformly']"
especially,"['chiefly', 'exclusively', 'notably', 'principally', 'specially', 'specifically']"
essentially,"['actually', 'approximately', 'necessarily', 'originally', 'permanently', 'quite', 'really', 'substantially', 'truly', 'typically', 'virtually']"
etc,[]
even,['alike']
eventually,"['finally', 'one day', 'someday', 'sooner or later', 'ultimately', 'yet']"
ever,"['consistently', 'constantly', 'continually', 'forever', 'regularly', 'usually']"
evidently,"['doubtless', 'manifestly', 'obviously', 'officially', 'ostensibly', 'plainly', 'seemingly', 'undoubtedly']"
exactly,"['absolutely', 'altogether', 'carefully', 'completely', 'correctly', 'definitely', 'explicitly', 'indeed', 'literally', 'precisely', 'quite', 'specifically', 'strictly', 'totally', 'truly']"
exceedingly,"['awfully', 'enormously', 'excessively', 'extraordinarily', 'extremely', 'highly', 'hugely', 'inordinately', 'really', 'remarkably', 'strikingly', 'terribly', 'unusually', 'vastly']"
exclusively,"['alone', 'completely', 'entirely', 'only', 'solely', 'wholly']"
extra,"['added', 'additional', 'ancillary', 'auxiliary', 'extraneous', 'extraordinary', 'fresh', 'further', 'leftover', 'new', 'other', 'special', 'supplemental', 'supplementary', 'unnecessary', 'unused']"
extremely,"['acutely', 'awfully', 'exceedingly', 'exceptionally', 'excessively', 'extraordinarily', 'highly', 'hugely', 'immensely', 'inordinately', 'intensely', 'overly', 'quite', 'remarkably', 'severely', 'strikingly', 'terribly', 'terrifically', 'too', 'totally', 'uncommonly', 'unduly', 'unusually', 'utterly', 'very']"
fairly,"['adequately', 'kind of', 'moderately', 'quite', 'rather', 'reasonably']"
famously,"['accurately', 'adequately', 'carefully', 'closely', 'completely', 'correctly', 'effectively', 'efficiently', 'fully', 'nicely', 'properly', 'smoothly', 'strongly', 'successfully', 'thoroughly']"
fast,"['agile', 'brisk', 'hot', 'nimble', 'quick', 'rapid', 'swift']"
feebly,"['awkwardly', 'clumsily', 'poorly']"
finally,"['certainly', 'completely', 'decisively', 'definitely', 'permanently']"
financially,[]
finely,"['barely', 'hardly', 'infrequently', 'seldom']"
firmly,"['rigidly', 'securely', 'solidly', 'soundly', 'strongly', 'thoroughly', 'tightly']"
fittingly,"['accurately', 'correctly', 'decently', 'duly', 'equally', 'equitably', 'honestly', 'honorably', 'impartially', 'lawfully', 'legally', 'legitimately', 'properly', 'reasonably', 'rightfully', 'rightly']"
flat,"['empty', 'horizontal', 'low', 'unbroken']"
forever,"['always', 'endlessly', 'eternally', 'permanently']"
formally,"['correctly', 'properly', 'regularly']"
formerly,"['already', 'earlier', 'heretofore', 'once']"
forthwith,"['abruptly', 'right away']"
fortunately,"['auspiciously', 'by good luck', 'by happy chance', 'favorably', 'happily', 'in good time', 'in the nick of time', 'opportunely', 'prosperously', 'providentially', 'satisfyingly', 'seasonably', 'successfully', 'swimmingly', 'well']"
forwards,"['ahead', 'leading', 'onward']"
freely,"['candidly', 'openly', 'voluntarily', 'willingly']"
frequently,"['again and again', 'generally', 'intermittently', 'many times', 'often', 'periodically', 'regularly', 'time and again', 'usually']"
fully,"['absolutely', 'entirely', 'perfectly', 'positively', 'quite', 'thoroughly', 'totally', 'wholly']"
further,"['farther', 'more']"
furthermore,['moreover']
gently,"['lightly', 'mildly', 'smoothly']"
gradually,"['constantly', 'continuously', 'deliberately', 'gently', 'increasingly', 'moderately', 'progressively', 'regularly', 'steadily']"
greatly,"['enormously', 'extremely', 'highly', 'hugely', 'immeasurably', 'immensely', 'incredibly', 'indeed', 'largely', 'markedly', 'mightily', 'notably', 'remarkably', 'tremendously', 'vastly', 'very much']"
grudgingly,"['carefully', 'cautiously', 'hesitantly', 'unwillingly', 'warily']"
half,['partly']
happily,"['blissfully', 'blithely', 'cheerfully', 'contentedly', 'enthusiastically', 'freely', 'gladly', 'gleefully', 'graciously', 'heartily', 'joyfully', 'joyously', 'lovingly', 'merrily', 'peacefully', 'playfully', 'willingly']"
hardly,"['barely', 'comparatively', 'practically', 'rarely', 'seldom', 'simply', 'somewhat']"
heavily,"['densely', 'massively', 'thickly']"
hence,"['so', 'thence', 'thus']"
hereto,[]
highly,"['decidedly', 'deeply', 'eminently', 'exceedingly', 'exceptionally', 'extraordinarily', 'extremely', 'greatly', 'hugely', 'immensely', 'profoundly', 'really', 'remarkably', 'so', 'strikingly', 'supremely', 'terribly', 'tremendously', 'vastly', 'very much']"
hitherto,"['already', 'formerly', 'heretofore', 'long ago', 'once', 'then']"
hopefully,"['confidently', 'surely']"
hourly,"['annual', 'intermittent', 'monthly', 'occasional', 'recurrent', 'recurring', 'regular', 'repeated', 'routine', 'seasonal', 'sporadic', 'weekly', 'yearly']"
however,"['nonetheless', 'notwithstanding', 'withal', 'yet']"
ie,"['especially', 'i.e.', 'particularly', 'specially', 'specifically']"
immediately,"['directly', 'forthwith', 'instantly', 'promptly', 'rapidly', 'shortly', 'soon', 'urgently']"
increasingly,"['more', 'more and more', 'progressively']"
indeed,"['absolutely', 'certainly', 'easily', 'naturally', 'really', 'surely', 'truly', 'undeniably', 'undoubtedly', 'very', 'very much']"
inevitably,"['necessarily', 'surely']"
initially,['originally']
inside,['indoors']
instantly,"['directly', 'immediately', 'instantaneously', 'right away']"
instead,['rather']
invariably,"['always', 'constantly', 'customarily', 'habitually', 'regularly', 'unfailingly']"
ironically,"['amusingly', 'jokingly']"
just,['equitable']
justifiably,"['accurately', 'appropriately', 'correctly', 'exactly', 'fairly', 'justly', 'properly', 'truly']"
justly,"['accurately', 'correctly', 'decently', 'duly', 'equally', 'equitably', 'honestly', 'honorably', 'impartially', 'lawfully', 'legally', 'legitimately', 'properly', 'reasonably', 'rightfully', 'rightly']"
largely,"['broadly', 'chiefly', 'generally', 'mostly', 'predominantly', 'principally', 'widely']"
late,"['last-minute', 'slow']"
later,['next']
least,"['bottom', 'first', 'gutter', 'infinitesimal', 'last', 'minimum', 'minute', 'nadir', 'second', 'third']"
less,['fewer']
lightly,"['casually', 'delicately', 'easily', 'faintly', 'freely', 'gingerly', 'mildly', 'moderately', 'quietly', 'simply', 'slightly', 'softly', 'sparsely', 'subtly', 'tenderly', 'thinly']"
literally,"['actually', 'completely', 'directly', 'plainly', 'precisely', 'really', 'simply', 'truly']"
locally,['narrowly']
long,"['deep', 'great', 'high', 'lengthy', 'protracted', 'tall']"
materially,"['palpably', 'physically', 'substantially']"
meanwhile,"['meantime', 'till']"
mechanically,"['regularly', 'unchangeably', 'unreasoningly']"
mentally,"['intellectually', 'psychologically']"
merely,"['hardly', 'only', 'purely', 'simply', 'solely']"
metaphorically,[]
more,"['also', 'extra', 'further', 'higher', 'new', 'other']"
moreover,['furthermore']
most,"['better', 'biggest', 'greater', 'highest', 'largest', 'max', 'maximum', 'ultimate', 'utmost', 'uttermost']"
mostly,"['chiefly', 'essentially', 'frequently', 'largely', 'often', 'particularly', 'predominantly', 'principally', 'regularly', 'usually']"
mysteriously,[]
namely,"['especially', 'i.e.', 'particularly', 'specially', 'specifically']"
naturally,"['commonly', 'consistently', 'easily', 'generally', 'instinctively', 'normally', 'simply', 'spontaneously', 'typically', 'uniformly', 'usually']"
near,"['adjacent', 'adjoining', 'immediate', 'nearby', 'neighboring', 'warm']"
nearly,"['approximately', 'practically', 'roughly', 'virtually']"
necessarily,"['automatically', 'naturally', 'no doubt', 'undoubtedly', 'unquestionably']"
neither,"['no more', 'not', 'not at all', 'not either']"
nevertheless,"['still', 'though', 'yet']"
newly,['freshly']
nominally,[]
notably,"['conspicuously', 'greatly', 'markedly', 'noticeably', 'particularly', 'prominently', 'remarkably', 'strikingly', 'very']"
nowadays,['current']
obviously,"['apparently', 'certainly', 'clearly', 'definitely', 'evidently', 'noticeably', 'plainly', 'seemingly', 'surely', 'undoubtedly', 'visibly']"
occasionally,"['hardly', 'infrequently', 'periodically', 'seldom', 'sometimes', 'sporadically']"
officially,"['correctly', 'formally', 'properly', 'regularly']"
once,"['already', 'before', 'earlier', 'formerly', 'late', 'previously']"
originally,"['basically', 'formerly']"
otherwise,['differently']
over,['up']
particularly,"['especially', 'exceptionally', 'notably', 'principally', 'specially', 'surprisingly', 'unusually']"
partly,"['at least', 'partially', 'slightly', 'somewhat']"
past,"['completed', 'former', 'previous', 'prior', 'spent']"
peculiarly,"['bizarrely', 'curiously', 'strangely']"
perfectly,"['altogether', 'completely', 'entirely', 'fully', 'quite', 'thoroughly', 'totally', 'utterly', 'wholly']"
perhaps,"['maybe', 'perchance']"
personally,"['directly', 'individually', 'privately']"
physically,"['palpably', 'substantially']"
pitifully,[]
politically,"['governmentally', 'publicly']"
possibly,"['conceivably', 'likely', 'perhaps', 'probably']"
potentially,"['likely', 'possibly', 'probably']"
precisely,"['absolutely', 'accurately', 'as well', 'correctly', 'literally', 'specifically', 'squarely', 'strictly']"
presumably,"['apparently', 'doubtless', 'probably', 'seemingly', 'supposedly', 'surely']"
previously,"['already', 'formerly', 'heretofore', 'hitherto', 'long ago', 'once', 'then']"
primarily,"['chiefly', 'mainly', 'principally']"
probably,"['apparently', 'doubtless', 'no doubt', 'perhaps', 'possibly', 'presumably', 'seemingly']"
profoundly,"['completely', 'extremely', 'greatly', 'thoroughly', 'totally', 'very']"
promptly,"['directly', 'expeditiously', 'hastily', 'instantly', 'quickly', 'rapidly', 'speedily', 'swiftly']"
properly,"['accordingly', 'accurately', 'perfectly', 'well']"
publicly,"['honestly', 'openly', 'plainly']"
purely,"['altogether', 'completely', 'entirely', 'essentially', 'exactly', 'exclusively', 'merely', 'plainly', 'quite', 'solely', 'totally', 'utterly', 'wholly']"
quickly,"['expeditiously', 'hastily', 'hurriedly', 'immediately', 'instantaneously', 'instantly', 'promptly', 'rapidly', 'speedily', 'swiftly']"
quietly,['softly']
quite,"['absolutely', 'actually', 'altogether', 'entirely', 'fully', 'largely', 'perfectly', 'really', 'thoroughly', 'totally', 'truly', 'utterly', 'wholly']"
rapidly,"['briskly', 'expeditiously', 'fast', 'immediately', 'promptly', 'speedily', 'swiftly']"
rarely,"['barely', 'hardly', 'infrequently', 'seldom']"
rather,"['a bit', 'a little', 'comparatively', 'fairly', 'kind of', 'pretty', 'quite', 'relatively', 'slightly', 'somewhat']"
readily,"['cheerfully', 'eagerly', 'easily', 'freely', 'gladly', 'immediately', 'promptly', 'willingly']"
realistically,[]
really,"['absolutely', 'actually', 'certainly', 'easily', 'genuinely', 'honestly', 'indeed', 'legitimately', 'literally', 'surely', 'truly', 'undoubtedly', 'unquestionably', 'well']"
reasonably,"['fairly', 'honestly', 'intelligently', 'judiciously', 'justly', 'logically', 'rationally', 'sensibly', 'wisely']"
recently,"['freshly', 'newly']"
regardless,['disregarding']
regularly,"['automatically', 'commonly', 'faithfully', 'frequently', 'repeatedly', 'routinely', 'systematically', 'usually']"
relatively,"['almost', 'approximately', 'comparably', 'comparatively', 'nearly', 'rather', 'somewhat']"
remarkably,"['awfully', 'curiously', 'exceptionally', 'extraordinarily', 'really', 'singularly', 'so', 'strangely', 'surprisingly', 'terribly', 'uncommonly', 'very']"
reportedly,[]
respectively,"['commonly', 'jointly']"
rightly,"['accurately', 'appropriately', 'correctly', 'exactly', 'fairly', 'justly', 'properly', 'truly']"
roughly,"['approximately', 'practically']"
round,"['bulbous', 'curved', 'cylindrical', 'elliptical', 'oval', 'rounded', 'spherical']"
sadly,['wistfully']
safely,"['carefully', 'cautiously', 'harmlessly']"
scarcely,"['hardly', 'rarely', 'seldom']"
seldom,"['a few times', 'hardly', 'occasionally', 'rarely', 'scarcely', 'sometimes', 'sporadically']"
separately,"['independently', 'personally', 'solely']"
seriously,"['actively', 'earnestly', 'passionately', 'sincerely', 'vigorously']"
severely,"['acutely', 'badly', 'critically', 'dangerously', 'extremely', 'firmly', 'markedly', 'painfully', 'seriously', 'sharply', 'sorely', 'sternly', 'strictly']"
sharply,"['clearly', 'strongly']"
shortly,"['quickly', 'soon']"
significantly,"['automatically', 'naturally', 'no doubt', 'undoubtedly', 'unquestionably']"
similarly,"['alike', 'correspondingly', 'equivalently', 'furthermore', 'in addition', 'so', 'then as well', 'thus', 'too']"
simply,"['commonly', 'directly', 'easily', 'honestly', 'naturally', 'openly', 'quietly']"
simultaneously,['together']
since,"['after all', 'as', 'by reason of', 'considering', 'for', 'forasmuch as', 'in consideration of', 'in view of', 'inasmuch as', 'insomuch as', 'on account of', 'seeing that']"
slightly,"['kind of', 'lightly', 'marginally', 'somewhat']"
socially,"['culturally', 'philosophically', 'politically', 'psychologically']"
solely,"['completely', 'entirely', 'exclusively', 'individually', 'merely', 'purely', 'simply', 'single-handedly', 'totally', 'wholly']"
somehow,['anyway']
somewhat,"['a little', 'considerably', 'fairly', 'far', 'kind of', 'moderately', 'partially', 'pretty', 'quite', 'rather', 'significantly', 'slightly']"
somewhere,"['around', 'elsewhere', 'here and there', 'someplace']"
soon,"['directly', 'early', 'instantly', 'promptly', 'quickly', 'rapidly', 'shortly', 'speedily']"
specially,"['especially', 'expressly', 'specifically', 'uniquely']"
specifically,"['categorically', 'clearly', 'correctly', 'definitely', 'especially', 'exactly', 'explicitly', 'individually', 'pointedly', 'precisely', 'respectively', 'specially']"
spontaneously,"['automatically', 'immediately', 'unconsciously']"
steadily,['regularly']
straight,"['consecutive', 'nonstop', 'short', 'smooth', 'solid', 'straightforward', 'successive', 'true']"
strictly,"['closely', 'rigorously']"
strongly,"['actively', 'energetically', 'firmly', 'fully', 'greatly', 'heartily', 'heavily', 'resolutely', 'robustly', 'solidly', 'staunchly', 'steadily', 'vigorously']"
subsequently,"['afterwards', 'finally', 'later']"
substantially,"['considerably', 'essentially', 'extensively', 'heavily', 'largely', 'materially', 'really']"
successfully,"['profitably', 'strongly', 'well']"
suddenly,"['abruptly', 'all of a sudden', 'quickly', 'swiftly']"
sufficiently,"['adequately', 'amply']"
surely,"['absolutely', 'assuredly', 'certainly', 'clearly', 'definitely', 'evidently', 'indeed', 'inevitably', 'inexorably', 'plainly', 'undoubtedly', 'unquestionably']"
surprisingly,"['especially', 'exceptionally', 'notably', 'principally', 'specially', 'unusually']"
that,"['a certain', 'a particular', 'a well known', 'one', 'such', 'this']"
then,"['again', 'formerly', 'later', 'next', 'suddenly']"
thereafter,['thenceforth']
thereby,"['through', 'with']"
therefore,"['accordingly', 'so', 'then', 'thus']"
thoroughly,"['assiduously', 'carefully', 'completely', 'comprehensively', 'conscientiously', 'earnestly', 'efficiently', 'extremely', 'fully', 'highly', 'intensely', 'intensively', 'meticulously', 'painstakingly', 'scrupulously', 'very', 'wholly']"
though,"['nevertheless', 'still', 'yet']"
through,['over']
thus,['so']
tightly,"['hard', 'tight']"
today,"['contemporary', 'current', 'modernized', 'present-day', 'state-of-the-art', 'stylish']"
totally,"['absolutely', 'altogether', 'entirely', 'exactly', 'fully', 'perfectly', 'quite', 'thoroughly', 'unconditionally', 'utterly', 'wholeheartedly', 'wholly']"
traditionally,"['commonly', 'consistently', 'generally', 'habitually', 'normally', 'routinely']"
truly,"['absolutely', 'actually', 'definitely', 'exactly', 'genuinely', 'honestly', 'legitimately', 'positively', 'rightly', 'sincerely', 'surely', 'very']"
twice,"['double', 'doubly']"
typically,"['commonly', 'consistently', 'customarily', 'frequently', 'generally', 'mostly', 'naturally', 'normally', 'occasionally', 'often', 'ordinarily', 'regularly', 'routinely', 'sometimes']"
ultimately,"['basically', 'conclusively', 'finally', 'someday', 'sooner or later', 'yet']"
underway,"['afoot', 'ongoing']"
undoubtedly,"['assuredly', 'definitely', 'doubtless', 'easily', 'indeed', 'really', 'surely', 'truly', 'undeniably', 'unquestionably']"
unfortunately,['sadly']
uniformly,"['consistently', 'evenly']"
unjustly,"['brutally', 'cruelly', 'unjustifiably', 'unlawfully', 'wrongfully', 'wrongly']"
upwards,"['higher', 'skyward', 'up']"
virtually,"['basically', 'essentially', 'nearly', 'practically']"
wearily,"['densely', 'massively', 'thickly']"
when,"['albeit', 'although', 'at', 'at the same time', 'during', 'howbeit', 'immediately upon', 'just after', 'just as', 'meanwhile', 'much as', 'whereas', 'while']"
whence,"['from what place', 'from where', 'from which', 'from which place', 'wherefrom']"
whenever,"['at any time', 'on any occasion', 'when']"
where,"['location', 'locus', 'point', 'position', 'site', 'situation', 'spot', 'station']"
whereby,"['by which', 'how', 'through which']"
wherever,"['anywhere', 'everywhere', 'in whatever place', 'in which', 'to what end', 'to which', 'whereabouts', 'whither']"
wholly,"['altogether', 'fully', 'perfectly', 'quite', 'thoroughly', 'totally', 'utterly']"
widely,"['extensively', 'generally', 'universally']"
wildly,"['ferociously', 'fiercely', 'recklessly', 'violently']"
yet,"['earlier', 'still']"
although,"['admitting', 'albeit', 'despite', 'despite the fact', 'even if', 'even supposing', 'granting', 'granting all this', 'in spite of', 'much as', 'notwithstanding', 'still', 'supposing', 'though', 'when', 'whereas', 'while']"
as,"['at the time that', 'during the time that', 'in the act of', 'in the process of', 'just as', 'on the point of']"
cos,"['C.O.', 'conchie', 'nonviolent person', 'peacenik', 'war-hater']"
except,['save']
if,"['assuming that', 'conceding that', 'granted that', 'in case that', 'on the assumption that', 'on the occasion that', 'supposing that', 'whenever', 'wherever', 'with the condition that']"
nor,"['neither', 'nor yet', 'not any', 'not either', 'not one']"
provided,"['add', 'administer', 'afford', 'arrange', 'bring', 'cater', 'contribute', 'equip', 'furnish', 'give', 'grant', 'hand over', 'implement', 'keep', 'lend', 'maintain', 'prepare', 'present', 'produce', 'serve', 'transfer', 'yield']"
since,"['after all', 'as', 'by reason of', 'considering', 'for', 'forasmuch as', 'in consideration of', 'in view of', 'inasmuch as', 'insomuch as', 'on account of', 'seeing that']"
that,"['a certain', 'a particular', 'a well known', 'one', 'such', 'this']"
though,"['nevertheless', 'still', 'yet']"
till,"['box', 'kitty', 'safe', 'tray', 'treasury', 'vault']"
unless,"['but', 'except', 'except for', 'excepting that', 'if not', 'lest', 'saving', 'without']"
until,"['as far as', 'before', 'before the coming', 'continuously', 'down to', 'in advance of', 'in expectation', 'prior to', 'till', 'to', 'up till', 'up to']"
whereas,"['although', 'as', 'because', 'considering that', 'forasmuch as', 'insomuch as', 'since', 'though', 'while']"
whether,"['even if', 'if', 'in case']"
while,"['although', 'at the same time', 'during', 'during the time', 'in the time', 'throughout the time', 'whilst']"
whilst,"['although', 'at the same time', 'during', 'during the time', 'in the time', 'throughout the time']"
another,"['a different person', 'addition', 'one more', 'someone else', 'something else']"
any,"['all', 'each', 'either', 'several']"
dat,[]
each,"['all', 'any', 'exclusive', 'individual', 'one by one', 'particular', 'personal', 'piece by piece', 'respective', 'separate', 'several', 'single', 'specific', 'various', 'without exception']"
either,"['each of two', 'either/or', 'one', 'one of two', 'this one']"
enough,"['abundant', 'adequate', 'ample', 'full', 'sufficient', 'suitable']"
fewer,"['lean', 'less', 'middling', 'minor', 'minority', 'minute', 'petty', 'scanty', 'scattering', 'short', 'slight', 'trifling']"
former,"['departed', 'erstwhile', 'old']"
latter,['recent']
many,"['abounding', 'alive with', 'bounteous', 'bountiful', 'copious', 'countless', 'crowded', 'divers', 'frequent', 'innumerable', 'legion', 'lousy with', 'manifold', 'multifarious', 'multifold', 'multiplied', 'multitudinous', 'myriad', 'no end of', 'numberless', 'numerous', 'plentiful', 'populous', 'prevalent', 'rife', 'several', 'sundry', 'teeming', 'umpteen', 'uncounted', 'varied', 'various']"
more,"['also', 'extra', 'further', 'higher', 'new', 'other']"
neither,"['no more', 'not', 'not at all', 'not either']"
several,"['a few', 'a lot', 'any', 'certain', 'considerable', 'definite', 'different', 'disparate', 'distinct', 'divers', 'diverse', 'handful', 'hardly any', 'indefinite', 'individual', 'infrequent', 'manifold', 'many', 'not many', 'numerous', 'only a few', 'particular', 'personal', 'plural', 'proportionate', 'quite a few', 'rare', 'respective', 'scant', 'scanty', 'scarce', 'scarcely any', 'separate', 'single', 'small number', 'some', 'sparse', 'special', 'specific', 'sundry']"
such,"['aforesaid', 'akin', 'alike', 'analogous', 'comparable', 'corresponding', 'equivalent', 'like', 'parallel', 'said', 'similar', 'such a one', 'such a person', 'such a thing', 'suchlike', 'that', 'the like', 'this']"
whatever,['whatsoever']
whose,[]
abyme,[]
actuel,[]
angewandte,[]
avantgarde,"['contemporary', 'ingenious', 'inventive', 'new', 'original']"
biodiversidad,[]
christen,"['asperse', 'baptize', 'bless', 'call', 'dedicate', 'denominate', 'designate', 'dub', 'entitle', 'immerse', 'sprinkle', 'style', 'term', 'title']"
clorinda,[]
de,[]
may,['can']
sue,"['accuse', 'appeal', 'charge', 'claim', 'file', 'indict', 'petition', 'plead', 'prosecute']"
tournament,"['contest', 'event', 'fight', 'match', 'meeting', 'series', 'sport', 'test', 'tourney']"
ah,"['ahem', 'alas', 'amen', 'boo', 'er', 'exclamation', 'hello', 'hooray', 'hurrah', 'oh', 'shucks', 'whoopee', 'wow']"
aha,"['apprehension', 'awareness']"
aye,"['affirmative', 'always', 'continually', 'okay', 'vote']"
cor,[]
damn,"['curse', 'darn']"
mm,[]
och,[]
uh,[]
yeah,"['okay', 'vote', 'yes']"
abbey,['nunnery']
ability,"['capability', 'capacity', 'competence', 'intelligence', 'qualification', 'skill', 'strength', 'talent', 'understanding']"
abitovabore,[]
abortion,['miscarriage']
absence,"['AWOL', 'absenteeism', 'cut', 'hooky', 'nonappearance', 'nonattendance', 'truancy', 'vacancy']"
absentee,['remote']
abuse,"['corruption', 'crime', 'exploitation', 'injustice', 'misconduct', 'misdeed', 'misuse', 'offense', 'prostitution', 'wrongdoing']"
academy,"['boarding school', 'institute', 'prep school', 'secondary school', 'seminary']"
accent,"['significance', 'stress', 'weight']"
acceptance,"['acknowledgment', 'admission', 'approval', 'compliance', 'consent', 'cooperation', 'recognition']"
access,"['approach', 'connection', 'entry']"
accident,"['calamity', 'casualty', 'disaster', 'hazard', 'mishap', 'pileup', 'setback']"
accommodation,"['compromise', 'reconciliation']"
accomodation,[]
accompaniment,"['accessory', 'adjunct', 'appendage', 'appurtenance', 'attachment', 'attendant', 'attribute', 'augmentation', 'complement', 'concomitant', 'enhancement', 'enrichment', 'supplement']"
account,"['detail', 'explanation', 'history', 'narrative', 'report', 'story', 'tale', 'version']"
accountant,"['actuary', 'analyst', 'auditor', 'bookkeeper', 'clerk']"
accounting,"['bookkeeping', 'computing']"
accountingfor,[]
accuracy,"['certainty', 'efficiency', 'skill', 'truthfulness', 'veracity']"
acetate,[]
achievement,"['accomplishment', 'attainment', 'creation', 'deed', 'effort', 'feat', 'performance', 'realization', 'success', 'triumph', 'victory']"
achim,[]
acklam,[]
acquisition,"['addition', 'gain', 'procurement', 'purchase', 'recovery']"
acre,"['acreage', 'estate', 'plot', 'property']"
act,"['action', 'deed', 'move', 'operation', 'performance', 'step', 'thing']"
action,"['activity', 'deal', 'force', 'life', 'movement', 'operation', 'plan', 'process', 'reaction', 'response']"
activity,"['action', 'enterprise', 'exercise', 'life', 'movement']"
actvity,[]
addition,"['extension', 'inclusion']"
adductor,[]
adea,[]
adelaida,[]
adjustment,"['alteration', 'arrangement', 'improvement', 'modification', 'readjustment', 'regulation']"
administration,"['agency', 'authority', 'control', 'government', 'legislation', 'organization', 'policy', 'rule']"
administrator,"['authority', 'bureaucrat', 'chief', 'commander', 'controller', 'custodian', 'dean', 'director', 'executive', 'head', 'inspector', 'judge', 'leader', 'manager', 'minister', 'officer', 'official', 'organizer', 'superintendent', 'supervisor']"
admission,"['acceptance', 'access', 'admittance', 'certification', 'confirmation', 'entrance', 'introduction', 'recognition']"
adoption,"['acceptance', 'approval', 'enactment', 'endorsement', 'maintenance', 'ratification']"
adorata,[]
adult,"['developed', 'grown', 'grown-up', 'of age', 'ripe', 'ripened']"
adur,[]
advance,"['first', 'forward', 'leading', 'prior']"
advancement,"['advance', 'growth', 'improvement', 'upgrading']"
advantage,"['asset', 'choice', 'convenience', 'dominance', 'edge', 'favor', 'gain', 'improvement', 'influence', 'interest', 'lead', 'leverage', 'position', 'power', 'preference', 'profit', 'protection', 'recognition', 'return', 'superiority', 'support', 'upper hand', 'wealth']"
adventure,"['experience', 'exploit', 'feat', 'scene', 'trip']"
advertisement,"['announcement', 'broadcast', 'commercial', 'display', 'endorsement', 'exhibit', 'literature', 'notice', 'placard', 'poster', 'propaganda', 'publication', 'publicity']"
advertising,"['PR', 'announcement', 'announcing', 'ballyhoo', 'billing', 'blasting', 'broadcasting', 'buildup', 'displaying', 'exhibiting', 'exhibition', 'exposition', 'hoopla', 'hype', 'pitch', 'plug', 'posting', 'proclamation', 'promoting', 'promotion', 'publicity', 'puff', 'screamer', 'spread', 'squib']"
advice,"['aid', 'consultation', 'encouragement', 'guidance', 'help', 'information', 'input', 'instruction', 'judgment', 'lesson', 'news', 'opinion', 'prescription', 'proposal', 'recommendation', 'suggestion', 'tip', 'view', 'warning', 'word']"
adviser,"['aide', 'coach', 'confidant', 'consultant', 'counselor']"
aequa,[]
aeradio,[]
aerogramme,"['aerogram', 'airgraph', 'airmail letter']"
aestheticism,"['appreciation', 'culture', 'elegance', 'feeling', 'grace', 'perception', 'style']"
affair,"['case', 'employment', 'event', 'incident', 'interest', 'proceeding', 'project', 'question', 'subject', 'task', 'thing', 'topic', 'transaction']"
affection,"['care', 'closeness', 'desire', 'devotion', 'emotion', 'feeling', 'friendship', 'good will', 'kindness', 'love', 'passion', 'sentiment', 'tenderness', 'warmth']"
afrobeat,[]
aftercare,[]
afterimage,"['appearance', 'eye', 'perception', 'view', 'vision']"
agency,"['bureau', 'company', 'department', 'firm', 'office']"
agenda,"['calendar', 'plan', 'program', 'schedule', 'timetable']"
agent,"['assistant', 'broker', 'commissioner', 'deputy', 'handler', 'lawyer', 'minister', 'officer', 'operative', 'operator', 'promoter', 'representative', 'worker']"
agrarianist,[]
agreement,"['accord', 'arrangement', 'compliance', 'compromise', 'concession', 'mediation', 'reconciliation', 'understanding']"
agreementsee,[]
agriculture,"['cultivation', 'culture', 'horticulture', 'husbandry']"
ahearn,[]
aid,"['assistance', 'benefit', 'care', 'compensation', 'cooperation', 'gift', 'relief', 'service', 'subsidy', 'treatment']"
aids,"['acquired immune deficiency syndrome', 'sexually transmitted disease', 'virus']"
aim,"['ambition', 'aspiration', 'desire', 'direction', 'intent', 'intention', 'objective', 'plan', 'purpose', 'target', 'wish']"
ainu,[]
aircraft,"['airliner', 'balloon', 'chopper', 'helicopter', 'jet']"
airline,"['air passenger carrier', 'air service', 'air shuttle', 'air taxi', 'charter airline', 'commercial airline', 'commuter airline']"
alamut,[]
album,"['collection', 'scrapbook']"
alcohol,"['booze', 'drink', 'ethanol', 'liquor', 'methanol', 'smoke']"
alemannia,[]
alienist,[]
allegation,"['accusation', 'charge', 'claim', 'plea', 'statement']"
alliance,"['accord', 'affiliation', 'affinity', 'betrothal', 'bond', 'coalition', 'coherence', 'collaboration', 'collusion', 'combination', 'communion', 'compact', 'concord', 'concurrence', 'confederacy', 'confederation', 'congruity', 'conjunction', 'connection', 'consanguinity', 'cooperation', 'engagement', 'entente', 'federation', 'fraternization', 'friendship', 'interrelation', 'kinship', 'league', 'marriage', 'matrimony', 'membership', 'mutuality', 'pact', 'participation', 'partnership', 'relation', 'support', 'tie', 'treaty', 'union']"
allness,"['absoluteness', 'aggregate', 'completeness', 'complex', 'comprehensiveness', 'ensemble', 'entireness', 'fullness', 'gross', 'intactness', 'integrality', 'integrity', 'oneness', 'perfection', 'plenitude', 'sum', 'total', 'totality', 'unity', 'universality']"
allocation,"['allotment', 'appropriation', 'quota', 'share']"
allowance,"['aid', 'alimony', 'allocation', 'allotment', 'annuity', 'contribution', 'fee', 'gift', 'grant', 'pension', 'quota', 'ration', 'salary', 'scholarship', 'stipend', 'subsidy', 'wage']"
alloy,"['admixture', 'adulterant', 'adulteration', 'amalgam', 'amalgamation', 'blend', 'combination', 'composite', 'compound', 'debasement', 'denaturant', 'fusion', 'hybrid', 'intermixture', 'reduction']"
ally,"['associate', 'colleague', 'friend', 'partner']"
alminio,[]
almodovar,[]
almoravide,[]
alteration,"['adjustment', 'amendment', 'conversion', 'diversification', 'modification', 'mutation', 'revision', 'transformation', 'variance', 'variation']"
alternant,[]
alternative,['different']
amadou,[]
amalekite,[]
amateurism,[]
amazement,"['admiration', 'astonishment', 'awe', 'bewilderment', 'confusion', 'perplexity', 'wonderment']"
ambegate,[]
amber,"['brown', 'tan']"
ambition,"['appetite', 'aspiration', 'desire', 'energy', 'enthusiasm', 'hope', 'initiative', 'longing', 'love', 'lust', 'passion', 'pretension', 'spirit', 'vigor', 'yearning', 'zeal']"
ambroise,[]
amenarta,[]
amendment,"['change', 'modification', 'reform', 'remedy', 'revision']"
amino,[]
ammocoete,[]
amount,"['bulk', 'chunk', 'extent', 'load', 'lot', 'measure', 'number', 'supply', 'ton', 'volume']"
amour,"['affair', 'entanglement', 'liaison', 'love', 'passion', 'relationship']"
amphitheater,['auditorium']
analagus,[]
analogization,[]
analysis,"['inquiry', 'investigation', 'reasoning', 'scrutiny', 'search', 'study', 'test']"
analyst,"['accountant', 'investigator', 'psychiatrist']"
anaspastoi,[]
andean,[]
angel,"['archangel', 'cherub', 'guardian', 'seraph', 'spirit', 'sprite']"
angle,"['corner', 'edge', 'intersection', 'slant', 'twist']"
angling,['cast']
animator,"['artisan', 'craftsman', 'illustrator']"
anise,[]
anismus,[]
anisopteran,[]
anklebiter,"['adolescent', 'baby', 'infant', 'juvenile', 'kid', 'minor', 'offspring', 'teenager', 'toddler', 'youngster', 'youth']"
annabelle,[]
anninversary,[]
anniversary,"['ceremony', 'commemoration', 'festival', 'holiday', 'jubilee']"
announcement,"['advertisement', 'briefing', 'broadcast', 'disclosure', 'message', 'news', 'notice', 'prediction', 'publication', 'release', 'report', 'revelation', 'statement']"
annuity,"['amount', 'award', 'cash', 'deposit', 'disbursement', 'fee', 'outlay', 'pension', 'premium', 'refund', 'reimbursement', 'remittance', 'reparation', 'repayment', 'restitution', 'return', 'reward', 'salary', 'settlement', 'subsidy', 'sum', 'support', 'wage']"
anonymity,"['inconspicuousness', 'invisibility', 'namelessness']"
anse,[]
anteriorization,[]
anthracitisation,[]
antibody,"['agglutinin', 'agglutinogen', 'antigen', 'antiserum', 'vaccine']"
antimonium,[]
antimouse,[]
antipaxo,[]
antsy,"['anxious', 'edgy', 'impatient', 'on pins and needles', 'restless']"
anvil,"['farrier', 'horseshoer', 'plover', 'smithy']"
anxiety,"['angst', 'apprehension', 'concern', 'disquiet', 'doubt', 'dread', 'jitters', 'misery', 'misgiving', 'mistrust', 'nervousness', 'panic', 'restlessness', 'suffering', 'suspense', 'trouble', 'uncertainty', 'unease', 'uneasiness']"
ape,"['emulate', 'imitate']"
appeal,"['application', 'bid', 'call', 'claim', 'demand', 'overture', 'petition', 'plea', 'proposal', 'question', 'suit']"
appearance,"['arrival', 'debut', 'display', 'presence', 'presentation']"
appendix,"['addendum', 'postscript']"
applicant,"['aspirant', 'candidate', 'claimant', 'seeker']"
application,"['function', 'operation', 'utilization']"
appointment,"['assignment', 'consultation', 'date', 'interview', 'invitation']"
appreciation,"['acknowledgment', 'gratitude', 'recognition', 'thanks']"
approach,"['access', 'path', 'way']"
appropraite,[]
approval,"['blessing', 'confirmation', 'consent', 'endorsement', 'go-ahead', 'green light', 'license', 'mandate', 'permission', 'ratification', 'recommendation', 'sanction', 'support']"
approximation,"['alikeness', 'likeness', 'nearness', 'resemblance', 'similarity']"
aquae,"['broth', 'elixir', 'extract', 'flow', 'flux', 'goo', 'goop', 'juice', 'liquor', 'nectar', 'sap', 'secretion', 'slop', 'solution', 'swill']"
aquiline,"['Roman-nosed', 'beaked', 'beaklike', 'eaglelike', 'prominent']"
aragonite,[]
Archbishop,"['bishop', 'pastor']"
archdeacon,"['bishop', 'pastor']"
architecture,"['building', 'construction', 'engineering', 'planning']"
archtop,[]
arco,[]
area,"['field', 'operation', 'range', 'space']"
argument,"['altercation', 'bickering', 'brawl', 'clash', 'controversy', 'debate', 'disagreement', 'dispute', 'exchange', 'feud', 'quarrel', 'squabble']"
aridity,"['bankruptcy', 'debt', 'deficit', 'difficulty', 'famine', 'hardship', 'lack', 'scarcity', 'shortage', 'starvation', 'underdevelopment']"
army,"['artillery', 'battalion', 'command', 'company', 'corps', 'infantry', 'squad', 'troops']"
arnason,[]
arnulfing,[]
arrangement,"['adjustment', 'agreement', 'compromise', 'deal', 'package', 'plan', 'preparation', 'provision', 'schedule', 'settlement']"
arrest,"['capture', 'detention', 'imprisonment', 'incarceration']"
arrival,"['advent', 'appearance', 'influx', 'landing', 'meeting', 'return']"
arrow,"['cursor', 'dart', 'missile', 'projectile']"
art,"['craft', 'profession']"
article,['piece']
artilleryman,['shooter']
artisan,"['builder', 'carpenter', 'craftsman', 'professional']"
arugula,[]
arune,[]
as,"['at the time that', 'during the time that', 'in the act of', 'in the process of', 'just as', 'on the point of']"
ascott,[]
asics,[]
aspect,"['attitude', 'condition', 'facet', 'form']"
aspiration,"['aim', 'ambition', 'desire', 'dream', 'eagerness', 'endeavor', 'inclination', 'longing', 'objective', 'passion', 'wish', 'yearning']"
assault,"['aggression', 'charge', 'incursion', 'invasion', 'offensive', 'onslaught', 'rape', 'strike', 'violation']"
assembly,"['accumulation', 'aggregation', 'assemblage', 'association', 'band', 'body', 'bunch', 'clambake', 'cluster', 'collection', 'company', 'conclave', 'confab', 'conference', 'convocation', 'council', 'crew', 'crowd', 'faction', 'flock', 'gathering', 'group', 'huddle', 'mass', 'meet', 'meeting', 'multitude', 'rally', 'sit-in', 'throng', 'turnout']"
assesment,[]
assessment,"['appraisal', 'estimate', 'judgment']"
asset,"['aid', 'benefit', 'credit', 'resource', 'service']"
assignment,"['appointment', 'chore', 'drill', 'duty', 'homework', 'job', 'position', 'post', 'practice', 'stint']"
assin,[]
assistance,"['aid', 'backing', 'benefit', 'compensation', 'cooperation', 'help', 'relief', 'service', 'support']"
assistant,"['aide', 'apprentice', 'associate', 'attendant', 'backup', 'colleague', 'companion', 'deputy', 'friend', 'partner', 'representative', 'secretary']"
assiter,[]
association,"['club', 'company', 'cooperative', 'corporation', 'federation', 'guild', 'league', 'organization', 'partnership', 'society', 'tribe', 'union']"
assocs,[]
assumption,"['acceptance', 'belief', 'expectation', 'guess', 'hunch', 'hypothesis', 'inference', 'premise', 'presumption', 'supposition', 'suspicion', 'theory']"
assurance,"['affirmation', 'assertion', 'guarantee', 'pledge', 'promise', 'security', 'support', 'word']"
astrite,[]
astrolabe,[]
astrophil,[]
atmosphere,"['air', 'pressure']"
atom,"['bit', 'crumb', 'dot', 'fragment', 'grain', 'iota', 'jot', 'minimum', 'mite', 'modicum', 'molecule', 'morsel', 'mote', 'ounce', 'particle', 'scintilla', 'scrap', 'shred', 'smidgen', 'speck', 'spot', 'tittle', 'trace', 'whit']"
atomic,['microscopic']
attack,"['aggression', 'barrage', 'charge', 'incursion', 'intervention', 'intrusion', 'invasion', 'offensive', 'onslaught', 'outbreak', 'raid', 'rape', 'skirmish', 'strike', 'violation']"
attempt,"['attack', 'bid', 'endeavor', 'experiment', 'pursuit', 'shot', 'struggle', 'try']"
attendance,"['appearance', 'participation', 'presence']"
attentioin,[]
attention,"['consideration', 'debate', 'mind', 'scrutiny', 'thinking', 'thought']"
attitude,"['approach', 'belief', 'bias', 'character', 'demeanor', 'mindset', 'mood', 'notion', 'opinion', 'perspective', 'philosophy', 'point of view', 'position', 'posture', 'prejudice', 'reaction', 'sensibility', 'sentiment', 'stance', 'stand', 'temperament', 'view']"
attraction,"['allure', 'appeal', 'attractiveness', 'interest']"
auction,['sell-off']
audience,"['congregation', 'crowd', 'gallery', 'gathering', 'market', 'public']"
audiencia,[]
audit,"['analysis', 'check', 'examination', 'investigation', 'review', 'scrutiny', 'survey', 'verification']"
auditor,"['accountant', 'actuary', 'bookkeeper']"
author,"['biographer', 'columnist', 'composer', 'creator', 'journalist', 'poet', 'producer', 'reporter', 'writer']"
authority,"['force', 'government', 'jurisdiction', 'rule']"
authorship,"['composition', 'creation', 'initiation', 'invention', 'origination', 'writing']"
autochanger,[]
autonomy,"['freedom', 'self-determination', 'self-government', 'self-rule', 'sovereignty']"
autopipe,[]
availability,"['opportunity', 'show', 'time']"
Avenue,"['boulevard', 'channel', 'entrance', 'outlet', 'pathway', 'promenade', 'road', 'route', 'thoroughfare']"
average,"['mediocre', 'moderate', 'ordinary', 'regular']"
award,"['accolade', 'citation', 'decision', 'donation', 'endowment', 'gift', 'gold', 'grant', 'honor', 'presentation', 'scholarship', 'trophy', 'verdict']"
awardee,['beneficiary']
awareness,"['alertness', 'appreciation', 'attention', 'consciousness', 'experience', 'information', 'perception', 'realization', 'recognition', 'understanding']"
back,['backward']
backdrop,['scenery']
backfill,[]
background,"['backdrop', 'culture', 'education', 'environment', 'history', 'practice', 'qualification', 'tradition', 'training', 'upbringing']"
bailthe,[]
bais,[]
baka,[]
balance,"['equity', 'harmony', 'tension']"
balancing,"['adjust', 'harmonize', 'offset', 'readjust', 'stabilize', 'weigh']"
balcony,"['box', 'gallery', 'mezzanine', 'platform', 'porch', 'stoop', 'terrace', 'veranda']"
balearic,[]
ball,"['hop', 'jump', 'mingle', 'prom', 'promenade', 'reception', 'shindig']"
ballet,"['choreography', 'dance']"
ballstone,[]
balmpot,[]
ban,"['boycott', 'censorship', 'embargo', 'injunction', 'prohibition', 'refusal', 'restriction']"
band,"['line', 'ring', 'tape']"
bandolier,[]
banker,"['broker', 'dealer', 'financier', 'investor', 'manager', 'officer']"
bar,"['batten', 'billet', 'boom', 'crossbar', 'crosspiece', 'ingot', 'lever', 'paling', 'pig', 'pole', 'rail', 'rib', 'rule', 'shaft', 'slab', 'spar', 'spoke', 'stake', 'stick', 'streak', 'strip', 'stripe', 'stroke']"
barbecoup,[]
barclayplus,[]
baren,[]
barn,"['outbuilding', 'shed']"
barrel,"['cask', 'cylinder', 'drum', 'pipe']"
barricade,"['barrier', 'blockade', 'fence', 'rampart', 'roadblock', 'wall']"
barrier,"['barricade', 'blockade', 'boundary', 'fence', 'hurdle', 'impediment', 'limit', 'obstacle', 'railing', 'roadblock', 'wall']"
base,['paltry']
baselchiasso,[]
basin,"['bowl', 'lagoon', 'pan', 'pool', 'pot', 'tub', 'valley', 'watershed']"
basis,"['base', 'footing', 'ground', 'support']"
bassman,[]
bastard,"['counterfeit', 'fake', 'imperfect', 'inferior', 'irregular', 'mongrel', 'natural', 'phony', 'sham']"
bathypectinura,[]
batterer,[]
battle,"['action', 'assault', 'attack', 'bloodshed', 'bombing', 'campaign', 'clash', 'combat', 'conflict', 'crusade', 'encounter', 'fighting', 'hostility', 'skirmish', 'strife', 'struggle', 'war', 'warfare']"
batzio,[]
baverstock,[]
bay,"['anchorage', 'arm', 'basin', 'bayou', 'bight', 'cove', 'estuary', 'fiord', 'firth', 'gulf', 'harbor', 'inlet', 'lagoon', 'loch', 'mouth', 'narrows', 'sound', 'strait']"
bayle,[]
bayonet,"['knife', 'pierce']"
beakfull,[]
beam,"['girder', 'joist', 'pillar', 'plank', 'pole', 'scaffolding', 'shaft', 'sill', 'timber']"
bean,"['berry', 'grain', 'kernel']"
beanery,"['bean wagon', 'cheap restaurant', 'diner', 'dog wagon', 'dump', 'eatery', 'grease pit', 'hash house', 'hashery', 'hashhouse', 'inexpensive restaurant']"
beanstalk,"['angular', 'gangly', 'gaunt', 'rangy', 'scrawny', 'slender', 'spindly']"
beat,"['exhausted', 'fatigued', 'wearied', 'weary']"
beauty,"['allure', 'artistry', 'charm', 'delicacy', 'elegance', 'good looks', 'grace', 'refinement', 'style']"
bedspring,[]
beeping,"['bleep', 'ding', 'signal', 'tone', 'warning']"
behaviour,[]
beida,[]
being,"['actuality', 'animation', 'journey', 'life', 'living', 'presence', 'reality', 'subsistence', 'vitality', 'world']"
belief,"['acceptance', 'assumption', 'conclusion', 'confidence', 'conviction', 'expectation', 'faith', 'feeling', 'hope', 'idea', 'judgment', 'knowledge', 'notion', 'opinion', 'position', 'suspicion', 'theory', 'thinking', 'trust', 'understanding', 'view']"
bell,"['Vesper', 'alarm', 'buzz', 'buzzer', 'carillon', 'chime', 'clapper', 'curfew', 'ding-dong', 'gong', 'peal', 'ringer', 'siren', 'tocsin', 'toll']"
bellbottom,[]
belmode,[]
beloved,"['admired', 'cherished', 'dear', 'esteemed', 'favorite', 'hallowed', 'loved', 'popular', 'prized', 'respected', 'revered', 'treasured', 'venerated', 'well-liked']"
belt,"['ribbon', 'ring', 'strap', 'string']"
bench,"['chair', 'seat']"
benefit,"['aid', 'asset', 'assistance', 'gain', 'help', 'interest', 'perk', 'profit', 'prosperity', 'use', 'welfare']"
berliner,[]
betancuria,[]
bewilderment,"['confusion', 'disorientation', 'perplexity']"
bhuddism,[]
bias,"['bigotry', 'favoritism', 'inclination', 'intolerance', 'leaning', 'preference', 'prejudice', 'tendency', 'tilt', 'unfairness']"
bib,[]
bible,"['authority', 'creed', 'doctrine', 'guide', 'guidebook', 'handbook', 'manual', 'scripture', 'testament', 'text']"
biblicum,[]
bicky,[]
bid,"['advance', 'offer', 'price', 'proposal', 'request', 'suggestion']"
bierschinkenwurst,[]
bilker,"['con man', 'crook', 'hustler', 'swindler']"
bill,"['check', 'debt', 'note', 'statement']"
billion,"['lots', 'tons']"
bingo,"['poker', 'roulette']"
bioanalysis,[]
bioindustry,[]
biolight,[]
birdcall,[]
birth,"['beginning', 'childbirth', 'creation', 'delivery']"
biscuit,"['beige', 'brownish', 'drab', 'khaki']"
bishop,"['administrator', 'cleric', 'director', 'patriarch', 'pontiff', 'pope', 'prelate', 'priest']"
bistable,[]
bit,"['chunk', 'dose', 'fragment', 'item', 'part', 'portion', 'sample', 'shard', 'slice', 'sliver', 'snippet', 'taste', 'trace']"
bitholder,[]
blade,"['knife', 'sword']"
blaisdon,[]
blaspheme,"['cuss', 'revile', 'swear']"
blend,"['amalgam', 'brew', 'combination', 'concoction', 'fusion', 'mixture', 'synthesis']"
block,"['bar', 'brick', 'chunk', 'piece', 'section', 'slab', 'square']"
bloke,['chap']
blow,['hurricane']
blugga,[]
blume,[]
boadway,[]
board,['panel']
bobbety,[]
bobby,"['bluecoat', 'cop', 'detective', 'flatfoot', 'officer', 'patrolman', 'police', 'policeman', 'policewoman']"
bohemianism,"['breach', 'denial', 'disaffection', 'disagreement', 'disapprobation', 'disapproval', 'discordance', 'disobedience', 'dissent', 'eccentricity', 'exception', 'heresy', 'heterodoxy', 'iconoclasm', 'insubordination', 'lawlessness', 'negation', 'nonacceptance', 'noncompliance', 'objection', 'opposition', 'originality', 'recalcitrance', 'recusancy', 'rejection', 'strangeness', 'unconventionality', 'uniqueness', 'unorthodoxy', 'unruliness', 'veto', 'violation']"
bollito,[]
bonaventure,[]
bond,"['band', 'binding', 'chain', 'connection', 'cord', 'fastening', 'fetter', 'gunk', 'handcuff', 'hookup', 'ligature', 'link', 'linkage', 'manacle', 'network', 'nexus', 'rope', 'shackle', 'tie', 'tie-in', 'wire']"
bone,['cartilage']
bonus,"['benefit', 'bounty', 'dividend', 'gift', 'gratuity', 'perk', 'premium', 'prize', 'reward']"
boom,['explosion']
border,"['boundary', 'line', 'outskirt']"
borough,"['district', 'precinct']"
bouget,[]
boundary,"['barrier', 'border', 'borderline', 'confines', 'edge', 'frontier', 'horizon', 'line', 'perimeter']"
bousquet,[]
bowel,"['belly', 'core', 'deep', 'depths', 'entrails', 'guts', 'hold', 'innards', 'interior', 'intestines', 'penetralia', 'recesses', 'viscera', 'vitals']"
braidwood,[]
brain,['intellect']
branch,"['arm', 'bureau', 'chapter', 'division', 'member', 'office', 'section', 'subsidiary', 'wing']"
branchline,[]
brand,"['character', 'quality', 'variety']"
brasier,[]
brass,"['assumption', 'audacity', 'brashness', 'cheek', 'chutzpah', 'confidence', 'effrontery', 'gall', 'impertinence', 'impudence', 'insolence', 'presumption', 'rudeness']"
breach,"['crack', 'rift', 'rupture']"
bread,"['aliment', 'comestibles', 'diet', 'fare', 'feed', 'grub', 'necessities', 'nourishment', 'nurture', 'nutriment', 'provender', 'provisions', 'shingle', 'subsistence', 'sustenance', 'viands', 'victuals']"
breakdown,"['disintegration', 'disruption', 'failure', 'mishap']"
breath,"['breathing', 'gasp']"
breed,"['brand', 'strain', 'type', 'variety']"
breeding,"['development', 'rearing', 'training']"
breeze,"['air', 'breath', 'current', 'gust', 'whiff']"
bribe,"['blackmail', 'compensation', 'gift', 'graft', 'gratuity', 'hush money', 'incentive', 'inducement', 'kickback', 'perk', 'reward']"
brick,"['cinder block', 'slab', 'stone']"
bridesmaid,[]
bridge,"['link', 'overpass', 'platform']"
brigade,"['army', 'band', 'body', 'company', 'contingent', 'corps', 'crew', 'detachment', 'force', 'group', 'organization', 'outfit', 'party', 'posse', 'squad', 'team', 'troop', 'unit']"
briton,[]
broadcaster,"['columnist', 'commentator', 'correspondent', 'editor', 'press', 'reporter', 'writer']"
broadcasting,"['radio', 'television', 'transmission']"
broadleave,[]
bronze,"['burnished', 'chestnut', 'copper', 'russet', 'rust', 'tan']"
broomfield,[]
broth,"['bouillon', 'chowder', 'porridge', 'puree']"
brush,"['broom', 'toothbrush']"
brushing,"['broom', 'toothbrush']"
bryophyte,[]
budget,"['account', 'allocation', 'cost', 'total']"
bukharinite,[]
bulk,"['amount', 'extent', 'quantity', 'total', 'volume', 'weight']"
bullying,['imperious']
bumping,"['bang', 'bounce', 'crash', 'jerk', 'knock', 'punch', 'rattle', 'shake', 'slam', 'slap', 'smack', 'thump', 'whack']"
bunch,"['assemblage', 'assortment', 'band', 'batch', 'bevy', 'bundle', 'chunk', 'cluster', 'crew', 'crowd', 'flock', 'gang', 'group', 'lot', 'mess', 'mob', 'multitude', 'number', 'pack', 'pile', 'stack']"
bundle,"['array', 'assortment', 'bag', 'bale', 'batch', 'box', 'bunch', 'carton', 'clump', 'cluster', 'crate', 'heap', 'package', 'packet', 'pallet', 'parcel', 'pile', 'quantity', 'stack', 'wad']"
buoux,[]
burd,[]
burden,"['anxiety', 'concern', 'difficulty', 'duty', 'hardship', 'load', 'onus', 'responsibility', 'strain', 'task', 'tax', 'trouble', 'worry']"
bureau,"['agency', 'authority', 'board', 'commission', 'committee', 'department', 'division', 'office']"
bureaucracy,"['administration', 'authority', 'civil service', 'management', 'ministry', 'red tape']"
burglar,"['crook', 'robber', 'thief']"
buridda,[]
burka,[]
busfare,[]
busfield,[]
businessage,[]
butler,"['man', 'manservant', 'steward', 'valet']"
buyer,"['client', 'consumer', 'customer', 'patron', 'purchaser', 'shopper', 'user']"
buyout,[]
byrhtwold,[]
cab,"['carriage', 'taxi', 'taxicab']"
cabinet,"['case', 'chiffonier', 'closet', 'commode', 'container', 'depository', 'dresser', 'escritoire', 'locker', 'repository', 'wardrobe']"
cable,"['cord', 'link', 'rope', 'wire']"
cad,"['boor', 'bounder', 'clown', 'creep', 'cur', 'dog', 'heel', 'louse', 'lout', 'rake', 'rascal', 'rat', 'rotter', 'scoundrel', 'stinker', 'worm']"
calcium,[]
calculation,"['arithmetic', 'computation', 'counting', 'estimate', 'estimation', 'forecast', 'judgment', 'prediction']"
calendar,"['agenda', 'almanac', 'card', 'chronology', 'diary', 'docket', 'journal', 'lineup', 'list', 'program', 'table', 'timetable']"
camerounian,[]
camorra,[]
camp,"['affected', 'arch', 'avant-garde', 'in', 'mod', 'pop', 'posturing', 'wild']"
campaign,"['crusade', 'drive', 'fight', 'movement', 'offensive', 'operation', 'push']"
canadium,[]
canal,"['aqueduct', 'bottleneck', 'channel', 'conduit', 'course', 'cove', 'ditch', 'duct', 'estuary', 'firth', 'trench', 'water', 'watercourse']"
cancan,[]
candidate,"['applicant', 'aspirant', 'bidder', 'competitor', 'contender', 'contestant', 'nominee', 'successor']"
candle,['torch']
candlewax,[]
canonum,[]
cantillation,[]
canvas,"['tarp', 'tarpaulin']"
cap,['beret']
capability,"['capacity', 'competence', 'effectiveness', 'efficiency', 'facility', 'means', 'potential', 'power', 'proficiency', 'skill', 'wherewithal']"
capacity,"['quantity', 'scope', 'size', 'space']"
capital,['central']
capitalism,"['commercialism', 'competition', 'democracy', 'industrialism', 'mercantilism']"
capitan,[]
capodimonte,[]
caranvaserais,[]
carbon,"['graphite', 'soot']"
care,['responsibility']
career,"['course', 'race']"
carer,[]
cargo,"['consignment', 'freight', 'goods', 'load', 'merchandise', 'payload', 'shipment']"
carpet,"['carpeting', 'rug', 'tapestry']"
carpetright,[]
carriage,['freight']
carriagefolk,[]
carrier,['shipper']
carrozza,[]
cartelisation,[]
carvel,[]
cascade,"['avalanche', 'deluge', 'outpouring', 'torrent', 'waterfall']"
case,"['bag', 'baggage', 'basket', 'bin', 'box', 'cabinet', 'caddy', 'caisson', 'canister', 'capsule', 'carton', 'cartridge', 'casing', 'casket', 'chamber', 'chassis', 'chest', 'coffer', 'compact', 'cover', 'covering', 'crate', 'crating', 'crib', 'drawer', 'envelope', 'folder', 'grip', 'holder', 'integument', 'jacket', 'receptacle', 'safe', 'scabbard', 'sheath', 'shell', 'suitcase', 'tray', 'trunk', 'wallet', 'wrapper', 'wrapping']"
cash,"['buck', 'currency', 'investment', 'note', 'payment', 'refund', 'reserve', 'security', 'stock', 'supply']"
casing,"['skin', 'wrapper']"
casserole,"['goulash', 'hash', 'pottage', 'stew']"
cassette,['tape']
castle,"['acropolis', 'alcazar', 'citadel', 'donjon', 'fastness', 'fort', 'fortification', 'fortress', 'hold', 'keep', 'manor', 'mansion', 'palace', 'peel', 'safehold', 'seat', 'stronghold', 'tower', 'villa']"
castlecaldwell,[]
casualty,"['blow', 'calamity', 'catastrophe', 'disaster', 'mishap']"
catalogue,"['archive', 'catalog', 'directory', 'inventory', 'prospectus']"
category,"['class', 'division', 'grade', 'group', 'kind', 'league', 'level', 'list', 'rank', 'section', 'tier']"
caterer,[]
catflap,[]
cathedral,"['basilica', 'chancel', 'minster', 'sanctuary', 'temple']"
catholic,"['comprehensive', 'cosmopolitan', 'eclectic', 'generic', 'liberal', 'universal', 'whole']"
cattle,"['herd', 'oxen']"
catullus,[]
cave,"['cavern', 'grotto']"
cavex,[]
cecconi,[]
ceiling,"['beam', 'plaster', 'roof']"
celebration,"['anniversary', 'bash', 'birthday', 'ceremony', 'festival', 'festivity', 'gala', 'jubilee', 'observance', 'party', 'performance', 'spree', 'triumph']"
cell,"['bacterium', 'egg', 'germ', 'unit']"
cellmark,[]
cellnet,[]
centralizing,"['consolidate', 'integrate', 'rationalize', 'streamline', 'unify']"
centre,[]
century,"['centenary', 'centennial']"
ceonothus,[]
ceremony,"['commemoration', 'function', 'observance', 'parade', 'rite', 'service', 'show']"
certainty,"['confidence', 'inevitability', 'trust']"
certificate,"['affidavit', 'authentication', 'authorization', 'certification', 'coupon', 'credential', 'deed', 'diploma', 'documentation', 'guarantee', 'license', 'paper', 'permit', 'receipt', 'ticket', 'voucher', 'warrant', 'warranty']"
cessation,"['abeyance', 'arrest', 'break', 'breather', 'cease', 'close', 'conclusion', 'cutoff', 'discontinuance', 'downtime', 'end', 'finish', 'freeze', 'halt', 'hiatus', 'intermission', 'interruption', 'interval', 'layoff', 'pause', 'recess', 'remission', 'respite', 'rest', 'standstill', 'stay', 'stop', 'stoppage', 'suspension', 'termination', 'time-out']"
chaffing,"['crust', 'debris', 'dregs', 'pod', 'refuse', 'remains', 'rubbish', 'shard', 'shell', 'trash']"
chain,"['conglomerate', 'group', 'string']"
Chairman,"['administrator', 'chairperson', 'chairwoman', 'director', 'leader', 'spokesman']"
challenge,"['objection', 'protest', 'test', 'threat']"
chamber,"['apartment', 'bedroom', 'box', 'cell', 'cubicle', 'hall', 'room']"
chamlang,[]
chamoix,"['antelope', 'chammy', 'cloth', 'leather', 'shammy', 'skin']"
champagne,"['bubbly', 'wine']"
champion,"['super', 'unbeaten', 'undefeated']"
championship,"['crown', 'showdown', 'tournament']"
Chancellor,"['authority', 'court', 'critic', 'expert', 'inspector', 'justice', 'referee']"
change,"['adjustment', 'advance', 'development', 'difference', 'diversity', 'innovation', 'modification', 'reversal', 'revision', 'revolution', 'shift', 'switch', 'transformation', 'transition', 'variation']"
channel,"['avenue', 'carrier', 'means', 'medium', 'route', 'tunnel']"
chaos,"['anarchy', 'disarray', 'discord', 'disorder', 'lawlessness', 'pandemonium', 'tumult', 'turmoil']"
chap,"['bloke', 'lad']"
chapel,"['church', 'sanctuary', 'shrine']"
character,"['aspect', 'cast', 'humor', 'kind', 'nature', 'personality', 'quality', 'sense', 'spirit', 'style', 'tone', 'type']"
characteristic,"['distinctive', 'idiosyncratic', 'innate', 'peculiar', 'singular', 'unique']"
charge,"['allegation', 'complaint', 'indictment']"
charity,"['donation', 'endowment', 'fund', 'philanthropy']"
charm,"['appeal', 'beauty', 'charisma', 'glamour', 'grace', 'magic']"
charmian,[]
chart,"['blueprint', 'graph', 'sketch', 'table']"
charter,"['code', 'constitution', 'contract', 'document', 'license', 'pact', 'permit', 'settlement']"
check,"['analysis', 'audit', 'checkup', 'control', 'inquiry', 'investigation', 'research', 'review', 'test']"
cheek,"['chop', 'gill', 'jowl']"
chefet,[]
chefette,[]
chemical,['synthetic']
chemistry,"['grouping', 'institution', 'management', 'system']"
cheque,['bill']
chho,[]
chickenburger,[]
Chief,"['leading', 'main', 'preeminent', 'prime', 'principal']"
chieftain,"['bigwig', 'boss', 'tribal chief']"
childishness,"['artlessness', 'callowness', 'candor', 'credulity', 'frankness', 'guilelessness', 'inexperience', 'ingenuousness', 'naturalness', 'openness', 'simplicity']"
chinkin,[]
chiocciole,[]
chip,"['slice', 'wafer']"
chivalry,"['courage', 'courtesy', 'courtliness', 'fairness', 'politeness', 'valiance']"
chlothar,[]
choir,"['Liederkranz', 'Liedertafel', 'a cappella choir', 'chorale', 'chorus', 'singing society']"
chook,[]
chris,[]
christian,"['pious', 'religious']"
christianity,[]
chromaffin,[]
chronicon,[]
chronograph,"['calendar', 'chronometer', 'chronoscope', 'clepsydra', 'clock', 'dial', 'gnomon', 'horologe', 'hourglass', 'metronome', 'pendulum', 'repeater', 'stopwatch', 'sundial', 'watch']"
chronotope,[]
church,"['chapel', 'mosque', 'parish', 'sanctuary', 'shrine', 'synagogue', 'temple']"
chutney,[]
cigar,"['belvedere', 'bouquet', 'cheroot', 'claro', 'corona', 'havana', 'panatela', 'smoke', 'stogie', 'stogy', 'tobacco', 'toby', 'weed']"
ciliate,"['ameba', 'amoeba', 'cell', 'euglena', 'flagellate', 'organism', 'paramecium', 'plasmodium', 'sporozoan', 'stentor']"
cimtech,[]
cinema,"['drive-in', 'film', 'movie house', 'movie theater']"
circle,"['ring', 'sphere']"
circuit,"['course', 'district', 'lap', 'route', 'tour']"
circulation,"['currency', 'dissemination']"
circumstance,"['accident', 'action', 'case', 'cause', 'coincidence', 'crisis', 'detail', 'event', 'fact', 'factor', 'fate', 'incident', 'matter', 'occurrence', 'status', 'thing', 'time']"
citee,[]
citizen,"['civilian', 'inhabitant', 'national', 'resident', 'settler', 'taxpayer', 'villager', 'voter']"
claim,"['allegation', 'application', 'assertion', 'call', 'case', 'demand', 'interest', 'petition', 'plea', 'request', 'requirement', 'suit']"
clairvoyante,[]
claonaig,[]
clash,"['argument', 'battle', 'brawl', 'conflict', 'confrontation', 'crash', 'dispute', 'encounter', 'fracas', 'melee', 'misunderstanding', 'rift', 'riot', 'showdown', 'skirmish']"
classic,"['simple', 'typical', 'usual']"
classification,"['allocation', 'allotment', 'analysis', 'arrangement', 'coordination', 'designation', 'distribution', 'grade', 'regulation']"
classificator,[]
classifier,[]
clause,"['article', 'paragraph', 'passage', 'provision', 'requirement', 'section', 'specification', 'stipulation']"
clausit,[]
claverton,[]
clay,"['brick', 'earth', 'mud', 'terra cotta']"
cleantex,[]
clergy,['priesthood']
clerihew,[]
clerk,"['agent', 'auditor', 'bookkeeper', 'cashier', 'employee', 'operator', 'receptionist', 'salesperson', 'secretary', 'teller', 'worker']"
client,"['applicant', 'buyer', 'consumer', 'patient', 'patron', 'shopper']"
clienthood,[]
cliff,"['bluff', 'crag', 'precipice', 'wall']"
climate,"['humidity', 'temperature']"
clinic,['hospital']
clink,"['chink', 'clang', 'jangle', 'jingle', 'sound', 'tingle', 'tinkle']"
clip,"['mow', 'prune', 'shave', 'shear', 'snip', 'trim']"
closure,"['closing', 'stoppage', 'termination']"
cloth,"['cotton', 'goods', 'material', 'stuff']"
clothes,"['attire', 'garb', 'regalia', 'sportswear', 'wardrobe']"
clothing,"['accouterment', 'apparel', 'array', 'caparison', 'civvies', 'clothes', 'costume', 'covering', 'drag', 'drapery', 'dress', 'duds', 'ensemble', 'equipment', 'feathers', 'finery', 'frippery', 'frock', 'garb', 'garments', 'gear', 'habiliment', 'habit', 'hand-me-downs', 'livery', 'mufti', 'outfit', 'overclothes', 'panoply', 'rags', 'raiment', 'regalia', 'rigging', 'sack', 'sportswear', 'tatters', 'things', 'threads', 'tog', 'trappings', 'trousseau', 'underclothes', 'vestment', 'vesture', 'vines', 'wardrobe', 'wear']"
clown,"['buffoon', 'comedian', 'comic', 'fool', 'jester', 'mime', 'prankster']"
club,"['business', 'staff']"
clue,"['cue', 'indication', 'inkling', 'key', 'pointer', 'proof', 'solution', 'suggestion', 'tip', 'trace']"
cluster,"['array', 'assemblage', 'band', 'batch', 'bunch', 'bundle', 'chunk', 'clump', 'collection', 'knot']"
cm,[]
co,"['C.O.', 'conchie', 'nonviolent person', 'peacenik', 'war-hater']"
coach,"['mentor', 'teacher', 'trainer']"
coal,"['anthracite', 'ash', 'carbon', 'char', 'charcoal', 'cinder', 'culm', 'ember', 'fuel', 'scoria', 'slack', 'smut', 'spark', 'stoke']"
coalition,"['affiliation', 'alliance', 'amalgam', 'amalgamation', 'bloc', 'combination', 'combine', 'compact', 'confederacy', 'confederation', 'conjunction', 'consolidation', 'conspiracy', 'faction', 'federation', 'fusion', 'integration', 'league', 'merger', 'merging', 'party', 'ring', 'unification', 'union']"
coalowner,[]
coast,"['bank', 'beach', 'coastline', 'seaboard', 'shore', 'shoreline']"
coat,"['fur', 'leather', 'skin', 'wool']"
cobb,[]
cochairman,[]
code,"['cipher', 'cryptograph']"
codec,[]
codfish,[]
coffin,"['crate', 'sarcophagus']"
coin,"['bread', 'cash', 'change', 'chips', 'coinage', 'copper', 'currency', 'doubloon', 'dough', 'gold', 'jack', 'mintage', 'money', 'piece', 'scratch', 'silver', 'specie']"
colemanball,[]
collapse,"['bankruptcy', 'catastrophe', 'crash', 'debacle', 'destruction', 'disintegration', 'disruption', 'failure']"
collar,['choker']
collection,"['assemblage', 'assortment', 'compilation', 'lot', 'number', 'selection', 'set', 'store']"
collector,['representative']
Colonel,[]
colony,"['outpost', 'protectorate', 'province', 'territory']"
column,"['file', 'list']"
combination,"['combo', 'consolidation', 'merger', 'mix', 'sequence', 'solution']"
comedy,"['farce', 'fun', 'humor', 'satire', 'sitcom']"
comfort,"['amenity', 'contentment', 'convenience', 'enjoyment', 'happiness', 'luxury', 'pleasure', 'relaxation', 'relief', 'satisfaction', 'warmth', 'well-being']"
command,"['direction', 'duty', 'law', 'mandate', 'order', 'regulation', 'request', 'responsibility', 'rule', 'word']"
Commander,"['administrator', 'captain', 'chief', 'commandant', 'director', 'head', 'officer', 'ruler']"
comment,"['commentary', 'criticism', 'discussion', 'judgment', 'mention', 'note', 'observation', 'opinion', 'remark', 'report', 'review']"
commerce,"['business', 'economics', 'exchange', 'industry', 'marketing', 'trade', 'traffic']"
commission,"['agency', 'authority', 'delegation', 'office']"
commissioner,['administrator']
commitment,"['engagement', 'guarantee', 'need', 'pledge', 'promise', 'responsibility']"
committee,"['board', 'bureau', 'cabinet', 'chamber', 'commission', 'jury', 'panel', 'task force']"
commodity,"['asset', 'goods', 'material', 'produce', 'product', 'property', 'stock']"
commonwealth,"['federation', 'society']"
communication,"['connection', 'contact', 'conversation', 'delivery', 'intelligence', 'link', 'transmission']"
communicator,"['chatterbox', 'chatterer', 'conversationist', 'raconteur']"
community,"['association', 'center', 'company', 'district', 'nation', 'neighborhood', 'people', 'public', 'society', 'state']"
companion,"['accomplice', 'aide', 'ally', 'assistant', 'associate', 'buddy', 'co-worker', 'colleague', 'comrade', 'cousin', 'crony', 'guide', 'mate', 'nurse', 'partner', 'playmate', 'protector']"
comparison,"['analogy', 'connection', 'contrast', 'correlation', 'example', 'identification', 'juxtaposition', 'observation', 'ratio', 'relation', 'resemblance', 'similarity', 'testing']"
compensation,"['allowance', 'benefit', 'bonus', 'coverage', 'earnings', 'fee', 'indemnity', 'pay', 'payment', 'payoff', 'premium', 'profit', 'redress', 'reimbursement', 'remittance', 'remuneration', 'reparation', 'restitution', 'reward', 'salary', 'settlement', 'stipend', 'wage']"
competence,"['appropriateness', 'capability', 'capacity', 'competency', 'expertise', 'fitness', 'know-how', 'proficiency', 'qualification', 'savvy', 'skill', 'suitability']"
competition,"['championship', 'clash', 'event', 'fight', 'game', 'match', 'meeting', 'race', 'rivalry', 'sport', 'struggle', 'tournament', 'trial']"
competitor,"['adversary', 'challenger', 'competition', 'contestant', 'favorite', 'opponent', 'rival']"
complaint,"['accusation', 'charge', 'criticism', 'grievance', 'gripe', 'objection', 'protest', 'trouble']"
completion,"['achievement', 'conclusion', 'culmination', 'expiration', 'finalization', 'fulfillment', 'integration', 'realization']"
complex,"['complicated', 'convoluted']"
complexity,"['complication', 'intricacy', 'ramification']"
component,"['basic', 'composing', 'fundamental', 'integral']"
composer,['writer']
composition,"['architecture', 'balance', 'beauty', 'configuration', 'content', 'design', 'distribution', 'formation', 'harmony', 'layout', 'rhythm', 'style']"
composure,"['aplomb', 'dignity', 'equanimity', 'equilibrium', 'fortitude', 'poise', 'self-assurance', 'self-control', 'serenity', 'sobriety']"
compound,"['admixture', 'aggregate', 'alloy', 'amalgam', 'amalgamation', 'blend', 'combo', 'commixture', 'composite', 'composition', 'compost', 'conglomerate', 'fusion', 'goulash', 'medley', 'mishmash', 'soup', 'stew', 'synthesis', 'union']"
compromise,"['accommodation', 'accord', 'adjustment', 'arrangement', 'bargain', 'concession', 'deal', 'pact', 'settlement', 'understanding']"
computing,"['figure out', 'gauge']"
concentration,"['absorption', 'combination', 'consolidation']"
concept,"['approach', 'conception', 'image', 'notion', 'perception', 'theory', 'thought', 'view']"
conception,"['appreciation', 'conceit', 'concept', 'impression', 'interpretation', 'notion', 'perception', 'realization']"
concern,"['burden', 'interest', 'involvement', 'matter', 'thing', 'worry']"
concerto,"['arrangement', 'drama', 'melody', 'music', 'piece', 'poetry', 'setup', 'symphony', 'theme', 'tune', 'writing']"
concession,"['acknowledgment', 'admission', 'compromise', 'deal', 'grant', 'permit', 'privilege']"
conclusion,"['closure', 'completion', 'consequence', 'denouement', 'development', 'ending', 'outcome', 'result']"
condition,"['action', 'case', 'plight', 'position', 'quality', 'situation', 'status']"
conditioning,"['accustom', 'brainwash', 'educate']"
conduct,"['charge', 'handling', 'management', 'manipulation', 'oversight', 'plan', 'policy', 'strategy', 'transaction', 'treatment']"
conduit,"['duct', 'pipe', 'pipeline']"
conference,"['consultation', 'discussion', 'forum', 'interview', 'meeting', 'seminar', 'symposium', 'talk']"
confidence,"['assurance', 'certainty', 'courage', 'determination', 'morale', 'poise', 'spirit', 'tenacity']"
conflict,"['battle', 'clash', 'combat', 'competition', 'rivalry', 'strife', 'struggle', 'war']"
confusion,"['bewilderment', 'disorientation', 'distraction', 'embarrassment', 'turbulence', 'turmoil']"
congress,"['assembly', 'association', 'caucus', 'chamber', 'club', 'committee', 'conclave', 'conference', 'convention', 'convocation', 'council', 'delegates', 'government', 'guild', 'league', 'legislature', 'meeting', 'order', 'parliament', 'senate', 'society', 'union']"
connection,"['contact', 'network', 'relation']"
conscience,['shame']
consciousness,"['alertness', 'apprehension', 'awareness', 'recognition', 'sensibility']"
consensus,"['accord', 'consent', 'harmony', 'unanimity', 'unity']"
consent,"['acquiescence', 'approval', 'assent', 'authorization', 'blessing', 'compliance', 'concurrence', 'go-ahead', 'permission', 'permit', 'sanction', 'understanding']"
consequence,"['aftereffect', 'aftermath', 'effect', 'fallout', 'issue', 'reaction', 'repercussion']"
conservation,"['care', 'conservancy', 'control', 'maintenance', 'management', 'protection', 'supervision']"
conservative,"['middle-of-the-road', 'reactionary', 'timid', 'traditional']"
consideration,"['application', 'attention', 'debate', 'deliberation', 'discussion', 'examination', 'review', 'scrutiny', 'study']"
consortium,"['club', 'company', 'conference', 'group', 'organization', 'society', 'union']"
Constable,"['detective', 'patrolman', 'policeman', 'policewoman']"
constituency,"['county', 'district', 'electorate', 'faction', 'nation', 'precinct']"
constituent,"['basic', 'combining', 'composing', 'division', 'essential', 'factor', 'fraction', 'fundamental', 'ingredient', 'integral', 'portion']"
constitution,"['nature', 'structure']"
constraint,"['pressure', 'restraint']"
construction,"['development', 'manufacture', 'plan', 'planning', 'structure', 'system']"
consultant,"['advisor', 'expert', 'specialist', 'veteran']"
consultation,"['appointment', 'conference', 'deliberation', 'dialogue', 'discussion', 'examination', 'hearing', 'interview', 'meeting', 'session']"
consumer,"['buyer', 'customer', 'purchaser', 'shopper', 'user']"
consumption,"['drinking', 'expenditure', 'utilization']"
contact,"['association', 'connection', 'influence', 'meeting', 'touch', 'unity']"
container,"['bag', 'bottle', 'bowl', 'box', 'bucket', 'can', 'canister', 'capsule', 'carton', 'crate', 'dish', 'jar', 'jug', 'kettle', 'package', 'packet', 'pail', 'pot', 'pouch', 'sack', 'storage', 'tank', 'tub', 'utensil', 'vase', 'vessel', 'vial']"
content,"['comfortable', 'contented', 'fulfilled', 'satisfied', 'willing']"
contest,"['challenge', 'discussion', 'game', 'match', 'meeting', 'sport', 'tournament', 'trial']"
context,"['background', 'situation', 'text']"
continence,"['abstemiousness', 'abstinence', 'asceticism', 'celibacy', 'chastity', 'forbearance', 'moderation', 'self-control', 'sobriety', 'temperance', 'virtue']"
continent,"['abstinent', 'ascetic', 'celibate']"
contract,"['arrangement', 'bargain', 'bond', 'commitment', 'guarantee', 'obligation', 'pact', 'pledge', 'record', 'settlement']"
contractor,['constructor']
contradiction,"['conflict', 'difference', 'disagreement', 'discrepancy', 'dispute', 'inconsistency']"
contrast,"['comparison', 'contradiction', 'disagreement', 'disparity', 'distinction', 'divergence', 'diversity', 'opposition', 'variation']"
contribution,"['addition', 'donation', 'grant', 'improvement', 'increase', 'input']"
control,"['authority', 'curb', 'discipline', 'domination', 'force', 'government', 'jurisdiction', 'management', 'oversight', 'regulation', 'restraint', 'restriction', 'rule', 'supervision']"
controversy,"['argument', 'bickering', 'difference', 'discussion', 'fuss', 'quarrel', 'squabble', 'strife', 'wrangle', 'wrangling']"
convention,"['meeting', 'show']"
conversation,"['chat', 'comment', 'communication', 'conference', 'consultation', 'debate', 'discussion', 'exchange', 'gossip', 'hearing', 'observation', 'questioning', 'remark', 'speech', 'talk', 'visit']"
conversion,"['alteration', 'changeover', 'growth', 'modification', 'reconstruction', 'reorganization', 'switch', 'transformation']"
conviction,"['confidence', 'faith', 'feeling', 'principle', 'sentiment', 'view']"
cookery,['gallery']
coolant,[]
copper,"['burnished', 'chestnut', 'russet', 'rust', 'tan']"
copy,"['image', 'model', 'photocopy', 'photograph', 'portrait', 'print', 'replica', 'reproduction', 'transcript', 'type']"
core,"['basis', 'body', 'bottom line', 'crux', 'essence', 'focus', 'foundation', 'heart', 'importance', 'nucleus', 'origin', 'root', 'substance', 'thrust']"
corner,"['edge', 'intersection', 'rim']"
coronation,"['crowning', 'inauguration']"
corp,[]
corporation,"['association', 'business', 'company', 'enterprise', 'partnership', 'society']"
correlation,"['interaction', 'interrelationship', 'parallel']"
correspondence,"['accord', 'analogy', 'coherence', 'coincidence', 'comparability', 'comparison', 'concurrence', 'conformity', 'congruity', 'consistency', 'correlation', 'equivalence', 'fitness', 'harmony', 'likeness', 'match', 'regularity', 'relation', 'resemblance', 'similarity', 'symmetry']"
correspondent,"['contributor', 'journalist', 'reporter', 'writer']"
corruption,"['bribery', 'crime', 'exploitation', 'extortion', 'fraud', 'graft', 'malfeasance', 'nepotism']"
cost,"['amount', 'charge', 'damage', 'expenditure', 'figure', 'outlay', 'payment', 'price', 'price tag', 'rate', 'tariff', 'value', 'worth']"
cottage,"['bungalow', 'cabin', 'chalet', 'home', 'hut', 'lean-to', 'lodge', 'ranch', 'shack', 'shanty']"
cotton,"['comprehend', 'get', 'grasp']"
council,"['assembly', 'board', 'body', 'cabinet', 'chamber', 'clan', 'committee', 'conclave', 'confab', 'conference', 'congregation', 'congress', 'convention', 'convocation', 'diet', 'directorate', 'gang', 'gathering', 'groupthink', 'huddle', 'meet', 'ministry', 'mob', 'outfit', 'panel', 'parliament', 'powwow', 'ring', 'senate', 'synod']"
Councillor,[]
Count,"['calculation', 'poll', 'result', 'toll', 'total']"
counter,['antithetical']
counterpart,"['Doppelganger', 'analogue', 'complement', 'copy', 'correlate', 'correlative', 'correspondent', 'ditto', 'duplicate', 'equal', 'equivalent', 'fellow', 'like', 'mate', 'obverse', 'opposite', 'pendant', 'ringer', 'supplement', 'tally', 'twin']"
countryside,"['environment', 'land', 'landscape', 'scenery', 'surroundings', 'terrain']"
county,"['canton', 'constituency', 'division', 'shire']"
coup,"['action', 'overthrow', 'plot', 'revolution']"
courage,"['audacity', 'bravery', 'daring', 'determination', 'endurance', 'fearlessness', 'firmness', 'fortitude', 'gallantry', 'grit', 'heroism', 'prowess', 'spirit', 'spunk', 'tenacity', 'valor']"
course,"['development', 'line', 'plan', 'policy', 'procedure', 'program', 'series', 'system', 'way']"
coursework,[]
court,['street']
courtyard,"['lawn', 'patio', 'yard']"
covenant,"['compact', 'convention', 'stipulation']"
cover,"['canvas', 'cap', 'dress', 'envelope', 'front', 'jacket', 'lid', 'mask', 'roof', 'screen', 'sheet', 'tent', 'top', 'umbrella']"
coverage,"['analysis', 'insurance', 'report']"
coyote,"['mutt', 'pooch', 'pup']"
crackle,['sparkle']
craft,"['art', 'technique']"
crank,"['arm', 'handle', 'lever']"
crash,"['blast', 'clash']"
crawl,"['clamber', 'creep', 'drag', 'inch', 'plod', 'poke', 'slide', 'slither', 'squirm', 'wriggle']"
cream,"['jelly', 'ointment', 'paste']"
creation,"['establishment', 'formation', 'formulation', 'production']"
creature,"['animal', 'critter', 'fellow', 'individual', 'living thing', 'man', 'person', 'soul', 'woman']"
credit,['attention']
creditor,"['acceptor', 'assignee', 'beneficiary', 'cashier', 'collector', 'consignee', 'customer', 'grantee', 'heir', 'recipient', 'subject', 'target', 'teller', 'trustee']"
creole,"['business language', 'diplomatic language', 'jargon', 'language universal', 'lingua franca', 'linguistic universal', 'pidgin']"
crew,"['band', 'company', 'corps', 'crowd', 'gang', 'squad', 'team', 'troop']"
cricket,"['decent', 'fair', 'honest', 'proper', 'reasonable', 'stable', 'unbiased']"
crime,"['atrocity', 'breach', 'case', 'corruption', 'evil', 'felony', 'infraction', 'lawlessness', 'misconduct', 'misdeed', 'misdemeanor', 'scandal', 'transgression', 'violation', 'wrongdoing']"
criminal,"['corrupt', 'deplorable', 'illegal', 'illegitimate', 'illicit', 'immoral', 'scandalous', 'senseless', 'unlawful', 'vicious']"
crisis,"['catastrophe', 'change', 'confrontation', 'crunch', 'deadlock', 'dilemma', 'disaster', 'emergency', 'impasse', 'mess', 'pressure', 'situation', 'trouble']"
crisp,"['crispy', 'crumbly', 'crusty', 'fresh', 'plump']"
criterion,"['benchmark', 'norm', 'precedent', 'principle', 'proof', 'touchstone', 'yardstick']"
critic,"['authority', 'cartoonist', 'commentator', 'expert', 'judge', 'pundit', 'reviewer']"
criticism,"['assessment', 'comment', 'critique', 'judgment', 'opinion', 'review']"
crop,"['output', 'produce', 'product', 'yield']"
cross,"['annoyed', 'faultfinding', 'peeved', 'short', 'vexed']"
crowd,"['circle', 'congregation', 'crew', 'group', 'horde', 'lot', 'mass', 'mob', 'pack', 'party', 'people', 'press', 'sellout', 'throng']"
crown,"['acme', 'apex', 'climax', 'crest', 'culmination', 'head', 'meridian', 'peak', 'perfection', 'pinnacle', 'roof', 'summit', 'tip', 'top', 'ultimate', 'vertex', 'zenith']"
cruising,"['coast', 'drift', 'go', 'meander', 'navigate', 'travel']"
crystal,"['clear-cut', 'limpid', 'lucent', 'lucid', 'luminous', 'pellucid', 'translucent', 'transpicuous', 'unblurred']"
culture,"['ability', 'art', 'civilization', 'experience', 'fashion', 'perception', 'practice', 'science', 'skill']"
curator,"['administrator', 'conservator', 'custodian', 'director', 'manager']"
currency,['cash']
current,"['modern', 'ongoing', 'present', 'prevailing']"
curriculum,"['educational program', 'syllabus']"
curry,"['sauce', 'seasoning']"
curve,"['arc', 'arch', 'contour', 'loop', 'trajectory']"
custody,"['care', 'guardianship', 'protection']"
custom,"['characteristic', 'habit', 'practice', 'procedure', 'rule']"
customer,"['client', 'consumer', 'patron', 'purchaser']"
cut,"['laceration', 'wound']"
cutting,"['acerbic', 'barbed', 'biting', 'caustic', 'incisive', 'piercing', 'pointed', 'raw', 'sarcastic', 'sardonic', 'scathing', 'stinging', 'trenchant']"
dacha,[]
damage,"['accident', 'blow', 'bruise', 'casualty', 'catastrophe', 'contamination', 'corruption', 'destruction', 'deterioration', 'devastation', 'disturbance', 'hardship', 'harm', 'illness', 'impairment', 'pollution', 'suffering', 'wound']"
dance,"['disco', 'rock', 'samba', 'tango', 'waltz']"
danger,"['crisis', 'emergency', 'exposure', 'insecurity', 'instability', 'jeopardy', 'menace', 'peril', 'pitfall', 'possibility', 'probability', 'risk', 'threat', 'uncertainty', 'vulnerability']"
darkness,"['blackness', 'dark', 'dusk', 'gloom', 'obscurity', 'twilight']"
darling,"['angel', 'baby', 'beloved', 'boyfriend', 'dear', 'dearest', 'dearie', 'flame', 'friend', 'girlfriend', 'lamb', 'love', 'lover', 'pet', 'sugar', 'sweetie', 'treasure', 'truelove']"
data,"['dossier', 'evidence', 'goods', 'info', 'input', 'knowledge', 'picture', 'statistics', 'testimony']"
database,['table']
dawn,"['dawning', 'daybreak', 'daylight', 'morning']"
deal,"['accord', 'arrangement', 'compromise', 'contract', 'pact', 'pledge', 'transaction']"
dealer,"['banker', 'merchant', 'retailer', 'trader', 'trafficker', 'vendor', 'wholesaler']"
deathbed,[]
debate,"['argument', 'contest', 'controversy', 'deliberation', 'dispute', 'match']"
debt,"['arrears', 'bill', 'capital', 'commitment', 'credit', 'damage', 'deficit', 'due', 'indebtedness', 'liability', 'mortgage', 'obligation', 'price tag', 'receipt']"
debut,"['appearance', 'beginning', 'inauguration', 'introduction', 'launching', 'opener', 'presentation']"
decade,"['decagon', 'decapod', 'decennary', 'decennium']"
decision,"['accord', 'agreement', 'arrangement', 'choice', 'compromise', 'determination', 'finding', 'judgment', 'opinion', 'outcome', 'resolution', 'result', 'ruling', 'selection', 'settlement', 'verdict']"
deck,"['adorn', 'beautify', 'bedeck', 'clothe', 'decorate', 'embellish', 'festoon']"
declaration,"['acknowledgment', 'admission', 'advertisement', 'affirmation', 'allegation', 'announcement', 'answer', 'attestation', 'averment', 'avowal', 'bomb', 'broadcast', 'communication', 'deposition', 'disclosure', 'enunciation', 'explanation', 'exposition', 'expression', 'information', 'notice', 'notification', 'oath', 'pitch', 'presentation', 'profession', 'promulgation', 'protestation', 'publication', 'remark', 'report', 'revelation', 'saying', 'spiel', 'statement', 'story', 'testimony', 'utterance']"
decline,"['deterioration', 'downturn', 'drop', 'failure', 'fall', 'recession', 'slump', 'weakening']"
decomposition,"['decay', 'disintegration']"
decrement,"['abatement', 'curtailment', 'cutback', 'decline', 'diminution', 'lessening', 'reduction', 'slowdown', 'subtraction']"
defeat,"['beating', 'blow', 'breakdown', 'collapse', 'debacle', 'destruction', 'drubbing', 'embarrassment', 'failure', 'killing', 'loss', 'massacre', 'rout', 'setback', 'thrashing', 'triumph']"
defect,"['bug', 'crack', 'deficiency', 'deformity', 'error', 'fault', 'flaw', 'glitch', 'injury', 'irregularity', 'lack', 'mistake', 'shortage', 'shortcoming', 'weakness']"
defence,[]
defendant,"['litigant', 'offender', 'prisoner', 'suspect']"
defender,"['protector', 'sponsor', 'supporter']"
deficit,"['loss', 'shortfall']"
definition,"['answer', 'explanation', 'interpretation', 'rationale', 'solution', 'translation']"
degree,"['amount', 'extent', 'grade', 'intensity', 'point', 'quality', 'rate', 'scale', 'scope', 'severity', 'size', 'standard', 'strength', 'term']"
delay,"['lag', 'moratorium', 'postponement', 'problem', 'setback', 'stoppage', 'suspension', 'wait']"
delegate,"['commissioner', 'deputy', 'envoy', 'member', 'minister', 'nominee', 'senator']"
delegation,"['appointment', 'authorization', 'charge', 'commissioning', 'committal', 'consignment', 'conveyance', 'conveying', 'deputation', 'devolution', 'installation', 'investiture', 'mandate', 'nomination', 'ordination', 'reference', 'relegation', 'transference', 'trust']"
delight,"['contentment', 'glee', 'joy', 'pleasure', 'satisfaction']"
delivery,"['consignment', 'distribution', 'shipment', 'transmission']"
delta,"['basin', 'estuary', 'fjord']"
demand,"['appeal', 'application', 'call', 'claim', 'insistence', 'interest', 'need', 'order', 'requirement', 'sale', 'trade', 'use']"
democrat,"['lawmaker', 'leader', 'legislator', 'officeholder', 'senator']"
demolition,"['annihilation', 'explosion']"
demonstration,"['expression', 'manifestation', 'presentation', 'show', 'test', 'testimony', 'trial']"
denim,"['chaps', 'pants', 'trousers']"
density,"['frequency', 'quantity', 'thickness']"
departure,"['escape', 'evacuation', 'exit', 'exodus', 'flight', 'passage', 'removal', 'retirement', 'retreat', 'separation', 'takeoff', 'walkout', 'withdrawal']"
deposit,['security']
depression,"['abasement', 'abjection', 'blahs', 'bleakness', 'bummer', 'cheerlessness', 'dejection', 'desolation', 'desperation', 'despondency', 'discouragement', 'dispiritedness', 'distress', 'dole', 'dolefulness', 'dolor', 'downheartedness', 'dreariness', 'dullness', 'dumps', 'ennui', 'gloom', 'gloominess', 'heavyheartedness', 'hopelessness', 'lowness', 'melancholia', 'melancholy', 'misery', 'mortification', 'qualm', 'sadness', 'sorrow', 'trouble', 'unhappiness', 'woefulness', 'worry']"
depth,"['bottom', 'extent', 'intensity']"
deputy,"['aide', 'appointee', 'commissioner', 'delegate', 'minister', 'representative']"
description,"['characterization', 'confession', 'definition', 'depiction', 'detail', 'explanation', 'information', 'narration', 'narrative', 'picture', 'portrayal', 'report', 'sketch', 'statement', 'story', 'summary', 'tale', 'version']"
desert,"['arid', 'desolate', 'lonely', 'uninhabited']"
design,"['architecture', 'arrangement', 'composition', 'construction', 'drawing', 'form', 'idea', 'layout', 'map', 'method', 'model', 'pattern', 'picture', 'plan', 'scheme', 'study']"
designer,"['architect', 'author', 'engineer', 'fashion designer', 'inventor', 'maker', 'planner', 'producer']"
desire,"['ambition', 'appetite', 'aspiration', 'craving', 'devotion', 'eagerness', 'fascination', 'greed', 'hunger', 'inclination', 'love', 'lust', 'motive', 'need', 'passion', 'thirst', 'will', 'wish', 'yearning']"
destination,"['harbor', 'haven', 'station', 'stop', 'target', 'terminal']"
destruction,"['annihilation', 'carnage', 'elimination', 'eradication', 'extermination', 'extinction', 'loss', 'massacre', 'murder', 'ruin', 'slaughter']"
detachment,['disengagement']
detail,"['article', 'design', 'element', 'fact', 'part', 'plan', 'schedule', 'structure', 'thing']"
Detective,"['agent', 'informer', 'police officer', 'private eye', 'private investigator', 'prosecutor', 'reporter', 'sleuth', 'spy']"
determination,"['assurance', 'boldness', 'bravery', 'conviction', 'courage', 'decision', 'dedication', 'energy', 'fortitude', 'grit', 'persistence', 'resolve', 'self-confidence', 'steadfastness', 'tenacity', 'valor', 'willpower']"
detoxification,"['abrupt withdrawal', 'crash', 'detox', 'on the wagon', 'sudden withdrawal', 'taking the cure']"
deutschmark,[]
developer,"['builder', 'planner']"
development,"['advancement', 'evolution', 'expansion', 'improvement', 'increase', 'progress']"
device,"['accessory', 'apparatus', 'appliance', 'equipment', 'gadget', 'gear', 'machine', 'material', 'mechanism']"
devil,"['Beelzebub', 'Mephistopheles', 'Satan', 'adversary', 'beast', 'brute', 'dastard', 'djinn', 'dybbuk', 'fiend', 'genie', 'hellion', 'imp', 'knave', 'lucifer', 'monster', 'ogre', 'rogue', 'scamp', 'scoundrel', 'villain']"
diagnosis,"['analysis', 'conclusion', 'examination', 'interpretation', 'investigation']"
diagram,"['blueprint', 'chart', 'description', 'design', 'draft', 'figure', 'game', 'layout', 'outline', 'perspective', 'representation']"
dialogue,"['communication', 'conference', 'conversation', 'dialog', 'discourse', 'discussion', 'exchange']"
diamond,"['gem', 'jewel', 'rhinestone']"
diary,"['account', 'journal', 'log', 'notebook']"
diet,"['dietary', 'fast', 'regime', 'regimen', 'restriction', 'starvation']"
difference,"['change', 'characteristic', 'contrast', 'discrepancy', 'disparity', 'distinction', 'divergence', 'diversity', 'inequality', 'variation']"
difficulty,"['adversity', 'complication', 'crisis', 'deadlock', 'dilemma', 'frustration', 'hardship', 'hazard', 'obstacle', 'pain', 'predicament', 'snag', 'struggle', 'trouble']"
digest,"['abstract', 'brief', 'compendium', 'condensation', 'epitome', 'sketch', 'summary', 'survey', 'syllabus', 'synopsis']"
dignitary,"['celebrity', 'luminary']"
dimension,"['aspect', 'element', 'extent', 'height', 'importance', 'length', 'magnitude', 'proportion', 'quality', 'range', 'scope', 'size', 'thickness']"
dip,"['dive', 'plunge']"
direction,"['control', 'guidance', 'leadership', 'order']"
directive,"['decree', 'edict', 'injunction', 'mandate', 'memo', 'memorandum', 'message', 'notice', 'order', 'regulation', 'ruling']"
director,"['administrator', 'chief', 'executive', 'head', 'leader', 'organizer', 'player', 'principal', 'producer', 'supervisor']"
directory,"['almanac', 'catalogue', 'list', 'yellow pages']"
disability,"['ailment', 'defect', 'impairment', 'infirmity', 'injury']"
disadvantage,"['detriment', 'harm', 'prejudice']"
disappointment,"['blow', 'defeat', 'disaster', 'failure', 'mistake', 'obstacle', 'setback']"
disapproval,"['censure', 'criticism', 'denunciation', 'discontent', 'dislike', 'displeasure', 'dissatisfaction', 'objection']"
disaster,"['calamity', 'catastrophe', 'collapse', 'crash', 'debacle', 'defeat', 'emergency', 'failure', 'fiasco', 'flood', 'harm', 'hazard', 'holocaust', 'mishap', 'setback', 'tragedy', 'woe']"
disc,"['layer', 'slab', 'slice']"
discernment,"['acumen', 'insight', 'judgment', 'understanding']"
discipline,"['control', 'development', 'education', 'method', 'practice', 'preparation', 'regulation', 'restraint', 'self-control', 'self-restraint', 'will']"
discount,"['allowance', 'concession', 'decrease', 'deduction', 'exemption', 'premium', 'rebate']"
discourse,"['communication', 'conversation', 'discussion', 'essay', 'lecture', 'monologue', 'rhetoric', 'speech', 'treatise']"
discovery,"['analysis', 'detection', 'diagnosis', 'disclosure', 'encounter', 'exploration', 'introduction', 'revelation', 'sighting']"
discretion,"['attention', 'foresight', 'maturity', 'prudence', 'responsibility', 'tact', 'vigilance', 'wisdom']"
discrimination,"['bigotry', 'favoritism', 'hatred', 'inequity', 'injustice', 'intolerance', 'prejudice', 'unfairness']"
discussion,"['analysis', 'argument', 'conference', 'consideration', 'consultation', 'controversy', 'conversation', 'debate', 'deliberation', 'dialogue', 'discourse', 'dispute', 'examination', 'exchange', 'interview', 'meeting', 'review', 'scrutiny', 'symposium', 'wrangling']"
disease,"['Cancer', 'bug', 'condition', 'contamination', 'defect', 'disorder', 'epidemic', 'fever', 'flu', 'illness', 'infection', 'inflammation', 'malady', 'plague', 'sickness', 'stroke', 'syndrome', 'virus']"
disequilibrium,"['anxiety', 'fluctuation', 'insecurity', 'uncertainty', 'volatility', 'vulnerability', 'weakness']"
disgust,"['antipathy', 'dislike', 'distaste', 'hatred', 'loathing', 'revulsion']"
dismissal,"['adjournment', 'banishment', 'bounce', 'brush-off', 'deportation', 'deposition', 'discharge', 'dislodgment', 'displacement', 'dispossession', 'dissolution', 'door', 'end', 'eviction', 'exile', 'exorcism', 'expatriation', 'expulsion', 'freedom', 'freeing', 'housecleaning', 'layoff', 'liberation', 'notice', 'ostracism', 'ouster', 'permission', 'relegation', 'removal', 'suspension']"
disorder,"['anarchy', 'ataxia', 'confusion', 'derangement', 'disarrangement', 'disarray', 'discombobulation', 'disorderliness', 'disorganization', 'huddle', 'irregularity', 'jumble', 'mess', 'muddle', 'shambles', 'snarl', 'untidiness']"
display,"['act', 'array', 'demonstration', 'example', 'exhibit', 'parade', 'presentation']"
disposal,"['clearance', 'demolition', 'destruction', 'disposition', 'dumping', 'removal', 'transfer']"
dispute,"['bickering', 'brawl', 'conflict', 'controversy', 'debate', 'disagreement', 'discord', 'discussion', 'disturbance', 'feud', 'friction', 'misunderstanding', 'quarrel', 'row', 'squabble', 'strife', 'wrangle']"
distance,"['area', 'gap', 'length', 'orbit', 'radius', 'scope', 'separation', 'size', 'space', 'span', 'stretch', 'width']"
distinction,"['characteristic', 'contrast', 'difference', 'discrepancy', 'discrimination', 'divergence', 'division', 'judgment', 'nicety', 'perception', 'quality', 'sensitivity', 'separation']"
distress,"['ache', 'affliction', 'anguish', 'anxiety', 'blues', 'care', 'concern', 'cross', 'dejection', 'desolation', 'disappointment', 'discomfort', 'disquietude', 'dolor', 'embarrassment', 'grief', 'headache', 'heartache', 'heartbreak', 'irritation', 'malaise', 'misery', 'mortification', 'ordeal', 'pang', 'perplexity', 'sadness', 'shame', 'sorrow', 'stew', 'suffering', 'throe', 'torment', 'torture', 'trial', 'tribulation', 'trouble', 'twinge', 'unhappiness', 'vexation', 'visitation', 'woe', 'worriment', 'worry', 'wretchedness']"
distribution,"['circulation', 'delivery', 'disposal', 'dissemination', 'handling', 'marketing', 'sharing', 'trading', 'transport', 'transportation']"
district,"['commune', 'community', 'department', 'locality', 'neighborhood', 'parish', 'precinct', 'region', 'section', 'sector', 'territory']"
disturbance,"['brawl', 'confusion', 'disorder', 'disruption', 'eruption', 'explosion', 'fracas', 'interruption', 'riot', 'shock', 'storm', 'tremor', 'turmoil', 'upheaval', 'uprising', 'violence']"
diversity,['diversification']
dividend,"['allowance', 'bonus', 'coupon', 'gain', 'premium', 'proceeds', 'remittance', 'reward', 'surplus']"
division,['distribution']
dna,"['RNA', 'chromosome', 'gene', 'heredity']"
dock,"['berth', 'harbor', 'jetty', 'pier', 'wharf']"
doctrine,"['attitude', 'axiom', 'belief', 'concept', 'creed', 'dogma', 'precept', 'proposition', 'regulation', 'rule', 'statement', 'teaching', 'tenet', 'tradition']"
document,"['archive', 'certificate', 'diary', 'evidence', 'form', 'paper', 'record', 'report', 'script', 'testimony']"
documentation,"['characters', 'chit', 'code', 'figures', 'jotting', 'memo', 'memorandum', 'note', 'record', 'representation', 'script', 'signs', 'symbols', 'system']"
doldrum,[]
dolphin,"['beluga', 'grampus', 'mammal', 'narwal', 'orca', 'porpoise', 'whale']"
domain,"['realm', 'sphere', 'territory']"
doorway,"['corridor', 'foyer', 'hall', 'hallway', 'porch', 'vestibule', 'waiting room']"
dose,"['application', 'dosage', 'lot', 'measure', 'measurement', 'prescription', 'quantity', 'shot']"
dot,"['dab', 'droplet', 'fleck', 'speck']"
doubt,"['ambiguity', 'apprehension', 'confusion', 'difficulty', 'disbelief', 'distrust', 'fear', 'hesitation', 'misgiving', 'mistrust', 'problem', 'qualm', 'reluctance', 'skepticism', 'suspense', 'suspicion', 'uncertainty']"
dozen,['twelve']
draft,"['blueprint', 'outline', 'version']"
drama,"['comedy', 'farce', 'melodrama', 'play', 'production', 'scene', 'show', 'theater', 'tragedy']"
draughtsman,[]
draw,['tie']
drawing,"['cartoon', 'depiction', 'design', 'etching', 'graphics', 'layout', 'likeness', 'painting', 'picture', 'sketch', 'study', 'work of art']"
dream,"['delusion', 'fantasy', 'idea', 'image', 'imagination', 'nightmare', 'thought']"
dregs,"['deposits', 'dirt', 'lees', 'residue', 'settlings', 'slag', 'waste']"
drift,"['alluvion', 'bank', 'batch', 'bunch', 'bundle', 'clump', 'cluster', 'deposit', 'heap', 'hill', 'lot', 'mass', 'mound', 'mountain', 'parcel', 'pile', 'set', 'shock', 'stack']"
driving,['propulsive']
drop,"['bead', 'bit', 'bubble', 'crumb', 'dab', 'dash', 'dewdrop', 'driblet', 'drip', 'droplet', 'iota', 'molecule', 'morsel', 'nip', 'ounce', 'particle', 'pearl', 'pinch', 'sip', 'smidgen', 'speck', 'splash', 'spot', 'taste', 'tear', 'teardrop', 'trace', 'trickle']"
drug,"['cure', 'medicine', 'narcotic', 'pharmaceutical', 'pill', 'poison', 'prescription', 'remedy', 'stimulant']"
drum,['strum']
Duke,['aristocrat']
dun,"['cloudy', 'dark', 'dim', 'dirty', 'dismal', 'dreary', 'foggy', 'fuzzy', 'misty', 'muddy', 'nebulous', 'stormy']"
duplication,"['analogy', 'comparison', 'corollary', 'resemblance', 'similarity']"
durability,"['endurance', 'grit', 'persistence', 'stamina', 'staying power']"
duration,"['continuation', 'extent', 'period', 'span']"
dust,"['dirt', 'earth', 'grime', 'lint', 'powder', 'sand', 'soil', 'soot']"
dustbin,"['garbage pail', 'litter basket', 'trash barrel', 'trash bin', 'trash can', 'wastebasket', 'wastebin', 'wastepaper basket']"
duty,"['burden', 'business', 'charge', 'chore', 'commission', 'commitment', 'contract', 'function', 'job', 'need', 'obligation', 'office', 'role', 'service', 'task', 'work']"
eagle,"['aviator', 'captain', 'flier', 'leader', 'navigator']"
Earl,"['aristocrat', 'baron', 'bishop', 'captain', 'commandant', 'commander', 'count', 'dad', 'don', 'duke', 'governor', 'king', 'leader', 'liege', 'magnate', 'marquis', 'monarch', 'nobility', 'noble', 'nobleman', 'overlord', 'parliamentarian', 'patrician', 'peer', 'potentate', 'prince', 'royalty', 'ruler', 'seigneur', 'sovereign', 'superior', 'viscount']"
earnings,"['bottom line', 'gain', 'income', 'pay', 'proceeds', 'profit', 'return', 'revenue', 'salary']"
earphone,[]
ease,"['calm', 'calmness', 'comfort', 'content', 'luxury', 'relaxation', 'satisfaction', 'serenity']"
easter,[]
echo,"['imitation', 'parallel', 'reflection', 'repetition', 'reverberation']"
economics,"['business', 'finance', 'social science']"
economist,"['business analyst', 'financial expert']"
economy,['recession']
ecosystem,['environs']
edge,"['boundary', 'brink', 'corner', 'end', 'fringe', 'line', 'lip', 'margin', 'mouth', 'outskirt', 'peak', 'perimeter', 'point', 'rim', 'shore', 'side', 'threshold', 'tip', 'verge']"
edition,"['copy', 'program', 'publication', 'release', 'version', 'volume']"
editor,"['copyholder', 'copyreader', 'deskman', 'newspaperman', 'newspaperwoman', 'proofreader', 'reviser', 'rewriter']"
education,"['culture', 'discipline', 'improvement', 'information', 'learning', 'literacy', 'scholarship', 'schooling', 'science', 'study', 'teaching', 'training']"
effect,"['aftermath', 'consequence', 'development', 'event', 'fallout', 'issue', 'outcome', 'ramification', 'reaction', 'repercussion', 'response', 'side effect']"
effectiveness,"['capability', 'clout', 'effect', 'efficacy', 'efficiency', 'performance', 'potency', 'power', 'strength', 'success', 'validity']"
efficiency,"['ability', 'adaptability', 'capability', 'competence', 'energy', 'expertise', 'performance', 'productivity', 'readiness', 'skill', 'talent']"
effort,"['achievement', 'attempt', 'battle', 'creation', 'endeavor', 'exercise', 'force', 'industry', 'intention', 'power', 'production', 'push', 'resolution', 'struggle', 'training']"
egyptian,[]
elbow,['joint']
election,"['appointment', 'ballot', 'balloting', 'decision', 'poll', 'primary', 'referendum', 'selection']"
electorate,"['constituency', 'voter']"
electricity,"['heat', 'service']"
electron,"['heat', 'service']"
electronics,"['VCRs', 'camcorders', 'computers', 'transistors']"
element,"['aspect', 'bit', 'component', 'detail', 'factor', 'fundamental', 'ingredient', 'item', 'material', 'matter', 'member', 'part', 'piece', 'principle', 'view']"
elite,['exclusive']
embassy,"['commission', 'consulate', 'delegation', 'ministry']"
emergency,"['accident', 'crunch', 'difficulty', 'necessity', 'tension']"
emission,"['discharge', 'radiation']"
emotion,"['affection', 'anger', 'concern', 'desire', 'despair', 'empathy', 'excitement', 'feeling', 'fervor', 'grief', 'happiness', 'joy', 'love', 'passion', 'pride', 'rage', 'remorse', 'sadness', 'sentiment', 'shame', 'sorrow', 'sympathy', 'warmth']"
Emperor,"['czar', 'dictator', 'empress', 'king', 'monarch', 'sultan']"
emphasis,"['attention', 'insistence', 'intensity', 'priority', 'significance', 'strength', 'stress', 'weight']"
empire,['authority']
employee,"['agent', 'attendant', 'clerk', 'laborer', 'member', 'operator', 'representative', 'staff member', 'worker']"
employer,"['boss', 'company', 'corporation', 'entrepreneur', 'executive', 'firm', 'management', 'manager', 'manufacturer', 'organization', 'owner']"
employment,"['business', 'contracting', 'enrollment', 'hiring', 'job', 'recruitment', 'service', 'trade']"
enchantment,"['charm', 'magic', 'sorcery', 'witchery']"
encounter,"['confrontation', 'interview', 'rendezvous']"
encouragement,"['assistance', 'backing', 'cheer', 'comfort', 'confidence', 'consolation', 'faith', 'fortitude', 'incentive', 'inspiration', 'optimism', 'reassurance', 'relief', 'reward', 'stimulation', 'stimulus']"
enemy,"['adversary', 'agent', 'antagonist', 'attacker', 'bandit', 'competitor', 'criminal', 'detractor', 'foe', 'guerrilla', 'invader', 'murderer', 'opponent', 'opposition', 'prosecutor', 'rebel', 'rival', 'spy', 'terrorist', 'traitor', 'villain']"
engagement,"['commitment', 'obligation', 'pact']"
engineering,"['construction', 'manufacturing']"
enquiry,"['inquiry', 'inquisition', 'query']"
enterprise,"['activity', 'business', 'company', 'firm', 'operation', 'program', 'project', 'trade', 'venture']"
entertainment,"['ball', 'bash', 'blast', 'celebration', 'cheer', 'clambake', 'delight', 'dissipation', 'distraction', 'diversion', 'enjoyment', 'feast', 'frolic', 'fun', 'gaiety', 'game', 'merriment', 'merrymaking', 'party', 'pastime', 'picnic', 'play', 'recreation', 'relaxation', 'relief', 'revelry', 'satisfaction', 'shindig', 'sport', 'spree', 'surprise', 'treat']"
enthusiasm,"['ardor', 'devotion', 'eagerness', 'emotion', 'energy', 'feeling', 'fervor', 'frenzy', 'fury', 'intensity', 'interest', 'joy', 'passion', 'spirit', 'warmth', 'zeal']"
entitlement,"['authorization', 'certificate', 'charter', 'consent', 'exemption', 'grant', 'immunity', 'permit', 'privilege', 'right', 'ticket', 'warrant']"
entity,"['body', 'individual']"
entrance,"['access', 'avenue', 'corridor', 'door', 'doorway', 'entry', 'entryway', 'gate', 'hall', 'hallway', 'lobby', 'opening', 'passageway', 'porch', 'port', 'staircase']"
entrepreneur,"['administrator', 'contractor', 'executive', 'manager', 'producer']"
entry,"['access', 'entrance', 'opening', 'passage']"
environment,"['climate', 'habitat', 'setting', 'situation', 'status', 'surroundings']"
episode,"['chapter', 'event', 'experience', 'incident', 'installment', 'matter', 'thing']"
equality,"['civil rights', 'coordination', 'equal opportunity', 'fairness', 'identity', 'impartiality', 'parity', 'tolerance']"
equation,"['comparison', 'equalization']"
equilibrium,"['calmness', 'composure', 'serenity', 'stability', 'symmetry']"
equipment,"['apparatus', 'furnishings', 'furniture', 'machinery', 'material']"
equity,['fairness']
equivalence,"['agreement', 'alikeness', 'compatibility', 'conformity', 'correlation', 'correspondence', 'equality', 'evenness', 'exchangeability', 'identity', 'interchangeability', 'interchangeableness', 'likeness', 'match', 'par', 'parallel', 'parity', 'synonym', 'synonymy']"
equivalent,"['commensurate', 'comparable', 'corresponding', 'equal', 'identical', 'proportionate', 'tantamount']"
era,"['age', 'cycle', 'day', 'generation', 'stage', 'term', 'time']"
error,"['blunder', 'failure', 'fault', 'flaw', 'glitch', 'inaccuracy', 'lapse', 'miscalculation', 'miscue', 'misdeed', 'mismanagement', 'misstep', 'misunderstanding', 'offense', 'omission', 'sin', 'transgression', 'wrongdoing']"
escape,"['breakout', 'departure', 'desertion', 'disappearance', 'flight', 'freedom', 'liberation', 'outbreak', 'rescue', 'withdrawal']"
essay,"['article', 'discussion', 'dissertation', 'manuscript', 'paper', 'piece', 'study', 'thesis', 'treatise']"
essence,"['aspect', 'basis', 'bottom line', 'character', 'core', 'crux', 'element', 'lifeblood', 'meaning', 'nature', 'principle', 'quality', 'reality', 'root', 'soul', 'spirit', 'structure', 'substance']"
establishment,"['formation', 'formulation', 'founding', 'inauguration', 'installation', 'institution']"
estate,"['area', 'farm', 'parcel', 'plantation', 'ranch', 'residence']"
estimate,"['appraisal', 'assessment', 'conclusion', 'estimation', 'evaluation', 'guess', 'measure', 'measurement', 'opinion', 'projection', 'rating', 'survey', 'valuation']"
ethic,"['fairness', 'integrity', 'moral', 'morality', 'principle', 'virtue']"
euphemism,"['circumlocution', 'delicacy', 'floridness', 'grandiloquence', 'inflation', 'pomposity', 'pretense', 'purism']"
european,[]
evaluation,"['appraisal', 'assessment', 'calculation', 'decision', 'interpretation', 'opinion']"
event,"['accident', 'act', 'action', 'affair', 'appearance', 'business', 'case', 'celebration', 'ceremony', 'circumstance', 'crisis', 'development', 'episode', 'experience', 'fact', 'holiday', 'incident', 'matter', 'occasion', 'situation', 'story', 'thing']"
evidence,"['clue', 'confirmation', 'data', 'deposition', 'documentation', 'indication', 'information', 'sign', 'testimony', 'witness']"
evil,"['bad', 'corrupt', 'destructive', 'hateful', 'heinous', 'hideous', 'malevolent', 'malicious', 'nefarious', 'ugly', 'unpleasant', 'vicious', 'vile', 'villainous', 'wicked']"
evolution,"['change', 'enlargement', 'expansion', 'growth', 'progression', 'transformation']"
exaggeration,"['baloney', 'excess', 'fabrication', 'falsehood', 'fantasy', 'hyperbole', 'misjudgment', 'misrepresentation', 'untruth']"
examination,"['audit', 'checking', 'checkup', 'cross-examination', 'diagnosis', 'experiment', 'exploration', 'inquiry', 'inspection', 'interrogation', 'investigation', 'observation', 'probe', 'questioning', 'questionnaire', 'raid', 'research', 'review', 'scan', 'scrutiny', 'search', 'study', 'survey', 'trial']"
exception,['omission']
excess,"['exuberance', 'glut', 'overkill', 'surplus', 'waste']"
exchange,"['change', 'commerce', 'network', 'swap', 'transaction', 'transfer']"
excitement,"['adventure', 'buzz', 'commotion', 'confusion', 'drama', 'elation', 'emotion', 'feeling', 'frenzy', 'furor', 'fuss', 'hysteria', 'motivation', 'passion', 'rage', 'thrill', 'trepidation', 'tumult', 'turmoil', 'warmth']"
exclusion,"['boycott', 'discharge', 'elimination', 'embargo', 'eviction', 'omission', 'prohibition', 'refusal', 'rejection', 'removal', 'segregation', 'separation', 'suspension', 'veto']"
excuse,"['alibi', 'apology', 'justification', 'pretext', 'rationalization', 'substitute', 'trick']"
execution,"['crucifixion', 'decapitation', 'electrocution', 'gassing', 'hanging', 'hit', 'impalement', 'punishment', 'shooting', 'strangulation']"
executive,['managerial']
exercise,"['act', 'action', 'activity', 'drill', 'examination', 'lesson', 'movement', 'operation', 'performance', 'problem', 'study', 'task', 'test', 'training', 'workout']"
exhibition,"['advertisement', 'airing', 'carnival', 'display', 'exhibit', 'expo', 'exposition', 'fair', 'fireworks', 'flash', 'front', 'manifestation', 'offering', 'pageant', 'performance', 'presentation', 'representation', 'show', 'sight', 'spectacle']"
exhibitor,"['counselor', 'mentor', 'model', 'pilot', 'teacher']"
existence,"['continuation', 'presence', 'reality', 'survival', 'world']"
expansion,"['development', 'enlargement', 'extension', 'increase', 'inflation', 'spread']"
expatriate,"['emigrant', 'evacuee', 'exile', 'migrant', 'refugee']"
expectation,"['assumption', 'chance', 'confidence', 'fear', 'forecast', 'hope', 'intention', 'likelihood', 'notion', 'outlook', 'possibility', 'prediction', 'promise', 'prospect', 'trust', 'view']"
expediency,['practicality']
expedition,"['caravan', 'crew', 'cruise', 'crusade', 'excursion', 'exploration', 'jaunt', 'outing', 'patrol', 'quest', 'safari', 'squadron', 'tour', 'travel', 'trek', 'trip', 'undertaking']"
expenditure,"['amount', 'consumption', 'cost', 'disbursement', 'expense', 'figure', 'investment', 'outlay', 'output', 'price', 'rate', 'spending', 'value']"
expense,"['amount', 'budget', 'charge', 'consumption', 'debt', 'expenditure', 'insurance', 'investment', 'liability', 'loan', 'loss', 'mortgage', 'obligation', 'outlay', 'payroll', 'price', 'price tag', 'rate', 'risk', 'spending', 'sum', 'tariff', 'value']"
experience,"['action', 'background', 'contact', 'involvement', 'know-how', 'maturity', 'participation', 'patience', 'practice', 'reality', 'sense', 'skill', 'struggle', 'training', 'understanding', 'wisdom']"
experiment,"['analysis', 'attempt', 'enterprise', 'examination', 'exercise', 'experimentation', 'measure', 'observation', 'operation', 'practice', 'probe', 'procedure', 'research', 'search', 'study', 'trial', 'undertaking', 'venture']"
expert,"['adept', 'adroit', 'deft', 'experienced', 'skilled', 'skillful', 'trained']"
expertise,"['ability', 'competence', 'facility', 'judgment', 'know-how', 'proficiency', 'prowess', 'savvy', 'skill']"
explanation,"['account', 'answer', 'cause', 'comment', 'commentary', 'confession', 'definition', 'description', 'evidence', 'example', 'excuse', 'expression', 'information', 'interpretation', 'justification', 'meaning', 'motive', 'note', 'report', 'resolution', 'sense', 'statement', 'story', 'summary']"
exploration,"['analysis', 'examination', 'expedition', 'inspection', 'research', 'search', 'study', 'travel']"
explosion,"['blast', 'burst', 'detonation', 'firing', 'outbreak', 'outburst']"
export,"['dump', 'ship', 'smuggle', 'transport']"
exposure,"['disclosure', 'hazard', 'liability', 'publicity', 'risk', 'vulnerability']"
expression,"['definition', 'explanation', 'interpretation', 'language', 'phrase', 'remark', 'speech', 'statement', 'style', 'term', 'voice', 'word']"
expulsion,"['banishment', 'discharge', 'displacement', 'ejection', 'eviction', 'exclusion', 'ouster', 'purge', 'removal', 'suspension']"
extension,"['delay', 'development', 'expansion', 'increase', 'postponement']"
extent,"['amount', 'breadth', 'degree', 'duration', 'expansion', 'intensity', 'length', 'matter', 'measure', 'quantity', 'scope', 'size', 'term']"
extract,"['excerpt', 'juice', 'quotation']"
extraction,['eradication']
fabric,"['fiber', 'goods', 'textile', 'texture']"
facet,"['angle', 'appearance', 'character', 'face', 'feature', 'front', 'hand', 'level', 'obverse', 'part', 'phase', 'plane', 'side', 'slant', 'switch', 'twist']"
facility,"['address', 'adroitness', 'aptitude', 'bent', 'competence', 'dexterity', 'efficiency', 'effortlessness', 'expertness', 'fluency', 'knack', 'leaning', 'lightness', 'poise', 'proficiency', 'propensity', 'quickness', 'readiness', 'skill', 'skillfulness', 'smoothness', 'spontaneity', 'tact', 'turn', 'wit']"
facsimile,"['likeness', 'photocopy', 'replica']"
factor,"['aspect', 'cause', 'circumstance', 'component', 'consideration', 'element', 'influence', 'ingredient', 'part', 'point', 'thing']"
factory,"['branch', 'cooperative', 'firm', 'industry', 'laboratory', 'mill', 'shop', 'workshop']"
faculty,"['adroitness', 'aptitude', 'aptness', 'bent', 'capability', 'capacity', 'cleverness', 'dexterity', 'facility', 'flair', 'forte', 'genius', 'gift', 'instinct', 'intelligence', 'knack', 'leaning', 'nose', 'peculiarity', 'penchant', 'pistol', 'power', 'predilection', 'proclivity', 'propensity', 'property', 'quality', 'readiness', 'reason', 'sense', 'strength', 'talent', 'turn', 'wits']"
failure,"['bankruptcy', 'breakdown', 'collapse', 'decline', 'defeat', 'deficiency', 'deterioration', 'failing', 'loss', 'misstep']"
fairway,"['back nine', 'front nine', 'green', 'links']"
faith,"['acceptance', 'belief', 'confidence', 'conviction', 'hope', 'loyalty', 'truth']"
fang,"['fangs', 'tooth']"
fantasy,"['delusion', 'fancy', 'illusion', 'nightmare', 'reverie', 'vision']"
farmer,"['grower', 'laborer', 'peasant', 'producer', 'rancher']"
fashion,"['fad', 'form', 'look', 'mode', 'model', 'pattern', 'shape', 'thing', 'tone', 'trend']"
fate,"['chance', 'circumstance', 'consequence', 'destiny', 'effect', 'future', 'issue', 'outcome']"
Father,"['ancestor', 'dad', 'parent', 'predecessor']"
fault,"['blunder', 'crime', 'defect', 'error', 'failing', 'flaw', 'guilt', 'indiscretion', 'lapse', 'liability', 'misconduct', 'miscue', 'misdeed', 'negligence', 'offense', 'omission', 'oversight', 'responsibility', 'transgression', 'weakness', 'wrong', 'wrongdoing']"
favour,[]
fear,"['angst', 'anxiety', 'concern', 'despair', 'dismay', 'doubt', 'dread', 'horror', 'jitters', 'panic', 'scare', 'suspicion', 'terror', 'unease', 'uneasiness', 'worry']"
feature,"['article', 'aspect', 'character', 'component', 'detail', 'element', 'factor', 'ingredient', 'item', 'quality', 'trait']"
federalism,[]
federation,"['association', 'league', 'union']"
fee,"['account', 'bill', 'commission', 'compensation', 'cost', 'cut', 'expense', 'pay', 'payment', 'price', 'reward', 'salary', 'share', 'stipend', 'wage']"
feeling,"['awareness', 'excitement', 'feel', 'pain', 'perception', 'pleasure', 'reaction', 'sense', 'sensitivity']"
fellow,"['assistant', 'associate', 'companion', 'instructor', 'lecturer', 'professor']"
feminism,['feminist movement']
fen,"['bog', 'mire', 'moor', 'quagmire', 'wetland']"
fence,"['bar', 'barbed wire', 'barricade', 'block', 'dike', 'net', 'rail', 'railing', 'roadblock', 'wall']"
fender,['bumper']
ferocity,"['barbarity', 'bloodthirstiness', 'brutality', 'cruelty', 'ferociousness', 'murderousness', 'savagery', 'viciousness', 'violence', 'wildness']"
ferry,"['barge', 'ferryboat']"
fever,"['delirium', 'frenzy', 'turmoil']"
fibre,[]
fiction,"['best seller', 'book', 'drama', 'fable', 'fantasy', 'imagination', 'legend', 'myth', 'narrative', 'novel', 'tale', 'yarn']"
fiddle,"['fidget', 'fool', 'interfere']"
Field,"['farmland', 'garden', 'grassland', 'green', 'ground', 'meadow', 'pasture', 'range', 'terrain', 'territory']"
fight,"['action', 'altercation', 'argument', 'battle', 'bout', 'brawl', 'clash', 'combat', 'conflict', 'confrontation', 'contest', 'controversy', 'disagreement', 'dispute', 'duel', 'exchange', 'feud', 'match', 'melee', 'quarrel', 'riot', 'rivalry', 'round', 'scuffle', 'skirmish', 'struggle', 'war', 'wrangling']"
fighter,"['assailant', 'boxer', 'champion', 'combatant', 'mercenary', 'militant', 'opponent', 'soldier', 'tanker', 'warlord', 'warrior']"
figure,"['amount', 'character', 'cost', 'number', 'price', 'rate', 'sum', 'symbol', 'total']"
file,"['book', 'case', 'data', 'directory', 'dossier', 'folder', 'information', 'list', 'notebook', 'record']"
filename,[]
filling,"['dressing', 'layer', 'mixture', 'stuffing']"
filter,"['clean', 'drain', 'dribble', 'leak', 'penetrate', 'percolate', 'permeate', 'refine', 'sift', 'trickle', 'winnow']"
finance,"['banking', 'business', 'commerce', 'economics', 'investment']"
finding,"['conclusion', 'data', 'decision', 'discovery', 'recommendation']"
fingerprint,"['dab', 'identify', 'mark']"
firing,"['enkindle', 'ignite', 'kindle', 'light']"
firm,"['hard', 'rigid', 'solid', 'stiff', 'sturdy', 'substantial', 'thick', 'tough', 'unyielding']"
fishing,['fly-fishing']
fist,"['clenched fist', 'hand', 'paw']"
fitness,"['health', 'strength', 'vigor']"
flake,['leaf']
flame,"['blaze', 'conflagration', 'flare', 'flash', 'light', 'wildfire']"
flavour,[]
fleet,['speedy']
flesh,"['beef', 'fat', 'meat', 'muscle']"
flexibility,['resilience']
flood,"['deluge', 'downpour', 'flow', 'glut', 'spate', 'stream', 'surge', 'tide', 'torrent', 'tsunami', 'wave']"
floor,"['basement', 'canvas', 'carpet', 'deck', 'flooring', 'ground', 'mat', 'rug', 'stage']"
flow,"['discharge', 'flood', 'leakage', 'movement', 'outflow', 'progress', 'stream', 'tide', 'wind']"
fluency,['eloquence']
fluid,['flowing']
fluke,"['blessing', 'quirk']"
focus,"['focal point', 'spotlight', 'target']"
folk,"['community', 'family', 'group', 'people', 'public']"
fool,"['ass', 'boob', 'buffoon', 'clown', 'idiot', 'jerk', 'moron', 'nerd', 'nitwit', 'stooge', 'sucker', 'twit']"
force,"['effort', 'strength', 'violence']"
ford,"['connect', 'cover', 'cross', 'extend', 'traverse']"
forecast,"['budget', 'calculation', 'estimate', 'outlook', 'prognosis', 'projection']"
foreground,"['cutting edge', 'fore', 'leading edge', 'limelight', 'vanguard']"
forehead,"['front', 'temples']"
forest,"['jungle', 'park', 'thicket', 'timber', 'wood', 'woodland']"
form,"['design', 'fashion', 'mode', 'model', 'pattern', 'plan', 'scheme', 'structure', 'style', 'system']"
format,"['arrangement', 'composition', 'configuration', 'form', 'pattern', 'scheme', 'setup', 'shape', 'size']"
formation,"['arrangement', 'construction', 'creation', 'design', 'development', 'evolution', 'forming', 'pattern', 'production', 'structure']"
formula,"['blueprint', 'canon', 'code', 'credo', 'creed', 'custom', 'description', 'direction', 'equation', 'form', 'formulary', 'maxim', 'method', 'precept', 'prescription', 'principle', 'procedure', 'rite', 'ritual', 'rote', 'rubric', 'specifications', 'theorem', 'way']"
fortnight,[]
fortune,"['affluence', 'capital', 'estate', 'inheritance', 'opulence', 'portion', 'property', 'prosperity', 'resources', 'riches', 'substance', 'treasure', 'worth']"
forum,"['conference', 'convention', 'gathering', 'seminar', 'symposium']"
foundation,"['authority', 'base', 'bedrock', 'groundwork', 'infrastructure', 'support']"
founder,"['architect', 'author', 'benefactor', 'builder', 'creator', 'designer', 'inventor', 'organizer', 'patron', 'planner']"
fountain,"['geyser', 'reservoir', 'stream']"
fraction,"['chunk', 'half', 'portion']"
fragment,"['bit', 'chunk', 'hunk', 'lump', 'particle', 'piece', 'portion', 'remnant', 'scrap', 'shred', 'sliver']"
frame,"['body', 'cage', 'fabric', 'framework', 'physique', 'scaffolding', 'structure']"
framework,"['groundwork', 'plan', 'scheme', 'structure']"
fraud,"['blackmail', 'deceit', 'extortion', 'graft', 'hoax', 'misrepresentation', 'scam']"
freedom,"['ability', 'exemption', 'flexibility', 'immunity', 'opportunity', 'power', 'privilege', 'right']"
frequency,"['density', 'number', 'prevalence', 'recurrence', 'regularity', 'repetition']"
front,['frontal']
fruition,['materialization']
frustration,"['annoyance', 'dissatisfaction', 'failure', 'grievance', 'irritation', 'resentment']"
fuel,"['ammunition', 'electricity', 'food', 'gas', 'material']"
fullness,"['completeness', 'saturation', 'totality', 'wholeness']"
function,"['action', 'activity', 'affair', 'behavior', 'business', 'duty', 'exercise', 'objective', 'operation', 'part', 'power', 'purpose', 'responsibility', 'role', 'service', 'situation', 'task', 'work']"
fund,"['capital', 'endowment', 'foundation', 'stock', 'supply', 'treasury', 'trust']"
fundamentalist,"['fanatic', 'zealot']"
funding,"['backing', 'cash', 'financing', 'money']"
funeral,"['burial', 'cremation']"
funnel,"['channel', 'filter', 'pour', 'siphon', 'transmit']"
furnace,"['boiler', 'heater', 'heating system', 'incinerator', 'kiln', 'stove']"
future,"['eventual', 'forthcoming', 'imminent', 'impending', 'planned', 'prospective', 'subsequent', 'ultimate']"
gain,"['achievement', 'advance', 'advantage', 'benefit', 'boost', 'cut', 'dividend', 'earnings', 'growth', 'hike', 'improvement', 'income', 'increase', 'payoff', 'proceeds', 'profit', 'progress', 'return', 'rise', 'share', 'yield']"
gait,['bearing']
gallery,['arcade']
gallon,"['British imperial liquid measure', 'US liquid measure', 'cup', 'gill', 'liquid unit', 'pint', 'quart']"
gambit,"['artifice', 'design', 'device', 'gimmick', 'jig', 'maneuver', 'play', 'ploy', 'ruse', 'trick']"
gang,"['band', 'bunch', 'clan', 'clique', 'company', 'crew', 'organization', 'party', 'ring', 'squad', 'syndicate', 'team', 'tribe', 'troop']"
gap,"['chasm', 'crack', 'cut', 'difference', 'disagreement', 'disparity', 'divergence', 'divide', 'division', 'hole', 'inconsistency', 'rift', 'void']"
garland,['wreath']
gaze,"['glaring', 'gun', 'look', 'looking', 'ogling', 'peek', 'peep', 'scrutiny', 'seeing', 'survey', 'watching']"
gear,"['accessory', 'apparatus', 'harness', 'instrument', 'kit', 'luggage', 'machinery', 'material', 'paraphernalia', 'stuff', 'supply']"
gearbox,"['broadcast', 'communication', 'delivery']"
Gen,[]
gender,"['common', 'feminine', 'masculine', 'neuter']"
gene,"['RNA', 'chromosome', 'heredity']"
General,"['accustomed', 'broad', 'commonplace', 'familiar', 'generic', 'humdrum', 'natural', 'normal', 'ordinary', 'prevailing', 'public', 'regular', 'routine', 'universal']"
generation,"['bearing', 'breeding', 'formation', 'genesis', 'origination', 'procreation', 'propagation', 'reproduction']"
gentleman,"['cavalier', 'don', 'sir']"
gentleness,"['kindness', 'tenderness']"
geography,"['earth science', 'geology', 'geopolitics', 'topography']"
geologist,"['earth scientist', 'mineral collector', 'rock collector', 'rock hobbyist', 'rock hunter']"
gesture,"['action', 'body language', 'expression', 'indication', 'nod', 'reminder', 'salute', 'sign', 'signal', 'token']"
ghost,"['demon', 'devil', 'phantom', 'shadow', 'soul', 'specter', 'vampire', 'vision']"
giant,"['big', 'colossal', 'enormous', 'gargantuan', 'gigantic', 'huge', 'hulking', 'humongous', 'immense', 'jumbo', 'mammoth', 'monstrous', 'vast']"
girlfriend,"['companion', 'friend', 'partner', 'sweetheart']"
glance,"['glimpse', 'peek']"
glory,"['celebrity', 'dignity', 'grandeur', 'greatness', 'honor', 'immortality', 'majesty', 'prestige', 'reputation', 'splendor', 'triumph']"
gloss,"['glaze', 'luster', 'varnish', 'veneer']"
goal,"['ambition', 'intention', 'objective', 'target']"
golf,"['eighteen holes', 'medal play', 'nine holes']"
goods,"['equipment', 'furnishings', 'furniture', 'property']"
Governor,"['administrator', 'boss', 'chief', 'commander', 'comptroller', 'controller', 'director', 'executive', 'head', 'leader', 'manager', 'overseer', 'ruler', 'superintendent', 'supervisor']"
gp,"['G.P.', 'family physician', 'family practitioner']"
grace,"['agility', 'beauty', 'decency', 'decorum', 'dexterity', 'dignity', 'ease', 'elegance', 'finesse', 'poise', 'refinement', 'style']"
graduate,"['alum', 'alumnus', 'doctor', 'grad', 'recipient']"
grain,"['cereal', 'corn']"
grant,"['allocation', 'allotment', 'appropriation', 'assistance', 'award', 'charity', 'concession', 'contribution', 'donation', 'endowment', 'fellowship', 'handout', 'reward', 'scholarship', 'stipend', 'subsidy']"
graphics,"['artwork', 'computer graphics', 'visuals']"
grass,"['barley', 'hay', 'meadow', 'pasture', 'sod', 'turf']"
grassland,"['pasture', 'plain', 'prairie', 'savanna', 'steppe']"
grave,"['dignified', 'dull', 'earnest', 'heavy', 'muted', 'quiet', 'sage', 'sedate', 'sober', 'subdued']"
greek,"['baffling', 'impenetrable', 'inconceivable', 'mystifying', 'opaque', 'puzzling', 'unfathomable', 'unimaginable', 'unintelligible']"
greeting,"['card', 'hello', 'letter', 'nod', 'ovation', 'reception', 'salute']"
grid,"['framework', 'network']"
grief,"['agony', 'anguish', 'bereavement', 'despair', 'discomfort', 'gloom', 'heartache', 'heartbreak', 'melancholy', 'misery', 'mourning', 'pain', 'regret', 'remorse', 'sadness', 'sorrow', 'trouble', 'unhappiness', 'woe', 'worry']"
grille,"['framework', 'network']"
grip,"['constraint', 'grasp', 'restraint']"
ground,"['dirt', 'field', 'landscape', 'park', 'sand', 'soil', 'terrain', 'turf']"
group,"['association', 'band', 'body', 'class', 'club', 'company', 'crowd', 'faction', 'gang', 'organization', 'party', 'society', 'troop']"
growl,"['grunt', 'howl', 'moan', 'rumble']"
growth,"['advance', 'advancement', 'expansion', 'gain', 'hike', 'improvement', 'increase', 'production', 'prosperity', 'rise', 'success', 'surge']"
guarantee,"['agreement', 'assurance', 'certificate', 'collateral', 'contract', 'deposit', 'insurance', 'security', 'warranty']"
guard,"['defender', 'escort', 'warden']"
guardian,"['angel', 'attendant', 'baby-sitter', 'cerberus', 'champion', 'chaperon', 'chaperone', 'conservator', 'cop', 'curator', 'custodian', 'defender', 'escort', 'guard', 'keeper', 'nurse', 'overseer', 'paladin', 'patrol', 'preserver', 'safeguard', 'sentinel', 'shepherd', 'sitter', 'sponsor', 'superintendent', 'supervisor', 'trustee', 'vigilante', 'warden', 'watchdog']"
guest,"['caller', 'client', 'companion', 'customer', 'inmate', 'patron', 'recipient', 'tenant', 'vacationer', 'visitor']"
guidance,"['advice', 'direction', 'instruction', 'intelligence', 'leadership', 'management', 'navigation', 'supervision', 'teaching']"
guidebook,"['manual', 'map', 'reference book']"
guideline,"['code', 'ground rule', 'guidance', 'instruction', 'protocol', 'rule']"
guilt,"['culpability', 'disgrace', 'indiscretion', 'liability', 'regret', 'remorse', 'responsibility', 'shame', 'sin', 'stigma']"
gun,"['cannon', 'handgun', 'hardware', 'mortar', 'piece', 'pistol', 'revolver', 'rifle', 'shotgun']"
habit,"['custom', 'manner', 'mode', 'nature', 'obsession', 'pattern', 'quirk', 'routine', 'style', 'thing', 'usage']"
habitat,"['cave', 'dwelling', 'environment', 'haven', 'nest', 'surroundings', 'terrain', 'territory']"
hall,"['entrance', 'foyer', 'gallery', 'hallway', 'lobby', 'room', 'rotunda']"
hallmark,"['indication', 'trademark']"
hallucination,"['illusion', 'phantom']"
hamstring,"['cripple', 'debilitate', 'handicap', 'hinder', 'hobble', 'immobilize', 'impair', 'paralyze', 'weaken']"
handful,"['few', 'scattering', 'smattering', 'sprinkling']"
handicap,"['affliction', 'barrier', 'burden', 'disability', 'drawback', 'hindrance', 'impairment', 'impediment', 'obstacle', 'shortcoming', 'stumbling block']"
handle,"['knob', 'shaft', 'stem']"
handling,"['administration', 'approach', 'care', 'conduct', 'manipulation', 'supervision', 'treatment']"
harbour,[]
hardware,"['housewares', 'plumbing']"
harm,"['abuse', 'damage', 'disservice', 'impairment', 'loss', 'mischief', 'misuse', 'sabotage', 'vandalism', 'violence', 'wrong']"
hatch,"['breed', 'come up with', 'conceive', 'concoct', 'devise', 'dream up', 'formulate', 'incubate', 'invent', 'originate', 'spawn']"
hawk,"['belligerent', 'chauvinist', 'jingo', 'jingoist', 'militarist', 'warmonger']"
hazard,"['peril', 'risk', 'threat']"
heading,"['caption', 'description', 'descriptor', 'headline', 'label', 'legend', 'lemma', 'rubric']"
headline,"['caption', 'title']"
headmaster,"['principal', 'superintendent']"
headquarters,"['command post', 'main office', 'nerve center']"
hearing,"['audition', 'distinguishing', 'ear', 'earshot', 'effect', 'extent', 'faculty', 'listening', 'perception', 'range', 'reach', 'recording', 'sense']"
heat,"['fever', 'hot weather', 'warmth']"
heaven,"['Promised Land', 'immortality', 'nirvana', 'paradise']"
heavyweight,"['fat', 'gross', 'l', 'large']"
hedge,"['fence', 'shrubbery']"
heel,"['attend', 'obey']"
heifer,"['dogie', 'maverick', 'veal', 'yearling']"
height,"['ceiling', 'crest', 'elevation', 'extent', 'peak', 'pinnacle', 'prominence', 'stature']"
helicopter,['chopper']
helm,"['command', 'control', 'controls', 'leadership', 'rudder', 'tiller']"
helplessness,"['convalescence', 'disorder', 'weakness']"
hepatitis,[]
herbarium,[]
heritage,"['ancestry', 'culture', 'custom', 'legacy', 'right', 'tradition']"
hermit,['recluse']
hero,"['grinder', 'hoagie', 'sub', 'submarine', 'torpedo']"
herring,[]
hierarchy,"['pecking order', 'ranking']"
highway,"['artery', 'avenue', 'boulevard', 'freeway', 'interstate', 'parking lot', 'path', 'roadway', 'street', 'superhighway', 'thoroughfare', 'track', 'turnpike']"
hillside,"['border', 'bottom', 'face', 'front', 'hand', 'part', 'rear', 'sector', 'surface', 'top', 'view']"
hint,"['advice', 'announcement', 'clue', 'evidence', 'idea', 'implication', 'impression', 'information', 'inkling', 'intimation', 'mention', 'notion', 'reference', 'reminder', 'scent', 'sign', 'suspicion', 'symptom', 'taste', 'tinge', 'tip', 'trace', 'warning', 'whiff', 'whisper', 'wink', 'wrinkle']"
hip,"['chic', 'contemporary', 'cool', 'hot', 'modern', 'new', 'smart', 'sophisticated', 'trendy']"
historian,"['professor', 'teacher', 'writer']"
history,['past']
hit,"['bat', 'blow', 'punch', 'shot', 'swing']"
hold,"['dominance', 'grip', 'influence']"
holder,"['buyer', 'landowner', 'partner', 'purchaser']"
holding,"['equity', 'goods', 'ownership', 'property']"
hole,"['break', 'crack', 'crater', 'cut', 'dent', 'gap', 'mouth', 'pit', 'pocket', 'space', 'tunnel', 'void', 'window']"
holidaymaker,[]
honour,[]
hook,['curve']
hope,"['achievement', 'ambition', 'anticipation', 'aspiration', 'belief', 'concern', 'confidence', 'desire', 'expectation', 'faith', 'goal', 'optimism', 'promise', 'prospect', 'wish']"
horizon,"['boundary', 'perspective', 'prospect', 'scope']"
horn,"['beak', 'snout']"
host,"['anchor', 'entertainer', 'manager', 'moderator', 'owner', 'presenter']"
hostel,"['hotel', 'inn']"
hostility,"['aggression', 'animosity', 'antipathy', 'bitterness', 'enmity', 'estrangement', 'hatred', 'ill will', 'opposition', 'rancor', 'resentment', 'war']"
household,"['everyday', 'ordinary']"
housing,"['construction', 'digs', 'dwelling', 'habitation', 'home', 'house', 'lodgment', 'quarter', 'residence', 'roof', 'shelter']"
humour,[]
hunting,"['angling', 'fishery', 'fishing', 'shooting']"
hut,"['box', 'bungalow', 'cabin', 'chalet', 'cot', 'cottage', 'hovel', 'lean-to', 'lodge', 'shack', 'shanty', 'shed', 'shelter', 'summer house']"
hypothesis,"['assumption', 'axiom', 'conclusion', 'conjecture', 'explanation', 'guess', 'inference', 'interpretation', 'premise', 'proposition', 'rationale', 'supposition', 'theorem', 'thesis']"
id,['psyche']
idea,"['belief', 'concept', 'conclusion', 'design', 'feeling', 'form', 'intention', 'interpretation', 'meaning', 'notion', 'objective', 'opinion', 'perception', 'plan', 'scheme', 'sense', 'solution', 'suggestion', 'theory', 'thought', 'understanding', 'view']"
ideal,"['excellent', 'fitting', 'optimal', 'quintessential']"
identification,"['description', 'passport', 'recognition', 'testimony']"
identity,"['character', 'existence', 'identification', 'integrity', 'name', 'personality', 'status']"
ideology,"['creed', 'culture', 'dogma', 'outlook', 'philosophy', 'theory', 'view']"
illustration,"['example', 'explanation', 'interpretation']"
image,"['appearance', 'copy', 'drawing', 'figure', 'form', 'icon', 'illustration', 'likeness', 'model', 'photograph', 'picture', 'portrait', 'statue']"
imagination,"['artistry', 'awareness', 'fancy', 'fantasy', 'idea', 'image', 'imagery', 'ingenuity', 'insight', 'inspiration', 'intelligence', 'inventiveness', 'originality', 'resourcefulness', 'thought', 'vision', 'wit']"
immediacy,['closeness']
impact,"['brunt', 'shock']"
impatience,"['anger', 'annoyance', 'anxiety', 'eagerness', 'edginess', 'excitement', 'nervousness', 'restlessness', 'uneasiness']"
implementation,"['application', 'discharge', 'employment', 'enjoyment', 'exertion', 'fulfillment', 'operation', 'performance', 'play', 'practice', 'pursuit', 'usage', 'use', 'utilization']"
implication,"['conclusion', 'connotation', 'indication', 'meaning', 'overtone', 'ramification', 'significance']"
import,['construction']
importance,"['attention', 'concern', 'consequence', 'effect', 'emphasis', 'gravity', 'influence', 'interest', 'priority', 'relevance', 'sense', 'seriousness', 'usefulness', 'value']"
imposition,"['artifice', 'cheating', 'con', 'craftiness', 'dissimulation', 'fraud', 'hoax', 'hocus-pocus', 'hypocrisy', 'illusion', 'imposture', 'stratagem', 'trick', 'trickery']"
impression,"['consequence', 'effect', 'feeling', 'impact', 'reaction', 'response']"
imprisonment,"['captivity', 'confinement', 'custody', 'incarceration', 'isolation']"
improvement,"['advance', 'advancement', 'change', 'development', 'enhancement', 'gain', 'growth', 'increase', 'progress', 'recovery', 'renovation', 'revision', 'rise', 'upgrade']"
improvisation,['spontaneity']
incarnation,"['embodiment', 'epitome', 'incorporation', 'manifestation']"
incentive,"['encouragement', 'enticement', 'impetus', 'motivation', 'reason', 'stimulus']"
inception,"['initiation', 'outset']"
inch,"['fingerbreadth', 'square']"
incidence,"['extent', 'frequency', 'percentage', 'prevalence', 'proportion', 'rate']"
incident,"['circumstance', 'episode', 'event', 'fact', 'matter', 'scene']"
income,"['cash', 'compensation', 'earnings', 'interest', 'livelihood', 'pay', 'proceeds', 'profit', 'revenue', 'royalty', 'salary', 'wage']"
increase,"['boost', 'development', 'escalation', 'expansion', 'gain', 'hike', 'increment', 'inflation', 'merger', 'raise', 'rise', 'surge', 'upsurge', 'upturn']"
independence,"['ability', 'autonomy', 'self-determination', 'self-government', 'self-reliance', 'self-rule', 'self-sufficiency', 'separation', 'sovereignty']"
index,"['indicator', 'ratio']"
indication,"['explanation', 'expression', 'gesture', 'hint', 'implication', 'inkling', 'manifestation', 'omen', 'proof', 'reminder', 'sign', 'signal', 'suggestion', 'symptom', 'trace', 'warning']"
indicator,"['barometer', 'gauge', 'index', 'signal', 'symbol']"
individual,"['lone', 'original', 'particular', 'personal', 'respective', 'separate', 'single', 'singular', 'sole', 'special', 'specific']"
inductance,[]
industry,"['business', 'commerce', 'corporation', 'management', 'production', 'trade']"
inequality,"['bias', 'difference', 'discrimination', 'disparity', 'diversity', 'injustice', 'unfairness']"
infant,"['child', 'kid', 'newborn', 'toddler']"
infection,"['bug', 'disease', 'epidemic', 'flu', 'pollution', 'virus']"
inflation,"['boom', 'expansion', 'hike', 'rise']"
influence,"['clout', 'consequence', 'control', 'domination', 'effect', 'force', 'impact', 'importance', 'leadership', 'leverage', 'money', 'pressure', 'prestige', 'repercussion', 'reputation', 'significance', 'weight']"
information,"['advice', 'clue', 'data', 'info', 'instruction', 'intelligence', 'knowledge', 'material', 'message', 'report', 'science', 'tip', 'word']"
ingredient,"['additive', 'element', 'factor', 'piece']"
inhabitant,"['citizen', 'colonist', 'dweller', 'inmate', 'occupant', 'settler']"
initiative,"['action', 'drive', 'leadership', 'push']"
injury,"['abuse', 'bruise', 'burn', 'cramp', 'cut', 'damage', 'fracture', 'laceration', 'loss', 'scar', 'shock', 'sore', 'sprain', 'suffering', 'swelling', 'trauma', 'wound']"
inn,"['hostel', 'hotel', 'lodge', 'motel', 'resort', 'saloon', 'tavern']"
innovation,['modernization']
input,['absorption']
inquiry,"['analysis', 'audit', 'examination', 'hearing', 'inspection', 'interrogation', 'investigation', 'probe', 'query', 'question', 'questioning', 'request', 'research', 'scrutiny', 'search', 'study', 'survey']"
insect,"['ant', 'aphid', 'bee', 'beetle', 'butterfly', 'cockroach', 'dragonfly', 'flea', 'fruit fly', 'gnat', 'grasshopper', 'ladybug', 'mite', 'mosquito', 'moth', 'pest', 'spider', 'termite', 'tick', 'vermin']"
inside,['indoors']
insider,"['abettor', 'accomplice', 'aid', 'aide', 'assistant', 'associate', 'colleague', 'confederate', 'conspirator', 'helper', 'partner', 'plant', 'ringer', 'shill', 'stall', 'subordinate']"
insight,"['acumen', 'intuition', 'judgment', 'observation', 'understanding', 'vision', 'wisdom']"
inspection,"['analysis', 'checkup', 'inquiry', 'investigation', 'probe', 'research', 'review', 'scrutiny', 'search', 'supervision', 'surveillance', 'survey']"
Inspector,"['auditor', 'controller', 'detective', 'investigator', 'monitor', 'police officer']"
installation,"['accession', 'coronation', 'fitting', 'furnishing', 'inaugural', 'induction', 'installment', 'investiture', 'investment', 'launching', 'ordination', 'positioning']"
instance,"['detail', 'example', 'item', 'occasion', 'occurrence', 'particular', 'precedent', 'proof', 'reason']"
instinct,"['aptitude', 'feeling', 'hunch', 'impulse', 'inclination', 'intuition', 'knack', 'savvy', 'sense', 'sentiment', 'talent', 'tendency']"
institute,"['convention', 'decree', 'doctrine', 'dogma', 'edict', 'establishment', 'fixture', 'habit', 'maxim', 'ordinance', 'practice', 'precedent', 'precept', 'prescript', 'principle', 'regulation', 'rite', 'ritual', 'rule', 'statute', 'tenet', 'tradition']"
institution,"['academy', 'association', 'business', 'clinic', 'company', 'establishment', 'foundation', 'hospital', 'institute', 'school', 'society', 'system', 'university']"
instruction,"['direction', 'discipline', 'guidance', 'information', 'lesson', 'preparation', 'schooling', 'teaching', 'training']"
insurance,"['allowance', 'coverage', 'guarantee']"
integration,['assimilation']
integrity,"['honesty', 'principle', 'probity', 'purity', 'rectitude', 'sincerity', 'virtue']"
intelligence,"['acumen', 'agility', 'brilliance', 'intellect', 'judgment', 'perception', 'quickness', 'savvy', 'sense', 'skill', 'subtlety', 'understanding', 'wit']"
intensity,"['anxiety', 'concentration', 'depth', 'earnestness', 'emotion', 'energy', 'excitement', 'ferocity', 'fervor', 'fury', 'magnitude', 'power', 'severity', 'strength', 'tension', 'vigor']"
intention,"['aim', 'hope', 'motive', 'objective', 'plan', 'purpose']"
interaction,"['communication', 'cooperation', 'synergy']"
interception,"['interference', 'stopping']"
intercourse,"['copulation', 'intimacy']"
interest,"['activity', 'concern', 'enthusiasm', 'importance', 'passion', 'significance', 'sympathy']"
interface,"['alliance', 'annexation', 'articulation', 'assemblage', 'attachment', 'bond', 'coalition', 'coherence', 'collocation', 'combination', 'combine', 'concatenation', 'concourse', 'concursion', 'confluence', 'conjugation', 'consolidation', 'convergence', 'coupling', 'crossing', 'crossroads', 'dovetail', 'elbow', 'gathering', 'gore', 'hinge', 'hookup', 'intersection', 'joining', 'joint', 'knee', 'linking', 'meeting', 'miter', 'mortise', 'node', 'pivot', 'plug-in', 'reunion', 'seam', 'splice', 'terminal', 'tie-in', 'tie-up', 'union', 'weld']"
interim,['provisional']
interior,"['internal', 'remote']"
interpretation,"['analysis', 'clarification', 'explanation', 'judgment', 'meaning', 'perception', 'reading', 'translation']"
interval,"['hiatus', 'intermission', 'interruption', 'layoff', 'lull', 'spell']"
intervention,"['interference', 'mediation']"
interview,"['account', 'conference', 'consultation', 'conversation', 'dialogue', 'examination', 'hearing', 'meeting', 'press conference', 'record', 'statement', 'talk']"
interviewee,['respondent']
invalidity,"['deficiency', 'failing', 'flaw', 'fragility', 'frailty', 'gap', 'instability', 'lack', 'lapse', 'shortcoming', 'vulnerability']"
invasion,"['aggression', 'assault', 'breach', 'incursion', 'infiltration', 'infringement', 'intrusion', 'offensive', 'onslaught', 'raid', 'violation']"
investigation,"['analysis', 'case', 'examination', 'hearing', 'inquiry', 'inspection', 'probe', 'research', 'review', 'scrutiny', 'search', 'study', 'survey']"
investment,"['asset', 'contribution', 'expenditure', 'expense', 'finance', 'financing', 'grant', 'loan', 'money', 'property', 'purchase', 'stake', 'transaction', 'venture']"
investor,"['banker', 'lender', 'shareholder', 'stockholder', 'venture capitalist']"
invitation,"['appeal', 'bid', 'challenge', 'date', 'encouragement', 'overture', 'petition', 'proposition', 'request', 'solicitation', 'suggestion', 'summons']"
involvement,"['crisis', 'embarrassment', 'entanglement', 'quandary']"
iron,"['rigid', 'steely']"
irrigation,"['flooding', 'inundation', 'soaking', 'sprinkling']"
Isle,"['archipelago', 'enclave', 'islet', 'peninsula', 'reef']"
isolation,"['confinement', 'desolation', 'remoteness', 'segregation', 'solitude']"
issue,"['affair', 'argument', 'concern', 'controversy', 'matter', 'point', 'problem', 'question', 'subject', 'topic']"
item,"['component', 'element', 'feature', 'information', 'piece', 'thing']"
jaw,"['bone', 'mouth']"
jealousy,"['grudge', 'resentment']"
jew,[]
journal,"['account', 'almanac', 'annals', 'calendar', 'daily', 'diary', 'gazette', 'magazine', 'memoir', 'monthly', 'newspaper', 'note', 'paper', 'periodical', 'publication', 'review', 'tabloid', 'weekly']"
journalist,"['broadcaster', 'columnist', 'commentator', 'correspondent', 'editor', 'press', 'reporter', 'writer']"
journey,"['adventure', 'campaign', 'course', 'crossing', 'drive', 'expedition', 'exploration', 'hike', 'itinerary', 'jaunt', 'migration', 'odyssey', 'outing', 'passage', 'pilgrimage', 'progress', 'quest', 'route', 'sojourn', 'tour', 'travel', 'trek', 'trip', 'visit', 'wandering']"
joy,"['amusement', 'bliss', 'charm', 'cheer', 'comfort', 'delight', 'elation', 'glee', 'humor', 'pride', 'satisfaction', 'wonder']"
jubilee,['shindig']
judge,"['authority', 'court', 'critic', 'expert', 'inspector', 'justice', 'referee']"
judgement,[]
judgment,"['acumen', 'awareness', 'experience', 'intelligence', 'intuition', 'knowledge', 'perception', 'prudence', 'reasoning', 'sense', 'understanding', 'wisdom']"
junction,"['confluence', 'crossing', 'intersection', 'juncture', 'terminal']"
jurisdiction,"['administration', 'arbitration', 'authority', 'command', 'commission', 'control', 'discretion', 'district', 'domination', 'influence', 'power', 'prerogative', 'purview', 'rule', 'scope', 'sovereignty', 'supervision', 'territory', 'zone']"
jury,"['board', 'tribunal']"
Justice,"['authority', 'due process', 'honesty', 'integrity', 'law', 'right', 'truth']"
justification,"['apology', 'approval', 'argument', 'basis', 'confirmation', 'explanation', 'pretext', 'rationale', 'rationalization', 'vindication']"
keeper,"['attendant', 'caretaker', 'curator', 'custodian', 'defender']"
kick,['fun']
killing,"['assassination', 'bloodshed', 'carnage', 'homicide', 'manslaughter', 'massacre', 'slaughter']"
kiln,"['furnace', 'stove']"
kin,"['affinity', 'blood', 'clan', 'connection', 'consanguinity', 'cousin', 'extraction', 'family', 'folk', 'house', 'kindred', 'kinsfolk', 'kinship', 'kinsperson', 'kith', 'lineage', 'member', 'people', 'race', 'relation', 'relationship', 'sibling', 'stock', 'tribe']"
kind,"['affectionate', 'amiable', 'charitable', 'compassionate', 'considerate', 'cordial', 'courteous', 'friendly', 'gentle', 'gracious', 'humane', 'kindhearted', 'kindly', 'loving', 'sympathetic', 'thoughtful', 'tolerant']"
kingdom,"['commonwealth', 'country', 'county', 'crown', 'division', 'domain', 'dominion', 'dynasty', 'empire', 'field', 'lands', 'monarchy', 'nation', 'possessions', 'principality', 'province', 'realm', 'reign', 'rule', 'scepter', 'sovereignty', 'sphere', 'state', 'suzerainty', 'sway', 'territory', 'throne', 'tract']"
kiss,"['peck', 'salute', 'smooch']"
kit,"['apparatus', 'bag', 'container', 'gear', 'material']"
km,[]
knowledge,"['ability', 'awareness', 'education', 'expertise', 'familiarity', 'grasp', 'insight', 'intelligence', 'judgment', 'know-how', 'learning', 'observation', 'philosophy', 'power', 'proficiency', 'recognition', 'science', 'theory', 'wisdom']"
kurd,[]
label,"['company', 'design', 'logo', 'number', 'stamp', 'sticker', 'tag', 'trademark']"
laboratory,"['lab', 'workshop']"
labour,[]
lack,"['absence', 'dearth', 'inadequacy', 'loss', 'paucity', 'poverty', 'reduction', 'scarcity', 'shortage', 'shortcoming', 'shortfall']"
lad,"['fellow', 'schoolboy', 'youngster']"
ladder,"['extent', 'proportion', 'range', 'rate', 'ratio', 'scope', 'system']"
lag,"['decrease', 'diminish', 'fail', 'fall off', 'falter', 'slacken', 'slow', 'trail', 'wane']"
lager,['ale']
lagoon,"['bayou', 'pond', 'pool']"
land,"['acreage', 'area', 'beach', 'continent', 'country', 'countryside', 'district', 'earth', 'estate', 'farmland', 'field', 'ground', 'home', 'homeland', 'nation', 'parcel', 'plot', 'province', 'ranch', 'real estate', 'region', 'shore', 'soil', 'terrain', 'territory', 'tract']"
landing,['dock']
landlord,"['property owner', 'proprietor']"
landowner,"['holder', 'partner', 'proprietor']"
landscape,"['mural', 'painting', 'photograph', 'scene', 'scenery', 'view']"
lap,"['course', 'distance', 'round']"
laparotomy,[]
launch,['fire']
layer,"['bed', 'blanket', 'coat', 'floor', 'row', 'sheet', 'slab', 'thickness']"
lead,"['advantage', 'edge', 'margin', 'point', 'start', 'top']"
Leader,"['chief', 'commander', 'director', 'head', 'manager', 'officer', 'ruler']"
leadership,"['administration', 'authority', 'command', 'control', 'direction', 'influence', 'initiative', 'management', 'power', 'skill']"
leaf,"['frond', 'needle', 'petal', 'stalk']"
leaflet,"['advertisement', 'brochure', 'bulletin', 'flyer', 'pamphlet']"
league,"['club', 'company', 'conference', 'group', 'organization', 'society', 'union']"
lease,"['charter', 'hire', 'rent out', 'sublet']"
leather,['skin']
leave,"['allowance', 'authorization']"
lecture,"['address', 'discourse', 'instruction']"
ledger,"['books', 'daybook', 'journal', 'register']"
legend,"['fable', 'fiction', 'folklore', 'lore', 'myth', 'mythology', 'tale', 'tradition']"
legislation,"['act', 'bill', 'charter', 'constitution', 'measure', 'regulation', 'ruling', 'statute']"
leisure,"['convenience', 'recreation', 'relaxation']"
length,"['breadth', 'diameter', 'dimension', 'duration', 'height', 'limit', 'magnitude', 'mileage', 'period', 'piece', 'portion', 'quantity', 'radius', 'range', 'section', 'segment', 'space', 'span', 'stretch', 'term', 'width']"
lense,[]
leverage,"['advantage', 'bargaining chip', 'clout', 'weight']"
levy,"['burden', 'duty', 'excise', 'fee', 'tariff']"
lexicon,"['dictionary', 'glossary', 'terminology', 'thesaurus', 'vocabulary', 'wordbook']"
liability,"['accountability', 'burden', 'culpability', 'debt', 'duty', 'obligation']"
liberation,"['abolition', 'deliverance', 'democracy', 'emancipation', 'salvation', 'sovereignty']"
liberty,"['autarchy', 'authorization', 'autonomy', 'birthright', 'choice', 'convenience', 'decision', 'deliverance', 'delivery', 'dispensation', 'emancipation', 'enfranchisement', 'enlightenment', 'exemption', 'franchise', 'immunity', 'independence', 'leave', 'leisure', 'liberation', 'license', 'opportunity', 'permission', 'prerogative', 'privilege', 'relaxation', 'release', 'rest', 'right', 'sanction', 'self-determination', 'self-government', 'sovereignty', 'suffrage', 'unconstraint']"
licence,[]
lifespan,"['agedness', 'dotage', 'generation', 'lifetime', 'oldness', 'senescence', 'senility']"
lift,"['drive', 'journey', 'passage', 'ride', 'run', 'transport']"
lifting,"['boost', 'climb', 'disappear', 'hoist', 'pick up', 'raise', 'rise', 'soar']"
lighting,"['brightness', 'brilliance', 'flame', 'light']"
lightness,"['brightness', 'sparkle']"
liking,['affinity']
limb,"['arm', 'branch', 'extremity', 'leg', 'stem', 'wheel', 'wing']"
limbo,['oblivion']
limit,"['cap', 'ceiling', 'check', 'curb', 'deadline', 'maximum', 'restraint', 'restriction']"
limitation,"['bar', 'block', 'check', 'circumspection', 'condition', 'constraint', 'control', 'cramp', 'curb', 'definition', 'drawback', 'impediment', 'inhibition', 'injunction', 'modification', 'obstruction', 'qualification', 'reservation', 'restriction', 'snag', 'stint', 'stricture', 'taboo']"
linen,"['bedding', 'cloth', 'lingerie']"
link,"['association', 'channel', 'contact', 'element', 'hookup', 'network', 'relationship', 'tie']"
liquid,"['damp', 'melted', 'running', 'smooth', 'solvent', 'succulent', 'wet']"
literature,"['article', 'biography', 'brochure', 'composition', 'drama', 'essay', 'history', 'information', 'leaflet', 'lore', 'novel', 'pamphlet', 'poetry', 'prose', 'research', 'story']"
liver,['alive']
load,"['amount', 'bundle', 'capacity', 'consignment', 'goods', 'haul', 'payload', 'shipment', 'weight']"
loan,"['allowance', 'credit', 'investment', 'mortgage']"
local,"['provincial', 'regional']"
location,"['area', 'district', 'locale', 'neighborhood', 'part', 'point', 'position', 'region', 'scene', 'section', 'site', 'situation', 'spot', 'station', 'venue', 'whereabouts']"
Loch,"['basin', 'estuary', 'fjord']"
lock,"['bolt', 'grip', 'latch']"
locomotive,['engine']
log,"['chunk', 'piece', 'timber', 'wood']"
logic,"['philosophy', 'rationale', 'sanity', 'sense']"
longing,"['craving', 'eager', 'languishing', 'pining', 'yearning']"
Lord,"['aristocrat', 'baron', 'bishop', 'captain', 'commandant', 'commander', 'count', 'dad', 'don', 'duke', 'earl', 'governor', 'king', 'leader', 'liege', 'magnate', 'marquis', 'monarch', 'nobility', 'noble', 'nobleman', 'overlord', 'parliamentarian', 'patrician', 'peer', 'potentate', 'prince', 'royalty', 'ruler', 'seigneur', 'sovereign', 'superior', 'viscount']"
lordship,"['excellency', 'grace', 'honor', 'ladyship', 'majesty', 'reverence', 'royalty', 'sire', 'worship']"
lore,"['adage', 'belief', 'custom', 'fable', 'folklore', 'knowledge', 'legend', 'mythology', 'superstition', 'tale', 'tradition']"
lorry,"['car', 'crate', 'freighter', 'jeep', 'pickup', 'rig', 'van', 'wagon']"
loss,"['accident', 'casualty', 'catastrophe', 'cost', 'damage', 'debt', 'defeat', 'destruction', 'disaster', 'failure', 'fall', 'injury', 'trouble']"
loudspeaker,"['bullhorn', 'megaphone', 'public address system']"
lounge,"['bar', 'lobby', 'parlor', 'pub', 'saloon']"
loyalty,"['adherence', 'allegiance', 'devotion', 'faith', 'fealty', 'fidelity', 'honesty', 'honor', 'integrity', 'obedience', 'patriotism', 'reliability', 'sincerity', 'support', 'tie', 'trustworthiness']"
lullaby,"['berceuse', 'music', 'song']"
lumen,[]
lump,"['bulge', 'bump', 'chunk', 'hunk', 'knot', 'pile', 'swelling', 'tumor', 'wad']"
lung,"['alveolus', 'bronchi', 'pleura']"
lysis,[]
machine,"['apparatus', 'appliance', 'automobile', 'engine', 'gadget', 'instrument', 'motor', 'tool', 'vehicle']"
machinery,"['apparatus', 'appliance', 'engine', 'equipment', 'gear', 'instrument', 'motor', 'system', 'tool', 'utensil', 'vehicle']"
magistrate,"['bailiff', 'judge', 'justice']"
maintenance,"['care', 'conservation', 'preservation', 'supply', 'upkeep']"
majority,['bulk']
malfunction,"['bug', 'defect', 'fault', 'flaw', 'glitch', 'impairment']"
malt,"['ale', 'brew', 'chill', 'lager', 'oil', 'stout', 'suds']"
management,"['administration', 'authority', 'board', 'executive']"
mane,"['shock', 'tangle', 'thatch', 'tresses']"
mangle,"['bruise', 'contort', 'disfigure', 'distort', 'hack', 'impair', 'lacerate', 'maim', 'maul', 'wreck']"
manner,"['appearance', 'aspect', 'demeanor', 'look', 'presence', 'style', 'tone', 'way']"
manor,['mansion']
manual,"['human', 'standard']"
manufacturer,"['builder', 'business', 'company', 'corporation', 'operator', 'producer']"
manufacturing,"['construction', 'manufacture']"
manuscript,"['article', 'document', 'text']"
map,"['design', 'drawing', 'graph', 'outline', 'picture', 'plan', 'print', 'sketch']"
marble,['alabaster']
mare,"['adult', 'female', 'girl', 'old woman', 'queen']"
margin,"['edge', 'limit', 'surplus']"
mark,"['impression', 'imprint', 'line', 'point', 'record', 'scar', 'score', 'signature', 'spot', 'stain', 'stamp', 'streak', 'symbol']"
marketing,"['buying', 'commerce', 'selling']"
marquess,[]
marriage,"['merger', 'wedding']"
Marshal,"['assemble', 'mobilize']"
mask,"['camouflage', 'cloak', 'veil', 'visor']"
mass,"['crowd', 'group', 'horde', 'lot', 'lump', 'majority', 'mob', 'number', 'piece', 'pile', 'throng']"
mast,['pole']
Master,"['adept', 'experienced', 'skilled', 'skillful']"
match,"['bout', 'contest', 'event', 'game', 'race', 'test', 'trial']"
mate,"['acquaintance', 'bride', 'buddy', 'classmate', 'companion', 'comrade', 'coworker', 'playmate', 'roommate', 'schoolmate', 'spouse']"
material,"['actual', 'appreciable', 'earthly', 'perceptible', 'physical', 'substantial']"
materialism,"['heterodoxy', 'pragmatism', 'utilitarianism']"
matrix,"['cast', 'forge', 'form', 'grid', 'model', 'mold', 'origin', 'pattern', 'source', 'womb']"
matter,"['element', 'material', 'thing']"
maturity,"['ability', 'capability', 'experience', 'manhood', 'maturation', 'sophistication', 'wisdom']"
Mayor,"['administrator', 'agent', 'bureaucrat', 'civil servant', 'commissioner', 'director', 'executive', 'leader', 'manager', 'minister', 'officer', 'representative', 'secretary']"
meal,"['breakfast', 'brunch', 'dessert', 'dinner', 'fare', 'feast', 'lunch', 'luncheon', 'picnic', 'refreshment', 'snack', 'special', 'supper', 'table', 'tea']"
meaning,"['connotation', 'content', 'context', 'definition', 'effect', 'essence', 'explanation', 'hint', 'implication', 'interpretation', 'nuance', 'sense', 'significance', 'spirit', 'subject', 'substance', 'understanding', 'value']"
means,"['aid', 'channel', 'equipment', 'factor', 'instrument', 'measure', 'mechanism', 'medium', 'mode', 'power', 'process', 'route', 'step', 'system', 'tactic', 'technique', 'vehicle']"
measure,"['part', 'quota']"
measurement,"['amount', 'analysis', 'appraisal', 'assessment', 'density', 'dimension', 'evaluation', 'frequency', 'height', 'measure', 'size', 'survey', 'weight']"
mechanism,"['instrument', 'structure', 'system', 'tool']"
medal,"['gold', 'reward']"
medallist,[]
medicine,"['antibiotic', 'cure', 'drug', 'medication', 'pharmaceutical', 'pill', 'prescription', 'remedy']"
meeting,"['competition', 'confrontation', 'contest', 'convention', 'date', 'encounter', 'reunion', 'session', 'showdown', 'talk']"
member,['representative']
membership,"['enrollment', 'participation']"
memorabilia,['collectibles']
memorial,['remembering']
memory,"['consciousness', 'mind', 'recollection', 'remembrance', 'thought']"
merchant,"['broker', 'dealer', 'exporter', 'operator', 'retailer', 'seller', 'shipper', 'shopkeeper', 'trader', 'trafficker', 'vendor', 'wholesaler']"
merger,"['combination', 'takeover', 'tie-up', 'unification', 'union']"
meridian,"['acme', 'apex', 'apogee', 'crest', 'culmination', 'extremity', 'peak', 'pinnacle', 'zenith']"
merit,"['benefit', 'dignity', 'excellence', 'integrity', 'quality', 'stature', 'talent', 'value', 'virtue', 'worthiness']"
message,"['directive', 'information', 'letter', 'memo', 'memorandum', 'news', 'note', 'notice', 'report', 'word']"
messiah,"['Christ', 'Good Shepherd', 'Jesus', 'King of Kings', 'Lamb of God', 'Lord of Lords', 'Prince of Peace', 'Son of Man', 'lord', 'redeemer', 'savior']"
metal,"['alloy', 'hardware', 'ingot', 'mineral', 'ore']"
method,"['approach', 'arrangement', 'design', 'form', 'habit', 'manner', 'mechanism', 'mode', 'plan', 'practice', 'process', 'program', 'recipe', 'rule', 'scheme', 'style', 'system', 'technique', 'way']"
methyl,[]
metre,"['cadence', 'flow', 'movement', 'pattern', 'pulse', 'swing', 'tempo']"
microcosm,"['earth', 'nature']"
microprocessor,"['chip', 'circuitry', 'microchip', 'silicon chip']"
microscope,[]
mile,"['square', 'statute']"
mill,"['foundry', 'plant', 'shop']"
miller,[]
millionaire,[]
min,"['moment', 'second', 'short time']"
mind,"['attention', 'brain', 'consciousness', 'genius', 'head', 'imagination', 'instinct', 'intellect', 'judgment', 'mentality', 'perception', 'power', 'psyche', 'sense', 'soul', 'spirit', 'talent', 'thought', 'wisdom']"
miner,['prospector']
mineral,"['azoic', 'cold', 'dead', 'defunct', 'dull', 'exanimate', 'extinct', 'idle', 'inactive', 'inert', 'inoperative', 'insensate', 'insentient', 'lifeless', 'motionless', 'nonanimal', 'nonvegetable', 'quiescent', 'soulless', 'spiritless']"
minimum,['minimal']
mining,['drilling']
minister,"['bishop', 'pastor']"
ministry,"['exhortation', 'prayer', 'preaching']"
minority,['opposition']
minute,"['infinitesimal', 'insignificant', 'microscopic', 'minimal', 'minuscule', 'precise', 'tiny']"
mips,[]
miracle,"['marvel', 'phenomenon', 'rarity', 'revelation', 'surprise', 'wonder']"
misery,"['agony', 'anguish', 'despair', 'discomfort', 'gloom', 'grief', 'hardship', 'headache', 'heartache', 'passion', 'sadness', 'sorrow', 'squalor', 'suffering', 'torment', 'torture', 'woe', 'worry']"
missile,"['ammunition', 'bomb', 'bullet', 'projectile', 'rocket']"
mission,"['aim', 'assignment', 'business', 'calling', 'charge', 'commission', 'duty', 'end', 'errand', 'goal', 'job', 'lifework', 'object', 'objective', 'office', 'operation', 'profession', 'purpose', 'pursuit', 'quest', 'sortie', 'trade', 'trust', 'undertaking', 'vocation', 'work']"
mixture,"['batter', 'blend', 'concoction', 'dough', 'mix', 'soup', 'stew', 'variety']"
mobility,"['flexibility', 'maneuverability']"
mode,"['approach', 'condition', 'fashion', 'form', 'mechanism', 'method', 'posture', 'procedure', 'process', 'quality', 'situation', 'status', 'style', 'system', 'technique', 'tone']"
model,"['exemplary', 'miniature']"
moderation,"['calmness', 'fairness', 'patience', 'restraint']"
modification,"['adjustment', 'alteration', 'conversion']"
module,"['any', 'chunk', 'component', 'detail', 'element', 'factor', 'item', 'lot', 'measure', 'member', 'piece', 'section', 'sector', 'segment', 'share', 'side', 'unit']"
molecule,"['fragment', 'particle']"
moment,"['bit', 'date', 'flash', 'hour', 'juncture', 'minute', 'occasion', 'point', 'stage', 'time']"
monarchy,"['sovereignty', 'throne']"
monitoring,"['audit', 'check', 'control', 'follow', 'keep an eye on', 'observe', 'oversee', 'scan', 'supervise', 'survey', 'track']"
monolayer,[]
monopoly,"['cartel', 'holding', 'ownership', 'patent', 'trust']"
monoxide,[]
monster,"['beast', 'behemoth', 'demon', 'devil', 'dragon', 'freak', 'giant', 'horror', 'villain', 'whale']"
mood,"['air', 'atmosphere', 'attitude', 'aura', 'character', 'color', 'condition', 'desire', 'disposition', 'emotion', 'feeling', 'frame of mind', 'humor', 'inclination', 'mind', 'personality', 'response', 'scene', 'spirit', 'temperament', 'tendency', 'wish']"
moor,"['dock', 'tether', 'tie up']"
moralist,[]
moron,"['boob', 'idiot', 'nerd']"
mortality,['fatality']
mortgage,"['contract', 'debt']"
motel,"['cabin', 'hotel', 'inn', 'lodge', 'resort']"
motion,"['act', 'gesture', 'passage']"
motivation,"['catalyst', 'desire', 'encouragement', 'impetus', 'impulse', 'incentive', 'inclination', 'interest', 'motive', 'reason', 'wish']"
motive,"['aim', 'cause', 'consideration', 'emotion', 'feeling', 'idea', 'impulse', 'influence', 'intent', 'intention', 'motivation', 'passion', 'rationale']"
motor,"['cylinder', 'generator', 'transformer', 'turbine']"
motto,"['adage', 'aphorism', 'maxim', 'rallying cry']"
mountaineering,['hiking']
move,"['act', 'action', 'change', 'maneuver', 'measure', 'motion', 'movement', 'ploy', 'procedure', 'shift', 'step']"
movement,"['act', 'action', 'change', 'development', 'evolution', 'exercise', 'flow', 'migration', 'move', 'operation', 'progress', 'shift']"
MP,"['constable', 'cop', 'deputy', 'detective', 'flatfoot', 'fuzz', 'law enforcement agent', 'lawman', 'lawwoman', 'marshal', 'meter maid', 'military police', 'mounted police officer', 'patrolman', 'patrolwoman', 'peace officer', 'police woman', 'policeman', 'sheriff', 'the man', 'traffic officer', 'trooper']"
MR,"['boy', 'father', 'guy']"
MS,"['adolescent', 'daughter', 'lady', 'schoolgirl', 'she', 'teenager', 'young woman']"
muck,"['manure', 'mud', 'slime', 'trash']"
mucous,['viscous']
mud,"['clay', 'muck', 'silt', 'sludge', 'slush']"
mummy,"['dwindle', 'shrink', 'wilt', 'wither']"
murder,"['assassination', 'bloodshed', 'crime', 'destruction', 'felony', 'homicide', 'lynching', 'manslaughter', 'massacre', 'shooting', 'terrorism']"
muscle,"['flesh', 'meat', 'tendon', 'tissue']"
mystery,"['conundrum', 'enigma', 'problem', 'question', 'riddle', 'secrecy', 'subtlety', 'thriller']"
myth,"['fable', 'fantasy', 'fiction', 'illusion', 'imagination', 'legend', 'lore', 'parable', 'superstition', 'tale', 'tradition']"
nail,"['attach', 'hit', 'pin', 'tack', 'whack']"
nape,['collar']
nationalist,"['flag-waver', 'jingoist', 'loyalist', 'partisan', 'patrioteer', 'volunteer']"
navigation,"['boating', 'exploration', 'shipping']"
navigator,['pilot']
navy,"['argosy', 'armada', 'flotilla', 'vessels']"
necessity,"['essential', 'fundamental', 'obligation', 'precondition', 'prerequisite', 'requirement', 'urgency']"
neck,['collar']
need,"['commitment', 'demand', 'obligation', 'right', 'urgency', 'use', 'wish']"
needle,"['badger', 'bait', 'bedevil', 'goad', 'hector', 'irk', 'irritate', 'nag', 'pester', 'prod', 'quiz', 'taunt', 'tweak']"
negotiation,"['agreement', 'arbitration', 'compromise', 'conference', 'consultation', 'debate', 'diplomacy', 'discussion', 'intervention', 'mediation', 'meeting', 'transaction']"
negro,"['African', 'Afro-American']"
nerve,"['confidence', 'courage', 'determination', 'fortitude', 'grit', 'heart', 'spirit', 'stomach']"
nest,"['burrow', 'den', 'refuge']"
net,"['clear', 'excluding', 'exclusive', 'final', 'remaining']"
network,"['chain', 'grid', 'net', 'organization', 'structure', 'system', 'web']"
networking,"['associate', 'circulate', 'hobnob', 'meet', 'mingle', 'schmooze']"
nightmare,"['dream', 'fantasy', 'hallucination', 'horror', 'ordeal', 'vision']"
node,"['bulge', 'bump', 'burl', 'clot', 'growth', 'knob', 'knot', 'lump', 'nodule', 'protuberance', 'swelling']"
none,"['no one', 'nobody', 'nothing']"
nonsense,"['absurdity', 'babble', 'baloney', 'bunk', 'drivel', 'folly', 'foolishness', 'gibberish', 'joke', 'madness', 'rubbish', 'silliness', 'stupidity', 'trash']"
norm,"['benchmark', 'criterion', 'measure', 'model', 'pattern', 'rule']"
north,['northward']
note,"['character', 'sign', 'tone']"
notice,"['attention', 'care', 'consideration', 'note', 'respect']"
notion,"['approach', 'assumption', 'concept', 'conception', 'image', 'impression', 'knowledge', 'opinion', 'perception', 'sentiment', 'suggestion', 'thought', 'understanding', 'view']"
novel,"['different', 'innovative', 'odd', 'offbeat', 'peculiar', 'strange', 'unique', 'unusual']"
nursery,"['playroom', 'preschool']"
nursing,"['attending', 'cherishing', 'fostering', 'tending']"
nut,['kernel']
oak,"['amphitheater', 'arena', 'assembly hall', 'auditorium', 'barn', 'cinema', 'coliseum', 'concert hall', 'deck', 'drama', 'drive-in', 'footlights', 'hall', 'hippodrome', 'house', 'locale', 'movie', 'movie house', 'odeum', 'opera house', 'playhouse', 'room', 'scene', 'show hall', 'site']"
objection,"['challenge', 'criticism', 'difficulty', 'disapproval', 'displeasure', 'dissatisfaction', 'doubt', 'exception', 'grievance', 'opposition', 'protest', 'question', 'rejection', 'reluctance', 'unwillingness']"
objective,"['detached', 'disinterested', 'dispassionate', 'equitable', 'evenhanded', 'nonpartisan', 'open-minded', 'unbiased']"
obligation,"['accountability', 'agreement', 'bond', 'burden', 'commitment', 'constraint', 'contract', 'debt', 'duty', 'liability', 'necessity', 'need', 'promise', 'requirement', 'right', 'trust', 'understanding']"
observation,"['conclusion', 'consideration', 'examination', 'experience', 'information', 'inspection', 'investigation', 'knowledge', 'measurement', 'note', 'perception', 'remark', 'research', 'review', 'study', 'surveillance', 'view']"
observer,"['bystander', 'onlooker', 'viewer', 'watcher', 'witness']"
occasion,"['incident', 'moment', 'opening', 'opportunity', 'possibility', 'time']"
occupation,"['activity', 'affair']"
odds,['difference']
odour,[]
offence,[]
offender,"['convict', 'criminal', 'culprit', 'delinquent', 'felon', 'lawbreaker', 'suspect']"
offer,"['action', 'attempt', 'bid', 'overture']"
office,"['commission', 'job', 'place', 'post', 'service', 'station', 'work']"
Officer,"['agent', 'chief', 'civil servant', 'deputy', 'director', 'executive', 'leader', 'manager', 'official', 'representative']"
official,"['authoritative', 'conclusive', 'definite', 'fitting', 'formal', 'precise', 'proper', 'valid']"
oil,"['coat', 'grease']"
olympic,[]
omen,"['harbinger', 'indication', 'portent', 'premonition']"
onto,"['adjacent', 'against', 'in contact with', 'toward']"
opening,"['aperture', 'breach', 'break', 'cavity', 'chink', 'cleft', 'crack', 'cranny', 'crevice', 'cut', 'discontinuity', 'door', 'fissure', 'hatch', 'interstice', 'mouth', 'orifice', 'outlet', 'perforation', 'recess', 'rent', 'rift', 'rupture', 'scuttle', 'slit', 'slot', 'space', 'split', 'spout', 'tear', 'vent', 'window']"
opera,['magnum opus']
operating,"['performing', 'running']"
operation,"['action', 'activity', 'affair', 'agency', 'application', 'deal', 'effort', 'enterprise', 'exercise', 'force', 'movement', 'procedure', 'process', 'service', 'transaction', 'trip', 'use', 'work']"
operator,"['driver', 'engineer']"
opponent,"['adversary', 'aspirant', 'candidate', 'challenger', 'competitor', 'enemy', 'foe', 'opposition', 'player', 'rival']"
opportunity,"['convenience', 'event', 'excuse', 'freedom', 'hope', 'moment', 'space', 'time']"
opposition,"['action', 'hostility', 'resistance', 'struggle']"
option,"['benefit', 'choice', 'opportunity', 'preference', 'privilege', 'right']"
orchard,"['garden', 'plantation']"
orchestra,"['band', 'ensemble']"
order,"['form', 'line', 'plan', 'procedure', 'regulation', 'rule', 'structure', 'system']"
organ,"['agency', 'forum', 'instrument', 'member', 'ministry', 'mouthpiece', 'structure', 'unit']"
organisation,[]
organiser,[]
organism,"['animal', 'creature', 'structure']"
organization,"['grouping', 'institution', 'management', 'system']"
orgasm,"['ejaculation', 'frenzy', 'peak', 'spasm']"
orgy,"['binge', 'rampage', 'spree']"
origin,"['ancestor', 'ancestry', 'connection', 'element', 'influence', 'motive', 'provenance', 'root', 'source']"
ounce,['troy']
outcome,"['conclusion', 'event', 'fallout', 'issue', 'reaction', 'result']"
outline,"['blueprint', 'draft', 'drawing', 'framework', 'summary', 'synopsis']"
output,"['amount', 'crop', 'gain', 'harvest', 'manufacturing', 'product', 'production', 'productivity', 'profit', 'yield']"
oversight,"['lapse', 'mistake', 'neglect']"
owl,"['bandit', 'burglar', 'criminal', 'crook', 'mugger', 'pickpocket', 'pirate', 'robber', 'sniper', 'swindler']"
owner,"['holder', 'landowner', 'partner', 'proprietor']"
ownership,"['control', 'holding', 'partnership', 'property', 'purchase', 'takeover']"
oxygen,[]
pace,"['clip', 'measure', 'step']"
pack,"['backpack', 'bundle', 'equipment', 'luggage']"
package,"['bag', 'bottle', 'box', 'container', 'kit', 'packet', 'parcel']"
packet,"['bag', 'carton', 'container', 'envelope', 'folder', 'package', 'parcel', 'wrapper']"
pair,"['combination', 'couple', 'duo', 'match', 'team', 'two']"
palace,"['dwelling', 'hall', 'mansion']"
pallet,"['bunk', 'cot', 'couch', 'crib', 'mattress']"
palm,"['citation', 'crown', 'cup', 'decoration', 'gold', 'keepsake', 'medal', 'memento', 'prize', 'souvenir']"
panel,"['board', 'bureau', 'cabinet', 'commission', 'forum', 'group', 'jury', 'task force', 'tribunal']"
panic,"['alarm', 'confusion', 'consternation', 'dismay', 'dread', 'fear', 'frenzy', 'horror', 'hysteria', 'rush', 'scare', 'stampede', 'terror', 'trepidation']"
parade,"['ceremony', 'demonstration', 'procession', 'ritual', 'show', 'spectacle']"
paragraph,"['component', 'element', 'feature', 'information', 'piece', 'thing']"
parameter,"['criterion', 'framework', 'guideline', 'restriction', 'specification']"
pardon,"['absolution', 'allowance', 'amnesty', 'clemency', 'mercy', 'remission', 'reprieve']"
parish,['church']
parking,"['estate', 'forest', 'garden', 'lawn', 'place', 'playground', 'plaza', 'square']"
parliament,['court']
parole,"['let out', 'liberate', 'pardon']"
participant,"['colleague', 'member', 'partner', 'party', 'player', 'shareholder']"
participation,"['aid', 'assistance', 'attendance', 'cooperation', 'help', 'presence', 'sharing', 'support']"
particle,"['fleck', 'fragment', 'grain', 'mite', 'molecule', 'ray', 'speck']"
partnership,"['assistance', 'association', 'business', 'company', 'cooperation', 'cooperative', 'corporation', 'firm', 'friendship', 'interest', 'organization', 'ownership', 'sharing', 'society', 'tie-up', 'union']"
passage,"['clause', 'paragraph', 'portion', 'quotation', 'reading', 'section', 'sentence', 'text', 'transition', 'verse']"
passion,"['affection', 'anger', 'ardor', 'dedication', 'devotion', 'excitement', 'feeling', 'fervor', 'fury', 'intensity', 'joy', 'rage', 'resentment', 'sentiment', 'spirit', 'temper', 'warmth', 'zeal']"
patch,"['bit', 'chunk', 'ground', 'land', 'lot', 'plot', 'stretch', 'strip', 'tract']"
path,"['aisle', 'avenue', 'direction', 'highway', 'lane', 'line', 'passage', 'pathway', 'procedure', 'rail', 'road', 'roadway', 'route', 'street', 'track', 'trail', 'walkway']"
patient,"['calm', 'forgiving', 'gentle', 'quiet', 'tolerant']"
patriot,"['flag-waver', 'jingoist', 'loyalist', 'nationalist', 'partisan', 'patrioteer', 'volunteer']"
pattern,['arrangement']
pause,"['breathing space', 'halt', 'hesitation', 'hiatus', 'hitch', 'interlude', 'intermission', 'interruption', 'interval', 'lapse', 'layoff', 'letup', 'lull', 'recess', 'respite', 'stoppage', 'suspension']"
pavement,"['asphalt', 'road', 'sidewalk']"
pay,"['allowance', 'compensation', 'fee', 'income', 'payment', 'profit', 'reimbursement', 'remuneration', 'reward', 'salary', 'stipend', 'wage']"
payment,"['amount', 'award', 'cash', 'deposit', 'disbursement', 'fee', 'outlay', 'pension', 'premium', 'refund', 'reimbursement', 'remittance', 'reparation', 'repayment', 'restitution', 'return', 'reward', 'salary', 'settlement', 'subsidy', 'sum', 'support', 'wage']"
peace,"['accord', 'friendship', 'love', 'reconciliation', 'truce', 'unity']"
peak,"['crest', 'hill', 'mountain', 'pinnacle', 'roof', 'spike', 'summit']"
peasant,"['laborer', 'sharecropper']"
peerage,"['elite', 'gentility', 'gentry', 'nobility', 'upper class', 'upper crust']"
peg,['fix']
penalty,"['cost', 'discipline', 'fine', 'forfeiture']"
penis,['member']
penny,"['cent', 'copper penny', 'farthing', 'hill of beans']"
pension,"['allowance', 'annuity', 'grant', 'payment', 'premium', 'retirement account', 'reward', 'social security', 'subsidy']"
pensioner,"['beneficiary', 'dependent']"
percent,"['bonus', 'chunk', 'fee', 'interest', 'proportion', 'rate', 'ratio']"
percentage,"['bonus', 'chunk', 'fee', 'interest', 'percent', 'proportion', 'rate', 'ratio']"
perception,"['approach', 'attention', 'attitude', 'awareness', 'concept', 'consciousness', 'feeling', 'image', 'impression', 'judgment', 'knowledge', 'notion', 'opinion', 'recognition', 'sense', 'taste', 'thought', 'viewpoint']"
performance,"['achievement', 'act', 'conduct', 'work']"
perm,"['permanent', 'permanent wave']"
permission,"['acceptance', 'acknowledgment', 'admission', 'agreement', 'approval', 'concession', 'dispensation', 'endorsement', 'license', 'permit', 'privilege', 'recognition', 'warrant']"
personality,"['charisma', 'charm', 'identity', 'makeup', 'nature', 'psyche', 'self', 'temper', 'temperament']"
personnel,"['cadre', 'crew', 'group', 'organization', 'people', 'staff', 'troop', 'work force']"
perspective,"['angle', 'aspect', 'attitude', 'context', 'mindset', 'prospect', 'viewpoint']"
pessimism,"['cynicism', 'despair', 'distrust', 'gloom', 'grief', 'hopelessness', 'melancholy', 'sadness', 'unhappiness']"
pet,"['cherished', 'darling', 'dear', 'dearest', 'endearing', 'favored', 'loved', 'preferred', 'special']"
petition,"['application', 'prayer', 'request', 'suit']"
ph,[]
pharmaceutical,['medicine']
phase,"['aspect', 'chapter', 'development', 'point', 'stage', 'state', 'step', 'time']"
phenomenon,"['anomaly', 'aspect', 'circumstance', 'episode', 'event', 'experience', 'fact', 'incident', 'miracle', 'paradox', 'reality', 'sensation']"
philosophy,"['attitude', 'doctrine', 'idea', 'ideology', 'logic', 'outlook', 'reasoning', 'system', 'tenet', 'theory', 'thinking', 'thought', 'truth', 'view', 'viewpoint', 'wisdom']"
phoneme,"['ABCs', 'characters', 'elements', 'fundamentals', 'hieroglyphs', 'ideograph', 'morphemes', 'pictograph', 'rune', 'signs', 'syllabary', 'symbols']"
photocopier,"['Xerox', 'copier', 'copying machine', 'duplicator', 'photocopy machine']"
phrase,"['expression', 'idiom', 'motto', 'phrasing', 'remark', 'saying', 'slogan', 'terminology', 'utterance', 'wording']"
physicist,"['analyst', 'chemist', 'expert']"
piece,"['bit', 'chunk', 'example', 'fragment', 'hunk', 'item', 'lot', 'portion', 'quantity', 'sample', 'scrap', 'section', 'segment', 'slice', 'specimen']"
pile,"['accumulation', 'assortment', 'chunk', 'hill', 'hunk', 'jumble', 'lump', 'mass', 'mountain', 'ocean', 'pyramid', 'quantity', 'stack', 'stockpile']"
pill,"['dose', 'medicine', 'tablet']"
pint,"['avoirdupois', 'troy']"
pipe,"['duct', 'hose', 'line', 'pipeline', 'sewer', 'vent', 'vessel']"
pit,"['abyss', 'crater', 'mine', 'shaft', 'tomb', 'trench']"
pitch,"['angle', 'point']"
pity,"['compassion', 'condolence', 'empathy', 'kindness', 'melancholy', 'mercy', 'sadness', 'sorrow', 'sympathy', 'tenderness', 'warmth']"
pixel,"['component', 'constituent', 'dot', 'element']"
plain,['transparent']
plaintiff,"['complainant', 'litigant', 'prosecutor']"
planning,['plan']
plant,"['flower', 'grass', 'herb', 'seedling', 'shrub', 'tree', 'vine', 'weed']"
planter,"['board', 'clapboard', 'frame', 'ligneous', 'log', 'peg', 'plant', 'slab', 'timber', 'timbered', 'woody']"
planting,"['bury', 'cover', 'farm', 'grow', 'implant', 'raise', 'scatter', 'sow', 'transplant']"
plastic,"['elastic', 'molded']"
platform,"['floor', 'podium', 'terrace']"
player,"['athlete', 'competitor', 'member', 'opponent', 'participant', 'pro', 'professional', 'rookie']"
plc,[]
plea,"['appeal', 'application', 'entreaty', 'overture', 'petition', 'prayer', 'solicitation', 'suit']"
pleasure,"['amusement', 'bliss', 'comfort', 'contentment', 'enjoyment', 'gratification', 'hobby', 'joy', 'luxury', 'satisfaction', 'thrill']"
plot,"['conspiracy', 'design', 'maneuver', 'scam', 'trick']"
ploy,"['device', 'maneuver', 'ruse', 'scheme', 'stratagem', 'subterfuge', 'tactic']"
poem,"['ballad', 'composition', 'epic', 'lyric', 'poetry', 'rhyme', 'sonnet', 'verse', 'writing']"
poet,"['artist', 'author', 'dramatist', 'lyricist', 'writer']"
poetry,['verse']
point,"['mark', 'stop']"
pole,"['beam', 'flagpole', 'leg', 'mast', 'rod', 'stick']"
polemic,"['belligerent', 'contrary', 'eristic']"
policy,"['action', 'administration', 'approach', 'arrangement', 'behavior', 'code', 'guideline', 'management', 'method', 'plan', 'practice', 'program', 'protocol', 'rule', 'scheme', 'strategy', 'theory']"
politics,"['campaigning', 'government']"
poll,"['ballot', 'count', 'opinion', 'survey', 'vote', 'voting']"
polling,"['ballot', 'count', 'opinion', 'survey', 'vote', 'voting']"
pollution,"['abuse', 'corruption', 'deterioration', 'infection']"
polytechnic,[]
polythene,[]
pond,"['basin', 'lagoon', 'pool', 'puddle']"
population,"['community', 'culture', 'people', 'populace', 'public', 'society', 'state']"
port,"['harbor', 'seaport', 'wharf']"
portfolio,"['bag', 'briefcase', 'case', 'container', 'envelope', 'folder', 'notebook', 'valise']"
portion,"['allocation', 'chunk', 'excerpt', 'fraction', 'fragment', 'lot', 'part', 'piece', 'quantity', 'section', 'segment', 'serving']"
portrait,"['account', 'characterization', 'depiction', 'figure', 'image', 'likeness', 'model', 'painting', 'photograph', 'picture', 'portrayal', 'profile', 'silhouette', 'sketch', 'snapshot', 'vignette']"
position,"['area', 'environment', 'location', 'point', 'post', 'seat', 'situation', 'spot', 'stand']"
possession,['custody']
possibility,"['action', 'circumstance', 'hazard', 'hope', 'incident', 'opportunity', 'probability', 'prospect', 'risk']"
post,"['panel', 'pole']"
poster,"['banner', 'billboard', 'placard', 'sheet', 'sign', 'sticker']"
posterity,"['breed', 'brood', 'children', 'descendants', 'family', 'heirs', 'issue', 'lineage', 'offspring', 'progeny', 'seed', 'stock', 'successors']"
pot,"['basin', 'bowl', 'bucket', 'can', 'cup', 'jar', 'jug', 'kettle', 'mug', 'pan', 'saucepan', 'urn', 'vessel']"
potash,['manure']
potential,"['hidden', 'likely', 'possible', 'probable']"
potentiality,"['ability', 'aptitude', 'capability', 'capacity', 'potential', 'power', 'wherewithal']"
pound,"['avoirdupois', 'pint', 'troy']"
poverty,"['bankruptcy', 'debt', 'deficit', 'difficulty', 'famine', 'hardship', 'lack', 'scarcity', 'shortage', 'starvation', 'underdevelopment']"
powder,"['crumb', 'dust']"
power,"['capability', 'capacity', 'function', 'influence', 'potential', 'skill', 'talent']"
pp,[]
practice,"['form', 'habit', 'method', 'proceeding', 'process', 'rule', 'system', 'tradition', 'use']"
practitioner,"['doctor', 'master', 'professional', 'specialist']"
prayer,"['appeal', 'invocation', 'plea', 'service', 'worship']"
predecessor,"['ancestor', 'forebear']"
prediction,"['forecast', 'forecasting', 'guess', 'indicator', 'prognosis', 'prophecy']"
preference,"['choice', 'desire', 'inclination', 'option', 'predilection', 'weakness']"
pregnancy,"['fertilization', 'germination', 'gravidity', 'gravidness', 'impregnation', 'parturiency', 'propagation']"
prejudice,"['animosity', 'bias', 'bigotry', 'chauvinism', 'discrimination', 'enmity', 'injustice', 'preconception', 'racism', 'sexism', 'xenophobia']"
premise,"['assertion', 'assumption', 'basis', 'ground', 'presumption', 'proposition', 'thesis']"
premium,"['choice', 'prime', 'superior']"
preoccupation,"['amusement', 'captivation', 'daydreaming', 'distraction', 'engrossment', 'preoccupancy']"
preparation,"['arrangement', 'construction', 'education', 'establishment', 'formation', 'groundwork', 'measure', 'plan', 'precaution', 'preparedness', 'qualification', 'rehearsal', 'study', 'training']"
prescription,"['drug', 'instruction', 'recipe', 'remedy']"
presence,['existence']
present,['current']
presentation,"['appearance', 'delivery', 'demonstration', 'display', 'introduction', 'offering', 'production', 'proposal', 'reception', 'show', 'submission']"
press,"['journalist', 'magazine', 'media', 'newspaper', 'paper', 'publisher', 'reporter', 'writer']"
pressure,"['burden', 'squeeze', 'strain', 'strength', 'stress', 'tension']"
prevention,['avoidance']
prey,"['casualty', 'chased', 'dupe', 'game', 'kill', 'loot', 'mark', 'martyr', 'mug', 'pillage', 'quarry', 'quest', 'raven', 'spoil', 'sufferer', 'underdog', 'victim']"
price,"['amount', 'bill', 'cost', 'demand', 'discount', 'estimate', 'expenditure', 'expense', 'fare', 'fee', 'figure', 'output', 'pay', 'payment', 'premium', 'rate', 'return', 'tariff', 'valuation', 'worth']"
pride,"['delight', 'dignity', 'ego', 'happiness', 'honor', 'joy', 'pleasure', 'satisfaction', 'self-confidence', 'self-respect']"
priest,"['cleric', 'elder', 'father', 'friar', 'lama', 'monk', 'preacher', 'rector']"
Prince,"['archduke', 'emeer', 'emir', 'monarch', 'nobleman', 'potentate', 'raja', 'rajah', 'royalty', 'ruler', 'sovereign']"
principle,"['assumption', 'basis', 'convention', 'doctrine', 'ethic', 'foundation', 'fundamental', 'precept', 'proposition', 'regulation', 'rule', 'truth']"
priority,"['arrangement', 'preference']"
prison,"['confinement', 'jail', 'lockup', 'penitentiary']"
prisoner,"['captive', 'convict', 'detainee', 'hostage']"
privilege,"['advantage', 'allowance', 'authority', 'authorization', 'benefit', 'concession', 'entitlement', 'exemption', 'freedom', 'immunity', 'license', 'opportunity', 'prerogative', 'right']"
prize,"['outstanding', 'topnotch']"
probability,"['anticipation', 'chance', 'contingency', 'expectation', 'feasibility', 'odds', 'possibility', 'prospect']"
procedure,"['action', 'agenda', 'conduct', 'form', 'measure', 'method', 'move', 'operation', 'plan', 'policy', 'practice', 'proceeding', 'program', 'scheme', 'step', 'strategy', 'transaction']"
proceeding,"['action', 'exercise', 'experiment', 'incident', 'measure', 'operation', 'procedure', 'process', 'transaction']"
process,"['action', 'case', 'course', 'development', 'growth', 'means', 'measure', 'mechanism', 'movement', 'operation', 'practice', 'procedure', 'proceeding', 'progress', 'rule', 'step', 'system', 'technique', 'trial', 'way']"
processing,"['alter', 'convert', 'deal with', 'dispose of', 'handle', 'prepare', 'refine', 'transform', 'treat']"
processor,"['boner', 'skinner', 'slaughterer', 'slayer']"
producer,"['architect', 'contractor', 'maker', 'manufacturer']"
product,"['amount', 'brand', 'commodity', 'crop', 'device', 'fruit', 'merchandise', 'output', 'produce', 'production', 'profit', 'stock', 'work']"
production,"['construction', 'management', 'manufacture', 'manufacturing']"
productivity,"['capacity', 'fertility', 'production', 'yield']"
profession,"['art', 'business', 'career', 'craft', 'employment', 'field', 'line of work', 'occupation', 'pursuit', 'role', 'situation', 'specialty', 'undertaking']"
professional,"['competent', 'efficient', 'experienced', 'licensed', 'qualified', 'skillful']"
profile,"['figure', 'portrait', 'sketch']"
profit,"['acquisition', 'benefit', 'bottom line', 'earnings', 'goods', 'harvest', 'income', 'interest', 'output', 'percentage', 'proceeds', 'product', 'production', 'receipt', 'return', 'revenue', 'saving', 'surplus', 'turnout', 'value', 'yield']"
progeny,"['breed', 'children', 'descendants', 'family', 'get', 'issue', 'kids', 'lineage', 'posterity', 'race', 'seed', 'stock', 'young']"
programme,[]
progress,"['advance', 'breakthrough', 'development', 'evolution', 'growth', 'headway', 'improvement', 'increase', 'momentum', 'movement', 'pace', 'process', 'rise', 'stride']"
project,"['activity', 'business', 'deal', 'design', 'enterprise', 'job', 'plan', 'program', 'proposal', 'scheme', 'strategy', 'task', 'venture']"
promise,"['agreement', 'assurance', 'commitment', 'guarantee', 'obligation', 'pact', 'pledge', 'vow', 'word']"
promotion,"['advance', 'advancement', 'advocacy', 'aggrandizement', 'backing', 'betterment', 'boost', 'break', 'breakthrough', 'buildup', 'bump', 'elevation', 'encouragement', 'ennoblement', 'exaltation', 'furtherance', 'go-ahead', 'hike', 'honor', 'improvement', 'jump', 'lift', 'preference', 'preferment', 'progress', 'raise', 'rise', 'support', 'upgrade']"
prompting,"['arouse', 'cause', 'convince', 'draw', 'elicit', 'help', 'indicate', 'induce', 'inspire', 'motivate', 'persuade', 'propel', 'provoke', 'spur', 'stimulate', 'suggest', 'urge']"
proof,"['argument', 'clue', 'confirmation', 'criterion', 'data', 'demonstration', 'information', 'picture', 'reason', 'testament', 'testimony', 'validation', 'verification']"
property,"['equity', 'estate', 'farm', 'goods', 'home', 'house', 'land', 'ownership', 'plot', 'tract', 'wealth', 'worth']"
proportion,"['bulk', 'capacity', 'dimension', 'distribution', 'fraction', 'magnitude', 'percentage', 'portion', 'rate', 'ratio', 'scale', 'scope', 'share', 'volume']"
proposal,"['bid', 'idea', 'motion', 'offer', 'outline', 'overture', 'plan', 'program', 'project', 'proposition', 'recommendation', 'scheme']"
proposition,"['hypothesis', 'invitation', 'motion', 'premise', 'proposal', 'recommendation']"
prosecution,['pursuit']
prospect,"['anticipation', 'chance', 'expectation', 'forecast', 'future', 'hope', 'likelihood', 'plan', 'possibility', 'probability', 'promise', 'proposal', 'thought']"
prostacyclin,[]
protection,"['conservation', 'insurance', 'preservation', 'safeguard', 'safety', 'security', 'shelter', 'stability']"
protectionism,[]
protein,[]
protest,"['challenge', 'demonstration', 'dissent', 'objection', 'outcry', 'question', 'revolt', 'riot', 'turmoil']"
province,"['colony', 'county', 'department', 'district', 'part', 'region', 'territory', 'zone']"
provision,"['arrangement', 'plan']"
psychologist,"['clinician', 'doctor', 'psychoanalyst', 'psychotherapist', 'therapist']"
psychology,"['attitude', 'medicine', 'therapy']"
pub,"['bar', 'inn', 'joint', 'lounge', 'saloon', 'tavern']"
publication,"['advertisement', 'announcement', 'broadcast', 'broadcasting', 'disclosure', 'dissemination', 'issuance', 'publishing', 'reporting', 'writing']"
publicity,"['attention', 'clout', 'commercial', 'distribution', 'fame', 'hoopla', 'hype', 'noise', 'notoriety', 'propaganda']"
publisher,"['journalist', 'magazine', 'media', 'newspaper', 'paper', 'reporter', 'writer']"
publishing,"['announce', 'broadcast', 'circulate', 'declare', 'disclose', 'distribute', 'print', 'produce', 'promulgate', 'publicize', 'put out', 'report']"
pulse,['vibration']
pump,"['drain', 'draw', 'inject', 'pour', 'push', 'send', 'siphon', 'supply', 'tap']"
punishment,"['abuse', 'beating', 'discipline', 'forfeiture', 'retribution', 'sanction', 'suffering', 'torture', 'trial']"
purchase,"['acquisition', 'asset', 'investment']"
purchaser,"['customer', 'patron', 'shopper']"
purpose,"['ambition', 'aspiration', 'desire', 'determination', 'direction', 'function', 'goal', 'idea', 'intent', 'objective', 'plan', 'principle', 'project', 'reason', 'scheme', 'scope', 'target', 'view', 'wish']"
pursuit,"['hunt', 'inquiry', 'quest']"
qualification,"['accomplishment', 'adequacy', 'capability', 'competence', 'eligibility', 'experience', 'fitness', 'quality', 'skill', 'suitability']"
quality,"['aspect', 'character', 'condition', 'element', 'kind', 'nature', 'trait']"
quantity,"['abundance', 'batch', 'bulk', 'capacity', 'length', 'load', 'pile', 'portion', 'quota', 'size', 'sum', 'variety', 'volume']"
quarter,"['fourth', 'one-fourth', 'part', 'portion', 'term']"
quest,"['adventure', 'chase', 'crusade', 'expedition', 'hunt', 'inquiry', 'investigation', 'journey', 'probe', 'pursuit', 'research']"
questioning,['examination']
questionnaire,"['application', 'census', 'sampling', 'survey']"
quid,"['bolus', 'chew', 'food', 'rumen']"
race,"['chase', 'competition', 'contention', 'contest', 'course', 'event', 'marathon', 'match', 'relay', 'run', 'sprint']"
radiation,['emission']
raid,"['arrest', 'assault', 'break-in', 'capture', 'incursion', 'invasion', 'onslaught', 'sortie', 'surprise attack', 'sweep']"
rail,"['castigate', 'complain', 'fume', 'inveigh', 'rant', 'scold', 'thunder']"
rainwater,"['drink', 'rain']"
rally,"['assemblage', 'assembly', 'celebration', 'clambake', 'convention', 'convocation', 'meet', 'session']"
range,"['area', 'dimension', 'field', 'length', 'matter', 'scope', 'space', 'spectrum', 'territory']"
rank,"['musty', 'noxious', 'putrid']"
rape,"['abduction', 'abuse', 'maltreatment', 'molestation', 'violation']"
rapidity,"['alacrity', 'swiftness', 'velocity']"
rate,"['amount', 'estimate', 'percentage', 'quota', 'standard']"
rating,"['appraisal', 'assessment', 'category', 'valuation']"
ratio,"['proportion', 'quota', 'rate', 'scale']"
rationalization,"['justification', 'rationale']"
rationing,"['allot', 'conserve', 'give out', 'restrict']"
reach,"['ability', 'capacity', 'distance', 'grasp', 'horizon', 'influence', 'power', 'scope']"
reaction,"['answer', 'attitude', 'backlash', 'feedback', 'feeling', 'opinion', 'reception', 'reply', 'return']"
reactivity,"['awareness', 'feeling', 'nervousness', 'sense', 'subtlety', 'sympathy']"
reader,"['bibliophile', 'bookworm', 'editor', 'proofreader']"
readership,[]
reality,"['existence', 'matter', 'phenomenon', 'real world', 'realism', 'sensibility', 'truth']"
realm,"['dimension', 'domain', 'field', 'sphere', 'territory', 'world']"
Rear,"['behind', 'following', 'hind', 'hinder', 'last', 'mizzen', 'posterior', 'postern', 'rearward', 'reverse', 'stern', 'tail']"
rearrangement,"['break', 'confusion', 'disarray', 'disconnection', 'discontinuity', 'disengagement', 'dislocation', 'disorder', 'disorganization', 'disruption', 'disturbance', 'division', 'luxation', 'misplacement', 'move', 'movement', 'shift']"
reason,"['logic', 'reasoning', 'sense']"
rebel,"['insurgent', 'rebellious', 'revolutionary']"
rebound,"['overcome', 'pick up', 'revive']"
receipt,"['certificate', 'voucher']"
receiver,"['acceptor', 'assignee', 'beneficiary', 'cashier', 'collector', 'consignee', 'creditor', 'customer', 'grantee', 'heir', 'recipient', 'subject', 'target', 'teller', 'trustee']"
reception,"['encounter', 'gathering', 'greeting', 'meeting', 'reaction', 'receiving', 'response', 'welcome']"
recession,"['bankruptcy', 'collapse', 'decline', 'deflation', 'downturn', 'hard times', 'inflation', 'shakeout', 'slide', 'slump', 'stagnation', 'unemployment']"
recipe,"['method', 'prescription', 'program', 'technique']"
recklessness,"['desperation', 'disregard']"
recognition,"['acceptance', 'admission', 'appreciation', 'awareness', 'concession', 'perception', 'realization', 'respect', 'understanding']"
recollection,"['memory', 'reminiscence']"
recommendation,"['charge', 'endorsement', 'guidance', 'instruction', 'judgment', 'order', 'proposal', 'proposition', 'sanction', 'suggestion', 'support']"
record,"['document', 'evidence', 'file', 'history', 'note', 'report', 'story', 'testimony', 'transcript']"
recording,"['documentation', 'recounting', 'registration', 'reporting']"
recovery,"['improvement', 'readjustment', 'reconstruction', 'rehabilitation', 'restoration', 'resumption', 'return']"
recruitment,['enrollment']
rectory,"['manse', 'vicarage']"
reduction,"['contraction', 'cut', 'cutback', 'devaluation', 'discount', 'rebate']"
redundancy,['repetition']
ref,"['referee', 'umpire']"
reference,"['allusion', 'hint', 'innuendo', 'mention', 'note', 'quotation']"
referendum,"['election', 'poll', 'vote']"
reflection,"['consideration', 'contemplation', 'idea', 'impression', 'meditation', 'observation', 'opinion', 'rumination', 'view']"
reflector,['speculum']
reflux,"['abatement', 'backflow', 'decay', 'decrease', 'degeneration', 'depreciation', 'deterioration', 'diminution', 'drop', 'dwindling', 'flagging', 'lessening', 'recession', 'retreat', 'shrinkage', 'sinking', 'slackening', 'subsidence', 'sweep', 'wane', 'waning', 'weakening', 'withdrawal']"
reform,"['amend', 'improve', 'rebuild', 'rehabilitate', 'remake', 'renovate', 'reorganize', 'repair', 'resolve', 'restore', 'revise', 'revolutionize', 'standardize', 'transform']"
refugee,"['alien', 'displaced person', 'emigrant', 'evacuee', 'exile', 'expatriate', 'foreigner']"
refusal,"['ban', 'defiance', 'exclusion', 'noncompliance', 'rejection', 'reversal', 'veto']"
refutation,"['confutation', 'contradiction', 'denial', 'disproof', 'refusal', 'refutal']"
regard,['view']
regime,"['administration', 'establishment', 'government', 'management', 'reign', 'rule', 'system']"
regiment,"['cadre', 'control', 'order', 'troops']"
region,"['country', 'district', 'field', 'land', 'locality', 'neighborhood', 'part', 'place', 'province', 'sector', 'suburb', 'territory', 'world', 'zone']"
register,"['registry', 'roster']"
registrar,['register']
registration,"['booking', 'certification', 'enrollment', 'filing', 'listing']"
regulation,"['adjustment', 'arrangement', 'control', 'governance', 'management', 'settlement', 'supervision']"
reign,"['dynasty', 'regime', 'tenure']"
reinstatement,"['arrival', 'entry', 'rebound', 'recovery', 'restoration']"
rejection,"['elimination', 'exclusion', 'repudiation', 'veto']"
relation,['relationship']
relationship,"['accord', 'affair', 'communication', 'contact', 'exchange', 'liaison', 'link', 'marriage', 'rapport', 'relation', 'tie']"
relative,"['analogous', 'corresponding', 'proportionate', 'related']"
release,"['clemency', 'discharge']"
relevance,"['applicability', 'importance', 'purpose']"
relief,"['alleviation', 'assistance', 'comfort', 'happiness', 'help', 'maintenance', 'reprieve', 'respite', 'satisfaction', 'support']"
religion,"['church', 'creed', 'cult', 'denomination', 'doctrine', 'morality', 'myth', 'mythology', 'prayer', 'ritual', 'sect', 'spirituality', 'superstition', 'theology']"
remainder,['rest']
remains,"['debris', 'remnant']"
remark,"['assertion', 'attention', 'commentary', 'conclusion', 'explanation', 'note', 'opinion', 'saying', 'statement', 'talk', 'thought', 'word']"
remedy,"['antidote', 'countermeasure', 'cure-all', 'drug', 'fix', 'medicine', 'panacea', 'pill', 'quick fix', 'redress', 'relief', 'therapy', 'treatment']"
removal,"['deportation', 'discharge', 'elimination', 'eradication', 'evacuation', 'eviction', 'expulsion', 'replacement']"
rent,"['lease', 'payment', 'rental', 'tariff']"
repair,"['adjustment', 'improvement', 'overhaul', 'reconstruction', 'rehabilitation', 'replacement']"
replacement,"['reinstatement', 'restoration', 'stand-in']"
reply,"['acknowledgment', 'feedback', 'reaction', 'rejoinder', 'response', 'retort']"
report,"['address', 'announcement', 'article', 'communique', 'description', 'detail', 'dispatch', 'information', 'message', 'news', 'note', 'opinion', 'paper', 'picture', 'record', 'release', 'statement', 'summary', 'word']"
reporter,"['columnist', 'correspondent', 'editor', 'interviewer', 'journalist', 'writer']"
representation,"['depiction', 'image', 'portrayal']"
representative,"['classic', 'classical', 'ideal', 'model', 'rep']"
republic,"['commonwealth', 'self-government']"
republican,"['lawmaker', 'leader', 'legislator', 'officeholder', 'senator']"
repurchase,"['deliver', 'emancipate', 'extricate', 'free', 'liberate', 'manumit', 'recover', 'redeem', 'regain', 'release', 'reprise', 'rescue', 'save', 'unchain']"
reputation,"['character', 'fame', 'honor', 'influence', 'name', 'notoriety', 'opinion', 'position', 'prestige', 'prominence', 'standing', 'stature']"
request,"['appeal', 'application', 'call', 'demand', 'desire', 'inquiry', 'invitation', 'offer', 'suit']"
requirement,"['concern', 'condition', 'demand', 'need', 'obligation', 'precondition', 'prerequisite', 'provision', 'qualification', 'specification', 'stipulation']"
rescue,"['delivery', 'recovery', 'relief', 'salvage']"
research,"['analysis', 'exploration', 'inquiry', 'investigation', 'probe']"
researcher,"['analyst', 'investigator', 'scientist']"
resection,"['abscission', 'enucleation', 'incision', 'section']"
reservation,"['doubt', 'restriction', 'skepticism']"
reserve,"['capital', 'fund', 'inventory', 'plant', 'reservoir', 'stock', 'stockpile', 'wealth']"
residence,"['apartment', 'condo', 'dwelling', 'hall', 'headquarters', 'home', 'house', 'mansion', 'palace']"
resident,"['citizen', 'dweller', 'inhabitant', 'inmate', 'local', 'native', 'tenant']"
resignation,"['departure', 'retirement', 'surrender', 'termination', 'withdrawal']"
resistance,"['battle', 'defiance', 'fight', 'intransigence', 'protection', 'refusal', 'struggle', 'support']"
resistor,[]
resolution,"['decision', 'settlement', 'verdict']"
resort,"['camp', 'harbor', 'hideaway', 'hotel', 'inn', 'lodge', 'motel', 'park', 'retreat', 'spot']"
resource,"['ability', 'capability', 'capital', 'means', 'property', 'reserve', 'source', 'support', 'system', 'talent', 'wealth']"
respect,"['appreciation', 'awe', 'consideration', 'deference', 'dignity', 'esteem', 'fear', 'honor', 'recognition', 'regard', 'reverence', 'tribute']"
respondent,"['defendant', 'prisoner']"
response,"['feedback', 'reply', 'return']"
responsibility,"['authority', 'burden', 'duty', 'guilt', 'importance', 'liability', 'obligation', 'power', 'restraint', 'trust']"
restoration,"['rebuilding', 'reclamation', 'recovery', 'rehabilitation', 'renewal', 'renovation', 'revival']"
restraint,"['caution', 'constraint', 'control', 'moderation', 'restriction', 'self-discipline', 'self-restraint']"
restriction,"['check', 'condition', 'constraint', 'control', 'curb', 'regulation', 'restraint', 'rule', 'stipulation', 'stricture']"
result,"['conclusion', 'consequence', 'decision', 'development', 'event', 'issue', 'outcome', 'product', 'reaction']"
retirement,"['evacuation', 'pullout', 'withdrawal']"
return,"['arrival', 'entry', 'rebound', 'recovery', 'restoration']"
revenue,"['credit', 'dividend', 'earnings', 'fund', 'gain', 'interest', 'pay', 'proceeds', 'receipt', 'return', 'salary', 'stock', 'wealth', 'yield']"
reverse,['reversal']
review,"['analysis', 'audit', 'check', 'inspection', 'report', 'revision', 'scrutiny', 'survey']"
revolt,"['defection', 'insurgency', 'insurrection', 'mutiny', 'rebellion', 'revolution']"
revolution,"['coup', 'innovation', 'insurgency', 'mutiny', 'rebellion', 'revolt', 'shift', 'strike', 'transformation', 'turmoil', 'unrest', 'upheaval', 'uprising', 'violence']"
reward,"['accolade', 'award', 'benefit', 'bonus', 'bounty', 'compensation', 'dividend', 'honor', 'premium', 'profit', 'punishment', 'remuneration']"
rhythm,"['cadence', 'flow', 'movement', 'pattern', 'pulse', 'swing', 'tempo']"
ribbon,"['bow', 'decoration', 'streamer', 'strip', 'stripe', 'tape']"
riches,"['abundance', 'richness', 'treasure', 'wealth']"
ride,"['drive', 'excursion', 'expedition', 'jaunt', 'outing', 'tour', 'transportation']"
ridge,"['hill', 'rim']"
rift,"['breach', 'fissure', 'flaw', 'gap', 'split']"
riot,"['anarchy', 'brawl', 'disturbance', 'lawlessness', 'protest', 'storm', 'strife', 'trouble', 'turbulence', 'turmoil', 'uproar']"
rise,"['acceleration', 'advance', 'ascent', 'boost', 'climb', 'growth', 'hike', 'increment', 'inflation', 'progress', 'surge', 'upsurge', 'upswing', 'upturn']"
risk,"['danger', 'exposure', 'hazard', 'liability', 'opportunity', 'peril', 'possibility', 'prospect', 'uncertainty']"
rival,['competing']
rivalry,"['antagonism', 'clash', 'conflict', 'contest', 'duel', 'encounter', 'event', 'fight', 'jealousy', 'matchup', 'race', 'strife', 'struggle', 'tug-of-war']"
River,"['estuary', 'stream', 'tributary']"
riverside,"['beach', 'cay', 'cliff', 'coast', 'edge', 'embankment', 'lakefront', 'lakeshore', 'lakeside', 'ledge', 'levee', 'oceanfront', 'reef', 'seaboard', 'seafront', 'shore', 'strand', 'waterfront']"
robustness,"['clout', 'courage', 'durability', 'energy', 'firmness', 'fortitude', 'health', 'power', 'stability', 'tenacity', 'toughness', 'vigor', 'vitality']"
rod,"['baton', 'cane', 'cylinder', 'ingot', 'pin', 'shaft', 'slab', 'stick']"
role,"['act', 'appearance', 'aspect', 'character', 'part', 'performance', 'portrayal']"
roll,"['cycle', 'gyration', 'reel', 'revolution', 'rotation', 'run', 'spin', 'trundling', 'turn', 'twirl', 'undulation', 'whirl']"
roman,"['classic', 'humanistic']"
roof,"['ceiling', 'house']"
root,"['essence', 'foundation', 'heart', 'origin', 'seed', 'soul', 'source', 'stem', 'stuff']"
rope,"['cable', 'strand', 'string', 'tape', 'thread', 'twine']"
round,"['bulbous', 'curved', 'cylindrical', 'elliptical', 'oval', 'rounded', 'spherical']"
route,"['avenue', 'course', 'direction', 'itinerary', 'journey', 'line', 'passage', 'program', 'road', 'track', 'trail', 'way']"
routine,"['conventional', 'everyday', 'normal', 'ordinary', 'periodic', 'regular', 'unremarkable', 'usual']"
Row,"['line', 'succession', 'tier']"
rubbish,"['debris', 'junk', 'lumber', 'rubble', 'trash', 'waste']"
ruffian,"['delinquent', 'goon']"
rule,"['decree', 'guideline', 'law', 'order', 'precedent', 'regulation', 'ruling', 'statute', 'test']"
ruler,"['czar', 'emperor', 'king', 'monarch', 'shah', 'sultan']"
rumour,[]
runner,"['contestant', 'entrant', 'hurdler', 'marathoner', 'racer', 'sprinter']"
running,"['constant', 'functioning', 'working']"
safety,"['freedom', 'security']"
saint,"['angel', 'martyr']"
sake,['well-being']
salary,"['earnings', 'fee', 'income', 'pay', 'payroll', 'stipend', 'wage']"
sale,"['auction', 'business', 'buying', 'deal', 'demand', 'marketing', 'purchase', 'reduction', 'selling', 'trade', 'transaction']"
salt,"['flavoring', 'spice']"
sample,"['case', 'fragment', 'pattern', 'piece', 'sampling', 'specimen']"
sanction,['approval']
sanctuary,"['altar', 'shrine', 'temple']"
satellite,"['asteroid', 'moon', 'planetoid']"
satisfaction,"['achievement', 'amusement', 'comfort', 'contentment', 'delight', 'enjoyment', 'fulfillment', 'gratification', 'happiness', 'joy', 'peace of mind', 'pleasure', 'pride', 'relief', 'vindication', 'well-being']"
sauce,"['dressing', 'flavoring', 'gravy', 'relish']"
saucepan,"['bucket', 'frying pan', 'kettle', 'pot', 'sheet', 'skillet']"
saving,['preserving']
scale,"['extent', 'proportion', 'range', 'rate', 'ratio', 'scope', 'system']"
scandal,"['crime', 'rumor', 'wrongdoing']"
scapegoat,['fall guy']
scene,"['arena', 'display', 'landscape', 'location', 'picture', 'place', 'scenery', 'set', 'setting', 'show', 'sight', 'site', 'spectacle', 'spot', 'stage', 'theater', 'view']"
schema,"['architecture', 'arrangement', 'blueprint', 'chart', 'comp', 'composition', 'conception', 'constitution', 'construction', 'delineation', 'depiction', 'diagram', 'doodle', 'drawing', 'dummy', 'form', 'formation', 'idea', 'layout', 'makeup', 'map', 'method', 'model', 'outline', 'paste-up', 'pattern', 'perspective', 'picture', 'plan', 'project', 'scheme', 'strategy', 'study', 'tracery', 'tracing', 'treatment']"
scheme,"['arrangement', 'blueprint', 'design', 'device', 'game plan', 'pattern', 'plan', 'program', 'project', 'proposal', 'strategy', 'system', 'theory']"
scholar,"['academic', 'critic', 'doctor', 'intellectual', 'philosopher', 'professor', 'scientist', 'student', 'teacher']"
science,"['art', 'discipline', 'education', 'information', 'learning', 'skill', 'system', 'technique']"
scientist,"['analyst', 'chemist', 'expert', 'physicist']"
scope,"['breadth', 'capacity', 'extension', 'opportunity', 'outlook', 'purview', 'sphere']"
score,"['account', 'amount', 'average', 'count', 'grade', 'mark', 'number', 'rate', 'record', 'result', 'tally']"
scorn,"['derision', 'disdain', 'mockery', 'ridicule', 'sarcasm', 'sneer']"
scotch,"['close', 'mean', 'penny-pinching', 'saving', 'spare', 'sparing']"
scotsman,[]
scourge,"['curse', 'pest', 'terror']"
screen,"['cover', 'curtain', 'net']"
scribe,"['clerk', 'copier', 'copyist', 'scrivener', 'secretary', 'transcriber']"
script,['writing']
sculpture,['sculpt']
seal,"['imprimatur', 'insignia', 'sticker', 'tape']"
search,"['examination', 'exploration', 'hunt', 'inquiry', 'inspection', 'investigation', 'pursuit', 'quest', 'research']"
secret,"['classified', 'covert', 'furtive', 'hush-hush', 'mysterious', 'obscure', 'private', 'secluded', 'undercover', 'underground', 'undisclosed', 'unknown', 'unpublished']"
section,"['area', 'branch', 'category', 'chunk', 'department', 'district', 'field', 'part', 'passage', 'piece', 'region', 'sector', 'segment', 'zone']"
sector,"['district', 'part', 'region', 'zone']"
security,"['bond', 'care', 'freedom', 'guarantee', 'insurance', 'preservation', 'surveillance']"
seed,"['berry', 'corn', 'egg', 'grain', 'nut']"
segment,"['division', 'piece', 'portion', 'section', 'sector', 'slice']"
selection,"['choice', 'collection', 'draft', 'election', 'excerpt', 'option', 'pick']"
self,"['ascetic', 'automatic']"
selfishness,"['greed', 'self-indulgence']"
seminar,"['convention', 'discussion', 'forum', 'group discussion', 'meeting', 'round table', 'symposium', 'workshop']"
sensation,"['emotion', 'impression', 'passion', 'sense', 'sensitivity']"
sense,"['feel', 'impression', 'sensibility', 'sensitivity', 'taste', 'touch']"
sensitivity,"['awareness', 'feeling', 'nervousness', 'sense', 'subtlety', 'sympathy']"
separation,"['departure', 'disengagement', 'dissolution', 'divorce', 'estrangement', 'partition', 'segregation', 'split']"
separatism,"['apartheid', 'discrimination']"
sequence,"['arrangement', 'array', 'progression', 'string']"
serenade,"['divertimento', 'nocturne', 'song']"
Sergeant,"['captain', 'deputy', 'detective', 'police', 'police officer']"
series,"['array', 'course', 'list', 'run', 'sequence', 'set', 'streak', 'string']"
servant,"['assistant', 'attendant', 'helper', 'slave']"
server,"['assistant', 'attendant', 'helper', 'slave']"
service,"['account', 'assistance', 'benefit', 'business', 'duty', 'employment', 'maintenance', 'office', 'supply', 'use', 'utility', 'work']"
session,"['conference', 'discussion', 'hearing', 'period', 'term']"
set,"['agreed', 'appointed', 'arranged', 'bent', 'concluded', 'confirmed', 'determined', 'entrenched', 'established', 'firm', 'fixed', 'immovable', 'intent', 'ironclad', 'obstinate', 'pat', 'prearranged', 'predetermined', 'prescribed', 'regular', 'resolved', 'rooted', 'scheduled', 'settled', 'specified', 'stated', 'stipulated']"
setting,"['ambience', 'backdrop', 'context', 'environment', 'framework', 'locale', 'location', 'site', 'surroundings']"
settlement,"['agreement', 'arrangement', 'compensation', 'contract', 'deal', 'establishment', 'payment', 'resolution']"
sewage,"['discharge', 'excess', 'excrement', 'garbage', 'junk', 'leavings', 'rubbish', 'runoff', 'slop', 'trash']"
shade,['shadow']
Shadow,"['dark', 'gloom', 'obscurity', 'shade']"
shale,['sediment']
shame,"['confusion', 'contempt', 'guilt', 'humiliation', 'irritation', 'remorse', 'scandal', 'stigma']"
shareholder,"['bondholder', 'investor']"
sheet,"['blanket', 'coat', 'foil', 'layer', 'leaf', 'piece', 'plate', 'slab', 'surface']"
shelf,"['counter', 'cupboard', 'ledge', 'rack']"
shell,"['carapace', 'case', 'chassis', 'crust', 'frame', 'framework', 'hull', 'husk', 'integument', 'nut', 'pericarp', 'plastron', 'pod', 'scale', 'shard', 'shuck', 'skeleton', 'skin']"
shelter,"['apartment', 'asylum', 'condo', 'dwelling', 'haven', 'home', 'house', 'hut', 'lodging', 'refuge', 'safety', 'sanctuary', 'shack', 'shed', 'tent']"
shield,"['armor', 'buffer', 'bulwark', 'safeguard', 'shelter']"
shift,"['about-face', 'alteration', 'change', 'conversion', 'deviation', 'move', 'transfer', 'transformation', 'variation']"
shin,['tibia']
ship,"['dispatch', 'export', 'haul', 'move', 'shift', 'smuggle', 'transfer', 'transmit']"
shipment,"['cargo', 'freight', 'goods', 'load', 'package', 'purchase']"
shit,"['crap', 'poop']"
shock,"['awe', 'bump', 'collapse', 'confusion', 'consternation', 'disturbance', 'earthquake', 'excitement', 'impact', 'injury', 'jolt', 'scare', 'trauma']"
shore,"['bank', 'beach', 'border', 'coast', 'riverbank', 'sand', 'seaboard', 'seashore', 'waterfront']"
shortage,"['dearth', 'deficit', 'failure', 'lack', 'poverty', 'scarcity', 'shortfall', 'weakness']"
shot,"['attempt', 'break', 'opportunity', 'time']"
shoulder,"['accept', 'assume']"
show,"['appearance', 'display', 'fair', 'pageant', 'parade', 'presentation', 'program', 'spectacle']"
showdown,"['clash', 'crisis']"
showing,['display']
side,"['incidental', 'lateral', 'oblique', 'postern', 'roundabout', 'secondary', 'skirting', 'subordinate', 'subsidiary']"
siege,"['barricade', 'closure', 'encirclement', 'restriction', 'roadblock', 'stoppage']"
sight,"['appearance', 'eye', 'perception', 'view', 'vision']"
sigma,[]
sign,"['clue', 'flag', 'gesture', 'harbinger', 'hint', 'light', 'manifestation', 'note', 'prediction', 'proof', 'signal', 'suggestion', 'symbol', 'symptom', 'trace', 'warning', 'wave']"
signal,"['conspicuous', 'momentous', 'noteworthy', 'noticeable', 'salient']"
signature,"['autograph', 'name', 'stamp', 'trademark']"
significance,"['connotation', 'implication', 'sense', 'understanding']"
signifier,"['explanation', 'expression', 'gesture', 'hint', 'implication', 'inkling', 'manifestation', 'omen', 'proof', 'reminder', 'sign', 'signal', 'suggestion', 'symptom', 'trace', 'warning']"
silence,"['blackout', 'calm', 'lull', 'peace', 'quiet', 'reticence', 'secrecy', 'stillness']"
silk,"['fiber', 'taffeta', 'thread', 'tulle']"
silver,"['bright', 'silvery', 'white']"
similarity,"['affinity', 'analogy', 'closeness', 'coincidence', 'comparison', 'connection', 'correlation', 'harmony', 'kinship', 'parallel', 'relationship', 'resemblance', 'sameness']"
simplification,"['adaptation', 'explanation', 'reading', 'rendering', 'rendition', 'transcription', 'version']"
sin,"['crime', 'error', 'evil', 'fault', 'guilt', 'immorality', 'lust', 'misdeed', 'offense', 'shortcoming', 'transgression', 'violation', 'wrong', 'wrongdoing']"
sink,"['capsize', 'decline', 'descend', 'dig', 'dip', 'disappear', 'drill', 'drive', 'drop', 'drown', 'fall', 'go down', 'lower', 'overturn', 'plummet', 'plunge', 'ram', 'sag', 'settle', 'slump', 'stick', 'submerge', 'wreck']"
Sir,"['king', 'knight', 'lord', 'master', 'monsieur', 'title']"
siren,"['bell', 'horn', 'signal', 'warning', 'whistle']"
site,"['ground', 'home', 'location', 'scene', 'section', 'spot', 'station']"
situation,['position']
skin,"['bark', 'coating', 'crust', 'fur', 'husk', 'jacket', 'membrane', 'rind', 'sheath', 'surface']"
slalom,[]
slave,"['captive', 'laborer', 'serf', 'servant', 'victim', 'worker']"
sleeve,[]
slice,"['chop', 'portion', 'sliver', 'wedge']"
slide,"['accelerate', 'drift', 'drive', 'drop', 'fall', 'flow', 'glide', 'move', 'sag', 'shift', 'shove', 'skate', 'skid', 'slip', 'slither', 'slump', 'tumble', 'veer']"
slope,"['hill', 'ramp', 'shelf']"
smear,"['besmirch', 'blur', 'coat', 'dab', 'daub', 'plaster', 'smudge', 'spatter', 'spray', 'sprinkle', 'stain', 'sully', 'taint', 'tar', 'tarnish']"
snag,"['barrier', 'bug', 'crunch', 'difficulty', 'disadvantage', 'drawback', 'glitch', 'hitch', 'holdup', 'hurdle', 'impediment', 'inconvenience', 'obstacle', 'stumbling block']"
snail,"['dawdler', 'idler', 'plodder', 'procrastinator', 'slug', 'sluggard', 'straggler']"
snake,"['serpent', 'vermin']"
snooker,"['choke off', 'crimp', 'foil', 'impede', 'obstruct', 'stall', 'stonewall', 'thwart']"
socialism,['communism']
socialization,[]
society,"['association', 'civilization', 'community', 'company', 'culture', 'humanity', 'nation', 'population', 'public', 'world']"
sociology,"['Skinnerian psychology', 'Watsonian psychology', 'behavioral psychology', 'behavioristic psychology', 'social anthropology']"
software,"['operating system', 'program', 'spreadsheet']"
soil,"['clay', 'dust', 'ground', 'land']"
solicitor,"['barrister', 'counselor']"
solution,"['explanation', 'quick fix', 'result']"
sort,"['array', 'character', 'description', 'kind', 'lot', 'nature', 'number', 'quality', 'set', 'style']"
soul,"['conscience', 'courage', 'ego', 'feeling', 'genius', 'heart', 'intellect', 'intelligence', 'life', 'mind', 'personality', 'spirit', 'stuff', 'thought', 'vitality']"
sound,"['flawless', 'intact', 'robust', 'safe', 'sane', 'solid', 'stable', 'sturdy', 'thorough', 'vibrant', 'vigorous']"
soundtrack,[]
source,"['authority', 'cause', 'expert', 'origin']"
spark,"['flare', 'flicker', 'gleam', 'glint', 'glitter', 'glow', 'hint', 'sparkle']"
specialist,"['authority', 'consultant', 'doctor', 'guru', 'professional', 'scholar', 'technician']"
species,"['breed', 'category', 'collection', 'description', 'division', 'group', 'kind', 'likes', 'lot', 'nature', 'number', 'order', 'sort', 'stripe', 'type']"
specification,"['blueprint', 'spec', 'stipulation']"
specimen,"['copy', 'exhibit', 'variety']"
spectrum,['rainbow']
speculation,"['belief', 'conjecture', 'opinion', 'thought']"
speech,"['conversation', 'dialogue', 'discussion', 'expression', 'language', 'tone', 'voice']"
spell,"['bout', 'stint', 'streak']"
spending,"['allocate', 'concentrate', 'consume', 'contribute', 'donate', 'drop', 'employ', 'expend', 'give', 'invest', 'put in', 'settle', 'use', 'waste']"
sphere,"['circle', 'orb', 'planet']"
spine,"['bone', 'vertebrae']"
spirit,"['character', 'courage', 'energy', 'enthusiasm', 'essence', 'heart', 'humor', 'life', 'mood', 'morale', 'quality', 'resolve', 'temperament', 'vigor', 'vitality', 'warmth', 'will']"
spitfire,"['amazon', 'backbiter', 'battle-ax', 'biddy', 'bitch', 'carper', 'detractor', 'dragon', 'fire-eater', 'fishwife', 'fury', 'harpy', 'harridan', 'hellion', 'hussy', 'madcap', 'muckraker', 'nag', 'ogress', 'porcupine', 'scold', 'she-devil', 'siren', 'termagant', 'tigress', 'virago', 'vixen', 'wench']"
spokesman,"['agent', 'delegate', 'deputy', 'mediator', 'representative', 'spokesperson', 'spokeswoman']"
sponge,['parasite']
spot,['shot']
spray,"['aerosol', 'sprayer', 'sprinkler']"
spraying,"['aerosol', 'sprayer', 'sprinkler']"
spread,"['advance', 'advancement', 'dissemination', 'escalation', 'increase', 'spreading', 'transmission']"
sprinter,"['marathoner', 'runner']"
squad,"['band', 'battalion', 'division', 'force', 'gang', 'group', 'squadron', 'troop']"
Squadron,"['armada', 'battalion', 'fleet', 'squad']"
squid,[]
stab,"['jab', 'twinge']"
stability,"['balance', 'cohesion', 'establishment', 'security', 'strength', 'support']"
staff,"['cadre', 'crew', 'faculty', 'force', 'organization', 'personnel', 'team', 'work force']"
stage,"['lap', 'leg', 'moment', 'phase', 'point', 'standing', 'step']"
stake,"['pale', 'paling', 'picket', 'post', 'rod', 'spike', 'stave', 'stick']"
stamp,"['emblem', 'print', 'signature', 'sticker']"
stance,"['attitude', 'posture', 'stand', 'viewpoint']"
standard,"['accepted', 'basic', 'classic', 'common', 'definitive', 'normal', 'typical', 'usual']"
standing,['existing']
state,['case']
statement,"['account', 'affidavit', 'allegation', 'announcement', 'assurance', 'charge', 'comment', 'description', 'explanation', 'presentation', 'proclamation', 'remark', 'report', 'testimony', 'word']"
stationery,['letterhead']
statistic,"['figure', 'sum', 'total']"
statistics,"['data', 'stats']"
status,"['condition', 'dignity', 'place', 'position', 'prestige', 'prominence', 'quality', 'rating', 'situation', 'stature']"
statute,"['act', 'bill', 'decree', 'edict', 'measure', 'regulation']"
stead,"['footing', 'place', 'position', 'role', 'slot', 'standing', 'state', 'station', 'status']"
steam,"['beef', 'force', 'might', 'muscle', 'potency', 'power', 'puissance', 'sinew', 'strength', 'vigor', 'vim']"
steel,"['brace', 'fortify', 'gird']"
stench,"['smell', 'stink']"
step,['stride']
sterling,"['admirable', 'excellent', 'first-rate', 'magnificent', 'marvelous', 'outstanding', 'splendid', 'stunning']"
stick,"['bar', 'bat', 'baton', 'cane', 'club', 'rod', 'slab', 'stalk', 'strip', 'wand', 'wedge']"
stillbirth,[]
stimulus,"['catalyst', 'encouragement', 'fillip', 'impetus', 'incentive', 'motivation', 'stimulant', 'stimulation']"
stint,"['assignment', 'duty', 'job', 'spell', 'stretch', 'tour']"
stipulation,"['arrangement', 'clause', 'obligation', 'precondition', 'provision', 'qualification', 'requirement', 'restriction', 'specification']"
stitch,"['fasten', 'sew']"
stock,"['basic', 'common', 'dull', 'established', 'formal', 'normal', 'ordinary', 'overused', 'regular', 'routine', 'set', 'standard', 'staple', 'stereotyped']"
storage,"['cache', 'depot', 'repository', 'stockpile', 'storehouse']"
storm,"['blast', 'blizzard', 'cyclone', 'disturbance', 'downpour', 'gale', 'gust', 'hurricane', 'monsoon', 'precipitation', 'snowstorm', 'squall', 'tempest', 'tornado', 'twister']"
strain,"['ache', 'anxiety', 'bruise', 'burden', 'injury', 'pressure', 'sprain', 'stress', 'tension']"
straitjacket,"['ban', 'constraint', 'curb', 'embargo', 'limit', 'prohibition', 'reduction', 'restriction']"
stranger,"['alien', 'foreigner', 'guest', 'immigrant', 'intruder', 'newcomer', 'outsider', 'visitor']"
stratagem,"['gimmick', 'one-upmanship', 'ploy', 'ruse', 'subterfuge', 'wile']"
strategy,"['action', 'approach', 'blueprint', 'design', 'game plan', 'method', 'plan', 'planning', 'policy', 'procedure', 'program', 'project', 'scenario', 'scheme', 'system']"
straw,"['ensilage', 'fodder', 'silage']"
stream,"['current', 'flood', 'flow', 'rush', 'spate', 'surge', 'tide', 'torrent', 'tributary']"
streamliner,[]
strength,"['clout', 'courage', 'durability', 'energy', 'firmness', 'fortitude', 'health', 'power', 'stability', 'tenacity', 'toughness', 'vigor', 'vitality']"
strengthening,"['bolster', 'build up', 'enhance', 'enlarge', 'establish', 'extend', 'heighten', 'increase', 'intensify', 'invigorate', 'reinforce', 'restore', 'set up', 'step up', 'support', 'sustain', 'toughen']"
stress,['weight']
stretch,"['area', 'bridge', 'distance', 'length', 'radius', 'region', 'span', 'sweep', 'tract']"
strike,"['beat', 'collide', 'crash', 'drive', 'force', 'knock', 'pummel', 'punch', 'smack', 'touch']"
striker,['demonstrator']
string,"['cord', 'rope', 'strand']"
strip,"['band', 'bar', 'belt', 'bit', 'fillet', 'layer', 'ribbon', 'rod', 'section', 'segment', 'slab', 'stripe', 'tape']"
stroke,['blow']
structure,"['architecture', 'arrangement', 'complex', 'construction', 'design', 'format', 'formation', 'framework', 'network', 'organization', 'system']"
struggle,"['attempt', 'battle', 'clash', 'combat', 'conflict', 'contest', 'effort', 'encounter', 'endeavor', 'skirmish', 'strife', 'trial', 'work']"
studio,"['gallery', 'salon']"
stuff,"['equipment', 'gear', 'goods', 'junk', 'substance', 'things']"
style,"['approach', 'behavior', 'characteristic', 'description', 'design', 'form', 'genre', 'habit', 'kind', 'method', 'mode', 'pattern', 'spirit', 'technique', 'thing', 'tone', 'trait', 'trend', 'type', 'variety', 'way']"
subject,"['accountable', 'apt', 'conditional', 'dependent', 'exposed', 'inferior', 'liable', 'likely', 'prone', 'secondary', 'sensitive', 'susceptible', 'vulnerable']"
submission,"['capitulation', 'resignation']"
subsidiary,"['ancillary', 'supplementary']"
subsidy,"['aid', 'allowance', 'appropriation', 'assistance', 'bonus', 'contribution', 'endowment', 'financial aid', 'gift', 'grant', 'payment', 'pension', 'premium', 'scholarship', 'support']"
substance,"['item', 'material', 'object', 'stuff', 'texture']"
succession,"['sequence', 'series']"
successor,['replacement']
suggestion,"['approach', 'charge', 'idea', 'instruction', 'invitation', 'motion', 'opinion', 'proposal', 'proposition', 'recommendation', 'resolution', 'tip']"
suicide,"['hara-kiri', 'mélange', 'self-destruction', 'self-immolation', 'seppuku']"
suit,"['costume', 'dress', 'ensemble', 'tuxedo', 'uniform', 'wardrobe']"
suite,"['apartment', 'collection', 'lodging', 'rental']"
suitor,"['admirer', 'beau', 'boyfriend', 'lover', 'paramour']"
sum,"['amount', 'bulk', 'quantity', 'value', 'worth']"
summary,"['arbitrary', 'cursory', 'curt', 'hasty', 'succinct', 'terse']"
summit,"['acme', 'apex', 'apogee', 'capstone', 'climax', 'crest', 'crown', 'culmination', 'head', 'height', 'max', 'meridian', 'peak', 'pinnacle', 'roof', 'vertex', 'zenith']"
summons,"['indictment', 'subpoena', 'warrant', 'writ']"
sunglass,"['bifocals', 'blinkers', 'contacts', 'glasses', 'goggles', 'lorgnette', 'monocle', 'pince-nez', 'shades', 'specs']"
sunshine,"['bulb', 'candle', 'daylight', 'flash', 'glare', 'glow', 'lamp', 'lantern', 'radiation', 'ray', 'star', 'sun', 'window']"
supercomputer,"['disk drive', 'hardware', 'modem', 'personal computer']"
supermarket,"['bazaar', 'bodega', 'booth', 'business', 'chain store', 'co-op', 'corner store', 'deli', 'delicatessen', 'department store', 'dimestore', 'drugstore', 'emporium', 'exchange', 'fair', 'general store', 'grocery store', 'mall', 'mart', 'outlet', 'shop', 'shopping mall', 'showroom', 'souk', 'square', 'stall', 'stock exchange', 'store', 'trading post', 'truck', 'variety store', 'warehouse']"
supervision,"['administration', 'care', 'control', 'guidance', 'instruction', 'oversight', 'surveillance']"
supper,"['breakfast', 'brunch', 'dessert', 'dinner', 'fare', 'feast', 'lunch', 'luncheon', 'picnic', 'refreshment', 'snack', 'special', 'table', 'tea']"
supplement,['additive']
supplier,"['brief', 'interim', 'limited', 'makeshift', 'momentary', 'provisional', 'short-lived', 'transitory']"
supply,"['amount', 'fund', 'inventory', 'number', 'quantity', 'stock', 'stockpile']"
support,['backing']
supporter,"['ally', 'defender', 'follower', 'patron', 'proponent', 'support']"
surety,"['bail', 'guarantee', 'guaranty', 'security']"
surf,"['swell', 'wave']"
surface,"['exterior', 'facial', 'outer', 'outward', 'shallow', 'superficial']"
surgeon,"['doctor', 'specialist']"
surgery,"['abscission', 'enucleation', 'incision', 'resection', 'section']"
surprise,"['amazement', 'astonishment', 'awe', 'bewilderment', 'consternation', 'curiosity', 'disappointment', 'jolt', 'miracle', 'revelation', 'shock', 'wonder']"
survey,"['analysis', 'audit', 'check', 'inquiry', 'inspection', 'review', 'sample', 'study']"
survival,"['continuity', 'durability', 'endurance']"
suspense,"['anxiety', 'apprehension', 'confusion', 'doubt', 'insecurity', 'tension', 'thriller', 'uncertainty']"
suspension,"['break', 'freeze', 'halt', 'interruption', 'layoff', 'moratorium', 'period', 'postponement', 'stoppage', 'termination']"
suspicion,"['conjecture', 'cynicism', 'distrust', 'impression', 'jealousy', 'misgiving', 'mistrust', 'notion', 'skepticism', 'uncertainty', 'wariness']"
suture,['stitch']
swathe,"['bandage', 'clothe', 'swaddle', 'wrap']"
swing,"['fluctuation', 'rhythm', 'stroke']"
switch,"['about-face', 'alteration', 'reversal', 'shift', 'transformation']"
sword,"['blade', 'dagger', 'weapon']"
symmetry,"['equilibrium', 'harmony', 'rhythm', 'similarity']"
sympathy,"['affinity', 'compassion', 'empathy', 'kindness', 'sensitivity', 'tenderness', 'understanding', 'unity', 'warmth']"
symptom,"['manifestation', 'syndrome']"
syringe,[]
system,"['arrangement', 'organization', 'rule', 'scheme', 'structure']"
table,"['bar', 'bench', 'board', 'buffet', 'counter', 'desk', 'dinner table', 'stand']"
tactic,['ploy']
tail,"['butt', 'rear', 'rear end', 'rudder']"
takeover,"['active', 'brisk', 'dynamic', 'effective', 'efficient', 'forceful', 'healthy', 'intense', 'lively', 'persuasive', 'potent', 'robust', 'spirited', 'strenuous', 'strong', 'tough', 'vital', 'zealous']"
tale,"['account', 'anecdote', 'fable', 'fiction', 'legend', 'myth', 'narrative', 'novel', 'short story', 'yarn']"
talent,"['art', 'capability', 'capacity', 'expertise', 'flair', 'genius', 'gift', 'knack', 'know-how', 'power', 'savvy', 'skill', 'thing']"
tank,"['container', 'vessel']"
tap,"['spigot', 'valve']"
target,"['destination', 'mark', 'object', 'objective', 'point', 'purpose', 'spot']"
task,"['assignment', 'burden', 'business', 'duty', 'effort', 'exercise', 'function', 'project', 'responsibility', 'undertaking', 'work']"
tax,"['contribution', 'cost', 'duty', 'expense', 'fine', 'levy', 'price', 'rate', 'tariff']"
taxation,"['duty', 'tariff', 'tax', 'tax collection']"
team,"['club', 'company', 'lineup', 'organization', 'party', 'side', 'squad', 'unit']"
tear,"['crack', 'hole']"
technique,"['approach', 'art', 'capability', 'capacity', 'craft', 'facility', 'know-how', 'manner', 'means', 'mode', 'performance', 'procedure', 'routine', 'skill', 'style', 'system']"
technology,"['automation', 'machinery']"
tedium,"['banality', 'boredom', 'ennui']"
tee,[]
telecommunication,[]
temerity,"['assurance', 'boldness', 'brass', 'carelessness', 'daring', 'effrontery', 'foolhardiness', 'forwardness', 'gall', 'hardihood', 'hastiness', 'heedlessness', 'impertinence', 'impetuosity', 'imprudence', 'impudence', 'impulsiveness', 'indiscretion', 'intrepidity', 'intrusiveness', 'overconfidence', 'pluck', 'precipitancy', 'precipitateness', 'precipitation', 'presumption', 'rashness', 'recklessness', 'rudeness', 'thoughtlessness', 'venturesomeness']"
temper,"['attitude', 'climate', 'disposition', 'humor', 'mood', 'personality', 'spirit', 'temperament']"
temperance,"['abnegation', 'abstemiousness', 'asceticism', 'astringency', 'austerity', 'conservatism', 'constraint', 'continence', 'control', 'discretion', 'forbearance', 'forgoing', 'frugality', 'measure', 'moderateness', 'moderation', 'moderatism', 'mortification', 'prohibition', 'prudence', 'reasonableness', 'restraint', 'sacrifice', 'self-control', 'self-denial', 'self-discipline', 'soberness', 'sobriety', 'stoicism', 'teetotalism']"
temperature,"['climate', 'cold', 'condition', 'heat', 'warmth']"
temple,"['chapel', 'church', 'house', 'mosque', 'pagoda', 'place of worship', 'sanctuary', 'shrine', 'synagogue']"
tenant,"['dweller', 'holder', 'inhabitant', 'occupant', 'renter', 'resident']"
tendency,"['bias', 'habit', 'impulse', 'leaning', 'penchant', 'propensity', 'shift', 'trend', 'type', 'weakness']"
tension,"['pressure', 'strain', 'stress']"
tent,"['canvas', 'pavilion']"
term,"['language', 'name', 'phrase', 'style', 'word']"
terminal,"['fatal', 'incurable', 'lethal']"
Terrace,"['balcony', 'deck', 'gallery', 'patio', 'platform', 'porch', 'promenade', 'roof']"
territory,"['area', 'colony', 'country', 'district', 'enclave', 'field', 'land', 'nation', 'neighborhood', 'province', 'sector', 'state', 'street', 'terrain', 'zone']"
terror,"['anxiety', 'awe', 'dread', 'horror', 'intimidation', 'panic', 'shock']"
terrorist,"['bomber', 'guerrilla', 'radical', 'rebel', 'thug']"
test,"['analysis', 'approval', 'assessment', 'attempt', 'check', 'evaluation', 'experiment', 'final', 'inquiry', 'inspection', 'investigation', 'search', 'standard', 'trial']"
testing,"['examination', 'measurement', 'test', 'trial', 'verification']"
text,"['content', 'document', 'idea', 'paragraph', 'passage', 'quotation', 'theme', 'verse', 'wording']"
theft,"['break-in', 'burglary', 'crime', 'embezzlement', 'extortion', 'fraud', 'heist', 'holdup', 'larceny', 'looting', 'mugging', 'piracy', 'robbery', 'shoplifting', 'thievery', 'vandalism']"
theme,"['argument', 'line', 'matter', 'motif', 'point', 'problem', 'question', 'stuff', 'subject', 'text', 'thought', 'topic']"
theory,"['approach', 'argument', 'assumption', 'code', 'concept', 'doctrine', 'idea', 'ideology', 'method', 'philosophy', 'plan', 'position', 'premise', 'proposal', 'provision', 'rationale', 'scheme', 'speculation', 'suspicion', 'system', 'thesis', 'understanding']"
therapy,"['analysis', 'cure', 'healing', 'medicine', 'remedy']"
thesis,"['contention', 'hypothesis', 'opinion', 'premise', 'proposition', 'supposition', 'theory']"
thief,"['bandit', 'burglar', 'criminal', 'crook', 'mugger', 'pickpocket', 'pirate', 'robber', 'sniper', 'swindler']"
thought,"['attention', 'hope', 'logic', 'reflection', 'speculation', 'thinking', 'understanding']"
threat,"['blackmail', 'hazard', 'intimidation', 'menace', 'peril', 'risk']"
throat,"['esophagus', 'larynx']"
thrombolysis,[]
tide,"['flood', 'spate', 'stream', 'tendency', 'torrent', 'trend', 'undercurrent', 'wave']"
tie,"['connection', 'link']"
tile,"['brick', 'plate', 'shingle']"
timber,"['forest', 'hardwood', 'log']"
timing,"['adjust', 'assess', 'average', 'calibrate', 'check', 'compute', 'determine', 'estimate', 'evaluate', 'fit', 'gauge', 'limit', 'mark', 'peg', 'quantify', 'rank', 'regulate', 'survey', 'weigh']"
tin,"['bag', 'bottle', 'box', 'container', 'kit', 'packet', 'parcel']"
tip,['edge']
tissue,"['mesh', 'ornament']"
toe,"['appendage', 'dactyl', 'digit', 'phalanges', 'phalanx']"
ton,"['gobs', 'heaps', 'horde', 'jillion', 'large numbers', 'mass', 'multitude', 'oodles', 'piles', 'plenty', 'scads', 'scores', 'thousands', 'throng', 'tons', 'umpteen', 'whole slew']"
tone,"['accent', 'emphasis', 'inflection', 'resonance', 'strength', 'timbre']"
tonne,[]
tool,"['apparatus', 'appliance', 'device', 'engine', 'gadget', 'gizmo', 'machine', 'means', 'mechanism', 'utensil', 'weapon']"
topic,"['affair', 'argument', 'business', 'case', 'field', 'issue', 'material', 'matter', 'point', 'problem', 'proposition', 'question', 'subject', 'theme']"
topology,"['earth science', 'geology', 'geopolitics', 'topography']"
torsion,"['bewilderment', 'convolution', 'entanglement', 'hodgepodge', 'imbroglio', 'intricacy', 'jungle', 'knot', 'meander', 'mesh', 'miscellany', 'morass', 'muddle', 'network', 'perplexity', 'puzzle', 'quandary', 'skein', 'snarl', 'tangle', 'twist', 'uncertainty', 'web', 'winding']"
tory,"['counterrevolutionary', 'regressive', 'rightist', 'rigid']"
toss,"['bung', 'cast', 'chuck', 'chunk', 'fire', 'fling', 'flip', 'heave', 'hurl', 'launch', 'lob', 'peg', 'pitch', 'project', 'propel', 'sling', 'twirl', 'wing']"
total,"['absolute', 'comprehensive', 'entire', 'full', 'outright', 'overall', 'sheer', 'unconditional', 'unlimited', 'unrestricted', 'utter']"
touch,"['communication', 'contact', 'feeling', 'taste']"
tourism,['travel']
tournament,"['contest', 'event', 'fight', 'match', 'meeting', 'series', 'sport', 'test', 'tourney']"
tow,"['drag', 'ferry', 'haul', 'lug', 'tug']"
tower,"['belfry', 'castle', 'citadel', 'column', 'fort', 'fortification', 'fortress', 'keep', 'lookout', 'mast', 'minaret', 'monolith', 'obelisk', 'pillar', 'refuge', 'skyscraper', 'spire', 'steeple', 'stronghold', 'turret']"
trace,"['element', 'footprint', 'fragment', 'hint', 'indication', 'particle', 'proof', 'relic', 'remains', 'remnant', 'shred', 'smell', 'speck', 'strain', 'taste', 'tinge', 'touch', 'vestige', 'whiff']"
track,"['path', 'record', 'step', 'trail']"
trade,"['business', 'commerce', 'contract', 'deal', 'enterprise', 'exchange', 'industry', 'market', 'traffic', 'transaction']"
trader,"['dealer', 'merchant', 'seller', 'stockbroker', 'trafficker']"
trading,"['commerce', 'deal', 'dealings', 'exchange', 'industry', 'manufacturing', 'market', 'sales', 'selling', 'trade', 'traffic', 'transaction']"
tradition,"['attitude', 'belief', 'culture', 'custom', 'ethic', 'folklore', 'form', 'habit', 'heritage', 'idea', 'institution', 'law', 'legend', 'lore', 'myth', 'mythology', 'practice', 'ritual', 'wisdom']"
tragedy,"['adversity', 'calamity', 'catastrophe', 'failure', 'hardship', 'humiliation', 'misfortune', 'mishap', 'shock', 'struggle', 'woe', 'wreck']"
trail,"['aisle', 'pathway', 'road', 'route', 'stream', 'train']"
training,"['coaching', 'discipline', 'drill', 'education', 'exercise', 'guidance', 'instruction', 'practice', 'schooling', 'teaching', 'workout']"
traitor,"['conspirator', 'deserter', 'hypocrite', 'impostor', 'informer', 'renegade', 'spy', 'turncoat']"
tranquillity,"['calm', 'calmness', 'serenity', 'tranquility']"
transaction,"['action', 'activity', 'affair', 'agreement', 'bond', 'business', 'buying', 'contract', 'deal', 'enterprise', 'matter', 'negotiation', 'purchase', 'sale', 'selling']"
transfer,"['deportation', 'relocation', 'removal', 'transmission']"
transformation,"['conversion', 'metamorphosis', 'renewal', 'revolution', 'shift']"
transition,"['changeover', 'conversion', 'development', 'evolution', 'growth', 'passage', 'progress', 'progression', 'shift', 'transformation', 'upheaval']"
translation,"['adaptation', 'explanation', 'reading', 'rendering', 'rendition', 'transcription', 'version']"
transmission,"['communication', 'transportation']"
trap,"['ambush', 'bait', 'booby trap', 'device', 'net', 'pitfall', 'ploy', 'quagmire', 'ruse']"
travel,"['driving', 'excursion', 'flying', 'movement', 'navigation', 'ride', 'sailing', 'sightseeing', 'tour', 'transit', 'trek', 'trip']"
traveller,['tourist']
treasury,"['bank', 'coffer', 'exchequer']"
treatment,"['analysis', 'cure', 'hospitalization', 'medication', 'medicine', 'operation', 'prescription', 'regimen', 'remedy', 'surgery', 'therapy']"
treaty,"['accord', 'alliance', 'arrangement', 'bargain', 'bond', 'cartel', 'charter', 'compact', 'concord', 'concordat', 'convention', 'covenant', 'deal', 'entente', 'league', 'negotiation', 'pact', 'reconciliation', 'sanction', 'settlement', 'understanding']"
trend,"['direction', 'movement', 'tendency']"
trial,"['exploratory', 'preliminary']"
tribunal,"['board', 'committee', 'judge', 'justice']"
tribute,"['accolade', 'appreciation', 'compliment', 'eulogy', 'gift', 'gratitude', 'honor', 'memorial', 'recognition', 'respect']"
trick,"['conspiracy', 'deception', 'device', 'distortion', 'fraud', 'gimmick', 'hoax', 'illusion', 'maneuver', 'plot', 'ploy', 'ruse', 'trap']"
trickle,"['crawl', 'creep', 'dribble', 'flow', 'leak', 'ooze', 'percolate', 'seep', 'stream']"
trip,"['cruise', 'expedition', 'foray', 'jaunt', 'outing', 'run', 'swing', 'tour', 'travel', 'trek']"
triumph,"['celebration', 'joy', 'pride']"
troop,"['armed forces', 'army', 'contingent', 'crew', 'delegation', 'gang', 'military', 'party', 'servicemen', 'squad', 'team', 'troops', 'unit']"
trooper,"['commando', 'fighter', 'guard', 'guerrilla', 'marine', 'mercenary', 'officer', 'paratrooper', 'pilot', 'veteran', 'volunteer']"
trophy,"['citation', 'crown', 'cup', 'decoration', 'gold', 'keepsake', 'medal', 'memento', 'prize', 'souvenir']"
trouble,"['anxiety', 'concern', 'danger', 'difficulty', 'dilemma', 'disorder', 'disturbance', 'inconvenience', 'mess', 'pain', 'predicament', 'problem', 'strain', 'stress', 'strife', 'struggle', 'suffering', 'unrest', 'woe']"
trumpet,"['clarion', 'cornet', 'horn', 'instrument', 'shophar']"
trust,"['confidence', 'expectation', 'faith', 'hope']"
trustee,"['agent', 'custodian', 'executor']"
truth,"['accuracy', 'authenticity', 'certainty', 'fact', 'legitimacy', 'principle', 'truthfulness', 'veracity']"
try,['shot']
trypsin,[]
tube,"['cylinder', 'duct', 'pipe', 'pipeline', 'tunnel']"
tumour,[]
tune,"['chorus', 'composition', 'concert', 'ditty', 'harmony', 'jingle', 'piece', 'theme']"
tunnel,"['channel', 'hole', 'mine', 'pit', 'shaft', 'subway', 'underpass']"
turnover,"['bread', 'cake', 'croissant', 'doughnut', 'phyllo', 'pie']"
tutor,"['educator', 'instructor', 'lecturer', 'mentor', 'teacher']"
twin,['dual']
type,"['brand', 'breed', 'category', 'character', 'description', 'form', 'group', 'lot', 'nature', 'number', 'sample', 'sort', 'standard', 'strain', 'variety']"
ulcer,"['abscess', 'lesion']"
uncertainty,"['ambiguity', 'ambivalence', 'anxiety', 'concern', 'confusion', 'distrust', 'mistrust', 'skepticism', 'suspicion', 'trouble', 'uneasiness', 'unpredictability', 'worry']"
underclass,[]
understanding,"['compassionate', 'considerate', 'empathetic', 'forgiving', 'generous', 'kindly', 'perceptive', 'sympathetic']"
undertaking,"['affair', 'effort', 'enterprise', 'experiment', 'operation', 'project', 'proposition', 'task', 'venture']"
unemployment,['cutback']
uniform,"['homogeneous', 'inflexible', 'orderly', 'reliable', 'rigid', 'systematic']"
union,"['abutment', 'accord', 'agglutination', 'agreement', 'amalgam', 'amalgamation', 'blend', 'centralization', 'combination', 'commixture', 'compound', 'concatenation', 'conciliation', 'concord', 'concurrence', 'confluence', 'congregation', 'conjunction', 'consolidation', 'correlation', 'coupling', 'fusion', 'harmony', 'hookup', 'incorporation', 'intercourse', 'joint', 'junction', 'juncture', 'meeting', 'merging', 'mixture', 'seam', 'symbiosis', 'synthesis', 'tie-in', 'tie-up', 'unanimity', 'unification', 'unison', 'uniting', 'unity']"
unit,"['crew', 'entity', 'group', 'system']"
unity,"['agreement', 'consensus', 'harmony', 'identity', 'integrity', 'peace', 'solidarity', 'unanimity', 'unification']"
universe,"['cosmos', 'macrocosm', 'nature', 'world']"
unix,"['MS-DOS', 'MacOS', 'OS', 'OS/2', 'Windows', 'disk operating system', 'dos', 'executive', 'system software', 'systems program']"
upsurge,"['boom', 'improvement', 'recovery', 'upswing', 'upturn']"
urge,"['appetite', 'compulsion', 'craving', 'impulse', 'itch', 'longing', 'lust', 'passion', 'weakness', 'yearning']"
user,"['buyer', 'customer', 'purchaser', 'shopper']"
utility,['service']
valley,"['basin', 'canyon', 'gorge', 'lowland', 'plain']"
value,"['amount', 'cost', 'expense', 'price', 'profit', 'rate']"
van,"['camper', 'caravan', 'truck']"
variable,"['fickle', 'fluctuating', 'volatile']"
variation,"['abnormality', 'alteration', 'change', 'deviation', 'discrepancy', 'disparity', 'divergence', 'diversity', 'fluctuation', 'innovation', 'modification', 'mutation', 'shift', 'variety']"
variety,"['array', 'assortment', 'change', 'collection', 'diversity', 'mixture', 'range', 'soup', 'variation']"
vat,"['barrel', 'basin', 'cask', 'cistern', 'container', 'tank', 'tub']"
vegetation,"['flora', 'greenery']"
vehicle,"['automobile', 'bicycle', 'boat', 'bus', 'cab', 'car', 'jeep', 'taxi', 'truck', 'van', 'wagon']"
vein,"['attitude', 'bent', 'character', 'characteristic', 'complexion', 'dash', 'disposition', 'faculty', 'fashion', 'fettle', 'hint', 'humor', 'line', 'manner', 'mind', 'mode', 'nature', 'note', 'spice', 'spirit', 'strain', 'streak', 'style', 'suggestion', 'suspicion', 'tang', 'temper', 'temperament', 'tenor', 'tinge', 'touch', 'trace', 'turn', 'wave', 'way']"
vendor,"['dealer', 'hawker', 'merchant', 'peddler']"
venture,"['deal', 'endeavor', 'enterprise', 'experiment', 'investment', 'project', 'undertaking']"
venue,"['locale', 'place', 'setting', 'site']"
verdict,"['answer', 'award', 'conclusion', 'decision', 'decree', 'finding', 'opinion', 'ruling', 'sentence']"
vermin,"['animal', 'bugs', 'insects', 'pests']"
verse,"['ballad', 'epic', 'jingle', 'lyric', 'poem', 'poetry', 'rhyme', 'sonnet', 'stanza']"
version,"['adaptation', 'form', 'history', 'interpretation', 'rendition', 'report', 'story', 'tale', 'translation', 'variant']"
vessel,"['barge', 'boat', 'craft', 'liner', 'ocean liner', 'tanker']"
victim,"['casualty', 'fatality', 'martyr', 'sufferer']"
victimisation,[]
victory,"['achievement', 'advantage', 'defeat', 'gain', 'grand slam', 'hit', 'sweep', 'triumph', 'winning']"
video,"['broadcast', 'program', 'television']"
view,"['aspect', 'glimpse', 'look', 'outlook', 'perspective', 'picture', 'prospect', 'scene', 'sight', 'vision', 'way']"
village,"['center', 'suburb']"
violence,"['assault', 'attack', 'bloodshed', 'brutality', 'clash', 'confusion', 'cruelty', 'disorder', 'disturbance', 'fighting', 'rampage', 'struggle', 'terrorism']"
virgin,"['stainless', 'vestal', 'virginal']"
virtue,"['advantage', 'character', 'ethic', 'excellence', 'faith', 'generosity', 'goodness', 'ideal', 'kindness', 'love', 'merit', 'morality', 'purity', 'quality', 'rectitude', 'righteousness', 'value']"
virus,"['ailment', 'disease', 'germ', 'illness', 'infection', 'microbe', 'microorganism', 'pathogen', 'sickness']"
vision,"['eyesight', 'perception', 'view']"
visit,"['appointment', 'call', 'holiday', 'interview', 'stay', 'stop', 'stopover', 'talk', 'vacation']"
vocation,"['art', 'business', 'calling', 'career', 'craft', 'do', 'dodge', 'duty', 'employment', 'field', 'game', 'handicraft', 'job', 'lifework', 'line', 'mission', 'occupation', 'office', 'post', 'profession', 'pursuit', 'racket', 'role', 'thing', 'trade', 'undertaking']"
voice,"['cry', 'sound', 'speech', 'statement', 'tone']"
vol,[]
volume,"['amount', 'figure', 'number', 'quantity', 'size', 'total']"
volunteer,"['come forward', 'enlist', 'sign up', 'step forward', 'suggest']"
vote,"['ballot', 'choice', 'majority', 'poll', 'referendum', 'tally']"
voter,"['citizen', 'resident', 'taxpayer']"
voting,"['balloting', 'vote']"
wage,"['conduct', 'do', 'fulfill', 'make', 'practice', 'prosecute', 'pursue', 'undertake']"
waist,"['midriff', 'waistline']"
waiting,"['await', 'delay', 'expect', 'hang', 'linger', 'remain', 'stand by', 'stay', 'stick around', 'watch']"
wand,['baton']
ward,"['department', 'parish', 'precinct']"
warmth,"['enthusiasm', 'excitement', 'passion']"
warning,['ominous']
Warrant,"['accreditation', 'certificate', 'credential', 'license', 'passport', 'permission', 'permit', 'pledge', 'sanction', 'subpoena', 'summons', 'ticket']"
warranty,['certificate']
washing,['ablutionary']
waste,['misuse']
wave,"['crest', 'flood', 'influx', 'movement', 'outbreak', 'rash', 'rush', 'sign', 'stream', 'surge', 'swell', 'tide', 'upsurge']"
wax,"['augment', 'become', 'build', 'come', 'develop', 'dilate', 'enlarge', 'expand', 'grow', 'heighten', 'increase', 'magnify', 'mount', 'multiply', 'rise', 'run', 'swell', 'turn', 'upsurge']"
weakness,"['deficiency', 'failing', 'flaw', 'fragility', 'frailty', 'gap', 'instability', 'lack', 'lapse', 'shortcoming', 'vulnerability']"
wealth,"['abundance', 'affluence', 'cash', 'property', 'prosperity', 'revenue', 'riches', 'richness', 'security', 'treasure', 'worth']"
weapon,"['ammunition', 'bomb', 'cannon', 'firearm', 'gun', 'knife', 'machete', 'machine gun', 'missile', 'nerve gas', 'pistol', 'revolver', 'rifle', 'shotgun', 'sword', 'tear gas']"
weight,"['burden', 'density', 'gravity', 'heft', 'load', 'pressure', 'substance']"
welfare,"['benefit', 'health', 'interest', 'progress', 'well-being']"
whale,"['mammal', 'porpoise']"
wheel,"['disk', 'drum', 'roller']"
whig,[]
while,"['although', 'at the same time', 'during', 'during the time', 'in the time', 'throughout the time', 'whilst']"
whisker,"['bristle', 'filament', 'hair']"
whisky,[]
whole,"['full', 'perfect']"
widow,"['dowager', 'relict']"
wilderness,"['back country', 'desert', 'forest', 'jungle', 'outback', 'wasteland']"
wildlife,"['body', 'existence', 'growth', 'living', 'man', 'person', 'soul', 'survival', 'woman']"
will,"['attitude', 'character', 'decision', 'desire', 'determination', 'discipline', 'feeling', 'inclination', 'intention', 'mind', 'passion', 'power', 'resolution', 'resolve', 'wish']"
wind,"['air', 'blast', 'breeze', 'cyclone', 'gale', 'gust']"
winner,"['champ', 'champion', 'first', 'hero', 'medalist', 'number one']"
wire,"['cable', 'coil', 'line', 'strand', 'thread']"
wiring,"['electrification', 'electrifying']"
wisdom,"['acumen', 'caution', 'experience', 'foresight', 'intelligence', 'judgment', 'knowledge', 'poise', 'prudence', 'sanity', 'savvy', 'sophistication', 'understanding']"
wish,"['ambition', 'aspiration', 'choice', 'hope', 'inclination', 'intention', 'longing', 'prayer', 'preference', 'request', 'will', 'yearning']"
withdrawal,"['departure', 'disengagement', 'exit', 'exodus', 'resignation', 'retirement']"
witness,"['bystander', 'eyewitness', 'observer', 'spectator', 'testimony']"
wonder,"['admiration', 'astonishment', 'awe', 'bewilderment', 'confusion', 'curiosity', 'doubt', 'fascination', 'fear', 'reverence', 'shock', 'skepticism', 'surprise', 'uncertainty']"
wood,"['lumber', 'timber', 'woodland']"
woodworker,"['artisan', 'builder', 'cabinetmaker', 'laborer', 'worker']"
wool,"['cashmere', 'fleece', 'fur', 'hair', 'mohair', 'tweed', 'yarn']"
workforce,"['labor pool', 'personnel']"
works,['entirety']
workshop,"['laboratory', 'mill', 'plant', 'studio']"
workstation,"['agency', 'building', 'bureau', 'center', 'department', 'facility', 'factory', 'room', 'shop', 'store', 'suite']"
worry,"['anguish', 'apprehension', 'concern', 'doubt', 'fear', 'headache', 'misery', 'misgiving', 'pain', 'problem', 'uncertainty', 'uneasiness', 'woe']"
worth,"['account', 'aid', 'benefit', 'cost', 'credit', 'price', 'quality', 'rate', 'valuation']"
wound,"['bruise', 'cut', 'damage', 'grief', 'laceration', 'lesion', 'pain', 'shock', 'trauma']"
wrestling,"['contend', 'grapple', 'scuffle', 'strive', 'tangle', 'tussle']"
wrist,[]
writ,['summons']
yard,"['backyard', 'courtyard', 'garden', 'grass', 'lawn', 'lot', 'patch', 'patio', 'playground']"
yardstick,"['barometer', 'benchmark', 'criterion', 'indicator', 'norm']"
yield,"['crop', 'earnings', 'harvest', 'income', 'output', 'profit', 'return', 'revenue', 'turnout']"
youngster,"['boy', 'girl', 'juvenile', 'kid', 'pupil', 'student', 'teenager', 'youth']"
youth,"['minority', 'teens']"
zone,"['area', 'belt', 'ground', 'region', 'section', 'sector', 'territory']"
zoology,"['anthropology', 'biological science', 'biology', 'ecology', 'environmental science', 'medicine', 'natural science']"
Aabeid,[]
Abimelech,[]
Adikari,[]
ADMARC,[]
Adrie,[]
Agostinelli,[]
Ahearn,[]
AIESEC,[]
Aileen,[]
AIRMAN,[]
Albert,[]
Alexander,[]
Alexandra,[]
Alfwen,[]
Alldis,[]
Allexr,[]
Alphand,[]
Alsogaray,[]
Alternance,[]
Amaritima,[]
Amphitryon,[]
Amwell,[]
Andre,[]
Andy,[]
Anemospilia,[]
ANIMATRONICS,[]
Anne,[]
ANOther,"['a different person', 'addition', 'one more', 'someone else', 'something else']"
Anzac,[]
Appenzellerei,[]
AppStudio,[]
Aquasafe,[]
Arcot,[]
Aristonike,[]
ARTHROPHYTA,[]
ARTHUR,[]
Asir,[]
Astropecten,[]
Athelwold,[]
Atomique,[]
Atossa,[]
Atteveld,[]
Augusta,[]
Avice,[]
AWE,"['admiration', 'apprehension', 'astonishment', 'consternation', 'dread', 'esteem', 'horror', 'reverence', 'shock', 'terror', 'wonder', 'wonderment']"
Ayr,[]
Azcona,[]
Backshield,[]
BAe,[]
Bagnigge,[]
Bairam,[]
Baker,"['chef', 'cook']"
BALBIRNIE,[]
Balev,[]
Barbara,[]
Barnhaven,[]
Barnier,[]
Barnside,[]
Basanjorj,[]
Beak,['snout']
Beirut,[]
Belbin,[]
Bellatrix,[]
Belle,"['coquette', 'debutante', 'dream', 'looker', 'queen', 'vision']"
Bellingdon,[]
Bely,[]
Beneficence,"['aid', 'alms', 'benefaction', 'charity', 'contribution', 'gift', 'grace', 'handout', 'offering', 'philanthropy']"
Beninois,[]
Beobachter,[]
Bercy,[]
Bergholm,[]
Berks,[]
Berny,[]
Besty,[]
Bidayuh,[]
Bideford,[]
Bintje,[]
Biostatistics,[]
Biotec,[]
Birker,[]
Birney,[]
Bishop,"['administrator', 'cleric', 'director', 'patriarch', 'pontiff', 'pope', 'prelate', 'priest']"
Bismillah,[]
Bisset,[]
Blakenhurst,[]
BlueLine,[]
Boletaceae,[]
Bondt,[]
Bordeaux,[]
Botterman,[]
Bottesford,[]
Boulevard,"['artery', 'avenue', 'highway', 'thoroughfare']"
Bradshaw,[]
Brailovsky,[]
Brecht,[]
Brezner,[]
Brian,[]
Bristol,[]
Brixton,[]
BSRI,[]
Buckhout,[]
BUNAC,[]
Burbach,[]
Buridan,[]
Bush,"['backwoods', 'bramble', 'briar', 'brush', 'chaparral', 'creeper', 'forest', 'hedge', 'hinterland', 'jungle', 'outback', 'plant', 'scrub', 'scrubland', 'shrubbery', 'thicket', 'vine', 'wilderness']"
Butterknowle,[]
Byaraagiyn,[]
Bystrica,[]
CA,"['AC', 'C/A', 'central air', 'central air conditioning', 'climate control', 'climatization']"
CAI,[]
Calavecchia,[]
Cambridge,[]
Campagnac,[]
CAMPRUBI,[]
Canada,[]
Canford,[]
Canteena,[]
Canterbury,[]
Capetanakis,[]
Cardew,[]
Cardiff,[]
Carebridge,[]
Carkesse,[]
Carmo,[]
Castleblayney,[]
Cathars,[]
CBO,[]
CDvorak,[]
Cernobbio,[]
Charlie,[]
Cheryl,[]
Cheveux,[]
Chinguetta,[]
Chippingdale,[]
Chittagong,[]
Chris,[]
Chunnel,[]
Cidre,[]
Ciskei,[]
CKR,[]
Clambake,"['accumulation', 'aggregation', 'assemblage', 'association', 'band', 'body', 'bunch', 'cluster', 'collection', 'company', 'conclave', 'confab', 'conference', 'convocation', 'council', 'crew', 'crowd', 'faction', 'flock', 'gathering', 'group', 'huddle', 'mass', 'meet', 'meeting', 'multitude', 'rally', 'sit-in', 'throng', 'turnout']"
Clark,[]
Clarke,[]
Clewes,[]
Clifford,[]
CMRN,[]
CNG,[]
Coalchief,[]
Colin,[]
Commons,['canteen']
Coyle,[]
Craven,['mean-spirited']
Dada,[]
Darlington,[]
Dean,"['administrator', 'legislator', 'principal', 'professor', 'senior']"
Dec,[]
DES,[]
Domesday,[]
Donald,[]
Douglas,"['cedar', 'pine']"
Dresden,[]
Drury,[]
Durham,[]
EC,[]
Edinburgh,[]
Edward,[]
Eliot,[]
Elland,[]
Emilia,[]
Emily,[]
Enfield,[]
ENOCH,[]
Essex,[]
Europe,[]
FA,[]
Feb,[]
Ferranti,[]
Fran,[]
FRED,"['X', 'bar', 'baz', 'corge', 'foo', 'garply', 'grault', 'plugh', 'quux', 'qux', 'thud', 'waldo', 'whatchamacallit', 'wombat', 'xyzzy']"
Gazzer,[]
Geoffrey,[]
Glamorgan,[]
GmbH,[]
Goddard,[]
Gordon,[]
Graham,[]
Greater,"['boss', 'cooler', 'higher', 'larger', 'largest', 'leading', 'most', 'outstanding', 'preeminent', 'super', 'superlative', 'terrific']"
Gulf,"['basin', 'bay', 'bayou', 'bight', 'cove', 'firth', 'harbor', 'slough', 'sound', 'whirlpool']"
Harwich,[]
Havel,[]
Heathcliff,[]
HIV,"['AIDS', 'acquired immune deficiency syndrome', 'gonorrhea', 'herpes', 'syphilis', 'venereal disease']"
HMI,[]
Hodge,[]
Hopkins,[]
Horbury,[]
Hugh,[]
IRA,"['Keogh plan', 'Roth IRA', 'retirement plan', 'self-funded retirement plan', 'tax-free savings account']"
Jack,"['bluejacket', 'boater', 'cadet', 'diver', 'jack-tar', 'lascar', 'marine', 'mariner', 'mate', 'middy', 'navigator', 'pilot', 'pirate', 'salt', 'seafarer', 'seaman', 'shipmate', 'swab', 'tar', 'tarpaulin', 'windjammer']"
Jim,[]
Joshua,[]
Karl,[]
Kasparov,[]
Keith,[]
Ken,"['acumen', 'apprehension', 'attention', 'attitude', 'awareness', 'cognizance', 'comprehension', 'concept', 'consciousness', 'grasp', 'idea', 'impression', 'insight', 'judgment', 'knowledge', 'light', 'notion', 'picture', 'recognition', 'sense', 'sight', 'understanding', 'vision']"
Key,"['basic', 'crucial', 'decisive', 'fundamental', 'indispensable', 'leading', 'main', 'major', 'pivotal', 'primary', 'principal', 'vital']"
Khasbulatov,[]
Kingdom,"['commonwealth', 'country', 'county', 'crown', 'division', 'domain', 'dominion', 'dynasty', 'empire', 'field', 'lands', 'monarchy', 'nation', 'possessions', 'principality', 'province', 'realm', 'reign', 'rule', 'scepter', 'sovereignty', 'sphere', 'state', 'suzerainty', 'sway', 'territory', 'throne', 'tract']"
Kinnock,[]
Knighton,[]
Kong,[]
Korea,[]
LA,[]
Land,"['acreage', 'area', 'beach', 'continent', 'country', 'countryside', 'district', 'earth', 'estate', 'farmland', 'field', 'ground', 'home', 'homeland', 'nation', 'parcel', 'plot', 'province', 'ranch', 'real estate', 'region', 'shore', 'soil', 'terrain', 'territory', 'tract']"
Laura,[]
Lautro,[]
LEA,"['grassland', 'pasture', 'plain', 'prairie']"
Lee,"['border', 'bottom', 'face', 'front', 'hand', 'part', 'rear', 'sector', 'surface', 'top', 'view']"
Leeds,[]
Leonardo,[]
Lewis,[]
Lithuania,[]
Lord,"['aristocrat', 'baron', 'bishop', 'captain', 'commandant', 'commander', 'count', 'dad', 'don', 'duke', 'earl', 'governor', 'king', 'leader', 'liege', 'magnate', 'marquis', 'monarch', 'nobility', 'noble', 'nobleman', 'overlord', 'parliamentarian', 'patrician', 'peer', 'potentate', 'prince', 'royalty', 'ruler', 'seigneur', 'sovereign', 'superior', 'viscount']"
Lords,"['aristocrat', 'baron', 'bishop', 'captain', 'commandant', 'commander', 'count', 'dad', 'don', 'duke', 'earl', 'governor', 'king', 'leader', 'liege', 'magnate', 'marquis', 'monarch', 'nobility', 'noble', 'nobleman', 'overlord', 'parliamentarian', 'patrician', 'peer', 'potentate', 'prince', 'royalty', 'ruler', 'seigneur', 'sovereign', 'superior', 'viscount']"
Lowry,[]
Luke,[]
Maastricht,[]
Major,"['big', 'considerable', 'dominant', 'extensive', 'large', 'large-scale', 'leading', 'main', 'primary', 'sizable']"
Marathon,"['cross-country race', 'endurance run', 'test of endurance']"
Mark,"['impression', 'imprint', 'line', 'point', 'record', 'scar', 'score', 'signature', 'spot', 'stain', 'stamp', 'streak', 'symbol']"
Mary,"['Blessed Virgin Mary', 'Mother of our Lord', 'Virgin Mary', 'madonna', 'the Virgin']"
Mesopotamia,[]
MICK,[]
Moore,[]
Moscow,[]
Muir,[]
nat,[]
NATO,[]
Ness,"['arm', 'beak', 'bill', 'finger', 'foreland', 'head', 'headland', 'jetty', 'mole', 'naze', 'neck', 'peninsula', 'point', 'tongue']"
Newland,[]
Newley,[]
Newton,[]
NHS,[]
Nicky,[]
Nigel,[]
Norman,[]
Norwich,[]
Nottingham,[]
Nov,[]
OB,[]
Osborne,[]
Owen,[]
Oxford,['footwear']
Pacific,"['calm', 'friendly', 'neutral', 'quiet']"
Palmerston,[]
Paul,[]
Philip,[]
Pont,[]
Pope,['pontiff']
Powys,[]
RAC,[]
RAF,[]
Rosen,[]
Rudolf,[]
Russia,[]
RUTH,"['grief', 'mercy', 'penitence', 'pity', 'regret', 'remorse', 'repentance', 'sadness', 'sorrow', 'sympathy', 'tenderness']"
Salford,[]
Sam,[]
Satan,"['Antichrist', 'Beelzebub', 'Mephistopheles', 'demon', 'lucifer']"
Scotland,[]
Selfridge,[]
SEPT,[]
States,['case']
Stewart,[]
Stirling,[]
Stour,[]
Strat,[]
Susie,[]
Sussex,[]
Swindon,[]
TAO,[]
Tayside,[]
Terry,[]
Thames,[]
Thorfinn,[]
THORN,"['barb', 'bramble', 'brier', 'nettle', 'point', 'spine', 'thistle']"
Tottenham,[]
Venables,[]
Walter,[]
Wapping,[]
Ward,"['department', 'parish', 'precinct']"
Weald,"['forest', 'hardwood', 'log']"
Westminster,[]
White,"['silver', 'silvery']"
Wigan,[]
William,[]
Willie,[]
Wood,"['lumber', 'timber', 'woodland']"
Yamaha,[]
atheist,"['agnostic', 'pagan', 'skeptic']"
interference,"['conflict', 'intervention', 'intrusion', 'obstruction']"
python,[]
sonar,"['direction finding', 'scanning system', 'tracking system']"
forty,"['quadragenarian', 'quadragesimal']"
third,"['tertiary', 'triennial']"
twelve,"['duodecimal', 'twelfth']"
above,['raised']
against,"['across', 'adjacent', 'con', 'contra', 'contrary to', 'counter to', 'facing', 'in contrast to', 'in opposition to', 'opposed to', 'opposing', 'versus', 'vs']"
aged,['elderly']
along,"['forward', 'onward']"
alongside,"['along the side of', 'apace with', 'at the side of', 'beside', 'by', 'by the side of', 'close at hand', 'close by', 'equal with', 'in company with', 'next to', 'parallel to', 'side by side']"
among,"['amid', 'amidst', 'betwixt', 'encompassed by', 'in dispersion through', 'in the midst of', 'in the thick of', 'mid', 'surrounded by', 'with']"
amongst,"['amidst', 'among', 'between', 'during', 'mid', 'over', 'surrounded by', 'throughout']"
as,"['at the time that', 'during the time that', 'in the act of', 'in the process of', 'just as', 'on the point of']"
below,['down']
beneath,['below']
between,['betwixt']
beyond,"['above', 'after', 'ahead', 'apart from', 'as well as', 'at a distance', 'away from', 'before', 'behind', 'besides', 'beyond the bounds', 'clear of', 'farther', 'free of', 'good way off', 'hyper', 'in addition to', 'in advance of', 'long way off', 'more remote', 'moreover', 'on the far side', 'on the other side', 'out of range', 'out of reach', 'outside', 'over', 'over and above', 'over there', 'past', 'remote', 'superior to', 'without', 'yonder']"
by,"['aside', 'away', 'through']"
concerning,"['regarding', 'respecting', 'touching']"
despite,"['against', 'although', 'even though', 'even with', 'in contempt of', 'in defiance of', 'in the face of', 'notwithstanding', 'undeterred by']"
during,"['all along', 'all the while', 'amid', 'as', 'at the same time as', 'at the time', 'for the time being', 'in the course of', 'in the interim', 'in the meanwhile', 'in the middle of', 'in the time of', 'meanwhile', 'mid', 'midst', 'over', 'pending', 'the time between', 'the whole time', 'throughout', 'until', 'when', 'while']"
except,['save']
including,['counting']
of,"['about', 'appertaining to', 'appropriate to', 'as concerns', 'as regards', 'attributed to', 'away from', 'based on', 'belonging to', 'characterized by', 'coming from', 'concerning', 'connected with', 'consisting of', 'containing', 'epithetical', 'going from', 'in reference to', 'in regard to', 'like', 'made from', 'out from', 'out of', 'peculiar to', 'pertaining to', 'proceeding from', 'referring to', 'regarding', 'related to', 'showing']"
off,['outside']
onto,"['adjacent', 'against', 'in contact with', 'toward']"
per,"['according to', 'by', 'by means of', 'contained in each', 'for each one', 'for every', 'in accordance with', 'through', 'to each']"
regarding,['respecting']
round,"['bulbous', 'curved', 'cylindrical', 'elliptical', 'oval', 'rounded', 'spherical']"
since,"['after all', 'as', 'by reason of', 'considering', 'for', 'forasmuch as', 'in consideration of', 'in view of', 'inasmuch as', 'insomuch as', 'on account of', 'seeing that']"
through,['over']
throughout,"['all over', 'all the time', 'all through', 'around', 'at full length', 'completely', 'during', 'every bit', 'everyplace', 'everywhere', 'far and near', 'far and wide', 'for the duration', 'from beginning to end', 'from end to end', 'from one end to the other', 'from start to finish', 'from the start', 'from the word go', 'high and low', 'in all respects', 'in every place', 'in everything', 'inside and out', 'on all accounts', 'over', 'overall', 'right through', 'round', 'the whole time', 'through the whole of', 'to the end', 'up and down']"
till,"['box', 'kitty', 'safe', 'tray', 'treasury', 'vault']"
toward,"['against', 'anent', 'apropos', 'beneficial', 'coming', 'concerning', 'facing', 'favoring', 'forward', 'into', 'near', 'obliging', 'propitious', 'regarding', 'willing']"
unlike,['dissimilar']
until,"['as far as', 'before', 'before the coming', 'continuously', 'down to', 'in advance of', 'in expectation', 'prior to', 'till', 'to', 'up till', 'up to']"
unto,"['against', 'beside', 'next to', 'till', 'toward', 'until', 'up to']"
upon,"['beginning with', 'consequent to', 'simultaneous']"
via,"['along', 'as a means', 'by', 'by dint of', 'by means of', 'by this route', 'by virtue of', 'on the way', 'over', 'per', 'through', 'through the medium of', 'through this medium', 'with']"
within,"['in', 'in a period', 'in reach', 'indoors', 'inner', 'interior', 'inward', 'not beyond', 'not outside', 'not over']"
worth,"['account', 'aid', 'benefit', 'cost', 'credit', 'price', 'quality', 'rate', 'valuation']"
anyone,"['all', 'anybody', 'everybody', 'everyone', 'one', 'public']"
itself,[]
lots,['oodles']
nobody,['nothing']
none,"['no one', 'nobody', 'nothing']"
ourselves,['we']
plenty,"['enough', 'good deal', 'luxury', 'plethora', 'quantity', 'torrent', 'wealth']"
themselves,[]
whoever,['someone']
whom,[]
yours,['owned']
account,"['detail', 'explanation', 'history', 'narrative', 'report', 'story', 'tale', 'version']"
acto,[]
ai,['robotics']
alli,[]
argue,"['contend', 'disagree', 'dispute', 'quarrel', 'quibble', 'squabble']"
assump,[]
besi,[]
bi,['epicene']
boo,"['heckle', 'hiss', 'holler', 'hoot', 'jeer']"
buff,"['bare', 'blonde', 'canary', 'ecru', 'lemon', 'nude', 'ochre', 'straw', 'tan']"
cab,"['carriage', 'taxi', 'taxicab']"
cart,"['rickshaw', 'truck', 'wagon']"
lot,"['area', 'field', 'part', 'piece', 'portion', 'property']"
miss,"['absence', 'blunder', 'default', 'defect', 'error', 'fault', 'loss', 'mishap', 'mistake', 'omission', 'oversight', 'slip', 'want']"
pick,"['choice', 'prize', 'selection']"
public,"['civic', 'civil', 'communal', 'governmental', 'mutual', 'national', 'popular', 'social', 'universal', 'urban']"
set,"['agreed', 'appointed', 'arranged', 'bent', 'concluded', 'confirmed', 'determined', 'entrenched', 'established', 'firm', 'fixed', 'immovable', 'intent', 'ironclad', 'obstinate', 'pat', 'prearranged', 'predetermined', 'prescribed', 'regular', 'resolved', 'rooted', 'scheduled', 'settled', 'specified', 'stated', 'stipulated']"
abandon,['spontaneity']
abduct,"['kidnap', 'seize', 'snatch']"
abolish,"['abrogate', 'annul', 'cancel', 'dissolve', 'eradicate', 'nullify', 'overthrow', 'overturn', 'prohibit', 'put an end to', 'repeal', 'rescind', 'revoke', 'set aside', 'stamp out', 'suppress', 'terminate', 'wipe out']"
absinthe,[]
absorb,"['consume', 'ingest', 'swallow', 'take in']"
abstain,"['cease', 'forgo', 'pass up', 'quit', 'refrain', 'renounce', 'shun', 'withhold']"
accept,"['get', 'obtain', 'take', 'welcome']"
access,"['approach', 'connection', 'entry']"
acclaim,"['acclamation', 'applause', 'commendation', 'kudos', 'praise', 'rave', 'recognition']"
accommodate,"['contain', 'entertain', 'hold', 'rent', 'shelter', 'take in', 'welcome']"
accompany,"['attend', 'escort', 'follow', 'guide', 'lead']"
account,"['detail', 'explanation', 'history', 'narrative', 'report', 'story', 'tale', 'version']"
accumulate,"['accrue', 'acquire', 'add to', 'assemble', 'collect', 'compile', 'concentrate', 'expand', 'gain', 'grow', 'hoard', 'increase', 'pile up', 'rack up', 'swell']"
accuse,"['allege', 'arraign', 'arrest', 'attack', 'blame', 'brand', 'charge', 'cite', 'complain', 'denounce', 'implicate', 'indict', 'name', 'prosecute', 'sue', 'summon']"
achaemeniann,[]
achieve,"['accomplish', 'attain', 'bring about', 'carry out', 'complete', 'conclude', 'do', 'earn', 'enact', 'end', 'gain', 'manage', 'obtain', 'produce', 'reach', 'realize', 'resolve', 'settle', 'sign', 'solve', 'win', 'work out']"
acknowledge,"['accept', 'agree', 'defend', 'endorse', 'recognize', 'support']"
acomb,[]
acquire,"['achieve', 'amass', 'bring in', 'buy', 'collect', 'earn', 'gain', 'get', 'have', 'pick up', 'promote', 'take', 'win']"
action,"['activity', 'deal', 'force', 'life', 'movement', 'operation', 'plan', 'process', 'reaction', 'response']"
adapt,"['acclimate', 'accommodate', 'accustom', 'alter', 'comply', 'conform', 'fit', 'modify', 'prepare', 'readjust', 'revise', 'shape', 'suit', 'tailor']"
address,"['ZIP code', 'home', 'location', 'number']"
adjust,"['accommodate', 'accustom', 'adapt', 'alter', 'conform', 'fine-tune', 'fix', 'modify', 'regulate', 'tailor']"
administer,"['administrate', 'carry out', 'conduct', 'direct', 'execute', 'govern', 'oversee', 'supervise']"
admire,"['adore', 'applaud', 'appreciate', 'cherish', 'commend', 'credit', 'extol', 'hail', 'honor', 'idolize', 'laud', 'marvel at', 'praise', 'prize', 'respect', 'revere', 'treasure', 'worship']"
admit,"['accept', 'concede', 'enter', 'grant', 'introduce', 'permit', 'receive', 'sign', 'take']"
adopt,"['accept', 'approve', 'embrace', 'endorse', 'follow', 'maintain', 'ratify', 'select', 'support', 'take up', 'use']"
advance,"['first', 'forward', 'leading', 'prior']"
advertise,"['announce', 'communicate', 'disclose', 'display', 'endorse', 'exhibit', 'proclaim', 'promote', 'reveal', 'sponsor', 'tout']"
advise,"['admonish', 'caution', 'charge', 'commend', 'direct', 'encourage', 'instruct', 'point out', 'prepare', 'recommend', 'suggest', 'urge', 'warn']"
advocate,"['backer', 'campaigner', 'defender', 'lawyer', 'promoter', 'proponent', 'supporter']"
aethelwald,[]
affect,"['alter', 'change', 'disturb', 'influence', 'interest', 'involve', 'touch', 'upset']"
afford,"['allow', 'manage']"
aid,"['assistance', 'benefit', 'care', 'compensation', 'cooperation', 'gift', 'relief', 'service', 'subsidy', 'treatment']"
aim,"['ambition', 'aspiration', 'desire', 'direction', 'intent', 'intention', 'objective', 'plan', 'purpose', 'target', 'wish']"
allege,"['charge', 'cite', 'declare', 'depose', 'maintain', 'plead', 'recount', 'testify']"
allocate,"['allot', 'apportion', 'appropriate', 'designate', 'earmark', 'give', 'set aside']"
allow,['grant']
alter,"['adjust', 'amend', 'change', 'develop', 'modify', 'reshape', 'revamp', 'revise', 'shift', 'transform', 'vary']"
amount,"['bulk', 'chunk', 'extent', 'load', 'lot', 'measure', 'number', 'supply', 'ton', 'volume']"
analysand,[]
analyse,[]
announce,"['call', 'declare', 'disclose', 'issue', 'publish', 'release', 'report', 'reveal', 'tell']"
anticipate,"['assume', 'await', 'count on', 'forecast', 'foresee', 'prepare for', 'see']"
apotheosise,[]
appeal,"['application', 'bid', 'call', 'claim', 'demand', 'overture', 'petition', 'plea', 'proposal', 'question', 'suit']"
appear,"['arrive', 'come', 'come out', 'crop up', 'develop', 'emerge', 'materialize', 'occur', 'pop up', 'present', 'show', 'show up', 'surface', 'turn out', 'turn up']"
apply,"['administer', 'cover', 'spread']"
appoint,"['assign', 'choose', 'designate', 'elect', 'establish', 'install', 'name', 'nominate', 'select', 'set']"
appraise,"['assess', 'audit', 'calculate', 'check out', 'evaluate', 'examine', 'gauge', 'inspect', 'peg']"
appreaciate,[]
appreciate,"['acknowledge', 'enjoy', 'welcome']"
approach,"['access', 'path', 'way']"
approve,"['accept', 'favor']"
approximate,"['close', 'near', 'rough']"
archivolt,[]
argue,"['contend', 'disagree', 'dispute', 'quarrel', 'quibble', 'squabble']"
arise,"['appear', 'begin', 'crop up', 'derive', 'emanate', 'emerge', 'ensue', 'happen', 'occur', 'originate', 'result', 'rise', 'set in', 'stem']"
armoire,['wardrobe']
arrange,"['file', 'form', 'organize']"
arrest,"['capture', 'detention', 'imprisonment', 'incarceration']"
ascertain,"['confirm', 'determine', 'divine', 'double-check', 'find out', 'verify']"
assemble,"['amass', 'bring together', 'collect', 'convene', 'gather', 'meet', 'mobilize', 'summon']"
assert,"['affirm', 'allege', 'argue', 'cite', 'claim', 'contend', 'defend', 'press', 'proclaim', 'profess', 'say', 'stress', 'uphold']"
assess,"['appraise', 'check', 'determine', 'estimate', 'fix', 'gauge', 'judge', 'weigh']"
assign,"['accredit', 'allow', 'appoint', 'attach', 'authorize', 'charge', 'commit', 'designate', 'draft', 'elect', 'empower', 'entrust', 'hire', 'name', 'nominate', 'refer', 'select']"
assist,"['abetment', 'aid', 'assistance', 'backing', 'benefit', 'boost', 'collaboration', 'comfort', 'compensation', 'cooperation', 'facilitation', 'furtherance', 'hand', 'lift', 'reinforcement', 'relief', 'service', 'support']"
associate,"['accomplice', 'ally', 'assistant', 'buddy', 'co-worker', 'cohort', 'collaborator', 'companion', 'comrade', 'crony', 'fellow', 'friend', 'partner']"
assume,"['accept', 'conclude', 'consider', 'estimate', 'expect', 'guess', 'infer', 'presume', 'speculate', 'suspect', 'think', 'understand']"
assure,"['encourage', 'persuade', 'reassure', 'satisfy']"
astill,[]
attach,"['add', 'adhere', 'affix', 'connect', 'fix', 'hook up', 'link', 'secure', 'stick', 'tie']"
attack,"['aggression', 'barrage', 'charge', 'incursion', 'intervention', 'intrusion', 'invasion', 'offensive', 'onslaught', 'outbreak', 'raid', 'rape', 'skirmish', 'strike', 'violation']"
attact,[]
attempt,"['attack', 'bid', 'endeavor', 'experiment', 'pursuit', 'shot', 'struggle', 'try']"
attend,"['show up', 'visit']"
attract,"['appeal to', 'bring', 'captivate', 'draw', 'engage', 'entice', 'fascinate', 'interest', 'intrigue', 'invite', 'kill', 'send']"
attribute,"['aspect', 'characteristic', 'facet', 'idiosyncrasy', 'peculiarity', 'quality', 'quirk', 'trait', 'virtue']"
auede,[]
auscultate,"['accept', 'admit', 'attend', 'get', 'observe', 'take notice', 'tune in']"
autocover,[]
avert,"['avoid', 'deter', 'fend off', 'foil', 'forestall', 'halt', 'preclude', 'prevent', 'rule out', 'ward off']"
avoid,"['avert', 'bypass', 'dodge', 'escape', 'evade', 'fend off', 'shun', 'sidestep', 'ward off']"
avouch,"['admit', 'affirm', 'announce', 'argue', 'asseverate', 'aver', 'avow', 'certify', 'claim', 'contend', 'declare', 'hold', 'maintain', 'say', 'state', 'swear', 'verify']"
await,"['anticipate', 'attend', 'count on', 'stay']"
award,"['accolade', 'citation', 'decision', 'donation', 'endowment', 'gift', 'gold', 'grant', 'honor', 'presentation', 'scholarship', 'trophy', 'verdict']"
babyfeed,[]
balance,"['equity', 'harmony', 'tension']"
ban,"['boycott', 'censorship', 'embargo', 'injunction', 'prohibition', 'refusal', 'restriction']"
bartle,[]
base,['paltry']
basow,[]
baulk,[]
bear,"['carry', 'deliver', 'take']"
beat,"['exhausted', 'fatigued', 'wearied', 'weary']"
become,"['come', 'develop into', 'grow into', 'turn into']"
beg,"['ask', 'beseech', 'implore', 'plead', 'pray', 'solicit', 'sue', 'urge']"
behave,"['act', 'operate', 'perform', 'react']"
belch,"['emit', 'gush']"
bellow,"['bark', 'bawl', 'bay', 'blare', 'bluster', 'bray', 'call', 'clamor', 'cry', 'howl', 'low', 'roar', 'rout', 'scream', 'shout', 'shriek', 'wail', 'whoop', 'yawp', 'yell', 'yelp']"
belong,"['apply', 'exist', 'fit', 'reside']"
bend,"['angle', 'arc', 'bending', 'bow', 'corner', 'crook', 'curvature', 'deflection', 'deviation', 'flection', 'flexure', 'hook', 'lean', 'loop', 'round', 'sag', 'shift', 'tack', 'tilt', 'turn', 'twist', 'yaw', 'zigzag']"
benefit,"['aid', 'asset', 'assistance', 'gain', 'help', 'interest', 'perk', 'profit', 'prosperity', 'use', 'welfare']"
bet,"['betting', 'chance', 'long shot', 'odds', 'pledge', 'risk', 'speculation', 'stake', 'venture', 'wager']"
bill,"['check', 'debt', 'note', 'statement']"
bind,"['crunch', 'dilemma', 'pickle', 'predicament', 'quandary']"
blacken,"['blot', 'smudge']"
blame,['criticism']
blissett,[]
block,"['bar', 'brick', 'chunk', 'piece', 'section', 'slab', 'square']"
blur,"['darken', 'dim', 'muddy', 'obscure', 'soften']"
bodycote,[]
bolster,"['aid', 'boost', 'buoy', 'buttress', 'cushion', 'help', 'maintain', 'reinforce', 'shore up', 'strengthen', 'support', 'sustain']"
bolt,"['fastener', 'latch', 'nut', 'pin', 'pipe', 'rivet', 'rod', 'screw', 'spike']"
bonefish,[]
bonjour,"['buenos dias', 'good morrow', 'greetings']"
boomz,[]
boost,"['addition', 'advance', 'breakthrough', 'expansion', 'hike', 'improvement', 'increment', 'jump', 'lift', 'rise', 'upgrade']"
borrow,"['acquire', 'hire', 'obtain', 'rent']"
boss,"['capital', 'champion', 'fine', 'fly', 'top']"
bother,['aggravation']
bouilhet,[]
bound,"['constrained', 'enslaved', 'obligated', 'restrained']"
boxgrove,[]
brandish,"['flash', 'trot out', 'wield']"
breadmake,[]
breathe,"['exhale', 'inhale', 'sigh']"
breed,"['brand', 'strain', 'type', 'variety']"
breeze,"['air', 'breath', 'current', 'gust', 'whiff']"
breuer,[]
bring,"['bear', 'carry', 'deliver', 'import', 'lead', 'take', 'transfer', 'transport']"
bruit,"['advertise', 'blazon', 'broadcast', 'circulate', 'disseminate', 'gossip', 'noise', 'promulgate', 'propagate', 'report', 'spread', 'whisper']"
buccleuch,[]
bud,"['bloom', 'blossom', 'embryo', 'floret', 'germ', 'nucleus', 'shoot', 'spark']"
bump,"['bang', 'bounce', 'crash', 'jerk', 'knock', 'punch', 'rattle', 'shake', 'slam', 'slap', 'smack', 'thump', 'whack']"
burchill,[]
burghul,[]
burn,"['blaze', 'char', 'heat', 'ignite', 'incinerate', 'light', 'melt', 'scorch', 'smolder', 'torch']"
burst,"['barrage', 'blowout', 'crack', 'eruption', 'explosion', 'flare', 'fusillade', 'gust', 'outbreak', 'outpouring', 'rush', 'salvo', 'shower', 'spate', 'spurt', 'storm', 'surge', 'torrent', 'volley']"
bury,"['deposit', 'entomb', 'plant']"
calculate,"['adjust', 'appraise', 'consider', 'count', 'determine', 'forecast', 'gauge', 'guess', 'measure', 'multiply', 'reckon', 'subtract', 'tally', 'weigh', 'work out']"
campaign,"['crusade', 'drive', 'fight', 'movement', 'offensive', 'operation', 'push']"
cancel,"['abolish', 'abort', 'annul', 'break off', 'cut', 'destroy', 'eliminate', 'kill', 'remove', 'repeal', 'rescind', 'revoke', 'wipe out']"
capture,"['abduction', 'apprehension', 'arrest', 'confiscation', 'imprisonment', 'occupation', 'seizure', 'taking']"
carport,"['barn', 'parking lot', 'parking space', 'repair shop', 'shop']"
carry,"['bear', 'bring', 'ferry', 'give', 'haul', 'hoist', 'import', 'lift', 'lug', 'move', 'pack', 'remove', 'take', 'tote', 'transfer', 'transmit']"
cascade,"['avalanche', 'deluge', 'outpouring', 'torrent', 'waterfall']"
cassell,[]
cast,['casting']
castel,[]
castlemead,[]
catalanise,[]
catch,"['hook', 'snap']"
cater,"['baby', 'coddle', 'cotton', 'furnish', 'gratify', 'humor', 'indulge', 'outfit', 'pamper', 'procure', 'provision', 'purvey', 'spoil', 'supply', 'victual']"
cause,"['element', 'explanation', 'matter', 'motivation', 'motive', 'origin', 'principle', 'purpose', 'root', 'source']"
cease,"['break off', 'desist', 'discontinue', 'fail', 'halt', 'quit', 'refrain', 'terminate']"
celebrate,"['honor', 'laud', 'observe', 'perform', 'praise', 'proclaim', 'revere']"
cementone,[]
centre,[]
cestode,[]
cet,[]
chagrine,[]
challenge,"['objection', 'protest', 'test', 'threat']"
charge,"['allegation', 'complaint', 'indictment']"
chase,"['hunt', 'quest', 'race']"
cheer,"['delight', 'encouragement', 'glee', 'joy', 'optimism']"
chelnock,[]
cherish,"['admire', 'adore', 'appreciate', 'care for', 'cling to', 'cultivate', 'defend', 'embrace', 'encourage', 'enshrine', 'entertain', 'harbor', 'hold dear', 'honor', 'love', 'preserve', 'revere', 'safeguard', 'treasure', 'worship']"
chervil,[]
chiff,[]
chime,"['bell', 'bong', 'boom', 'clang', 'dong', 'jingle', 'knell', 'sound', 'strike', 'tinkle', 'tintinnabulate', 'toll']"
choom,[]
choose,"['accept', 'adopt', 'appoint', 'cast', 'designate', 'determine', 'elect', 'embrace', 'favor', 'judge', 'love', 'name', 'prefer', 'single out', 'take', 'want']"
chore,"['assignment', 'burden', 'duty', 'errand', 'housework', 'routine', 'workout']"
chuff,['jerk']
chung,[]
churchgo,[]
circk,[]
cite,"['allege', 'allude to', 'indicate', 'mention', 'name', 'offer', 'point out', 'present', 'recount', 'refer to', 'repeat', 'specify', 'spell out', 'tell']"
clad,"['arrayed', 'attired', 'clothed', 'covered', 'dressed', 'face', 'garbed', 'robed', 'sheathed']"
claim,"['allegation', 'application', 'assertion', 'call', 'case', 'demand', 'interest', 'petition', 'plea', 'request', 'requirement', 'suit']"
clamp,"['bracket', 'catch', 'clasp', 'grip', 'hold', 'lock', 'nipper', 'press', 'snap', 'vice']"
classify,"['allocate', 'analyze', 'arrange', 'distribute', 'divide', 'label', 'organize', 'segregate']"
cleanse,"['disinfect', 'purge', 'restore', 'sanitize']"
clench,"['clamp', 'clasp', 'clutch']"
cling,"['adhere', 'clasp', 'fasten']"
clog,"['bar', 'block', 'blockade', 'burden', 'drag', 'encumbrance', 'hindrance', 'impedance', 'impediment', 'obstruction', 'snag']"
clutch,"['clamp', 'clasp', 'clench', 'clinch', 'connection', 'coupling', 'grapple', 'grasp', 'grip', 'gripe', 'link']"
coincide,"['concur', 'correspond', 'jibe']"
collapse,"['bankruptcy', 'catastrophe', 'crash', 'debacle', 'destruction', 'disintegration', 'disruption', 'failure']"
collect,"['amass', 'assemble', 'compile', 'gather', 'save']"
column,"['file', 'list']"
combine,"['associate', 'blend', 'couple', 'fuse', 'incorporate', 'link', 'merge', 'mix']"
command,"['direction', 'duty', 'law', 'mandate', 'order', 'regulation', 'request', 'responsibility', 'rule', 'word']"
commence,"['begin', 'inaugurate', 'initiate', 'launch', 'take up']"
comment,"['commentary', 'criticism', 'discussion', 'judgment', 'mention', 'note', 'observation', 'opinion', 'remark', 'report', 'review']"
commission,"['agency', 'authority', 'delegation', 'office']"
commit,"['act', 'carry out', 'do', 'execute', 'perpetrate', 'violate']"
communicate,"['advertise', 'broadcast', 'connect', 'contact', 'convey', 'correspond', 'disclose', 'disseminate', 'get across', 'get through', 'impart', 'inform', 'interact', 'pass on', 'publicize', 'reach out', 'relate', 'reveal', 'suggest', 'tell', 'transfer', 'transmit', 'write']"
compare,"['analyze', 'contrast', 'correlate', 'equal', 'match', 'measure', 'study']"
compete,"['battle', 'challenge', 'clash', 'contend', 'contest', 'face', 'fight', 'play', 'spar', 'try', 'vie', 'wrestle']"
complain,"['accuse', 'criticize', 'denounce', 'disagree', 'fret', 'gripe', 'grumble', 'lament', 'moan', 'object', 'oppose', 'protest']"
complete,"['entire', 'exhaustive', 'full', 'outright', 'thorough']"
comply,"['acquiesce', 'adhere to', 'give in', 'give up', 'obey', 'observe', 'quit', 'satisfy', 'submit']"
compose,"['belong to', 'build', 'comprise', 'consist of', 'constitute', 'construct', 'form']"
comprise,"['amount to', 'compose', 'constitute', 'contain', 'cover', 'encompass', 'form', 'hold', 'include', 'involve', 'span']"
conceal,"['bury', 'camouflage', 'cloak', 'cover', 'cover up', 'harbor', 'lurk', 'mask', 'obscure', 'stash', 'stow', 'wrap']"
concede,"['accept', 'admit', 'allow', 'capitulate', 'cave in', 'cede', 'confess', 'give up', 'grant', 'hand over', 'quit', 'relinquish', 'surrender', 'yield']"
conceive,"['accept', 'assume', 'believe', 'perceive', 'realize']"
concentrate,"['apply', 'establish', 'fixate', 'focus', 'intensify', 'put', 'settle']"
concern,"['burden', 'interest', 'involvement', 'matter', 'thing', 'worry']"
conclude,"['achieve', 'close', 'complete', 'end', 'halt', 'terminate', 'wind up', 'wrap up']"
condemn,"['castigate', 'censure', 'chide', 'criticize', 'decry', 'denounce', 'punish', 'sentence']"
conduct,"['charge', 'handling', 'management', 'manipulation', 'oversight', 'plan', 'policy', 'strategy', 'transaction', 'treatment']"
confess,"['acknowledge', 'assert', 'blurt out', 'concede', 'confide', 'declare', 'disclose', 'divulge', 'profess', 'prove', 'recognize', 'relate', 'reveal']"
confine,"['constrain', 'detain', 'hinder', 'imprison', 'incarcerate', 'jail', 'restrain', 'restrict']"
confirm,"['affirm', 'approve', 'back', 'certify', 'corroborate', 'endorse', 'establish', 'explain', 'sign', 'substantiate', 'support', 'uphold', 'verify']"
confound,"['amaze', 'astonish', 'astound', 'baffle', 'bewilder', 'discombobulate', 'dumbfound', 'embarrass', 'faze', 'mystify', 'perplex', 'puzzle', 'rattle', 'startle', 'surprise']"
confront,"['accost', 'defy', 'encounter', 'meet', 'oppose', 'repel', 'resist']"
connect,"['associate', 'attach', 'hook up', 'join', 'relate']"
consider,"['acknowledge', 'contemplate', 'deal with', 'examine', 'favor', 'grant', 'look at', 'recognize', 'regard', 'scrutinize', 'see', 'study']"
consist,"['dwell', 'subsist']"
constitute,"['create', 'establish']"
construct,"['build up', 'compose', 'create', 'design', 'erect', 'establish', 'fashion', 'forge', 'form', 'formulate', 'found', 'manufacture', 'organize', 'produce', 'put up', 'set up', 'shape']"
consult,"['argue', 'brainstorm', 'call in', 'consider', 'deliberate', 'discuss', 'examine', 'huddle', 'interview', 'negotiate', 'respect', 'review', 'turn to']"
consume,"['absorb', 'deplete', 'devour', 'dominate', 'drain', 'eat up', 'employ', 'exhaust', 'expend', 'obsess', 'preoccupy', 'spend', 'waste']"
contact,"['association', 'connection', 'influence', 'meeting', 'touch', 'unity']"
contain,"['accommodate', 'consist of', 'enclose', 'encompass', 'have', 'incorporate', 'involve']"
contemplate,"['aim', 'consider', 'envisage', 'foresee', 'intend', 'mean', 'mull over', 'ponder', 'propose', 'think of', 'weigh']"
contract,"['arrangement', 'bargain', 'bond', 'commitment', 'guarantee', 'obligation', 'pact', 'pledge', 'record', 'settlement']"
contrast,"['comparison', 'contradiction', 'disagreement', 'disparity', 'distinction', 'divergence', 'diversity', 'opposition', 'variation']"
contribute,"['add', 'commit', 'devote', 'give', 'grant', 'pony up', 'share', 'subsidize', 'supply']"
control,"['authority', 'curb', 'discipline', 'domination', 'force', 'government', 'jurisdiction', 'management', 'oversight', 'regulation', 'restraint', 'restriction', 'rule', 'supervision']"
convert,"['disciple', 'follower']"
convey,"['bring', 'send', 'transfer', 'transmit']"
convince,"['assure', 'get', 'persuade', 'prompt', 'prove', 'satisfy', 'sway']"
cope,"['confront', 'endure', 'get by', 'grapple', 'handle', 'suffer', 'survive', 'wrestle']"
correspond,"['coincide', 'compare', 'conform', 'correlate', 'dovetail', 'harmonize', 'resemble', 'tally']"
corrode,"['deteriorate', 'erode', 'impair', 'rot', 'rust']"
couple,"['set', 'team']"
cover,"['canvas', 'cap', 'dress', 'envelope', 'front', 'jacket', 'lid', 'mask', 'roof', 'screen', 'sheet', 'tent', 'top', 'umbrella']"
crack,"['ace', 'adept', 'best', 'capital', 'choice', 'crackerjack', 'elite', 'expert', 'pro', 'superior']"
crash,"['blast', 'clash']"
create,"['build', 'conceive', 'constitute', 'construct', 'design', 'devise', 'discover', 'establish', 'forge', 'form', 'found', 'generate', 'initiate', 'invent', 'make', 'organize', 'plan', 'produce', 'set up', 'shape', 'spawn', 'start']"
creep,"['glide', 'inch', 'lurk', 'slink', 'slither', 'snake', 'sneak', 'tiptoe', 'wriggle']"
cringe,"['cower', 'kneel', 'quiver', 'tremble', 'wince']"
criticise,[]
criticize,"['blame', 'blast', 'castigate', 'censure', 'chastise', 'chide', 'condemn', 'denounce', 'excoriate', 'reprimand']"
croak,"['caw', 'crow', 'gasp', 'grunt', 'quack', 'squawk', 'wheeze']"
crop,"['output', 'produce', 'product', 'yield']"
cross,"['annoyed', 'faultfinding', 'peeved', 'short', 'vexed']"
crowdsource,[]
cull,"['extract', 'glean', 'pluck', 'select', 'sift', 'winnow']"
damage,"['accident', 'blow', 'bruise', 'casualty', 'catastrophe', 'contamination', 'corruption', 'destruction', 'deterioration', 'devastation', 'disturbance', 'hardship', 'harm', 'illness', 'impairment', 'pollution', 'suffering', 'wound']"
damp,"['cloudy', 'dank', 'drizzly', 'misty', 'moist', 'muggy', 'saturated', 'soaked', 'sodden', 'soggy', 'steamy', 'sticky', 'waterlogged']"
dare,"['cartel', 'defy', 'provocation', 'stump', 'taunt']"
daze,['stupor']
dazzle,"['astonish', 'awe', 'blind', 'blur', 'daze', 'excite', 'fascinate', 'hypnotize', 'impress', 'overwhelm', 'surprise']"
deal,"['accord', 'arrangement', 'compromise', 'contract', 'pact', 'pledge', 'transaction']"
decide,"['agree', 'choose', 'conclude', 'determine', 'elect', 'end', 'establish', 'resolve', 'rule', 'select', 'set', 'vote']"
declare,"['acknowledge', 'advocate', 'affirm', 'announce', 'argue', 'assert', 'claim', 'confirm', 'disclose', 'inform', 'insist', 'maintain', 'proclaim', 'reaffirm', 'repeat', 'reveal', 'stress', 'tell']"
decline,"['deterioration', 'downturn', 'drop', 'failure', 'fall', 'recession', 'slump', 'weakening']"
decorate,"['adorn', 'bedeck', 'brighten', 'deck', 'do up', 'dress up', 'festoon', 'fix up', 'grace', 'illuminate', 'paint', 'renovate', 'spruce up', 'trim']"
decrease,"['contraction', 'cutback', 'decline', 'discount', 'downturn', 'loss', 'reduction', 'shrinkage']"
dedicate,"['allot', 'apply', 'apportion', 'assign', 'commit', 'devote', 'give', 'restrict']"
deem,"['allow', 'assume', 'believe', 'expect', 'feel', 'presume', 'suppose', 'suspect']"
defeat,"['beating', 'blow', 'breakdown', 'collapse', 'debacle', 'destruction', 'drubbing', 'embarrassment', 'failure', 'killing', 'loss', 'massacre', 'rout', 'setback', 'thrashing', 'triumph']"
defend,"['contend', 'fight', 'fight for', 'guard', 'hold', 'maintain', 'oppose', 'preserve', 'prevent', 'resist', 'retain', 'safeguard', 'secure', 'shield', 'uphold']"
define,"['characterize', 'construe', 'decide', 'delineate', 'describe', 'designate', 'detail', 'determine', 'exemplify', 'explain', 'illustrate', 'interpret', 'prescribe', 'represent', 'specify', 'spell out']"
defuse,"['alleviate', 'deactivate', 'lessen', 'soothe']"
delay,"['lag', 'moratorium', 'postponement', 'problem', 'setback', 'stoppage', 'suspension', 'wait']"
deliver,"['bear', 'bring', 'convey', 'distribute', 'drop', 'give', 'hand', 'hand over', 'pass', 'transport']"
demand,"['appeal', 'application', 'call', 'claim', 'insistence', 'interest', 'need', 'order', 'requirement', 'sale', 'trade', 'use']"
demonstrate,"['determine', 'establish', 'exhibit', 'expose', 'indicate', 'manifest', 'prove', 'test', 'testify to', 'try', 'validate']"
deny,"['ban', 'call on', 'contradict', 'oppose', 'rebuff', 'refuse', 'refute', 'reject', 'revoke', 'turn down', 'withhold']"
depend,"['bank on', 'bet bottom dollar on', 'bet on', 'build upon', 'calculate on', 'confide in', 'gamble on', 'lay money on', 'lean on', 'reckon on', 'trust in', 'turn to']"
depict,"['characterize', 'detail', 'illustrate', 'interpret', 'paint', 'portray', 'represent', 'reproduce', 'sketch']"
derive,"['acquire', 'assume', 'collect', 'determine', 'develop', 'evolve', 'extract', 'glean', 'infer', 'obtain', 'receive']"
descend,"['cascade', 'collapse', 'crash', 'dip', 'disembark', 'dive', 'go down', 'penetrate', 'plummet', 'plunge', 'settle', 'sink', 'slide', 'slip', 'stumble', 'subside', 'swoop', 'trickle', 'tumble']"
describe,"['call', 'characterize', 'chronicle', 'construe', 'define', 'depict', 'detail', 'express', 'illustrate', 'interpret', 'label', 'name', 'outline', 'portray', 'recount', 'report', 'represent', 'specify', 'tell', 'term']"
deserve,"['earn', 'gain', 'get', 'justify', 'merit', 'warrant', 'win']"
design,"['architecture', 'arrangement', 'composition', 'construction', 'drawing', 'form', 'idea', 'layout', 'map', 'method', 'model', 'pattern', 'picture', 'plan', 'scheme', 'study']"
desire,"['ambition', 'appetite', 'aspiration', 'craving', 'devotion', 'eagerness', 'fascination', 'greed', 'hunger', 'inclination', 'love', 'lust', 'motive', 'need', 'passion', 'thirst', 'will', 'wish', 'yearning']"
destroy,"['consume', 'crush', 'damage', 'dismantle', 'end', 'eradicate', 'gut', 'impair', 'kill', 'maim', 'ravage', 'raze', 'ruin', 'sabotage', 'shatter', 'smash', 'wipe out', 'wreck']"
detect,"['catch', 'disclose', 'distinguish', 'encounter', 'expose', 'find', 'identify', 'notice', 'observe', 'recognize', 'reveal', 'see', 'spot', 'uncover']"
determine,"['complete', 'regulate', 'resolve', 'rule']"
develop,"['advance', 'establish', 'evolve', 'expand', 'flourish', 'grow', 'progress', 'promote']"
devise,"['arrange', 'come up with', 'concoct', 'construct', 'craft', 'create', 'design', 'discover', 'forge', 'formulate', 'hatch', 'invent', 'mastermind', 'prepare', 'work out']"
devote,"['allot', 'apply', 'assign', 'dedicate', 'donate', 'give', 'give away', 'present']"
differ,"['alter', 'conflict with', 'contradict', 'contrast', 'disagree', 'diverge', 'modify', 'vary']"
dig,['gibe']
diminish,"['abate', 'curtail', 'decline', 'decrease', 'dwindle', 'ebb', 'lessen', 'lower', 'recede', 'reduce', 'shrink', 'slacken', 'subside', 'temper', 'wane', 'weaken']"
dine,"['consume', 'eat out', 'feast', 'lunch']"
direct,"['blunt', 'candid', 'explicit', 'forthright', 'sincere', 'straightforward', 'unambiguous', 'unequivocal']"
dirty,"['contaminated', 'crummy', 'disheveled', 'dusty', 'filthy', 'greasy', 'grimy', 'messy', 'muddy', 'murky', 'nasty', 'polluted', 'sloppy', 'stained', 'unkempt']"
disappear,"['abandon', 'depart', 'die', 'die out', 'dissipate', 'dissolve', 'escape', 'evaporate', 'expire', 'fade', 'flee', 'fly', 'go', 'leave', 'melt', 'perish', 'recede', 'retire', 'retreat', 'sink', 'wane', 'withdraw']"
discharge,"['clearance', 'pardon', 'parole']"
disclose,"['acknowledge', 'admit', 'confess', 'discover', 'divulge', 'leak', 'publish', 'reveal', 'tell', 'uncover', 'unveil']"
discover,"['catch', 'come upon', 'design', 'detect', 'determine', 'devise', 'disclose', 'explore', 'hear', 'identify', 'invent', 'learn', 'locate', 'notice', 'observe', 'realize', 'recognize', 'reveal', 'see', 'spot', 'unearth']"
discuss,"['argue', 'confer', 'consider', 'debate', 'deliberate', 'examine', 'explain', 'review', 'take up']"
dismiss,"['decline', 'disband', 'dissolve', 'expel', 'let go', 'reject', 'release']"
disorder,"['anarchy', 'ataxia', 'confusion', 'derangement', 'disarrangement', 'disarray', 'discombobulation', 'disorderliness', 'disorganization', 'huddle', 'irregularity', 'jumble', 'mess', 'muddle', 'shambles', 'snarl', 'untidiness']"
dispense,"['allocate', 'allot', 'disburse', 'distribute', 'furnish', 'give away', 'hand out']"
display,"['act', 'array', 'demonstration', 'example', 'exhibit', 'parade', 'presentation']"
dispose,"['adapt', 'incline', 'predispose', 'tempt']"
dissect,"['anatomize', 'cut', 'dichotomize', 'disjoin', 'disjoint', 'dismember', 'dissever', 'divide', 'operate', 'part', 'quarter', 'section', 'sever', 'slice', 'sunder']"
dissent,"['discord', 'dissension', 'disunity', 'objection', 'opposition', 'protest', 'resistance', 'schism', 'strife']"
dissolve,['soften']
distinguish,"['analyze', 'categorize', 'characterize', 'determine', 'differentiate', 'discriminate', 'divide', 'figure out', 'identify', 'know', 'qualify', 'recognize', 'separate']"
distribute,"['administer', 'allot', 'apportion', 'assign', 'circulate', 'disburse', 'dispense', 'disseminate', 'donate', 'give', 'give away', 'hand out', 'issue', 'present', 'scatter', 'share']"
disturb,"['agitate', 'alarm', 'amaze', 'annoy', 'arouse', 'astound', 'complicate', 'confuse', 'depress', 'dishearten', 'disrupt', 'distract', 'excite', 'frighten', 'gall', 'interrupt', 'irk', 'irritate', 'outrage', 'perplex', 'perturb', 'plague', 'provoke', 'puzzle', 'rattle', 'shake', 'startle', 'trouble', 'unnerve', 'unsettle', 'vex', 'worry']"
ditch,"['dike', 'gutter', 'moat', 'trench']"
divide,"['break', 'break down', 'carve', 'cross', 'cut', 'isolate', 'partition', 'segregate', 'split', 'subdivide', 'tear']"
dominate,"['command', 'control', 'dictate', 'influence', 'lead', 'manage', 'monopolize', 'overshadow', 'prevail', 'run']"
double,['dual']
doubt,"['ambiguity', 'apprehension', 'confusion', 'difficulty', 'disbelief', 'distrust', 'fear', 'hesitation', 'misgiving', 'mistrust', 'problem', 'qualm', 'reluctance', 'skepticism', 'suspense', 'suspicion', 'uncertainty']"
draft,"['blueprint', 'outline', 'version']"
drag,"['burden', 'impediment']"
drain,"['culvert', 'ditch', 'duct', 'pipe', 'sewer']"
drift,"['alluvion', 'bank', 'batch', 'bunch', 'bundle', 'clump', 'cluster', 'deposit', 'heap', 'hill', 'lot', 'mass', 'mound', 'mountain', 'parcel', 'pile', 'set', 'shock', 'stack']"
drop,"['bead', 'bit', 'bubble', 'crumb', 'dab', 'dash', 'dewdrop', 'driblet', 'drip', 'droplet', 'iota', 'molecule', 'morsel', 'nip', 'ounce', 'particle', 'pearl', 'pinch', 'sip', 'smidgen', 'speck', 'splash', 'spot', 'taste', 'tear', 'teardrop', 'trace', 'trickle']"
dump,['depot']
earmark,"['attribute', 'differential', 'distinction', 'feature', 'hallmark', 'label', 'marking', 'peculiarity', 'quality', 'stamp', 'tag', 'token', 'trademark', 'trait']"
earn,"['acquire', 'bring in', 'collect', 'derive', 'draw', 'gain', 'get', 'make', 'obtain', 'pick up', 'realize', 'reap', 'receive', 'score', 'secure', 'win']"
ease,"['calm', 'calmness', 'comfort', 'content', 'luxury', 'relaxation', 'satisfaction', 'serenity']"
echo,"['imitation', 'parallel', 'reflection', 'repetition', 'reverberation']"
edit,"['adapt', 'alter', 'analyze', 'annotate', 'arrange', 'assemble', 'censor', 'choose', 'compile', 'compose', 'delete', 'prepare', 'publish', 'rearrange', 'revise', 'select']"
educate,"['cultivate', 'develop', 'discipline', 'enlighten', 'improve', 'inform', 'instruct', 'rear', 'train', 'tutor']"
elect,"['accept', 'admit', 'appoint', 'conclude', 'designate', 'determine', 'name', 'nominate', 'pick', 'receive', 'resolve', 'take', 'vote', 'vote for']"
eliminate,"['cancel', 'defeat', 'dispose of', 'disqualify', 'eradicate', 'erase', 'exclude', 'get rid of', 'ignore', 'knock out', 'oust', 'phase out', 'stamp out', 'waive', 'wipe out']"
elude,"['baffle', 'confound', 'dodge', 'evade', 'flee', 'foil', 'frustrate', 'outrun', 'outwit', 'puzzle', 'shun', 'stall', 'stonewall', 'thwart']"
embrace,['grasp']
embroider,"['bedeck', 'decorate', 'embellish', 'knit', 'stitch']"
emerge,"['appear', 'arrive', 'come up', 'crop up', 'develop', 'loom', 'materialize', 'rise', 'show', 'surface', 'turn up']"
emit,"['beam', 'belch', 'breathe', 'emanate', 'exhale', 'expend', 'exude', 'give off', 'ooze', 'pour', 'radiate', 'secrete', 'spew', 'spill', 'spit', 'transmit', 'utter', 'vent']"
emphasise,[]
emphasize,"['accentuate', 'affirm', 'assert', 'highlight', 'indicate', 'maintain', 'point out', 'reiterate', 'repeat', 'underline', 'underscore']"
employ,"['apply', 'engage', 'exploit', 'handle', 'occupy', 'operate', 'spend', 'use', 'utilize']"
enable,"['empower', 'facilitate', 'implement', 'permit', 'set up']"
enclose,"['block off', 'encase', 'encircle', 'encompass', 'hem in', 'insert', 'wrap']"
encounter,"['confrontation', 'interview', 'rendezvous']"
encourage,"['boost', 'buoy', 'embolden', 'hearten', 'inspire', 'reassure', 'restore', 'spur', 'strengthen']"
endorse,"['advocate', 'affirm', 'approve', 'back', 'commend', 'confirm', 'defend', 'favor', 'okay', 'praise', 'ratify', 'recommend', 'sanction', 'uphold']"
enforce,"['accomplish', 'administer', 'apply', 'carry out', 'implement', 'impose', 'invoke', 'prosecute', 'reinforce', 'require', 'sanction']"
engage,"['employ', 'enlist']"
engender,"['arouse', 'beget', 'breed', 'bring about', 'foment', 'generate', 'incite', 'induce', 'instigate', 'lead to', 'precipitate', 'provoke', 'spawn', 'stimulate', 'stir']"
enhance,"['add to', 'appreciate', 'augment', 'boost', 'build up', 'complement', 'enlarge', 'heighten', 'increase', 'intensify', 'raise', 'reinforce', 'strengthen', 'upgrade']"
enquire,"['analyze', 'check', 'examine', 'explore', 'inquire', 'inspect', 'investigate', 'probe', 'pry', 'query', 'question', 'scrutinize', 'search', 'seek']"
ensure,"['assure', 'establish', 'insure', 'protect', 'provide', 'safeguard', 'secure']"
entitle,['designate']
envisage,"['confront', 'consider', 'image', 'picture', 'regard', 'visualize']"
envy,"['hatred', 'ill will', 'malice', 'prejudice', 'resentment', 'rivalry']"
equip,"['adorn', 'arm', 'deck out', 'decorate', 'dress', 'endow', 'furnish', 'gear', 'prepare', 'provide', 'qualify', 'rig', 'set up', 'supply']"
erect,"['cocked', 'elevated', 'firm', 'raised', 'standing', 'upright', 'vertical']"
escape,"['breakout', 'departure', 'desertion', 'disappearance', 'flight', 'freedom', 'liberation', 'outbreak', 'rescue', 'withdrawal']"
establish,"['authorize', 'base', 'build', 'create', 'enact', 'form', 'found', 'inaugurate', 'install', 'institute', 'provide', 'put', 'settle', 'start']"
estimate,"['appraisal', 'assessment', 'conclusion', 'estimation', 'evaluation', 'guess', 'measure', 'measurement', 'opinion', 'projection', 'rating', 'survey', 'valuation']"
evaluate,"['appraise', 'assess', 'calculate', 'check', 'check out', 'classify', 'decide', 'figure out', 'gauge', 'grade', 'weigh']"
evolve,"['derive', 'emerge', 'expand', 'get', 'grow', 'mature', 'unfold']"
exaggerate,"['amplify', 'distort', 'emphasize', 'fabricate', 'falsify', 'heighten', 'inflate', 'magnify', 'misrepresent', 'overdo', 'overdraw', 'overemphasize', 'overestimate']"
examine,"['audit', 'check', 'check out', 'consider', 'criticize', 'delve into', 'explore', 'inspect', 'investigate', 'ponder', 'pore over', 'probe', 'read', 'research', 'review', 'scan', 'screen', 'scrutinize', 'study', 'survey', 'try', 'vet', 'view']"
exceed,"['eclipse', 'outpace', 'outstrip', 'top']"
exchange,"['change', 'commerce', 'network', 'swap', 'transaction', 'transfer']"
exclude,"['ban', 'bar', 'block', 'boycott', 'eliminate', 'ignore', 'omit', 'ostracize', 'preclude', 'prevent', 'prohibit', 'refuse', 'reject', 'remove', 'rule out', 'suspend']"
excuse,"['alibi', 'apology', 'justification', 'pretext', 'rationalization', 'substitute', 'trick']"
execute,"['assassinate', 'behead', 'hang', 'murder', 'shoot']"
exhibit,"['display', 'fair', 'model', 'performance', 'show']"
exist,"['continue', 'endure', 'happen', 'lie', 'live', 'occur', 'prevail', 'remain', 'stand', 'stay', 'survive']"
expand,"['bolster', 'broaden', 'develop', 'enlarge', 'grow', 'increase', 'open', 'spread', 'swell', 'widen']"
expect,"['await', 'forecast', 'foresee', 'hope', 'predict', 'suppose', 'take', 'think']"
experience,"['action', 'background', 'contact', 'involvement', 'know-how', 'maturity', 'participation', 'patience', 'practice', 'reality', 'sense', 'skill', 'struggle', 'training', 'understanding', 'wisdom']"
explain,"['analyze', 'clarify', 'define', 'demonstrate', 'describe', 'disclose', 'expound', 'illustrate', 'interpret', 'justify', 'point out', 'read', 'resolve', 'reveal', 'solve', 'spell out', 'tell']"
explode,"['blast', 'break out', 'burst', 'collapse', 'detonate', 'erupt', 'flare up', 'mushroom', 'rupture', 'set off', 'shatter']"
exploit,"['accomplishment', 'adventure', 'deed', 'escapade', 'feat']"
explore,"['analyze', 'delve into', 'examine', 'probe', 'research', 'scrutinize', 'search', 'seek', 'test', 'try']"
export,"['dump', 'ship', 'smuggle', 'transport']"
expose,"['bare', 'bring to light', 'disclose', 'display', 'open', 'prove', 'uncover', 'unmask']"
express,"['explicit', 'expressed']"
extend,"['boost', 'broaden', 'continue', 'develop', 'enhance', 'enlarge', 'expand', 'go on', 'increase', 'last', 'lengthen', 'open', 'prolong', 'spread', 'stretch', 'take', 'widen']"
extract,"['excerpt', 'juice', 'quotation']"
exude,"['emanate', 'give off', 'manifest', 'ooze', 'radiate']"
face,"['air', 'aspect', 'light', 'look', 'mask', 'surface', 'top']"
facilitate,"['aid', 'ease', 'expedite', 'further', 'help', 'promote', 'simplify', 'speed']"
fade,"['dim', 'disappear', 'dissolve', 'dull', 'evaporate', 'vanish']"
fall,"['decline', 'decrease', 'dip', 'drop', 'plunge', 'recession', 'reduction', 'slump', 'spill']"
fancy,"['complicated', 'decorative', 'deluxe', 'elegant', 'frilly', 'gaudy', 'lavish', 'ornate', 'special', 'sumptuous']"
favour,[]
fear,"['angst', 'anxiety', 'concern', 'despair', 'dismay', 'doubt', 'dread', 'horror', 'jitters', 'panic', 'scare', 'suspicion', 'terror', 'unease', 'uneasiness', 'worry']"
feature,"['article', 'aspect', 'character', 'component', 'detail', 'element', 'factor', 'ingredient', 'item', 'quality', 'trait']"
feed,"['barley', 'corn', 'fodder', 'forage', 'grain', 'hay', 'meal']"
fetch,"['carry', 'earn', 'go for', 'obtain', 'produce', 'retrieve', 'sell', 'sell for', 'yield']"
figure,"['amount', 'character', 'cost', 'number', 'price', 'rate', 'sum', 'symbol', 'total']"
file,"['book', 'case', 'data', 'directory', 'dossier', 'folder', 'information', 'list', 'notebook', 'record']"
fill,"['enough', 'filler', 'padding', 'plenty', 'satiety', 'stuffing', 'sufficiency']"
finance,"['banking', 'business', 'commerce', 'economics', 'investment']"
fire,"['blaze', 'bonfire', 'heat', 'inferno']"
fit,"['able', 'apt', 'capable', 'competent', 'happy', 'prepared', 'qualified', 'wise']"
fix,"['dilemma', 'mess']"
flap,"['accessory', 'adjunct', 'appendage', 'apron', 'cover', 'drop', 'fly', 'fold', 'hanging', 'lapel', 'lobe', 'lug', 'overlap', 'pendant', 'ply', 'queue', 'skirt', 'strip', 'tab', 'tag', 'tail', 'tippet']"
flash,"['beam', 'blaze', 'burst', 'flame', 'flare', 'glare', 'gleam', 'glimmer', 'glint', 'glitter', 'glow', 'radiation', 'ray', 'reflection', 'spark', 'sparkle', 'vision']"
flee,"['depart', 'desert', 'fly', 'get', 'jump', 'leave', 'retreat', 'take off', 'vanish']"
float,"['drift', 'glide', 'hang', 'hover', 'ride', 'sail', 'slide', 'swim', 'waft', 'wash']"
flow,"['discharge', 'flood', 'leakage', 'movement', 'outflow', 'progress', 'stream', 'tide', 'wind']"
focus,"['focal point', 'spotlight', 'target']"
fold,['pleat']
fool,"['ass', 'boob', 'buffoon', 'clown', 'idiot', 'jerk', 'moron', 'nerd', 'nitwit', 'stooge', 'sucker', 'twit']"
force,"['effort', 'strength', 'violence']"
forget,"['blow', 'obliterate']"
forgive,"['absolve', 'condone', 'excuse', 'forget']"
form,"['design', 'fashion', 'mode', 'model', 'pattern', 'plan', 'scheme', 'structure', 'style', 'system']"
formulate,"['codify', 'define', 'develop', 'devise', 'draft', 'draw up', 'forge', 'map', 'prepare', 'work out']"
found,"['begin', 'construct', 'create', 'erect', 'establish', 'form', 'initiate', 'launch', 'organize', 'plant', 'raise', 'settle', 'start']"
frame,"['body', 'cage', 'fabric', 'framework', 'physique', 'scaffolding', 'structure']"
free,['complimentary']
freeze,"['chill', 'refrigerate']"
frown,"['glare', 'glower', 'grimace', 'pout']"
fulfil,[]
function,"['action', 'activity', 'affair', 'behavior', 'business', 'duty', 'exercise', 'objective', 'operation', 'part', 'power', 'purpose', 'responsibility', 'role', 'service', 'situation', 'task', 'work']"
fund,"['capital', 'endowment', 'foundation', 'stock', 'supply', 'treasury', 'trust']"
gain,"['achievement', 'advance', 'advantage', 'benefit', 'boost', 'cut', 'dividend', 'earnings', 'growth', 'hike', 'improvement', 'income', 'increase', 'payoff', 'proceeds', 'profit', 'progress', 'return', 'rise', 'share', 'yield']"
gather,"['assemble', 'choose', 'cluster', 'collect', 'congregate', 'convene', 'converge', 'crowd', 'draw', 'flock', 'huddle', 'meet', 'pick', 'round up', 'show up']"
gaze,"['glaring', 'gun', 'look', 'looking', 'ogling', 'peek', 'peep', 'scrutiny', 'seeing', 'survey', 'watching']"
generate,"['achieve', 'bring about', 'cause', 'develop', 'engender', 'make', 'provoke', 'set up', 'spawn']"
given,"['accustomed', 'addicted', 'disposed', 'habituated', 'inclined', 'inured', 'obsessed']"
glance,"['glimpse', 'peek']"
glean,"['cull', 'deduce', 'extract', 'garner', 'gather', 'learn', 'reap', 'sift']"
govern,"['administer', 'carry out', 'conduct', 'control', 'dictate', 'guide', 'manage', 'oversee', 'regulate', 'supervise']"
grab,"['capture', 'catch', 'clutch', 'grasp', 'grip', 'seize', 'snag', 'snatch', 'take']"
grant,"['allocation', 'allotment', 'appropriation', 'assistance', 'award', 'charity', 'concession', 'contribution', 'donation', 'endowment', 'fellowship', 'handout', 'reward', 'scholarship', 'stipend', 'subsidy']"
grasp,"['butt', 'cinch', 'clamp', 'clasp', 'clench', 'clinch', 'clutches', 'embrace', 'grapple', 'lug', 'possession', 'purchase', 'tenure']"
greet,"['accost', 'acknowledge', 'address', 'approach', 'attend', 'embrace', 'hail', 'meet', 'receive', 'salute', 'shake hands', 'stop']"
grin,['smirk']
groan,"['grunt', 'sigh', 'sob', 'whine']"
guarantee,"['agreement', 'assurance', 'certificate', 'collateral', 'contract', 'deposit', 'insurance', 'security', 'warranty']"
guess,"['assumption', 'conclusion', 'conjecture', 'feeling', 'guesswork', 'hunch', 'hypothesis', 'inference', 'judgment', 'opinion', 'prediction', 'presumption', 'supposition', 'theory']"
guide,"['counselor', 'mentor', 'model', 'pilot', 'teacher']"
hack,['drudge']
halt,"['cutoff', 'freeze', 'interruption', 'layoff', 'letup', 'pause', 'standstill', 'termination']"
hand,"['fist', 'grip', 'palm']"
handle,"['knob', 'shaft', 'stem']"
hang,"['attach', 'bend', 'cover', 'dangle', 'decorate', 'drape', 'drift', 'flap', 'float', 'hold', 'hover', 'lean', 'pin', 'remain', 'stay up', 'stick', 'swing', 'wave']"
haul,"['cargo', 'harvest']"
head,"['arch', 'champion', 'first', 'front', 'leading', 'main', 'pioneer', 'premier', 'prime', 'principal']"
heap,"['bundle', 'clump', 'jumble', 'lump', 'stack', 'ton']"
hesitate,"['balk', 'dither', 'falter', 'pause', 'ponder', 'stumble', 'waffle', 'waver']"
hide,"['bury', 'camouflage', 'cover', 'disguise', 'hole up', 'mask', 'obscure', 'plant', 'protect', 'shelter', 'shield', 'smuggle', 'stash', 'suppress', 'tuck away', 'withhold']"
highlight,"['climax', 'feature', 'focal point']"
hire,"['appoint', 'bring in', 'draft', 'employ', 'engage', 'enlist', 'lease', 'obtain', 'pick', 'promise', 'rent', 'retain', 'select']"
hitch,"['drawback', 'glitch', 'hindrance', 'impediment', 'interruption', 'mishap', 'snafu', 'snag', 'stumbling block']"
hole,"['break', 'crack', 'crater', 'cut', 'dent', 'gap', 'mouth', 'pit', 'pocket', 'space', 'tunnel', 'void', 'window']"
hope,"['achievement', 'ambition', 'anticipation', 'aspiration', 'belief', 'concern', 'confidence', 'desire', 'expectation', 'faith', 'goal', 'optimism', 'promise', 'prospect', 'wish']"
hunt,"['exploration', 'hunting', 'inquiry', 'interrogation', 'investigation', 'probe', 'prosecution', 'pursuit', 'quest', 'race', 'raid']"
hurry,['haste']
identify,"['analyze', 'classify', 'describe', 'determine', 'diagnose', 'establish', 'find', 'name', 'pinpoint', 'select', 'single out', 'spot']"
ignore,"['avoid', 'discount', 'fail', 'forget', 'neglect', 'overlook', 'reject', 'scorn']"
illustrate,"['clarify', 'delineate', 'depict', 'embody', 'emphasize', 'epitomize', 'exhibit', 'explain', 'expose', 'highlight', 'illuminate', 'interpret', 'lay out', 'manifest', 'mark', 'mirror', 'personify', 'point up', 'portray', 'represent', 'reveal', 'spotlight', 'symbolize', 'typify']"
imagine,"['brainstorm', 'conceptualize', 'create', 'depict', 'devise', 'envisage', 'envision', 'fabricate', 'fancy', 'fantasize', 'fantasy', 'feature', 'figure', 'form', 'frame', 'harbor', 'image', 'invent', 'nurture', 'perceive', 'picture', 'plan', 'project', 'realize', 'scheme', 'spark', 'visualize']"
implement,"['appliance', 'gadget', 'instrument', 'utensil']"
imply,"['entail', 'hint', 'involve', 'mention', 'signify', 'suggest']"
import,['construction']
impose,"['appoint', 'charge', 'demand', 'enforce', 'establish', 'foist', 'force', 'inflict', 'institute', 'introduce', 'lay down', 'levy', 'order', 'place', 'promulgate', 'put', 'require']"
impress,"['affect', 'awe', 'excite', 'faze', 'inspire', 'sway', 'thrill', 'touch']"
imprison,"['apprehend', 'commit', 'detain', 'hold', 'incarcerate', 'jail', 'lock up', 'remand']"
improve,"['advance', 'better', 'boost', 'correct', 'develop', 'enhance', 'help', 'increase', 'lift', 'progress', 'promote', 'raise', 'recover', 'reform', 'revamp', 'revise', 'rise', 'upgrade']"
include,"['add', 'build', 'carry', 'combine', 'comprise', 'consist of', 'cover', 'encompass', 'enter', 'have', 'hold', 'incorporate', 'introduce', 'receive']"
incorporate,"['absorb', 'assimilate', 'blend', 'consolidate', 'cover', 'embody', 'fuse', 'integrate', 'merge', 'mix', 'organize']"
increase,"['boost', 'development', 'escalation', 'expansion', 'gain', 'hike', 'increment', 'inflation', 'merger', 'raise', 'rise', 'surge', 'upsurge', 'upturn']"
incur,"['acquire', 'arouse', 'earn', 'obtain', 'provoke']"
indicate,"['announce', 'argue', 'demonstrate', 'express', 'hint', 'illustrate', 'imply', 'make', 'mark', 'mean', 'pinpoint', 'point out', 'prove', 'reveal', 'show', 'signal', 'specify', 'suggest']"
induce,"['activate', 'breed', 'bring about', 'cause', 'coax', 'convince', 'engender', 'generate', 'lead to', 'motivate', 'persuade', 'produce', 'promote', 'prompt', 'urge']"
influence,"['clout', 'consequence', 'control', 'domination', 'effect', 'force', 'impact', 'importance', 'leadership', 'leverage', 'money', 'pressure', 'prestige', 'repercussion', 'reputation', 'significance', 'weight']"
inform,"['advise', 'apprise', 'brief', 'caution', 'educate', 'instruct', 'notify', 'tell', 'update', 'warn']"
inherit,"['acquire', 'derive', 'obtain', 'receive', 'succeed', 'take over']"
initiate,"['begin', 'commence', 'inaugurate', 'institute', 'launch', 'open', 'set up', 'take up', 'trigger']"
injure,"['batter', 'break', 'cripple', 'damage', 'disable', 'maim', 'mutilate', 'torture', 'wound']"
inquire,"['examine', 'inspect', 'interrogate', 'investigate']"
insert,"['embed', 'enter', 'fill in', 'imbed', 'implant', 'include', 'inject', 'introduce', 'stick']"
insist,"['assert', 'contend', 'demand', 'hold', 'maintain', 'press', 'reiterate', 'repeat', 'request', 'stand firm', 'urge', 'vow']"
inspect,"['audit', 'check out', 'go through', 'investigate', 'observe', 'oversee', 'probe', 'review', 'scan', 'scrutinize', 'search', 'supervise', 'survey', 'watch']"
inspire,"['affect', 'animate', 'arouse', 'cause', 'embolden', 'excite', 'galvanize', 'get', 'hearten', 'impress', 'influence', 'instill', 'motivate', 'produce', 'provoke', 'spark', 'spur', 'stir', 'sway', 'touch', 'trigger']"
install,"['build in', 'fix', 'inaugurate', 'institute', 'introduce', 'invest', 'lay', 'place', 'plant', 'put in', 'station']"
instruct,"['advise', 'brief', 'discipline', 'disclose', 'educate', 'guide', 'notify', 'tell', 'train', 'tutor']"
integrate,"['accommodate', 'assimilate', 'blend', 'combine', 'conform', 'consolidate', 'coordinate', 'desegregate', 'fuse', 'harmonize', 'incorporate', 'join', 'link', 'mesh', 'organize', 'unify', 'unite']"
intend,"['aim', 'contemplate', 'design', 'designate', 'destine', 'expect', 'mean', 'plan', 'propose', 'resolve', 'think', 'try']"
interfere,"['hamper', 'hinder', 'impede', 'inhibit', 'intrude', 'obstruct', 'prevent']"
interpret,"['clarify', 'construe', 'decipher', 'depict', 'describe', 'enact', 'explain', 'illustrate', 'portray', 'read', 'solve', 'translate', 'understand', 'view']"
interrogate,"['examine', 'grill', 'investigate', 'query', 'quiz']"
interrupt,"['break', 'break off', 'cut off', 'cut short', 'delay', 'discontinue', 'disturb', 'halt', 'heckle', 'hinder', 'hold up', 'impede', 'prevent', 'punctuate', 'stop', 'suspend']"
intervene,"['arbitrate', 'intercede', 'interfere', 'involve', 'meddle', 'negotiate']"
interview,"['account', 'conference', 'consultation', 'conversation', 'dialogue', 'examination', 'hearing', 'meeting', 'press conference', 'record', 'statement', 'talk']"
introduce,"['announce', 'offer', 'open', 'propose', 'recommend', 'submit', 'suggest']"
invent,"['bear', 'come up with', 'conceive', 'design', 'devise', 'discover', 'dream up', 'envision', 'fashion', 'find', 'forge', 'formulate', 'initiate', 'originate', 'produce']"
invest,"['devote', 'lend', 'provide', 'spend', 'supply']"
investigate,"['consider', 'examine', 'explore', 'inspect', 'interrogate', 'probe', 'question', 'review', 'scrutinize', 'search', 'study']"
invite,"['appeal to', 'attract', 'call', 'draw', 'encourage', 'insist', 'lead', 'persuade', 'press', 'propose', 'request', 'suggest', 'summon', 'tempt', 'urge', 'welcome', 'woo']"
involve,"['affect', 'associate', 'catch', 'commit', 'comprise', 'concern', 'connect', 'contain', 'cover', 'embroil', 'engage', 'hold', 'implicate', 'link', 'mean', 'prove', 'relate', 'require', 'suggest']"
isolate,"['confine', 'detach', 'disconnect', 'disengage', 'divide', 'insulate', 'remove', 'segregate', 'separate', 'sequester']"
issue,"['affair', 'argument', 'concern', 'controversy', 'matter', 'point', 'problem', 'question', 'subject', 'topic']"
join,"['accompany', 'marry', 'tie']"
judge,"['authority', 'court', 'critic', 'expert', 'inspector', 'justice', 'referee']"
justify,"['advocate', 'condone', 'confirm', 'countenance', 'defend', 'explain', 'favor', 'maintain', 'rationalize', 'support', 'sustain', 'uphold', 'validate', 'vindicate', 'warrant']"
keep,"['carry', 'conduct', 'control', 'enjoy', 'have', 'manage', 'place', 'preserve', 'put', 'retain', 'save', 'store']"
kick,['fun']
kidnap,"['capture', 'hijack', 'seize', 'snatch', 'steal']"
knight,"['banneret', 'cavalier', 'champion', 'chevalier', 'companion', 'gallant', 'gentleman', 'horseman', 'lover', 'man-at-arms', 'paladin', 'partisan', 'protagonist', 'templar']"
knit,"['bind', 'crochet', 'fasten', 'mend', 'sew', 'unite', 'weave']"
knock,"['beating', 'blow', 'box', 'clip', 'conk', 'cuff', 'hit', 'injury', 'lick', 'rap', 'slap', 'smack', 'swat', 'swipe', 'thump', 'whack']"
know,"['appreciate', 'experience', 'have', 'learn', 'notice', 'perceive', 'realize', 'recognize', 'see']"
label,"['company', 'design', 'logo', 'number', 'stamp', 'sticker', 'tag', 'trademark']"
lack,"['absence', 'dearth', 'inadequacy', 'loss', 'paucity', 'poverty', 'reduction', 'scarcity', 'shortage', 'shortcoming', 'shortfall']"
land,"['acreage', 'area', 'beach', 'continent', 'country', 'countryside', 'district', 'earth', 'estate', 'farmland', 'field', 'ground', 'home', 'homeland', 'nation', 'parcel', 'plot', 'province', 'ranch', 'real estate', 'region', 'shore', 'soil', 'terrain', 'territory', 'tract']"
launch,['fire']
lay,['secular']
lead,"['advantage', 'edge', 'margin', 'point', 'start', 'top']"
lean,"['angular', 'gangly', 'gaunt', 'lanky', 'rangy', 'sinewy', 'skinny', 'slender', 'slim', 'sparse', 'svelte', 'wiry']"
leap,"['surge', 'upsurge', 'upswing']"
lend,"['add', 'afford', 'allow', 'contribute', 'extend', 'give', 'grant', 'impart', 'provide', 'supply']"
lever,"['crowbar', 'leverage']"
lie,"['deceit', 'deception', 'dishonesty', 'disinformation', 'distortion', 'evasion', 'fabrication', 'falsehood', 'fiction', 'forgery', 'inaccuracy', 'misrepresentation', 'myth', 'perjury', 'slander', 'tale']"
lift,"['drive', 'journey', 'passage', 'ride', 'run', 'transport']"
light,"['bright', 'luminous', 'rich', 'shiny', 'sunny']"
limit,"['cap', 'ceiling', 'check', 'curb', 'deadline', 'maximum', 'restraint', 'restriction']"
limp,"['flabby', 'listless', 'soft', 'supple']"
link,"['association', 'channel', 'contact', 'element', 'hookup', 'network', 'relationship', 'tie']"
list,"['account', 'agenda', 'archive', 'ballot', 'bill', 'calendar', 'catalog', 'checklist', 'dictionary', 'directory', 'draft', 'file', 'index', 'inventory', 'lineup', 'listing', 'menu', 'poll', 'program', 'schedule', 'series', 'table', 'tally', 'ticket']"
load,"['amount', 'bundle', 'capacity', 'consignment', 'goods', 'haul', 'payload', 'shipment', 'weight']"
locate,"['detect', 'discover', 'establish', 'pinpoint', 'spot', 'station', 'strike', 'uncover', 'unearth']"
lock,"['bolt', 'grip', 'latch']"
loop,"['coil', 'curve']"
lose,"['drop', 'fail', 'forget', 'give up', 'squander', 'suffer', 'surrender', 'waste']"
lower,"['curtailed', 'decreased', 'diminished', 'junior', 'lessened', 'low', 'minor', 'reduced', 'secondary', 'subordinate']"
maintain,"['continue', 'control', 'cultivate', 'finance', 'keep', 'manage', 'preserve', 'protect', 'provide', 'renew', 'retain', 'support', 'sustain', 'uphold']"
manage,"['administer', 'conduct', 'dominate', 'govern', 'guide', 'handle', 'maintain', 'operate', 'oversee', 'regulate', 'run', 'supervise', 'take care of', 'take over', 'train', 'use']"
mark,"['impression', 'imprint', 'line', 'point', 'record', 'scar', 'score', 'signature', 'spot', 'stain', 'stamp', 'streak', 'symbol']"
massacr,[]
match,"['bout', 'contest', 'event', 'game', 'race', 'test', 'trial']"
matter,"['element', 'material', 'thing']"
mean,"['greedy', 'selfish']"
measure,"['part', 'quota']"
mediate,"['arbitrate', 'intercede', 'interfere', 'intervene', 'negotiate', 'resolve']"
mend,"['ameliorate', 'cure', 'heal', 'rebuild', 'reconstruct', 'rectify', 'redress', 'rejuvenate', 'renew', 'repair', 'restore', 'revamp', 'sew']"
mention,"['acknowledgment', 'comment', 'footnote', 'indication', 'notice', 'notification', 'recognition', 'reference', 'remark', 'utterance']"
mind,"['attention', 'brain', 'consciousness', 'genius', 'head', 'imagination', 'instinct', 'intellect', 'judgment', 'mentality', 'perception', 'power', 'psyche', 'sense', 'soul', 'spirit', 'talent', 'thought', 'wisdom']"
mislead,"['betray', 'cheat', 'deceive', 'defraud', 'delude', 'dupe', 'entice', 'fool', 'fudge', 'hoodwink', 'lie', 'misguide', 'misinform', 'misrepresent', 'tempt']"
miss,"['absence', 'blunder', 'default', 'defect', 'error', 'fault', 'loss', 'mishap', 'mistake', 'omission', 'oversight', 'slip', 'want']"
mix,"['associate', 'blend', 'fuse', 'incorporate', 'infuse', 'mingle', 'stir', 'weave']"
moan,"['gripe', 'sigh', 'sob', 'wail', 'whine']"
modernise,[]
modify,"['adapt', 'adjust', 'correct', 'customize', 'repair', 'reshape', 'revise', 'rework', 'tweak', 'vary']"
modulate,['inflect']
monitor,['auditor']
mount,"['arise', 'escalate', 'go up', 'rise', 'soar']"
murder,"['assassination', 'bloodshed', 'crime', 'destruction', 'felony', 'homicide', 'lynching', 'manslaughter', 'massacre', 'shooting', 'terrorism']"
murmur,"['buzz', 'hum', 'muttering', 'rumble', 'whisper']"
mutter,"['complain', 'groan', 'growl', 'moan', 'murmur', 'snarl', 'sputter', 'whisper']"
negotiate,"['agree', 'arrange', 'confer', 'consult', 'debate', 'haggle', 'handle', 'mediate', 'settle', 'work out']"
nod,"['acknowledgment', 'bow', 'greeting', 'permission', 'salute']"
notch,"['cleft', 'cut', 'gap', 'gash', 'groove', 'incision', 'indent', 'indenture', 'mark', 'mill', 'nick', 'nock', 'rabbet', 'rut', 'score', 'scratch']"
note,"['character', 'sign', 'tone']"
notice,"['attention', 'care', 'consideration', 'note', 'respect']"
object,"['article', 'body', 'commodity', 'gadget', 'item', 'matter', 'phenomenon', 'something', 'substance']"
observe,"['detect', 'discover', 'examine', 'inspect', 'look at', 'mark', 'monitor', 'note', 'pay attention to', 'recognize', 'regard', 'scrutinize', 'study', 'view', 'watch', 'witness']"
obtain,"['access', 'achieve', 'attain', 'collect', 'earn', 'gain', 'gather', 'glean', 'have', 'pick up', 'procure', 'purchase', 'reach', 'realize', 'reap', 'receive', 'recover', 'retrieve', 'secure', 'seize', 'take', 'win']"
obviate,"['counteract', 'forestall', 'preclude']"
occupy,"['attend', 'employ', 'fill', 'involve', 'take up']"
occur,"['appear', 'arise', 'crop up', 'develop', 'ensue', 'exist', 'follow', 'go', 'materialize', 'result', 'show', 'take place', 'transpire']"
offer,"['action', 'attempt', 'bid', 'overture']"
omit,"['bypass', 'delete', 'discard', 'disregard', 'edit', 'eliminate', 'ignore', 'neglect', 'overlook', 'prohibit', 'skip', 'withhold']"
operate,"['achieve', 'act', 'complete', 'conduct', 'do', 'engage', 'keep', 'move', 'produce', 'promote', 'run', 'serve', 'take', 'transport', 'work']"
oppose,"['argue', 'assail', 'attack', 'debate', 'defy', 'deny', 'disagree', 'dispute', 'face', 'fight', 'prevent', 'protest', 'resist']"
opt,"['decide', 'elect', 'go for', 'prefer']"
order,"['form', 'line', 'plan', 'procedure', 'regulation', 'rule', 'structure', 'system']"
organise,[]
organize,"['construct', 'coordinate', 'create', 'establish', 'form', 'formulate', 'regulate', 'run', 'set up']"
originate,"['arise', 'come from', 'derive', 'emanate', 'emerge', 'stem']"
outlaw,"['bandit', 'crook', 'desperado', 'fugitive', 'gangster', 'hoodlum', 'hooligan', 'marauder', 'mobster', 'outcast', 'pariah', 'robber']"
outline,"['blueprint', 'draft', 'drawing', 'framework', 'summary', 'synopsis']"
overcome,"['affected', 'beaten', 'buried', 'conquered', 'defeated', 'overthrown', 'swamped', 'taken']"
overlook,"['discount', 'forget', 'ignore', 'omit']"
owe,['incur']
own,['owned']
pack,"['backpack', 'bundle', 'equipment', 'luggage']"
pamper,"['coddle', 'gratify', 'indulge', 'regale', 'spoil', 'tickle']"
parallel,"['coordinate', 'lateral']"
participate,"['aid', 'compete', 'cooperate', 'engage', 'engage in', 'perform', 'play', 'share']"
partition,"['barrier', 'dissolution', 'segregation', 'separation']"
pass,"['canyon', 'cut', 'gap', 'gorge', 'passage', 'passageway', 'path', 'ravine']"
pause,"['breathing space', 'halt', 'hesitation', 'hiatus', 'hitch', 'interlude', 'intermission', 'interruption', 'interval', 'lapse', 'layoff', 'letup', 'lull', 'recess', 'respite', 'stoppage', 'suspension']"
pay,"['allowance', 'compensation', 'fee', 'income', 'payment', 'profit', 'reimbursement', 'remuneration', 'reward', 'salary', 'stipend', 'wage']"
peer,"['associate', 'rival']"
perceive,"['discern', 'distinguish', 'feel', 'grasp', 'identify', 'observe', 'realize', 'recognize', 'regard']"
perform,"['achieve', 'act', 'behave', 'complete', 'do', 'execute', 'finish', 'function', 'implement', 'meet', 'observe', 'operate', 'take', 'work']"
perish,"['cease', 'crumble', 'disappear', 'disintegrate', 'pass away', 'rot', 'succumb', 'vanish', 'wither']"
permit,"['allowance', 'charter', 'concession', 'consent', 'go-ahead', 'grant', 'license', 'passport', 'patent', 'permission', 'privilege', 'visa', 'warrant']"
persecute,"['expel', 'harass', 'hound', 'injure', 'maltreat', 'molest', 'oppress', 'outrage', 'pick on', 'pursue', 'torture', 'victimize']"
persist,"['continue', 'endure', 'go on', 'linger', 'persevere', 'prevail', 'pursue', 'recur', 'remain']"
persuade,"['advise', 'assure', 'cajole', 'coax', 'enlist', 'entice', 'exhort', 'get', 'impress', 'incline', 'induce', 'influence', 'prompt', 'satisfy', 'sway', 'urge', 'woo']"
phrase,"['expression', 'idiom', 'motto', 'phrasing', 'remark', 'saying', 'slogan', 'terminology', 'utterance', 'wording']"
pick,"['choice', 'prize', 'selection']"
plant,"['flower', 'grass', 'herb', 'seedling', 'shrub', 'tree', 'vine', 'weed']"
plead,"['appeal', 'ask', 'petition', 'pray', 'solicit']"
please,"['amuse', 'charm', 'cheer', 'entertain', 'gratify', 'satisfy', 'tickle', 'wow']"
point,"['mark', 'stop']"
pop,"['burst', 'crack', 'explosion', 'jump', 'leap', 'report', 'snap', 'strike', 'thrust', 'whack']"
portraye,[]
pose,"['mannerism', 'mien', 'posture']"
possess,"['acquire', 'carry', 'enjoy', 'maintain', 'occupy', 'own', 'retain', 'seize']"
pour,"['cascade', 'discharge', 'drain', 'flood', 'flow', 'gush', 'rush', 'spew', 'spill', 'splash', 'stream', 'swarm']"
practise,[]
praise,"['acclaim', 'accolade', 'applause', 'appreciation', 'approval', 'cheer', 'commendation', 'compliment', 'cry', 'devotion', 'esteem', 'glory', 'kudos', 'ovation', 'plaudit', 'rave', 'recognition', 'recommendation', 'thanks', 'tribute']"
pray,"['ask', 'beseech', 'recite', 'urge']"
precede,"['anticipate', 'foreshadow', 'predate', 'presage']"
preclude,"['avert', 'cease', 'deter', 'exclude', 'forestall', 'hinder', 'impede', 'obviate', 'prevent', 'prohibit', 'rule out']"
predict,"['anticipate', 'call', 'conclude', 'envision', 'forecast', 'foresee', 'think']"
prefer,"['adopt', 'choose', 'go for', 'pick', 'promote', 'put', 'select', 'suggest', 'wish']"
prepare,"['arrange', 'assemble', 'brace', 'develop', 'draw up', 'equip', 'form', 'formulate', 'gird', 'make', 'plan', 'produce', 'provide', 'qualify', 'ready', 'strengthen', 'supply', 'train']"
present,['current']
preserve,"['conserve', 'defend', 'freeze', 'keep', 'perpetuate', 'protect', 'retain', 'safeguard', 'save', 'secure', 'store', 'sustain', 'uphold']"
press,"['journalist', 'magazine', 'media', 'newspaper', 'paper', 'publisher', 'reporter', 'writer']"
pretend,"['assume', 'bluff', 'feign', 'fool', 'impersonate', 'profess', 'purport', 'put on']"
prevent,"['avert', 'avoid', 'bar', 'block', 'counter', 'forbid', 'forestall', 'halt', 'hamper', 'hinder', 'impede', 'inhibit', 'limit', 'preclude', 'prohibit', 'put an end to', 'restrain', 'restrict', 'rule out', 'stop', 'thwart', 'ward off']"
preview,"['examination', 'viewing']"
proceed,"['advance', 'continue', 'get', 'go ahead', 'go on', 'pass', 'press on', 'progress', 'travel']"
process,"['action', 'case', 'course', 'development', 'growth', 'means', 'measure', 'mechanism', 'movement', 'operation', 'practice', 'procedure', 'proceeding', 'progress', 'rule', 'step', 'system', 'technique', 'trial', 'way']"
produce,"['crop', 'goods', 'production']"
progress,"['advance', 'breakthrough', 'development', 'evolution', 'growth', 'headway', 'improvement', 'increase', 'momentum', 'movement', 'pace', 'process', 'rise', 'stride']"
prohibit,"['ban', 'block', 'constrain', 'enjoin', 'forbid', 'freeze', 'halt', 'hinder', 'impede', 'inhibit', 'outlaw', 'preclude', 'prevent', 'proscribe', 'restrain', 'restrict', 'rule out']"
proliferate,"['breed', 'burgeon', 'escalate', 'generate', 'multiply', 'mushroom', 'propagate', 'reproduce', 'snowball']"
promise,"['agreement', 'assurance', 'commitment', 'guarantee', 'obligation', 'pact', 'pledge', 'vow', 'word']"
promote,"['advertise', 'advocate', 'benefit', 'bolster', 'boost', 'build up', 'cooperate', 'develop', 'encourage', 'endorse', 'further', 'improve', 'popularize', 'publicize', 'push', 'push for', 'sell', 'speed', 'sponsor', 'stimulate', 'support', 'uphold', 'urge']"
prompt,"['efficient', 'expeditious', 'immediate', 'instantaneous', 'precise', 'punctual', 'quick', 'rapid', 'speedy', 'swift', 'timely']"
propose,"['ask', 'come up with', 'introduce', 'nominate', 'offer', 'recommend', 'request', 'submit', 'urge']"
protect,"['assure', 'care for', 'conserve', 'cover', 'cushion', 'defend', 'insulate', 'keep', 'look after', 'preserve', 'safeguard', 'save', 'secure', 'shelter', 'shield', 'support']"
protest,"['challenge', 'demonstration', 'dissent', 'objection', 'outcry', 'question', 'revolt', 'riot', 'turmoil']"
prove,"['confirm', 'convince', 'demonstrate', 'determine', 'explain', 'find', 'justify', 'result', 'show', 'substantiate', 'test', 'try', 'turn out', 'validate', 'verify']"
provide,"['add', 'administer', 'afford', 'arrange', 'bring', 'cater', 'contribute', 'equip', 'furnish', 'give', 'grant', 'hand over', 'implement', 'keep', 'lend', 'maintain', 'prepare', 'present', 'produce', 'serve', 'transfer', 'yield']"
provoke,"['aggravate', 'anger', 'enrage', 'foment', 'incite', 'inflame', 'infuriate', 'irk', 'irritate', 'offend', 'raise']"
publish,"['announce', 'broadcast', 'circulate', 'declare', 'disclose', 'distribute', 'print', 'produce', 'promulgate', 'publicize', 'put out', 'report']"
purchase,"['acquisition', 'asset', 'investment']"
pursue,"['go after', 'seek']"
put,"['bring', 'establish', 'focus', 'insert', 'install', 'invest', 'lay', 'place', 'set', 'settle', 'stick']"
qualify,"['certify', 'enable', 'entitle', 'meet', 'pass', 'ready', 'score', 'train']"
quote,"['cite', 'name', 'recall', 'refer to']"
race,"['chase', 'competition', 'contention', 'contest', 'course', 'event', 'marathon', 'match', 'relay', 'run', 'sprint']"
raise,"['boost', 'hike', 'increment']"
range,"['area', 'dimension', 'field', 'length', 'matter', 'scope', 'space', 'spectrum', 'territory']"
reach,"['ability', 'capacity', 'distance', 'grasp', 'horizon', 'influence', 'power', 'scope']"
react,"['acknowledge', 'act', 'answer', 'behave', 'counter', 'feel', 'perform', 'proceed', 'reply', 'revert']"
realise,[]
realize,"['comprehend', 'get', 'grasp', 'know', 'recognize', 'think', 'understand']"
recall,"['anamnesis', 'memory', 'recollection', 'reminiscence']"
recapitulate,"['recap', 'rehash']"
receive,"['accept', 'collect', 'draw', 'earn', 'gain', 'get', 'hear', 'hold', 'make', 'obtain', 'pick up', 'pocket', 'reap', 'secure', 'seize', 'take', 'take in', 'win']"
reciprocate,"['repay', 'retaliate']"
reckon,"['calculate', 'look upon', 'surmise', 'take account of']"
recognise,[]
recognize,"['admit', 'know', 'make', 'note', 'notice', 'observe', 'perceive', 'remember', 'see']"
recommend,"['advocate', 'back', 'confirm', 'endorse', 'favor', 'justify', 'praise', 'prescribe', 'propose', 'suggest', 'uphold', 'urge']"
record,"['document', 'evidence', 'file', 'history', 'note', 'report', 'story', 'testimony', 'transcript']"
recover,"['get back', 'reclaim', 'recoup', 'regain', 'repair', 'rescue', 'restore', 'resume', 'retrieve', 'salvage']"
recruit,"['draftee', 'newcomer', 'rookie', 'sailor', 'soldier', 'trainee', 'volunteer']"
reduce,"['curtail', 'cut', 'cut down', 'diminish', 'dwindle', 'lessen', 'lower', 'pare', 'scale down', 'shorten', 'slash', 'trim', 'weaken']"
refer,"['assign', 'attribute', 'cite', 'hint', 'indicate', 'introduce', 'invoke', 'point out', 'specify']"
reflect,"['echo', 'follow', 'mirror', 'reverse']"
refuse,"['debris', 'rubbish', 'trash', 'waste']"
refute,"['contradict', 'counter', 'disprove', 'expose', 'oppose', 'quash', 'rebut', 'repudiate', 'squelch']"
regard,['view']
register,"['registry', 'roster']"
regret,"['anguish', 'annoyance', 'apology', 'bitterness', 'concern', 'contrition', 'disappointment', 'discomfort', 'dissatisfaction', 'grief', 'heartache', 'heartbreak', 'misgiving', 'nostalgia', 'qualm', 'remorse', 'repentance', 'sorrow', 'uneasiness', 'worry']"
regulate,"['adjust', 'administer', 'balance', 'classify', 'conduct', 'control', 'coordinate', 'determine', 'govern', 'handle', 'improve', 'monitor', 'oversee', 'readjust', 'rectify', 'standardize', 'supervise']"
reinforce,"['add to', 'bolster', 'boost', 'build up', 'buttress', 'emphasize', 'enlarge', 'fortify', 'increase', 'shore up', 'stress', 'support', 'underline']"
reintroduce,"['reestablish', 'renew', 'revive']"
reject,"['deny', 'dismiss', 'rebuff', 'refuse', 'renounce', 'repudiate', 'scrap', 'spurn', 'turn down', 'veto']"
relate,"['describe', 'detail', 'disclose', 'present', 'reveal']"
relax,"['calm', 'lie down', 'loosen up', 'recline', 'sit back', 'soften', 'unwind']"
release,"['clemency', 'discharge']"
relieve,"['allay', 'alleviate', 'assuage', 'calm', 'comfort', 'cure', 'diminish', 'ease', 'free', 'mitigate', 'relax', 'soothe', 'subdue']"
relish,"['gusto', 'zest']"
rely,"['await', 'bank', 'bet', 'build', 'calculate', 'commit', 'confide', 'count', 'depend', 'entrust', 'expect', 'hope', 'lean', 'look', 'reckon', 'trust']"
remain,"['continue', 'endure', 'go on', 'hover', 'last', 'linger', 'live', 'persist', 'prevail', 'stand', 'stop', 'survive', 'wait']"
remark,"['assertion', 'attention', 'commentary', 'conclusion', 'explanation', 'note', 'opinion', 'saying', 'statement', 'talk', 'thought', 'word']"
remind,"['admonish', 'advise', 'caution', 'emphasize', 'mention', 'note', 'point out', 'prod', 'prompt', 'recall', 'remember', 'stress', 'suggest', 'warn']"
remove,"['abolish', 'clear away', 'cut out', 'delete', 'discard', 'discharge', 'dismiss', 'eliminate', 'erase', 'evacuate', 'expel', 'extract', 'get rid of', 'oust', 'pull out', 'raise', 'separate', 'ship', 'take out', 'transfer', 'transport', 'withdraw']"
render,"['deliver', 'distribute', 'give', 'provide', 'restore']"
repair,"['adjustment', 'improvement', 'overhaul', 'reconstruction', 'rehabilitation', 'replacement']"
repeat,"['repetition', 'replay', 'rerun']"
replace,"['change', 'follow', 'oust', 'recover', 'reinstate', 'restore', 'succeed', 'supplant', 'supply', 'take over', 'take over from']"
report,"['address', 'announcement', 'article', 'communique', 'description', 'detail', 'dispatch', 'information', 'message', 'news', 'note', 'opinion', 'paper', 'picture', 'record', 'release', 'statement', 'summary', 'word']"
represent,"['mean', 'perform', 'produce', 'serve', 'serve as', 'show', 'speak for']"
reproach,['disgrace']
reproduce,"['clone', 'copy', 'duplicate', 'emulate', 'imitate', 'mirror', 'photocopy', 'portray', 'print', 'recreate', 'reflect', 'repeat', 'replicate', 'reprint']"
request,"['appeal', 'application', 'call', 'demand', 'desire', 'inquiry', 'invitation', 'offer', 'suit']"
require,['lack']
rescue,"['delivery', 'recovery', 'relief', 'salvage']"
research,"['analysis', 'exploration', 'inquiry', 'investigation', 'probe']"
resell,[]
resemble,"['feature', 'mirror', 'parallel', 'simulate']"
reserve,"['capital', 'fund', 'inventory', 'plant', 'reservoir', 'stock', 'stockpile', 'wealth']"
resign,"['abandon', 'abdicate', 'capitulate', 'cede', 'drop', 'fold', 'forgo', 'forsake', 'leave', 'quit', 'relinquish', 'renounce', 'retire', 'secede', 'surrender', 'terminate', 'vacate', 'waive', 'yield']"
resist,"['abide', 'combat', 'confront', 'continue', 'curb', 'defy', 'endure', 'forgo', 'maintain', 'prevent', 'refuse', 'repel', 'thwart', 'turn down']"
resolve,"['boldness', 'courage', 'firmness', 'intention', 'steadfastness', 'will', 'willpower']"
respect,"['appreciation', 'awe', 'consideration', 'deference', 'dignity', 'esteem', 'fear', 'honor', 'recognition', 'regard', 'reverence', 'tribute']"
respond,"['acknowledge', 'answer', 'behave', 'come back', 'counter', 'react', 'reply', 'return']"
restore,"['bring back', 'build up', 'improve', 'modernize', 'rebuild', 'reconstruct', 'recover', 'reestablish', 'refurbish', 'rehabilitate', 'reinforce', 'reinstate', 'renew', 'renovate', 'repair', 'replace', 'rescue', 'revitalize', 'revive', 'strengthen']"
restrict,"['curb', 'decrease', 'define', 'diminish', 'hamper', 'impede', 'inhibit', 'narrow', 'reduce', 'regulate', 'restrain', 'shorten']"
restructure,"['reconstruct', 'reshuffle', 'revamp']"
result,"['conclusion', 'consequence', 'decision', 'development', 'event', 'issue', 'outcome', 'product', 'reaction']"
resume,"['continue', 'go on', 'proceed', 'regain', 'reopen', 'restart', 'return to', 'take up']"
retain,"['absorb', 'cling to', 'contain', 'enjoy', 'have', 'hold', 'keep', 'maintain', 'own', 'possess', 'preserve', 'recognize']"
retire,"['depart', 'go', 'pull out', 'relinquish', 'remove', 'retreat', 'separate', 'surrender', 'withdraw']"
retrieve,"['bring back', 'fetch', 'recapture', 'reclaim', 'recover', 'repair', 'rescue', 'restore', 'salvage', 'save']"
reveal,"['acknowledge', 'admit', 'affirm', 'announce', 'concede', 'confess', 'declare', 'divulge', 'explain', 'expose', 'inform', 'publish', 'report', 'tell']"
revel,"['bacchanal', 'carousal', 'carouse', 'debauch', 'festivity', 'frolic', 'gaiety', 'gala', 'jollification', 'jollity', 'merriment', 'party', 'reveling', 'saturnalia', 'skylarking', 'spree', 'wassail', 'whoopee']"
reverse,['reversal']
review,"['analysis', 'audit', 'check', 'inspection', 'report', 'revision', 'scrutiny', 'survey']"
revolve,"['rotate', 'whirl']"
reward,"['accolade', 'award', 'benefit', 'bonus', 'bounty', 'compensation', 'dividend', 'honor', 'premium', 'profit', 'punishment', 'remuneration']"
rid,"['clear', 'eliminate', 'eradicate', 'liberate', 'purge', 'relieve', 'unload']"
ring,"['arena', 'band', 'round']"
rise,"['acceleration', 'advance', 'ascent', 'boost', 'climb', 'growth', 'hike', 'increment', 'inflation', 'progress', 'surge', 'upsurge', 'upswing', 'upturn']"
risk,"['danger', 'exposure', 'hazard', 'liability', 'opportunity', 'peril', 'possibility', 'prospect', 'uncertainty']"
roll,"['cycle', 'gyration', 'reel', 'revolution', 'rotation', 'run', 'spin', 'trundling', 'turn', 'twirl', 'undulation', 'whirl']"
round,"['bulbous', 'curved', 'cylindrical', 'elliptical', 'oval', 'rounded', 'spherical']"
rub,"['abrasion', 'attrition', 'caress', 'friction', 'grinding', 'kneading', 'pat', 'polish', 'rasping', 'scouring', 'scraping', 'shine', 'smear', 'stroking', 'swab', 'swipe', 'wear', 'wipe']"
rush,"['blitz', 'dash', 'flood', 'flow', 'scramble', 'stream', 'surge']"
sail,"['cross', 'cruise', 'drift', 'float', 'fly', 'leave', 'move', 'navigate', 'reach', 'run', 'shoot', 'skim', 'soar', 'steer', 'sweep']"
sample,"['case', 'fragment', 'pattern', 'piece', 'sampling', 'specimen']"
satisfy,"['amuse', 'appease', 'assuage', 'delight', 'elate', 'entertain', 'fascinate', 'flatter', 'gratify', 'mollify', 'placate']"
scatter,"['discard', 'distribute', 'divide', 'fling', 'litter', 'pour', 'shatter', 'shower', 'spray', 'spread', 'sprinkle']"
schedule,"['agenda', 'calendar', 'chart', 'itinerary', 'lineup', 'list', 'program', 'record', 'roster', 'timetable']"
scorch,"['bake', 'blacken', 'blister', 'char', 'melt', 'parch', 'sear']"
score,"['account', 'amount', 'average', 'count', 'grade', 'mark', 'number', 'rate', 'record', 'result', 'tally']"
scout,"['detective', 'recruiter']"
scream,"['cry', 'howl', 'screech', 'shriek', 'wail', 'yelp']"
screw,['tighten']
scurry,"['bustle', 'dart', 'dash', 'hurry', 'rip', 'scamper', 'scoot', 'scuttle', 'sprint', 'whisk', 'zip']"
seal,"['imprimatur', 'insignia', 'sticker', 'tape']"
search,"['examination', 'exploration', 'hunt', 'inquiry', 'inspection', 'investigation', 'pursuit', 'quest', 'research']"
secure,['protected']
seek,"['explore', 'follow', 'investigate', 'pursue']"
seem,"['imply', 'look', 'show', 'sound', 'suggest']"
segregate,"['disconnect', 'divide', 'insulate', 'isolate', 'sequester', 'single out']"
seize,"['catch', 'snatch']"
select,"['eclectic', 'exclusive', 'preferred', 'privileged', 'selected', 'selective']"
sense,"['feel', 'impression', 'sensibility', 'sensitivity', 'taste', 'touch']"
separate,"['free', 'independent', 'isolated', 'sovereign']"
serve,"['deliver', 'distribute', 'give', 'handle', 'hit', 'play', 'present', 'provide']"
set,"['agreed', 'appointed', 'arranged', 'bent', 'concluded', 'confirmed', 'determined', 'entrenched', 'established', 'firm', 'fixed', 'immovable', 'intent', 'ironclad', 'obstinate', 'pat', 'prearranged', 'predetermined', 'prescribed', 'regular', 'resolved', 'rooted', 'scheduled', 'settled', 'specified', 'stated', 'stipulated']"
settle,"['achieve', 'clear', 'complete', 'conclude', 'decide', 'determine', 'end', 'establish', 'fix', 'negotiate', 'pay', 'put an end to', 'work out']"
shadow,"['dark', 'gloom', 'obscurity', 'shade']"
shake,"['convulse', 'disturb', 'jolt', 'rattle', 'rock', 'roil', 'shudder', 'sway', 'swing', 'upset', 'wave']"
shift,"['about-face', 'alteration', 'change', 'conversion', 'deviation', 'move', 'transfer', 'transformation', 'variation']"
shine,"['gleam', 'glitz', 'gloss', 'luster', 'sheen', 'shimmer', 'sparkle']"
shoot,"['blast', 'execute', 'explode', 'fire', 'hit', 'hurl', 'kill', 'launch', 'murder', 'open fire']"
shout,"['cheer', 'clamor', 'cry', 'howl', 'roar', 'scream', 'screech', 'shriek', 'whoop']"
shove,"['cram', 'dig', 'elbow', 'hustle', 'jab', 'nudge', 'poke', 'thrust']"
shroud,"['cloak', 'pall', 'veil']"
shrug,"['action', 'bow', 'curtsy', 'expression', 'genuflection', 'indication', 'intimation', 'mime', 'motion', 'nod', 'pantomime', 'reminder', 'salute', 'sign', 'signal', 'token', 'wave', 'wink']"
shut,"['bar', 'lock', 'push', 'seal']"
sigh,"['cry', 'exhale', 'gasp', 'groan', 'howl', 'moan', 'murmur', 'sob', 'whisper', 'whistle']"
sign,"['clue', 'flag', 'gesture', 'harbinger', 'hint', 'light', 'manifestation', 'note', 'prediction', 'proof', 'signal', 'suggestion', 'symbol', 'symptom', 'trace', 'warning', 'wave']"
signal,"['conspicuous', 'momentous', 'noteworthy', 'noticeable', 'salient']"
sin,"['crime', 'error', 'evil', 'fault', 'guilt', 'immorality', 'lust', 'misdeed', 'offense', 'shortcoming', 'transgression', 'violation', 'wrong', 'wrongdoing']"
sink,"['capsize', 'decline', 'descend', 'dig', 'dip', 'disappear', 'drill', 'drive', 'drop', 'drown', 'fall', 'go down', 'lower', 'overturn', 'plummet', 'plunge', 'ram', 'sag', 'settle', 'slump', 'stick', 'submerge', 'wreck']"
situate,"['establish', 'settle']"
slay,"['assassinate', 'butcher', 'destroy', 'dispatch', 'execute', 'exterminate', 'massacre', 'murder', 'slaughter']"
slide,"['accelerate', 'drift', 'drive', 'drop', 'fall', 'flow', 'glide', 'move', 'sag', 'shift', 'shove', 'skate', 'skid', 'slip', 'slither', 'slump', 'tumble', 'veer']"
slip,"['blunder', 'lapse', 'misstep', 'mistake']"
slump,"['collapse', 'crash', 'depreciation', 'dip', 'downtrend', 'downturn', 'drop', 'fall', 'low', 'recession', 'slide', 'stagnation']"
smash,"['accident', 'bang', 'bash', 'blast', 'blow', 'boom', 'breakdown', 'breaking', 'breakup', 'burst', 'clap', 'collapse', 'crack', 'crack-up', 'crash', 'debacle', 'destruction', 'disaster', 'downfall', 'failure', 'ruin', 'shattering', 'slam', 'smash-up', 'sock', 'wallop', 'welt', 'whack', 'wham', 'wreck']"
snap,"['breeze', 'cinch', 'ease', 'picnic', 'pie', 'walkover']"
snipe,"['curlew', 'grouse', 'partridge', 'pheasant', 'plover', 'quail', 'sandpiper', 'wild turkey', 'wildfowl', 'woodcock']"
soar,"['ascend', 'escalate', 'lift', 'mount', 'rise', 'rocket', 'sail', 'shoot', 'shoot up', 'skyrocket', 'top']"
solve,"['clarify', 'clear up', 'deal with', 'decide', 'determine', 'do', 'explain', 'figure out', 'fix', 'have', 'iron out', 'settle', 'work out']"
sort,"['array', 'character', 'description', 'kind', 'lot', 'nature', 'number', 'quality', 'set', 'style']"
sound,"['flawless', 'intact', 'robust', 'safe', 'sane', 'solid', 'stable', 'sturdy', 'thorough', 'vibrant', 'vigorous']"
sow,"['grow', 'propagate', 'scatter']"
spare,"['unoccupied', 'unused']"
specify,"['cite', 'define', 'determine', 'enumerate', 'establish', 'fix', 'indicate', 'lay out', 'limit', 'mention', 'point out', 'spell out', 'stipulate']"
speed,"['acceleration', 'agility', 'momentum', 'pace', 'quickness', 'velocity']"
spin,"['spiral', 'twist']"
split,"['breach', 'chasm', 'crack', 'division', 'fissure', 'gap', 'rift', 'rupture', 'separation']"
spoil,"['destroy', 'devastate', 'harm', 'impair', 'mar', 'tarnish', 'undo', 'upset', 'wreck']"
sponsor,"['advocate', 'backer', 'benefactor', 'patron', 'promoter', 'supporter', 'underwriter']"
spot,['shot']
spread,"['advance', 'advancement', 'dissemination', 'escalation', 'increase', 'spreading', 'transmission']"
squash,"['crush', 'extinguish', 'flatten', 'quash', 'quell', 'squish', 'suppress', 'trample']"
squeeze,"['congestion', 'crunch', 'restraint']"
stage,"['lap', 'leg', 'moment', 'phase', 'point', 'standing', 'step']"
stall,"['halt', 'hamper', 'hinder', 'interrupt', 'postpone', 'put off', 'slow', 'stay', 'stop', 'suspend']"
stare,"['beam', 'gawk', 'glare', 'look', 'peer']"
starve,"['cease', 'forgo', 'pass up', 'quit', 'refrain', 'renounce', 'shun', 'withhold']"
state,['case']
steal,"['abduct', 'divert', 'embezzle', 'keep', 'kidnap', 'loot', 'pilfer', 'plunder', 'ransack', 'remove', 'strip', 'swipe', 'take']"
steam,"['beef', 'force', 'might', 'muscle', 'potency', 'power', 'puissance', 'sinew', 'strength', 'vigor', 'vim']"
step,['stride']
stimulate,"['arouse', 'encourage', 'inspire', 'prompt', 'quicken', 'spark', 'spur', 'trigger', 'vitalize']"
stir,"['furor', 'fuss', 'uproar']"
stock,"['basic', 'common', 'dull', 'established', 'formal', 'normal', 'ordinary', 'overused', 'regular', 'routine', 'set', 'standard', 'staple', 'stereotyped']"
store,['stock']
strengthen,"['bolster', 'build up', 'enhance', 'enlarge', 'establish', 'extend', 'heighten', 'increase', 'intensify', 'invigorate', 'reinforce', 'restore', 'set up', 'step up', 'support', 'sustain', 'toughen']"
stretch,"['area', 'bridge', 'distance', 'length', 'radius', 'region', 'span', 'sweep', 'tract']"
strike,"['beat', 'collide', 'crash', 'drive', 'force', 'knock', 'pummel', 'punch', 'smack', 'touch']"
strip,"['band', 'bar', 'belt', 'bit', 'fillet', 'layer', 'ribbon', 'rod', 'section', 'segment', 'slab', 'stripe', 'tape']"
struggle,"['attempt', 'battle', 'clash', 'combat', 'conflict', 'contest', 'effort', 'encounter', 'endeavor', 'skirmish', 'strife', 'trial', 'work']"
submit,"['acknowledge', 'agree', 'defer', 'surrender']"
subsidize,"['bankroll', 'contribute', 'finance', 'fund', 'promote', 'sponsor', 'underwrite']"
succeed,"['accomplish', 'achieve', 'benefit', 'flourish', 'gain', 'get', 'overcome', 'prevail', 'prosper', 'realize', 'thrive', 'triumph', 'win']"
suck,"['absorb', 'drink', 'inhale']"
sue,"['accuse', 'appeal', 'charge', 'claim', 'file', 'indict', 'petition', 'plead', 'prosecute']"
suffer,"['deteriorate', 'endure', 'experience', 'get', 'go through', 'hurt', 'undergo']"
suggest,"['advise', 'advocate', 'offer', 'propose', 'put', 'recommend', 'submit']"
suit,"['costume', 'dress', 'ensemble', 'tuxedo', 'uniform', 'wardrobe']"
supply,"['amount', 'fund', 'inventory', 'number', 'quantity', 'stock', 'stockpile']"
support,['backing']
suppose,"['deem', 'expect', 'presume', 'pretend', 'think', 'understand']"
surface,"['exterior', 'facial', 'outer', 'outward', 'shallow', 'superficial']"
surround,"['besiege', 'circle', 'envelop', 'hem in', 'inundate', 'ring']"
survive,"['bear', 'endure', 'exist', 'get through', 'handle', 'keep', 'last', 'live', 'recover', 'remain', 'ride out', 'subsist', 'suffer', 'sustain', 'weather', 'withstand']"
suspect,"['open', 'pseudo', 'suspected', 'thick', 'thin']"
suspend,"['append', 'attach', 'dangle', 'depend', 'sling', 'swing', 'wave']"
sustain,"['assist', 'bolster', 'buoy', 'continue', 'defend', 'help', 'nurse', 'preserve', 'save']"
swallow,"['absorb', 'devour', 'drink', 'eat', 'gobble', 'gulp', 'ingest', 'inhale', 'wash down']"
swear,"['affirm', 'assert', 'depose', 'testify', 'vow']"
sweep,"['span', 'stretch']"
swing,"['fluctuation', 'rhythm', 'stroke']"
switch,"['about-face', 'alteration', 'reversal', 'shift', 'transformation']"
tackle,"['accouterment', 'apparatus', 'appliance', 'gear', 'goods', 'hook', 'impedimenta', 'implements', 'line', 'machinery', 'materiel', 'outfit', 'paraphernalia', 'rig', 'rigging', 'tools', 'trappings']"
tap,"['spigot', 'valve']"
target,"['destination', 'mark', 'object', 'objective', 'point', 'purpose', 'spot']"
taste,"['aftertaste', 'aroma']"
tear,"['crack', 'hole']"
teem,"['brim', 'bustle', 'crawl', 'overflow', 'overrun', 'swarm', 'swell']"
tempt,"['appeal to', 'attract', 'captivate', 'charm', 'dare', 'fascinate', 'induce', 'intrigue', 'invite', 'motivate', 'persuade', 'seduce', 'stimulate', 'tantalize', 'woo']"
tend,"['bear', 'contribute', 'favor', 'go', 'gravitate', 'influence', 'lean', 'turn']"
think,"['assume', 'consider', 'determine', 'expect', 'feel', 'guess', 'judge', 'realize', 'see', 'take', 'understand']"
thought,"['attention', 'hope', 'logic', 'reflection', 'speculation', 'thinking', 'understanding']"
threaten,"['intimidate', 'menace', 'scare']"
tighten,"['narrow', 'stiffen', 'toughen']"
timetable,"['agenda', 'calendar', 'itinerary', 'plan', 'program']"
tip,['edge']
top,"['dominant', 'elite', 'excellent', 'finest', 'leading', 'preeminent', 'primary', 'principal']"
trace,"['element', 'footprint', 'fragment', 'hint', 'indication', 'particle', 'proof', 'relic', 'remains', 'remnant', 'shred', 'smell', 'speck', 'strain', 'taste', 'tinge', 'touch', 'vestige', 'whiff']"
trade,"['business', 'commerce', 'contract', 'deal', 'enterprise', 'exchange', 'industry', 'market', 'traffic', 'transaction']"
train,"['caravan', 'convoy', 'line', 'track']"
transfer,"['deportation', 'relocation', 'removal', 'transmission']"
transform,"['alter', 'convert', 'mold', 'mutate', 'reconstruct', 'remodel', 'revamp', 'revolutionize', 'transfer', 'translate']"
translate,"['convert', 'decipher', 'put', 'render', 'spell out', 'transcribe', 'turn']"
trap,"['ambush', 'bait', 'booby trap', 'device', 'net', 'pitfall', 'ploy', 'quagmire', 'ruse']"
treat,"['delicacy', 'delight', 'feast', 'fun', 'gift', 'goody', 'pleasure', 'refreshment', 'sweet', 'thrill', 'tidbit']"
tremble,"['flutter', 'quiver', 'shiver', 'shudder', 'throb', 'wobble']"
trickle,"['crawl', 'creep', 'dribble', 'flow', 'leak', 'ooze', 'percolate', 'seep', 'stream']"
trust,"['confidence', 'expectation', 'faith', 'hope']"
tuck,"['insert', 'pinch', 'wrap']"
twist,"['curve', 'flourish']"
undergo,"['bear', 'endure', 'experience', 'go through', 'have', 'meet with', 'see', 'suffer', 'sustain', 'withstand']"
undermine,"['blunt', 'cripple', 'erode', 'frustrate', 'hurt', 'impair', 'ruin', 'sabotage', 'sap', 'subvert', 'threaten', 'thwart', 'torpedo', 'undercut', 'wreck']"
undertake,"['begin', 'commence', 'guarantee', 'initiate', 'launch', 'offer', 'shoulder', 'tackle', 'try']"
unfurl,"['unfold', 'unwind']"
unite,"['band together', 'coalesce', 'consolidate', 'cooperate', 'join', 'link', 'meet', 'merge', 'strengthen', 'unify']"
update,"['amend', 'modernize', 'refurbish', 'renew', 'renovate', 'restore', 'revise']"
upset,"['agitated', 'amazed', 'blue', 'capsized', 'confused', 'disconcerted', 'dismayed', 'disordered', 'disquieted', 'distressed', 'dragged', 'grieved', 'hurt', 'ill', 'low', 'muddled', 'overturned', 'rattled', 'ruffled', 'shocked', 'sick', 'spilled', 'thrown', 'troubled', 'tumbled', 'unsettled', 'worried']"
urge,"['appetite', 'compulsion', 'craving', 'impulse', 'itch', 'longing', 'lust', 'passion', 'weakness', 'yearning']"
use,"['adoption', 'benefit', 'handling', 'help', 'need', 'operation', 'practice', 'purpose', 'service', 'treatment', 'usage', 'value']"
usher,"['attendant', 'conductor', 'doorkeeper', 'escort', 'guide', 'herald', 'lead', 'leader', 'page', 'pilot', 'precursor']"
value,"['amount', 'cost', 'expense', 'price', 'profit', 'rate']"
vanish,"['die', 'die out', 'dissolve', 'evaporate', 'fade', 'melt']"
vary,"['alter', 'differ', 'diverge', 'diversify', 'divide', 'fluctuate', 'modify', 'range']"
victimise,[]
view,"['aspect', 'glimpse', 'look', 'outlook', 'perspective', 'picture', 'prospect', 'scene', 'sight', 'vision', 'way']"
vindicate,"['absolve', 'acquit', 'corroborate', 'defend', 'disprove', 'exonerate', 'justify', 'prove', 'refute', 'substantiate', 'uphold']"
voice,"['cry', 'sound', 'speech', 'statement', 'tone']"
volume,"['amount', 'figure', 'number', 'quantity', 'size', 'total']"
vote,"['ballot', 'choice', 'majority', 'poll', 'referendum', 'tally']"
walk,"['hike', 'jaunt', 'parade', 'step', 'stretch', 'stroll', 'tour']"
wander,"['amble', 'cruise', 'drift', 'float', 'hike', 'meander', 'ramble', 'roam', 'saunter', 'straggle', 'stray', 'stroll', 'traipse', 'trek']"
warn,"['address', 'advise', 'alert', 'caution', 'hint', 'inform', 'instruct', 'notify', 'order', 'predict', 'prepare', 'prompt', 'recommend', 'remind', 'signal', 'suggest', 'summon', 'tell', 'threaten', 'urge']"
waste,['misuse']
wave,"['crest', 'flood', 'influx', 'movement', 'outbreak', 'rash', 'rush', 'sign', 'stream', 'surge', 'swell', 'tide', 'upsurge']"
whisper,"['buzz', 'gossip', 'hint', 'innuendo', 'murmur', 'sigh']"
wield,"['apply', 'brandish', 'employ', 'exert', 'handle', 'maintain', 'manipulate', 'operate', 'possess', 'swing']"
wipe,"['clean', 'dry', 'dust', 'erase', 'mop', 'obliterate', 'remove', 'rub', 'wash']"
wish,"['ambition', 'aspiration', 'choice', 'hope', 'inclination', 'intention', 'longing', 'prayer', 'preference', 'request', 'will', 'yearning']"
withdraw,"['depart', 'disengage', 'drop out', 'eliminate', 'go', 'leave', 'pull back', 'pull out', 'quit', 'retire', 'retreat']"
witness,"['bystander', 'eyewitness', 'observer', 'spectator', 'testimony']"
wonder,"['admiration', 'astonishment', 'awe', 'bewilderment', 'confusion', 'curiosity', 'doubt', 'fascination', 'fear', 'reverence', 'shock', 'skepticism', 'surprise', 'uncertainty']"
worship,"['adoration', 'church service', 'devotion', 'prayer', 'rite', 'ritual']"
wrap,"['blanket', 'cloak', 'coat', 'fur', 'jacket', 'shawl', 'stole']"
yield,"['crop', 'earnings', 'harvest', 'income', 'output', 'profit', 'return', 'revenue', 'turnout']"
may,['can']
might,"['efficacy', 'potency', 'valor']"
ought,"['precondition', 'prerequisite', 'requisite']"
shall,"['be about to', 'be obliged', 'intend', 'must', 'want to', 'will']"
should,['will']
would,"['authorize', 'bid', 'command', 'decree', 'demand', 'determine', 'direct', 'effect', 'enjoin', 'exert', 'insist', 'intend', 'ordain', 'order', 'request', 'resolve']"
