DEBUG:root:Data read success
INFO:root:Load pretrained SentenceTransformer: bert-base-nli-mean-tokens
INFO:root:Did not find folder bert-base-nli-mean-tokens
INFO:root:Try to download model from server: https://sbert.net/models/bert-base-nli-mean-tokens.zip
INFO:root:Load SentenceTransformer from folder: /Users/prajyotsuvarna/.cache/torch/sentence_transformers/sbert.net_models_bert-base-nli-mean-tokens
INFO:root:Use pytorch device: cpu
DEBUG:pdfminer.pdfparser:xref found: pos='74912'
DEBUG:root:do_keyword: pos=74943, token=R, stack=[(74924, /Size), (74930, 30), (74933, /Root), (74939, 1), (74941, 0)]
DEBUG:root:do_keyword: pos=74956, token=R, stack=[(74924, /Size), (74930, 30), (74933, /Root), (74943, <PDFObjRef:1>), (74945, /Info), (74951, 28), (74954, 0)]
DEBUG:root:do_keyword: pos=75107, token=stream, stack=[(74921, {'Size': 30, 'Root': <PDFObjRef:1>, 'Info': <PDFObjRef:28>, 'ID': [b'?\xa2d 2\x99\xf0H\xbfZ\xf3+\xa8B@\xa6', b'\x17\x89z=\xbe<\xfb\x82\x03jas\xb9\x0f\xa1l'], 'Type': /XRef, 'W': [1, 3, 2], 'Filter': /FlateDecode, 'Index': [0, 30], 'Length': 123})]
DEBUG:root:do_keyword: pos=75248, token=endobj, stack=[(75114, <PDFStream(None): raw=123, {'Size': 30, 'Root': <PDFObjRef:1>, 'Info': <PDFObjRef:28>, 'ID': [b'?\xa2d 2\x99\xf0H\xbfZ\xf3+\xa8B@\xa6', b'\x17\x89z=\xbe<\xfb\x82\x03jas\xb9\x0f\xa1l'], 'Type': /XRef, 'W': [1, 3, 2], 'Filter': /FlateDecode, 'Index': [0, 30], 'Length': 123}>)]
DEBUG:root:nextobject: (75114, <PDFStream(None): raw=123, {'Size': 30, 'Root': <PDFObjRef:1>, 'Info': <PDFObjRef:28>, 'ID': [b'?\xa2d 2\x99\xf0H\xbfZ\xf3+\xa8B@\xa6', b'\x17\x89z=\xbe<\xfb\x82\x03jas\xb9\x0f\xa1l'], 'Type': /XRef, 'W': [1, 3, 2], 'Filter': /FlateDecode, 'Index': [0, 30], 'Length': 123}>)
DEBUG:pdfminer.pdfparser:xref stream: objid=<ObjIdRange: 0-29>, fields=1,3,2
DEBUG:pdfminer.pdfparser:trailer: {'Size': 30, 'Root': <PDFObjRef:1>, 'Info': <PDFObjRef:28>, 'ID': [b'?\xa2d 2\x99\xf0H\xbfZ\xf3+\xa8B@\xa6', b'\x17\x89z=\xbe<\xfb\x82\x03jas\xb9\x0f\xa1l'], 'Type': /XRef, 'W': [1, 3, 2], 'Filter': /FlateDecode, 'Index': [0, 30], 'Length': 123}
DEBUG:root:do_keyword: pos=74905, token=endobj, stack=[(74783, {'ModDate': 'D:20210102170827Z', 'Producer': b'3-Heights\x92 PDF Merge Split Shell 6.12.1.11 (http://www.pdf-tools.com)'})]
DEBUG:root:nextobject: (74783, {'ModDate': 'D:20210102170827Z', 'Producer': b'3-Heights\x92 PDF Merge Split Shell 6.12.1.11 (http://www.pdf-tools.com)'})
DEBUG:root:do_keyword: pos=74722, token=R, stack=[(74696, /Type), (74702, /Catalog), (74711, /Pages), (74718, 2), (74720, 0)]
DEBUG:root:do_keyword: pos=74762, token=R, stack=[(74696, /Type), (74702, /Catalog), (74711, /Pages), (74722, <PDFObjRef:2>), (74724, /PageMode), (74734, /UseOutlines), (74747, /Outlines), (74757, 27), (74760, 0)]
DEBUG:root:do_keyword: pos=74767, token=endobj, stack=[(74693, {'Type': /Catalog, 'Pages': <PDFObjRef:2>, 'PageMode': /UseOutlines, 'Outlines': <PDFObjRef:27>})]
DEBUG:root:nextobject: (74693, {'Type': /Catalog, 'Pages': <PDFObjRef:2>, 'PageMode': /UseOutlines, 'Outlines': <PDFObjRef:27>})
DEBUG:root:do_keyword: pos=74599, token=R, stack=[(74595, 3), (74597, 0)]
DEBUG:root:do_keyword: pos=74605, token=R, stack=[(74599, <PDFObjRef:3>), (74601, 4), (74603, 0)]
DEBUG:root:do_keyword: pos=74620, token=endobj, stack=[(74572, {'Type': /Pages, 'Kids': [<PDFObjRef:3>, <PDFObjRef:4>], 'Count': 2})]
DEBUG:root:nextobject: (74572, {'Type': /Pages, 'Kids': [<PDFObjRef:3>, <PDFObjRef:4>], 'Count': 2})
DEBUG:pdfminer.pdfparser:Pages: Kids=[<PDFObjRef:3>, <PDFObjRef:4>]
DEBUG:root:do_keyword: pos=73997, token=R, stack=[(73989, /F1), (73993, 5), (73995, 0)]
DEBUG:root:do_keyword: pos=74007, token=R, stack=[(73989, /F1), (73997, <PDFObjRef:5>), (73999, /F2), (74003, 8), (74005, 0)]
DEBUG:root:do_keyword: pos=74018, token=R, stack=[(73989, /F1), (73997, <PDFObjRef:5>), (73999, /F2), (74007, <PDFObjRef:8>), (74009, /F3), (74013, 11), (74016, 0)]
DEBUG:root:do_keyword: pos=74029, token=R, stack=[(73989, /F1), (73997, <PDFObjRef:5>), (73999, /F2), (74007, <PDFObjRef:8>), (74009, /F3), (74018, <PDFObjRef:11>), (74020, /F4), (74024, 14), (74027, 0)]
DEBUG:root:do_keyword: pos=74040, token=R, stack=[(73989, /F1), (73997, <PDFObjRef:5>), (73999, /F2), (74007, <PDFObjRef:8>), (74009, /F3), (74018, <PDFObjRef:11>), (74020, /F4), (74029, <PDFObjRef:14>), (74031, /F5), (74035, 17), (74038, 0)]
DEBUG:root:do_keyword: pos=74096, token=R, stack=[(74087, /I1), (74091, 20), (74094, 0)]
DEBUG:root:do_keyword: pos=74107, token=R, stack=[(74087, /I1), (74096, <PDFObjRef:20>), (74098, /I2), (74102, 22), (74105, 0)]
DEBUG:root:do_keyword: pos=74130, token=R, stack=[(73930, /Type), (73936, /Page), (73942, /MediaBox), (73952, [0, 0, 595, 842]), (73966, /Resources), (73977, {'Font': {'F1': <PDFObjRef:5>, 'F2': <PDFObjRef:8>, 'F3': <PDFObjRef:11>, 'F4': <PDFObjRef:14>, 'F5': <PDFObjRef:17>}, 'ProcSet': [/PDF, /Text, /ImageC], 'XObject': {'I1': <PDFObjRef:20>, 'I2': <PDFObjRef:22>}}), (74115, /Contents), (74125, 24), (74128, 0)]
DEBUG:root:do_keyword: pos=74189, token=R, stack=[(73930, /Type), (73936, /Page), (73942, /MediaBox), (73952, [0, 0, 595, 842]), (73966, /Resources), (73977, {'Font': {'F1': <PDFObjRef:5>, 'F2': <PDFObjRef:8>, 'F3': <PDFObjRef:11>, 'F4': <PDFObjRef:14>, 'F5': <PDFObjRef:17>}, 'ProcSet': [/PDF, /Text, /ImageC], 'XObject': {'I1': <PDFObjRef:20>, 'I2': <PDFObjRef:22>}}), (74115, /Contents), (74130, <PDFObjRef:24>), (74132, /Group), (74139, {'CS': /DeviceRGB, 'S': /Transparency}), (74177, /Parent), (74185, 2), (74187, 0)]
DEBUG:root:do_keyword: pos=74194, token=endobj, stack=[(73927, {'Type': /Page, 'MediaBox': [0, 0, 595, 842], 'Resources': {'Font': {'F1': <PDFObjRef:5>, 'F2': <PDFObjRef:8>, 'F3': <PDFObjRef:11>, 'F4': <PDFObjRef:14>, 'F5': <PDFObjRef:17>}, 'ProcSet': [/PDF, /Text, /ImageC], 'XObject': {'I1': <PDFObjRef:20>, 'I2': <PDFObjRef:22>}}, 'Contents': <PDFObjRef:24>, 'Group': {'CS': /DeviceRGB, 'S': /Transparency}, 'Parent': <PDFObjRef:2>})]
DEBUG:root:nextobject: (73927, {'Type': /Page, 'MediaBox': [0, 0, 595, 842], 'Resources': {'Font': {'F1': <PDFObjRef:5>, 'F2': <PDFObjRef:8>, 'F3': <PDFObjRef:11>, 'F4': <PDFObjRef:14>, 'F5': <PDFObjRef:17>}, 'ProcSet': [/PDF, /Text, /ImageC], 'XObject': {'I1': <PDFObjRef:20>, 'I2': <PDFObjRef:22>}}, 'Contents': <PDFObjRef:24>, 'Group': {'CS': /DeviceRGB, 'S': /Transparency}, 'Parent': <PDFObjRef:2>})
DEBUG:pdfminer.pdfparser:Page: {'Type': /Page, 'MediaBox': [0, 0, 595, 842], 'Resources': {'Font': {'F1': <PDFObjRef:5>, 'F2': <PDFObjRef:8>, 'F3': <PDFObjRef:11>, 'F4': <PDFObjRef:14>, 'F5': <PDFObjRef:17>}, 'ProcSet': [/PDF, /Text, /ImageC], 'XObject': {'I1': <PDFObjRef:20>, 'I2': <PDFObjRef:22>}}, 'Contents': <PDFObjRef:24>, 'Group': {'CS': /DeviceRGB, 'S': /Transparency}, 'Parent': <PDFObjRef:2>}
DEBUG:root:do_keyword: pos=63744, token=stream, stack=[(63704, {'Filter': /FlateDecode, 'Length': 5130})]
DEBUG:root:do_keyword: pos=68892, token=endobj, stack=[(63751, <PDFStream(None): raw=5130, {'Filter': /FlateDecode, 'Length': 5130}>)]
DEBUG:root:nextobject: (63751, <PDFStream(None): raw=5130, {'Filter': /FlateDecode, 'Length': 5130}>)
DEBUG:pdfminer.pdfinterp:render_contents: resources={'Font': {'F1': <PDFObjRef:5>, 'F2': <PDFObjRef:8>, 'F3': <PDFObjRef:11>, 'F4': <PDFObjRef:14>, 'F5': <PDFObjRef:17>}, 'ProcSet': [/PDF, /Text, /ImageC], 'XObject': {'I1': <PDFObjRef:20>, 'I2': <PDFObjRef:22>}}, streams=[<PDFStream(24): raw=5130, {'Filter': /FlateDecode, 'Length': 5130}>], ctm=(1, 0, 0, 1, 0, 0)
DEBUG:root:do_keyword: pos=8994, token=R, stack=[(8903, /BaseFont), (8913, /URWPalladioL,Bold), (8932, /Encoding), (8942, /MacRomanEncoding), (8960, /FirstChar), (8971, 32), (8974, /FontDescriptor), (8990, 6), (8992, 0)]
DEBUG:root:do_keyword: pos=9923, token=endobj, stack=[(8900, {'BaseFont': /URWPalladioL,Bold, 'Encoding': /MacRomanEncoding, 'FirstChar': 32, 'FontDescriptor': <PDFObjRef:6>, 'LastChar': 255, 'Subtype': /TrueType, 'Type': /Font, 'Widths': [250, 278, 402, 500, 500, 889, 833, 227, 333, 333, 444, 606, 250, 333, 250, 296, 500, 500, 500, 500, 500, 500, 500, 500, 500, 500, 250, 250, 606, 606, 606, 444, 747, 778, 667, 722, 833, 611, 556, 833, 833, 389, 389, 778, 611, 1000, 833, 833, 611, 833, 722, 611, 667, 778, 778, 1000, 667, 667, 667, 333, 606, 333, 606, 500, 333, 500, 611, 444, 611, 500, 389, 556, 611, 333, 333, 611, 333, 889, 611, 556, 611, 611, 389, 444, 333, 611, 556, 833, 500, 556, 500, 310, 606, 310, 606, 0, 778, 778, 722, 611, 833, 833, 778, 500, 500, 500, 500, 500, 500, 444, 500, 500, 500, 500, 333, 333, 333, 333, 611, 556, 556, 556, 556, 556, 611, 611, 611, 611, 500, 400, 500, 500, 500, 606, 641, 611, 747, 747, 998, 333, 333, 0, 1000, 833, 0, 606, 0, 0, 500, 611, 0, 0, 0, 0, 0, 438, 488, 0, 778, 556, 444, 278, 606, 0, 500, 0, 0, 500, 500, 1000, 0, 778, 778, 833, 1000, 833, 500, 1000, 500, 500, 278, 278, 606, 0, 556, 667, 167, 500, 389, 389, 611, 611, 500, 250, 333, 500, 1000, 778, 611, 778, 611, 611, 389, 389, 389, 389, 833, 833, 0, 833, 778, 778, 778, 333, 606, 333, 333, 333, 333, 333, 333, 333, 333, 333]})]
DEBUG:root:nextobject: (8900, {'BaseFont': /URWPalladioL,Bold, 'Encoding': /MacRomanEncoding, 'FirstChar': 32, 'FontDescriptor': <PDFObjRef:6>, 'LastChar': 255, 'Subtype': /TrueType, 'Type': /Font, 'Widths': [250, 278, 402, 500, 500, 889, 833, 227, 333, 333, 444, 606, 250, 333, 250, 296, 500, 500, 500, 500, 500, 500, 500, 500, 500, 500, 250, 250, 606, 606, 606, 444, 747, 778, 667, 722, 833, 611, 556, 833, 833, 389, 389, 778, 611, 1000, 833, 833, 611, 833, 722, 611, 667, 778, 778, 1000, 667, 667, 667, 333, 606, 333, 606, 500, 333, 500, 611, 444, 611, 500, 389, 556, 611, 333, 333, 611, 333, 889, 611, 556, 611, 611, 389, 444, 333, 611, 556, 833, 500, 556, 500, 310, 606, 310, 606, 0, 778, 778, 722, 611, 833, 833, 778, 500, 500, 500, 500, 500, 500, 444, 500, 500, 500, 500, 333, 333, 333, 333, 611, 556, 556, 556, 556, 556, 611, 611, 611, 611, 500, 400, 500, 500, 500, 606, 641, 611, 747, 747, 998, 333, 333, 0, 1000, 833, 0, 606, 0, 0, 500, 611, 0, 0, 0, 0, 0, 438, 488, 0, 778, 556, 444, 278, 606, 0, 500, 0, 0, 500, 500, 1000, 0, 778, 778, 833, 1000, 833, 500, 1000, 500, 500, 278, 278, 606, 0, 556, 667, 167, 500, 389, 389, 611, 611, 500, 250, 333, 500, 1000, 778, 611, 778, 611, 611, 389, 389, 389, 389, 833, 833, 0, 833, 778, 778, 778, 333, 606, 333, 333, 333, 333, 333, 333, 333, 333, 333]})
DEBUG:root:do_keyword: pos=8805, token=R, stack=[(8710, /Ascent), (8718, 800), (8722, /CapHeight), (8733, 0), (8735, /Descent), (8744, -200), (8749, /Flags), (8756, 32), (8759, /FontBBox), (8769, [-152, -301, 1177, 995]), (8790, /FontFile2), (8801, 7), (8803, 0)]
DEBUG:root:do_keyword: pos=8885, token=endobj, stack=[(8707, {'Ascent': 800, 'CapHeight': 0, 'Descent': -200, 'Flags': 32, 'FontBBox': [-152, -301, 1177, 995], 'FontFile2': <PDFObjRef:7>, 'FontName': /URWPalladioL,Bold, 'ItalicAngle': 0, 'StemV': 0, 'Type': /FontDescriptor})]
DEBUG:root:nextobject: (8707, {'Ascent': 800, 'CapHeight': 0, 'Descent': -200, 'Flags': 32, 'FontBBox': [-152, -301, 1177, 995], 'FontFile2': <PDFObjRef:7>, 'FontName': /URWPalladioL,Bold, 'ItalicAngle': 0, 'StemV': 0, 'Type': /FontDescriptor})
DEBUG:root:do_keyword: pos=21596, token=R, stack=[(21510, /BaseFont), (21520, /URWPalladioL), (21534, /Encoding), (21544, /MacRomanEncoding), (21562, /FirstChar), (21573, 32), (21576, /FontDescriptor), (21592, 9), (21594, 0)]
DEBUG:root:do_keyword: pos=22522, token=endobj, stack=[(21507, {'BaseFont': /URWPalladioL, 'Encoding': /MacRomanEncoding, 'FirstChar': 32, 'FontDescriptor': <PDFObjRef:9>, 'LastChar': 255, 'Subtype': /TrueType, 'Type': /Font, 'Widths': [250, 278, 371, 500, 500, 840, 778, 208, 333, 333, 389, 606, 250, 333, 250, 606, 500, 500, 500, 500, 500, 500, 500, 500, 500, 500, 250, 250, 606, 606, 606, 444, 747, 778, 611, 709, 774, 611, 556, 763, 832, 337, 333, 726, 611, 946, 831, 786, 604, 786, 668, 525, 613, 778, 722, 1000, 667, 667, 667, 333, 606, 333, 606, 500, 333, 500, 553, 444, 611, 479, 333, 556, 582, 291, 234, 556, 291, 883, 582, 546, 601, 560, 395, 424, 326, 603, 565, 834, 516, 556, 500, 333, 606, 333, 606, 0, 778, 778, 709, 611, 831, 786, 778, 500, 500, 500, 500, 500, 500, 444, 479, 479, 479, 479, 287, 287, 287, 287, 582, 546, 546, 546, 546, 546, 603, 603, 603, 603, 500, 400, 500, 500, 500, 606, 628, 556, 747, 747, 979, 333, 333, 0, 944, 833, 0, 606, 0, 0, 500, 603, 0, 0, 0, 0, 0, 333, 333, 0, 758, 556, 444, 278, 606, 0, 500, 0, 0, 500, 500, 1000, 0, 778, 778, 786, 998, 827, 500, 1000, 500, 500, 278, 278, 606, 0, 556, 667, 167, 500, 331, 331, 605, 608, 500, 250, 278, 500, 1144, 778, 611, 778, 611, 611, 337, 337, 337, 337, 786, 786, 0, 786, 778, 778, 778, 287, 606, 333, 333, 333, 250, 333, 333, 380, 313, 333]})]
DEBUG:root:nextobject: (21507, {'BaseFont': /URWPalladioL, 'Encoding': /MacRomanEncoding, 'FirstChar': 32, 'FontDescriptor': <PDFObjRef:9>, 'LastChar': 255, 'Subtype': /TrueType, 'Type': /Font, 'Widths': [250, 278, 371, 500, 500, 840, 778, 208, 333, 333, 389, 606, 250, 333, 250, 606, 500, 500, 500, 500, 500, 500, 500, 500, 500, 500, 250, 250, 606, 606, 606, 444, 747, 778, 611, 709, 774, 611, 556, 763, 832, 337, 333, 726, 611, 946, 831, 786, 604, 786, 668, 525, 613, 778, 722, 1000, 667, 667, 667, 333, 606, 333, 606, 500, 333, 500, 553, 444, 611, 479, 333, 556, 582, 291, 234, 556, 291, 883, 582, 546, 601, 560, 395, 424, 326, 603, 565, 834, 516, 556, 500, 333, 606, 333, 606, 0, 778, 778, 709, 611, 831, 786, 778, 500, 500, 500, 500, 500, 500, 444, 479, 479, 479, 479, 287, 287, 287, 287, 582, 546, 546, 546, 546, 546, 603, 603, 603, 603, 500, 400, 500, 500, 500, 606, 628, 556, 747, 747, 979, 333, 333, 0, 944, 833, 0, 606, 0, 0, 500, 603, 0, 0, 0, 0, 0, 333, 333, 0, 758, 556, 444, 278, 606, 0, 500, 0, 0, 500, 500, 1000, 0, 778, 778, 786, 998, 827, 500, 1000, 500, 500, 278, 278, 606, 0, 556, 667, 167, 500, 331, 331, 605, 608, 500, 250, 278, 500, 1144, 778, 611, 778, 611, 611, 337, 337, 337, 337, 786, 786, 0, 786, 778, 778, 778, 287, 606, 333, 333, 333, 250, 333, 333, 380, 313, 333]})
DEBUG:root:do_keyword: pos=21417, token=R, stack=[(21321, /Ascent), (21329, 800), (21333, /CapHeight), (21344, 0), (21346, /Descent), (21355, -200), (21360, /Flags), (21367, 32), (21370, /FontBBox), (21380, [-166, -283, 1079, 993]), (21401, /FontFile2), (21412, 10), (21415, 0)]
DEBUG:root:do_keyword: pos=21492, token=endobj, stack=[(21318, {'Ascent': 800, 'CapHeight': 0, 'Descent': -200, 'Flags': 32, 'FontBBox': [-166, -283, 1079, 993], 'FontFile2': <PDFObjRef:10>, 'FontName': /URWPalladioL, 'ItalicAngle': 0, 'StemV': 0, 'Type': /FontDescriptor})]
DEBUG:root:nextobject: (21318, {'Ascent': 800, 'CapHeight': 0, 'Descent': -200, 'Flags': 32, 'FontBBox': [-166, -283, 1079, 993], 'FontFile2': <PDFObjRef:10>, 'FontName': /URWPalladioL, 'ItalicAngle': 0, 'StemV': 0, 'Type': /FontDescriptor})
DEBUG:root:do_keyword: pos=28839, token=R, stack=[(28746, /BaseFont), (28756, /DejaVuSerif,Italic), (28776, /Encoding), (28786, /MacRomanEncoding), (28804, /FirstChar), (28815, 32), (28818, /FontDescriptor), (28834, 12), (28837, 0)]
DEBUG:root:do_keyword: pos=29772, token=endobj, stack=[(28743, {'BaseFont': /DejaVuSerif,Italic, 'Encoding': /MacRomanEncoding, 'FirstChar': 32, 'FontDescriptor': <PDFObjRef:12>, 'LastChar': 255, 'Subtype': /TrueType, 'Type': /Font, 'Widths': [317, 401, 459, 837, 636, 950, 890, 274, 390, 390, 500, 837, 317, 337, 317, 336, 636, 636, 636, 636, 636, 636, 636, 636, 636, 636, 336, 336, 837, 837, 837, 536, 1000, 722, 734, 765, 801, 729, 693, 798, 872, 395, 400, 747, 664, 1023, 875, 819, 672, 819, 752, 685, 666, 842, 722, 1027, 711, 660, 694, 390, 336, 390, 837, 500, 500, 596, 640, 560, 640, 591, 370, 640, 644, 319, 310, 605, 319, 948, 644, 602, 640, 640, 478, 513, 401, 644, 564, 855, 563, 564, 526, 636, 336, 636, 837, 0, 722, 722, 765, 729, 875, 819, 842, 596, 596, 596, 596, 596, 596, 560, 591, 591, 591, 591, 319, 319, 319, 319, 644, 602, 602, 602, 602, 602, 644, 644, 644, 644, 500, 500, 636, 636, 500, 589, 636, 667, 1000, 1000, 1000, 500, 500, 0, 1000, 819, 0, 837, 0, 0, 636, 649, 0, 0, 0, 0, 0, 475, 470, 0, 939, 602, 536, 401, 837, 0, 370, 0, 0, 611, 611, 1000, 317, 722, 722, 819, 1137, 988, 500, 1000, 511, 511, 317, 317, 837, 0, 564, 660, 0, 636, 399, 399, 666, 666, 500, 317, 317, 518, 1341, 722, 729, 722, 729, 729, 395, 395, 395, 395, 819, 819, 0, 819, 842, 842, 842, 319, 837, 500, 500, 500, 500, 500, 500, 500, 500, 500]})]
DEBUG:root:nextobject: (28743, {'BaseFont': /DejaVuSerif,Italic, 'Encoding': /MacRomanEncoding, 'FirstChar': 32, 'FontDescriptor': <PDFObjRef:12>, 'LastChar': 255, 'Subtype': /TrueType, 'Type': /Font, 'Widths': [317, 401, 459, 837, 636, 950, 890, 274, 390, 390, 500, 837, 317, 337, 317, 336, 636, 636, 636, 636, 636, 636, 636, 636, 636, 636, 336, 336, 837, 837, 837, 536, 1000, 722, 734, 765, 801, 729, 693, 798, 872, 395, 400, 747, 664, 1023, 875, 819, 672, 819, 752, 685, 666, 842, 722, 1027, 711, 660, 694, 390, 336, 390, 837, 500, 500, 596, 640, 560, 640, 591, 370, 640, 644, 319, 310, 605, 319, 948, 644, 602, 640, 640, 478, 513, 401, 644, 564, 855, 563, 564, 526, 636, 336, 636, 837, 0, 722, 722, 765, 729, 875, 819, 842, 596, 596, 596, 596, 596, 596, 560, 591, 591, 591, 591, 319, 319, 319, 319, 644, 602, 602, 602, 602, 602, 644, 644, 644, 644, 500, 500, 636, 636, 500, 589, 636, 667, 1000, 1000, 1000, 500, 500, 0, 1000, 819, 0, 837, 0, 0, 636, 649, 0, 0, 0, 0, 0, 475, 470, 0, 939, 602, 536, 401, 837, 0, 370, 0, 0, 611, 611, 1000, 317, 722, 722, 819, 1137, 988, 500, 1000, 511, 511, 317, 317, 837, 0, 564, 660, 0, 636, 399, 399, 666, 666, 500, 317, 317, 518, 1341, 722, 729, 722, 729, 729, 395, 395, 395, 395, 819, 819, 0, 819, 842, 842, 842, 319, 837, 500, 500, 500, 500, 500, 500, 500, 500, 500]})
DEBUG:root:do_keyword: pos=28644, token=R, stack=[(28547, /Ascent), (28555, 928), (28559, /CapHeight), (28570, 0), (28572, /Descent), (28581, -235), (28586, /Flags), (28593, 96), (28596, /FontBBox), (28606, [-839, -346, 1650, 1227]), (28628, /FontFile2), (28639, 13), (28642, 0)]
DEBUG:root:do_keyword: pos=28727, token=endobj, stack=[(28544, {'Ascent': 928, 'CapHeight': 0, 'Descent': -235, 'Flags': 96, 'FontBBox': [-839, -346, 1650, 1227], 'FontFile2': <PDFObjRef:13>, 'FontName': /DejaVuSerif,Italic, 'ItalicAngle': -11, 'StemV': 0, 'Type': /FontDescriptor})]
DEBUG:root:nextobject: (28544, {'Ascent': 928, 'CapHeight': 0, 'Descent': -235, 'Flags': 96, 'FontBBox': [-839, -346, 1650, 1227], 'FontFile2': <PDFObjRef:13>, 'FontName': /DejaVuSerif,Italic, 'ItalicAngle': -11, 'StemV': 0, 'Type': /FontDescriptor})
DEBUG:root:do_keyword: pos=37750, token=R, stack=[(37656, /BaseFont), (37666, /URWPalladioL,Italic), (37687, /Encoding), (37697, /MacRomanEncoding), (37715, /FirstChar), (37726, 32), (37729, /FontDescriptor), (37745, 15), (37748, 0)]
DEBUG:root:do_keyword: pos=38677, token=endobj, stack=[(37653, {'BaseFont': /URWPalladioL,Italic, 'Encoding': /MacRomanEncoding, 'FirstChar': 32, 'FontDescriptor': <PDFObjRef:15>, 'LastChar': 255, 'Subtype': /TrueType, 'Type': /Font, 'Widths': [250, 333, 500, 500, 500, 889, 778, 333, 333, 333, 389, 606, 250, 333, 250, 296, 500, 500, 500, 500, 500, 500, 500, 500, 500, 500, 250, 250, 606, 606, 606, 500, 747, 722, 611, 667, 778, 611, 556, 722, 778, 333, 333, 667, 556, 944, 778, 778, 611, 778, 667, 556, 611, 778, 722, 944, 722, 667, 667, 333, 606, 333, 606, 500, 333, 444, 463, 407, 500, 389, 278, 500, 500, 278, 278, 444, 278, 778, 556, 444, 500, 463, 389, 389, 333, 556, 500, 722, 500, 500, 444, 333, 606, 333, 606, 0, 722, 722, 667, 611, 778, 778, 778, 444, 444, 444, 444, 444, 444, 407, 389, 389, 389, 389, 278, 278, 278, 278, 556, 444, 444, 444, 444, 444, 556, 556, 556, 556, 500, 400, 500, 500, 500, 500, 500, 500, 747, 747, 1000, 333, 333, 0, 941, 778, 0, 606, 0, 0, 500, 556, 0, 0, 0, 0, 0, 333, 333, 0, 638, 444, 500, 333, 606, 0, 500, 0, 0, 500, 500, 1000, 0, 722, 722, 778, 1028, 669, 500, 1000, 500, 500, 278, 278, 606, 0, 500, 667, 167, 500, 333, 333, 528, 545, 500, 250, 278, 500, 1000, 722, 611, 722, 611, 611, 333, 333, 333, 333, 778, 778, 0, 778, 778, 778, 778, 278, 606, 333, 333, 333, 333, 333, 333, 333, 333, 333]})]
DEBUG:root:nextobject: (37653, {'BaseFont': /URWPalladioL,Italic, 'Encoding': /MacRomanEncoding, 'FirstChar': 32, 'FontDescriptor': <PDFObjRef:15>, 'LastChar': 255, 'Subtype': /TrueType, 'Type': /Font, 'Widths': [250, 333, 500, 500, 500, 889, 778, 333, 333, 333, 389, 606, 250, 333, 250, 296, 500, 500, 500, 500, 500, 500, 500, 500, 500, 500, 250, 250, 606, 606, 606, 500, 747, 722, 611, 667, 778, 611, 556, 722, 778, 333, 333, 667, 556, 944, 778, 778, 611, 778, 667, 556, 611, 778, 722, 944, 722, 667, 667, 333, 606, 333, 606, 500, 333, 444, 463, 407, 500, 389, 278, 500, 500, 278, 278, 444, 278, 778, 556, 444, 500, 463, 389, 389, 333, 556, 500, 722, 500, 500, 444, 333, 606, 333, 606, 0, 722, 722, 667, 611, 778, 778, 778, 444, 444, 444, 444, 444, 444, 407, 389, 389, 389, 389, 278, 278, 278, 278, 556, 444, 444, 444, 444, 444, 556, 556, 556, 556, 500, 400, 500, 500, 500, 500, 500, 500, 747, 747, 1000, 333, 333, 0, 941, 778, 0, 606, 0, 0, 500, 556, 0, 0, 0, 0, 0, 333, 333, 0, 638, 444, 500, 333, 606, 0, 500, 0, 0, 500, 500, 1000, 0, 722, 722, 778, 1028, 669, 500, 1000, 500, 500, 278, 278, 606, 0, 500, 667, 167, 500, 333, 333, 528, 545, 500, 250, 278, 500, 1000, 722, 611, 722, 611, 611, 333, 333, 333, 333, 778, 778, 0, 778, 778, 778, 778, 278, 606, 333, 333, 333, 333, 333, 333, 333, 333, 333]})
DEBUG:root:do_keyword: pos=37553, token=R, stack=[(37456, /Ascent), (37464, 800), (37468, /CapHeight), (37479, 0), (37481, /Descent), (37490, -200), (37495, /Flags), (37502, 96), (37505, /FontBBox), (37515, [-170, -305, 1072, 1005]), (37537, /FontFile2), (37548, 16), (37551, 0)]
DEBUG:root:do_keyword: pos=37637, token=endobj, stack=[(37453, {'Ascent': 800, 'CapHeight': 0, 'Descent': -200, 'Flags': 96, 'FontBBox': [-170, -305, 1072, 1005], 'FontFile2': <PDFObjRef:16>, 'FontName': /URWPalladioL,Italic, 'ItalicAngle': -10, 'StemV': 0, 'Type': /FontDescriptor})]
DEBUG:root:nextobject: (37453, {'Ascent': 800, 'CapHeight': 0, 'Descent': -200, 'Flags': 96, 'FontBBox': [-170, -305, 1072, 1005], 'FontFile2': <PDFObjRef:16>, 'FontName': /URWPalladioL,Italic, 'ItalicAngle': -10, 'StemV': 0, 'Type': /FontDescriptor})
DEBUG:root:do_keyword: pos=51903, token=R, stack=[(51815, /BaseFont), (51825, /TimesNewRoman), (51840, /Encoding), (51850, /MacRomanEncoding), (51868, /FirstChar), (51879, 32), (51882, /FontDescriptor), (51898, 18), (51901, 0)]
DEBUG:root:do_keyword: pos=52830, token=endobj, stack=[(51812, {'BaseFont': /TimesNewRoman, 'Encoding': /MacRomanEncoding, 'FirstChar': 32, 'FontDescriptor': <PDFObjRef:18>, 'LastChar': 255, 'Subtype': /TrueType, 'Type': /Font, 'Widths': [250, 333, 408, 500, 500, 833, 777, 180, 333, 333, 500, 563, 250, 333, 250, 277, 500, 500, 500, 500, 500, 500, 500, 500, 500, 500, 277, 277, 563, 563, 563, 443, 920, 722, 666, 666, 722, 610, 556, 722, 722, 333, 389, 722, 610, 889, 722, 722, 556, 722, 666, 556, 610, 722, 722, 943, 722, 722, 610, 333, 277, 333, 469, 500, 333, 443, 500, 443, 500, 443, 333, 500, 500, 277, 277, 500, 277, 777, 500, 500, 500, 500, 333, 389, 277, 500, 500, 722, 500, 500, 443, 479, 200, 479, 541, 0, 722, 722, 666, 610, 722, 722, 722, 443, 443, 443, 443, 443, 443, 443, 443, 443, 443, 443, 277, 277, 277, 277, 500, 500, 500, 500, 500, 500, 500, 500, 500, 500, 500, 399, 500, 500, 500, 350, 453, 500, 759, 759, 979, 333, 333, 0, 889, 722, 0, 548, 0, 0, 500, 576, 0, 0, 0, 0, 0, 275, 310, 0, 666, 500, 443, 333, 563, 0, 500, 0, 0, 500, 500, 1000, 250, 722, 722, 722, 889, 722, 500, 1000, 443, 443, 333, 333, 548, 0, 500, 722, 166, 500, 333, 333, 556, 556, 500, 333, 333, 443, 1000, 722, 610, 722, 610, 610, 333, 333, 333, 333, 722, 722, 0, 722, 722, 722, 722, 277, 469, 333, 500, 333, 333, 333, 333, 333, 333, 333]})]
DEBUG:root:nextobject: (51812, {'BaseFont': /TimesNewRoman, 'Encoding': /MacRomanEncoding, 'FirstChar': 32, 'FontDescriptor': <PDFObjRef:18>, 'LastChar': 255, 'Subtype': /TrueType, 'Type': /Font, 'Widths': [250, 333, 408, 500, 500, 833, 777, 180, 333, 333, 500, 563, 250, 333, 250, 277, 500, 500, 500, 500, 500, 500, 500, 500, 500, 500, 277, 277, 563, 563, 563, 443, 920, 722, 666, 666, 722, 610, 556, 722, 722, 333, 389, 722, 610, 889, 722, 722, 556, 722, 666, 556, 610, 722, 722, 943, 722, 722, 610, 333, 277, 333, 469, 500, 333, 443, 500, 443, 500, 443, 333, 500, 500, 277, 277, 500, 277, 777, 500, 500, 500, 500, 333, 389, 277, 500, 500, 722, 500, 500, 443, 479, 200, 479, 541, 0, 722, 722, 666, 610, 722, 722, 722, 443, 443, 443, 443, 443, 443, 443, 443, 443, 443, 443, 277, 277, 277, 277, 500, 500, 500, 500, 500, 500, 500, 500, 500, 500, 500, 399, 500, 500, 500, 350, 453, 500, 759, 759, 979, 333, 333, 0, 889, 722, 0, 548, 0, 0, 500, 576, 0, 0, 0, 0, 0, 275, 310, 0, 666, 500, 443, 333, 563, 0, 500, 0, 0, 500, 500, 1000, 250, 722, 722, 722, 889, 722, 500, 1000, 443, 443, 333, 333, 548, 0, 500, 722, 166, 500, 333, 333, 556, 556, 500, 333, 333, 443, 1000, 722, 610, 722, 610, 610, 333, 333, 333, 333, 722, 722, 0, 722, 722, 722, 722, 277, 469, 333, 500, 333, 333, 333, 333, 333, 333, 333]})
DEBUG:root:do_keyword: pos=51720, token=R, stack=[(51623, /Ascent), (51631, 891), (51635, /CapHeight), (51646, 0), (51648, /Descent), (51657, -216), (51662, /Flags), (51669, 32), (51672, /FontBBox), (51682, [-568, -306, 2000, 1006]), (51704, /FontFile2), (51715, 19), (51718, 0)]
DEBUG:root:do_keyword: pos=51796, token=endobj, stack=[(51620, {'Ascent': 891, 'CapHeight': 0, 'Descent': -216, 'Flags': 32, 'FontBBox': [-568, -306, 2000, 1006], 'FontFile2': <PDFObjRef:19>, 'FontName': /TimesNewRoman, 'ItalicAngle': 0, 'StemV': 0, 'Type': /FontDescriptor})]
DEBUG:root:nextobject: (51620, {'Ascent': 891, 'CapHeight': 0, 'Descent': -216, 'Flags': 32, 'FontBBox': [-568, -306, 2000, 1006], 'FontFile2': <PDFObjRef:19>, 'FontName': /TimesNewRoman, 'ItalicAngle': 0, 'StemV': 0, 'Type': /FontDescriptor})
DEBUG:root:do_keyword: pos=0, token=BT, stack=[]
DEBUG:root:nextobject: (0, BT)
DEBUG:root:nextobject: (3, 70.8661)
DEBUG:root:nextobject: (11, 758.4236)
DEBUG:root:do_keyword: pos=20, token=Td, stack=[]
DEBUG:root:nextobject: (20, Td)
DEBUG:root:nextobject: (23, /F2)
DEBUG:root:nextobject: (27, 14.0)
DEBUG:root:do_keyword: pos=35, token=Tf, stack=[]
DEBUG:root:nextobject: (35, Tf)
DEBUG:root:nextobject: (38, 'off.')
DEBUG:root:do_keyword: pos=45, token=Tj, stack=[]
DEBUG:root:nextobject: (45, Tj)
DEBUG:root:do_keyword: pos=48, token=ET, stack=[]
DEBUG:root:nextobject: (48, ET)
DEBUG:root:do_keyword: pos=51, token=BT, stack=[]
DEBUG:root:nextobject: (51, BT)
DEBUG:root:nextobject: (54, 96.6778)
DEBUG:root:nextobject: (62, 758.4236)
DEBUG:root:do_keyword: pos=71, token=Td, stack=[]
DEBUG:root:nextobject: (71, Td)
DEBUG:root:nextobject: (74, 'What')
DEBUG:root:do_keyword: pos=81, token=Tj, stack=[]
DEBUG:root:nextobject: (81, Tj)
DEBUG:root:do_keyword: pos=84, token=ET, stack=[]
DEBUG:root:nextobject: (84, ET)
DEBUG:root:do_keyword: pos=87, token=BT, stack=[]
DEBUG:root:nextobject: (87, BT)
DEBUG:root:nextobject: (90, 135.7334)
DEBUG:root:nextobject: (99, 758.4236)
DEBUG:root:do_keyword: pos=108, token=Td, stack=[]
DEBUG:root:nextobject: (108, Td)
DEBUG:root:nextobject: (111, 'you')
DEBUG:root:do_keyword: pos=117, token=Tj, stack=[]
DEBUG:root:nextobject: (117, Tj)
DEBUG:root:do_keyword: pos=120, token=ET, stack=[]
DEBUG:root:nextobject: (120, ET)
DEBUG:root:do_keyword: pos=123, token=BT, stack=[]
DEBUG:root:nextobject: (123, BT)
DEBUG:root:nextobject: (126, 164.9471)
DEBUG:root:nextobject: (135, 758.4236)
DEBUG:root:do_keyword: pos=144, token=Td, stack=[]
DEBUG:root:nextobject: (144, Td)
DEBUG:root:nextobject: (147, 'mought')
DEBUG:root:do_keyword: pos=156, token=Tj, stack=[]
DEBUG:root:nextobject: (156, Tj)
DEBUG:root:do_keyword: pos=159, token=ET, stack=[]
DEBUG:root:nextobject: (159, ET)
DEBUG:root:do_keyword: pos=162, token=BT, stack=[]
DEBUG:root:nextobject: (162, BT)
DEBUG:root:nextobject: (165, 219.2347)
DEBUG:root:nextobject: (174, 758.4236)
DEBUG:root:do_keyword: pos=183, token=Td, stack=[]
DEBUG:root:nextobject: (183, Td)
DEBUG:root:nextobject: (186, 'call')
DEBUG:root:do_keyword: pos=193, token=Tj, stack=[]
DEBUG:root:nextobject: (193, Tj)
DEBUG:root:do_keyword: pos=196, token=ET, stack=[]
DEBUG:root:nextobject: (196, ET)
DEBUG:root:do_keyword: pos=199, token=BT, stack=[]
DEBUG:root:nextobject: (199, BT)
DEBUG:root:nextobject: (202, 245.9423)
DEBUG:root:nextobject: (211, 758.4236)
DEBUG:root:do_keyword: pos=220, token=Td, stack=[]
DEBUG:root:nextobject: (220, Td)
DEBUG:root:nextobject: (223, 'me?')
DEBUG:root:do_keyword: pos=229, token=Tj, stack=[]
DEBUG:root:nextobject: (229, Tj)
DEBUG:root:do_keyword: pos=232, token=ET, stack=[]
DEBUG:root:nextobject: (232, ET)
DEBUG:root:do_keyword: pos=235, token=BT, stack=[]
DEBUG:root:nextobject: (235, BT)
DEBUG:root:nextobject: (238, 276.57)
DEBUG:root:nextobject: (247, 758.4236)
DEBUG:root:do_keyword: pos=256, token=Td, stack=[]
DEBUG:root:nextobject: (256, Td)
DEBUG:root:nextobject: (259, 'You')
DEBUG:root:do_keyword: pos=265, token=Tj, stack=[]
DEBUG:root:nextobject: (265, Tj)
DEBUG:root:do_keyword: pos=268, token=ET, stack=[]
DEBUG:root:nextobject: (268, ET)
DEBUG:root:do_keyword: pos=271, token=BT, stack=[]
DEBUG:root:nextobject: (271, BT)
DEBUG:root:nextobject: (274, 307.3376)
DEBUG:root:nextobject: (283, 758.4236)
DEBUG:root:do_keyword: pos=292, token=Td, stack=[]
DEBUG:root:nextobject: (292, Td)
DEBUG:root:nextobject: (295, 'mought')
DEBUG:root:do_keyword: pos=304, token=Tj, stack=[]
DEBUG:root:nextobject: (304, Tj)
DEBUG:root:do_keyword: pos=307, token=ET, stack=[]
DEBUG:root:nextobject: (307, ET)
DEBUG:root:do_keyword: pos=310, token=BT, stack=[]
DEBUG:root:nextobject: (310, BT)
DEBUG:root:nextobject: (313, 361.6253)
DEBUG:root:nextobject: (322, 758.4236)
DEBUG:root:do_keyword: pos=331, token=Td, stack=[]
DEBUG:root:nextobject: (331, Td)
DEBUG:root:nextobject: (334, 'call')
DEBUG:root:do_keyword: pos=341, token=Tj, stack=[]
DEBUG:root:nextobject: (341, Tj)
DEBUG:root:do_keyword: pos=344, token=ET, stack=[]
DEBUG:root:nextobject: (344, ET)
DEBUG:root:do_keyword: pos=347, token=BT, stack=[]
DEBUG:root:nextobject: (347, BT)
DEBUG:root:nextobject: (350, 388.3329)
DEBUG:root:nextobject: (359, 758.4236)
DEBUG:root:do_keyword: pos=368, token=Td, stack=[]
DEBUG:root:nextobject: (368, Td)
DEBUG:root:nextobject: (371, 'me')
DEBUG:root:do_keyword: pos=376, token=Tj, stack=[]
DEBUG:root:nextobject: (376, Tj)
DEBUG:root:do_keyword: pos=379, token=ET, stack=[]
DEBUG:root:nextobject: (379, ET)
DEBUG:root:do_keyword: pos=382, token=BT, stack=[]
DEBUG:root:nextobject: (382, BT)
DEBUG:root:nextobject: (385, 412.7445)
DEBUG:root:nextobject: (394, 758.4236)
DEBUG:root:do_keyword: pos=403, token=Td, stack=[]
DEBUG:root:nextobject: (403, Td)
DEBUG:root:nextobject: (406, 'captain.')
DEBUG:root:do_keyword: pos=417, token=Tj, stack=[]
DEBUG:root:nextobject: (417, Tj)
DEBUG:root:do_keyword: pos=420, token=ET, stack=[]
DEBUG:root:nextobject: (420, ET)
DEBUG:root:do_keyword: pos=423, token=BT, stack=[]
DEBUG:root:nextobject: (423, BT)
DEBUG:root:nextobject: (426, 467.0042)
DEBUG:root:nextobject: (435, 758.4236)
DEBUG:root:do_keyword: pos=444, token=Td, stack=[]
DEBUG:root:nextobject: (444, Td)
DEBUG:root:nextobject: (447, 'Oh,')
DEBUG:root:do_keyword: pos=453, token=Tj, stack=[]
DEBUG:root:nextobject: (453, Tj)
DEBUG:root:do_keyword: pos=456, token=ET, stack=[]
DEBUG:root:nextobject: (456, ET)
DEBUG:root:do_keyword: pos=459, token=BT, stack=[]
DEBUG:root:nextobject: (459, BT)
DEBUG:root:nextobject: (462, 494.9998)
DEBUG:root:nextobject: (471, 758.4236)
DEBUG:root:do_keyword: pos=480, token=Td, stack=[]
DEBUG:root:nextobject: (480, Td)
DEBUG:root:nextobject: (483, 'I')
DEBUG:root:do_keyword: pos=487, token=Tj, stack=[]
DEBUG:root:nextobject: (487, Tj)
DEBUG:root:do_keyword: pos=490, token=ET, stack=[]
DEBUG:root:nextobject: (490, ET)
DEBUG:root:do_keyword: pos=493, token=BT, stack=[]
DEBUG:root:nextobject: (493, BT)
DEBUG:root:nextobject: (496, 505.0614)
DEBUG:root:nextobject: (505, 758.4236)
DEBUG:root:do_keyword: pos=514, token=Td, stack=[]
DEBUG:root:nextobject: (514, Td)
DEBUG:root:nextobject: (517, 'see')
DEBUG:root:do_keyword: pos=523, token=Tj, stack=[]
DEBUG:root:nextobject: (523, Tj)
DEBUG:root:do_keyword: pos=526, token=ET, stack=[]
DEBUG:root:nextobject: (526, ET)
DEBUG:root:do_keyword: pos=529, token=BT, stack=[]
DEBUG:root:nextobject: (529, BT)
DEBUG:root:nextobject: (532, 70.8661)
DEBUG:root:nextobject: (540, 741.6236)
DEBUG:root:do_keyword: pos=549, token=Td, stack=[]
DEBUG:root:nextobject: (549, Td)
DEBUG:root:nextobject: (552, 'what')
DEBUG:root:do_keyword: pos=559, token=Tj, stack=[]
DEBUG:root:nextobject: (559, Tj)
DEBUG:root:do_keyword: pos=562, token=ET, stack=[]
DEBUG:root:nextobject: (562, ET)
DEBUG:root:do_keyword: pos=565, token=BT, stack=[]
DEBUG:root:nextobject: (565, BT)
DEBUG:root:nextobject: (568, 106.6723)
DEBUG:root:nextobject: (577, 741.6236)
DEBUG:root:do_keyword: pos=586, token=Td, stack=[]
DEBUG:root:nextobject: (586, Td)
DEBUG:root:nextobject: (589, "you're")
DEBUG:root:do_keyword: pos=598, token=Tj, stack=[]
DEBUG:root:nextobject: (598, Tj)
DEBUG:root:do_keyword: pos=601, token=ET, stack=[]
DEBUG:root:nextobject: (601, ET)
DEBUG:root:do_keyword: pos=604, token=BT, stack=[]
DEBUG:root:nextobject: (604, BT)
DEBUG:root:nextobject: (607, 150.1084)
DEBUG:root:nextobject: (616, 741.6236)
DEBUG:root:do_keyword: pos=625, token=Td, stack=[]
DEBUG:root:nextobject: (625, Td)
DEBUG:root:nextobject: (628, b'at\xd1there";')
DEBUG:root:do_keyword: pos=641, token=Tj, stack=[]
DEBUG:root:nextobject: (641, Tj)
DEBUG:root:do_keyword: pos=644, token=ET, stack=[]
DEBUG:root:nextobject: (644, ET)
DEBUG:root:do_keyword: pos=647, token=BT, stack=[]
DEBUG:root:nextobject: (647, BT)
DEBUG:root:nextobject: (650, 220.4385)
DEBUG:root:nextobject: (659, 741.6236)
DEBUG:root:do_keyword: pos=668, token=Td, stack=[]
DEBUG:root:nextobject: (668, Td)
DEBUG:root:nextobject: (671, 'and')
DEBUG:root:do_keyword: pos=677, token=Tj, stack=[]
DEBUG:root:nextobject: (677, Tj)
DEBUG:root:do_keyword: pos=680, token=ET, stack=[]
DEBUG:root:nextobject: (680, ET)
DEBUG:root:do_keyword: pos=683, token=BT, stack=[]
DEBUG:root:nextobject: (683, BT)
DEBUG:root:nextobject: (686, 248.5586)
DEBUG:root:nextobject: (695, 741.6236)
DEBUG:root:do_keyword: pos=704, token=Td, stack=[]
DEBUG:root:nextobject: (704, Td)
DEBUG:root:nextobject: (707, 'he')
DEBUG:root:do_keyword: pos=712, token=Tj, stack=[]
DEBUG:root:nextobject: (712, Tj)
DEBUG:root:do_keyword: pos=715, token=ET, stack=[]
DEBUG:root:nextobject: (715, ET)
DEBUG:root:do_keyword: pos=718, token=BT, stack=[]
DEBUG:root:nextobject: (718, BT)
DEBUG:root:nextobject: (721, 267.8307)
DEBUG:root:nextobject: (730, 741.6236)
DEBUG:root:do_keyword: pos=739, token=Td, stack=[]
DEBUG:root:nextobject: (739, Td)
DEBUG:root:nextobject: (742, 'threw')
DEBUG:root:do_keyword: pos=750, token=Tj, stack=[]
DEBUG:root:nextobject: (750, Tj)
DEBUG:root:do_keyword: pos=753, token=ET, stack=[]
DEBUG:root:nextobject: (753, ET)
DEBUG:root:do_keyword: pos=756, token=BT, stack=[]
DEBUG:root:nextobject: (756, BT)
DEBUG:root:nextobject: (759, 308.8728)
DEBUG:root:nextobject: (768, 741.6236)
DEBUG:root:do_keyword: pos=777, token=Td, stack=[]
DEBUG:root:nextobject: (777, Td)
DEBUG:root:nextobject: (780, 'down')
DEBUG:root:do_keyword: pos=787, token=Tj, stack=[]
DEBUG:root:nextobject: (787, Tj)
DEBUG:root:do_keyword: pos=790, token=ET, stack=[]
DEBUG:root:nextobject: (790, ET)
DEBUG:root:do_keyword: pos=793, token=BT, stack=[]
DEBUG:root:nextobject: (793, BT)
DEBUG:root:nextobject: (796, 349.3129)
DEBUG:root:nextobject: (805, 741.6236)
DEBUG:root:do_keyword: pos=814, token=Td, stack=[]
DEBUG:root:nextobject: (814, Td)
DEBUG:root:nextobject: (817, 'three')
DEBUG:root:do_keyword: pos=825, token=Tj, stack=[]
DEBUG:root:nextobject: (825, Tj)
DEBUG:root:do_keyword: pos=828, token=ET, stack=[]
DEBUG:root:nextobject: (828, ET)
DEBUG:root:do_keyword: pos=831, token=BT, stack=[]
DEBUG:root:nextobject: (831, BT)
DEBUG:root:nextobject: (834, 385.385)
DEBUG:root:nextobject: (843, 741.6236)
DEBUG:root:do_keyword: pos=852, token=Td, stack=[]
DEBUG:root:nextobject: (852, Td)
DEBUG:root:nextobject: (855, 'or')
DEBUG:root:do_keyword: pos=860, token=Tj, stack=[]
DEBUG:root:nextobject: (860, Tj)
DEBUG:root:do_keyword: pos=863, token=ET, stack=[]
DEBUG:root:nextobject: (863, ET)
DEBUG:root:do_keyword: pos=866, token=BT, stack=[]
DEBUG:root:nextobject: (866, BT)
DEBUG:root:nextobject: (869, 402.9771)
DEBUG:root:nextobject: (878, 741.6236)
DEBUG:root:do_keyword: pos=887, token=Td, stack=[]
DEBUG:root:nextobject: (887, Td)
DEBUG:root:nextobject: (890, 'four')
DEBUG:root:do_keyword: pos=897, token=Tj, stack=[]
DEBUG:root:nextobject: (897, Tj)
DEBUG:root:do_keyword: pos=900, token=ET, stack=[]
DEBUG:root:nextobject: (900, ET)
DEBUG:root:do_keyword: pos=903, token=BT, stack=[]
DEBUG:root:nextobject: (903, BT)
DEBUG:root:nextobject: (906, 433.6732)
DEBUG:root:nextobject: (915, 741.6236)
DEBUG:root:do_keyword: pos=924, token=Td, stack=[]
DEBUG:root:nextobject: (924, Td)
DEBUG:root:nextobject: (927, 'gold')
DEBUG:root:do_keyword: pos=934, token=Tj, stack=[]
DEBUG:root:nextobject: (934, Tj)
DEBUG:root:do_keyword: pos=937, token=ET, stack=[]
DEBUG:root:nextobject: (937, ET)
DEBUG:root:do_keyword: pos=940, token=BT, stack=[]
DEBUG:root:nextobject: (940, BT)
DEBUG:root:nextobject: (943, 466.1473)
DEBUG:root:nextobject: (952, 741.6236)
DEBUG:root:do_keyword: pos=961, token=Td, stack=[]
DEBUG:root:nextobject: (961, Td)
DEBUG:root:nextobject: (964, 'pieces')
DEBUG:root:do_keyword: pos=973, token=Tj, stack=[]
DEBUG:root:nextobject: (973, Tj)
DEBUG:root:do_keyword: pos=976, token=ET, stack=[]
DEBUG:root:nextobject: (976, ET)
DEBUG:root:do_keyword: pos=979, token=BT, stack=[]
DEBUG:root:nextobject: (979, BT)
DEBUG:root:nextobject: (982, 508.6174)
DEBUG:root:nextobject: (991, 741.6236)
DEBUG:root:do_keyword: pos=1000, token=Td, stack=[]
DEBUG:root:nextobject: (1000, Td)
DEBUG:root:nextobject: (1003, 'on')
DEBUG:root:do_keyword: pos=1008, token=Tj, stack=[]
DEBUG:root:nextobject: (1008, Tj)
DEBUG:root:do_keyword: pos=1011, token=ET, stack=[]
DEBUG:root:nextobject: (1011, ET)
DEBUG:root:do_keyword: pos=1014, token=BT, stack=[]
DEBUG:root:nextobject: (1014, BT)
DEBUG:root:nextobject: (1017, 70.8661)
DEBUG:root:nextobject: (1025, 724.8236)
DEBUG:root:do_keyword: pos=1034, token=Td, stack=[]
DEBUG:root:nextobject: (1034, Td)
DEBUG:root:nextobject: (1037, 'the')
DEBUG:root:do_keyword: pos=1043, token=Tj, stack=[]
DEBUG:root:nextobject: (1043, Tj)
DEBUG:root:do_keyword: pos=1046, token=ET, stack=[]
DEBUG:root:nextobject: (1046, ET)
DEBUG:root:do_keyword: pos=1049, token=BT, stack=[]
DEBUG:root:nextobject: (1049, BT)
DEBUG:root:nextobject: (1052, 94.2671)
DEBUG:root:nextobject: (1060, 724.8236)
DEBUG:root:do_keyword: pos=1069, token=Td, stack=[]
DEBUG:root:nextobject: (1069, Td)
DEBUG:root:nextobject: (1072, 'threshold.')
DEBUG:root:do_keyword: pos=1085, token=Tj, stack=[]
DEBUG:root:nextobject: (1085, Tj)
DEBUG:root:do_keyword: pos=1088, token=ET, stack=[]
DEBUG:root:nextobject: (1088, ET)
DEBUG:root:do_keyword: pos=1091, token=BT, stack=[]
DEBUG:root:nextobject: (1091, BT)
DEBUG:root:nextobject: (1094, 161.054)
DEBUG:root:nextobject: (1103, 724.8236)
DEBUG:root:do_keyword: pos=1112, token=Td, stack=[]
DEBUG:root:nextobject: (1112, Td)
DEBUG:root:nextobject: (1115, '"You')
DEBUG:root:do_keyword: pos=1122, token=Tj, stack=[]
DEBUG:root:nextobject: (1122, Tj)
DEBUG:root:do_keyword: pos=1125, token=ET, stack=[]
DEBUG:root:nextobject: (1125, ET)
DEBUG:root:do_keyword: pos=1128, token=BT, stack=[]
DEBUG:root:nextobject: (1128, BT)
DEBUG:root:nextobject: (1131, 195.655)
DEBUG:root:nextobject: (1140, 724.8236)
DEBUG:root:do_keyword: pos=1149, token=Td, stack=[]
DEBUG:root:nextobject: (1149, Td)
DEBUG:root:nextobject: (1152, 'can')
DEBUG:root:do_keyword: pos=1158, token=Tj, stack=[]
DEBUG:root:nextobject: (1158, Tj)
DEBUG:root:do_keyword: pos=1161, token=ET, stack=[]
DEBUG:root:nextobject: (1161, ET)
DEBUG:root:do_keyword: pos=1164, token=BT, stack=[]
DEBUG:root:nextobject: (1164, BT)
DEBUG:root:nextobject: (1167, 221.0019)
DEBUG:root:nextobject: (1176, 724.8236)
DEBUG:root:do_keyword: pos=1185, token=Td, stack=[]
DEBUG:root:nextobject: (1185, Td)
DEBUG:root:nextobject: (1188, 'tell')
DEBUG:root:do_keyword: pos=1195, token=Tj, stack=[]
DEBUG:root:nextobject: (1195, Tj)
DEBUG:root:do_keyword: pos=1198, token=ET, stack=[]
DEBUG:root:nextobject: (1198, ET)
DEBUG:root:do_keyword: pos=1201, token=BT, stack=[]
DEBUG:root:nextobject: (1201, BT)
DEBUG:root:nextobject: (1204, 244.4029)
DEBUG:root:nextobject: (1213, 724.8236)
DEBUG:root:do_keyword: pos=1222, token=Td, stack=[]
DEBUG:root:nextobject: (1222, Td)
DEBUG:root:nextobject: (1225, 'me')
DEBUG:root:do_keyword: pos=1230, token=Tj, stack=[]
DEBUG:root:nextobject: (1230, Tj)
DEBUG:root:do_keyword: pos=1233, token=ET, stack=[]
DEBUG:root:nextobject: (1233, ET)
DEBUG:root:do_keyword: pos=1236, token=BT, stack=[]
DEBUG:root:nextobject: (1236, BT)
DEBUG:root:nextobject: (1239, 267.4538)
DEBUG:root:nextobject: (1248, 724.8236)
DEBUG:root:do_keyword: pos=1257, token=Td, stack=[]
DEBUG:root:nextobject: (1257, Td)
DEBUG:root:nextobject: (1260, 'when')
DEBUG:root:do_keyword: pos=1267, token=Tj, stack=[]
DEBUG:root:nextobject: (1267, Tj)
DEBUG:root:do_keyword: pos=1270, token=ET, stack=[]
DEBUG:root:nextobject: (1270, ET)
DEBUG:root:do_keyword: pos=1273, token=BT, stack=[]
DEBUG:root:nextobject: (1273, BT)
DEBUG:root:nextobject: (1276, 306.1147)
DEBUG:root:nextobject: (1285, 724.8236)
DEBUG:root:do_keyword: pos=1294, token=Td, stack=[]
DEBUG:root:nextobject: (1294, Td)
DEBUG:root:nextobject: (1297, "I've")
DEBUG:root:do_keyword: pos=1304, token=Tj, stack=[]
DEBUG:root:nextobject: (1304, Tj)
DEBUG:root:do_keyword: pos=1307, token=ET, stack=[]
DEBUG:root:nextobject: (1307, ET)
DEBUG:root:do_keyword: pos=1310, token=BT, stack=[]
DEBUG:root:nextobject: (1310, BT)
DEBUG:root:nextobject: (1313, 332.3437)
DEBUG:root:nextobject: (1322, 724.8236)
DEBUG:root:do_keyword: pos=1331, token=Td, stack=[]
DEBUG:root:nextobject: (1331, Td)
DEBUG:root:nextobject: (1334, 'worked')
DEBUG:root:do_keyword: pos=1343, token=Tj, stack=[]
DEBUG:root:nextobject: (1343, Tj)
DEBUG:root:do_keyword: pos=1346, token=ET, stack=[]
DEBUG:root:nextobject: (1346, ET)
DEBUG:root:do_keyword: pos=1349, token=BT, stack=[]
DEBUG:root:nextobject: (1349, BT)
DEBUG:root:nextobject: (1352, 384.2206)
DEBUG:root:nextobject: (1361, 724.8236)
DEBUG:root:do_keyword: pos=1370, token=Td, stack=[]
DEBUG:root:nextobject: (1370, Td)
DEBUG:root:nextobject: (1373, 'through')
DEBUG:root:do_keyword: pos=1383, token=Tj, stack=[]
DEBUG:root:nextobject: (1383, Tj)
DEBUG:root:do_keyword: pos=1386, token=ET, stack=[]
DEBUG:root:nextobject: (1386, ET)
DEBUG:root:do_keyword: pos=1389, token=BT, stack=[]
DEBUG:root:nextobject: (1389, BT)
DEBUG:root:nextobject: (1392, 438.4636)
DEBUG:root:nextobject: (1401, 724.8236)
DEBUG:root:do_keyword: pos=1410, token=Td, stack=[]
DEBUG:root:nextobject: (1410, Td)
DEBUG:root:nextobject: (1413, 'that,"')
DEBUG:root:do_keyword: pos=1422, token=Tj, stack=[]
DEBUG:root:nextobject: (1422, Tj)
DEBUG:root:do_keyword: pos=1425, token=ET, stack=[]
DEBUG:root:nextobject: (1425, ET)
DEBUG:root:do_keyword: pos=1428, token=BT, stack=[]
DEBUG:root:nextobject: (1428, BT)
DEBUG:root:nextobject: (1431, 475.4165)
DEBUG:root:nextobject: (1440, 724.8236)
DEBUG:root:do_keyword: pos=1449, token=Td, stack=[]
DEBUG:root:nextobject: (1449, Td)
DEBUG:root:nextobject: (1452, 'says')
DEBUG:root:do_keyword: pos=1459, token=Tj, stack=[]
DEBUG:root:nextobject: (1459, Tj)
DEBUG:root:do_keyword: pos=1462, token=ET, stack=[]
DEBUG:root:nextobject: (1462, ET)
DEBUG:root:do_keyword: pos=1465, token=BT, stack=[]
DEBUG:root:nextobject: (1465, BT)
DEBUG:root:nextobject: (1468, 506.0554)
DEBUG:root:nextobject: (1477, 724.8236)
DEBUG:root:do_keyword: pos=1486, token=Td, stack=[]
DEBUG:root:nextobject: (1486, Td)
DEBUG:root:nextobject: (1489, 'he,')
DEBUG:root:do_keyword: pos=1495, token=Tj, stack=[]
DEBUG:root:nextobject: (1495, Tj)
DEBUG:root:do_keyword: pos=1498, token=ET, stack=[]
DEBUG:root:nextobject: (1498, ET)
DEBUG:root:do_keyword: pos=1501, token=BT, stack=[]
DEBUG:root:nextobject: (1501, BT)
DEBUG:root:nextobject: (1504, 70.8661)
DEBUG:root:nextobject: (1512, 708.0236)
DEBUG:root:do_keyword: pos=1521, token=Td, stack=[]
DEBUG:root:nextobject: (1521, Td)
DEBUG:root:nextobject: (1524, 'looking as fierce as a commander.')
DEBUG:root:do_keyword: pos=1560, token=Tj, stack=[]
DEBUG:root:nextobject: (1560, Tj)
DEBUG:root:do_keyword: pos=1563, token=ET, stack=[]
DEBUG:root:nextobject: (1563, ET)
DEBUG:root:do_keyword: pos=1566, token=BT, stack=[]
DEBUG:root:nextobject: (1566, BT)
DEBUG:root:nextobject: (1569, 84.8661)
DEBUG:root:nextobject: (1577, 691.2236)
DEBUG:root:do_keyword: pos=1586, token=Td, stack=[]
DEBUG:root:nextobject: (1586, Td)
DEBUG:root:nextobject: (1589, 'And')
DEBUG:root:do_keyword: pos=1595, token=Tj, stack=[]
DEBUG:root:nextobject: (1595, Tj)
DEBUG:root:do_keyword: pos=1598, token=ET, stack=[]
DEBUG:root:nextobject: (1598, ET)
DEBUG:root:do_keyword: pos=1601, token=BT, stack=[]
DEBUG:root:nextobject: (1601, BT)
DEBUG:root:nextobject: (1604, 117.0747)
DEBUG:root:nextobject: (1613, 691.2236)
DEBUG:root:do_keyword: pos=1622, token=Td, stack=[]
DEBUG:root:nextobject: (1622, Td)
DEBUG:root:nextobject: (1625, 'indeed')
DEBUG:root:do_keyword: pos=1634, token=Tj, stack=[]
DEBUG:root:nextobject: (1634, Tj)
DEBUG:root:do_keyword: pos=1637, token=ET, stack=[]
DEBUG:root:nextobject: (1637, ET)
DEBUG:root:do_keyword: pos=1640, token=BT, stack=[]
DEBUG:root:nextobject: (1640, BT)
DEBUG:root:nextobject: (1643, 164.4313)
DEBUG:root:nextobject: (1652, 691.2236)
DEBUG:root:do_keyword: pos=1661, token=Td, stack=[]
DEBUG:root:nextobject: (1661, Td)
DEBUG:root:nextobject: (1664, 'bad')
DEBUG:root:do_keyword: pos=1670, token=Tj, stack=[]
DEBUG:root:nextobject: (1670, Tj)
DEBUG:root:do_keyword: pos=1673, token=ET, stack=[]
DEBUG:root:nextobject: (1673, ET)
DEBUG:root:do_keyword: pos=1676, token=BT, stack=[]
DEBUG:root:nextobject: (1676, BT)
DEBUG:root:nextobject: (1679, 192.3418)
DEBUG:root:nextobject: (1688, 691.2236)
DEBUG:root:do_keyword: pos=1697, token=Td, stack=[]
DEBUG:root:nextobject: (1697, Td)
DEBUG:root:nextobject: (1700, 'as')
DEBUG:root:do_keyword: pos=1705, token=Tj, stack=[]
DEBUG:root:nextobject: (1705, Tj)
DEBUG:root:do_keyword: pos=1708, token=ET, stack=[]
DEBUG:root:nextobject: (1708, ET)
DEBUG:root:do_keyword: pos=1711, token=BT, stack=[]
DEBUG:root:nextobject: (1711, BT)
DEBUG:root:nextobject: (1714, 209.8924)
DEBUG:root:nextobject: (1723, 691.2236)
DEBUG:root:do_keyword: pos=1732, token=Td, stack=[]
DEBUG:root:nextobject: (1732, Td)
DEBUG:root:nextobject: (1735, 'his')
DEBUG:root:do_keyword: pos=1741, token=Tj, stack=[]
DEBUG:root:nextobject: (1741, Tj)
DEBUG:root:do_keyword: pos=1744, token=ET, stack=[]
DEBUG:root:nextobject: (1744, ET)
DEBUG:root:do_keyword: pos=1747, token=BT, stack=[]
DEBUG:root:nextobject: (1747, BT)
DEBUG:root:nextobject: (1750, 232.665)
DEBUG:root:nextobject: (1759, 691.2236)
DEBUG:root:do_keyword: pos=1768, token=Td, stack=[]
DEBUG:root:nextobject: (1768, Td)
DEBUG:root:nextobject: (1771, 'clothes')
DEBUG:root:do_keyword: pos=1781, token=Tj, stack=[]
DEBUG:root:nextobject: (1781, Tj)
DEBUG:root:do_keyword: pos=1784, token=ET, stack=[]
DEBUG:root:nextobject: (1784, ET)
DEBUG:root:do_keyword: pos=1787, token=BT, stack=[]
DEBUG:root:nextobject: (1787, BT)
DEBUG:root:nextobject: (1790, 280.5675)
DEBUG:root:nextobject: (1799, 691.2236)
DEBUG:root:do_keyword: pos=1808, token=Td, stack=[]
DEBUG:root:nextobject: (1808, Td)
DEBUG:root:nextobject: (1811, 'were')
DEBUG:root:do_keyword: pos=1818, token=Tj, stack=[]
DEBUG:root:nextobject: (1818, Tj)
DEBUG:root:do_keyword: pos=1821, token=ET, stack=[]
DEBUG:root:nextobject: (1821, ET)
DEBUG:root:do_keyword: pos=1824, token=BT, stack=[]
DEBUG:root:nextobject: (1824, BT)
DEBUG:root:nextobject: (1827, 315.8001)
DEBUG:root:nextobject: (1836, 691.2236)
DEBUG:root:do_keyword: pos=1845, token=Td, stack=[]
DEBUG:root:nextobject: (1845, Td)
DEBUG:root:nextobject: (1848, 'and')
DEBUG:root:do_keyword: pos=1854, token=Tj, stack=[]
DEBUG:root:nextobject: (1854, Tj)
DEBUG:root:do_keyword: pos=1857, token=ET, stack=[]
DEBUG:root:nextobject: (1857, ET)
DEBUG:root:do_keyword: pos=1860, token=BT, stack=[]
DEBUG:root:nextobject: (1860, BT)
DEBUG:root:nextobject: (1863, 344.1166)
DEBUG:root:nextobject: (1872, 691.2236)
DEBUG:root:do_keyword: pos=1881, token=Td, stack=[]
DEBUG:root:nextobject: (1881, Td)
DEBUG:root:nextobject: (1884, 'coarsely')
DEBUG:root:do_keyword: pos=1895, token=Tj, stack=[]
DEBUG:root:nextobject: (1895, Tj)
DEBUG:root:do_keyword: pos=1898, token=ET, stack=[]
DEBUG:root:nextobject: (1898, ET)
DEBUG:root:do_keyword: pos=1901, token=BT, stack=[]
DEBUG:root:nextobject: (1901, BT)
DEBUG:root:nextobject: (1904, 399.6212)
DEBUG:root:nextobject: (1913, 691.2236)
DEBUG:root:do_keyword: pos=1922, token=Td, stack=[]
DEBUG:root:nextobject: (1922, Td)
DEBUG:root:nextobject: (1925, 'as')
DEBUG:root:do_keyword: pos=1930, token=Tj, stack=[]
DEBUG:root:nextobject: (1930, Tj)
DEBUG:root:do_keyword: pos=1933, token=ET, stack=[]
DEBUG:root:nextobject: (1933, ET)
DEBUG:root:do_keyword: pos=1936, token=BT, stack=[]
DEBUG:root:nextobject: (1936, BT)
DEBUG:root:nextobject: (1939, 417.1718)
DEBUG:root:nextobject: (1948, 691.2236)
DEBUG:root:do_keyword: pos=1957, token=Td, stack=[]
DEBUG:root:nextobject: (1957, Td)
DEBUG:root:nextobject: (1960, 'he')
DEBUG:root:do_keyword: pos=1965, token=Tj, stack=[]
DEBUG:root:nextobject: (1965, Tj)
DEBUG:root:do_keyword: pos=1968, token=ET, stack=[]
DEBUG:root:nextobject: (1968, ET)
DEBUG:root:do_keyword: pos=1971, token=BT, stack=[]
DEBUG:root:nextobject: (1971, BT)
DEBUG:root:nextobject: (1974, 436.6403)
DEBUG:root:nextobject: (1983, 691.2236)
DEBUG:root:do_keyword: pos=1992, token=Td, stack=[]
DEBUG:root:nextobject: (1992, Td)
DEBUG:root:nextobject: (1995, 'spoke,')
DEBUG:root:do_keyword: pos=2004, token=Tj, stack=[]
DEBUG:root:nextobject: (2004, Tj)
DEBUG:root:do_keyword: pos=2007, token=ET, stack=[]
DEBUG:root:nextobject: (2007, ET)
DEBUG:root:do_keyword: pos=2010, token=BT, stack=[]
DEBUG:root:nextobject: (2010, BT)
DEBUG:root:nextobject: (2013, 481.2389)
DEBUG:root:nextobject: (2022, 691.2236)
DEBUG:root:do_keyword: pos=2031, token=Td, stack=[]
DEBUG:root:nextobject: (2031, Td)
DEBUG:root:nextobject: (2034, 'he')
DEBUG:root:do_keyword: pos=2039, token=Tj, stack=[]
DEBUG:root:nextobject: (2039, Tj)
DEBUG:root:do_keyword: pos=2042, token=ET, stack=[]
DEBUG:root:nextobject: (2042, ET)
DEBUG:root:do_keyword: pos=2045, token=BT, stack=[]
DEBUG:root:nextobject: (2045, BT)
DEBUG:root:nextobject: (2048, 500.7074)
DEBUG:root:nextobject: (2057, 691.2236)
DEBUG:root:do_keyword: pos=2066, token=Td, stack=[]
DEBUG:root:nextobject: (2066, Td)
DEBUG:root:nextobject: (2069, 'had')
DEBUG:root:do_keyword: pos=2075, token=Tj, stack=[]
DEBUG:root:nextobject: (2075, Tj)
DEBUG:root:do_keyword: pos=2078, token=ET, stack=[]
DEBUG:root:nextobject: (2078, ET)
DEBUG:root:do_keyword: pos=2081, token=BT, stack=[]
DEBUG:root:nextobject: (2081, BT)
DEBUG:root:nextobject: (2084, 70.8661)
DEBUG:root:nextobject: (2092, 674.4236)
DEBUG:root:do_keyword: pos=2101, token=Td, stack=[]
DEBUG:root:nextobject: (2101, Td)
DEBUG:root:nextobject: (2104, 'none')
DEBUG:root:do_keyword: pos=2111, token=Tj, stack=[]
DEBUG:root:nextobject: (2111, Tj)
DEBUG:root:do_keyword: pos=2114, token=ET, stack=[]
DEBUG:root:nextobject: (2114, ET)
DEBUG:root:do_keyword: pos=2117, token=BT, stack=[]
DEBUG:root:nextobject: (2117, BT)
DEBUG:root:nextobject: (2120, 105.3524)
DEBUG:root:nextobject: (2129, 674.4236)
DEBUG:root:do_keyword: pos=2138, token=Td, stack=[]
DEBUG:root:nextobject: (2138, Td)
DEBUG:root:nextobject: (2141, 'of')
DEBUG:root:do_keyword: pos=2146, token=Tj, stack=[]
DEBUG:root:nextobject: (2146, Tj)
DEBUG:root:do_keyword: pos=2149, token=ET, stack=[]
DEBUG:root:nextobject: (2149, ET)
DEBUG:root:do_keyword: pos=2152, token=BT, stack=[]
DEBUG:root:nextobject: (2152, BT)
DEBUG:root:nextobject: (2155, 121.4987)
DEBUG:root:nextobject: (2164, 674.4236)
DEBUG:root:do_keyword: pos=2173, token=Td, stack=[]
DEBUG:root:nextobject: (2173, Td)
DEBUG:root:nextobject: (2176, 'the')
DEBUG:root:do_keyword: pos=2182, token=Tj, stack=[]
DEBUG:root:nextobject: (2182, Tj)
DEBUG:root:do_keyword: pos=2185, token=ET, stack=[]
DEBUG:root:nextobject: (2185, ET)
DEBUG:root:do_keyword: pos=2188, token=BT, stack=[]
DEBUG:root:nextobject: (2188, BT)
DEBUG:root:nextobject: (2191, 144.7569)
DEBUG:root:nextobject: (2200, 674.4236)
DEBUG:root:do_keyword: pos=2209, token=Td, stack=[]
DEBUG:root:nextobject: (2209, Td)
DEBUG:root:nextobject: (2212, 'appearance')
DEBUG:root:do_keyword: pos=2225, token=Tj, stack=[]
DEBUG:root:nextobject: (2225, Tj)
DEBUG:root:do_keyword: pos=2228, token=ET, stack=[]
DEBUG:root:nextobject: (2228, ET)
DEBUG:root:do_keyword: pos=2231, token=BT, stack=[]
DEBUG:root:nextobject: (2231, BT)
DEBUG:root:nextobject: (2234, 219.7312)
DEBUG:root:nextobject: (2243, 674.4236)
DEBUG:root:do_keyword: pos=2252, token=Td, stack=[]
DEBUG:root:nextobject: (2252, Td)
DEBUG:root:nextobject: (2255, 'of')
DEBUG:root:do_keyword: pos=2260, token=Tj, stack=[]
DEBUG:root:nextobject: (2260, Tj)
DEBUG:root:do_keyword: pos=2263, token=ET, stack=[]
DEBUG:root:nextobject: (2263, ET)
DEBUG:root:do_keyword: pos=2266, token=BT, stack=[]
DEBUG:root:nextobject: (2266, BT)
DEBUG:root:nextobject: (2269, 235.8774)
DEBUG:root:nextobject: (2278, 674.4236)
DEBUG:root:do_keyword: pos=2287, token=Td, stack=[]
DEBUG:root:nextobject: (2287, Td)
DEBUG:root:nextobject: (2290, 'a')
DEBUG:root:do_keyword: pos=2294, token=Tj, stack=[]
DEBUG:root:nextobject: (2294, Tj)
DEBUG:root:do_keyword: pos=2297, token=ET, stack=[]
DEBUG:root:nextobject: (2297, ET)
DEBUG:root:do_keyword: pos=2300, token=BT, stack=[]
DEBUG:root:nextobject: (2300, BT)
DEBUG:root:nextobject: (2303, 246.7177)
DEBUG:root:nextobject: (2312, 674.4236)
DEBUG:root:do_keyword: pos=2321, token=Td, stack=[]
DEBUG:root:nextobject: (2321, Td)
DEBUG:root:nextobject: (2324, 'man')
DEBUG:root:do_keyword: pos=2330, token=Tj, stack=[]
DEBUG:root:nextobject: (2330, Tj)
DEBUG:root:do_keyword: pos=2333, token=ET, stack=[]
DEBUG:root:nextobject: (2333, ET)
DEBUG:root:do_keyword: pos=2336, token=BT, stack=[]
DEBUG:root:nextobject: (2336, BT)
DEBUG:root:nextobject: (2339, 278.0679)
DEBUG:root:nextobject: (2348, 674.4236)
DEBUG:root:do_keyword: pos=2357, token=Td, stack=[]
DEBUG:root:nextobject: (2357, Td)
DEBUG:root:nextobject: (2360, 'who')
DEBUG:root:do_keyword: pos=2366, token=Tj, stack=[]
DEBUG:root:nextobject: (2366, Tj)
DEBUG:root:do_keyword: pos=2369, token=ET, stack=[]
DEBUG:root:nextobject: (2369, ET)
DEBUG:root:do_keyword: pos=2372, token=BT, stack=[]
DEBUG:root:nextobject: (2372, BT)
DEBUG:root:nextobject: (2375, 309.3762)
DEBUG:root:nextobject: (2384, 674.4236)
DEBUG:root:do_keyword: pos=2393, token=Td, stack=[]
DEBUG:root:nextobject: (2393, Td)
DEBUG:root:nextobject: (2396, 'sailed')
DEBUG:root:do_keyword: pos=2405, token=Tj, stack=[]
DEBUG:root:nextobject: (2405, Tj)
DEBUG:root:do_keyword: pos=2408, token=ET, stack=[]
DEBUG:root:nextobject: (2408, ET)
DEBUG:root:do_keyword: pos=2411, token=BT, stack=[]
DEBUG:root:nextobject: (2411, BT)
DEBUG:root:nextobject: (2414, 349.5604)
DEBUG:root:nextobject: (2423, 674.4236)
DEBUG:root:do_keyword: pos=2432, token=Td, stack=[]
DEBUG:root:nextobject: (2432, Td)
DEBUG:root:nextobject: (2435, 'before')
DEBUG:root:do_keyword: pos=2444, token=Tj, stack=[]
DEBUG:root:nextobject: (2444, Tj)
DEBUG:root:do_keyword: pos=2447, token=ET, stack=[]
DEBUG:root:nextobject: (2447, ET)
DEBUG:root:do_keyword: pos=2450, token=BT, stack=[]
DEBUG:root:nextobject: (2450, BT)
DEBUG:root:nextobject: (2453, 392.3907)
DEBUG:root:nextobject: (2462, 674.4236)
DEBUG:root:do_keyword: pos=2471, token=Td, stack=[]
DEBUG:root:nextobject: (2471, Td)
DEBUG:root:nextobject: (2474, 'the')
DEBUG:root:do_keyword: pos=2480, token=Tj, stack=[]
DEBUG:root:nextobject: (2480, Tj)
DEBUG:root:do_keyword: pos=2483, token=ET, stack=[]
DEBUG:root:nextobject: (2483, ET)
DEBUG:root:do_keyword: pos=2486, token=BT, stack=[]
DEBUG:root:nextobject: (2486, BT)
DEBUG:root:nextobject: (2489, 415.6489)
DEBUG:root:nextobject: (2498, 674.4236)
DEBUG:root:do_keyword: pos=2507, token=Td, stack=[]
DEBUG:root:nextobject: (2507, Td)
DEBUG:root:nextobject: (2510, 'mast,')
DEBUG:root:do_keyword: pos=2518, token=Tj, stack=[]
DEBUG:root:nextobject: (2518, Tj)
DEBUG:root:do_keyword: pos=2521, token=ET, stack=[]
DEBUG:root:nextobject: (2521, ET)
DEBUG:root:do_keyword: pos=2524, token=BT, stack=[]
DEBUG:root:nextobject: (2524, BT)
DEBUG:root:nextobject: (2527, 452.8512)
DEBUG:root:nextobject: (2536, 674.4236)
DEBUG:root:do_keyword: pos=2545, token=Td, stack=[]
DEBUG:root:nextobject: (2545, Td)
DEBUG:root:nextobject: (2548, 'but')
DEBUG:root:do_keyword: pos=2554, token=Tj, stack=[]
DEBUG:root:nextobject: (2554, Tj)
DEBUG:root:do_keyword: pos=2557, token=ET, stack=[]
DEBUG:root:nextobject: (2557, ET)
DEBUG:root:do_keyword: pos=2560, token=BT, stack=[]
DEBUG:root:nextobject: (2560, BT)
DEBUG:root:nextobject: (2563, 477.4394)
DEBUG:root:nextobject: (2572, 674.4236)
DEBUG:root:do_keyword: pos=2581, token=Td, stack=[]
DEBUG:root:nextobject: (2581, Td)
DEBUG:root:nextobject: (2584, 'seemed')
DEBUG:root:do_keyword: pos=2593, token=Tj, stack=[]
DEBUG:root:nextobject: (2593, Tj)
DEBUG:root:do_keyword: pos=2596, token=ET, stack=[]
DEBUG:root:nextobject: (2596, ET)
DEBUG:root:do_keyword: pos=2599, token=BT, stack=[]
DEBUG:root:nextobject: (2599, BT)
DEBUG:root:nextobject: (2602, 70.8661)
DEBUG:root:nextobject: (2610, 657.6236)
DEBUG:root:do_keyword: pos=2619, token=Td, stack=[]
DEBUG:root:nextobject: (2619, Td)
DEBUG:root:nextobject: (2622, 'like')
DEBUG:root:do_keyword: pos=2629, token=Tj, stack=[]
DEBUG:root:nextobject: (2629, Tj)
DEBUG:root:do_keyword: pos=2632, token=ET, stack=[]
DEBUG:root:nextobject: (2632, ET)
DEBUG:root:do_keyword: pos=2635, token=BT, stack=[]
DEBUG:root:nextobject: (2635, BT)
DEBUG:root:nextobject: (2638, 99.1493)
DEBUG:root:nextobject: (2646, 657.6236)
DEBUG:root:do_keyword: pos=2655, token=Td, stack=[]
DEBUG:root:nextobject: (2655, Td)
DEBUG:root:nextobject: (2658, 'a')
DEBUG:root:do_keyword: pos=2662, token=Tj, stack=[]
DEBUG:root:nextobject: (2662, Tj)
DEBUG:root:do_keyword: pos=2665, token=ET, stack=[]
DEBUG:root:nextobject: (2665, ET)
DEBUG:root:do_keyword: pos=2668, token=BT, stack=[]
DEBUG:root:nextobject: (2668, BT)
DEBUG:root:nextobject: (2671, 111.7945)
DEBUG:root:nextobject: (2680, 657.6236)
DEBUG:root:do_keyword: pos=2689, token=Td, stack=[]
DEBUG:root:nextobject: (2689, Td)
DEBUG:root:nextobject: (2692, 'mate')
DEBUG:root:do_keyword: pos=2699, token=Tj, stack=[]
DEBUG:root:nextobject: (2699, Tj)
DEBUG:root:do_keyword: pos=2702, token=ET, stack=[]
DEBUG:root:nextobject: (2702, ET)
DEBUG:root:do_keyword: pos=2705, token=BT, stack=[]
DEBUG:root:nextobject: (2705, BT)
DEBUG:root:nextobject: (2708, 148.0717)
DEBUG:root:nextobject: (2717, 657.6236)
DEBUG:root:do_keyword: pos=2726, token=Td, stack=[]
DEBUG:root:nextobject: (2726, Td)
DEBUG:root:nextobject: (2729, 'or')
DEBUG:root:do_keyword: pos=2734, token=Tj, stack=[]
DEBUG:root:nextobject: (2734, Tj)
DEBUG:root:do_keyword: pos=2737, token=ET, stack=[]
DEBUG:root:nextobject: (2737, ET)
DEBUG:root:do_keyword: pos=2740, token=BT, stack=[]
DEBUG:root:nextobject: (2740, BT)
DEBUG:root:nextobject: (2743, 166.8909)
DEBUG:root:nextobject: (2752, 657.6236)
DEBUG:root:do_keyword: pos=2761, token=Td, stack=[]
DEBUG:root:nextobject: (2761, Td)
DEBUG:root:nextobject: (2764, 'skipper')
DEBUG:root:do_keyword: pos=2774, token=Tj, stack=[]
DEBUG:root:nextobject: (2774, Tj)
DEBUG:root:do_keyword: pos=2777, token=ET, stack=[]
DEBUG:root:nextobject: (2777, ET)
DEBUG:root:do_keyword: pos=2780, token=BT, stack=[]
DEBUG:root:nextobject: (2780, BT)
DEBUG:root:nextobject: (2783, 219.394)
DEBUG:root:nextobject: (2792, 657.6236)
DEBUG:root:do_keyword: pos=2801, token=Td, stack=[]
DEBUG:root:nextobject: (2801, Td)
DEBUG:root:nextobject: (2804, 'accustomed')
DEBUG:root:do_keyword: pos=2817, token=Tj, stack=[]
DEBUG:root:nextobject: (2817, Tj)
DEBUG:root:do_keyword: pos=2820, token=ET, stack=[]
DEBUG:root:nextobject: (2820, ET)
DEBUG:root:do_keyword: pos=2823, token=BT, stack=[]
DEBUG:root:nextobject: (2823, BT)
DEBUG:root:nextobject: (2826, 298.6792)
DEBUG:root:nextobject: (2835, 657.6236)
DEBUG:root:do_keyword: pos=2844, token=Td, stack=[]
DEBUG:root:nextobject: (2844, Td)
DEBUG:root:nextobject: (2847, 'to')
DEBUG:root:do_keyword: pos=2852, token=Tj, stack=[]
DEBUG:root:nextobject: (2852, Tj)
DEBUG:root:do_keyword: pos=2855, token=ET, stack=[]
DEBUG:root:nextobject: (2855, ET)
DEBUG:root:do_keyword: pos=2858, token=BT, stack=[]
DEBUG:root:nextobject: (2858, BT)
DEBUG:root:nextobject: (2861, 316.5324)
DEBUG:root:nextobject: (2870, 657.6236)
DEBUG:root:do_keyword: pos=2879, token=Td, stack=[]
DEBUG:root:nextobject: (2879, Td)
DEBUG:root:nextobject: (2882, 'be')
DEBUG:root:do_keyword: pos=2887, token=Tj, stack=[]
DEBUG:root:nextobject: (2887, Tj)
DEBUG:root:do_keyword: pos=2890, token=ET, stack=[]
DEBUG:root:nextobject: (2890, ET)
DEBUG:root:do_keyword: pos=2893, token=BT, stack=[]
DEBUG:root:nextobject: (2893, BT)
DEBUG:root:nextobject: (2896, 336.6256)
DEBUG:root:nextobject: (2905, 657.6236)
DEBUG:root:do_keyword: pos=2914, token=Td, stack=[]
DEBUG:root:nextobject: (2914, Td)
DEBUG:root:nextobject: (2917, 'obeyed')
DEBUG:root:do_keyword: pos=2926, token=Tj, stack=[]
DEBUG:root:nextobject: (2926, Tj)
DEBUG:root:do_keyword: pos=2929, token=ET, stack=[]
DEBUG:root:nextobject: (2929, ET)
DEBUG:root:do_keyword: pos=2932, token=BT, stack=[]
DEBUG:root:nextobject: (2932, BT)
DEBUG:root:nextobject: (2935, 387.4067)
DEBUG:root:nextobject: (2944, 657.6236)
DEBUG:root:do_keyword: pos=2953, token=Td, stack=[]
DEBUG:root:nextobject: (2953, Td)
DEBUG:root:nextobject: (2956, 'or')
DEBUG:root:do_keyword: pos=2961, token=Tj, stack=[]
DEBUG:root:nextobject: (2961, Tj)
DEBUG:root:do_keyword: pos=2964, token=ET, stack=[]
DEBUG:root:nextobject: (2964, ET)
DEBUG:root:do_keyword: pos=2967, token=BT, stack=[]
DEBUG:root:nextobject: (2967, BT)
DEBUG:root:nextobject: (2970, 406.2259)
DEBUG:root:nextobject: (2979, 657.6236)
DEBUG:root:do_keyword: pos=2988, token=Td, stack=[]
DEBUG:root:nextobject: (2988, Td)
DEBUG:root:nextobject: (2991, 'to')
DEBUG:root:do_keyword: pos=2996, token=Tj, stack=[]
DEBUG:root:nextobject: (2996, Tj)
DEBUG:root:do_keyword: pos=2999, token=ET, stack=[]
DEBUG:root:nextobject: (2999, ET)
DEBUG:root:do_keyword: pos=3002, token=BT, stack=[]
DEBUG:root:nextobject: (3002, BT)
DEBUG:root:nextobject: (3005, 424.0791)
DEBUG:root:nextobject: (3014, 657.6236)
DEBUG:root:do_keyword: pos=3023, token=Td, stack=[]
DEBUG:root:nextobject: (3023, Td)
DEBUG:root:nextobject: (3026, 'strike.')
DEBUG:root:do_keyword: pos=3036, token=Tj, stack=[]
DEBUG:root:nextobject: (3036, Tj)
DEBUG:root:do_keyword: pos=3039, token=ET, stack=[]
DEBUG:root:nextobject: (3039, ET)
DEBUG:root:do_keyword: pos=3042, token=BT, stack=[]
DEBUG:root:nextobject: (3042, BT)
DEBUG:root:nextobject: (3045, 467.8183)
DEBUG:root:nextobject: (3054, 657.6236)
DEBUG:root:do_keyword: pos=3063, token=Td, stack=[]
DEBUG:root:nextobject: (3063, Td)
DEBUG:root:nextobject: (3066, 'The')
DEBUG:root:do_keyword: pos=3072, token=Tj, stack=[]
DEBUG:root:nextobject: (3072, Tj)
DEBUG:root:do_keyword: pos=3075, token=ET, stack=[]
DEBUG:root:nextobject: (3075, ET)
DEBUG:root:do_keyword: pos=3078, token=BT, stack=[]
DEBUG:root:nextobject: (3078, BT)
DEBUG:root:nextobject: (3081, 496.8994)
DEBUG:root:nextobject: (3090, 657.6236)
DEBUG:root:do_keyword: pos=3099, token=Td, stack=[]
DEBUG:root:nextobject: (3099, Td)
DEBUG:root:nextobject: (3102, 'man')
DEBUG:root:do_keyword: pos=3108, token=Tj, stack=[]
DEBUG:root:nextobject: (3108, Tj)
DEBUG:root:do_keyword: pos=3111, token=ET, stack=[]
DEBUG:root:nextobject: (3111, ET)
DEBUG:root:do_keyword: pos=3114, token=BT, stack=[]
DEBUG:root:nextobject: (3114, BT)
DEBUG:root:nextobject: (3117, 70.8661)
DEBUG:root:nextobject: (3125, 640.8236)
DEBUG:root:do_keyword: pos=3134, token=Td, stack=[]
DEBUG:root:nextobject: (3134, Td)
DEBUG:root:nextobject: (3137, 'who')
DEBUG:root:do_keyword: pos=3143, token=Tj, stack=[]
DEBUG:root:nextobject: (3143, Tj)
DEBUG:root:do_keyword: pos=3146, token=ET, stack=[]
DEBUG:root:nextobject: (3146, ET)
DEBUG:root:do_keyword: pos=3149, token=BT, stack=[]
DEBUG:root:nextobject: (3149, BT)
DEBUG:root:nextobject: (3152, 102.2891)
DEBUG:root:nextobject: (3161, 640.8236)
DEBUG:root:do_keyword: pos=3170, token=Td, stack=[]
DEBUG:root:nextobject: (3170, Td)
DEBUG:root:nextobject: (3173, 'came')
DEBUG:root:do_keyword: pos=3180, token=Tj, stack=[]
DEBUG:root:nextobject: (3180, Tj)
DEBUG:root:do_keyword: pos=3183, token=ET, stack=[]
DEBUG:root:nextobject: (3183, ET)
DEBUG:root:do_keyword: pos=3186, token=BT, stack=[]
DEBUG:root:nextobject: (3186, BT)
DEBUG:root:nextobject: (3189, 138.528)
DEBUG:root:nextobject: (3198, 640.8236)
DEBUG:root:do_keyword: pos=3207, token=Td, stack=[]
DEBUG:root:nextobject: (3207, Td)
DEBUG:root:nextobject: (3210, 'with')
DEBUG:root:do_keyword: pos=3217, token=Tj, stack=[]
DEBUG:root:nextobject: (3217, Tj)
DEBUG:root:do_keyword: pos=3220, token=ET, stack=[]
DEBUG:root:nextobject: (3220, ET)
DEBUG:root:do_keyword: pos=3223, token=BT, stack=[]
DEBUG:root:nextobject: (3223, BT)
DEBUG:root:nextobject: (3226, 170.945)
DEBUG:root:nextobject: (3235, 640.8236)
DEBUG:root:do_keyword: pos=3244, token=Td, stack=[]
DEBUG:root:nextobject: (3244, Td)
DEBUG:root:nextobject: (3247, 'the')
DEBUG:root:do_keyword: pos=3253, token=Tj, stack=[]
DEBUG:root:nextobject: (3253, Tj)
DEBUG:root:do_keyword: pos=3256, token=ET, stack=[]
DEBUG:root:nextobject: (3256, ET)
DEBUG:root:do_keyword: pos=3259, token=BT, stack=[]
DEBUG:root:nextobject: (3259, BT)
DEBUG:root:nextobject: (3262, 194.3179)
DEBUG:root:nextobject: (3271, 640.8236)
DEBUG:root:do_keyword: pos=3280, token=Td, stack=[]
DEBUG:root:nextobject: (3280, Td)
DEBUG:root:nextobject: (3283, 'barrow')
DEBUG:root:do_keyword: pos=3292, token=Tj, stack=[]
DEBUG:root:nextobject: (3292, Tj)
DEBUG:root:do_keyword: pos=3295, token=ET, stack=[]
DEBUG:root:nextobject: (3295, ET)
DEBUG:root:do_keyword: pos=3298, token=BT, stack=[]
DEBUG:root:nextobject: (3298, BT)
DEBUG:root:nextobject: (3301, 243.3949)
DEBUG:root:nextobject: (3310, 640.8236)
DEBUG:root:do_keyword: pos=3319, token=Td, stack=[]
DEBUG:root:nextobject: (3319, Td)
DEBUG:root:nextobject: (3322, 'told')
DEBUG:root:do_keyword: pos=3329, token=Tj, stack=[]
DEBUG:root:nextobject: (3329, Tj)
DEBUG:root:do_keyword: pos=3332, token=ET, stack=[]
DEBUG:root:nextobject: (3332, ET)
DEBUG:root:do_keyword: pos=3335, token=BT, stack=[]
DEBUG:root:nextobject: (3335, BT)
DEBUG:root:nextobject: (3338, 272.1858)
DEBUG:root:nextobject: (3347, 640.8236)
DEBUG:root:do_keyword: pos=3356, token=Td, stack=[]
DEBUG:root:nextobject: (3356, Td)
DEBUG:root:nextobject: (3359, 'us')
DEBUG:root:do_keyword: pos=3364, token=Tj, stack=[]
DEBUG:root:nextobject: (3364, Tj)
DEBUG:root:do_keyword: pos=3367, token=ET, stack=[]
DEBUG:root:nextobject: (3367, ET)
DEBUG:root:do_keyword: pos=3370, token=BT, stack=[]
DEBUG:root:nextobject: (3370, BT)
DEBUG:root:nextobject: (3373, 290.5188)
DEBUG:root:nextobject: (3382, 640.8236)
DEBUG:root:do_keyword: pos=3391, token=Td, stack=[]
DEBUG:root:nextobject: (3391, Td)
DEBUG:root:nextobject: (3394, 'the')
DEBUG:root:do_keyword: pos=3400, token=Tj, stack=[]
DEBUG:root:nextobject: (3400, Tj)
DEBUG:root:do_keyword: pos=3403, token=ET, stack=[]
DEBUG:root:nextobject: (3403, ET)
DEBUG:root:do_keyword: pos=3406, token=BT, stack=[]
DEBUG:root:nextobject: (3406, BT)
DEBUG:root:nextobject: (3409, 313.8917)
DEBUG:root:nextobject: (3418, 640.8236)
DEBUG:root:do_keyword: pos=3427, token=Td, stack=[]
DEBUG:root:nextobject: (3427, Td)
DEBUG:root:nextobject: (3430, 'mail')
DEBUG:root:do_keyword: pos=3437, token=Tj, stack=[]
DEBUG:root:nextobject: (3437, Tj)
DEBUG:root:do_keyword: pos=3440, token=ET, stack=[]
DEBUG:root:nextobject: (3440, ET)
DEBUG:root:do_keyword: pos=3443, token=BT, stack=[]
DEBUG:root:nextobject: (3443, BT)
DEBUG:root:nextobject: (3446, 345.3567)
DEBUG:root:nextobject: (3455, 640.8236)
DEBUG:root:do_keyword: pos=3464, token=Td, stack=[]
DEBUG:root:nextobject: (3464, Td)
DEBUG:root:nextobject: (3467, 'had')
DEBUG:root:do_keyword: pos=3473, token=Tj, stack=[]
DEBUG:root:nextobject: (3473, Tj)
DEBUG:root:do_keyword: pos=3476, token=ET, stack=[]
DEBUG:root:nextobject: (3476, ET)
DEBUG:root:do_keyword: pos=3479, token=BT, stack=[]
DEBUG:root:nextobject: (3479, BT)
DEBUG:root:nextobject: (3482, 373.0136)
DEBUG:root:nextobject: (3491, 640.8236)
DEBUG:root:do_keyword: pos=3500, token=Td, stack=[]
DEBUG:root:nextobject: (3500, Td)
DEBUG:root:nextobject: (3503, 'set')
DEBUG:root:do_keyword: pos=3509, token=Tj, stack=[]
DEBUG:root:nextobject: (3509, Tj)
DEBUG:root:do_keyword: pos=3512, token=ET, stack=[]
DEBUG:root:nextobject: (3512, ET)
DEBUG:root:do_keyword: pos=3515, token=BT, stack=[]
DEBUG:root:nextobject: (3515, BT)
DEBUG:root:nextobject: (3518, 394.1746)
DEBUG:root:nextobject: (3527, 640.8236)
DEBUG:root:do_keyword: pos=3536, token=Td, stack=[]
DEBUG:root:nextobject: (3536, Td)
DEBUG:root:nextobject: (3539, 'him')
DEBUG:root:do_keyword: pos=3545, token=Tj, stack=[]
DEBUG:root:nextobject: (3545, Tj)
DEBUG:root:do_keyword: pos=3548, token=ET, stack=[]
DEBUG:root:nextobject: (3548, ET)
DEBUG:root:do_keyword: pos=3551, token=BT, stack=[]
DEBUG:root:nextobject: (3551, BT)
DEBUG:root:nextobject: (3554, 422.7135)
DEBUG:root:nextobject: (3563, 640.8236)
DEBUG:root:do_keyword: pos=3572, token=Td, stack=[]
DEBUG:root:nextobject: (3572, Td)
DEBUG:root:nextobject: (3575, 'down')
DEBUG:root:do_keyword: pos=3582, token=Tj, stack=[]
DEBUG:root:nextobject: (3582, Tj)
DEBUG:root:do_keyword: pos=3585, token=ET, stack=[]
DEBUG:root:nextobject: (3585, ET)
DEBUG:root:do_keyword: pos=3588, token=BT, stack=[]
DEBUG:root:nextobject: (3588, BT)
DEBUG:root:nextobject: (3591, 462.6905)
DEBUG:root:nextobject: (3600, 640.8236)
DEBUG:root:do_keyword: pos=3609, token=Td, stack=[]
DEBUG:root:nextobject: (3609, Td)
DEBUG:root:nextobject: (3612, 'the')
DEBUG:root:do_keyword: pos=3618, token=Tj, stack=[]
DEBUG:root:nextobject: (3618, Tj)
DEBUG:root:do_keyword: pos=3621, token=ET, stack=[]
DEBUG:root:nextobject: (3621, ET)
DEBUG:root:do_keyword: pos=3624, token=BT, stack=[]
DEBUG:root:nextobject: (3624, BT)
DEBUG:root:nextobject: (3627, 486.0634)
DEBUG:root:nextobject: (3636, 640.8236)
DEBUG:root:do_keyword: pos=3645, token=Td, stack=[]
DEBUG:root:nextobject: (3645, Td)
DEBUG:root:nextobject: (3648, 'morn-')
DEBUG:root:do_keyword: pos=3656, token=Tj, stack=[]
DEBUG:root:nextobject: (3656, Tj)
DEBUG:root:do_keyword: pos=3659, token=ET, stack=[]
DEBUG:root:nextobject: (3659, ET)
DEBUG:root:do_keyword: pos=3662, token=BT, stack=[]
DEBUG:root:nextobject: (3662, BT)
DEBUG:root:nextobject: (3665, 70.8661)
DEBUG:root:nextobject: (3673, 624.0236)
DEBUG:root:do_keyword: pos=3682, token=Td, stack=[]
DEBUG:root:nextobject: (3682, Td)
DEBUG:root:nextobject: (3685, 'ing')
DEBUG:root:do_keyword: pos=3691, token=Tj, stack=[]
DEBUG:root:nextobject: (3691, Tj)
DEBUG:root:do_keyword: pos=3694, token=ET, stack=[]
DEBUG:root:nextobject: (3694, ET)
DEBUG:root:do_keyword: pos=3697, token=BT, stack=[]
DEBUG:root:nextobject: (3697, BT)
DEBUG:root:nextobject: (3700, 97.0064)
DEBUG:root:nextobject: (3708, 624.0236)
DEBUG:root:do_keyword: pos=3717, token=Td, stack=[]
DEBUG:root:nextobject: (3717, Td)
DEBUG:root:nextobject: (3720, 'before')
DEBUG:root:do_keyword: pos=3729, token=Tj, stack=[]
DEBUG:root:nextobject: (3729, Tj)
DEBUG:root:do_keyword: pos=3732, token=ET, stack=[]
DEBUG:root:nextobject: (3732, ET)
DEBUG:root:do_keyword: pos=3735, token=BT, stack=[]
DEBUG:root:nextobject: (3735, BT)
DEBUG:root:nextobject: (3738, 142.1307)
DEBUG:root:nextobject: (3747, 624.0236)
DEBUG:root:do_keyword: pos=3756, token=Td, stack=[]
DEBUG:root:nextobject: (3756, Td)
DEBUG:root:nextobject: (3759, 'at')
DEBUG:root:do_keyword: pos=3764, token=Tj, stack=[]
DEBUG:root:nextobject: (3764, Tj)
DEBUG:root:do_keyword: pos=3767, token=ET, stack=[]
DEBUG:root:nextobject: (3767, ET)
DEBUG:root:do_keyword: pos=3770, token=BT, stack=[]
DEBUG:root:nextobject: (3770, BT)
DEBUG:root:nextobject: (3773, 159.829)
DEBUG:root:nextobject: (3782, 624.0236)
DEBUG:root:do_keyword: pos=3791, token=Td, stack=[]
DEBUG:root:nextobject: (3791, Td)
DEBUG:root:nextobject: (3794, 'the')
DEBUG:root:do_keyword: pos=3800, token=Tj, stack=[]
DEBUG:root:nextobject: (3800, Tj)
DEBUG:root:do_keyword: pos=3803, token=ET, stack=[]
DEBUG:root:nextobject: (3803, ET)
DEBUG:root:do_keyword: pos=3806, token=BT, stack=[]
DEBUG:root:nextobject: (3806, BT)
DEBUG:root:nextobject: (3809, 185.3812)
DEBUG:root:nextobject: (3818, 624.0236)
DEBUG:root:do_keyword: pos=3827, token=Td, stack=[]
DEBUG:root:nextobject: (3827, Td)
DEBUG:root:nextobject: (3830, 'Royal')
DEBUG:root:do_keyword: pos=3838, token=Tj, stack=[]
DEBUG:root:nextobject: (3838, Tj)
DEBUG:root:do_keyword: pos=3841, token=ET, stack=[]
DEBUG:root:nextobject: (3841, ET)
DEBUG:root:do_keyword: pos=3844, token=BT, stack=[]
DEBUG:root:nextobject: (3844, BT)
DEBUG:root:nextobject: (3847, 227.3695)
DEBUG:root:nextobject: (3856, 624.0236)
DEBUG:root:do_keyword: pos=3865, token=Td, stack=[]
DEBUG:root:nextobject: (3865, Td)
DEBUG:root:nextobject: (3868, 'George,')
DEBUG:root:do_keyword: pos=3878, token=Tj, stack=[]
DEBUG:root:nextobject: (3878, Tj)
DEBUG:root:do_keyword: pos=3881, token=ET, stack=[]
DEBUG:root:nextobject: (3881, ET)
DEBUG:root:do_keyword: pos=3884, token=BT, stack=[]
DEBUG:root:nextobject: (3884, BT)
DEBUG:root:nextobject: (3887, 282.0558)
DEBUG:root:nextobject: (3896, 624.0236)
DEBUG:root:do_keyword: pos=3905, token=Td, stack=[]
DEBUG:root:nextobject: (3905, Td)
DEBUG:root:nextobject: (3908, 'that')
DEBUG:root:do_keyword: pos=3915, token=Tj, stack=[]
DEBUG:root:nextobject: (3915, Tj)
DEBUG:root:do_keyword: pos=3918, token=ET, stack=[]
DEBUG:root:nextobject: (3918, ET)
DEBUG:root:do_keyword: pos=3921, token=BT, stack=[]
DEBUG:root:nextobject: (3921, BT)
DEBUG:root:nextobject: (3924, 312.4661)
DEBUG:root:nextobject: (3933, 624.0236)
DEBUG:root:do_keyword: pos=3942, token=Td, stack=[]
DEBUG:root:nextobject: (3942, Td)
DEBUG:root:nextobject: (3945, 'he')
DEBUG:root:do_keyword: pos=3950, token=Tj, stack=[]
DEBUG:root:nextobject: (3950, Tj)
DEBUG:root:do_keyword: pos=3953, token=ET, stack=[]
DEBUG:root:nextobject: (3953, ET)
DEBUG:root:do_keyword: pos=3956, token=BT, stack=[]
DEBUG:root:nextobject: (3956, BT)
DEBUG:root:nextobject: (3959, 333.4543)
DEBUG:root:nextobject: (3968, 624.0236)
DEBUG:root:do_keyword: pos=3977, token=Td, stack=[]
DEBUG:root:nextobject: (3977, Td)
DEBUG:root:nextobject: (3980, 'had')
DEBUG:root:do_keyword: pos=3986, token=Tj, stack=[]
DEBUG:root:nextobject: (3986, Tj)
DEBUG:root:do_keyword: pos=3989, token=ET, stack=[]
DEBUG:root:nextobject: (3989, ET)
DEBUG:root:do_keyword: pos=3992, token=BT, stack=[]
DEBUG:root:nextobject: (3992, BT)
DEBUG:root:nextobject: (3995, 363.2906)
DEBUG:root:nextobject: (4004, 624.0236)
DEBUG:root:do_keyword: pos=4013, token=Td, stack=[]
DEBUG:root:nextobject: (4013, Td)
DEBUG:root:nextobject: (4016, 'inquired')
DEBUG:root:do_keyword: pos=4027, token=Tj, stack=[]
DEBUG:root:nextobject: (4027, Tj)
DEBUG:root:do_keyword: pos=4030, token=ET, stack=[]
DEBUG:root:nextobject: (4030, ET)
DEBUG:root:do_keyword: pos=4033, token=BT, stack=[]
DEBUG:root:nextobject: (4033, BT)
DEBUG:root:nextobject: (4036, 422.7929)
DEBUG:root:nextobject: (4045, 624.0236)
DEBUG:root:do_keyword: pos=4054, token=Td, stack=[]
DEBUG:root:nextobject: (4054, Td)
DEBUG:root:nextobject: (4057, 'what')
DEBUG:root:do_keyword: pos=4064, token=Tj, stack=[]
DEBUG:root:nextobject: (4064, Tj)
DEBUG:root:do_keyword: pos=4067, token=ET, stack=[]
DEBUG:root:nextobject: (4067, ET)
DEBUG:root:do_keyword: pos=4070, token=BT, stack=[]
DEBUG:root:nextobject: (4070, BT)
DEBUG:root:nextobject: (4073, 460.3152)
DEBUG:root:nextobject: (4082, 624.0236)
DEBUG:root:do_keyword: pos=4091, token=Td, stack=[]
DEBUG:root:nextobject: (4091, Td)
DEBUG:root:nextobject: (4094, 'inns')
DEBUG:root:do_keyword: pos=4101, token=Tj, stack=[]
DEBUG:root:nextobject: (4101, Tj)
DEBUG:root:do_keyword: pos=4104, token=ET, stack=[]
DEBUG:root:nextobject: (4104, ET)
DEBUG:root:do_keyword: pos=4107, token=BT, stack=[]
DEBUG:root:nextobject: (4107, BT)
DEBUG:root:nextobject: (4110, 492.7554)
DEBUG:root:nextobject: (4119, 624.0236)
DEBUG:root:do_keyword: pos=4128, token=Td, stack=[]
DEBUG:root:nextobject: (4128, Td)
DEBUG:root:nextobject: (4131, 'there')
DEBUG:root:do_keyword: pos=4139, token=Tj, stack=[]
DEBUG:root:nextobject: (4139, Tj)
DEBUG:root:do_keyword: pos=4142, token=ET, stack=[]
DEBUG:root:nextobject: (4142, ET)
DEBUG:root:do_keyword: pos=4145, token=BT, stack=[]
DEBUG:root:nextobject: (4145, BT)
DEBUG:root:nextobject: (4148, 70.8661)
DEBUG:root:nextobject: (4156, 607.2236)
DEBUG:root:do_keyword: pos=4165, token=Td, stack=[]
DEBUG:root:nextobject: (4165, Td)
DEBUG:root:nextobject: (4168, 'were')
DEBUG:root:do_keyword: pos=4175, token=Tj, stack=[]
DEBUG:root:nextobject: (4175, Tj)
DEBUG:root:do_keyword: pos=4178, token=ET, stack=[]
DEBUG:root:nextobject: (4178, ET)
DEBUG:root:do_keyword: pos=4181, token=BT, stack=[]
DEBUG:root:nextobject: (4181, BT)
DEBUG:root:nextobject: (4184, 106.8986)
DEBUG:root:nextobject: (4193, 607.2236)
DEBUG:root:do_keyword: pos=4202, token=Td, stack=[]
DEBUG:root:nextobject: (4202, Td)
DEBUG:root:nextobject: (4205, 'along')
DEBUG:root:do_keyword: pos=4213, token=Tj, stack=[]
DEBUG:root:nextobject: (4213, Tj)
DEBUG:root:do_keyword: pos=4216, token=ET, stack=[]
DEBUG:root:nextobject: (4216, ET)
DEBUG:root:do_keyword: pos=4219, token=BT, stack=[]
DEBUG:root:nextobject: (4219, BT)
DEBUG:root:nextobject: (4222, 146.963)
DEBUG:root:nextobject: (4231, 607.2236)
DEBUG:root:do_keyword: pos=4240, token=Td, stack=[]
DEBUG:root:nextobject: (4240, Td)
DEBUG:root:nextobject: (4243, 'the')
DEBUG:root:do_keyword: pos=4249, token=Tj, stack=[]
DEBUG:root:nextobject: (4249, Tj)
DEBUG:root:do_keyword: pos=4252, token=ET, stack=[]
DEBUG:root:nextobject: (4252, ET)
DEBUG:root:do_keyword: pos=4255, token=BT, stack=[]
DEBUG:root:nextobject: (4255, BT)
DEBUG:root:nextobject: (4258, 171.7955)
DEBUG:root:nextobject: (4267, 607.2236)
DEBUG:root:do_keyword: pos=4276, token=Td, stack=[]
DEBUG:root:nextobject: (4276, Td)
DEBUG:root:nextobject: (4279, 'coast,')
DEBUG:root:do_keyword: pos=4288, token=Tj, stack=[]
DEBUG:root:nextobject: (4288, Tj)
DEBUG:root:do_keyword: pos=4291, token=ET, stack=[]
DEBUG:root:nextobject: (4291, ET)
DEBUG:root:do_keyword: pos=4294, token=BT, stack=[]
DEBUG:root:nextobject: (4294, BT)
DEBUG:root:nextobject: (4297, 212.0699)
DEBUG:root:nextobject: (4306, 607.2236)
DEBUG:root:do_keyword: pos=4315, token=Td, stack=[]
DEBUG:root:nextobject: (4315, Td)
DEBUG:root:nextobject: (4318, 'and')
DEBUG:root:do_keyword: pos=4324, token=Tj, stack=[]
DEBUG:root:nextobject: (4324, Tj)
DEBUG:root:do_keyword: pos=4327, token=ET, stack=[]
DEBUG:root:nextobject: (4327, ET)
DEBUG:root:do_keyword: pos=4330, token=BT, stack=[]
DEBUG:root:nextobject: (4330, BT)
DEBUG:root:nextobject: (4333, 241.1864)
DEBUG:root:nextobject: (4342, 607.2236)
DEBUG:root:do_keyword: pos=4351, token=Td, stack=[]
DEBUG:root:nextobject: (4351, Td)
DEBUG:root:nextobject: (4354, 'hearing')
DEBUG:root:do_keyword: pos=4364, token=Tj, stack=[]
DEBUG:root:nextobject: (4364, Tj)
DEBUG:root:do_keyword: pos=4367, token=ET, stack=[]
DEBUG:root:nextobject: (4367, ET)
DEBUG:root:do_keyword: pos=4370, token=BT, stack=[]
DEBUG:root:nextobject: (4370, BT)
DEBUG:root:nextobject: (4373, 293.9908)
DEBUG:root:nextobject: (4382, 607.2236)
DEBUG:root:do_keyword: pos=4391, token=Td, stack=[]
DEBUG:root:nextobject: (4391, Td)
DEBUG:root:nextobject: (4394, 'ours')
DEBUG:root:do_keyword: pos=4401, token=Tj, stack=[]
DEBUG:root:nextobject: (4401, Tj)
DEBUG:root:do_keyword: pos=4404, token=ET, stack=[]
DEBUG:root:nextobject: (4404, ET)
DEBUG:root:do_keyword: pos=4407, token=BT, stack=[]
DEBUG:root:nextobject: (4407, BT)
DEBUG:root:nextobject: (4410, 326.9572)
DEBUG:root:nextobject: (4419, 607.2236)
DEBUG:root:do_keyword: pos=4428, token=Td, stack=[]
DEBUG:root:nextobject: (4428, Td)
DEBUG:root:nextobject: (4431, 'well')
DEBUG:root:do_keyword: pos=4438, token=Tj, stack=[]
DEBUG:root:nextobject: (4438, Tj)
DEBUG:root:do_keyword: pos=4441, token=ET, stack=[]
DEBUG:root:nextobject: (4441, ET)
DEBUG:root:do_keyword: pos=4444, token=BT, stack=[]
DEBUG:root:nextobject: (4444, BT)
DEBUG:root:nextobject: (4447, 358.9017)
DEBUG:root:nextobject: (4456, 607.2236)
DEBUG:root:do_keyword: pos=4465, token=Td, stack=[]
DEBUG:root:nextobject: (4465, Td)
DEBUG:root:nextobject: (4468, 'spoken')
DEBUG:root:do_keyword: pos=4477, token=Tj, stack=[]
DEBUG:root:nextobject: (4477, Tj)
DEBUG:root:do_keyword: pos=4480, token=ET, stack=[]
DEBUG:root:nextobject: (4480, ET)
DEBUG:root:do_keyword: pos=4483, token=BT, stack=[]
DEBUG:root:nextobject: (4483, BT)
DEBUG:root:nextobject: (4486, 408.9481)
DEBUG:root:nextobject: (4495, 607.2236)
DEBUG:root:do_keyword: pos=4504, token=Td, stack=[]
DEBUG:root:nextobject: (4504, Td)
DEBUG:root:nextobject: (4507, 'of,')
DEBUG:root:do_keyword: pos=4513, token=Tj, stack=[]
DEBUG:root:nextobject: (4513, Tj)
DEBUG:root:do_keyword: pos=4516, token=ET, stack=[]
DEBUG:root:nextobject: (4516, ET)
DEBUG:root:do_keyword: pos=4519, token=BT, stack=[]
DEBUG:root:nextobject: (4519, BT)
DEBUG:root:nextobject: (4522, 430.1686)
DEBUG:root:nextobject: (4531, 607.2236)
DEBUG:root:do_keyword: pos=4540, token=Td, stack=[]
DEBUG:root:nextobject: (4540, Td)
DEBUG:root:nextobject: (4543, 'I')
DEBUG:root:do_keyword: pos=4547, token=Tj, stack=[]
DEBUG:root:nextobject: (4547, Tj)
DEBUG:root:do_keyword: pos=4550, token=ET, stack=[]
DEBUG:root:nextobject: (4550, ET)
DEBUG:root:do_keyword: pos=4553, token=BT, stack=[]
DEBUG:root:nextobject: (4553, BT)
DEBUG:root:nextobject: (4556, 440.301)
DEBUG:root:nextobject: (4565, 607.2236)
DEBUG:root:do_keyword: pos=4574, token=Td, stack=[]
DEBUG:root:nextobject: (4574, Td)
DEBUG:root:nextobject: (4577, 'suppose,')
DEBUG:root:do_keyword: pos=4588, token=Tj, stack=[]
DEBUG:root:nextobject: (4588, Tj)
DEBUG:root:do_keyword: pos=4591, token=ET, stack=[]
DEBUG:root:nextobject: (4591, ET)
DEBUG:root:do_keyword: pos=4594, token=BT, stack=[]
DEBUG:root:nextobject: (4594, BT)
DEBUG:root:nextobject: (4597, 500.7074)
DEBUG:root:nextobject: (4606, 607.2236)
DEBUG:root:do_keyword: pos=4615, token=Td, stack=[]
DEBUG:root:nextobject: (4615, Td)
DEBUG:root:nextobject: (4618, 'and')
DEBUG:root:do_keyword: pos=4624, token=Tj, stack=[]
DEBUG:root:nextobject: (4624, Tj)
DEBUG:root:do_keyword: pos=4627, token=ET, stack=[]
DEBUG:root:nextobject: (4627, ET)
DEBUG:root:do_keyword: pos=4630, token=BT, stack=[]
DEBUG:root:nextobject: (4630, BT)
DEBUG:root:nextobject: (4633, 70.8661)
DEBUG:root:nextobject: (4641, 590.4236)
DEBUG:root:do_keyword: pos=4650, token=Td, stack=[]
DEBUG:root:nextobject: (4650, Td)
DEBUG:root:nextobject: (4653, 'described')
DEBUG:root:do_keyword: pos=4665, token=Tj, stack=[]
DEBUG:root:nextobject: (4665, Tj)
DEBUG:root:do_keyword: pos=4668, token=ET, stack=[]
DEBUG:root:nextobject: (4668, ET)
DEBUG:root:do_keyword: pos=4671, token=BT, stack=[]
DEBUG:root:nextobject: (4671, BT)
DEBUG:root:nextobject: (4674, 135.4384)
DEBUG:root:nextobject: (4683, 590.4236)
DEBUG:root:do_keyword: pos=4692, token=Td, stack=[]
DEBUG:root:nextobject: (4692, Td)
DEBUG:root:nextobject: (4695, 'as')
DEBUG:root:do_keyword: pos=4700, token=Tj, stack=[]
DEBUG:root:nextobject: (4700, Tj)
DEBUG:root:do_keyword: pos=4703, token=ET, stack=[]
DEBUG:root:nextobject: (4703, ET)
DEBUG:root:do_keyword: pos=4706, token=BT, stack=[]
DEBUG:root:nextobject: (4706, BT)
DEBUG:root:nextobject: (4709, 152.9287)
DEBUG:root:nextobject: (4718, 590.4236)
DEBUG:root:do_keyword: pos=4727, token=Td, stack=[]
DEBUG:root:nextobject: (4727, Td)
DEBUG:root:nextobject: (4730, 'lonely,')
DEBUG:root:do_keyword: pos=4740, token=Tj, stack=[]
DEBUG:root:nextobject: (4740, Tj)
DEBUG:root:do_keyword: pos=4743, token=ET, stack=[]
DEBUG:root:nextobject: (4743, ET)
DEBUG:root:do_keyword: pos=4746, token=BT, stack=[]
DEBUG:root:nextobject: (4746, BT)
DEBUG:root:nextobject: (4749, 199.4129)
DEBUG:root:nextobject: (4758, 590.4236)
DEBUG:root:do_keyword: pos=4767, token=Td, stack=[]
DEBUG:root:nextobject: (4767, Td)
DEBUG:root:nextobject: (4770, 'had')
DEBUG:root:do_keyword: pos=4776, token=Tj, stack=[]
DEBUG:root:nextobject: (4776, Tj)
DEBUG:root:do_keyword: pos=4779, token=ET, stack=[]
DEBUG:root:nextobject: (4779, ET)
DEBUG:root:do_keyword: pos=4782, token=BT, stack=[]
DEBUG:root:nextobject: (4782, BT)
DEBUG:root:nextobject: (4785, 227.6692)
DEBUG:root:nextobject: (4794, 590.4236)
DEBUG:root:do_keyword: pos=4803, token=Td, stack=[]
DEBUG:root:nextobject: (4803, Td)
DEBUG:root:nextobject: (4806, 'chosen')
DEBUG:root:do_keyword: pos=4815, token=Tj, stack=[]
DEBUG:root:nextobject: (4815, Tj)
DEBUG:root:do_keyword: pos=4818, token=ET, stack=[]
DEBUG:root:nextobject: (4818, ET)
DEBUG:root:do_keyword: pos=4821, token=BT, stack=[]
DEBUG:root:nextobject: (4821, BT)
DEBUG:root:nextobject: (4824, 275.0214)
DEBUG:root:nextobject: (4833, 590.4236)
DEBUG:root:do_keyword: pos=4842, token=Td, stack=[]
DEBUG:root:nextobject: (4842, Td)
DEBUG:root:nextobject: (4845, 'it')
DEBUG:root:do_keyword: pos=4850, token=Tj, stack=[]
DEBUG:root:nextobject: (4850, Tj)
DEBUG:root:do_keyword: pos=4853, token=ET, stack=[]
DEBUG:root:nextobject: (4853, ET)
DEBUG:root:do_keyword: pos=4856, token=BT, stack=[]
DEBUG:root:nextobject: (4856, BT)
DEBUG:root:nextobject: (4859, 288.2137)
DEBUG:root:nextobject: (4868, 590.4236)
DEBUG:root:do_keyword: pos=4877, token=Td, stack=[]
DEBUG:root:nextobject: (4877, Td)
DEBUG:root:nextobject: (4880, 'from')
DEBUG:root:do_keyword: pos=4887, token=Tj, stack=[]
DEBUG:root:nextobject: (4887, Tj)
DEBUG:root:do_keyword: pos=4890, token=ET, stack=[]
DEBUG:root:nextobject: (4890, ET)
DEBUG:root:do_keyword: pos=4893, token=BT, stack=[]
DEBUG:root:nextobject: (4893, BT)
DEBUG:root:nextobject: (4896, 322.9659)
DEBUG:root:nextobject: (4905, 590.4236)
DEBUG:root:do_keyword: pos=4914, token=Td, stack=[]
DEBUG:root:nextobject: (4914, Td)
DEBUG:root:nextobject: (4917, 'the')
DEBUG:root:do_keyword: pos=4923, token=Tj, stack=[]
DEBUG:root:nextobject: (4923, Tj)
DEBUG:root:do_keyword: pos=4926, token=ET, stack=[]
DEBUG:root:nextobject: (4926, ET)
DEBUG:root:do_keyword: pos=4929, token=BT, stack=[]
DEBUG:root:nextobject: (4929, BT)
DEBUG:root:nextobject: (4932, 346.9382)
DEBUG:root:nextobject: (4941, 590.4236)
DEBUG:root:do_keyword: pos=4950, token=Td, stack=[]
DEBUG:root:nextobject: (4950, Td)
DEBUG:root:nextobject: (4953, 'others')
DEBUG:root:do_keyword: pos=4962, token=Tj, stack=[]
DEBUG:root:nextobject: (4962, Tj)
DEBUG:root:do_keyword: pos=4965, token=ET, stack=[]
DEBUG:root:nextobject: (4965, ET)
DEBUG:root:do_keyword: pos=4968, token=BT, stack=[]
DEBUG:root:nextobject: (4968, BT)
DEBUG:root:nextobject: (4971, 390.0204)
DEBUG:root:nextobject: (4980, 590.4236)
DEBUG:root:do_keyword: pos=4989, token=Td, stack=[]
DEBUG:root:nextobject: (4989, Td)
DEBUG:root:nextobject: (4992, 'for')
DEBUG:root:do_keyword: pos=4998, token=Tj, stack=[]
DEBUG:root:nextobject: (4998, Tj)
DEBUG:root:do_keyword: pos=5001, token=ET, stack=[]
DEBUG:root:nextobject: (5001, ET)
DEBUG:root:do_keyword: pos=5004, token=BT, stack=[]
DEBUG:root:nextobject: (5004, BT)
DEBUG:root:nextobject: (5007, 412.4107)
DEBUG:root:nextobject: (5016, 590.4236)
DEBUG:root:do_keyword: pos=5025, token=Td, stack=[]
DEBUG:root:nextobject: (5025, Td)
DEBUG:root:nextobject: (5028, 'his')
DEBUG:root:do_keyword: pos=5034, token=Tj, stack=[]
DEBUG:root:nextobject: (5034, Tj)
DEBUG:root:do_keyword: pos=5037, token=ET, stack=[]
DEBUG:root:nextobject: (5037, ET)
DEBUG:root:do_keyword: pos=5040, token=BT, stack=[]
DEBUG:root:nextobject: (5040, BT)
DEBUG:root:nextobject: (5043, 435.1229)
DEBUG:root:nextobject: (5052, 590.4236)
DEBUG:root:do_keyword: pos=5061, token=Td, stack=[]
DEBUG:root:nextobject: (5061, Td)
DEBUG:root:nextobject: (5064, 'place')
DEBUG:root:do_keyword: pos=5072, token=Tj, stack=[]
DEBUG:root:nextobject: (5072, Tj)
DEBUG:root:do_keyword: pos=5075, token=ET, stack=[]
DEBUG:root:nextobject: (5075, ET)
DEBUG:root:do_keyword: pos=5078, token=BT, stack=[]
DEBUG:root:nextobject: (5078, BT)
DEBUG:root:nextobject: (5081, 472.0872)
DEBUG:root:nextobject: (5090, 590.4236)
DEBUG:root:do_keyword: pos=5099, token=Td, stack=[]
DEBUG:root:nextobject: (5099, Td)
DEBUG:root:nextobject: (5102, 'of')
DEBUG:root:do_keyword: pos=5107, token=Tj, stack=[]
DEBUG:root:nextobject: (5107, Tj)
DEBUG:root:do_keyword: pos=5110, token=ET, stack=[]
DEBUG:root:nextobject: (5110, ET)
DEBUG:root:do_keyword: pos=5113, token=BT, stack=[]
DEBUG:root:nextobject: (5113, BT)
DEBUG:root:nextobject: (5116, 488.9474)
DEBUG:root:nextobject: (5125, 590.4236)
DEBUG:root:do_keyword: pos=5134, token=Td, stack=[]
DEBUG:root:nextobject: (5134, Td)
DEBUG:root:nextobject: (5137, 'resid-')
DEBUG:root:do_keyword: pos=5146, token=Tj, stack=[]
DEBUG:root:nextobject: (5146, Tj)
DEBUG:root:do_keyword: pos=5149, token=ET, stack=[]
DEBUG:root:nextobject: (5149, ET)
DEBUG:root:do_keyword: pos=5152, token=BT, stack=[]
DEBUG:root:nextobject: (5152, BT)
DEBUG:root:nextobject: (5155, 70.8661)
DEBUG:root:nextobject: (5163, 573.6236)
DEBUG:root:do_keyword: pos=5172, token=Td, stack=[]
DEBUG:root:nextobject: (5172, Td)
DEBUG:root:nextobject: (5175, 'ence. And that was all we could learn of our guest.')
DEBUG:root:do_keyword: pos=5229, token=Tj, stack=[]
DEBUG:root:nextobject: (5229, Tj)
DEBUG:root:do_keyword: pos=5232, token=ET, stack=[]
DEBUG:root:nextobject: (5232, ET)
DEBUG:root:do_keyword: pos=5235, token=BT, stack=[]
DEBUG:root:nextobject: (5235, BT)
DEBUG:root:nextobject: (5238, 84.8661)
DEBUG:root:nextobject: (5246, 556.8236)
DEBUG:root:do_keyword: pos=5255, token=Td, stack=[]
DEBUG:root:nextobject: (5255, Td)
DEBUG:root:nextobject: (5258, 'He')
DEBUG:root:do_keyword: pos=5263, token=Tj, stack=[]
DEBUG:root:nextobject: (5263, Tj)
DEBUG:root:do_keyword: pos=5266, token=ET, stack=[]
DEBUG:root:nextobject: (5266, ET)
DEBUG:root:do_keyword: pos=5269, token=BT, stack=[]
DEBUG:root:nextobject: (5269, BT)
DEBUG:root:nextobject: (5272, 107.5401)
DEBUG:root:nextobject: (5281, 556.8236)
DEBUG:root:do_keyword: pos=5290, token=Td, stack=[]
DEBUG:root:nextobject: (5290, Td)
DEBUG:root:nextobject: (5293, 'was')
DEBUG:root:do_keyword: pos=5299, token=Tj, stack=[]
DEBUG:root:nextobject: (5299, Tj)
DEBUG:root:do_keyword: pos=5302, token=ET, stack=[]
DEBUG:root:nextobject: (5302, ET)
DEBUG:root:do_keyword: pos=5305, token=BT, stack=[]
DEBUG:root:nextobject: (5305, BT)
DEBUG:root:nextobject: (5308, 136.472)
DEBUG:root:nextobject: (5317, 556.8236)
DEBUG:root:do_keyword: pos=5326, token=Td, stack=[]
DEBUG:root:nextobject: (5326, Td)
DEBUG:root:nextobject: (5329, 'a')
DEBUG:root:do_keyword: pos=5333, token=Tj, stack=[]
DEBUG:root:nextobject: (5333, Tj)
DEBUG:root:do_keyword: pos=5336, token=ET, stack=[]
DEBUG:root:nextobject: (5336, ET)
DEBUG:root:do_keyword: pos=5339, token=BT, stack=[]
DEBUG:root:nextobject: (5339, BT)
DEBUG:root:nextobject: (5342, 147.792)
DEBUG:root:nextobject: (5351, 556.8236)
DEBUG:root:do_keyword: pos=5360, token=Td, stack=[]
DEBUG:root:nextobject: (5360, Td)
DEBUG:root:nextobject: (5363, 'very')
DEBUG:root:do_keyword: pos=5370, token=Tj, stack=[]
DEBUG:root:nextobject: (5370, Tj)
DEBUG:root:do_keyword: pos=5373, token=ET, stack=[]
DEBUG:root:nextobject: (5373, ET)
DEBUG:root:do_keyword: pos=5376, token=BT, stack=[]
DEBUG:root:nextobject: (5376, BT)
DEBUG:root:nextobject: (5379, 180.0419)
DEBUG:root:nextobject: (5388, 556.8236)
DEBUG:root:do_keyword: pos=5397, token=Td, stack=[]
DEBUG:root:nextobject: (5397, Td)
DEBUG:root:nextobject: (5400, 'silent')
DEBUG:root:do_keyword: pos=5409, token=Tj, stack=[]
DEBUG:root:nextobject: (5409, Tj)
DEBUG:root:do_keyword: pos=5412, token=ET, stack=[]
DEBUG:root:nextobject: (5412, ET)
DEBUG:root:do_keyword: pos=5415, token=BT, stack=[]
DEBUG:root:nextobject: (5415, BT)
DEBUG:root:nextobject: (5418, 217.8639)
DEBUG:root:nextobject: (5427, 556.8236)
DEBUG:root:do_keyword: pos=5436, token=Td, stack=[]
DEBUG:root:nextobject: (5436, Td)
DEBUG:root:nextobject: (5439, 'man')
DEBUG:root:do_keyword: pos=5445, token=Tj, stack=[]
DEBUG:root:nextobject: (5445, Tj)
DEBUG:root:do_keyword: pos=5448, token=ET, stack=[]
DEBUG:root:nextobject: (5448, ET)
DEBUG:root:do_keyword: pos=5451, token=BT, stack=[]
DEBUG:root:nextobject: (5451, BT)
DEBUG:root:nextobject: (5454, 249.6938)
DEBUG:root:nextobject: (5463, 556.8236)
DEBUG:root:do_keyword: pos=5472, token=Td, stack=[]
DEBUG:root:nextobject: (5472, Td)
DEBUG:root:nextobject: (5475, 'by')
DEBUG:root:do_keyword: pos=5480, token=Tj, stack=[]
DEBUG:root:nextobject: (5480, Tj)
DEBUG:root:do_keyword: pos=5483, token=ET, stack=[]
DEBUG:root:nextobject: (5483, ET)
DEBUG:root:do_keyword: pos=5486, token=BT, stack=[]
DEBUG:root:nextobject: (5486, BT)
DEBUG:root:nextobject: (5489, 269.5398)
DEBUG:root:nextobject: (5498, 556.8236)
DEBUG:root:do_keyword: pos=5507, token=Td, stack=[]
DEBUG:root:nextobject: (5507, Td)
DEBUG:root:nextobject: (5510, 'custom.')
DEBUG:root:do_keyword: pos=5520, token=Tj, stack=[]
DEBUG:root:nextobject: (5520, Tj)
DEBUG:root:do_keyword: pos=5523, token=ET, stack=[]
DEBUG:root:nextobject: (5523, ET)
DEBUG:root:do_keyword: pos=5526, token=BT, stack=[]
DEBUG:root:nextobject: (5526, BT)
DEBUG:root:nextobject: (5529, 322.5237)
DEBUG:root:nextobject: (5538, 556.8236)
DEBUG:root:do_keyword: pos=5547, token=Td, stack=[]
DEBUG:root:nextobject: (5547, Td)
DEBUG:root:nextobject: (5550, 'All')
DEBUG:root:do_keyword: pos=5556, token=Tj, stack=[]
DEBUG:root:nextobject: (5556, Tj)
DEBUG:root:do_keyword: pos=5559, token=ET, stack=[]
DEBUG:root:nextobject: (5559, ET)
DEBUG:root:do_keyword: pos=5562, token=BT, stack=[]
DEBUG:root:nextobject: (5562, BT)
DEBUG:root:nextobject: (5565, 345.8837)
DEBUG:root:nextobject: (5574, 556.8236)
DEBUG:root:do_keyword: pos=5583, token=Td, stack=[]
DEBUG:root:nextobject: (5583, Td)
DEBUG:root:nextobject: (5586, 'day')
DEBUG:root:do_keyword: pos=5592, token=Tj, stack=[]
DEBUG:root:nextobject: (5592, Tj)
DEBUG:root:do_keyword: pos=5595, token=ET, stack=[]
DEBUG:root:nextobject: (5595, ET)
DEBUG:root:do_keyword: pos=5598, token=BT, stack=[]
DEBUG:root:nextobject: (5598, BT)
DEBUG:root:nextobject: (5601, 373.5416)
DEBUG:root:nextobject: (5610, 556.8236)
DEBUG:root:do_keyword: pos=5619, token=Td, stack=[]
DEBUG:root:nextobject: (5619, Td)
DEBUG:root:nextobject: (5622, 'he')
DEBUG:root:do_keyword: pos=5627, token=Tj, stack=[]
DEBUG:root:nextobject: (5627, Tj)
DEBUG:root:do_keyword: pos=5630, token=ET, stack=[]
DEBUG:root:nextobject: (5630, ET)
DEBUG:root:do_keyword: pos=5633, token=BT, stack=[]
DEBUG:root:nextobject: (5633, BT)
DEBUG:root:nextobject: (5636, 392.7156)
DEBUG:root:nextobject: (5645, 556.8236)
DEBUG:root:do_keyword: pos=5654, token=Td, stack=[]
DEBUG:root:nextobject: (5654, Td)
DEBUG:root:nextobject: (5657, 'hung')
DEBUG:root:do_keyword: pos=5664, token=Tj, stack=[]
DEBUG:root:nextobject: (5664, Tj)
DEBUG:root:do_keyword: pos=5667, token=ET, stack=[]
DEBUG:root:nextobject: (5667, ET)
DEBUG:root:do_keyword: pos=5670, token=BT, stack=[]
DEBUG:root:nextobject: (5670, BT)
DEBUG:root:nextobject: (5673, 429.5575)
DEBUG:root:nextobject: (5682, 556.8236)
DEBUG:root:do_keyword: pos=5691, token=Td, stack=[]
DEBUG:root:nextobject: (5691, Td)
DEBUG:root:nextobject: (5694, 'round')
DEBUG:root:do_keyword: pos=5702, token=Tj, stack=[]
DEBUG:root:nextobject: (5702, Tj)
DEBUG:root:do_keyword: pos=5705, token=ET, stack=[]
DEBUG:root:nextobject: (5705, ET)
DEBUG:root:do_keyword: pos=5708, token=BT, stack=[]
DEBUG:root:nextobject: (5708, BT)
DEBUG:root:nextobject: (5711, 472.1955)
DEBUG:root:nextobject: (5720, 556.8236)
DEBUG:root:do_keyword: pos=5729, token=Td, stack=[]
DEBUG:root:nextobject: (5729, Td)
DEBUG:root:nextobject: (5732, 'the')
DEBUG:root:do_keyword: pos=5738, token=Tj, stack=[]
DEBUG:root:nextobject: (5738, Tj)
DEBUG:root:do_keyword: pos=5741, token=ET, stack=[]
DEBUG:root:nextobject: (5741, ET)
DEBUG:root:do_keyword: pos=5744, token=BT, stack=[]
DEBUG:root:nextobject: (5744, BT)
DEBUG:root:nextobject: (5747, 495.9334)
DEBUG:root:nextobject: (5756, 556.8236)
DEBUG:root:do_keyword: pos=5765, token=Td, stack=[]
DEBUG:root:nextobject: (5765, Td)
DEBUG:root:nextobject: (5768, 'cove')
DEBUG:root:do_keyword: pos=5775, token=Tj, stack=[]
DEBUG:root:nextobject: (5775, Tj)
DEBUG:root:do_keyword: pos=5778, token=ET, stack=[]
DEBUG:root:nextobject: (5778, ET)
DEBUG:root:do_keyword: pos=5781, token=BT, stack=[]
DEBUG:root:nextobject: (5781, BT)
DEBUG:root:nextobject: (5784, 70.8661)
DEBUG:root:nextobject: (5792, 540.0236)
DEBUG:root:do_keyword: pos=5801, token=Td, stack=[]
DEBUG:root:nextobject: (5801, Td)
DEBUG:root:nextobject: (5804, 'or')
DEBUG:root:do_keyword: pos=5809, token=Tj, stack=[]
DEBUG:root:nextobject: (5809, Tj)
DEBUG:root:do_keyword: pos=5812, token=ET, stack=[]
DEBUG:root:nextobject: (5812, ET)
DEBUG:root:do_keyword: pos=5815, token=BT, stack=[]
DEBUG:root:nextobject: (5815, BT)
DEBUG:root:nextobject: (5818, 88.1953)
DEBUG:root:nextobject: (5826, 540.0236)
DEBUG:root:do_keyword: pos=5835, token=Td, stack=[]
DEBUG:root:nextobject: (5835, Td)
DEBUG:root:nextobject: (5838, 'upon')
DEBUG:root:do_keyword: pos=5845, token=Tj, stack=[]
DEBUG:root:nextobject: (5845, Tj)
DEBUG:root:do_keyword: pos=5848, token=ET, stack=[]
DEBUG:root:nextobject: (5848, ET)
DEBUG:root:do_keyword: pos=5851, token=BT, stack=[]
DEBUG:root:nextobject: (5851, BT)
DEBUG:root:nextobject: (5854, 124.9984)
DEBUG:root:nextobject: (5863, 540.0236)
DEBUG:root:do_keyword: pos=5872, token=Td, stack=[]
DEBUG:root:nextobject: (5872, Td)
DEBUG:root:nextobject: (5875, 'the')
DEBUG:root:do_keyword: pos=5881, token=Tj, stack=[]
DEBUG:root:nextobject: (5881, Tj)
DEBUG:root:do_keyword: pos=5884, token=ET, stack=[]
DEBUG:root:nextobject: (5884, ET)
DEBUG:root:do_keyword: pos=5887, token=BT, stack=[]
DEBUG:root:nextobject: (5887, BT)
DEBUG:root:nextobject: (5890, 148.5716)
DEBUG:root:nextobject: (5899, 540.0236)
DEBUG:root:do_keyword: pos=5908, token=Td, stack=[]
DEBUG:root:nextobject: (5908, Td)
DEBUG:root:nextobject: (5911, 'cliffs')
DEBUG:root:do_keyword: pos=5920, token=Tj, stack=[]
DEBUG:root:nextobject: (5920, Tj)
DEBUG:root:do_keyword: pos=5923, token=ET, stack=[]
DEBUG:root:nextobject: (5923, ET)
DEBUG:root:do_keyword: pos=5926, token=BT, stack=[]
DEBUG:root:nextobject: (5926, BT)
DEBUG:root:nextobject: (5929, 182.3508)
DEBUG:root:nextobject: (5938, 540.0236)
DEBUG:root:do_keyword: pos=5947, token=Td, stack=[]
DEBUG:root:nextobject: (5947, Td)
DEBUG:root:nextobject: (5950, 'with')
DEBUG:root:do_keyword: pos=5957, token=Tj, stack=[]
DEBUG:root:nextobject: (5957, Tj)
DEBUG:root:do_keyword: pos=5960, token=ET, stack=[]
DEBUG:root:nextobject: (5960, ET)
DEBUG:root:do_keyword: pos=5963, token=BT, stack=[]
DEBUG:root:nextobject: (5963, BT)
DEBUG:root:nextobject: (5966, 214.9679)
DEBUG:root:nextobject: (5975, 540.0236)
DEBUG:root:do_keyword: pos=5984, token=Td, stack=[]
DEBUG:root:nextobject: (5984, Td)
DEBUG:root:nextobject: (5987, 'a')
DEBUG:root:do_keyword: pos=5991, token=Tj, stack=[]
DEBUG:root:nextobject: (5991, Tj)
DEBUG:root:do_keyword: pos=5994, token=ET, stack=[]
DEBUG:root:nextobject: (5994, ET)
DEBUG:root:do_keyword: pos=5997, token=BT, stack=[]
DEBUG:root:nextobject: (5997, BT)
DEBUG:root:nextobject: (6000, 226.1231)
DEBUG:root:nextobject: (6009, 540.0236)
DEBUG:root:do_keyword: pos=6018, token=Td, stack=[]
DEBUG:root:nextobject: (6018, Td)
DEBUG:root:nextobject: (6021, 'brass')
DEBUG:root:do_keyword: pos=6029, token=Tj, stack=[]
DEBUG:root:nextobject: (6029, Tj)
DEBUG:root:do_keyword: pos=6032, token=ET, stack=[]
DEBUG:root:nextobject: (6032, ET)
DEBUG:root:do_keyword: pos=6035, token=BT, stack=[]
DEBUG:root:nextobject: (6035, BT)
DEBUG:root:nextobject: (6038, 262.4222)
DEBUG:root:nextobject: (6047, 540.0236)
DEBUG:root:do_keyword: pos=6056, token=Td, stack=[]
DEBUG:root:nextobject: (6056, Td)
DEBUG:root:nextobject: (6059, 'telescope;')
DEBUG:root:do_keyword: pos=6072, token=Tj, stack=[]
DEBUG:root:nextobject: (6072, Tj)
DEBUG:root:do_keyword: pos=6075, token=ET, stack=[]
DEBUG:root:nextobject: (6075, ET)
DEBUG:root:do_keyword: pos=6078, token=BT, stack=[]
DEBUG:root:nextobject: (6078, BT)
DEBUG:root:nextobject: (6081, 327.0434)
DEBUG:root:nextobject: (6090, 540.0236)
DEBUG:root:do_keyword: pos=6099, token=Td, stack=[]
DEBUG:root:nextobject: (6099, Td)
DEBUG:root:nextobject: (6102, 'all')
DEBUG:root:do_keyword: pos=6108, token=Tj, stack=[]
DEBUG:root:nextobject: (6108, Tj)
DEBUG:root:do_keyword: pos=6111, token=ET, stack=[]
DEBUG:root:nextobject: (6111, ET)
DEBUG:root:do_keyword: pos=6114, token=BT, stack=[]
DEBUG:root:nextobject: (6114, BT)
DEBUG:root:nextobject: (6117, 346.3465)
DEBUG:root:nextobject: (6126, 540.0236)
DEBUG:root:do_keyword: pos=6135, token=Td, stack=[]
DEBUG:root:nextobject: (6135, Td)
DEBUG:root:nextobject: (6138, 'evening')
DEBUG:root:do_keyword: pos=6148, token=Tj, stack=[]
DEBUG:root:nextobject: (6148, Tj)
DEBUG:root:do_keyword: pos=6151, token=ET, stack=[]
DEBUG:root:nextobject: (6151, ET)
DEBUG:root:do_keyword: pos=6154, token=BT, stack=[]
DEBUG:root:nextobject: (6154, BT)
DEBUG:root:nextobject: (6157, 399.9777)
DEBUG:root:nextobject: (6166, 540.0236)
DEBUG:root:do_keyword: pos=6175, token=Td, stack=[]
DEBUG:root:nextobject: (6175, Td)
DEBUG:root:nextobject: (6178, 'he')
DEBUG:root:do_keyword: pos=6183, token=Tj, stack=[]
DEBUG:root:nextobject: (6183, Tj)
DEBUG:root:do_keyword: pos=6186, token=ET, stack=[]
DEBUG:root:nextobject: (6186, ET)
DEBUG:root:do_keyword: pos=6189, token=BT, stack=[]
DEBUG:root:nextobject: (6189, BT)
DEBUG:root:nextobject: (6192, 418.9868)
DEBUG:root:nextobject: (6201, 540.0236)
DEBUG:root:do_keyword: pos=6210, token=Td, stack=[]
DEBUG:root:nextobject: (6210, Td)
DEBUG:root:nextobject: (6213, 'sat')
DEBUG:root:do_keyword: pos=6219, token=Tj, stack=[]
DEBUG:root:nextobject: (6219, Tj)
DEBUG:root:do_keyword: pos=6222, token=ET, stack=[]
DEBUG:root:nextobject: (6222, ET)
DEBUG:root:do_keyword: pos=6225, token=BT, stack=[]
DEBUG:root:nextobject: (6225, BT)
DEBUG:root:nextobject: (6228, 440.642)
DEBUG:root:nextobject: (6237, 540.0236)
DEBUG:root:do_keyword: pos=6246, token=Td, stack=[]
DEBUG:root:nextobject: (6246, Td)
DEBUG:root:nextobject: (6249, 'in')
DEBUG:root:do_keyword: pos=6254, token=Tj, stack=[]
DEBUG:root:nextobject: (6254, Tj)
DEBUG:root:do_keyword: pos=6257, token=ET, stack=[]
DEBUG:root:nextobject: (6257, ET)
DEBUG:root:do_keyword: pos=6260, token=BT, stack=[]
DEBUG:root:nextobject: (6260, BT)
DEBUG:root:nextobject: (6263, 457.0191)
DEBUG:root:nextobject: (6272, 540.0236)
DEBUG:root:do_keyword: pos=6281, token=Td, stack=[]
DEBUG:root:nextobject: (6281, Td)
DEBUG:root:nextobject: (6284, 'a')
DEBUG:root:do_keyword: pos=6288, token=Tj, stack=[]
DEBUG:root:nextobject: (6288, Tj)
DEBUG:root:do_keyword: pos=6291, token=ET, stack=[]
DEBUG:root:nextobject: (6291, ET)
DEBUG:root:do_keyword: pos=6294, token=BT, stack=[]
DEBUG:root:nextobject: (6294, BT)
DEBUG:root:nextobject: (6297, 468.1743)
DEBUG:root:nextobject: (6306, 540.0236)
DEBUG:root:do_keyword: pos=6315, token=Td, stack=[]
DEBUG:root:nextobject: (6315, Td)
DEBUG:root:nextobject: (6318, 'corner')
DEBUG:root:do_keyword: pos=6327, token=Tj, stack=[]
DEBUG:root:nextobject: (6327, Tj)
DEBUG:root:do_keyword: pos=6330, token=ET, stack=[]
DEBUG:root:nextobject: (6330, ET)
DEBUG:root:do_keyword: pos=6333, token=BT, stack=[]
DEBUG:root:nextobject: (6333, BT)
DEBUG:root:nextobject: (6336, 512.1034)
DEBUG:root:nextobject: (6345, 540.0236)
DEBUG:root:do_keyword: pos=6354, token=Td, stack=[]
DEBUG:root:nextobject: (6354, Td)
DEBUG:root:nextobject: (6357, 'of')
DEBUG:root:do_keyword: pos=6362, token=Tj, stack=[]
DEBUG:root:nextobject: (6362, Tj)
DEBUG:root:do_keyword: pos=6365, token=ET, stack=[]
DEBUG:root:nextobject: (6365, ET)
DEBUG:root:do_keyword: pos=6368, token=BT, stack=[]
DEBUG:root:nextobject: (6368, BT)
DEBUG:root:nextobject: (6371, 70.8661)
DEBUG:root:nextobject: (6379, 523.2236)
DEBUG:root:do_keyword: pos=6388, token=Td, stack=[]
DEBUG:root:nextobject: (6388, Td)
DEBUG:root:nextobject: (6391, 'the')
DEBUG:root:do_keyword: pos=6397, token=Tj, stack=[]
DEBUG:root:nextobject: (6397, Tj)
DEBUG:root:do_keyword: pos=6400, token=ET, stack=[]
DEBUG:root:nextobject: (6400, ET)
DEBUG:root:do_keyword: pos=6403, token=BT, stack=[]
DEBUG:root:nextobject: (6403, BT)
DEBUG:root:nextobject: (6406, 95.2798)
DEBUG:root:nextobject: (6414, 523.2236)
DEBUG:root:do_keyword: pos=6423, token=Td, stack=[]
DEBUG:root:nextobject: (6423, Td)
DEBUG:root:nextobject: (6426, 'parlour')
DEBUG:root:do_keyword: pos=6436, token=Tj, stack=[]
DEBUG:root:nextobject: (6436, Tj)
DEBUG:root:do_keyword: pos=6439, token=ET, stack=[]
DEBUG:root:nextobject: (6439, ET)
DEBUG:root:do_keyword: pos=6442, token=BT, stack=[]
DEBUG:root:nextobject: (6442, BT)
DEBUG:root:nextobject: (6445, 146.9094)
DEBUG:root:nextobject: (6454, 523.2236)
DEBUG:root:do_keyword: pos=6463, token=Td, stack=[]
DEBUG:root:nextobject: (6463, Td)
DEBUG:root:nextobject: (6466, 'next')
DEBUG:root:do_keyword: pos=6473, token=Tj, stack=[]
DEBUG:root:nextobject: (6473, Tj)
DEBUG:root:do_keyword: pos=6476, token=ET, stack=[]
DEBUG:root:nextobject: (6476, ET)
DEBUG:root:do_keyword: pos=6479, token=BT, stack=[]
DEBUG:root:nextobject: (6479, BT)
DEBUG:root:nextobject: (6482, 178.547)
DEBUG:root:nextobject: (6491, 523.2236)
DEBUG:root:do_keyword: pos=6500, token=Td, stack=[]
DEBUG:root:nextobject: (6500, Td)
DEBUG:root:nextobject: (6503, 'the')
DEBUG:root:do_keyword: pos=6509, token=Tj, stack=[]
DEBUG:root:nextobject: (6509, Tj)
DEBUG:root:do_keyword: pos=6512, token=ET, stack=[]
DEBUG:root:nextobject: (6512, ET)
DEBUG:root:do_keyword: pos=6515, token=BT, stack=[]
DEBUG:root:nextobject: (6515, BT)
DEBUG:root:nextobject: (6518, 202.9606)
DEBUG:root:nextobject: (6527, 523.2236)
DEBUG:root:do_keyword: pos=6536, token=Td, stack=[]
DEBUG:root:nextobject: (6536, Td)
DEBUG:root:nextobject: (6539, 'fire')
DEBUG:root:do_keyword: pos=6546, token=Tj, stack=[]
DEBUG:root:nextobject: (6546, Tj)
DEBUG:root:do_keyword: pos=6549, token=ET, stack=[]
DEBUG:root:nextobject: (6549, ET)
DEBUG:root:do_keyword: pos=6552, token=BT, stack=[]
DEBUG:root:nextobject: (6552, BT)
DEBUG:root:nextobject: (6555, 228.9282)
DEBUG:root:nextobject: (6564, 523.2236)
DEBUG:root:do_keyword: pos=6573, token=Td, stack=[]
DEBUG:root:nextobject: (6573, Td)
DEBUG:root:nextobject: (6576, 'and')
DEBUG:root:do_keyword: pos=6582, token=Tj, stack=[]
DEBUG:root:nextobject: (6582, Tj)
DEBUG:root:do_keyword: pos=6585, token=ET, stack=[]
DEBUG:root:nextobject: (6585, ET)
DEBUG:root:do_keyword: pos=6588, token=BT, stack=[]
DEBUG:root:nextobject: (6588, BT)
DEBUG:root:nextobject: (6591, 257.6258)
DEBUG:root:nextobject: (6600, 523.2236)
DEBUG:root:do_keyword: pos=6609, token=Td, stack=[]
DEBUG:root:nextobject: (6609, Td)
DEBUG:root:nextobject: (6612, 'drank')
DEBUG:root:do_keyword: pos=6620, token=Tj, stack=[]
DEBUG:root:nextobject: (6620, Tj)
DEBUG:root:do_keyword: pos=6623, token=ET, stack=[]
DEBUG:root:nextobject: (6623, ET)
DEBUG:root:do_keyword: pos=6626, token=BT, stack=[]
DEBUG:root:nextobject: (6626, BT)
DEBUG:root:nextobject: (6629, 299.6374)
DEBUG:root:nextobject: (6638, 523.2236)
DEBUG:root:do_keyword: pos=6647, token=Td, stack=[]
DEBUG:root:nextobject: (6647, Td)
DEBUG:root:nextobject: (6650, 'rum')
DEBUG:root:do_keyword: pos=6656, token=Tj, stack=[]
DEBUG:root:nextobject: (6656, Tj)
DEBUG:root:do_keyword: pos=6659, token=ET, stack=[]
DEBUG:root:nextobject: (6659, ET)
DEBUG:root:do_keyword: pos=6662, token=BT, stack=[]
DEBUG:root:nextobject: (6662, BT)
DEBUG:root:nextobject: (6665, 330.967)
DEBUG:root:nextobject: (6674, 523.2236)
DEBUG:root:do_keyword: pos=6683, token=Td, stack=[]
DEBUG:root:nextobject: (6683, Td)
DEBUG:root:nextobject: (6686, 'and')
DEBUG:root:do_keyword: pos=6692, token=Tj, stack=[]
DEBUG:root:nextobject: (6692, Tj)
DEBUG:root:do_keyword: pos=6695, token=ET, stack=[]
DEBUG:root:nextobject: (6695, ET)
DEBUG:root:do_keyword: pos=6698, token=BT, stack=[]
DEBUG:root:nextobject: (6698, BT)
DEBUG:root:nextobject: (6701, 359.6646)
DEBUG:root:nextobject: (6710, 523.2236)
DEBUG:root:do_keyword: pos=6719, token=Td, stack=[]
DEBUG:root:nextobject: (6719, Td)
DEBUG:root:nextobject: (6722, 'water')
DEBUG:root:do_keyword: pos=6730, token=Tj, stack=[]
DEBUG:root:nextobject: (6730, Tj)
DEBUG:root:do_keyword: pos=6733, token=ET, stack=[]
DEBUG:root:nextobject: (6733, ET)
DEBUG:root:do_keyword: pos=6736, token=BT, stack=[]
DEBUG:root:nextobject: (6736, BT)
DEBUG:root:nextobject: (6739, 400.1362)
DEBUG:root:nextobject: (6748, 523.2236)
DEBUG:root:do_keyword: pos=6757, token=Td, stack=[]
DEBUG:root:nextobject: (6757, Td)
DEBUG:root:nextobject: (6760, 'very')
DEBUG:root:do_keyword: pos=6767, token=Tj, stack=[]
DEBUG:root:nextobject: (6767, Tj)
DEBUG:root:do_keyword: pos=6770, token=ET, stack=[]
DEBUG:root:nextobject: (6770, ET)
DEBUG:root:do_keyword: pos=6773, token=BT, stack=[]
DEBUG:root:nextobject: (6773, BT)
DEBUG:root:nextobject: (6776, 433.0618)
DEBUG:root:nextobject: (6785, 523.2236)
DEBUG:root:do_keyword: pos=6794, token=Td, stack=[]
DEBUG:root:nextobject: (6794, Td)
DEBUG:root:nextobject: (6797, 'strong.')
DEBUG:root:do_keyword: pos=6807, token=Tj, stack=[]
DEBUG:root:nextobject: (6807, Tj)
DEBUG:root:do_keyword: pos=6810, token=ET, stack=[]
DEBUG:root:nextobject: (6810, ET)
DEBUG:root:do_keyword: pos=6813, token=BT, stack=[]
DEBUG:root:nextobject: (6813, BT)
DEBUG:root:nextobject: (6816, 481.1634)
DEBUG:root:nextobject: (6825, 523.2236)
DEBUG:root:do_keyword: pos=6834, token=Td, stack=[]
DEBUG:root:nextobject: (6834, Td)
DEBUG:root:nextobject: (6837, 'Mostly')
DEBUG:root:do_keyword: pos=6846, token=Tj, stack=[]
DEBUG:root:nextobject: (6846, Tj)
DEBUG:root:do_keyword: pos=6849, token=ET, stack=[]
DEBUG:root:nextobject: (6849, ET)
DEBUG:root:do_keyword: pos=6852, token=BT, stack=[]
DEBUG:root:nextobject: (6852, BT)
DEBUG:root:nextobject: (6855, 70.8661)
DEBUG:root:nextobject: (6863, 506.4236)
DEBUG:root:do_keyword: pos=6872, token=Td, stack=[]
DEBUG:root:nextobject: (6872, Td)
DEBUG:root:nextobject: (6875, 'he')
DEBUG:root:do_keyword: pos=6880, token=Tj, stack=[]
DEBUG:root:nextobject: (6880, Tj)
DEBUG:root:do_keyword: pos=6883, token=ET, stack=[]
DEBUG:root:nextobject: (6883, ET)
DEBUG:root:do_keyword: pos=6886, token=BT, stack=[]
DEBUG:root:nextobject: (6886, BT)
DEBUG:root:nextobject: (6889, 89.3967)
DEBUG:root:nextobject: (6897, 506.4236)
DEBUG:root:do_keyword: pos=6906, token=Td, stack=[]
DEBUG:root:nextobject: (6906, Td)
DEBUG:root:nextobject: (6909, 'would')
DEBUG:root:do_keyword: pos=6917, token=Tj, stack=[]
DEBUG:root:nextobject: (6917, Tj)
DEBUG:root:do_keyword: pos=6920, token=ET, stack=[]
DEBUG:root:nextobject: (6920, ET)
DEBUG:root:do_keyword: pos=6923, token=BT, stack=[]
DEBUG:root:nextobject: (6923, BT)
DEBUG:root:nextobject: (6926, 133.4633)
DEBUG:root:nextobject: (6935, 506.4236)
DEBUG:root:do_keyword: pos=6944, token=Td, stack=[]
DEBUG:root:nextobject: (6944, Td)
DEBUG:root:nextobject: (6947, 'not')
DEBUG:root:do_keyword: pos=6953, token=Tj, stack=[]
DEBUG:root:nextobject: (6953, Tj)
DEBUG:root:do_keyword: pos=6956, token=ET, stack=[]
DEBUG:root:nextobject: (6956, ET)
DEBUG:root:do_keyword: pos=6959, token=BT, stack=[]
DEBUG:root:nextobject: (6959, BT)
DEBUG:root:nextobject: (6962, 157.4958)
DEBUG:root:nextobject: (6971, 506.4236)
DEBUG:root:do_keyword: pos=6980, token=Td, stack=[]
DEBUG:root:nextobject: (6980, Td)
DEBUG:root:nextobject: (6983, 'speak')
DEBUG:root:do_keyword: pos=6991, token=Tj, stack=[]
DEBUG:root:nextobject: (6991, Tj)
DEBUG:root:do_keyword: pos=6994, token=ET, stack=[]
DEBUG:root:nextobject: (6994, ET)
DEBUG:root:do_keyword: pos=6997, token=BT, stack=[]
DEBUG:root:nextobject: (6997, BT)
DEBUG:root:nextobject: (7000, 197.0124)
DEBUG:root:nextobject: (7009, 506.4236)
DEBUG:root:do_keyword: pos=7018, token=Td, stack=[]
DEBUG:root:nextobject: (7018, Td)
DEBUG:root:nextobject: (7021, 'when')
DEBUG:root:do_keyword: pos=7028, token=Tj, stack=[]
DEBUG:root:nextobject: (7028, Tj)
DEBUG:root:do_keyword: pos=7031, token=ET, stack=[]
DEBUG:root:nextobject: (7031, ET)
DEBUG:root:do_keyword: pos=7034, token=BT, stack=[]
DEBUG:root:nextobject: (7034, BT)
DEBUG:root:nextobject: (7037, 235.367)
DEBUG:root:nextobject: (7046, 506.4236)
DEBUG:root:do_keyword: pos=7055, token=Td, stack=[]
DEBUG:root:nextobject: (7055, Td)
DEBUG:root:nextobject: (7058, 'spoken')
DEBUG:root:do_keyword: pos=7067, token=Tj, stack=[]
DEBUG:root:nextobject: (7067, Tj)
DEBUG:root:do_keyword: pos=7070, token=ET, stack=[]
DEBUG:root:nextobject: (7070, ET)
DEBUG:root:do_keyword: pos=7073, token=BT, stack=[]
DEBUG:root:nextobject: (7073, BT)
DEBUG:root:nextobject: (7076, 283.6755)
DEBUG:root:nextobject: (7085, 506.4236)
DEBUG:root:do_keyword: pos=7094, token=Td, stack=[]
DEBUG:root:nextobject: (7094, Td)
DEBUG:root:nextobject: (7097, 'to,')
DEBUG:root:do_keyword: pos=7103, token=Tj, stack=[]
DEBUG:root:nextobject: (7103, Tj)
DEBUG:root:do_keyword: pos=7106, token=ET, stack=[]
DEBUG:root:nextobject: (7106, ET)
DEBUG:root:do_keyword: pos=7109, token=BT, stack=[]
DEBUG:root:nextobject: (7109, BT)
DEBUG:root:nextobject: (7112, 303.0601)
DEBUG:root:nextobject: (7121, 506.4236)
DEBUG:root:do_keyword: pos=7130, token=Td, stack=[]
DEBUG:root:nextobject: (7130, Td)
DEBUG:root:nextobject: (7133, 'only')
DEBUG:root:do_keyword: pos=7140, token=Tj, stack=[]
DEBUG:root:nextobject: (7140, Tj)
DEBUG:root:do_keyword: pos=7143, token=ET, stack=[]
DEBUG:root:nextobject: (7143, ET)
DEBUG:root:do_keyword: pos=7146, token=BT, stack=[]
DEBUG:root:nextobject: (7146, BT)
DEBUG:root:nextobject: (7149, 334.3866)
DEBUG:root:nextobject: (7158, 506.4236)
DEBUG:root:do_keyword: pos=7167, token=Td, stack=[]
DEBUG:root:nextobject: (7167, Td)
DEBUG:root:nextobject: (7170, 'look')
DEBUG:root:do_keyword: pos=7177, token=Tj, stack=[]
DEBUG:root:nextobject: (7177, Tj)
DEBUG:root:do_keyword: pos=7180, token=ET, stack=[]
DEBUG:root:nextobject: (7180, ET)
DEBUG:root:do_keyword: pos=7183, token=BT, stack=[]
DEBUG:root:nextobject: (7183, BT)
DEBUG:root:nextobject: (7186, 365.2092)
DEBUG:root:nextobject: (7195, 506.4236)
DEBUG:root:do_keyword: pos=7204, token=Td, stack=[]
DEBUG:root:nextobject: (7204, Td)
DEBUG:root:nextobject: (7207, 'up')
DEBUG:root:do_keyword: pos=7212, token=Tj, stack=[]
DEBUG:root:nextobject: (7212, Tj)
DEBUG:root:do_keyword: pos=7215, token=ET, stack=[]
DEBUG:root:nextobject: (7215, ET)
DEBUG:root:do_keyword: pos=7218, token=BT, stack=[]
DEBUG:root:nextobject: (7218, BT)
DEBUG:root:nextobject: (7221, 385.7418)
DEBUG:root:nextobject: (7230, 506.4236)
DEBUG:root:do_keyword: pos=7239, token=Td, stack=[]
DEBUG:root:nextobject: (7239, Td)
DEBUG:root:nextobject: (7242, 'sudden')
DEBUG:root:do_keyword: pos=7251, token=Tj, stack=[]
DEBUG:root:nextobject: (7251, Tj)
DEBUG:root:do_keyword: pos=7254, token=ET, stack=[]
DEBUG:root:nextobject: (7254, ET)
DEBUG:root:do_keyword: pos=7257, token=BT, stack=[]
DEBUG:root:nextobject: (7257, BT)
DEBUG:root:nextobject: (7260, 435.7583)
DEBUG:root:nextobject: (7269, 506.4236)
DEBUG:root:do_keyword: pos=7278, token=Td, stack=[]
DEBUG:root:nextobject: (7278, Td)
DEBUG:root:nextobject: (7281, 'and')
DEBUG:root:do_keyword: pos=7287, token=Tj, stack=[]
DEBUG:root:nextobject: (7287, Tj)
DEBUG:root:do_keyword: pos=7290, token=ET, stack=[]
DEBUG:root:nextobject: (7290, ET)
DEBUG:root:do_keyword: pos=7293, token=BT, stack=[]
DEBUG:root:nextobject: (7293, BT)
DEBUG:root:nextobject: (7296, 463.1369)
DEBUG:root:nextobject: (7305, 506.4236)
DEBUG:root:do_keyword: pos=7314, token=Td, stack=[]
DEBUG:root:nextobject: (7314, Td)
DEBUG:root:nextobject: (7317, 'fierce')
DEBUG:root:do_keyword: pos=7326, token=Tj, stack=[]
DEBUG:root:nextobject: (7326, Tj)
DEBUG:root:do_keyword: pos=7329, token=ET, stack=[]
DEBUG:root:nextobject: (7329, ET)
DEBUG:root:do_keyword: pos=7332, token=BT, stack=[]
DEBUG:root:nextobject: (7332, BT)
DEBUG:root:nextobject: (7335, 500.7074)
DEBUG:root:nextobject: (7344, 506.4236)
DEBUG:root:do_keyword: pos=7353, token=Td, stack=[]
DEBUG:root:nextobject: (7353, Td)
DEBUG:root:nextobject: (7356, 'and')
DEBUG:root:do_keyword: pos=7362, token=Tj, stack=[]
DEBUG:root:nextobject: (7362, Tj)
DEBUG:root:do_keyword: pos=7365, token=ET, stack=[]
DEBUG:root:nextobject: (7365, ET)
DEBUG:root:do_keyword: pos=7368, token=BT, stack=[]
DEBUG:root:nextobject: (7368, BT)
DEBUG:root:nextobject: (7371, 70.8661)
DEBUG:root:nextobject: (7379, 489.6236)
DEBUG:root:do_keyword: pos=7388, token=Td, stack=[]
DEBUG:root:nextobject: (7388, Td)
DEBUG:root:nextobject: (7391, 'blow')
DEBUG:root:do_keyword: pos=7398, token=Tj, stack=[]
DEBUG:root:nextobject: (7398, Tj)
DEBUG:root:do_keyword: pos=7401, token=ET, stack=[]
DEBUG:root:nextobject: (7401, ET)
DEBUG:root:do_keyword: pos=7404, token=BT, stack=[]
DEBUG:root:nextobject: (7404, BT)
DEBUG:root:nextobject: (7407, 105.9469)
DEBUG:root:nextobject: (7416, 489.6236)
DEBUG:root:do_keyword: pos=7425, token=Td, stack=[]
DEBUG:root:nextobject: (7425, Td)
DEBUG:root:nextobject: (7428, 'through')
DEBUG:root:do_keyword: pos=7438, token=Tj, stack=[]
DEBUG:root:nextobject: (7438, Tj)
DEBUG:root:do_keyword: pos=7441, token=ET, stack=[]
DEBUG:root:nextobject: (7441, ET)
DEBUG:root:do_keyword: pos=7444, token=BT, stack=[]
DEBUG:root:nextobject: (7444, BT)
DEBUG:root:nextobject: (7447, 160.1516)
DEBUG:root:nextobject: (7456, 489.6236)
DEBUG:root:do_keyword: pos=7465, token=Td, stack=[]
DEBUG:root:nextobject: (7465, Td)
DEBUG:root:nextobject: (7468, 'his')
DEBUG:root:do_keyword: pos=7474, token=Tj, stack=[]
DEBUG:root:nextobject: (7474, Tj)
DEBUG:root:do_keyword: pos=7477, token=ET, stack=[]
DEBUG:root:nextobject: (7477, ET)
DEBUG:root:do_keyword: pos=7480, token=BT, stack=[]
DEBUG:root:nextobject: (7480, BT)
DEBUG:root:nextobject: (7483, 182.2543)
DEBUG:root:nextobject: (7492, 489.6236)
DEBUG:root:do_keyword: pos=7501, token=Td, stack=[]
DEBUG:root:nextobject: (7501, Td)
DEBUG:root:nextobject: (7504, 'nose')
DEBUG:root:do_keyword: pos=7511, token=Tj, stack=[]
DEBUG:root:nextobject: (7511, Tj)
DEBUG:root:do_keyword: pos=7514, token=ET, stack=[]
DEBUG:root:nextobject: (7514, ET)
DEBUG:root:do_keyword: pos=7517, token=BT, stack=[]
DEBUG:root:nextobject: (7517, BT)
DEBUG:root:nextobject: (7520, 214.633)
DEBUG:root:nextobject: (7529, 489.6236)
DEBUG:root:do_keyword: pos=7538, token=Td, stack=[]
DEBUG:root:nextobject: (7538, Td)
DEBUG:root:nextobject: (7541, 'like')
DEBUG:root:do_keyword: pos=7548, token=Tj, stack=[]
DEBUG:root:nextobject: (7548, Tj)
DEBUG:root:do_keyword: pos=7551, token=ET, stack=[]
DEBUG:root:nextobject: (7551, ET)
DEBUG:root:do_keyword: pos=7554, token=BT, stack=[]
DEBUG:root:nextobject: (7554, BT)
DEBUG:root:nextobject: (7557, 241.2157)
DEBUG:root:nextobject: (7566, 489.6236)
DEBUG:root:do_keyword: pos=7575, token=Td, stack=[]
DEBUG:root:nextobject: (7575, Td)
DEBUG:root:nextobject: (7578, 'a')
DEBUG:root:do_keyword: pos=7582, token=Tj, stack=[]
DEBUG:root:nextobject: (7582, Tj)
DEBUG:root:do_keyword: pos=7585, token=ET, stack=[]
DEBUG:root:nextobject: (7585, ET)
DEBUG:root:do_keyword: pos=7588, token=BT, stack=[]
DEBUG:root:nextobject: (7588, BT)
DEBUG:root:nextobject: (7591, 252.1604)
DEBUG:root:nextobject: (7600, 489.6236)
DEBUG:root:do_keyword: pos=7609, token=Td, stack=[]
DEBUG:root:nextobject: (7609, Td)
DEBUG:root:nextobject: (7612, 'fog-horn;')
DEBUG:root:do_keyword: pos=7624, token=Tj, stack=[]
DEBUG:root:nextobject: (7624, Tj)
DEBUG:root:do_keyword: pos=7627, token=ET, stack=[]
DEBUG:root:nextobject: (7627, ET)
DEBUG:root:do_keyword: pos=7630, token=BT, stack=[]
DEBUG:root:nextobject: (7630, BT)
DEBUG:root:nextobject: (7633, 313.8272)
DEBUG:root:nextobject: (7642, 489.6236)
DEBUG:root:do_keyword: pos=7651, token=Td, stack=[]
DEBUG:root:nextobject: (7651, Td)
DEBUG:root:nextobject: (7654, 'and')
DEBUG:root:do_keyword: pos=7660, token=Tj, stack=[]
DEBUG:root:nextobject: (7660, Tj)
DEBUG:root:do_keyword: pos=7663, token=ET, stack=[]
DEBUG:root:nextobject: (7663, ET)
DEBUG:root:do_keyword: pos=7666, token=BT, stack=[]
DEBUG:root:nextobject: (7666, BT)
DEBUG:root:nextobject: (7669, 341.4739)
DEBUG:root:nextobject: (7678, 489.6236)
DEBUG:root:do_keyword: pos=7687, token=Td, stack=[]
DEBUG:root:nextobject: (7687, Td)
DEBUG:root:nextobject: (7690, 'we')
DEBUG:root:do_keyword: pos=7695, token=Tj, stack=[]
DEBUG:root:nextobject: (7695, Tj)
DEBUG:root:do_keyword: pos=7698, token=ET, stack=[]
DEBUG:root:nextobject: (7698, ET)
DEBUG:root:do_keyword: pos=7701, token=BT, stack=[]
DEBUG:root:nextobject: (7701, BT)
DEBUG:root:nextobject: (7704, 363.8006)
DEBUG:root:nextobject: (7713, 489.6236)
DEBUG:root:do_keyword: pos=7722, token=Td, stack=[]
DEBUG:root:nextobject: (7722, Td)
DEBUG:root:nextobject: (7725, 'and')
DEBUG:root:do_keyword: pos=7731, token=Tj, stack=[]
DEBUG:root:nextobject: (7731, Tj)
DEBUG:root:do_keyword: pos=7734, token=ET, stack=[]
DEBUG:root:nextobject: (7734, ET)
DEBUG:root:do_keyword: pos=7737, token=BT, stack=[]
DEBUG:root:nextobject: (7737, BT)
DEBUG:root:nextobject: (7740, 391.4473)
DEBUG:root:nextobject: (7749, 489.6236)
DEBUG:root:do_keyword: pos=7758, token=Td, stack=[]
DEBUG:root:nextobject: (7758, Td)
DEBUG:root:nextobject: (7761, 'the')
DEBUG:root:do_keyword: pos=7767, token=Tj, stack=[]
DEBUG:root:nextobject: (7767, Tj)
DEBUG:root:do_keyword: pos=7770, token=ET, stack=[]
DEBUG:root:nextobject: (7770, ET)
DEBUG:root:do_keyword: pos=7773, token=BT, stack=[]
DEBUG:root:nextobject: (7773, BT)
DEBUG:root:nextobject: (7776, 414.81)
DEBUG:root:nextobject: (7785, 489.6236)
DEBUG:root:do_keyword: pos=7794, token=Td, stack=[]
DEBUG:root:nextobject: (7794, Td)
DEBUG:root:nextobject: (7797, 'people')
DEBUG:root:do_keyword: pos=7806, token=Tj, stack=[]
DEBUG:root:nextobject: (7806, Tj)
DEBUG:root:do_keyword: pos=7809, token=ET, stack=[]
DEBUG:root:nextobject: (7809, ET)
DEBUG:root:do_keyword: pos=7812, token=BT, stack=[]
DEBUG:root:nextobject: (7812, BT)
DEBUG:root:nextobject: (7815, 460.7127)
DEBUG:root:nextobject: (7824, 489.6236)
DEBUG:root:do_keyword: pos=7833, token=Td, stack=[]
DEBUG:root:nextobject: (7833, Td)
DEBUG:root:nextobject: (7836, 'who')
DEBUG:root:do_keyword: pos=7842, token=Tj, stack=[]
DEBUG:root:nextobject: (7842, Tj)
DEBUG:root:do_keyword: pos=7845, token=ET, stack=[]
DEBUG:root:nextobject: (7845, ET)
DEBUG:root:do_keyword: pos=7848, token=BT, stack=[]
DEBUG:root:nextobject: (7848, BT)
DEBUG:root:nextobject: (7851, 492.1254)
DEBUG:root:nextobject: (7860, 489.6236)
DEBUG:root:do_keyword: pos=7869, token=Td, stack=[]
DEBUG:root:nextobject: (7869, Td)
DEBUG:root:nextobject: (7872, 'came')
DEBUG:root:do_keyword: pos=7879, token=Tj, stack=[]
DEBUG:root:nextobject: (7879, Tj)
DEBUG:root:do_keyword: pos=7882, token=ET, stack=[]
DEBUG:root:nextobject: (7882, ET)
DEBUG:root:do_keyword: pos=7885, token=BT, stack=[]
DEBUG:root:nextobject: (7885, BT)
DEBUG:root:nextobject: (7888, 70.8661)
DEBUG:root:nextobject: (7896, 472.8236)
DEBUG:root:do_keyword: pos=7905, token=Td, stack=[]
DEBUG:root:nextobject: (7905, Td)
DEBUG:root:nextobject: (7908, 'about')
DEBUG:root:do_keyword: pos=7916, token=Tj, stack=[]
DEBUG:root:nextobject: (7916, Tj)
DEBUG:root:do_keyword: pos=7919, token=ET, stack=[]
DEBUG:root:nextobject: (7919, ET)
DEBUG:root:do_keyword: pos=7922, token=BT, stack=[]
DEBUG:root:nextobject: (7922, BT)
DEBUG:root:nextobject: (7925, 111.7849)
DEBUG:root:nextobject: (7934, 472.8236)
DEBUG:root:do_keyword: pos=7943, token=Td, stack=[]
DEBUG:root:nextobject: (7943, Td)
DEBUG:root:nextobject: (7946, 'our')
DEBUG:root:do_keyword: pos=7952, token=Tj, stack=[]
DEBUG:root:nextobject: (7952, Tj)
DEBUG:root:do_keyword: pos=7955, token=ET, stack=[]
DEBUG:root:nextobject: (7955, ET)
DEBUG:root:do_keyword: pos=7958, token=BT, stack=[]
DEBUG:root:nextobject: (7958, BT)
DEBUG:root:nextobject: (7961, 138.9276)
DEBUG:root:nextobject: (7970, 472.8236)
DEBUG:root:do_keyword: pos=7979, token=Td, stack=[]
DEBUG:root:nextobject: (7979, Td)
DEBUG:root:nextobject: (7982, 'house')
DEBUG:root:do_keyword: pos=7990, token=Tj, stack=[]
DEBUG:root:nextobject: (7990, Tj)
DEBUG:root:do_keyword: pos=7993, token=ET, stack=[]
DEBUG:root:nextobject: (7993, ET)
DEBUG:root:do_keyword: pos=7996, token=BT, stack=[]
DEBUG:root:nextobject: (7996, BT)
DEBUG:root:nextobject: (7999, 181.3303)
DEBUG:root:nextobject: (8008, 472.8236)
DEBUG:root:do_keyword: pos=8017, token=Td, stack=[]
DEBUG:root:nextobject: (8017, Td)
DEBUG:root:nextobject: (8020, 'soon')
DEBUG:root:do_keyword: pos=8027, token=Tj, stack=[]
DEBUG:root:nextobject: (8027, Tj)
DEBUG:root:do_keyword: pos=8030, token=ET, stack=[]
DEBUG:root:nextobject: (8030, ET)
DEBUG:root:do_keyword: pos=8033, token=BT, stack=[]
DEBUG:root:nextobject: (8033, BT)
DEBUG:root:nextobject: (8036, 216.229)
DEBUG:root:nextobject: (8045, 472.8236)
DEBUG:root:do_keyword: pos=8054, token=Td, stack=[]
DEBUG:root:nextobject: (8054, Td)
DEBUG:root:nextobject: (8057, 'learned')
DEBUG:root:do_keyword: pos=8067, token=Tj, stack=[]
DEBUG:root:nextobject: (8067, Tj)
DEBUG:root:do_keyword: pos=8070, token=ET, stack=[]
DEBUG:root:nextobject: (8070, ET)
DEBUG:root:do_keyword: pos=8073, token=BT, stack=[]
DEBUG:root:nextobject: (8073, BT)
DEBUG:root:nextobject: (8076, 268.4737)
DEBUG:root:nextobject: (8085, 472.8236)
DEBUG:root:do_keyword: pos=8094, token=Td, stack=[]
DEBUG:root:nextobject: (8094, Td)
DEBUG:root:nextobject: (8097, 'to')
DEBUG:root:do_keyword: pos=8102, token=Tj, stack=[]
DEBUG:root:nextobject: (8102, Tj)
DEBUG:root:do_keyword: pos=8105, token=ET, stack=[]
DEBUG:root:nextobject: (8105, ET)
DEBUG:root:do_keyword: pos=8108, token=BT, stack=[]
DEBUG:root:nextobject: (8108, BT)
DEBUG:root:nextobject: (8111, 286.2084)
DEBUG:root:nextobject: (8120, 472.8236)
DEBUG:root:do_keyword: pos=8129, token=Td, stack=[]
DEBUG:root:nextobject: (8129, Td)
DEBUG:root:nextobject: (8132, 'let')
DEBUG:root:do_keyword: pos=8138, token=Tj, stack=[]
DEBUG:root:nextobject: (8138, Tj)
DEBUG:root:do_keyword: pos=8141, token=ET, stack=[]
DEBUG:root:nextobject: (8141, ET)
DEBUG:root:do_keyword: pos=8144, token=BT, stack=[]
DEBUG:root:nextobject: (8144, BT)
DEBUG:root:nextobject: (8147, 307.0792)
DEBUG:root:nextobject: (8156, 472.8236)
DEBUG:root:do_keyword: pos=8165, token=Td, stack=[]
DEBUG:root:nextobject: (8165, Td)
DEBUG:root:nextobject: (8168, 'him')
DEBUG:root:do_keyword: pos=8174, token=Tj, stack=[]
DEBUG:root:nextobject: (8174, Tj)
DEBUG:root:do_keyword: pos=8177, token=ET, stack=[]
DEBUG:root:nextobject: (8177, ET)
DEBUG:root:do_keyword: pos=8180, token=BT, stack=[]
DEBUG:root:nextobject: (8180, BT)
DEBUG:root:nextobject: (8183, 337.1899)
DEBUG:root:nextobject: (8192, 472.8236)
DEBUG:root:do_keyword: pos=8201, token=Td, stack=[]
DEBUG:root:nextobject: (8201, Td)
DEBUG:root:nextobject: (8204, 'be.')
DEBUG:root:do_keyword: pos=8210, token=Tj, stack=[]
DEBUG:root:nextobject: (8210, Tj)
DEBUG:root:do_keyword: pos=8213, token=ET, stack=[]
DEBUG:root:nextobject: (8213, ET)
DEBUG:root:do_keyword: pos=8216, token=BT, stack=[]
DEBUG:root:nextobject: (8216, BT)
DEBUG:root:nextobject: (8219, 360.6646)
DEBUG:root:nextobject: (8228, 472.8236)
DEBUG:root:do_keyword: pos=8237, token=Td, stack=[]
DEBUG:root:nextobject: (8237, Td)
DEBUG:root:nextobject: (8240, 'Every')
DEBUG:root:do_keyword: pos=8248, token=Tj, stack=[]
DEBUG:root:nextobject: (8248, Tj)
DEBUG:root:do_keyword: pos=8251, token=ET, stack=[]
DEBUG:root:nextobject: (8251, ET)
DEBUG:root:do_keyword: pos=8254, token=BT, stack=[]
DEBUG:root:nextobject: (8254, BT)
DEBUG:root:nextobject: (8257, 402.6753)
DEBUG:root:nextobject: (8266, 472.8236)
DEBUG:root:do_keyword: pos=8275, token=Td, stack=[]
DEBUG:root:nextobject: (8275, Td)
DEBUG:root:nextobject: (8278, 'day')
DEBUG:root:do_keyword: pos=8284, token=Tj, stack=[]
DEBUG:root:nextobject: (8284, Tj)
DEBUG:root:do_keyword: pos=8287, token=ET, stack=[]
DEBUG:root:nextobject: (8287, ET)
DEBUG:root:do_keyword: pos=8290, token=BT, stack=[]
DEBUG:root:nextobject: (8290, BT)
DEBUG:root:nextobject: (8293, 431.54)
DEBUG:root:nextobject: (8302, 472.8236)
DEBUG:root:do_keyword: pos=8311, token=Td, stack=[]
DEBUG:root:nextobject: (8311, Td)
DEBUG:root:nextobject: (8314, 'when')
DEBUG:root:do_keyword: pos=8321, token=Tj, stack=[]
DEBUG:root:nextobject: (8321, Tj)
DEBUG:root:do_keyword: pos=8324, token=ET, stack=[]
DEBUG:root:nextobject: (8324, ET)
DEBUG:root:do_keyword: pos=8327, token=BT, stack=[]
DEBUG:root:nextobject: (8327, BT)
DEBUG:root:nextobject: (8330, 471.7447)
DEBUG:root:nextobject: (8339, 472.8236)
DEBUG:root:do_keyword: pos=8348, token=Td, stack=[]
DEBUG:root:nextobject: (8348, Td)
DEBUG:root:nextobject: (8351, 'he')
DEBUG:root:do_keyword: pos=8356, token=Tj, stack=[]
DEBUG:root:nextobject: (8356, Tj)
DEBUG:root:do_keyword: pos=8359, token=ET, stack=[]
DEBUG:root:nextobject: (8359, ET)
DEBUG:root:do_keyword: pos=8362, token=BT, stack=[]
DEBUG:root:nextobject: (8362, BT)
DEBUG:root:nextobject: (8365, 492.1254)
DEBUG:root:nextobject: (8374, 472.8236)
DEBUG:root:do_keyword: pos=8383, token=Td, stack=[]
DEBUG:root:nextobject: (8383, Td)
DEBUG:root:nextobject: (8386, 'came')
DEBUG:root:do_keyword: pos=8393, token=Tj, stack=[]
DEBUG:root:nextobject: (8393, Tj)
DEBUG:root:do_keyword: pos=8396, token=ET, stack=[]
DEBUG:root:nextobject: (8396, ET)
DEBUG:root:do_keyword: pos=8399, token=BT, stack=[]
DEBUG:root:nextobject: (8399, BT)
DEBUG:root:nextobject: (8402, 70.8661)
DEBUG:root:nextobject: (8410, 456.0236)
DEBUG:root:do_keyword: pos=8419, token=Td, stack=[]
DEBUG:root:nextobject: (8419, Td)
DEBUG:root:nextobject: (8422, 'back')
DEBUG:root:do_keyword: pos=8429, token=Tj, stack=[]
DEBUG:root:nextobject: (8429, Tj)
DEBUG:root:do_keyword: pos=8432, token=ET, stack=[]
DEBUG:root:nextobject: (8432, ET)
DEBUG:root:do_keyword: pos=8435, token=BT, stack=[]
DEBUG:root:nextobject: (8435, BT)
DEBUG:root:nextobject: (8438, 106.0255)
DEBUG:root:nextobject: (8447, 456.0236)
DEBUG:root:do_keyword: pos=8456, token=Td, stack=[]
DEBUG:root:nextobject: (8456, Td)
DEBUG:root:nextobject: (8459, 'from')
DEBUG:root:do_keyword: pos=8466, token=Tj, stack=[]
DEBUG:root:nextobject: (8466, Tj)
DEBUG:root:do_keyword: pos=8469, token=ET, stack=[]
DEBUG:root:nextobject: (8469, ET)
DEBUG:root:do_keyword: pos=8472, token=BT, stack=[]
DEBUG:root:nextobject: (8472, BT)
DEBUG:root:nextobject: (8475, 142.6408)
DEBUG:root:nextobject: (8484, 456.0236)
DEBUG:root:do_keyword: pos=8493, token=Td, stack=[]
DEBUG:root:nextobject: (8493, Td)
DEBUG:root:nextobject: (8496, 'his')
DEBUG:root:do_keyword: pos=8502, token=Tj, stack=[]
DEBUG:root:nextobject: (8502, Tj)
DEBUG:root:do_keyword: pos=8505, token=ET, stack=[]
DEBUG:root:nextobject: (8505, ET)
DEBUG:root:do_keyword: pos=8508, token=BT, stack=[]
DEBUG:root:nextobject: (8508, BT)
DEBUG:root:nextobject: (8511, 167.2161)
DEBUG:root:nextobject: (8520, 456.0236)
DEBUG:root:do_keyword: pos=8529, token=Td, stack=[]
DEBUG:root:nextobject: (8529, Td)
DEBUG:root:nextobject: (8532, 'stroll')
DEBUG:root:do_keyword: pos=8541, token=Tj, stack=[]
DEBUG:root:nextobject: (8541, Tj)
DEBUG:root:do_keyword: pos=8544, token=ET, stack=[]
DEBUG:root:nextobject: (8544, ET)
DEBUG:root:do_keyword: pos=8547, token=BT, stack=[]
DEBUG:root:nextobject: (8547, BT)
DEBUG:root:nextobject: (8550, 205.4555)
DEBUG:root:nextobject: (8559, 456.0236)
DEBUG:root:do_keyword: pos=8568, token=Td, stack=[]
DEBUG:root:nextobject: (8568, Td)
DEBUG:root:nextobject: (8571, 'he')
DEBUG:root:do_keyword: pos=8576, token=Tj, stack=[]
DEBUG:root:nextobject: (8576, Tj)
DEBUG:root:do_keyword: pos=8579, token=ET, stack=[]
DEBUG:root:nextobject: (8579, ET)
DEBUG:root:do_keyword: pos=8582, token=BT, stack=[]
DEBUG:root:nextobject: (8582, BT)
DEBUG:root:nextobject: (8585, 226.7268)
DEBUG:root:nextobject: (8594, 456.0236)
DEBUG:root:do_keyword: pos=8603, token=Td, stack=[]
DEBUG:root:nextobject: (8603, Td)
DEBUG:root:nextobject: (8606, 'would')
DEBUG:root:do_keyword: pos=8614, token=Tj, stack=[]
DEBUG:root:nextobject: (8614, Tj)
DEBUG:root:do_keyword: pos=8617, token=ET, stack=[]
DEBUG:root:nextobject: (8617, ET)
DEBUG:root:do_keyword: pos=8620, token=BT, stack=[]
DEBUG:root:nextobject: (8620, BT)
DEBUG:root:nextobject: (8623, 273.5341)
DEBUG:root:nextobject: (8632, 456.0236)
DEBUG:root:do_keyword: pos=8641, token=Td, stack=[]
DEBUG:root:nextobject: (8641, Td)
DEBUG:root:nextobject: (8644, 'ask')
DEBUG:root:do_keyword: pos=8650, token=Tj, stack=[]
DEBUG:root:nextobject: (8650, Tj)
DEBUG:root:do_keyword: pos=8653, token=ET, stack=[]
DEBUG:root:nextobject: (8653, ET)
DEBUG:root:do_keyword: pos=8656, token=BT, stack=[]
DEBUG:root:nextobject: (8656, BT)
DEBUG:root:nextobject: (8659, 300.6715)
DEBUG:root:nextobject: (8668, 456.0236)
DEBUG:root:do_keyword: pos=8677, token=Td, stack=[]
DEBUG:root:nextobject: (8677, Td)
DEBUG:root:nextobject: (8680, 'if')
DEBUG:root:do_keyword: pos=8685, token=Tj, stack=[]
DEBUG:root:nextobject: (8685, Tj)
DEBUG:root:do_keyword: pos=8688, token=ET, stack=[]
DEBUG:root:nextobject: (8688, ET)
DEBUG:root:do_keyword: pos=8691, token=BT, stack=[]
DEBUG:root:nextobject: (8691, BT)
DEBUG:root:nextobject: (8694, 315.8248)
DEBUG:root:nextobject: (8703, 456.0236)
DEBUG:root:do_keyword: pos=8712, token=Td, stack=[]
DEBUG:root:nextobject: (8712, Td)
DEBUG:root:nextobject: (8715, 'any')
DEBUG:root:do_keyword: pos=8721, token=Tj, stack=[]
DEBUG:root:nextobject: (8721, Tj)
DEBUG:root:do_keyword: pos=8724, token=ET, stack=[]
DEBUG:root:nextobject: (8724, ET)
DEBUG:root:do_keyword: pos=8727, token=BT, stack=[]
DEBUG:root:nextobject: (8727, BT)
DEBUG:root:nextobject: (8730, 345.1741)
DEBUG:root:nextobject: (8739, 456.0236)
DEBUG:root:do_keyword: pos=8748, token=Td, stack=[]
DEBUG:root:nextobject: (8748, Td)
DEBUG:root:nextobject: (8751, 'seafaring')
DEBUG:root:do_keyword: pos=8763, token=Tj, stack=[]
DEBUG:root:nextobject: (8763, Tj)
DEBUG:root:do_keyword: pos=8766, token=ET, stack=[]
DEBUG:root:nextobject: (8766, ET)
DEBUG:root:do_keyword: pos=8769, token=BT, stack=[]
DEBUG:root:nextobject: (8769, BT)
DEBUG:root:nextobject: (8772, 408.4315)
DEBUG:root:nextobject: (8781, 456.0236)
DEBUG:root:do_keyword: pos=8790, token=Td, stack=[]
DEBUG:root:nextobject: (8790, Td)
DEBUG:root:nextobject: (8793, 'men')
DEBUG:root:do_keyword: pos=8799, token=Tj, stack=[]
DEBUG:root:nextobject: (8799, Tj)
DEBUG:root:do_keyword: pos=8802, token=ET, stack=[]
DEBUG:root:nextobject: (8802, ET)
DEBUG:root:do_keyword: pos=8805, token=BT, stack=[]
DEBUG:root:nextobject: (8805, BT)
DEBUG:root:nextobject: (8808, 442.0648)
DEBUG:root:nextobject: (8817, 456.0236)
DEBUG:root:do_keyword: pos=8826, token=Td, stack=[]
DEBUG:root:nextobject: (8826, Td)
DEBUG:root:nextobject: (8829, 'had')
DEBUG:root:do_keyword: pos=8835, token=Tj, stack=[]
DEBUG:root:nextobject: (8835, Tj)
DEBUG:root:do_keyword: pos=8838, token=ET, stack=[]
DEBUG:root:nextobject: (8838, ET)
DEBUG:root:do_keyword: pos=8841, token=BT, stack=[]
DEBUG:root:nextobject: (8841, BT)
DEBUG:root:nextobject: (8844, 472.1841)
DEBUG:root:nextobject: (8853, 456.0236)
DEBUG:root:do_keyword: pos=8862, token=Td, stack=[]
DEBUG:root:nextobject: (8862, Td)
DEBUG:root:nextobject: (8865, 'gone')
DEBUG:root:do_keyword: pos=8872, token=Tj, stack=[]
DEBUG:root:nextobject: (8872, Tj)
DEBUG:root:do_keyword: pos=8875, token=ET, stack=[]
DEBUG:root:nextobject: (8875, ET)
DEBUG:root:do_keyword: pos=8878, token=BT, stack=[]
DEBUG:root:nextobject: (8878, BT)
DEBUG:root:nextobject: (8881, 508.8834)
DEBUG:root:nextobject: (8890, 456.0236)
DEBUG:root:do_keyword: pos=8899, token=Td, stack=[]
DEBUG:root:nextobject: (8899, Td)
DEBUG:root:nextobject: (8902, 'by')
DEBUG:root:do_keyword: pos=8907, token=Tj, stack=[]
DEBUG:root:nextobject: (8907, Tj)
DEBUG:root:do_keyword: pos=8910, token=ET, stack=[]
DEBUG:root:nextobject: (8910, ET)
DEBUG:root:do_keyword: pos=8913, token=BT, stack=[]
DEBUG:root:nextobject: (8913, BT)
DEBUG:root:nextobject: (8916, 70.8661)
DEBUG:root:nextobject: (8924, 439.2236)
DEBUG:root:do_keyword: pos=8933, token=Td, stack=[]
DEBUG:root:nextobject: (8933, Td)
DEBUG:root:nextobject: (8936, 'along')
DEBUG:root:do_keyword: pos=8944, token=Tj, stack=[]
DEBUG:root:nextobject: (8944, Tj)
DEBUG:root:do_keyword: pos=8947, token=ET, stack=[]
DEBUG:root:nextobject: (8947, ET)
DEBUG:root:do_keyword: pos=8950, token=BT, stack=[]
DEBUG:root:nextobject: (8950, BT)
DEBUG:root:nextobject: (8953, 110.8701)
DEBUG:root:nextobject: (8962, 439.2236)
DEBUG:root:do_keyword: pos=8971, token=Td, stack=[]
DEBUG:root:nextobject: (8971, Td)
DEBUG:root:nextobject: (8974, 'the')
DEBUG:root:do_keyword: pos=8980, token=Tj, stack=[]
DEBUG:root:nextobject: (8980, Tj)
DEBUG:root:do_keyword: pos=8983, token=ET, stack=[]
DEBUG:root:nextobject: (8983, ET)
DEBUG:root:do_keyword: pos=8986, token=BT, stack=[]
DEBUG:root:nextobject: (8986, BT)
DEBUG:root:nextobject: (8989, 135.642)
DEBUG:root:nextobject: (8998, 439.2236)
DEBUG:root:do_keyword: pos=9007, token=Td, stack=[]
DEBUG:root:nextobject: (9007, Td)
DEBUG:root:nextobject: (9010, 'road.')
DEBUG:root:do_keyword: pos=9018, token=Tj, stack=[]
DEBUG:root:nextobject: (9018, Tj)
DEBUG:root:do_keyword: pos=9021, token=ET, stack=[]
DEBUG:root:nextobject: (9021, ET)
DEBUG:root:do_keyword: pos=9024, token=BT, stack=[]
DEBUG:root:nextobject: (9024, BT)
DEBUG:root:nextobject: (9027, 173.224)
DEBUG:root:nextobject: (9036, 439.2236)
DEBUG:root:do_keyword: pos=9045, token=Td, stack=[]
DEBUG:root:nextobject: (9045, Td)
DEBUG:root:nextobject: (9048, 'At')
DEBUG:root:do_keyword: pos=9053, token=Tj, stack=[]
DEBUG:root:nextobject: (9053, Tj)
DEBUG:root:do_keyword: pos=9056, token=ET, stack=[]
DEBUG:root:nextobject: (9056, ET)
DEBUG:root:do_keyword: pos=9059, token=BT, stack=[]
DEBUG:root:nextobject: (9059, BT)
DEBUG:root:nextobject: (9062, 194.0339)
DEBUG:root:nextobject: (9071, 439.2236)
DEBUG:root:do_keyword: pos=9080, token=Td, stack=[]
DEBUG:root:nextobject: (9080, Td)
DEBUG:root:nextobject: (9083, 'first')
DEBUG:root:do_keyword: pos=9091, token=Tj, stack=[]
DEBUG:root:nextobject: (9091, Tj)
DEBUG:root:do_keyword: pos=9094, token=ET, stack=[]
DEBUG:root:nextobject: (9094, ET)
DEBUG:root:do_keyword: pos=9097, token=BT, stack=[]
DEBUG:root:nextobject: (9097, BT)
DEBUG:root:nextobject: (9100, 224.1539)
DEBUG:root:nextobject: (9109, 439.2236)
DEBUG:root:do_keyword: pos=9118, token=Td, stack=[]
DEBUG:root:nextobject: (9118, Td)
DEBUG:root:nextobject: (9121, 'we')
DEBUG:root:do_keyword: pos=9126, token=Tj, stack=[]
DEBUG:root:nextobject: (9126, Tj)
DEBUG:root:do_keyword: pos=9129, token=ET, stack=[]
DEBUG:root:nextobject: (9129, ET)
DEBUG:root:do_keyword: pos=9132, token=BT, stack=[]
DEBUG:root:nextobject: (9132, BT)
DEBUG:root:nextobject: (9135, 247.8898)
DEBUG:root:nextobject: (9144, 439.2236)
DEBUG:root:do_keyword: pos=9153, token=Td, stack=[]
DEBUG:root:nextobject: (9153, Td)
DEBUG:root:nextobject: (9156, 'thought')
DEBUG:root:do_keyword: pos=9166, token=Tj, stack=[]
DEBUG:root:nextobject: (9166, Tj)
DEBUG:root:do_keyword: pos=9169, token=ET, stack=[]
DEBUG:root:nextobject: (9169, ET)
DEBUG:root:do_keyword: pos=9172, token=BT, stack=[]
DEBUG:root:nextobject: (9172, BT)
DEBUG:root:nextobject: (9175, 302.5378)
DEBUG:root:nextobject: (9184, 439.2236)
DEBUG:root:do_keyword: pos=9193, token=Td, stack=[]
DEBUG:root:nextobject: (9193, Td)
DEBUG:root:nextobject: (9196, 'it')
DEBUG:root:do_keyword: pos=9201, token=Tj, stack=[]
DEBUG:root:nextobject: (9201, Tj)
DEBUG:root:do_keyword: pos=9204, token=ET, stack=[]
DEBUG:root:nextobject: (9204, ET)
DEBUG:root:do_keyword: pos=9207, token=BT, stack=[]
DEBUG:root:nextobject: (9207, BT)
DEBUG:root:nextobject: (9210, 316.5297)
DEBUG:root:nextobject: (9219, 439.2236)
DEBUG:root:do_keyword: pos=9228, token=Td, stack=[]
DEBUG:root:nextobject: (9228, Td)
DEBUG:root:nextobject: (9231, 'was')
DEBUG:root:do_keyword: pos=9237, token=Tj, stack=[]
DEBUG:root:nextobject: (9237, Tj)
DEBUG:root:do_keyword: pos=9240, token=ET, stack=[]
DEBUG:root:nextobject: (9240, ET)
DEBUG:root:do_keyword: pos=9243, token=BT, stack=[]
DEBUG:root:nextobject: (9243, BT)
DEBUG:root:nextobject: (9246, 346.4957)
DEBUG:root:nextobject: (9255, 439.2236)
DEBUG:root:do_keyword: pos=9264, token=Td, stack=[]
DEBUG:root:nextobject: (9264, Td)
DEBUG:root:nextobject: (9267, 'the')
DEBUG:root:do_keyword: pos=9273, token=Tj, stack=[]
DEBUG:root:nextobject: (9273, Tj)
DEBUG:root:do_keyword: pos=9276, token=ET, stack=[]
DEBUG:root:nextobject: (9276, ET)
DEBUG:root:do_keyword: pos=9279, token=BT, stack=[]
DEBUG:root:nextobject: (9279, BT)
DEBUG:root:nextobject: (9282, 371.2676)
DEBUG:root:nextobject: (9291, 439.2236)
DEBUG:root:do_keyword: pos=9300, token=Td, stack=[]
DEBUG:root:nextobject: (9300, Td)
DEBUG:root:nextobject: (9303, 'want')
DEBUG:root:do_keyword: pos=9310, token=Tj, stack=[]
DEBUG:root:nextobject: (9310, Tj)
DEBUG:root:do_keyword: pos=9313, token=ET, stack=[]
DEBUG:root:nextobject: (9313, ET)
DEBUG:root:do_keyword: pos=9316, token=BT, stack=[]
DEBUG:root:nextobject: (9316, BT)
DEBUG:root:nextobject: (9319, 408.0096)
DEBUG:root:nextobject: (9328, 439.2236)
DEBUG:root:do_keyword: pos=9337, token=Td, stack=[]
DEBUG:root:nextobject: (9337, Td)
DEBUG:root:nextobject: (9340, 'of')
DEBUG:root:do_keyword: pos=9345, token=Tj, stack=[]
DEBUG:root:nextobject: (9345, Tj)
DEBUG:root:do_keyword: pos=9348, token=ET, stack=[]
DEBUG:root:nextobject: (9348, ET)
DEBUG:root:do_keyword: pos=9351, token=BT, stack=[]
DEBUG:root:nextobject: (9351, BT)
DEBUG:root:nextobject: (9354, 425.6695)
DEBUG:root:nextobject: (9363, 439.2236)
DEBUG:root:do_keyword: pos=9372, token=Td, stack=[]
DEBUG:root:nextobject: (9372, Td)
DEBUG:root:nextobject: (9375, 'company')
DEBUG:root:do_keyword: pos=9385, token=Tj, stack=[]
DEBUG:root:nextobject: (9385, Tj)
DEBUG:root:do_keyword: pos=9388, token=ET, stack=[]
DEBUG:root:nextobject: (9388, ET)
DEBUG:root:do_keyword: pos=9391, token=BT, stack=[]
DEBUG:root:nextobject: (9391, BT)
DEBUG:root:nextobject: (9394, 488.5915)
DEBUG:root:nextobject: (9403, 439.2236)
DEBUG:root:do_keyword: pos=9412, token=Td, stack=[]
DEBUG:root:nextobject: (9412, Td)
DEBUG:root:nextobject: (9415, 'of')
DEBUG:root:do_keyword: pos=9420, token=Tj, stack=[]
DEBUG:root:nextobject: (9420, Tj)
DEBUG:root:do_keyword: pos=9423, token=ET, stack=[]
DEBUG:root:nextobject: (9423, ET)
DEBUG:root:do_keyword: pos=9426, token=BT, stack=[]
DEBUG:root:nextobject: (9426, BT)
DEBUG:root:nextobject: (9429, 506.2514)
DEBUG:root:nextobject: (9438, 439.2236)
DEBUG:root:do_keyword: pos=9447, token=Td, stack=[]
DEBUG:root:nextobject: (9447, Td)
DEBUG:root:nextobject: (9450, 'his')
DEBUG:root:do_keyword: pos=9456, token=Tj, stack=[]
DEBUG:root:nextobject: (9456, Tj)
DEBUG:root:do_keyword: pos=9459, token=ET, stack=[]
DEBUG:root:nextobject: (9459, ET)
DEBUG:root:do_keyword: pos=9462, token=BT, stack=[]
DEBUG:root:nextobject: (9462, BT)
DEBUG:root:nextobject: (9465, 70.8661)
DEBUG:root:nextobject: (9473, 422.4236)
DEBUG:root:do_keyword: pos=9482, token=Td, stack=[]
DEBUG:root:nextobject: (9482, Td)
DEBUG:root:nextobject: (9485, 'own')
DEBUG:root:do_keyword: pos=9491, token=Tj, stack=[]
DEBUG:root:nextobject: (9491, Tj)
DEBUG:root:do_keyword: pos=9494, token=ET, stack=[]
DEBUG:root:nextobject: (9494, ET)
DEBUG:root:do_keyword: pos=9497, token=BT, stack=[]
DEBUG:root:nextobject: (9497, BT)
DEBUG:root:nextobject: (9500, 102.1794)
DEBUG:root:nextobject: (9509, 422.4236)
DEBUG:root:do_keyword: pos=9518, token=Td, stack=[]
DEBUG:root:nextobject: (9518, Td)
DEBUG:root:nextobject: (9521, 'kind')
DEBUG:root:do_keyword: pos=9528, token=Tj, stack=[]
DEBUG:root:nextobject: (9528, Tj)
DEBUG:root:do_keyword: pos=9531, token=ET, stack=[]
DEBUG:root:nextobject: (9531, ET)
DEBUG:root:do_keyword: pos=9534, token=BT, stack=[]
DEBUG:root:nextobject: (9534, BT)
DEBUG:root:nextobject: (9537, 134.5847)
DEBUG:root:nextobject: (9546, 422.4236)
DEBUG:root:do_keyword: pos=9555, token=Td, stack=[]
DEBUG:root:nextobject: (9555, Td)
DEBUG:root:nextobject: (9558, 'that')
DEBUG:root:do_keyword: pos=9565, token=Tj, stack=[]
DEBUG:root:nextobject: (9565, Tj)
DEBUG:root:do_keyword: pos=9568, token=ET, stack=[]
DEBUG:root:nextobject: (9568, ET)
DEBUG:root:do_keyword: pos=9571, token=BT, stack=[]
DEBUG:root:nextobject: (9571, BT)
DEBUG:root:nextobject: (9574, 162.706)
DEBUG:root:nextobject: (9583, 422.4236)
DEBUG:root:do_keyword: pos=9592, token=Td, stack=[]
DEBUG:root:nextobject: (9592, Td)
DEBUG:root:nextobject: (9595, 'made')
DEBUG:root:do_keyword: pos=9602, token=Tj, stack=[]
DEBUG:root:nextobject: (9602, Tj)
DEBUG:root:do_keyword: pos=9605, token=ET, stack=[]
DEBUG:root:nextobject: (9605, ET)
DEBUG:root:do_keyword: pos=9608, token=BT, stack=[]
DEBUG:root:nextobject: (9608, BT)
DEBUG:root:nextobject: (9611, 201.1733)
DEBUG:root:nextobject: (9620, 422.4236)
DEBUG:root:do_keyword: pos=9629, token=Td, stack=[]
DEBUG:root:nextobject: (9629, Td)
DEBUG:root:nextobject: (9632, 'him')
DEBUG:root:do_keyword: pos=9638, token=Tj, stack=[]
DEBUG:root:nextobject: (9638, Tj)
DEBUG:root:do_keyword: pos=9641, token=ET, stack=[]
DEBUG:root:nextobject: (9641, ET)
DEBUG:root:do_keyword: pos=9644, token=BT, stack=[]
DEBUG:root:nextobject: (9644, BT)
DEBUG:root:nextobject: (9647, 229.6026)
DEBUG:root:nextobject: (9656, 422.4236)
DEBUG:root:do_keyword: pos=9665, token=Td, stack=[]
DEBUG:root:nextobject: (9665, Td)
DEBUG:root:nextobject: (9668, 'ask')
DEBUG:root:do_keyword: pos=9674, token=Tj, stack=[]
DEBUG:root:nextobject: (9674, Tj)
DEBUG:root:do_keyword: pos=9677, token=ET, stack=[]
DEBUG:root:nextobject: (9677, ET)
DEBUG:root:do_keyword: pos=9680, token=BT, stack=[]
DEBUG:root:nextobject: (9680, BT)
DEBUG:root:nextobject: (9683, 254.1679)
DEBUG:root:nextobject: (9692, 422.4236)
DEBUG:root:do_keyword: pos=9701, token=Td, stack=[]
DEBUG:root:nextobject: (9701, Td)
DEBUG:root:nextobject: (9704, 'this')
DEBUG:root:do_keyword: pos=9711, token=Tj, stack=[]
DEBUG:root:nextobject: (9711, Tj)
DEBUG:root:do_keyword: pos=9714, token=ET, stack=[]
DEBUG:root:nextobject: (9714, ET)
DEBUG:root:do_keyword: pos=9717, token=BT, stack=[]
DEBUG:root:nextobject: (9717, BT)
DEBUG:root:nextobject: (9720, 280.7352)
DEBUG:root:nextobject: (9729, 422.4236)
DEBUG:root:do_keyword: pos=9738, token=Td, stack=[]
DEBUG:root:nextobject: (9738, Td)
DEBUG:root:nextobject: (9741, 'question,')
DEBUG:root:do_keyword: pos=9753, token=Tj, stack=[]
DEBUG:root:nextobject: (9753, Tj)
DEBUG:root:do_keyword: pos=9756, token=ET, stack=[]
DEBUG:root:nextobject: (9756, ET)
DEBUG:root:do_keyword: pos=9759, token=BT, stack=[]
DEBUG:root:nextobject: (9759, BT)
DEBUG:root:nextobject: (9762, 341.4344)
DEBUG:root:nextobject: (9771, 422.4236)
DEBUG:root:do_keyword: pos=9780, token=Td, stack=[]
DEBUG:root:nextobject: (9780, Td)
DEBUG:root:nextobject: (9783, 'but')
DEBUG:root:do_keyword: pos=9789, token=Tj, stack=[]
DEBUG:root:nextobject: (9789, Tj)
DEBUG:root:do_keyword: pos=9792, token=ET, stack=[]
DEBUG:root:nextobject: (9792, ET)
DEBUG:root:do_keyword: pos=9795, token=BT, stack=[]
DEBUG:root:nextobject: (9795, BT)
DEBUG:root:nextobject: (9798, 366.0277)
DEBUG:root:nextobject: (9807, 422.4236)
DEBUG:root:do_keyword: pos=9816, token=Td, stack=[]
DEBUG:root:nextobject: (9816, Td)
DEBUG:root:nextobject: (9819, 'at')
DEBUG:root:do_keyword: pos=9824, token=Tj, stack=[]
DEBUG:root:nextobject: (9824, Tj)
DEBUG:root:do_keyword: pos=9827, token=ET, stack=[]
DEBUG:root:nextobject: (9827, ET)
DEBUG:root:do_keyword: pos=9830, token=BT, stack=[]
DEBUG:root:nextobject: (9830, BT)
DEBUG:root:nextobject: (9833, 381.437)
DEBUG:root:nextobject: (9842, 422.4236)
DEBUG:root:do_keyword: pos=9851, token=Td, stack=[]
DEBUG:root:nextobject: (9851, Td)
DEBUG:root:nextobject: (9854, 'last')
DEBUG:root:do_keyword: pos=9861, token=Tj, stack=[]
DEBUG:root:nextobject: (9861, Tj)
DEBUG:root:do_keyword: pos=9864, token=ET, stack=[]
DEBUG:root:nextobject: (9864, ET)
DEBUG:root:do_keyword: pos=9867, token=BT, stack=[]
DEBUG:root:nextobject: (9867, BT)
DEBUG:root:nextobject: (9870, 406.8563)
DEBUG:root:nextobject: (9879, 422.4236)
DEBUG:root:do_keyword: pos=9888, token=Td, stack=[]
DEBUG:root:nextobject: (9888, Td)
DEBUG:root:nextobject: (9891, 'we')
DEBUG:root:do_keyword: pos=9896, token=Tj, stack=[]
DEBUG:root:nextobject: (9896, Tj)
DEBUG:root:do_keyword: pos=9899, token=ET, stack=[]
DEBUG:root:nextobject: (9899, ET)
DEBUG:root:do_keyword: pos=9902, token=BT, stack=[]
DEBUG:root:nextobject: (9902, BT)
DEBUG:root:nextobject: (9905, 429.0836)
DEBUG:root:nextobject: (9914, 422.4236)
DEBUG:root:do_keyword: pos=9923, token=Td, stack=[]
DEBUG:root:nextobject: (9923, Td)
DEBUG:root:nextobject: (9926, 'began')
DEBUG:root:do_keyword: pos=9934, token=Tj, stack=[]
DEBUG:root:nextobject: (9934, Tj)
DEBUG:root:do_keyword: pos=9937, token=ET, stack=[]
DEBUG:root:nextobject: (9937, ET)
DEBUG:root:do_keyword: pos=9940, token=BT, stack=[]
DEBUG:root:nextobject: (9940, BT)
DEBUG:root:nextobject: (9943, 470.3089)
DEBUG:root:nextobject: (9952, 422.4236)
DEBUG:root:do_keyword: pos=9961, token=Td, stack=[]
DEBUG:root:nextobject: (9961, Td)
DEBUG:root:nextobject: (9964, 'to')
DEBUG:root:do_keyword: pos=9969, token=Tj, stack=[]
DEBUG:root:nextobject: (9969, Tj)
DEBUG:root:do_keyword: pos=9972, token=ET, stack=[]
DEBUG:root:nextobject: (9972, ET)
DEBUG:root:do_keyword: pos=9975, token=BT, stack=[]
DEBUG:root:nextobject: (9975, BT)
DEBUG:root:nextobject: (9978, 486.3622)
DEBUG:root:nextobject: (9987, 422.4236)
DEBUG:root:do_keyword: pos=9996, token=Td, stack=[]
DEBUG:root:nextobject: (9996, Td)
DEBUG:root:nextobject: (9999, 'see')
DEBUG:root:do_keyword: pos=10005, token=Tj, stack=[]
DEBUG:root:nextobject: (10005, Tj)
DEBUG:root:do_keyword: pos=10008, token=ET, stack=[]
DEBUG:root:nextobject: (10008, ET)
DEBUG:root:do_keyword: pos=10011, token=BT, stack=[]
DEBUG:root:nextobject: (10011, BT)
DEBUG:root:nextobject: (10014, 509.5554)
DEBUG:root:nextobject: (10023, 422.4236)
DEBUG:root:do_keyword: pos=10032, token=Td, stack=[]
DEBUG:root:nextobject: (10032, Td)
DEBUG:root:nextobject: (10035, 'he')
DEBUG:root:do_keyword: pos=10040, token=Tj, stack=[]
DEBUG:root:nextobject: (10040, Tj)
DEBUG:root:do_keyword: pos=10043, token=ET, stack=[]
DEBUG:root:nextobject: (10043, ET)
DEBUG:root:do_keyword: pos=10046, token=BT, stack=[]
DEBUG:root:nextobject: (10046, BT)
DEBUG:root:nextobject: (10049, 70.8661)
DEBUG:root:nextobject: (10057, 405.6236)
DEBUG:root:do_keyword: pos=10066, token=Td, stack=[]
DEBUG:root:nextobject: (10066, Td)
DEBUG:root:nextobject: (10069, 'was')
DEBUG:root:do_keyword: pos=10075, token=Tj, stack=[]
DEBUG:root:nextobject: (10075, Tj)
DEBUG:root:do_keyword: pos=10078, token=ET, stack=[]
DEBUG:root:nextobject: (10078, ET)
DEBUG:root:do_keyword: pos=10081, token=BT, stack=[]
DEBUG:root:nextobject: (10081, BT)
DEBUG:root:nextobject: (10084, 100.0442)
DEBUG:root:nextobject: (10093, 405.6236)
DEBUG:root:do_keyword: pos=10102, token=Td, stack=[]
DEBUG:root:nextobject: (10102, Td)
DEBUG:root:nextobject: (10105, 'desirous')
DEBUG:root:do_keyword: pos=10116, token=Tj, stack=[]
DEBUG:root:nextobject: (10116, Tj)
DEBUG:root:do_keyword: pos=10119, token=ET, stack=[]
DEBUG:root:nextobject: (10119, ET)
DEBUG:root:do_keyword: pos=10122, token=BT, stack=[]
DEBUG:root:nextobject: (10122, BT)
DEBUG:root:nextobject: (10125, 157.4323)
DEBUG:root:nextobject: (10134, 405.6236)
DEBUG:root:do_keyword: pos=10143, token=Td, stack=[]
DEBUG:root:nextobject: (10143, Td)
DEBUG:root:nextobject: (10146, 'to')
DEBUG:root:do_keyword: pos=10151, token=Tj, stack=[]
DEBUG:root:nextobject: (10151, Tj)
DEBUG:root:do_keyword: pos=10154, token=ET, stack=[]
DEBUG:root:nextobject: (10154, ET)
DEBUG:root:do_keyword: pos=10157, token=BT, stack=[]
DEBUG:root:nextobject: (10157, BT)
DEBUG:root:nextobject: (10160, 174.2064)
DEBUG:root:nextobject: (10169, 405.6236)
DEBUG:root:do_keyword: pos=10178, token=Td, stack=[]
DEBUG:root:nextobject: (10178, Td)
DEBUG:root:nextobject: (10181, 'avoid')
DEBUG:root:do_keyword: pos=10189, token=Tj, stack=[]
DEBUG:root:nextobject: (10189, Tj)
DEBUG:root:do_keyword: pos=10192, token=ET, stack=[]
DEBUG:root:nextobject: (10192, ET)
DEBUG:root:do_keyword: pos=10195, token=BT, stack=[]
DEBUG:root:nextobject: (10195, BT)
DEBUG:root:nextobject: (10198, 213.9545)
DEBUG:root:nextobject: (10207, 405.6236)
DEBUG:root:do_keyword: pos=10216, token=Td, stack=[]
DEBUG:root:nextobject: (10216, Td)
DEBUG:root:nextobject: (10219, 'them.')
DEBUG:root:do_keyword: pos=10227, token=Tj, stack=[]
DEBUG:root:nextobject: (10227, Tj)
DEBUG:root:do_keyword: pos=10230, token=ET, stack=[]
DEBUG:root:nextobject: (10230, ET)
DEBUG:root:do_keyword: pos=10233, token=BT, stack=[]
DEBUG:root:nextobject: (10233, BT)
DEBUG:root:nextobject: (10236, 253.8006)
DEBUG:root:nextobject: (10245, 405.6236)
DEBUG:root:do_keyword: pos=10254, token=Td, stack=[]
DEBUG:root:nextobject: (10254, Td)
DEBUG:root:nextobject: (10257, 'When')
DEBUG:root:do_keyword: pos=10264, token=Tj, stack=[]
DEBUG:root:nextobject: (10264, Tj)
DEBUG:root:do_keyword: pos=10267, token=ET, stack=[]
DEBUG:root:nextobject: (10267, ET)
DEBUG:root:do_keyword: pos=10270, token=BT, stack=[]
DEBUG:root:nextobject: (10270, BT)
DEBUG:root:nextobject: (10273, 295.3687)
DEBUG:root:nextobject: (10282, 405.6236)
DEBUG:root:do_keyword: pos=10291, token=Td, stack=[]
DEBUG:root:nextobject: (10291, Td)
DEBUG:root:nextobject: (10294, 'a')
DEBUG:root:do_keyword: pos=10298, token=Tj, stack=[]
DEBUG:root:nextobject: (10298, Tj)
DEBUG:root:do_keyword: pos=10301, token=ET, stack=[]
DEBUG:root:nextobject: (10301, ET)
DEBUG:root:do_keyword: pos=10304, token=BT, stack=[]
DEBUG:root:nextobject: (10304, BT)
DEBUG:root:nextobject: (10307, 306.9348)
DEBUG:root:nextobject: (10316, 405.6236)
DEBUG:root:do_keyword: pos=10325, token=Td, stack=[]
DEBUG:root:nextobject: (10325, Td)
DEBUG:root:nextobject: (10328, 'seaman')
DEBUG:root:do_keyword: pos=10337, token=Tj, stack=[]
DEBUG:root:nextobject: (10337, Tj)
DEBUG:root:do_keyword: pos=10340, token=ET, stack=[]
DEBUG:root:nextobject: (10340, ET)
DEBUG:root:do_keyword: pos=10343, token=BT, stack=[]
DEBUG:root:nextobject: (10343, BT)
DEBUG:root:nextobject: (10346, 358.6529)
DEBUG:root:nextobject: (10355, 405.6236)
DEBUG:root:do_keyword: pos=10364, token=Td, stack=[]
DEBUG:root:nextobject: (10364, Td)
DEBUG:root:nextobject: (10367, 'did')
DEBUG:root:do_keyword: pos=10373, token=Tj, stack=[]
DEBUG:root:nextobject: (10373, Tj)
DEBUG:root:do_keyword: pos=10376, token=ET, stack=[]
DEBUG:root:nextobject: (10376, ET)
DEBUG:root:do_keyword: pos=10379, token=BT, stack=[]
DEBUG:root:nextobject: (10379, BT)
DEBUG:root:nextobject: (10382, 384.401)
DEBUG:root:nextobject: (10391, 405.6236)
DEBUG:root:do_keyword: pos=10400, token=Td, stack=[]
DEBUG:root:nextobject: (10400, Td)
DEBUG:root:nextobject: (10403, 'put')
DEBUG:root:do_keyword: pos=10409, token=Tj, stack=[]
DEBUG:root:nextobject: (10409, Tj)
DEBUG:root:do_keyword: pos=10412, token=ET, stack=[]
DEBUG:root:nextobject: (10412, ET)
DEBUG:root:do_keyword: pos=10415, token=BT, stack=[]
DEBUG:root:nextobject: (10415, BT)
DEBUG:root:nextobject: (10418, 410.3871)
DEBUG:root:nextobject: (10427, 405.6236)
DEBUG:root:do_keyword: pos=10436, token=Td, stack=[]
DEBUG:root:nextobject: (10436, Td)
DEBUG:root:nextobject: (10439, 'up')
DEBUG:root:do_keyword: pos=10444, token=Tj, stack=[]
DEBUG:root:nextobject: (10444, Tj)
DEBUG:root:do_keyword: pos=10447, token=ET, stack=[]
DEBUG:root:nextobject: (10447, ET)
DEBUG:root:do_keyword: pos=10450, token=BT, stack=[]
DEBUG:root:nextobject: (10450, BT)
DEBUG:root:nextobject: (10453, 431.8092)
DEBUG:root:nextobject: (10462, 405.6236)
DEBUG:root:do_keyword: pos=10471, token=Td, stack=[]
DEBUG:root:nextobject: (10471, Td)
DEBUG:root:nextobject: (10474, 'at')
DEBUG:root:do_keyword: pos=10479, token=Tj, stack=[]
DEBUG:root:nextobject: (10479, Tj)
DEBUG:root:do_keyword: pos=10482, token=ET, stack=[]
DEBUG:root:nextobject: (10482, ET)
DEBUG:root:do_keyword: pos=10485, token=BT, stack=[]
DEBUG:root:nextobject: (10485, BT)
DEBUG:root:nextobject: (10488, 447.9393)
DEBUG:root:nextobject: (10497, 405.6236)
DEBUG:root:do_keyword: pos=10506, token=Td, stack=[]
DEBUG:root:nextobject: (10506, Td)
DEBUG:root:nextobject: (10509, 'the')
DEBUG:root:do_keyword: pos=10515, token=Tj, stack=[]
DEBUG:root:nextobject: (10515, Tj)
DEBUG:root:do_keyword: pos=10518, token=ET, stack=[]
DEBUG:root:nextobject: (10518, ET)
DEBUG:root:do_keyword: pos=10521, token=BT, stack=[]
DEBUG:root:nextobject: (10521, BT)
DEBUG:root:nextobject: (10524, 471.9234)
DEBUG:root:nextobject: (10533, 405.6236)
DEBUG:root:do_keyword: pos=10542, token=Td, stack=[]
DEBUG:root:nextobject: (10542, Td)
DEBUG:root:nextobject: (10545, 'Admiral')
DEBUG:root:do_keyword: pos=10555, token=Tj, stack=[]
DEBUG:root:nextobject: (10555, Tj)
DEBUG:root:do_keyword: pos=10558, token=ET, stack=[]
DEBUG:root:nextobject: (10558, ET)
DEBUG:root:do_keyword: pos=10561, token=BT, stack=[]
DEBUG:root:nextobject: (10561, BT)
DEBUG:root:nextobject: (10564, 70.8661)
DEBUG:root:nextobject: (10572, 388.8236)
DEBUG:root:do_keyword: pos=10581, token=Td, stack=[]
DEBUG:root:nextobject: (10581, Td)
DEBUG:root:nextobject: (10584, 'Benbow')
DEBUG:root:do_keyword: pos=10593, token=Tj, stack=[]
DEBUG:root:nextobject: (10593, Tj)
DEBUG:root:do_keyword: pos=10596, token=ET, stack=[]
DEBUG:root:nextobject: (10596, ET)
DEBUG:root:do_keyword: pos=10599, token=BT, stack=[]
DEBUG:root:nextobject: (10599, BT)
DEBUG:root:nextobject: (10602, 126.0002)
DEBUG:root:nextobject: (10611, 388.8236)
DEBUG:root:do_keyword: pos=10620, token=Td, stack=[]
DEBUG:root:nextobject: (10620, Td)
DEBUG:root:nextobject: (10623, '(as')
DEBUG:root:do_keyword: pos=10630, token=Tj, stack=[]
DEBUG:root:nextobject: (10630, Tj)
DEBUG:root:do_keyword: pos=10633, token=ET, stack=[]
DEBUG:root:nextobject: (10633, ET)
DEBUG:root:do_keyword: pos=10636, token=BT, stack=[]
DEBUG:root:nextobject: (10636, BT)
DEBUG:root:nextobject: (10639, 148.2623)
DEBUG:root:nextobject: (10648, 388.8236)
DEBUG:root:do_keyword: pos=10657, token=Td, stack=[]
DEBUG:root:nextobject: (10657, Td)
DEBUG:root:nextobject: (10660, 'now')
DEBUG:root:do_keyword: pos=10666, token=Tj, stack=[]
DEBUG:root:nextobject: (10666, Tj)
DEBUG:root:do_keyword: pos=10669, token=ET, stack=[]
DEBUG:root:nextobject: (10669, ET)
DEBUG:root:do_keyword: pos=10672, token=BT, stack=[]
DEBUG:root:nextobject: (10672, BT)
DEBUG:root:nextobject: (10675, 180.3944)
DEBUG:root:nextobject: (10684, 388.8236)
DEBUG:root:do_keyword: pos=10693, token=Td, stack=[]
DEBUG:root:nextobject: (10693, Td)
DEBUG:root:nextobject: (10696, 'and')
DEBUG:root:do_keyword: pos=10702, token=Tj, stack=[]
DEBUG:root:nextobject: (10702, Tj)
DEBUG:root:do_keyword: pos=10705, token=ET, stack=[]
DEBUG:root:nextobject: (10705, ET)
DEBUG:root:do_keyword: pos=10708, token=BT, stack=[]
DEBUG:root:nextobject: (10708, BT)
DEBUG:root:nextobject: (10711, 208.7605)
DEBUG:root:nextobject: (10720, 388.8236)
DEBUG:root:do_keyword: pos=10729, token=Td, stack=[]
DEBUG:root:nextobject: (10729, Td)
DEBUG:root:nextobject: (10732, 'then')
DEBUG:root:do_keyword: pos=10739, token=Tj, stack=[]
DEBUG:root:nextobject: (10739, Tj)
DEBUG:root:do_keyword: pos=10742, token=ET, stack=[]
DEBUG:root:nextobject: (10742, ET)
DEBUG:root:do_keyword: pos=10745, token=BT, stack=[]
DEBUG:root:nextobject: (10745, BT)
DEBUG:root:nextobject: (10748, 240.9906)
DEBUG:root:nextobject: (10757, 388.8236)
DEBUG:root:do_keyword: pos=10766, token=Td, stack=[]
DEBUG:root:nextobject: (10766, Td)
DEBUG:root:nextobject: (10769, 'some')
DEBUG:root:do_keyword: pos=10776, token=Tj, stack=[]
DEBUG:root:nextobject: (10776, Tj)
DEBUG:root:do_keyword: pos=10779, token=ET, stack=[]
DEBUG:root:nextobject: (10779, ET)
DEBUG:root:do_keyword: pos=10782, token=BT, stack=[]
DEBUG:root:nextobject: (10782, BT)
DEBUG:root:nextobject: (10785, 278.3027)
DEBUG:root:nextobject: (10794, 388.8236)
DEBUG:root:do_keyword: pos=10803, token=Td, stack=[]
DEBUG:root:nextobject: (10803, Td)
DEBUG:root:nextobject: (10806, 'did,')
DEBUG:root:do_keyword: pos=10813, token=Tj, stack=[]
DEBUG:root:nextobject: (10813, Tj)
DEBUG:root:do_keyword: pos=10816, token=ET, stack=[]
DEBUG:root:nextobject: (10816, ET)
DEBUG:root:do_keyword: pos=10819, token=BT, stack=[]
DEBUG:root:nextobject: (10819, BT)
DEBUG:root:nextobject: (10822, 307.6488)
DEBUG:root:nextobject: (10831, 388.8236)
DEBUG:root:do_keyword: pos=10840, token=Td, stack=[]
DEBUG:root:nextobject: (10840, Td)
DEBUG:root:nextobject: (10843, 'making')
DEBUG:root:do_keyword: pos=10852, token=Tj, stack=[]
DEBUG:root:nextobject: (10852, Tj)
DEBUG:root:do_keyword: pos=10855, token=ET, stack=[]
DEBUG:root:nextobject: (10855, ET)
DEBUG:root:do_keyword: pos=10858, token=BT, stack=[]
DEBUG:root:nextobject: (10858, BT)
DEBUG:root:nextobject: (10861, 359.4649)
DEBUG:root:nextobject: (10870, 388.8236)
DEBUG:root:do_keyword: pos=10879, token=Td, stack=[]
DEBUG:root:nextobject: (10879, Td)
DEBUG:root:nextobject: (10882, 'by')
DEBUG:root:do_keyword: pos=10887, token=Tj, stack=[]
DEBUG:root:nextobject: (10887, Tj)
DEBUG:root:do_keyword: pos=10890, token=ET, stack=[]
DEBUG:root:nextobject: (10890, ET)
DEBUG:root:do_keyword: pos=10893, token=BT, stack=[]
DEBUG:root:nextobject: (10893, BT)
DEBUG:root:nextobject: (10896, 379.655)
DEBUG:root:nextobject: (10905, 388.8236)
DEBUG:root:do_keyword: pos=10914, token=Td, stack=[]
DEBUG:root:nextobject: (10914, Td)
DEBUG:root:nextobject: (10917, 'the')
DEBUG:root:do_keyword: pos=10923, token=Tj, stack=[]
DEBUG:root:nextobject: (10923, Tj)
DEBUG:root:do_keyword: pos=10926, token=ET, stack=[]
DEBUG:root:nextobject: (10926, ET)
DEBUG:root:do_keyword: pos=10929, token=BT, stack=[]
DEBUG:root:nextobject: (10929, BT)
DEBUG:root:nextobject: (10932, 403.7371)
DEBUG:root:nextobject: (10941, 388.8236)
DEBUG:root:do_keyword: pos=10950, token=Td, stack=[]
DEBUG:root:nextobject: (10950, Td)
DEBUG:root:nextobject: (10953, 'coast')
DEBUG:root:do_keyword: pos=10961, token=Tj, stack=[]
DEBUG:root:nextobject: (10961, Tj)
DEBUG:root:do_keyword: pos=10964, token=ET, stack=[]
DEBUG:root:nextobject: (10964, ET)
DEBUG:root:do_keyword: pos=10967, token=BT, stack=[]
DEBUG:root:nextobject: (10967, BT)
DEBUG:root:nextobject: (10970, 439.7612)
DEBUG:root:nextobject: (10979, 388.8236)
DEBUG:root:do_keyword: pos=10988, token=Td, stack=[]
DEBUG:root:nextobject: (10988, Td)
DEBUG:root:nextobject: (10991, 'road')
DEBUG:root:do_keyword: pos=10998, token=Tj, stack=[]
DEBUG:root:nextobject: (10998, Tj)
DEBUG:root:do_keyword: pos=11001, token=ET, stack=[]
DEBUG:root:nextobject: (11001, ET)
DEBUG:root:do_keyword: pos=11004, token=BT, stack=[]
DEBUG:root:nextobject: (11004, BT)
DEBUG:root:nextobject: (11007, 473.1533)
DEBUG:root:nextobject: (11016, 388.8236)
DEBUG:root:do_keyword: pos=11025, token=Td, stack=[]
DEBUG:root:nextobject: (11025, Td)
DEBUG:root:nextobject: (11028, 'for')
DEBUG:root:do_keyword: pos=11034, token=Tj, stack=[]
DEBUG:root:nextobject: (11034, Tj)
DEBUG:root:do_keyword: pos=11037, token=ET, stack=[]
DEBUG:root:nextobject: (11037, ET)
DEBUG:root:do_keyword: pos=11040, token=BT, stack=[]
DEBUG:root:nextobject: (11040, BT)
DEBUG:root:nextobject: (11043, 495.6534)
DEBUG:root:nextobject: (11052, 388.8236)
DEBUG:root:do_keyword: pos=11061, token=Td, stack=[]
DEBUG:root:nextobject: (11061, Td)
DEBUG:root:nextobject: (11064, 'Bris-')
DEBUG:root:do_keyword: pos=11072, token=Tj, stack=[]
DEBUG:root:nextobject: (11072, Tj)
DEBUG:root:do_keyword: pos=11075, token=ET, stack=[]
DEBUG:root:nextobject: (11075, ET)
DEBUG:root:do_keyword: pos=11078, token=BT, stack=[]
DEBUG:root:nextobject: (11078, BT)
DEBUG:root:nextobject: (11081, 70.8661)
DEBUG:root:nextobject: (11089, 372.0236)
DEBUG:root:do_keyword: pos=11098, token=Td, stack=[]
DEBUG:root:nextobject: (11098, Td)
DEBUG:root:nextobject: (11101, 'tol)')
DEBUG:root:do_keyword: pos=11109, token=Tj, stack=[]
DEBUG:root:nextobject: (11109, Tj)
DEBUG:root:do_keyword: pos=11112, token=ET, stack=[]
DEBUG:root:nextobject: (11112, ET)
DEBUG:root:do_keyword: pos=11115, token=BT, stack=[]
DEBUG:root:nextobject: (11115, BT)
DEBUG:root:nextobject: (11118, 99.2861)
DEBUG:root:nextobject: (11126, 372.0236)
DEBUG:root:do_keyword: pos=11135, token=Td, stack=[]
DEBUG:root:nextobject: (11135, Td)
DEBUG:root:nextobject: (11138, 'he')
DEBUG:root:do_keyword: pos=11143, token=Tj, stack=[]
DEBUG:root:nextobject: (11143, Tj)
DEBUG:root:do_keyword: pos=11146, token=ET, stack=[]
DEBUG:root:nextobject: (11146, ET)
DEBUG:root:do_keyword: pos=11149, token=BT, stack=[]
DEBUG:root:nextobject: (11149, BT)
DEBUG:root:nextobject: (11152, 121.616)
DEBUG:root:nextobject: (11161, 372.0236)
DEBUG:root:do_keyword: pos=11170, token=Td, stack=[]
DEBUG:root:nextobject: (11170, Td)
DEBUG:root:nextobject: (11173, 'would')
DEBUG:root:do_keyword: pos=11181, token=Tj, stack=[]
DEBUG:root:nextobject: (11181, Tj)
DEBUG:root:do_keyword: pos=11184, token=ET, stack=[]
DEBUG:root:nextobject: (11184, ET)
DEBUG:root:do_keyword: pos=11187, token=BT, stack=[]
DEBUG:root:nextobject: (11187, BT)
DEBUG:root:nextobject: (11190, 169.482)
DEBUG:root:nextobject: (11199, 372.0236)
DEBUG:root:do_keyword: pos=11208, token=Td, stack=[]
DEBUG:root:nextobject: (11208, Td)
DEBUG:root:nextobject: (11211, 'look')
DEBUG:root:do_keyword: pos=11218, token=Tj, stack=[]
DEBUG:root:nextobject: (11218, Tj)
DEBUG:root:do_keyword: pos=11221, token=ET, stack=[]
DEBUG:root:nextobject: (11221, ET)
DEBUG:root:do_keyword: pos=11224, token=BT, stack=[]
DEBUG:root:nextobject: (11224, BT)
DEBUG:root:nextobject: (11227, 204.1039)
DEBUG:root:nextobject: (11236, 372.0236)
DEBUG:root:do_keyword: pos=11245, token=Td, stack=[]
DEBUG:root:nextobject: (11245, Td)
DEBUG:root:nextobject: (11248, 'in')
DEBUG:root:do_keyword: pos=11253, token=Tj, stack=[]
DEBUG:root:nextobject: (11253, Tj)
DEBUG:root:do_keyword: pos=11256, token=ET, stack=[]
DEBUG:root:nextobject: (11256, ET)
DEBUG:root:do_keyword: pos=11259, token=BT, stack=[]
DEBUG:root:nextobject: (11259, BT)
DEBUG:root:nextobject: (11262, 223.8019)
DEBUG:root:nextobject: (11271, 372.0236)
DEBUG:root:do_keyword: pos=11280, token=Td, stack=[]
DEBUG:root:nextobject: (11280, Td)
DEBUG:root:nextobject: (11283, 'at')
DEBUG:root:do_keyword: pos=11288, token=Tj, stack=[]
DEBUG:root:nextobject: (11288, Tj)
DEBUG:root:do_keyword: pos=11291, token=ET, stack=[]
DEBUG:root:nextobject: (11291, ET)
DEBUG:root:do_keyword: pos=11294, token=BT, stack=[]
DEBUG:root:nextobject: (11294, BT)
DEBUG:root:nextobject: (11297, 242.8418)
DEBUG:root:nextobject: (11306, 372.0236)
DEBUG:root:do_keyword: pos=11315, token=Td, stack=[]
DEBUG:root:nextobject: (11315, Td)
DEBUG:root:nextobject: (11318, 'him')
DEBUG:root:do_keyword: pos=11324, token=Tj, stack=[]
DEBUG:root:nextobject: (11324, Tj)
DEBUG:root:do_keyword: pos=11327, token=ET, stack=[]
DEBUG:root:nextobject: (11327, ET)
DEBUG:root:do_keyword: pos=11330, token=BT, stack=[]
DEBUG:root:nextobject: (11330, BT)
DEBUG:root:nextobject: (11333, 274.9017)
DEBUG:root:nextobject: (11342, 372.0236)
DEBUG:root:do_keyword: pos=11351, token=Td, stack=[]
DEBUG:root:nextobject: (11351, Td)
DEBUG:root:nextobject: (11354, 'through')
DEBUG:root:do_keyword: pos=11364, token=Tj, stack=[]
DEBUG:root:nextobject: (11364, Tj)
DEBUG:root:do_keyword: pos=11367, token=ET, stack=[]
DEBUG:root:nextobject: (11367, ET)
DEBUG:root:do_keyword: pos=11370, token=BT, stack=[]
DEBUG:root:nextobject: (11370, BT)
DEBUG:root:nextobject: (11373, 332.6377)
DEBUG:root:nextobject: (11382, 372.0236)
DEBUG:root:do_keyword: pos=11391, token=Td, stack=[]
DEBUG:root:nextobject: (11391, Td)
DEBUG:root:nextobject: (11394, 'the')
DEBUG:root:do_keyword: pos=11400, token=Tj, stack=[]
DEBUG:root:nextobject: (11400, Tj)
DEBUG:root:do_keyword: pos=11403, token=ET, stack=[]
DEBUG:root:nextobject: (11403, ET)
DEBUG:root:do_keyword: pos=11406, token=BT, stack=[]
DEBUG:root:nextobject: (11406, BT)
DEBUG:root:nextobject: (11409, 359.5316)
DEBUG:root:nextobject: (11418, 372.0236)
DEBUG:root:do_keyword: pos=11427, token=Td, stack=[]
DEBUG:root:nextobject: (11427, Td)
DEBUG:root:nextobject: (11430, 'curtained')
DEBUG:root:do_keyword: pos=11442, token=Tj, stack=[]
DEBUG:root:nextobject: (11442, Tj)
DEBUG:root:do_keyword: pos=11445, token=ET, stack=[]
DEBUG:root:nextobject: (11445, ET)
DEBUG:root:do_keyword: pos=11448, token=BT, stack=[]
DEBUG:root:nextobject: (11448, BT)
DEBUG:root:nextobject: (11451, 426.2416)
DEBUG:root:nextobject: (11460, 372.0236)
DEBUG:root:do_keyword: pos=11469, token=Td, stack=[]
DEBUG:root:nextobject: (11469, Td)
DEBUG:root:nextobject: (11472, 'door')
DEBUG:root:do_keyword: pos=11479, token=Tj, stack=[]
DEBUG:root:nextobject: (11479, Tj)
DEBUG:root:do_keyword: pos=11482, token=ET, stack=[]
DEBUG:root:nextobject: (11482, ET)
DEBUG:root:do_keyword: pos=11485, token=BT, stack=[]
DEBUG:root:nextobject: (11485, BT)
DEBUG:root:nextobject: (11488, 463.0895)
DEBUG:root:nextobject: (11497, 372.0236)
DEBUG:root:do_keyword: pos=11506, token=Td, stack=[]
DEBUG:root:nextobject: (11506, Td)
DEBUG:root:nextobject: (11509, 'before')
DEBUG:root:do_keyword: pos=11518, token=Tj, stack=[]
DEBUG:root:nextobject: (11518, Tj)
DEBUG:root:do_keyword: pos=11521, token=ET, stack=[]
DEBUG:root:nextobject: (11521, ET)
DEBUG:root:do_keyword: pos=11524, token=BT, stack=[]
DEBUG:root:nextobject: (11524, BT)
DEBUG:root:nextobject: (11527, 509.5554)
DEBUG:root:nextobject: (11536, 372.0236)
DEBUG:root:do_keyword: pos=11545, token=Td, stack=[]
DEBUG:root:nextobject: (11545, Td)
DEBUG:root:nextobject: (11548, 'he')
DEBUG:root:do_keyword: pos=11553, token=Tj, stack=[]
DEBUG:root:nextobject: (11553, Tj)
DEBUG:root:do_keyword: pos=11556, token=ET, stack=[]
DEBUG:root:nextobject: (11556, ET)
DEBUG:root:do_keyword: pos=11559, token=BT, stack=[]
DEBUG:root:nextobject: (11559, BT)
DEBUG:root:nextobject: (11562, 70.8661)
DEBUG:root:nextobject: (11570, 355.2236)
DEBUG:root:do_keyword: pos=11579, token=Td, stack=[]
DEBUG:root:nextobject: (11579, Td)
DEBUG:root:nextobject: (11582, 'entered')
DEBUG:root:do_keyword: pos=11592, token=Tj, stack=[]
DEBUG:root:nextobject: (11592, Tj)
DEBUG:root:do_keyword: pos=11595, token=ET, stack=[]
DEBUG:root:nextobject: (11595, ET)
DEBUG:root:do_keyword: pos=11598, token=BT, stack=[]
DEBUG:root:nextobject: (11598, BT)
DEBUG:root:nextobject: (11601, 122.7591)
DEBUG:root:nextobject: (11610, 355.2236)
DEBUG:root:do_keyword: pos=11619, token=Td, stack=[]
DEBUG:root:nextobject: (11619, Td)
DEBUG:root:nextobject: (11622, 'the')
DEBUG:root:do_keyword: pos=11628, token=Tj, stack=[]
DEBUG:root:nextobject: (11628, Tj)
DEBUG:root:do_keyword: pos=11631, token=ET, stack=[]
DEBUG:root:nextobject: (11631, ET)
DEBUG:root:do_keyword: pos=11634, token=BT, stack=[]
DEBUG:root:nextobject: (11634, BT)
DEBUG:root:nextobject: (11637, 147.156)
DEBUG:root:nextobject: (11646, 355.2236)
DEBUG:root:do_keyword: pos=11655, token=Td, stack=[]
DEBUG:root:nextobject: (11655, Td)
DEBUG:root:nextobject: (11658, 'parlour;')
DEBUG:root:do_keyword: pos=11669, token=Tj, stack=[]
DEBUG:root:nextobject: (11669, Tj)
DEBUG:root:do_keyword: pos=11672, token=ET, stack=[]
DEBUG:root:nextobject: (11672, ET)
DEBUG:root:do_keyword: pos=11675, token=BT, stack=[]
DEBUG:root:nextobject: (11675, BT)
DEBUG:root:nextobject: (11678, 202.269)
DEBUG:root:nextobject: (11687, 355.2236)
DEBUG:root:do_keyword: pos=11696, token=Td, stack=[]
DEBUG:root:nextobject: (11696, Td)
DEBUG:root:nextobject: (11699, 'and')
DEBUG:root:do_keyword: pos=11705, token=Tj, stack=[]
DEBUG:root:nextobject: (11705, Tj)
DEBUG:root:do_keyword: pos=11708, token=ET, stack=[]
DEBUG:root:nextobject: (11708, ET)
DEBUG:root:do_keyword: pos=11711, token=BT, stack=[]
DEBUG:root:nextobject: (11711, BT)
DEBUG:root:nextobject: (11714, 230.9499)
DEBUG:root:nextobject: (11723, 355.2236)
DEBUG:root:do_keyword: pos=11732, token=Td, stack=[]
DEBUG:root:nextobject: (11732, Td)
DEBUG:root:nextobject: (11735, 'he')
DEBUG:root:do_keyword: pos=11740, token=Tj, stack=[]
DEBUG:root:nextobject: (11740, Tj)
DEBUG:root:do_keyword: pos=11743, token=ET, stack=[]
DEBUG:root:nextobject: (11743, ET)
DEBUG:root:do_keyword: pos=11746, token=BT, stack=[]
DEBUG:root:nextobject: (11746, BT)
DEBUG:root:nextobject: (11749, 250.7829)
DEBUG:root:nextobject: (11758, 355.2236)
DEBUG:root:do_keyword: pos=11767, token=Td, stack=[]
DEBUG:root:nextobject: (11767, Td)
DEBUG:root:nextobject: (11770, 'was')
DEBUG:root:do_keyword: pos=11776, token=Tj, stack=[]
DEBUG:root:nextobject: (11776, Tj)
DEBUG:root:do_keyword: pos=11779, token=ET, stack=[]
DEBUG:root:nextobject: (11779, ET)
DEBUG:root:do_keyword: pos=11782, token=BT, stack=[]
DEBUG:root:nextobject: (11782, BT)
DEBUG:root:nextobject: (11785, 280.3738)
DEBUG:root:nextobject: (11794, 355.2236)
DEBUG:root:do_keyword: pos=11803, token=Td, stack=[]
DEBUG:root:nextobject: (11803, Td)
DEBUG:root:nextobject: (11806, 'always')
DEBUG:root:do_keyword: pos=11815, token=Tj, stack=[]
DEBUG:root:nextobject: (11815, Tj)
DEBUG:root:do_keyword: pos=11818, token=ET, stack=[]
DEBUG:root:nextobject: (11818, ET)
DEBUG:root:do_keyword: pos=11821, token=BT, stack=[]
DEBUG:root:nextobject: (11821, BT)
DEBUG:root:nextobject: (11824, 328.8228)
DEBUG:root:nextobject: (11833, 355.2236)
DEBUG:root:do_keyword: pos=11842, token=Td, stack=[]
DEBUG:root:nextobject: (11842, Td)
DEBUG:root:nextobject: (11845, 'sure')
DEBUG:root:do_keyword: pos=11852, token=Tj, stack=[]
DEBUG:root:nextobject: (11852, Tj)
DEBUG:root:do_keyword: pos=11855, token=ET, stack=[]
DEBUG:root:nextobject: (11855, ET)
DEBUG:root:do_keyword: pos=11858, token=BT, stack=[]
DEBUG:root:nextobject: (11858, BT)
DEBUG:root:nextobject: (11861, 360.4157)
DEBUG:root:nextobject: (11870, 355.2236)
DEBUG:root:do_keyword: pos=11879, token=Td, stack=[]
DEBUG:root:nextobject: (11879, Td)
DEBUG:root:nextobject: (11882, 'to')
DEBUG:root:do_keyword: pos=11887, token=Tj, stack=[]
DEBUG:root:nextobject: (11887, Tj)
DEBUG:root:do_keyword: pos=11890, token=ET, stack=[]
DEBUG:root:nextobject: (11890, ET)
DEBUG:root:do_keyword: pos=11893, token=BT, stack=[]
DEBUG:root:nextobject: (11893, BT)
DEBUG:root:nextobject: (11896, 377.6027)
DEBUG:root:nextobject: (11905, 355.2236)
DEBUG:root:do_keyword: pos=11914, token=Td, stack=[]
DEBUG:root:nextobject: (11914, Td)
DEBUG:root:nextobject: (11917, 'be')
DEBUG:root:do_keyword: pos=11922, token=Tj, stack=[]
DEBUG:root:nextobject: (11922, Tj)
DEBUG:root:do_keyword: pos=11925, token=ET, stack=[]
DEBUG:root:nextobject: (11925, ET)
DEBUG:root:do_keyword: pos=11928, token=BT, stack=[]
DEBUG:root:nextobject: (11928, BT)
DEBUG:root:nextobject: (11931, 397.0296)
DEBUG:root:nextobject: (11940, 355.2236)
DEBUG:root:do_keyword: pos=11949, token=Td, stack=[]
DEBUG:root:nextobject: (11949, Td)
DEBUG:root:nextobject: (11952, 'as')
DEBUG:root:do_keyword: pos=11957, token=Tj, stack=[]
DEBUG:root:nextobject: (11957, Tj)
DEBUG:root:do_keyword: pos=11960, token=ET, stack=[]
DEBUG:root:nextobject: (11960, ET)
DEBUG:root:do_keyword: pos=11963, token=BT, stack=[]
DEBUG:root:nextobject: (11963, BT)
DEBUG:root:nextobject: (11966, 414.9446)
DEBUG:root:nextobject: (11975, 355.2236)
DEBUG:root:do_keyword: pos=11984, token=Td, stack=[]
DEBUG:root:nextobject: (11984, Td)
DEBUG:root:nextobject: (11987, 'silent')
DEBUG:root:do_keyword: pos=11996, token=Tj, stack=[]
DEBUG:root:nextobject: (11996, Tj)
DEBUG:root:do_keyword: pos=11999, token=ET, stack=[]
DEBUG:root:nextobject: (11999, ET)
DEBUG:root:do_keyword: pos=12002, token=BT, stack=[]
DEBUG:root:nextobject: (12002, BT)
DEBUG:root:nextobject: (12005, 453.4255)
DEBUG:root:nextobject: (12014, 355.2236)
DEBUG:root:do_keyword: pos=12023, token=Td, stack=[]
DEBUG:root:nextobject: (12023, Td)
DEBUG:root:nextobject: (12026, 'as')
DEBUG:root:do_keyword: pos=12031, token=Tj, stack=[]
DEBUG:root:nextobject: (12031, Tj)
DEBUG:root:do_keyword: pos=12034, token=ET, stack=[]
DEBUG:root:nextobject: (12034, ET)
DEBUG:root:do_keyword: pos=12037, token=BT, stack=[]
DEBUG:root:nextobject: (12037, BT)
DEBUG:root:nextobject: (12040, 471.3405)
DEBUG:root:nextobject: (12049, 355.2236)
DEBUG:root:do_keyword: pos=12058, token=Td, stack=[]
DEBUG:root:nextobject: (12058, Td)
DEBUG:root:nextobject: (12061, 'a')
DEBUG:root:do_keyword: pos=12065, token=Tj, stack=[]
DEBUG:root:nextobject: (12065, Tj)
DEBUG:root:do_keyword: pos=12068, token=ET, stack=[]
DEBUG:root:nextobject: (12068, ET)
DEBUG:root:do_keyword: pos=12071, token=BT, stack=[]
DEBUG:root:nextobject: (12071, BT)
DEBUG:root:nextobject: (12074, 483.3194)
DEBUG:root:nextobject: (12083, 355.2236)
DEBUG:root:do_keyword: pos=12092, token=Td, stack=[]
DEBUG:root:nextobject: (12092, Td)
DEBUG:root:nextobject: (12095, 'mouse')
DEBUG:root:do_keyword: pos=12103, token=Tj, stack=[]
DEBUG:root:nextobject: (12103, Tj)
DEBUG:root:do_keyword: pos=12106, token=ET, stack=[]
DEBUG:root:nextobject: (12106, ET)
DEBUG:root:do_keyword: pos=12109, token=BT, stack=[]
DEBUG:root:nextobject: (12109, BT)
DEBUG:root:nextobject: (12112, 70.8661)
DEBUG:root:nextobject: (12120, 338.4236)
DEBUG:root:do_keyword: pos=12129, token=Td, stack=[]
DEBUG:root:nextobject: (12129, Td)
DEBUG:root:nextobject: (12132, 'when')
DEBUG:root:do_keyword: pos=12139, token=Tj, stack=[]
DEBUG:root:nextobject: (12139, Tj)
DEBUG:root:do_keyword: pos=12142, token=ET, stack=[]
DEBUG:root:nextobject: (12142, ET)
DEBUG:root:do_keyword: pos=12145, token=BT, stack=[]
DEBUG:root:nextobject: (12145, BT)
DEBUG:root:nextobject: (12148, 110.3978)
DEBUG:root:nextobject: (12157, 338.4236)
DEBUG:root:do_keyword: pos=12166, token=Td, stack=[]
DEBUG:root:nextobject: (12166, Td)
DEBUG:root:nextobject: (12169, 'any')
DEBUG:root:do_keyword: pos=12175, token=Tj, stack=[]
DEBUG:root:nextobject: (12175, Tj)
DEBUG:root:do_keyword: pos=12178, token=ET, stack=[]
DEBUG:root:nextobject: (12178, ET)
DEBUG:root:do_keyword: pos=12181, token=BT, stack=[]
DEBUG:root:nextobject: (12181, BT)
DEBUG:root:nextobject: (12184, 138.1834)
DEBUG:root:nextobject: (12193, 338.4236)
DEBUG:root:do_keyword: pos=12202, token=Td, stack=[]
DEBUG:root:nextobject: (12202, Td)
DEBUG:root:nextobject: (12205, 'such')
DEBUG:root:do_keyword: pos=12212, token=Tj, stack=[]
DEBUG:root:nextobject: (12212, Tj)
DEBUG:root:do_keyword: pos=12215, token=ET, stack=[]
DEBUG:root:nextobject: (12215, ET)
DEBUG:root:do_keyword: pos=12218, token=BT, stack=[]
DEBUG:root:nextobject: (12218, BT)
DEBUG:root:nextobject: (12221, 171.7791)
DEBUG:root:nextobject: (12230, 338.4236)
DEBUG:root:do_keyword: pos=12239, token=Td, stack=[]
DEBUG:root:nextobject: (12239, Td)
DEBUG:root:nextobject: (12242, 'was')
DEBUG:root:do_keyword: pos=12248, token=Tj, stack=[]
DEBUG:root:nextobject: (12248, Tj)
DEBUG:root:do_keyword: pos=12251, token=ET, stack=[]
DEBUG:root:nextobject: (12251, ET)
DEBUG:root:do_keyword: pos=12254, token=BT, stack=[]
DEBUG:root:nextobject: (12254, BT)
DEBUG:root:nextobject: (12257, 201.2447)
DEBUG:root:nextobject: (12266, 338.4236)
DEBUG:root:do_keyword: pos=12275, token=Td, stack=[]
DEBUG:root:nextobject: (12275, Td)
DEBUG:root:nextobject: (12278, 'present.')
DEBUG:root:do_keyword: pos=12289, token=Tj, stack=[]
DEBUG:root:nextobject: (12289, Tj)
DEBUG:root:do_keyword: pos=12292, token=ET, stack=[]
DEBUG:root:nextobject: (12292, ET)
DEBUG:root:do_keyword: pos=12295, token=BT, stack=[]
DEBUG:root:nextobject: (12295, BT)
DEBUG:root:nextobject: (12298, 255.6023)
DEBUG:root:nextobject: (12307, 338.4236)
DEBUG:root:do_keyword: pos=12316, token=Td, stack=[]
DEBUG:root:nextobject: (12316, Td)
DEBUG:root:nextobject: (12319, 'For')
DEBUG:root:do_keyword: pos=12325, token=Tj, stack=[]
DEBUG:root:nextobject: (12325, Tj)
DEBUG:root:do_keyword: pos=12328, token=ET, stack=[]
DEBUG:root:nextobject: (12328, ET)
DEBUG:root:do_keyword: pos=12331, token=BT, stack=[]
DEBUG:root:nextobject: (12331, BT)
DEBUG:root:nextobject: (12334, 281.414)
DEBUG:root:nextobject: (12343, 338.4236)
DEBUG:root:do_keyword: pos=12352, token=Td, stack=[]
DEBUG:root:nextobject: (12352, Td)
DEBUG:root:nextobject: (12355, 'me,')
DEBUG:root:do_keyword: pos=12361, token=Tj, stack=[]
DEBUG:root:nextobject: (12361, Tj)
DEBUG:root:do_keyword: pos=12364, token=ET, stack=[]
DEBUG:root:nextobject: (12364, ET)
DEBUG:root:do_keyword: pos=12367, token=BT, stack=[]
DEBUG:root:nextobject: (12367, BT)
DEBUG:root:nextobject: (12370, 308.8356)
DEBUG:root:nextobject: (12379, 338.4236)
DEBUG:root:do_keyword: pos=12388, token=Td, stack=[]
DEBUG:root:nextobject: (12388, Td)
DEBUG:root:nextobject: (12391, 'at')
DEBUG:root:do_keyword: pos=12396, token=Tj, stack=[]
DEBUG:root:nextobject: (12396, Tj)
DEBUG:root:do_keyword: pos=12399, token=ET, stack=[]
DEBUG:root:nextobject: (12399, ET)
DEBUG:root:do_keyword: pos=12402, token=BT, stack=[]
DEBUG:root:nextobject: (12402, BT)
DEBUG:root:nextobject: (12405, 325.2533)
DEBUG:root:nextobject: (12414, 338.4236)
DEBUG:root:do_keyword: pos=12423, token=Td, stack=[]
DEBUG:root:nextobject: (12423, Td)
DEBUG:root:nextobject: (12426, 'least,')
DEBUG:root:do_keyword: pos=12435, token=Tj, stack=[]
DEBUG:root:nextobject: (12435, Tj)
DEBUG:root:do_keyword: pos=12438, token=ET, stack=[]
DEBUG:root:nextobject: (12438, ET)
DEBUG:root:do_keyword: pos=12441, token=BT, stack=[]
DEBUG:root:nextobject: (12441, BT)
DEBUG:root:nextobject: (12444, 361.8869)
DEBUG:root:nextobject: (12453, 338.4236)
DEBUG:root:do_keyword: pos=12462, token=Td, stack=[]
DEBUG:root:nextobject: (12462, Td)
DEBUG:root:nextobject: (12465, 'there')
DEBUG:root:do_keyword: pos=12473, token=Tj, stack=[]
DEBUG:root:nextobject: (12473, Tj)
DEBUG:root:do_keyword: pos=12476, token=ET, stack=[]
DEBUG:root:nextobject: (12476, ET)
DEBUG:root:do_keyword: pos=12479, token=BT, stack=[]
DEBUG:root:nextobject: (12479, BT)
DEBUG:root:nextobject: (12482, 398.3945)
DEBUG:root:nextobject: (12491, 338.4236)
DEBUG:root:do_keyword: pos=12500, token=Td, stack=[]
DEBUG:root:nextobject: (12500, Td)
DEBUG:root:nextobject: (12503, 'was')
DEBUG:root:do_keyword: pos=12509, token=Tj, stack=[]
DEBUG:root:nextobject: (12509, Tj)
DEBUG:root:do_keyword: pos=12512, token=ET, stack=[]
DEBUG:root:nextobject: (12512, ET)
DEBUG:root:do_keyword: pos=12515, token=BT, stack=[]
DEBUG:root:nextobject: (12515, BT)
DEBUG:root:nextobject: (12518, 427.8602)
DEBUG:root:nextobject: (12527, 338.4236)
DEBUG:root:do_keyword: pos=12536, token=Td, stack=[]
DEBUG:root:nextobject: (12536, Td)
DEBUG:root:nextobject: (12539, 'no')
DEBUG:root:do_keyword: pos=12544, token=Tj, stack=[]
DEBUG:root:nextobject: (12544, Tj)
DEBUG:root:do_keyword: pos=12547, token=ET, stack=[]
DEBUG:root:nextobject: (12547, ET)
DEBUG:root:do_keyword: pos=12550, token=BT, stack=[]
DEBUG:root:nextobject: (12550, BT)
DEBUG:root:nextobject: (12553, 448.5058)
DEBUG:root:nextobject: (12562, 338.4236)
DEBUG:root:do_keyword: pos=12571, token=Td, stack=[]
DEBUG:root:nextobject: (12571, Td)
DEBUG:root:nextobject: (12574, 'secret')
DEBUG:root:do_keyword: pos=12583, token=Tj, stack=[]
DEBUG:root:nextobject: (12583, Tj)
DEBUG:root:do_keyword: pos=12586, token=ET, stack=[]
DEBUG:root:nextobject: (12586, ET)
DEBUG:root:do_keyword: pos=12589, token=BT, stack=[]
DEBUG:root:nextobject: (12589, BT)
DEBUG:root:nextobject: (12592, 489.0174)
DEBUG:root:nextobject: (12601, 338.4236)
DEBUG:root:do_keyword: pos=12610, token=Td, stack=[]
DEBUG:root:nextobject: (12610, Td)
DEBUG:root:nextobject: (12613, 'about')
DEBUG:root:do_keyword: pos=12621, token=Tj, stack=[]
DEBUG:root:nextobject: (12621, Tj)
DEBUG:root:do_keyword: pos=12624, token=ET, stack=[]
DEBUG:root:nextobject: (12624, ET)
DEBUG:root:do_keyword: pos=12627, token=BT, stack=[]
DEBUG:root:nextobject: (12627, BT)
DEBUG:root:nextobject: (12630, 70.8661)
DEBUG:root:nextobject: (12638, 321.6236)
DEBUG:root:do_keyword: pos=12647, token=Td, stack=[]
DEBUG:root:nextobject: (12647, Td)
DEBUG:root:nextobject: (12650, 'the')
DEBUG:root:do_keyword: pos=12656, token=Tj, stack=[]
DEBUG:root:nextobject: (12656, Tj)
DEBUG:root:do_keyword: pos=12659, token=ET, stack=[]
DEBUG:root:nextobject: (12659, ET)
DEBUG:root:do_keyword: pos=12662, token=BT, stack=[]
DEBUG:root:nextobject: (12662, BT)
DEBUG:root:nextobject: (12665, 94.8525)
DEBUG:root:nextobject: (12673, 321.6236)
DEBUG:root:do_keyword: pos=12682, token=Td, stack=[]
DEBUG:root:nextobject: (12682, Td)
DEBUG:root:nextobject: (12685, 'matter,')
DEBUG:root:do_keyword: pos=12695, token=Tj, stack=[]
DEBUG:root:nextobject: (12695, Tj)
DEBUG:root:do_keyword: pos=12698, token=ET, stack=[]
DEBUG:root:nextobject: (12698, ET)
DEBUG:root:do_keyword: pos=12701, token=BT, stack=[]
DEBUG:root:nextobject: (12701, BT)
DEBUG:root:nextobject: (12704, 143.6468)
DEBUG:root:nextobject: (12713, 321.6236)
DEBUG:root:do_keyword: pos=12722, token=Td, stack=[]
DEBUG:root:nextobject: (12722, Td)
DEBUG:root:nextobject: (12725, 'for')
DEBUG:root:do_keyword: pos=12731, token=Tj, stack=[]
DEBUG:root:nextobject: (12731, Tj)
DEBUG:root:do_keyword: pos=12734, token=ET, stack=[]
DEBUG:root:nextobject: (12734, ET)
DEBUG:root:do_keyword: pos=12737, token=BT, stack=[]
DEBUG:root:nextobject: (12737, BT)
DEBUG:root:nextobject: (12740, 166.0511)
DEBUG:root:nextobject: (12749, 321.6236)
DEBUG:root:do_keyword: pos=12758, token=Td, stack=[]
DEBUG:root:nextobject: (12758, Td)
DEBUG:root:nextobject: (12761, 'I')
DEBUG:root:do_keyword: pos=12765, token=Tj, stack=[]
DEBUG:root:nextobject: (12765, Tj)
DEBUG:root:do_keyword: pos=12768, token=ET, stack=[]
DEBUG:root:nextobject: (12768, ET)
DEBUG:root:do_keyword: pos=12771, token=BT, stack=[]
DEBUG:root:nextobject: (12771, BT)
DEBUG:root:nextobject: (12774, 175.3375)
DEBUG:root:nextobject: (12783, 321.6236)
DEBUG:root:do_keyword: pos=12792, token=Td, stack=[]
DEBUG:root:nextobject: (12792, Td)
DEBUG:root:nextobject: (12795, 'was,')
DEBUG:root:do_keyword: pos=12802, token=Tj, stack=[]
DEBUG:root:nextobject: (12802, Tj)
DEBUG:root:do_keyword: pos=12805, token=ET, stack=[]
DEBUG:root:nextobject: (12805, ET)
DEBUG:root:do_keyword: pos=12808, token=BT, stack=[]
DEBUG:root:nextobject: (12808, BT)
DEBUG:root:nextobject: (12811, 208.0178)
DEBUG:root:nextobject: (12820, 321.6236)
DEBUG:root:do_keyword: pos=12829, token=Td, stack=[]
DEBUG:root:nextobject: (12829, Td)
DEBUG:root:nextobject: (12832, 'in')
DEBUG:root:do_keyword: pos=12837, token=Tj, stack=[]
DEBUG:root:nextobject: (12837, Tj)
DEBUG:root:do_keyword: pos=12840, token=ET, stack=[]
DEBUG:root:nextobject: (12840, ET)
DEBUG:root:do_keyword: pos=12843, token=BT, stack=[]
DEBUG:root:nextobject: (12843, BT)
DEBUG:root:nextobject: (12846, 224.8081)
DEBUG:root:nextobject: (12855, 321.6236)
DEBUG:root:do_keyword: pos=12864, token=Td, stack=[]
DEBUG:root:nextobject: (12864, Td)
DEBUG:root:nextobject: (12867, 'a')
DEBUG:root:do_keyword: pos=12871, token=Tj, stack=[]
DEBUG:root:nextobject: (12871, Tj)
DEBUG:root:do_keyword: pos=12874, token=ET, stack=[]
DEBUG:root:nextobject: (12874, ET)
DEBUG:root:do_keyword: pos=12877, token=BT, stack=[]
DEBUG:root:nextobject: (12877, BT)
DEBUG:root:nextobject: (12880, 236.3765)
DEBUG:root:nextobject: (12889, 321.6236)
DEBUG:root:do_keyword: pos=12898, token=Td, stack=[]
DEBUG:root:nextobject: (12898, Td)
DEBUG:root:nextobject: (12901, 'way,')
DEBUG:root:do_keyword: pos=12908, token=Tj, stack=[]
DEBUG:root:nextobject: (12908, Tj)
DEBUG:root:do_keyword: pos=12911, token=ET, stack=[]
DEBUG:root:nextobject: (12911, ET)
DEBUG:root:do_keyword: pos=12914, token=BT, stack=[]
DEBUG:root:nextobject: (12914, BT)
DEBUG:root:nextobject: (12917, 270.9048)
DEBUG:root:nextobject: (12926, 321.6236)
DEBUG:root:do_keyword: pos=12935, token=Td, stack=[]
DEBUG:root:nextobject: (12935, Td)
DEBUG:root:nextobject: (12938, 'a')
DEBUG:root:do_keyword: pos=12942, token=Tj, stack=[]
DEBUG:root:nextobject: (12942, Tj)
DEBUG:root:do_keyword: pos=12945, token=ET, stack=[]
DEBUG:root:nextobject: (12945, ET)
DEBUG:root:do_keyword: pos=12948, token=BT, stack=[]
DEBUG:root:nextobject: (12948, BT)
DEBUG:root:nextobject: (12951, 282.4731)
DEBUG:root:nextobject: (12960, 321.6236)
DEBUG:root:do_keyword: pos=12969, token=Td, stack=[]
DEBUG:root:nextobject: (12969, Td)
DEBUG:root:nextobject: (12972, 'sharer')
DEBUG:root:do_keyword: pos=12981, token=Tj, stack=[]
DEBUG:root:nextobject: (12981, Tj)
DEBUG:root:do_keyword: pos=12984, token=ET, stack=[]
DEBUG:root:nextobject: (12984, ET)
DEBUG:root:do_keyword: pos=12987, token=BT, stack=[]
DEBUG:root:nextobject: (12987, BT)
DEBUG:root:nextobject: (12990, 325.8915)
DEBUG:root:nextobject: (12999, 321.6236)
DEBUG:root:do_keyword: pos=13008, token=Td, stack=[]
DEBUG:root:nextobject: (13008, Td)
DEBUG:root:nextobject: (13011, 'in')
DEBUG:root:do_keyword: pos=13016, token=Tj, stack=[]
DEBUG:root:nextobject: (13016, Tj)
DEBUG:root:do_keyword: pos=13019, token=ET, stack=[]
DEBUG:root:nextobject: (13019, ET)
DEBUG:root:do_keyword: pos=13022, token=BT, stack=[]
DEBUG:root:nextobject: (13022, BT)
DEBUG:root:nextobject: (13025, 342.6818)
DEBUG:root:nextobject: (13034, 321.6236)
DEBUG:root:do_keyword: pos=13043, token=Td, stack=[]
DEBUG:root:nextobject: (13043, Td)
DEBUG:root:nextobject: (13046, 'his')
DEBUG:root:do_keyword: pos=13052, token=Tj, stack=[]
DEBUG:root:nextobject: (13052, Tj)
DEBUG:root:do_keyword: pos=13055, token=ET, stack=[]
DEBUG:root:nextobject: (13055, ET)
DEBUG:root:do_keyword: pos=13058, token=BT, stack=[]
DEBUG:root:nextobject: (13058, BT)
DEBUG:root:nextobject: (13061, 365.4081)
DEBUG:root:nextobject: (13070, 321.6236)
DEBUG:root:do_keyword: pos=13079, token=Td, stack=[]
DEBUG:root:nextobject: (13079, Td)
DEBUG:root:nextobject: (13082, 'alarms.')
DEBUG:root:do_keyword: pos=13092, token=Tj, stack=[]
DEBUG:root:nextobject: (13092, Tj)
DEBUG:root:do_keyword: pos=13095, token=ET, stack=[]
DEBUG:root:nextobject: (13095, ET)
DEBUG:root:do_keyword: pos=13098, token=BT, stack=[]
DEBUG:root:nextobject: (13098, BT)
DEBUG:root:nextobject: (13101, 415.3785)
DEBUG:root:nextobject: (13110, 321.6236)
DEBUG:root:do_keyword: pos=13119, token=Td, stack=[]
DEBUG:root:nextobject: (13119, Td)
DEBUG:root:nextobject: (13122, 'He')
DEBUG:root:do_keyword: pos=13127, token=Tj, stack=[]
DEBUG:root:nextobject: (13127, Tj)
DEBUG:root:do_keyword: pos=13130, token=ET, stack=[]
DEBUG:root:nextobject: (13130, ET)
DEBUG:root:do_keyword: pos=13133, token=BT, stack=[]
DEBUG:root:nextobject: (13133, BT)
DEBUG:root:nextobject: (13136, 438.3008)
DEBUG:root:nextobject: (13145, 321.6236)
DEBUG:root:do_keyword: pos=13154, token=Td, stack=[]
DEBUG:root:nextobject: (13154, Td)
DEBUG:root:nextobject: (13157, 'had')
DEBUG:root:do_keyword: pos=13163, token=Tj, stack=[]
DEBUG:root:nextobject: (13163, Tj)
DEBUG:root:do_keyword: pos=13166, token=ET, stack=[]
DEBUG:root:nextobject: (13166, ET)
DEBUG:root:do_keyword: pos=13169, token=BT, stack=[]
DEBUG:root:nextobject: (13169, BT)
DEBUG:root:nextobject: (13172, 466.5711)
DEBUG:root:nextobject: (13181, 321.6236)
DEBUG:root:do_keyword: pos=13190, token=Td, stack=[]
DEBUG:root:nextobject: (13190, Td)
DEBUG:root:nextobject: (13193, 'taken')
DEBUG:root:do_keyword: pos=13201, token=Tj, stack=[]
DEBUG:root:nextobject: (13201, Tj)
DEBUG:root:do_keyword: pos=13204, token=ET, stack=[]
DEBUG:root:nextobject: (13204, ET)
DEBUG:root:do_keyword: pos=13207, token=BT, stack=[]
DEBUG:root:nextobject: (13207, BT)
DEBUG:root:nextobject: (13210, 505.3414)
DEBUG:root:nextobject: (13219, 321.6236)
DEBUG:root:do_keyword: pos=13228, token=Td, stack=[]
DEBUG:root:nextobject: (13228, Td)
DEBUG:root:nextobject: (13231, 'me')
DEBUG:root:do_keyword: pos=13236, token=Tj, stack=[]
DEBUG:root:nextobject: (13236, Tj)
DEBUG:root:do_keyword: pos=13239, token=ET, stack=[]
DEBUG:root:nextobject: (13239, ET)
DEBUG:root:do_keyword: pos=13242, token=BT, stack=[]
DEBUG:root:nextobject: (13242, BT)
DEBUG:root:nextobject: (13245, 70.8661)
DEBUG:root:nextobject: (13253, 304.8236)
DEBUG:root:do_keyword: pos=13262, token=Td, stack=[]
DEBUG:root:nextobject: (13262, Td)
DEBUG:root:nextobject: (13265, 'aside')
DEBUG:root:do_keyword: pos=13273, token=Tj, stack=[]
DEBUG:root:nextobject: (13273, Tj)
DEBUG:root:do_keyword: pos=13276, token=ET, stack=[]
DEBUG:root:nextobject: (13276, ET)
DEBUG:root:do_keyword: pos=13279, token=BT, stack=[]
DEBUG:root:nextobject: (13279, BT)
DEBUG:root:nextobject: (13282, 107.7378)
DEBUG:root:nextobject: (13291, 304.8236)
DEBUG:root:do_keyword: pos=13300, token=Td, stack=[]
DEBUG:root:nextobject: (13300, Td)
DEBUG:root:nextobject: (13303, 'one')
DEBUG:root:do_keyword: pos=13309, token=Tj, stack=[]
DEBUG:root:nextobject: (13309, Tj)
DEBUG:root:do_keyword: pos=13312, token=ET, stack=[]
DEBUG:root:nextobject: (13312, ET)
DEBUG:root:do_keyword: pos=13315, token=BT, stack=[]
DEBUG:root:nextobject: (13315, BT)
DEBUG:root:nextobject: (13318, 134.8374)
DEBUG:root:nextobject: (13327, 304.8236)
DEBUG:root:do_keyword: pos=13336, token=Td, stack=[]
DEBUG:root:nextobject: (13336, Td)
DEBUG:root:nextobject: (13339, 'day')
DEBUG:root:do_keyword: pos=13345, token=Tj, stack=[]
DEBUG:root:nextobject: (13345, Tj)
DEBUG:root:do_keyword: pos=13348, token=ET, stack=[]
DEBUG:root:nextobject: (13348, ET)
DEBUG:root:do_keyword: pos=13351, token=BT, stack=[]
DEBUG:root:nextobject: (13351, BT)
DEBUG:root:nextobject: (13354, 162.7771)
DEBUG:root:nextobject: (13363, 304.8236)
DEBUG:root:do_keyword: pos=13372, token=Td, stack=[]
DEBUG:root:nextobject: (13372, Td)
DEBUG:root:nextobject: (13375, 'and')
DEBUG:root:do_keyword: pos=13381, token=Tj, stack=[]
DEBUG:root:nextobject: (13381, Tj)
DEBUG:root:do_keyword: pos=13384, token=ET, stack=[]
DEBUG:root:nextobject: (13384, ET)
DEBUG:root:do_keyword: pos=13387, token=BT, stack=[]
DEBUG:root:nextobject: (13387, BT)
DEBUG:root:nextobject: (13390, 191.0807)
DEBUG:root:nextobject: (13399, 304.8236)
DEBUG:root:do_keyword: pos=13408, token=Td, stack=[]
DEBUG:root:nextobject: (13408, Td)
DEBUG:root:nextobject: (13411, 'promised')
DEBUG:root:do_keyword: pos=13422, token=Tj, stack=[]
DEBUG:root:nextobject: (13422, Tj)
DEBUG:root:do_keyword: pos=13425, token=ET, stack=[]
DEBUG:root:nextobject: (13425, ET)
DEBUG:root:do_keyword: pos=13428, token=BT, stack=[]
DEBUG:root:nextobject: (13428, BT)
DEBUG:root:nextobject: (13431, 254.9023)
DEBUG:root:nextobject: (13440, 304.8236)
DEBUG:root:do_keyword: pos=13449, token=Td, stack=[]
DEBUG:root:nextobject: (13449, Td)
DEBUG:root:nextobject: (13452, 'me')
DEBUG:root:do_keyword: pos=13457, token=Tj, stack=[]
DEBUG:root:nextobject: (13457, Tj)
DEBUG:root:do_keyword: pos=13460, token=ET, stack=[]
DEBUG:root:nextobject: (13460, ET)
DEBUG:root:do_keyword: pos=13463, token=BT, stack=[]
DEBUG:root:nextobject: (13463, BT)
DEBUG:root:nextobject: (13466, 278.572)
DEBUG:root:nextobject: (13475, 304.8236)
DEBUG:root:do_keyword: pos=13484, token=Td, stack=[]
DEBUG:root:nextobject: (13484, Td)
DEBUG:root:nextobject: (13487, 'a')
DEBUG:root:do_keyword: pos=13491, token=Tj, stack=[]
DEBUG:root:nextobject: (13491, Tj)
DEBUG:root:do_keyword: pos=13494, token=ET, stack=[]
DEBUG:root:nextobject: (13494, ET)
DEBUG:root:do_keyword: pos=13497, token=BT, stack=[]
DEBUG:root:nextobject: (13497, BT)
DEBUG:root:nextobject: (13500, 290.1736)
DEBUG:root:nextobject: (13509, 304.8236)
DEBUG:root:do_keyword: pos=13518, token=Td, stack=[]
DEBUG:root:nextobject: (13518, Td)
DEBUG:root:nextobject: (13521, 'silver')
DEBUG:root:do_keyword: pos=13530, token=Tj, stack=[]
DEBUG:root:nextobject: (13530, Tj)
DEBUG:root:do_keyword: pos=13533, token=ET, stack=[]
DEBUG:root:nextobject: (13533, ET)
DEBUG:root:do_keyword: pos=13536, token=BT, stack=[]
DEBUG:root:nextobject: (13536, BT)
DEBUG:root:nextobject: (13539, 329.0053)
DEBUG:root:nextobject: (13548, 304.8236)
DEBUG:root:do_keyword: pos=13557, token=Td, stack=[]
DEBUG:root:nextobject: (13557, Td)
DEBUG:root:nextobject: (13560, 'fourpenny')
DEBUG:root:do_keyword: pos=13572, token=Tj, stack=[]
DEBUG:root:nextobject: (13572, Tj)
DEBUG:root:do_keyword: pos=13575, token=ET, stack=[]
DEBUG:root:nextobject: (13575, ET)
DEBUG:root:do_keyword: pos=13578, token=BT, stack=[]
DEBUG:root:nextobject: (13578, BT)
DEBUG:root:nextobject: (13581, 399.0849)
DEBUG:root:nextobject: (13590, 304.8236)
DEBUG:root:do_keyword: pos=13599, token=Td, stack=[]
DEBUG:root:nextobject: (13599, Td)
DEBUG:root:nextobject: (13602, 'on')
DEBUG:root:do_keyword: pos=13607, token=Tj, stack=[]
DEBUG:root:nextobject: (13607, Tj)
DEBUG:root:do_keyword: pos=13610, token=ET, stack=[]
DEBUG:root:nextobject: (13610, ET)
DEBUG:root:do_keyword: pos=13613, token=BT, stack=[]
DEBUG:root:nextobject: (13613, BT)
DEBUG:root:nextobject: (13616, 419.4785)
DEBUG:root:nextobject: (13625, 304.8236)
DEBUG:root:do_keyword: pos=13634, token=Td, stack=[]
DEBUG:root:nextobject: (13634, Td)
DEBUG:root:nextobject: (13637, 'the')
DEBUG:root:do_keyword: pos=13643, token=Tj, stack=[]
DEBUG:root:nextobject: (13643, Tj)
DEBUG:root:do_keyword: pos=13646, token=ET, stack=[]
DEBUG:root:nextobject: (13646, ET)
DEBUG:root:do_keyword: pos=13649, token=BT, stack=[]
DEBUG:root:nextobject: (13649, BT)
DEBUG:root:nextobject: (13652, 443.4982)
DEBUG:root:nextobject: (13661, 304.8236)
DEBUG:root:do_keyword: pos=13670, token=Td, stack=[]
DEBUG:root:nextobject: (13670, Td)
DEBUG:root:nextobject: (13673, 'first')
DEBUG:root:do_keyword: pos=13681, token=Tj, stack=[]
DEBUG:root:nextobject: (13681, Tj)
DEBUG:root:do_keyword: pos=13684, token=ET, stack=[]
DEBUG:root:nextobject: (13684, ET)
DEBUG:root:do_keyword: pos=13687, token=BT, stack=[]
DEBUG:root:nextobject: (13687, BT)
DEBUG:root:nextobject: (13690, 472.8658)
DEBUG:root:nextobject: (13699, 304.8236)
DEBUG:root:do_keyword: pos=13708, token=Td, stack=[]
DEBUG:root:nextobject: (13708, Td)
DEBUG:root:nextobject: (13711, 'of')
DEBUG:root:do_keyword: pos=13716, token=Tj, stack=[]
DEBUG:root:nextobject: (13716, Tj)
DEBUG:root:do_keyword: pos=13719, token=ET, stack=[]
DEBUG:root:nextobject: (13719, ET)
DEBUG:root:do_keyword: pos=13722, token=BT, stack=[]
DEBUG:root:nextobject: (13722, BT)
DEBUG:root:nextobject: (13725, 489.7734)
DEBUG:root:nextobject: (13734, 304.8236)
DEBUG:root:do_keyword: pos=13743, token=Td, stack=[]
DEBUG:root:nextobject: (13743, Td)
DEBUG:root:nextobject: (13746, 'every')
DEBUG:root:do_keyword: pos=13754, token=Tj, stack=[]
DEBUG:root:nextobject: (13754, Tj)
DEBUG:root:do_keyword: pos=13757, token=ET, stack=[]
DEBUG:root:nextobject: (13757, ET)
DEBUG:root:do_keyword: pos=13760, token=BT, stack=[]
DEBUG:root:nextobject: (13760, BT)
DEBUG:root:nextobject: (13763, 70.8661)
DEBUG:root:nextobject: (13771, 288.0236)
DEBUG:root:do_keyword: pos=13780, token=Td, stack=[]
DEBUG:root:nextobject: (13780, Td)
DEBUG:root:nextobject: (13783, 'month')
DEBUG:root:do_keyword: pos=13791, token=Tj, stack=[]
DEBUG:root:nextobject: (13791, Tj)
DEBUG:root:do_keyword: pos=13794, token=ET, stack=[]
DEBUG:root:nextobject: (13794, ET)
DEBUG:root:do_keyword: pos=13797, token=BT, stack=[]
DEBUG:root:nextobject: (13797, BT)
DEBUG:root:nextobject: (13800, 116.7278)
DEBUG:root:nextobject: (13809, 288.0236)
DEBUG:root:do_keyword: pos=13818, token=Td, stack=[]
DEBUG:root:nextobject: (13818, Td)
DEBUG:root:nextobject: (13821, 'if')
DEBUG:root:do_keyword: pos=13826, token=Tj, stack=[]
DEBUG:root:nextobject: (13826, Tj)
DEBUG:root:do_keyword: pos=13829, token=ET, stack=[]
DEBUG:root:nextobject: (13829, ET)
DEBUG:root:do_keyword: pos=13832, token=BT, stack=[]
DEBUG:root:nextobject: (13832, BT)
DEBUG:root:nextobject: (13835, 130.4594)
DEBUG:root:nextobject: (13844, 288.0236)
DEBUG:root:do_keyword: pos=13853, token=Td, stack=[]
DEBUG:root:nextobject: (13853, Td)
DEBUG:root:nextobject: (13856, 'I')
DEBUG:root:do_keyword: pos=13860, token=Tj, stack=[]
DEBUG:root:nextobject: (13860, Tj)
DEBUG:root:do_keyword: pos=13863, token=ET, stack=[]
DEBUG:root:nextobject: (13863, ET)
DEBUG:root:do_keyword: pos=13866, token=BT, stack=[]
DEBUG:root:nextobject: (13866, BT)
DEBUG:root:nextobject: (13869, 140.173)
DEBUG:root:nextobject: (13878, 288.0236)
DEBUG:root:do_keyword: pos=13887, token=Td, stack=[]
DEBUG:root:nextobject: (13887, Td)
DEBUG:root:nextobject: (13890, 'would')
DEBUG:root:do_keyword: pos=13898, token=Tj, stack=[]
DEBUG:root:nextobject: (13898, Tj)
DEBUG:root:do_keyword: pos=13901, token=ET, stack=[]
DEBUG:root:nextobject: (13901, ET)
DEBUG:root:do_keyword: pos=13904, token=BT, stack=[]
DEBUG:root:nextobject: (13904, BT)
DEBUG:root:nextobject: (13907, 185.5586)
DEBUG:root:nextobject: (13916, 288.0236)
DEBUG:root:do_keyword: pos=13925, token=Td, stack=[]
DEBUG:root:nextobject: (13925, Td)
DEBUG:root:nextobject: (13928, 'only')
DEBUG:root:do_keyword: pos=13935, token=Tj, stack=[]
DEBUG:root:nextobject: (13935, Tj)
DEBUG:root:do_keyword: pos=13938, token=ET, stack=[]
DEBUG:root:nextobject: (13938, ET)
DEBUG:root:do_keyword: pos=13941, token=BT, stack=[]
DEBUG:root:nextobject: (13941, BT)
DEBUG:root:nextobject: (13944, 218.2042)
DEBUG:root:nextobject: (13953, 288.0236)
DEBUG:root:do_keyword: pos=13962, token=Td, stack=[]
DEBUG:root:nextobject: (13962, Td)
DEBUG:root:nextobject: (13965, 'keep')
DEBUG:root:do_keyword: pos=13972, token=Tj, stack=[]
DEBUG:root:nextobject: (13972, Tj)
DEBUG:root:do_keyword: pos=13975, token=ET, stack=[]
DEBUG:root:nextobject: (13975, ET)
DEBUG:root:do_keyword: pos=13978, token=BT, stack=[]
DEBUG:root:nextobject: (13978, BT)
DEBUG:root:nextobject: (13981, 252.8098)
DEBUG:root:nextobject: (13990, 288.0236)
DEBUG:root:do_keyword: pos=13999, token=Td, stack=[]
DEBUG:root:nextobject: (13999, Td)
DEBUG:root:nextobject: (14002, 'my')
DEBUG:root:do_keyword: pos=14007, token=Tj, stack=[]
DEBUG:root:nextobject: (14007, Tj)
DEBUG:root:do_keyword: pos=14010, token=ET, stack=[]
DEBUG:root:nextobject: (14010, ET)
DEBUG:root:do_keyword: pos=14013, token=BT, stack=[]
DEBUG:root:nextobject: (14013, BT)
DEBUG:root:nextobject: (14016, 277.9514)
DEBUG:root:nextobject: (14025, 288.0236)
DEBUG:root:do_keyword: pos=14034, token=Td, stack=[]
DEBUG:root:nextobject: (14034, Td)
DEBUG:root:nextobject: (14037, '"weather-eye')
DEBUG:root:do_keyword: pos=14052, token=Tj, stack=[]
DEBUG:root:nextobject: (14052, Tj)
DEBUG:root:do_keyword: pos=14055, token=ET, stack=[]
DEBUG:root:nextobject: (14055, ET)
DEBUG:root:do_keyword: pos=14058, token=BT, stack=[]
DEBUG:root:nextobject: (14058, BT)
DEBUG:root:nextobject: (14061, 364.329)
DEBUG:root:nextobject: (14070, 288.0236)
DEBUG:root:do_keyword: pos=14079, token=Td, stack=[]
DEBUG:root:nextobject: (14079, Td)
DEBUG:root:nextobject: (14082, 'open')
DEBUG:root:do_keyword: pos=14089, token=Tj, stack=[]
DEBUG:root:nextobject: (14089, Tj)
DEBUG:root:do_keyword: pos=14092, token=ET, stack=[]
DEBUG:root:nextobject: (14092, ET)
DEBUG:root:do_keyword: pos=14095, token=BT, stack=[]
DEBUG:root:nextobject: (14095, BT)
DEBUG:root:nextobject: (14098, 400.2366)
DEBUG:root:nextobject: (14107, 288.0236)
DEBUG:root:do_keyword: pos=14116, token=Td, stack=[]
DEBUG:root:nextobject: (14116, Td)
DEBUG:root:nextobject: (14119, 'for')
DEBUG:root:do_keyword: pos=14125, token=Tj, stack=[]
DEBUG:root:nextobject: (14125, Tj)
DEBUG:root:do_keyword: pos=14128, token=ET, stack=[]
DEBUG:root:nextobject: (14128, ET)
DEBUG:root:do_keyword: pos=14131, token=BT, stack=[]
DEBUG:root:nextobject: (14131, BT)
DEBUG:root:nextobject: (14134, 423.0682)
DEBUG:root:nextobject: (14143, 288.0236)
DEBUG:root:do_keyword: pos=14152, token=Td, stack=[]
DEBUG:root:nextobject: (14152, Td)
DEBUG:root:nextobject: (14155, 'a')
DEBUG:root:do_keyword: pos=14159, token=Tj, stack=[]
DEBUG:root:nextobject: (14159, Tj)
DEBUG:root:do_keyword: pos=14162, token=ET, stack=[]
DEBUG:root:nextobject: (14162, ET)
DEBUG:root:do_keyword: pos=14165, token=BT, stack=[]
DEBUG:root:nextobject: (14165, BT)
DEBUG:root:nextobject: (14168, 435.0638)
DEBUG:root:nextobject: (14177, 288.0236)
DEBUG:root:do_keyword: pos=14186, token=Td, stack=[]
DEBUG:root:nextobject: (14186, Td)
DEBUG:root:nextobject: (14189, 'seafaring')
DEBUG:root:do_keyword: pos=14201, token=Tj, stack=[]
DEBUG:root:nextobject: (14201, Tj)
DEBUG:root:do_keyword: pos=14204, token=ET, stack=[]
DEBUG:root:nextobject: (14204, ET)
DEBUG:root:do_keyword: pos=14207, token=BT, stack=[]
DEBUG:root:nextobject: (14207, BT)
DEBUG:root:nextobject: (14210, 496.8994)
DEBUG:root:nextobject: (14219, 288.0236)
DEBUG:root:do_keyword: pos=14228, token=Td, stack=[]
DEBUG:root:nextobject: (14228, Td)
DEBUG:root:nextobject: (14231, 'man')
DEBUG:root:do_keyword: pos=14237, token=Tj, stack=[]
DEBUG:root:nextobject: (14237, Tj)
DEBUG:root:do_keyword: pos=14240, token=ET, stack=[]
DEBUG:root:nextobject: (14240, ET)
DEBUG:root:do_keyword: pos=14243, token=BT, stack=[]
DEBUG:root:nextobject: (14243, BT)
DEBUG:root:nextobject: (14246, 70.8661)
DEBUG:root:nextobject: (14254, 271.2236)
DEBUG:root:do_keyword: pos=14263, token=Td, stack=[]
DEBUG:root:nextobject: (14263, Td)
DEBUG:root:nextobject: (14266, 'with')
DEBUG:root:do_keyword: pos=14273, token=Tj, stack=[]
DEBUG:root:nextobject: (14273, Tj)
DEBUG:root:do_keyword: pos=14276, token=ET, stack=[]
DEBUG:root:nextobject: (14276, ET)
DEBUG:root:do_keyword: pos=14279, token=BT, stack=[]
DEBUG:root:nextobject: (14279, BT)
DEBUG:root:nextobject: (14282, 103.5036)
DEBUG:root:nextobject: (14291, 271.2236)
DEBUG:root:do_keyword: pos=14300, token=Td, stack=[]
DEBUG:root:nextobject: (14300, Td)
DEBUG:root:nextobject: (14303, 'one')
DEBUG:root:do_keyword: pos=14309, token=Tj, stack=[]
DEBUG:root:nextobject: (14309, Tj)
DEBUG:root:do_keyword: pos=14312, token=ET, stack=[]
DEBUG:root:nextobject: (14312, ET)
DEBUG:root:do_keyword: pos=14315, token=BT, stack=[]
DEBUG:root:nextobject: (14315, BT)
DEBUG:root:nextobject: (14318, 130.177)
DEBUG:root:nextobject: (14327, 271.2236)
DEBUG:root:do_keyword: pos=14336, token=Td, stack=[]
DEBUG:root:nextobject: (14336, Td)
DEBUG:root:nextobject: (14339, 'leg"')
DEBUG:root:do_keyword: pos=14346, token=Tj, stack=[]
DEBUG:root:nextobject: (14346, Tj)
DEBUG:root:do_keyword: pos=14349, token=ET, stack=[]
DEBUG:root:nextobject: (14349, ET)
DEBUG:root:do_keyword: pos=14352, token=BT, stack=[]
DEBUG:root:nextobject: (14352, BT)
DEBUG:root:nextobject: (14355, 158.1105)
DEBUG:root:nextobject: (14364, 271.2236)
DEBUG:root:do_keyword: pos=14373, token=Td, stack=[]
DEBUG:root:nextobject: (14373, Td)
DEBUG:root:nextobject: (14376, 'and')
DEBUG:root:do_keyword: pos=14382, token=Tj, stack=[]
DEBUG:root:nextobject: (14382, Tj)
DEBUG:root:do_keyword: pos=14385, token=ET, stack=[]
DEBUG:root:nextobject: (14385, ET)
DEBUG:root:do_keyword: pos=14388, token=BT, stack=[]
DEBUG:root:nextobject: (14388, BT)
DEBUG:root:nextobject: (14391, 185.9879)
DEBUG:root:nextobject: (14400, 271.2236)
DEBUG:root:do_keyword: pos=14409, token=Td, stack=[]
DEBUG:root:nextobject: (14409, Td)
DEBUG:root:nextobject: (14412, 'let')
DEBUG:root:do_keyword: pos=14418, token=Tj, stack=[]
DEBUG:root:nextobject: (14418, Tj)
DEBUG:root:do_keyword: pos=14421, token=ET, stack=[]
DEBUG:root:nextobject: (14421, ET)
DEBUG:root:do_keyword: pos=14424, token=BT, stack=[]
DEBUG:root:nextobject: (14424, BT)
DEBUG:root:nextobject: (14427, 205.5074)
DEBUG:root:nextobject: (14436, 271.2236)
DEBUG:root:do_keyword: pos=14445, token=Td, stack=[]
DEBUG:root:nextobject: (14445, Td)
DEBUG:root:nextobject: (14448, 'him')
DEBUG:root:do_keyword: pos=14454, token=Tj, stack=[]
DEBUG:root:nextobject: (14454, Tj)
DEBUG:root:do_keyword: pos=14457, token=ET, stack=[]
DEBUG:root:nextobject: (14457, ET)
DEBUG:root:do_keyword: pos=14460, token=BT, stack=[]
DEBUG:root:nextobject: (14460, BT)
DEBUG:root:nextobject: (14463, 234.2668)
DEBUG:root:nextobject: (14472, 271.2236)
DEBUG:root:do_keyword: pos=14481, token=Td, stack=[]
DEBUG:root:nextobject: (14481, Td)
DEBUG:root:nextobject: (14484, 'know')
DEBUG:root:do_keyword: pos=14491, token=Tj, stack=[]
DEBUG:root:nextobject: (14491, Tj)
DEBUG:root:do_keyword: pos=14494, token=ET, stack=[]
DEBUG:root:nextobject: (14494, ET)
DEBUG:root:do_keyword: pos=14497, token=BT, stack=[]
DEBUG:root:nextobject: (14497, BT)
DEBUG:root:nextobject: (14500, 273.6942)
DEBUG:root:nextobject: (14509, 271.2236)
DEBUG:root:do_keyword: pos=14518, token=Td, stack=[]
DEBUG:root:nextobject: (14518, Td)
DEBUG:root:nextobject: (14521, 'the')
DEBUG:root:do_keyword: pos=14527, token=Tj, stack=[]
DEBUG:root:nextobject: (14527, Tj)
DEBUG:root:do_keyword: pos=14530, token=ET, stack=[]
DEBUG:root:nextobject: (14530, ET)
DEBUG:root:do_keyword: pos=14533, token=BT, stack=[]
DEBUG:root:nextobject: (14533, BT)
DEBUG:root:nextobject: (14536, 297.2877)
DEBUG:root:nextobject: (14545, 271.2236)
DEBUG:root:do_keyword: pos=14554, token=Td, stack=[]
DEBUG:root:nextobject: (14554, Td)
DEBUG:root:nextobject: (14557, 'moment')
DEBUG:root:do_keyword: pos=14566, token=Tj, stack=[]
DEBUG:root:nextobject: (14566, Tj)
DEBUG:root:do_keyword: pos=14569, token=ET, stack=[]
DEBUG:root:nextobject: (14569, ET)
DEBUG:root:do_keyword: pos=14572, token=BT, stack=[]
DEBUG:root:nextobject: (14572, BT)
DEBUG:root:nextobject: (14575, 353.2491)
DEBUG:root:nextobject: (14584, 271.2236)
DEBUG:root:do_keyword: pos=14593, token=Td, stack=[]
DEBUG:root:nextobject: (14593, Td)
DEBUG:root:nextobject: (14596, 'he')
DEBUG:root:do_keyword: pos=14601, token=Tj, stack=[]
DEBUG:root:nextobject: (14601, Tj)
DEBUG:root:do_keyword: pos=14604, token=ET, stack=[]
DEBUG:root:nextobject: (14604, ET)
DEBUG:root:do_keyword: pos=14607, token=BT, stack=[]
DEBUG:root:nextobject: (14607, BT)
DEBUG:root:nextobject: (14610, 372.2786)
DEBUG:root:nextobject: (14619, 271.2236)
DEBUG:root:do_keyword: pos=14628, token=Td, stack=[]
DEBUG:root:nextobject: (14628, Td)
DEBUG:root:nextobject: (14631, 'appeared.')
DEBUG:root:do_keyword: pos=14643, token=Tj, stack=[]
DEBUG:root:nextobject: (14643, Tj)
DEBUG:root:do_keyword: pos=14646, token=ET, stack=[]
DEBUG:root:nextobject: (14646, ET)
DEBUG:root:do_keyword: pos=14649, token=BT, stack=[]
DEBUG:root:nextobject: (14649, BT)
DEBUG:root:nextobject: (14652, 438.278)
DEBUG:root:nextobject: (14661, 271.2236)
DEBUG:root:do_keyword: pos=14670, token=Td, stack=[]
DEBUG:root:nextobject: (14670, Td)
DEBUG:root:nextobject: (14673, 'Often')
DEBUG:root:do_keyword: pos=14681, token=Tj, stack=[]
DEBUG:root:nextobject: (14681, Tj)
DEBUG:root:do_keyword: pos=14684, token=ET, stack=[]
DEBUG:root:nextobject: (14684, ET)
DEBUG:root:do_keyword: pos=14687, token=BT, stack=[]
DEBUG:root:nextobject: (14687, BT)
DEBUG:root:nextobject: (14690, 477.5374)
DEBUG:root:nextobject: (14699, 271.2236)
DEBUG:root:do_keyword: pos=14708, token=Td, stack=[]
DEBUG:root:nextobject: (14708, Td)
DEBUG:root:nextobject: (14711, 'enough')
DEBUG:root:do_keyword: pos=14720, token=Tj, stack=[]
DEBUG:root:nextobject: (14720, Tj)
DEBUG:root:do_keyword: pos=14723, token=ET, stack=[]
DEBUG:root:nextobject: (14723, ET)
DEBUG:root:do_keyword: pos=14726, token=BT, stack=[]
DEBUG:root:nextobject: (14726, BT)
DEBUG:root:nextobject: (14729, 70.8661)
DEBUG:root:nextobject: (14737, 254.4236)
DEBUG:root:do_keyword: pos=14746, token=Td, stack=[]
DEBUG:root:nextobject: (14746, Td)
DEBUG:root:nextobject: (14749, 'when')
DEBUG:root:do_keyword: pos=14756, token=Tj, stack=[]
DEBUG:root:nextobject: (14756, Tj)
DEBUG:root:do_keyword: pos=14759, token=ET, stack=[]
DEBUG:root:nextobject: (14759, ET)
DEBUG:root:do_keyword: pos=14762, token=BT, stack=[]
DEBUG:root:nextobject: (14762, BT)
DEBUG:root:nextobject: (14765, 111.3341)
DEBUG:root:nextobject: (14774, 254.4236)
DEBUG:root:do_keyword: pos=14783, token=Td, stack=[]
DEBUG:root:nextobject: (14783, Td)
DEBUG:root:nextobject: (14786, 'the')
DEBUG:root:do_keyword: pos=14792, token=Tj, stack=[]
DEBUG:root:nextobject: (14792, Tj)
DEBUG:root:do_keyword: pos=14795, token=ET, stack=[]
DEBUG:root:nextobject: (14795, ET)
DEBUG:root:do_keyword: pos=14798, token=BT, stack=[]
DEBUG:root:nextobject: (14798, BT)
DEBUG:root:nextobject: (14801, 136.542)
DEBUG:root:nextobject: (14810, 254.4236)
DEBUG:root:do_keyword: pos=14819, token=Td, stack=[]
DEBUG:root:nextobject: (14819, Td)
DEBUG:root:nextobject: (14822, 'first')
DEBUG:root:do_keyword: pos=14830, token=Tj, stack=[]
DEBUG:root:nextobject: (14830, Tj)
DEBUG:root:do_keyword: pos=14833, token=ET, stack=[]
DEBUG:root:nextobject: (14833, ET)
DEBUG:root:do_keyword: pos=14836, token=BT, stack=[]
DEBUG:root:nextobject: (14836, BT)
DEBUG:root:nextobject: (14839, 167.098)
DEBUG:root:nextobject: (14848, 254.4236)
DEBUG:root:do_keyword: pos=14857, token=Td, stack=[]
DEBUG:root:nextobject: (14857, Td)
DEBUG:root:nextobject: (14860, 'of')
DEBUG:root:do_keyword: pos=14865, token=Tj, stack=[]
DEBUG:root:nextobject: (14865, Tj)
DEBUG:root:do_keyword: pos=14868, token=ET, stack=[]
DEBUG:root:nextobject: (14868, ET)
DEBUG:root:do_keyword: pos=14871, token=BT, stack=[]
DEBUG:root:nextobject: (14871, BT)
DEBUG:root:nextobject: (14874, 185.1939)
DEBUG:root:nextobject: (14883, 254.4236)
DEBUG:root:do_keyword: pos=14892, token=Td, stack=[]
DEBUG:root:nextobject: (14892, Td)
DEBUG:root:nextobject: (14895, 'the')
DEBUG:root:do_keyword: pos=14901, token=Tj, stack=[]
DEBUG:root:nextobject: (14901, Tj)
DEBUG:root:do_keyword: pos=14904, token=ET, stack=[]
DEBUG:root:nextobject: (14904, ET)
DEBUG:root:do_keyword: pos=14907, token=BT, stack=[]
DEBUG:root:nextobject: (14907, BT)
DEBUG:root:nextobject: (14910, 210.4019)
DEBUG:root:nextobject: (14919, 254.4236)
DEBUG:root:do_keyword: pos=14928, token=Td, stack=[]
DEBUG:root:nextobject: (14928, Td)
DEBUG:root:nextobject: (14931, 'month')
DEBUG:root:do_keyword: pos=14939, token=Tj, stack=[]
DEBUG:root:nextobject: (14939, Tj)
DEBUG:root:do_keyword: pos=14942, token=ET, stack=[]
DEBUG:root:nextobject: (14942, ET)
DEBUG:root:do_keyword: pos=14945, token=BT, stack=[]
DEBUG:root:nextobject: (14945, BT)
DEBUG:root:nextobject: (14948, 257.0578)
DEBUG:root:nextobject: (14957, 254.4236)
DEBUG:root:do_keyword: pos=14966, token=Td, stack=[]
DEBUG:root:nextobject: (14966, Td)
DEBUG:root:nextobject: (14969, 'came')
DEBUG:root:do_keyword: pos=14976, token=Tj, stack=[]
DEBUG:root:nextobject: (14976, Tj)
DEBUG:root:do_keyword: pos=14979, token=ET, stack=[]
DEBUG:root:nextobject: (14979, ET)
DEBUG:root:do_keyword: pos=14982, token=BT, stack=[]
DEBUG:root:nextobject: (14982, BT)
DEBUG:root:nextobject: (14985, 295.1318)
DEBUG:root:nextobject: (14994, 254.4236)
DEBUG:root:do_keyword: pos=15003, token=Td, stack=[]
DEBUG:root:nextobject: (15003, Td)
DEBUG:root:nextobject: (15006, 'round')
DEBUG:root:do_keyword: pos=15014, token=Tj, stack=[]
DEBUG:root:nextobject: (15014, Tj)
DEBUG:root:do_keyword: pos=15017, token=ET, stack=[]
DEBUG:root:nextobject: (15017, ET)
DEBUG:root:do_keyword: pos=15020, token=BT, stack=[]
DEBUG:root:nextobject: (15020, BT)
DEBUG:root:nextobject: (15023, 339.2397)
DEBUG:root:nextobject: (15032, 254.4236)
DEBUG:root:do_keyword: pos=15041, token=Td, stack=[]
DEBUG:root:nextobject: (15041, Td)
DEBUG:root:nextobject: (15044, 'and')
DEBUG:root:do_keyword: pos=15050, token=Tj, stack=[]
DEBUG:root:nextobject: (15050, Tj)
DEBUG:root:do_keyword: pos=15053, token=ET, stack=[]
DEBUG:root:nextobject: (15053, ET)
DEBUG:root:do_keyword: pos=15056, token=BT, stack=[]
DEBUG:root:nextobject: (15056, BT)
DEBUG:root:nextobject: (15059, 368.7317)
DEBUG:root:nextobject: (15068, 254.4236)
DEBUG:root:do_keyword: pos=15077, token=Td, stack=[]
DEBUG:root:nextobject: (15077, Td)
DEBUG:root:nextobject: (15080, 'I')
DEBUG:root:do_keyword: pos=15084, token=Tj, stack=[]
DEBUG:root:nextobject: (15084, Tj)
DEBUG:root:do_keyword: pos=15087, token=ET, stack=[]
DEBUG:root:nextobject: (15087, ET)
DEBUG:root:do_keyword: pos=15090, token=BT, stack=[]
DEBUG:root:nextobject: (15090, BT)
DEBUG:root:nextobject: (15093, 379.2396)
DEBUG:root:nextobject: (15102, 254.4236)
DEBUG:root:do_keyword: pos=15111, token=Td, stack=[]
DEBUG:root:nextobject: (15111, Td)
DEBUG:root:nextobject: (15114, 'applied')
DEBUG:root:do_keyword: pos=15124, token=Tj, stack=[]
DEBUG:root:nextobject: (15124, Tj)
DEBUG:root:do_keyword: pos=15127, token=ET, stack=[]
DEBUG:root:nextobject: (15127, ET)
DEBUG:root:do_keyword: pos=15130, token=BT, stack=[]
DEBUG:root:nextobject: (15130, BT)
DEBUG:root:nextobject: (15133, 432.2656)
DEBUG:root:nextobject: (15142, 254.4236)
DEBUG:root:do_keyword: pos=15151, token=Td, stack=[]
DEBUG:root:nextobject: (15151, Td)
DEBUG:root:nextobject: (15154, 'to')
DEBUG:root:do_keyword: pos=15159, token=Tj, stack=[]
DEBUG:root:nextobject: (15159, Tj)
DEBUG:root:do_keyword: pos=15162, token=ET, stack=[]
DEBUG:root:nextobject: (15162, ET)
DEBUG:root:do_keyword: pos=15165, token=BT, stack=[]
DEBUG:root:nextobject: (15165, BT)
DEBUG:root:nextobject: (15168, 450.2635)
DEBUG:root:nextobject: (15177, 254.4236)
DEBUG:root:do_keyword: pos=15186, token=Td, stack=[]
DEBUG:root:nextobject: (15186, Td)
DEBUG:root:nextobject: (15189, 'him')
DEBUG:root:do_keyword: pos=15195, token=Tj, stack=[]
DEBUG:root:nextobject: (15195, Tj)
DEBUG:root:do_keyword: pos=15198, token=ET, stack=[]
DEBUG:root:nextobject: (15198, ET)
DEBUG:root:do_keyword: pos=15201, token=BT, stack=[]
DEBUG:root:nextobject: (15201, BT)
DEBUG:root:nextobject: (15204, 480.6375)
DEBUG:root:nextobject: (15213, 254.4236)
DEBUG:root:do_keyword: pos=15222, token=Td, stack=[]
DEBUG:root:nextobject: (15222, Td)
DEBUG:root:nextobject: (15225, 'for')
DEBUG:root:do_keyword: pos=15231, token=Tj, stack=[]
DEBUG:root:nextobject: (15231, Tj)
DEBUG:root:do_keyword: pos=15234, token=ET, stack=[]
DEBUG:root:nextobject: (15234, ET)
DEBUG:root:do_keyword: pos=15237, token=BT, stack=[]
DEBUG:root:nextobject: (15237, BT)
DEBUG:root:nextobject: (15240, 504.2634)
DEBUG:root:nextobject: (15249, 254.4236)
DEBUG:root:do_keyword: pos=15258, token=Td, stack=[]
DEBUG:root:nextobject: (15258, Td)
DEBUG:root:nextobject: (15261, 'my')
DEBUG:root:do_keyword: pos=15266, token=Tj, stack=[]
DEBUG:root:nextobject: (15266, Tj)
DEBUG:root:do_keyword: pos=15269, token=ET, stack=[]
DEBUG:root:nextobject: (15269, ET)
DEBUG:root:do_keyword: pos=15272, token=BT, stack=[]
DEBUG:root:nextobject: (15272, BT)
DEBUG:root:nextobject: (15275, 70.8661)
DEBUG:root:nextobject: (15283, 237.6236)
DEBUG:root:do_keyword: pos=15292, token=Td, stack=[]
DEBUG:root:nextobject: (15292, Td)
DEBUG:root:nextobject: (15295, 'wage,')
DEBUG:root:do_keyword: pos=15303, token=Tj, stack=[]
DEBUG:root:nextobject: (15303, Tj)
DEBUG:root:do_keyword: pos=15306, token=ET, stack=[]
DEBUG:root:nextobject: (15306, ET)
DEBUG:root:do_keyword: pos=15309, token=BT, stack=[]
DEBUG:root:nextobject: (15309, BT)
DEBUG:root:nextobject: (15312, 112.4041)
DEBUG:root:nextobject: (15321, 237.6236)
DEBUG:root:do_keyword: pos=15330, token=Td, stack=[]
DEBUG:root:nextobject: (15330, Td)
DEBUG:root:nextobject: (15333, 'he')
DEBUG:root:do_keyword: pos=15338, token=Tj, stack=[]
DEBUG:root:nextobject: (15338, Tj)
DEBUG:root:do_keyword: pos=15341, token=ET, stack=[]
DEBUG:root:nextobject: (15341, ET)
DEBUG:root:do_keyword: pos=15344, token=BT, stack=[]
DEBUG:root:nextobject: (15344, BT)
DEBUG:root:nextobject: (15347, 132.13)
DEBUG:root:nextobject: (15356, 237.6236)
DEBUG:root:do_keyword: pos=15365, token=Td, stack=[]
DEBUG:root:nextobject: (15365, Td)
DEBUG:root:nextobject: (15368, 'would')
DEBUG:root:do_keyword: pos=15376, token=Tj, stack=[]
DEBUG:root:nextobject: (15376, Tj)
DEBUG:root:do_keyword: pos=15379, token=ET, stack=[]
DEBUG:root:nextobject: (15379, ET)
DEBUG:root:do_keyword: pos=15382, token=BT, stack=[]
DEBUG:root:nextobject: (15382, BT)
DEBUG:root:nextobject: (15385, 177.392)
DEBUG:root:nextobject: (15394, 237.6236)
DEBUG:root:do_keyword: pos=15403, token=Td, stack=[]
DEBUG:root:nextobject: (15403, Td)
DEBUG:root:nextobject: (15406, 'only')
DEBUG:root:do_keyword: pos=15413, token=Tj, stack=[]
DEBUG:root:nextobject: (15413, Tj)
DEBUG:root:do_keyword: pos=15416, token=ET, stack=[]
DEBUG:root:nextobject: (15416, ET)
DEBUG:root:do_keyword: pos=15419, token=BT, stack=[]
DEBUG:root:nextobject: (15419, BT)
DEBUG:root:nextobject: (15422, 209.9139)
DEBUG:root:nextobject: (15431, 237.6236)
DEBUG:root:do_keyword: pos=15440, token=Td, stack=[]
DEBUG:root:nextobject: (15440, Td)
DEBUG:root:nextobject: (15443, 'blow')
DEBUG:root:do_keyword: pos=15450, token=Tj, stack=[]
DEBUG:root:nextobject: (15450, Tj)
DEBUG:root:do_keyword: pos=15453, token=ET, stack=[]
DEBUG:root:nextobject: (15453, ET)
DEBUG:root:do_keyword: pos=15456, token=BT, stack=[]
DEBUG:root:nextobject: (15456, BT)
DEBUG:root:nextobject: (15459, 245.9219)
DEBUG:root:nextobject: (15468, 237.6236)
DEBUG:root:do_keyword: pos=15477, token=Td, stack=[]
DEBUG:root:nextobject: (15477, Td)
DEBUG:root:nextobject: (15480, 'through')
DEBUG:root:do_keyword: pos=15490, token=Tj, stack=[]
DEBUG:root:nextobject: (15490, Tj)
DEBUG:root:do_keyword: pos=15493, token=ET, stack=[]
DEBUG:root:nextobject: (15493, ET)
DEBUG:root:do_keyword: pos=15496, token=BT, stack=[]
DEBUG:root:nextobject: (15496, BT)
DEBUG:root:nextobject: (15499, 301.0538)
DEBUG:root:nextobject: (15508, 237.6236)
DEBUG:root:do_keyword: pos=15517, token=Td, stack=[]
DEBUG:root:nextobject: (15517, Td)
DEBUG:root:nextobject: (15520, 'his')
DEBUG:root:do_keyword: pos=15526, token=Tj, stack=[]
DEBUG:root:nextobject: (15526, Tj)
DEBUG:root:do_keyword: pos=15529, token=ET, stack=[]
DEBUG:root:nextobject: (15529, ET)
DEBUG:root:do_keyword: pos=15532, token=BT, stack=[]
DEBUG:root:nextobject: (15532, BT)
DEBUG:root:nextobject: (15535, 324.0838)
DEBUG:root:nextobject: (15544, 237.6236)
DEBUG:root:do_keyword: pos=15553, token=Td, stack=[]
DEBUG:root:nextobject: (15553, Td)
DEBUG:root:nextobject: (15556, 'nose')
DEBUG:root:do_keyword: pos=15563, token=Tj, stack=[]
DEBUG:root:nextobject: (15563, Tj)
DEBUG:root:do_keyword: pos=15566, token=ET, stack=[]
DEBUG:root:nextobject: (15566, ET)
DEBUG:root:do_keyword: pos=15569, token=BT, stack=[]
DEBUG:root:nextobject: (15569, BT)
DEBUG:root:nextobject: (15572, 357.3897)
DEBUG:root:nextobject: (15581, 237.6236)
DEBUG:root:do_keyword: pos=15590, token=Td, stack=[]
DEBUG:root:nextobject: (15590, Td)
DEBUG:root:nextobject: (15593, 'at')
DEBUG:root:do_keyword: pos=15598, token=Tj, stack=[]
DEBUG:root:nextobject: (15598, Tj)
DEBUG:root:do_keyword: pos=15601, token=ET, stack=[]
DEBUG:root:nextobject: (15601, ET)
DEBUG:root:do_keyword: pos=15604, token=BT, stack=[]
DEBUG:root:nextobject: (15604, BT)
DEBUG:root:nextobject: (15607, 373.8257)
DEBUG:root:nextobject: (15616, 237.6236)
DEBUG:root:do_keyword: pos=15625, token=Td, stack=[]
DEBUG:root:nextobject: (15625, Td)
DEBUG:root:nextobject: (15628, 'me')
DEBUG:root:do_keyword: pos=15633, token=Tj, stack=[]
DEBUG:root:nextobject: (15633, Tj)
DEBUG:root:do_keyword: pos=15636, token=ET, stack=[]
DEBUG:root:nextobject: (15636, ET)
DEBUG:root:do_keyword: pos=15639, token=BT, stack=[]
DEBUG:root:nextobject: (15639, BT)
DEBUG:root:nextobject: (15642, 397.7656)
DEBUG:root:nextobject: (15651, 237.6236)
DEBUG:root:do_keyword: pos=15660, token=Td, stack=[]
DEBUG:root:nextobject: (15660, Td)
DEBUG:root:nextobject: (15663, 'and')
DEBUG:root:do_keyword: pos=15669, token=Tj, stack=[]
DEBUG:root:nextobject: (15669, Tj)
DEBUG:root:do_keyword: pos=15672, token=ET, stack=[]
DEBUG:root:nextobject: (15672, ET)
DEBUG:root:do_keyword: pos=15675, token=BT, stack=[]
DEBUG:root:nextobject: (15675, BT)
DEBUG:root:nextobject: (15678, 426.3396)
DEBUG:root:nextobject: (15687, 237.6236)
DEBUG:root:do_keyword: pos=15696, token=Td, stack=[]
DEBUG:root:nextobject: (15696, Td)
DEBUG:root:nextobject: (15699, 'stare')
DEBUG:root:do_keyword: pos=15707, token=Tj, stack=[]
DEBUG:root:nextobject: (15707, Tj)
DEBUG:root:do_keyword: pos=15710, token=ET, stack=[]
DEBUG:root:nextobject: (15710, ET)
DEBUG:root:do_keyword: pos=15713, token=BT, stack=[]
DEBUG:root:nextobject: (15713, BT)
DEBUG:root:nextobject: (15716, 460.9475)
DEBUG:root:nextobject: (15725, 237.6236)
DEBUG:root:do_keyword: pos=15734, token=Td, stack=[]
DEBUG:root:nextobject: (15734, Td)
DEBUG:root:nextobject: (15737, 'me')
DEBUG:root:do_keyword: pos=15742, token=Tj, stack=[]
DEBUG:root:nextobject: (15742, Tj)
DEBUG:root:do_keyword: pos=15745, token=ET, stack=[]
DEBUG:root:nextobject: (15745, ET)
DEBUG:root:do_keyword: pos=15748, token=BT, stack=[]
DEBUG:root:nextobject: (15748, BT)
DEBUG:root:nextobject: (15751, 484.8874)
DEBUG:root:nextobject: (15760, 237.6236)
DEBUG:root:do_keyword: pos=15769, token=Td, stack=[]
DEBUG:root:nextobject: (15769, Td)
DEBUG:root:nextobject: (15772, 'down,')
DEBUG:root:do_keyword: pos=15780, token=Tj, stack=[]
DEBUG:root:nextobject: (15780, Tj)
DEBUG:root:do_keyword: pos=15783, token=ET, stack=[]
DEBUG:root:nextobject: (15783, ET)
DEBUG:root:do_keyword: pos=15786, token=BT, stack=[]
DEBUG:root:nextobject: (15786, BT)
DEBUG:root:nextobject: (15789, 70.8661)
DEBUG:root:nextobject: (15797, 220.8236)
DEBUG:root:do_keyword: pos=15806, token=Td, stack=[]
DEBUG:root:nextobject: (15806, Td)
DEBUG:root:nextobject: (15809, 'but')
DEBUG:root:do_keyword: pos=15815, token=Tj, stack=[]
DEBUG:root:nextobject: (15815, Tj)
DEBUG:root:do_keyword: pos=15818, token=ET, stack=[]
DEBUG:root:nextobject: (15818, ET)
DEBUG:root:do_keyword: pos=15821, token=BT, stack=[]
DEBUG:root:nextobject: (15821, BT)
DEBUG:root:nextobject: (15824, 96.4572)
DEBUG:root:nextobject: (15832, 220.8236)
DEBUG:root:do_keyword: pos=15841, token=Td, stack=[]
DEBUG:root:nextobject: (15841, Td)
DEBUG:root:nextobject: (15844, 'before')
DEBUG:root:do_keyword: pos=15853, token=Tj, stack=[]
DEBUG:root:nextobject: (15853, Tj)
DEBUG:root:do_keyword: pos=15856, token=ET, stack=[]
DEBUG:root:nextobject: (15856, ET)
DEBUG:root:do_keyword: pos=15859, token=BT, stack=[]
DEBUG:root:nextobject: (15859, BT)
DEBUG:root:nextobject: (15862, 140.2902)
DEBUG:root:nextobject: (15871, 220.8236)
DEBUG:root:do_keyword: pos=15880, token=Td, stack=[]
DEBUG:root:nextobject: (15880, Td)
DEBUG:root:nextobject: (15883, 'the')
DEBUG:root:do_keyword: pos=15889, token=Tj, stack=[]
DEBUG:root:nextobject: (15889, Tj)
DEBUG:root:do_keyword: pos=15892, token=ET, stack=[]
DEBUG:root:nextobject: (15892, ET)
DEBUG:root:do_keyword: pos=15895, token=BT, stack=[]
DEBUG:root:nextobject: (15895, BT)
DEBUG:root:nextobject: (15898, 164.5512)
DEBUG:root:nextobject: (15907, 220.8236)
DEBUG:root:do_keyword: pos=15916, token=Td, stack=[]
DEBUG:root:nextobject: (15916, Td)
DEBUG:root:nextobject: (15919, 'week')
DEBUG:root:do_keyword: pos=15926, token=Tj, stack=[]
DEBUG:root:nextobject: (15926, Tj)
DEBUG:root:do_keyword: pos=15929, token=ET, stack=[]
DEBUG:root:nextobject: (15929, ET)
DEBUG:root:do_keyword: pos=15932, token=BT, stack=[]
DEBUG:root:nextobject: (15932, BT)
DEBUG:root:nextobject: (15935, 202.2662)
DEBUG:root:nextobject: (15944, 220.8236)
DEBUG:root:do_keyword: pos=15953, token=Td, stack=[]
DEBUG:root:nextobject: (15953, Td)
DEBUG:root:nextobject: (15956, 'was')
DEBUG:root:do_keyword: pos=15962, token=Tj, stack=[]
DEBUG:root:nextobject: (15962, Tj)
DEBUG:root:do_keyword: pos=15965, token=ET, stack=[]
DEBUG:root:nextobject: (15965, ET)
DEBUG:root:do_keyword: pos=15968, token=BT, stack=[]
DEBUG:root:nextobject: (15968, BT)
DEBUG:root:nextobject: (15971, 231.7212)
DEBUG:root:nextobject: (15980, 220.8236)
DEBUG:root:do_keyword: pos=15989, token=Td, stack=[]
DEBUG:root:nextobject: (15989, Td)
DEBUG:root:nextobject: (15992, 'out')
DEBUG:root:do_keyword: pos=15998, token=Tj, stack=[]
DEBUG:root:nextobject: (15998, Tj)
DEBUG:root:do_keyword: pos=16001, token=ET, stack=[]
DEBUG:root:nextobject: (16001, ET)
DEBUG:root:do_keyword: pos=16004, token=BT, stack=[]
DEBUG:root:nextobject: (16004, BT)
DEBUG:root:nextobject: (16007, 257.2143)
DEBUG:root:nextobject: (16016, 220.8236)
DEBUG:root:do_keyword: pos=16025, token=Td, stack=[]
DEBUG:root:nextobject: (16025, Td)
DEBUG:root:nextobject: (16028, 'he')
DEBUG:root:do_keyword: pos=16033, token=Tj, stack=[]
DEBUG:root:nextobject: (16033, Tj)
DEBUG:root:do_keyword: pos=16036, token=ET, stack=[]
DEBUG:root:nextobject: (16036, ET)
DEBUG:root:do_keyword: pos=16039, token=BT, stack=[]
DEBUG:root:nextobject: (16039, BT)
DEBUG:root:nextobject: (16042, 276.9113)
DEBUG:root:nextobject: (16051, 220.8236)
DEBUG:root:do_keyword: pos=16060, token=Td, stack=[]
DEBUG:root:nextobject: (16060, Td)
DEBUG:root:nextobject: (16063, 'was')
DEBUG:root:do_keyword: pos=16069, token=Tj, stack=[]
DEBUG:root:nextobject: (16069, Tj)
DEBUG:root:do_keyword: pos=16072, token=ET, stack=[]
DEBUG:root:nextobject: (16072, ET)
DEBUG:root:do_keyword: pos=16075, token=BT, stack=[]
DEBUG:root:nextobject: (16075, BT)
DEBUG:root:nextobject: (16078, 306.3663)
DEBUG:root:nextobject: (16087, 220.8236)
DEBUG:root:do_keyword: pos=16096, token=Td, stack=[]
DEBUG:root:nextobject: (16096, Td)
DEBUG:root:nextobject: (16099, 'sure')
DEBUG:root:do_keyword: pos=16106, token=Tj, stack=[]
DEBUG:root:nextobject: (16106, Tj)
DEBUG:root:do_keyword: pos=16109, token=ET, stack=[]
DEBUG:root:nextobject: (16109, ET)
DEBUG:root:do_keyword: pos=16112, token=BT, stack=[]
DEBUG:root:nextobject: (16112, BT)
DEBUG:root:nextobject: (16115, 337.8233)
DEBUG:root:nextobject: (16124, 220.8236)
DEBUG:root:do_keyword: pos=16133, token=Td, stack=[]
DEBUG:root:nextobject: (16133, Td)
DEBUG:root:nextobject: (16136, 'to')
DEBUG:root:do_keyword: pos=16141, token=Tj, stack=[]
DEBUG:root:nextobject: (16141, Tj)
DEBUG:root:do_keyword: pos=16144, token=ET, stack=[]
DEBUG:root:nextobject: (16144, ET)
DEBUG:root:do_keyword: pos=16147, token=BT, stack=[]
DEBUG:root:nextobject: (16147, BT)
DEBUG:root:nextobject: (16150, 354.8743)
DEBUG:root:nextobject: (16159, 220.8236)
DEBUG:root:do_keyword: pos=16168, token=Td, stack=[]
DEBUG:root:nextobject: (16168, Td)
DEBUG:root:nextobject: (16171, 'think')
DEBUG:root:do_keyword: pos=16179, token=Tj, stack=[]
DEBUG:root:nextobject: (16179, Tj)
DEBUG:root:do_keyword: pos=16182, token=ET, stack=[]
DEBUG:root:nextobject: (16182, ET)
DEBUG:root:do_keyword: pos=16185, token=BT, stack=[]
DEBUG:root:nextobject: (16185, BT)
DEBUG:root:nextobject: (16188, 392.4354)
DEBUG:root:nextobject: (16197, 220.8236)
DEBUG:root:do_keyword: pos=16206, token=Td, stack=[]
DEBUG:root:nextobject: (16206, Td)
DEBUG:root:nextobject: (16209, 'better')
DEBUG:root:do_keyword: pos=16218, token=Tj, stack=[]
DEBUG:root:nextobject: (16218, Tj)
DEBUG:root:do_keyword: pos=16221, token=ET, stack=[]
DEBUG:root:nextobject: (16221, ET)
DEBUG:root:do_keyword: pos=16224, token=BT, stack=[]
DEBUG:root:nextobject: (16224, BT)
DEBUG:root:nextobject: (16227, 433.0904)
DEBUG:root:nextobject: (16236, 220.8236)
DEBUG:root:do_keyword: pos=16245, token=Td, stack=[]
DEBUG:root:nextobject: (16245, Td)
DEBUG:root:nextobject: (16248, 'of')
DEBUG:root:do_keyword: pos=16253, token=Tj, stack=[]
DEBUG:root:nextobject: (16253, Tj)
DEBUG:root:do_keyword: pos=16256, token=ET, stack=[]
DEBUG:root:nextobject: (16256, ET)
DEBUG:root:do_keyword: pos=16259, token=BT, stack=[]
DEBUG:root:nextobject: (16259, BT)
DEBUG:root:nextobject: (16262, 450.2394)
DEBUG:root:nextobject: (16271, 220.8236)
DEBUG:root:do_keyword: pos=16280, token=Td, stack=[]
DEBUG:root:nextobject: (16280, Td)
DEBUG:root:nextobject: (16283, 'it,')
DEBUG:root:do_keyword: pos=16289, token=Tj, stack=[]
DEBUG:root:nextobject: (16289, Tj)
DEBUG:root:do_keyword: pos=16292, token=ET, stack=[]
DEBUG:root:nextobject: (16292, ET)
DEBUG:root:do_keyword: pos=16295, token=BT, stack=[]
DEBUG:root:nextobject: (16295, BT)
DEBUG:root:nextobject: (16298, 467.2204)
DEBUG:root:nextobject: (16307, 220.8236)
DEBUG:root:do_keyword: pos=16316, token=Td, stack=[]
DEBUG:root:nextobject: (16316, Td)
DEBUG:root:nextobject: (16319, 'bring')
DEBUG:root:do_keyword: pos=16327, token=Tj, stack=[]
DEBUG:root:nextobject: (16327, Tj)
DEBUG:root:do_keyword: pos=16330, token=ET, stack=[]
DEBUG:root:nextobject: (16330, ET)
DEBUG:root:do_keyword: pos=16333, token=BT, stack=[]
DEBUG:root:nextobject: (16333, BT)
DEBUG:root:nextobject: (16336, 505.3414)
DEBUG:root:nextobject: (16345, 220.8236)
DEBUG:root:do_keyword: pos=16354, token=Td, stack=[]
DEBUG:root:nextobject: (16354, Td)
DEBUG:root:nextobject: (16357, 'me')
DEBUG:root:do_keyword: pos=16362, token=Tj, stack=[]
DEBUG:root:nextobject: (16362, Tj)
DEBUG:root:do_keyword: pos=16365, token=ET, stack=[]
DEBUG:root:nextobject: (16365, ET)
DEBUG:root:do_keyword: pos=16368, token=BT, stack=[]
DEBUG:root:nextobject: (16368, BT)
DEBUG:root:nextobject: (16371, 70.8661)
DEBUG:root:nextobject: (16379, 204.0236)
DEBUG:root:do_keyword: pos=16388, token=Td, stack=[]
DEBUG:root:nextobject: (16388, Td)
DEBUG:root:nextobject: (16391, 'my')
DEBUG:root:do_keyword: pos=16396, token=Tj, stack=[]
DEBUG:root:nextobject: (16396, Tj)
DEBUG:root:do_keyword: pos=16399, token=ET, stack=[]
DEBUG:root:nextobject: (16399, ET)
DEBUG:root:do_keyword: pos=16402, token=BT, stack=[]
DEBUG:root:nextobject: (16402, BT)
DEBUG:root:nextobject: (16405, 94.9846)
DEBUG:root:nextobject: (16413, 204.0236)
DEBUG:root:do_keyword: pos=16422, token=Td, stack=[]
DEBUG:root:nextobject: (16422, Td)
DEBUG:root:nextobject: (16425, 'four-penny')
DEBUG:root:do_keyword: pos=16438, token=Tj, stack=[]
DEBUG:root:nextobject: (16438, Tj)
DEBUG:root:do_keyword: pos=16441, token=ET, stack=[]
DEBUG:root:nextobject: (16441, ET)
DEBUG:root:do_keyword: pos=16444, token=BT, stack=[]
DEBUG:root:nextobject: (16444, BT)
DEBUG:root:nextobject: (16447, 169.097)
DEBUG:root:nextobject: (16456, 204.0236)
DEBUG:root:do_keyword: pos=16465, token=Td, stack=[]
DEBUG:root:nextobject: (16465, Td)
DEBUG:root:nextobject: (16468, 'piece,')
DEBUG:root:do_keyword: pos=16477, token=Tj, stack=[]
DEBUG:root:nextobject: (16477, Tj)
DEBUG:root:do_keyword: pos=16480, token=ET, stack=[]
DEBUG:root:nextobject: (16480, ET)
DEBUG:root:do_keyword: pos=16483, token=BT, stack=[]
DEBUG:root:nextobject: (16483, BT)
DEBUG:root:nextobject: (16486, 208.6855)
DEBUG:root:nextobject: (16495, 204.0236)
DEBUG:root:do_keyword: pos=16504, token=Td, stack=[]
DEBUG:root:nextobject: (16504, Td)
DEBUG:root:nextobject: (16507, 'and')
DEBUG:root:do_keyword: pos=16513, token=Tj, stack=[]
DEBUG:root:nextobject: (16513, Tj)
DEBUG:root:do_keyword: pos=16516, token=ET, stack=[]
DEBUG:root:nextobject: (16516, ET)
DEBUG:root:do_keyword: pos=16519, token=BT, stack=[]
DEBUG:root:nextobject: (16519, BT)
DEBUG:root:nextobject: (16522, 236.3599)
DEBUG:root:nextobject: (16531, 204.0236)
DEBUG:root:do_keyword: pos=16540, token=Td, stack=[]
DEBUG:root:nextobject: (16540, Td)
DEBUG:root:nextobject: (16543, 'repeat')
DEBUG:root:do_keyword: pos=16552, token=Tj, stack=[]
DEBUG:root:nextobject: (16552, Tj)
DEBUG:root:do_keyword: pos=16555, token=ET, stack=[]
DEBUG:root:nextobject: (16555, ET)
DEBUG:root:do_keyword: pos=16558, token=BT, stack=[]
DEBUG:root:nextobject: (16558, BT)
DEBUG:root:nextobject: (16561, 279.2524)
DEBUG:root:nextobject: (16570, 204.0236)
DEBUG:root:do_keyword: pos=16579, token=Td, stack=[]
DEBUG:root:nextobject: (16579, Td)
DEBUG:root:nextobject: (16582, 'his')
DEBUG:root:do_keyword: pos=16588, token=Tj, stack=[]
DEBUG:root:nextobject: (16588, Tj)
DEBUG:root:do_keyword: pos=16591, token=ET, stack=[]
DEBUG:root:nextobject: (16591, ET)
DEBUG:root:do_keyword: pos=16594, token=BT, stack=[]
DEBUG:root:nextobject: (16594, BT)
DEBUG:root:nextobject: (16597, 301.3828)
DEBUG:root:nextobject: (16606, 204.0236)
DEBUG:root:do_keyword: pos=16615, token=Td, stack=[]
DEBUG:root:nextobject: (16615, Td)
DEBUG:root:nextobject: (16618, 'orders')
DEBUG:root:do_keyword: pos=16627, token=Tj, stack=[]
DEBUG:root:nextobject: (16627, Tj)
DEBUG:root:do_keyword: pos=16630, token=ET, stack=[]
DEBUG:root:nextobject: (16630, ET)
DEBUG:root:do_keyword: pos=16633, token=BT, stack=[]
DEBUG:root:nextobject: (16633, BT)
DEBUG:root:nextobject: (16636, 345.2552)
DEBUG:root:nextobject: (16645, 204.0236)
DEBUG:root:do_keyword: pos=16654, token=Td, stack=[]
DEBUG:root:nextobject: (16654, Td)
DEBUG:root:nextobject: (16657, 'to')
DEBUG:root:do_keyword: pos=16662, token=Tj, stack=[]
DEBUG:root:nextobject: (16662, Tj)
DEBUG:root:do_keyword: pos=16665, token=ET, stack=[]
DEBUG:root:nextobject: (16665, ET)
DEBUG:root:do_keyword: pos=16668, token=BT, stack=[]
DEBUG:root:nextobject: (16668, BT)
DEBUG:root:nextobject: (16671, 361.4357)
DEBUG:root:nextobject: (16680, 204.0236)
DEBUG:root:do_keyword: pos=16689, token=Td, stack=[]
DEBUG:root:nextobject: (16689, Td)
DEBUG:root:nextobject: (16692, 'look')
DEBUG:root:do_keyword: pos=16699, token=Tj, stack=[]
DEBUG:root:nextobject: (16699, Tj)
DEBUG:root:do_keyword: pos=16702, token=ET, stack=[]
DEBUG:root:nextobject: (16702, ET)
DEBUG:root:do_keyword: pos=16705, token=BT, stack=[]
DEBUG:root:nextobject: (16705, BT)
DEBUG:root:nextobject: (16708, 392.5541)
DEBUG:root:nextobject: (16717, 204.0236)
DEBUG:root:do_keyword: pos=16726, token=Td, stack=[]
DEBUG:root:nextobject: (16726, Td)
DEBUG:root:nextobject: (16729, 'out')
DEBUG:root:do_keyword: pos=16735, token=Tj, stack=[]
DEBUG:root:nextobject: (16735, Tj)
DEBUG:root:do_keyword: pos=16738, token=ET, stack=[]
DEBUG:root:nextobject: (16738, ET)
DEBUG:root:do_keyword: pos=16741, token=BT, stack=[]
DEBUG:root:nextobject: (16741, BT)
DEBUG:root:nextobject: (16744, 417.1766)
DEBUG:root:nextobject: (16753, 204.0236)
DEBUG:root:do_keyword: pos=16762, token=Td, stack=[]
DEBUG:root:nextobject: (16762, Td)
DEBUG:root:nextobject: (16765, 'for')
DEBUG:root:do_keyword: pos=16771, token=Tj, stack=[]
DEBUG:root:nextobject: (16771, Tj)
DEBUG:root:do_keyword: pos=16774, token=ET, stack=[]
DEBUG:root:nextobject: (16774, ET)
DEBUG:root:do_keyword: pos=16777, token=BT, stack=[]
DEBUG:root:nextobject: (16777, BT)
DEBUG:root:nextobject: (16780, 438.985)
DEBUG:root:nextobject: (16789, 204.0236)
DEBUG:root:do_keyword: pos=16798, token=Td, stack=[]
DEBUG:root:nextobject: (16798, Td)
DEBUG:root:nextobject: (16801, '"the')
DEBUG:root:do_keyword: pos=16808, token=Tj, stack=[]
DEBUG:root:nextobject: (16808, Tj)
DEBUG:root:do_keyword: pos=16811, token=ET, stack=[]
DEBUG:root:nextobject: (16811, ET)
DEBUG:root:do_keyword: pos=16814, token=BT, stack=[]
DEBUG:root:nextobject: (16814, BT)
DEBUG:root:nextobject: (16817, 467.5694)
DEBUG:root:nextobject: (16826, 204.0236)
DEBUG:root:do_keyword: pos=16835, token=Td, stack=[]
DEBUG:root:nextobject: (16835, Td)
DEBUG:root:nextobject: (16838, 'seafaring')
DEBUG:root:do_keyword: pos=16850, token=Tj, stack=[]
DEBUG:root:nextobject: (16850, Tj)
DEBUG:root:do_keyword: pos=16853, token=ET, stack=[]
DEBUG:root:nextobject: (16853, ET)
DEBUG:root:do_keyword: pos=16856, token=BT, stack=[]
DEBUG:root:nextobject: (16856, BT)
DEBUG:root:nextobject: (16859, 70.8661)
DEBUG:root:nextobject: (16867, 187.2236)
DEBUG:root:do_keyword: pos=16876, token=Td, stack=[]
DEBUG:root:nextobject: (16876, Td)
DEBUG:root:nextobject: (16879, 'man with one leg."')
DEBUG:root:do_keyword: pos=16900, token=Tj, stack=[]
DEBUG:root:nextobject: (16900, Tj)
DEBUG:root:do_keyword: pos=16903, token=ET, stack=[]
DEBUG:root:nextobject: (16903, ET)
DEBUG:root:do_keyword: pos=16906, token=BT, stack=[]
DEBUG:root:nextobject: (16906, BT)
DEBUG:root:nextobject: (16909, 84.8661)
DEBUG:root:nextobject: (16917, 170.4236)
DEBUG:root:do_keyword: pos=16926, token=Td, stack=[]
DEBUG:root:nextobject: (16926, Td)
DEBUG:root:nextobject: (16929, 'How')
DEBUG:root:do_keyword: pos=16935, token=Tj, stack=[]
DEBUG:root:nextobject: (16935, Tj)
DEBUG:root:do_keyword: pos=16938, token=ET, stack=[]
DEBUG:root:nextobject: (16938, ET)
DEBUG:root:do_keyword: pos=16941, token=BT, stack=[]
DEBUG:root:nextobject: (16941, BT)
DEBUG:root:nextobject: (16944, 120.2797)
DEBUG:root:nextobject: (16953, 170.4236)
DEBUG:root:do_keyword: pos=16962, token=Td, stack=[]
DEBUG:root:nextobject: (16962, Td)
DEBUG:root:nextobject: (16965, 'that')
DEBUG:root:do_keyword: pos=16972, token=Tj, stack=[]
DEBUG:root:nextobject: (16972, Tj)
DEBUG:root:do_keyword: pos=16975, token=ET, stack=[]
DEBUG:root:nextobject: (16975, ET)
DEBUG:root:do_keyword: pos=16978, token=BT, stack=[]
DEBUG:root:nextobject: (16978, BT)
DEBUG:root:nextobject: (16981, 149.0013)
DEBUG:root:nextobject: (16990, 170.4236)
DEBUG:root:do_keyword: pos=16999, token=Td, stack=[]
DEBUG:root:nextobject: (16999, Td)
DEBUG:root:nextobject: (17002, 'personage')
DEBUG:root:do_keyword: pos=17014, token=Tj, stack=[]
DEBUG:root:nextobject: (17014, Tj)
DEBUG:root:do_keyword: pos=17017, token=ET, stack=[]
DEBUG:root:nextobject: (17017, ET)
DEBUG:root:do_keyword: pos=17020, token=BT, stack=[]
DEBUG:root:nextobject: (17020, BT)
DEBUG:root:nextobject: (17023, 217.3149)
DEBUG:root:nextobject: (17032, 170.4236)
DEBUG:root:do_keyword: pos=17041, token=Td, stack=[]
DEBUG:root:nextobject: (17041, Td)
DEBUG:root:nextobject: (17044, 'haunted')
DEBUG:root:do_keyword: pos=17054, token=Tj, stack=[]
DEBUG:root:nextobject: (17054, Tj)
DEBUG:root:do_keyword: pos=17057, token=ET, stack=[]
DEBUG:root:nextobject: (17057, ET)
DEBUG:root:do_keyword: pos=17060, token=BT, stack=[]
DEBUG:root:nextobject: (17060, BT)
DEBUG:root:nextobject: (17063, 273.3224)
DEBUG:root:nextobject: (17072, 170.4236)
DEBUG:root:do_keyword: pos=17081, token=Td, stack=[]
DEBUG:root:nextobject: (17081, Td)
DEBUG:root:nextobject: (17084, 'my')
DEBUG:root:do_keyword: pos=17089, token=Tj, stack=[]
DEBUG:root:nextobject: (17089, Tj)
DEBUG:root:do_keyword: pos=17092, token=ET, stack=[]
DEBUG:root:nextobject: (17092, ET)
DEBUG:root:do_keyword: pos=17095, token=BT, stack=[]
DEBUG:root:nextobject: (17095, BT)
DEBUG:root:nextobject: (17098, 297.914)
DEBUG:root:nextobject: (17107, 170.4236)
DEBUG:root:do_keyword: pos=17116, token=Td, stack=[]
DEBUG:root:nextobject: (17116, Td)
DEBUG:root:nextobject: (17119, 'dreams,')
DEBUG:root:do_keyword: pos=17129, token=Tj, stack=[]
DEBUG:root:nextobject: (17129, Tj)
DEBUG:root:do_keyword: pos=17132, token=ET, stack=[]
DEBUG:root:nextobject: (17132, ET)
DEBUG:root:do_keyword: pos=17135, token=BT, stack=[]
DEBUG:root:nextobject: (17135, BT)
DEBUG:root:nextobject: (17138, 351.9476)
DEBUG:root:nextobject: (17147, 170.4236)
DEBUG:root:do_keyword: pos=17156, token=Td, stack=[]
DEBUG:root:nextobject: (17156, Td)
DEBUG:root:nextobject: (17159, 'I')
DEBUG:root:do_keyword: pos=17163, token=Tj, stack=[]
DEBUG:root:nextobject: (17163, Tj)
DEBUG:root:do_keyword: pos=17166, token=ET, stack=[]
DEBUG:root:nextobject: (17166, ET)
DEBUG:root:do_keyword: pos=17169, token=BT, stack=[]
DEBUG:root:nextobject: (17169, BT)
DEBUG:root:nextobject: (17172, 361.1112)
DEBUG:root:nextobject: (17181, 170.4236)
DEBUG:root:do_keyword: pos=17190, token=Td, stack=[]
DEBUG:root:nextobject: (17190, Td)
DEBUG:root:nextobject: (17193, 'need')
DEBUG:root:do_keyword: pos=17200, token=Tj, stack=[]
DEBUG:root:nextobject: (17200, Tj)
DEBUG:root:do_keyword: pos=17203, token=ET, stack=[]
DEBUG:root:nextobject: (17203, ET)
DEBUG:root:do_keyword: pos=17206, token=BT, stack=[]
DEBUG:root:nextobject: (17206, BT)
DEBUG:root:nextobject: (17209, 395.6707)
DEBUG:root:nextobject: (17218, 170.4236)
DEBUG:root:do_keyword: pos=17227, token=Td, stack=[]
DEBUG:root:nextobject: (17227, Td)
DEBUG:root:nextobject: (17230, 'scarcely')
DEBUG:root:do_keyword: pos=17241, token=Tj, stack=[]
DEBUG:root:nextobject: (17241, Tj)
DEBUG:root:do_keyword: pos=17244, token=ET, stack=[]
DEBUG:root:nextobject: (17244, ET)
DEBUG:root:do_keyword: pos=17247, token=BT, stack=[]
DEBUG:root:nextobject: (17247, BT)
DEBUG:root:nextobject: (17250, 449.5783)
DEBUG:root:nextobject: (17259, 170.4236)
DEBUG:root:do_keyword: pos=17268, token=Td, stack=[]
DEBUG:root:nextobject: (17268, Td)
DEBUG:root:nextobject: (17271, 'tell')
DEBUG:root:do_keyword: pos=17278, token=Tj, stack=[]
DEBUG:root:nextobject: (17278, Tj)
DEBUG:root:do_keyword: pos=17281, token=ET, stack=[]
DEBUG:root:nextobject: (17281, ET)
DEBUG:root:do_keyword: pos=17284, token=BT, stack=[]
DEBUG:root:nextobject: (17284, BT)
DEBUG:root:nextobject: (17287, 473.4419)
DEBUG:root:nextobject: (17296, 170.4236)
DEBUG:root:do_keyword: pos=17305, token=Td, stack=[]
DEBUG:root:nextobject: (17305, Td)
DEBUG:root:nextobject: (17308, 'you.')
DEBUG:root:do_keyword: pos=17315, token=Tj, stack=[]
DEBUG:root:nextobject: (17315, Tj)
DEBUG:root:do_keyword: pos=17318, token=ET, stack=[]
DEBUG:root:nextobject: (17318, ET)
DEBUG:root:do_keyword: pos=17321, token=BT, stack=[]
DEBUG:root:nextobject: (17321, BT)
DEBUG:root:nextobject: (17324, 505.2574)
DEBUG:root:nextobject: (17333, 170.4236)
DEBUG:root:do_keyword: pos=17342, token=Td, stack=[]
DEBUG:root:nextobject: (17342, Td)
DEBUG:root:nextobject: (17345, 'On')
DEBUG:root:do_keyword: pos=17350, token=Tj, stack=[]
DEBUG:root:nextobject: (17350, Tj)
DEBUG:root:do_keyword: pos=17353, token=ET, stack=[]
DEBUG:root:nextobject: (17353, ET)
DEBUG:root:do_keyword: pos=17356, token=BT, stack=[]
DEBUG:root:nextobject: (17356, BT)
DEBUG:root:nextobject: (17359, 70.8661)
DEBUG:root:nextobject: (17367, 153.6236)
DEBUG:root:do_keyword: pos=17376, token=Td, stack=[]
DEBUG:root:nextobject: (17376, Td)
DEBUG:root:nextobject: (17379, 'stormy')
DEBUG:root:do_keyword: pos=17388, token=Tj, stack=[]
DEBUG:root:nextobject: (17388, Tj)
DEBUG:root:do_keyword: pos=17391, token=ET, stack=[]
DEBUG:root:nextobject: (17391, ET)
DEBUG:root:do_keyword: pos=17394, token=BT, stack=[]
DEBUG:root:nextobject: (17394, BT)
DEBUG:root:nextobject: (17397, 119.6993)
DEBUG:root:nextobject: (17406, 153.6236)
DEBUG:root:do_keyword: pos=17415, token=Td, stack=[]
DEBUG:root:nextobject: (17415, Td)
DEBUG:root:nextobject: (17418, 'nights,')
DEBUG:root:do_keyword: pos=17428, token=Tj, stack=[]
DEBUG:root:nextobject: (17428, Tj)
DEBUG:root:do_keyword: pos=17431, token=ET, stack=[]
DEBUG:root:nextobject: (17431, ET)
DEBUG:root:do_keyword: pos=17434, token=BT, stack=[]
DEBUG:root:nextobject: (17434, BT)
DEBUG:root:nextobject: (17437, 166.8664)
DEBUG:root:nextobject: (17446, 153.6236)
DEBUG:root:do_keyword: pos=17455, token=Td, stack=[]
DEBUG:root:nextobject: (17455, Td)
DEBUG:root:nextobject: (17458, 'when')
DEBUG:root:do_keyword: pos=17465, token=Tj, stack=[]
DEBUG:root:nextobject: (17465, Tj)
DEBUG:root:do_keyword: pos=17468, token=ET, stack=[]
DEBUG:root:nextobject: (17468, ET)
DEBUG:root:do_keyword: pos=17471, token=BT, stack=[]
DEBUG:root:nextobject: (17471, BT)
DEBUG:root:nextobject: (17474, 206.5575)
DEBUG:root:nextobject: (17483, 153.6236)
DEBUG:root:do_keyword: pos=17492, token=Td, stack=[]
DEBUG:root:nextobject: (17492, Td)
DEBUG:root:nextobject: (17495, 'the')
DEBUG:root:do_keyword: pos=17501, token=Tj, stack=[]
DEBUG:root:nextobject: (17501, Tj)
DEBUG:root:do_keyword: pos=17504, token=ET, stack=[]
DEBUG:root:nextobject: (17504, ET)
DEBUG:root:do_keyword: pos=17507, token=BT, stack=[]
DEBUG:root:nextobject: (17507, BT)
DEBUG:root:nextobject: (17510, 230.9886)
DEBUG:root:nextobject: (17519, 153.6236)
DEBUG:root:do_keyword: pos=17528, token=Td, stack=[]
DEBUG:root:nextobject: (17528, Td)
DEBUG:root:nextobject: (17531, 'wind')
DEBUG:root:do_keyword: pos=17538, token=Tj, stack=[]
DEBUG:root:nextobject: (17538, Tj)
DEBUG:root:do_keyword: pos=17541, token=ET, stack=[]
DEBUG:root:nextobject: (17541, ET)
DEBUG:root:do_keyword: pos=17544, token=BT, stack=[]
DEBUG:root:nextobject: (17544, BT)
DEBUG:root:nextobject: (17547, 268.4537)
DEBUG:root:nextobject: (17556, 153.6236)
DEBUG:root:do_keyword: pos=17565, token=Td, stack=[]
DEBUG:root:nextobject: (17565, Td)
DEBUG:root:nextobject: (17568, 'shook')
DEBUG:root:do_keyword: pos=17576, token=Tj, stack=[]
DEBUG:root:nextobject: (17576, Tj)
DEBUG:root:do_keyword: pos=17579, token=ET, stack=[]
DEBUG:root:nextobject: (17579, ET)
DEBUG:root:do_keyword: pos=17582, token=BT, stack=[]
DEBUG:root:nextobject: (17582, BT)
DEBUG:root:nextobject: (17585, 310.6228)
DEBUG:root:nextobject: (17594, 153.6236)
DEBUG:root:do_keyword: pos=17603, token=Td, stack=[]
DEBUG:root:nextobject: (17603, Td)
DEBUG:root:nextobject: (17606, 'the')
DEBUG:root:do_keyword: pos=17612, token=Tj, stack=[]
DEBUG:root:nextobject: (17612, Tj)
DEBUG:root:do_keyword: pos=17615, token=ET, stack=[]
DEBUG:root:nextobject: (17615, ET)
DEBUG:root:do_keyword: pos=17618, token=BT, stack=[]
DEBUG:root:nextobject: (17618, BT)
DEBUG:root:nextobject: (17621, 335.0539)
DEBUG:root:nextobject: (17630, 153.6236)
DEBUG:root:do_keyword: pos=17639, token=Td, stack=[]
DEBUG:root:nextobject: (17639, Td)
DEBUG:root:nextobject: (17642, 'four')
DEBUG:root:do_keyword: pos=17649, token=Tj, stack=[]
DEBUG:root:nextobject: (17649, Tj)
DEBUG:root:do_keyword: pos=17652, token=ET, stack=[]
DEBUG:root:nextobject: (17652, ET)
DEBUG:root:do_keyword: pos=17655, token=BT, stack=[]
DEBUG:root:nextobject: (17655, BT)
DEBUG:root:nextobject: (17658, 366.345)
DEBUG:root:nextobject: (17667, 153.6236)
DEBUG:root:do_keyword: pos=17676, token=Td, stack=[]
DEBUG:root:nextobject: (17676, Td)
DEBUG:root:nextobject: (17679, 'corners')
DEBUG:root:do_keyword: pos=17689, token=Tj, stack=[]
DEBUG:root:nextobject: (17689, Tj)
DEBUG:root:do_keyword: pos=17692, token=ET, stack=[]
DEBUG:root:nextobject: (17692, ET)
DEBUG:root:do_keyword: pos=17695, token=BT, stack=[]
DEBUG:root:nextobject: (17695, BT)
DEBUG:root:nextobject: (17698, 417.0681)
DEBUG:root:nextobject: (17707, 153.6236)
DEBUG:root:do_keyword: pos=17716, token=Td, stack=[]
DEBUG:root:nextobject: (17716, Td)
DEBUG:root:nextobject: (17719, 'of')
DEBUG:root:do_keyword: pos=17724, token=Tj, stack=[]
DEBUG:root:nextobject: (17724, Tj)
DEBUG:root:do_keyword: pos=17727, token=ET, stack=[]
DEBUG:root:nextobject: (17727, ET)
DEBUG:root:do_keyword: pos=17730, token=BT, stack=[]
DEBUG:root:nextobject: (17730, BT)
DEBUG:root:nextobject: (17733, 434.3872)
DEBUG:root:nextobject: (17742, 153.6236)
DEBUG:root:do_keyword: pos=17751, token=Td, stack=[]
DEBUG:root:nextobject: (17751, Td)
DEBUG:root:nextobject: (17754, 'the')
DEBUG:root:do_keyword: pos=17760, token=Tj, stack=[]
DEBUG:root:nextobject: (17760, Tj)
DEBUG:root:do_keyword: pos=17763, token=ET, stack=[]
DEBUG:root:nextobject: (17763, ET)
DEBUG:root:do_keyword: pos=17766, token=BT, stack=[]
DEBUG:root:nextobject: (17766, BT)
DEBUG:root:nextobject: (17769, 458.8183)
DEBUG:root:nextobject: (17778, 153.6236)
DEBUG:root:do_keyword: pos=17787, token=Td, stack=[]
DEBUG:root:nextobject: (17787, Td)
DEBUG:root:nextobject: (17790, 'house')
DEBUG:root:do_keyword: pos=17798, token=Tj, stack=[]
DEBUG:root:nextobject: (17798, Tj)
DEBUG:root:do_keyword: pos=17801, token=ET, stack=[]
DEBUG:root:nextobject: (17801, ET)
DEBUG:root:do_keyword: pos=17804, token=BT, stack=[]
DEBUG:root:nextobject: (17804, BT)
DEBUG:root:nextobject: (17807, 500.7074)
DEBUG:root:nextobject: (17816, 153.6236)
DEBUG:root:do_keyword: pos=17825, token=Td, stack=[]
DEBUG:root:nextobject: (17825, Td)
DEBUG:root:nextobject: (17828, 'and')
DEBUG:root:do_keyword: pos=17834, token=Tj, stack=[]
DEBUG:root:nextobject: (17834, Tj)
DEBUG:root:do_keyword: pos=17837, token=ET, stack=[]
DEBUG:root:nextobject: (17837, ET)
DEBUG:root:do_keyword: pos=17840, token=BT, stack=[]
DEBUG:root:nextobject: (17840, BT)
DEBUG:root:nextobject: (17843, 70.8661)
DEBUG:root:nextobject: (17851, 136.8236)
DEBUG:root:do_keyword: pos=17860, token=Td, stack=[]
DEBUG:root:nextobject: (17860, Td)
DEBUG:root:nextobject: (17863, 'the')
DEBUG:root:do_keyword: pos=17869, token=Tj, stack=[]
DEBUG:root:nextobject: (17869, Tj)
DEBUG:root:do_keyword: pos=17872, token=ET, stack=[]
DEBUG:root:nextobject: (17872, ET)
DEBUG:root:do_keyword: pos=17875, token=BT, stack=[]
DEBUG:root:nextobject: (17875, BT)
DEBUG:root:nextobject: (17878, 95.9298)
DEBUG:root:nextobject: (17886, 136.8236)
DEBUG:root:do_keyword: pos=17895, token=Td, stack=[]
DEBUG:root:nextobject: (17895, Td)
DEBUG:root:nextobject: (17898, 'surf')
DEBUG:root:do_keyword: pos=17905, token=Tj, stack=[]
DEBUG:root:nextobject: (17905, Tj)
DEBUG:root:do_keyword: pos=17908, token=ET, stack=[]
DEBUG:root:nextobject: (17908, ET)
DEBUG:root:do_keyword: pos=17911, token=BT, stack=[]
DEBUG:root:nextobject: (17911, BT)
DEBUG:root:nextobject: (17914, 126.1455)
DEBUG:root:nextobject: (17923, 136.8236)
DEBUG:root:do_keyword: pos=17932, token=Td, stack=[]
DEBUG:root:nextobject: (17932, Td)
DEBUG:root:nextobject: (17935, 'roared')
DEBUG:root:do_keyword: pos=17944, token=Tj, stack=[]
DEBUG:root:nextobject: (17944, Tj)
DEBUG:root:do_keyword: pos=17947, token=ET, stack=[]
DEBUG:root:nextobject: (17947, ET)
DEBUG:root:do_keyword: pos=17950, token=BT, stack=[]
DEBUG:root:nextobject: (17950, BT)
DEBUG:root:nextobject: (17953, 172.7552)
DEBUG:root:nextobject: (17962, 136.8236)
DEBUG:root:do_keyword: pos=17971, token=Td, stack=[]
DEBUG:root:nextobject: (17971, Td)
DEBUG:root:nextobject: (17974, 'along')
DEBUG:root:do_keyword: pos=17982, token=Tj, stack=[]
DEBUG:root:nextobject: (17982, Tj)
DEBUG:root:do_keyword: pos=17985, token=ET, stack=[]
DEBUG:root:nextobject: (17985, ET)
DEBUG:root:do_keyword: pos=17988, token=BT, stack=[]
DEBUG:root:nextobject: (17988, BT)
DEBUG:root:nextobject: (17991, 213.0509)
DEBUG:root:nextobject: (18000, 136.8236)
DEBUG:root:do_keyword: pos=18009, token=Td, stack=[]
DEBUG:root:nextobject: (18009, Td)
DEBUG:root:nextobject: (18012, 'the')
DEBUG:root:do_keyword: pos=18018, token=Tj, stack=[]
DEBUG:root:nextobject: (18018, Tj)
DEBUG:root:do_keyword: pos=18021, token=ET, stack=[]
DEBUG:root:nextobject: (18021, ET)
DEBUG:root:do_keyword: pos=18024, token=BT, stack=[]
DEBUG:root:nextobject: (18024, BT)
DEBUG:root:nextobject: (18027, 238.1146)
DEBUG:root:nextobject: (18036, 136.8236)
DEBUG:root:do_keyword: pos=18045, token=Td, stack=[]
DEBUG:root:nextobject: (18045, Td)
DEBUG:root:nextobject: (18048, 'cove')
DEBUG:root:do_keyword: pos=18055, token=Tj, stack=[]
DEBUG:root:nextobject: (18055, Tj)
DEBUG:root:do_keyword: pos=18058, token=ET, stack=[]
DEBUG:root:nextobject: (18058, ET)
DEBUG:root:do_keyword: pos=18061, token=BT, stack=[]
DEBUG:root:nextobject: (18061, BT)
DEBUG:root:nextobject: (18064, 272.2363)
DEBUG:root:nextobject: (18073, 136.8236)
DEBUG:root:do_keyword: pos=18082, token=Td, stack=[]
DEBUG:root:nextobject: (18082, Td)
DEBUG:root:nextobject: (18085, 'and')
DEBUG:root:do_keyword: pos=18091, token=Tj, stack=[]
DEBUG:root:nextobject: (18091, Tj)
DEBUG:root:do_keyword: pos=18094, token=ET, stack=[]
DEBUG:root:nextobject: (18094, ET)
DEBUG:root:do_keyword: pos=18097, token=BT, stack=[]
DEBUG:root:nextobject: (18097, BT)
DEBUG:root:nextobject: (18100, 301.584)
DEBUG:root:nextobject: (18109, 136.8236)
DEBUG:root:do_keyword: pos=18118, token=Td, stack=[]
DEBUG:root:nextobject: (18118, Td)
DEBUG:root:nextobject: (18121, 'up')
DEBUG:root:do_keyword: pos=18126, token=Tj, stack=[]
DEBUG:root:nextobject: (18126, Tj)
DEBUG:root:do_keyword: pos=18129, token=ET, stack=[]
DEBUG:root:nextobject: (18129, ET)
DEBUG:root:do_keyword: pos=18132, token=BT, stack=[]
DEBUG:root:nextobject: (18132, BT)
DEBUG:root:nextobject: (18135, 324.0856)
DEBUG:root:nextobject: (18144, 136.8236)
DEBUG:root:do_keyword: pos=18153, token=Td, stack=[]
DEBUG:root:nextobject: (18153, Td)
DEBUG:root:nextobject: (18156, 'the')
DEBUG:root:do_keyword: pos=18162, token=Tj, stack=[]
DEBUG:root:nextobject: (18162, Tj)
DEBUG:root:do_keyword: pos=18165, token=ET, stack=[]
DEBUG:root:nextobject: (18165, ET)
DEBUG:root:do_keyword: pos=18168, token=BT, stack=[]
DEBUG:root:nextobject: (18168, BT)
DEBUG:root:nextobject: (18171, 349.1493)
DEBUG:root:nextobject: (18180, 136.8236)
DEBUG:root:do_keyword: pos=18189, token=Td, stack=[]
DEBUG:root:nextobject: (18189, Td)
DEBUG:root:nextobject: (18192, 'cliffs,')
DEBUG:root:do_keyword: pos=18202, token=Tj, stack=[]
DEBUG:root:nextobject: (18202, Tj)
DEBUG:root:do_keyword: pos=18205, token=ET, stack=[]
DEBUG:root:nextobject: (18205, ET)
DEBUG:root:do_keyword: pos=18208, token=BT, stack=[]
DEBUG:root:nextobject: (18208, BT)
DEBUG:root:nextobject: (18211, 387.919)
DEBUG:root:nextobject: (18220, 136.8236)
DEBUG:root:do_keyword: pos=18229, token=Td, stack=[]
DEBUG:root:nextobject: (18229, Td)
DEBUG:root:nextobject: (18232, 'I')
DEBUG:root:do_keyword: pos=18236, token=Tj, stack=[]
DEBUG:root:nextobject: (18236, Tj)
DEBUG:root:do_keyword: pos=18239, token=ET, stack=[]
DEBUG:root:nextobject: (18239, ET)
DEBUG:root:do_keyword: pos=18242, token=BT, stack=[]
DEBUG:root:nextobject: (18242, BT)
DEBUG:root:nextobject: (18245, 398.2827)
DEBUG:root:nextobject: (18254, 136.8236)
DEBUG:root:do_keyword: pos=18263, token=Td, stack=[]
DEBUG:root:nextobject: (18263, Td)
DEBUG:root:nextobject: (18266, 'would')
DEBUG:root:do_keyword: pos=18274, token=Tj, stack=[]
DEBUG:root:nextobject: (18274, Tj)
DEBUG:root:do_keyword: pos=18277, token=ET, stack=[]
DEBUG:root:nextobject: (18277, ET)
DEBUG:root:do_keyword: pos=18280, token=BT, stack=[]
DEBUG:root:nextobject: (18280, BT)
DEBUG:root:nextobject: (18283, 444.3184)
DEBUG:root:nextobject: (18292, 136.8236)
DEBUG:root:do_keyword: pos=18301, token=Td, stack=[]
DEBUG:root:nextobject: (18301, Td)
DEBUG:root:nextobject: (18304, 'see')
DEBUG:root:do_keyword: pos=18310, token=Tj, stack=[]
DEBUG:root:nextobject: (18310, Tj)
DEBUG:root:do_keyword: pos=18313, token=ET, stack=[]
DEBUG:root:nextobject: (18313, ET)
DEBUG:root:do_keyword: pos=18316, token=BT, stack=[]
DEBUG:root:nextobject: (18316, BT)
DEBUG:root:nextobject: (18319, 469.3121)
DEBUG:root:nextobject: (18328, 136.8236)
DEBUG:root:do_keyword: pos=18337, token=Td, stack=[]
DEBUG:root:nextobject: (18337, Td)
DEBUG:root:nextobject: (18340, 'him')
DEBUG:root:do_keyword: pos=18346, token=Tj, stack=[]
DEBUG:root:nextobject: (18346, Tj)
DEBUG:root:do_keyword: pos=18349, token=ET, stack=[]
DEBUG:root:nextobject: (18349, ET)
DEBUG:root:do_keyword: pos=18352, token=BT, stack=[]
DEBUG:root:nextobject: (18352, BT)
DEBUG:root:nextobject: (18355, 499.5418)
DEBUG:root:nextobject: (18364, 136.8236)
DEBUG:root:do_keyword: pos=18373, token=Td, stack=[]
DEBUG:root:nextobject: (18373, Td)
DEBUG:root:nextobject: (18376, 'in')
DEBUG:root:do_keyword: pos=18381, token=Tj, stack=[]
DEBUG:root:nextobject: (18381, Tj)
DEBUG:root:do_keyword: pos=18384, token=ET, stack=[]
DEBUG:root:nextobject: (18384, ET)
DEBUG:root:do_keyword: pos=18387, token=BT, stack=[]
DEBUG:root:nextobject: (18387, BT)
DEBUG:root:nextobject: (18390, 517.4094)
DEBUG:root:nextobject: (18399, 136.8236)
DEBUG:root:do_keyword: pos=18408, token=Td, stack=[]
DEBUG:root:nextobject: (18408, Td)
DEBUG:root:nextobject: (18411, 'a')
DEBUG:root:do_keyword: pos=18415, token=Tj, stack=[]
DEBUG:root:nextobject: (18415, Tj)
DEBUG:root:do_keyword: pos=18418, token=ET, stack=[]
DEBUG:root:nextobject: (18418, ET)
DEBUG:root:do_keyword: pos=18421, token=BT, stack=[]
DEBUG:root:nextobject: (18421, BT)
DEBUG:root:nextobject: (18424, 70.8661)
DEBUG:root:nextobject: (18432, 120.0236)
DEBUG:root:do_keyword: pos=18441, token=Td, stack=[]
DEBUG:root:nextobject: (18441, Td)
DEBUG:root:nextobject: (18444, 'thousand')
DEBUG:root:do_keyword: pos=18455, token=Tj, stack=[]
DEBUG:root:nextobject: (18455, Tj)
DEBUG:root:do_keyword: pos=18458, token=ET, stack=[]
DEBUG:root:nextobject: (18458, ET)
DEBUG:root:do_keyword: pos=18461, token=BT, stack=[]
DEBUG:root:nextobject: (18461, BT)
DEBUG:root:nextobject: (18464, 135.0016)
DEBUG:root:nextobject: (18473, 120.0236)
DEBUG:root:do_keyword: pos=18482, token=Td, stack=[]
DEBUG:root:nextobject: (18482, Td)
DEBUG:root:nextobject: (18485, 'forms,')
DEBUG:root:do_keyword: pos=18494, token=Tj, stack=[]
DEBUG:root:nextobject: (18494, Tj)
DEBUG:root:do_keyword: pos=18497, token=ET, stack=[]
DEBUG:root:nextobject: (18497, ET)
DEBUG:root:do_keyword: pos=18500, token=BT, stack=[]
DEBUG:root:nextobject: (18500, BT)
DEBUG:root:nextobject: (18503, 180.3351)
DEBUG:root:nextobject: (18512, 120.0236)
DEBUG:root:do_keyword: pos=18521, token=Td, stack=[]
DEBUG:root:nextobject: (18521, Td)
DEBUG:root:nextobject: (18524, 'and')
DEBUG:root:do_keyword: pos=18530, token=Tj, stack=[]
DEBUG:root:nextobject: (18530, Tj)
DEBUG:root:do_keyword: pos=18533, token=ET, stack=[]
DEBUG:root:nextobject: (18533, ET)
DEBUG:root:do_keyword: pos=18536, token=BT, stack=[]
DEBUG:root:nextobject: (18536, BT)
DEBUG:root:nextobject: (18539, 209.7366)
DEBUG:root:nextobject: (18548, 120.0236)
DEBUG:root:do_keyword: pos=18557, token=Td, stack=[]
DEBUG:root:nextobject: (18557, Td)
DEBUG:root:nextobject: (18560, 'with')
DEBUG:root:do_keyword: pos=18567, token=Tj, stack=[]
DEBUG:root:nextobject: (18567, Tj)
DEBUG:root:do_keyword: pos=18570, token=ET, stack=[]
DEBUG:root:nextobject: (18570, ET)
DEBUG:root:do_keyword: pos=18573, token=BT, stack=[]
DEBUG:root:nextobject: (18573, BT)
DEBUG:root:nextobject: (18576, 243.8981)
DEBUG:root:nextobject: (18585, 120.0236)
DEBUG:root:do_keyword: pos=18594, token=Td, stack=[]
DEBUG:root:nextobject: (18594, Td)
DEBUG:root:nextobject: (18597, 'a')
DEBUG:root:do_keyword: pos=18601, token=Tj, stack=[]
DEBUG:root:nextobject: (18601, Tj)
DEBUG:root:do_keyword: pos=18604, token=ET, stack=[]
DEBUG:root:nextobject: (18604, ET)
DEBUG:root:do_keyword: pos=18607, token=BT, stack=[]
DEBUG:root:nextobject: (18607, BT)
DEBUG:root:nextobject: (18610, 256.5975)
DEBUG:root:nextobject: (18619, 120.0236)
DEBUG:root:do_keyword: pos=18628, token=Td, stack=[]
DEBUG:root:nextobject: (18628, Td)
DEBUG:root:nextobject: (18631, 'thousand')
DEBUG:root:do_keyword: pos=18642, token=Tj, stack=[]
DEBUG:root:nextobject: (18642, Tj)
DEBUG:root:do_keyword: pos=18645, token=ET, stack=[]
DEBUG:root:nextobject: (18645, ET)
DEBUG:root:do_keyword: pos=18648, token=BT, stack=[]
DEBUG:root:nextobject: (18648, BT)
DEBUG:root:nextobject: (18651, 320.733)
DEBUG:root:nextobject: (18660, 120.0236)
DEBUG:root:do_keyword: pos=18669, token=Td, stack=[]
DEBUG:root:nextobject: (18669, Td)
DEBUG:root:nextobject: (18672, 'diabolical')
DEBUG:root:do_keyword: pos=18685, token=Tj, stack=[]
DEBUG:root:nextobject: (18685, Tj)
DEBUG:root:do_keyword: pos=18688, token=ET, stack=[]
DEBUG:root:nextobject: (18688, ET)
DEBUG:root:do_keyword: pos=18691, token=BT, stack=[]
DEBUG:root:nextobject: (18691, BT)
DEBUG:root:nextobject: (18694, 386.8845)
DEBUG:root:nextobject: (18703, 120.0236)
DEBUG:root:do_keyword: pos=18712, token=Td, stack=[]
DEBUG:root:nextobject: (18712, Td)
DEBUG:root:nextobject: (18715, 'expressions.')
DEBUG:root:do_keyword: pos=18730, token=Tj, stack=[]
DEBUG:root:nextobject: (18730, Tj)
DEBUG:root:do_keyword: pos=18733, token=ET, stack=[]
DEBUG:root:nextobject: (18733, ET)
DEBUG:root:do_keyword: pos=18736, token=BT, stack=[]
DEBUG:root:nextobject: (18736, BT)
DEBUG:root:nextobject: (18739, 468.338)
DEBUG:root:nextobject: (18748, 120.0236)
DEBUG:root:do_keyword: pos=18757, token=Td, stack=[]
DEBUG:root:nextobject: (18757, Td)
DEBUG:root:nextobject: (18760, 'Now')
DEBUG:root:do_keyword: pos=18766, token=Tj, stack=[]
DEBUG:root:nextobject: (18766, Tj)
DEBUG:root:do_keyword: pos=18769, token=ET, stack=[]
DEBUG:root:nextobject: (18769, ET)
DEBUG:root:do_keyword: pos=18772, token=BT, stack=[]
DEBUG:root:nextobject: (18772, BT)
DEBUG:root:nextobject: (18775, 504.9914)
DEBUG:root:nextobject: (18784, 120.0236)
DEBUG:root:do_keyword: pos=18793, token=Td, stack=[]
DEBUG:root:nextobject: (18793, Td)
DEBUG:root:nextobject: (18796, 'the')
DEBUG:root:do_keyword: pos=18802, token=Tj, stack=[]
DEBUG:root:nextobject: (18802, Tj)
DEBUG:root:do_keyword: pos=18805, token=ET, stack=[]
DEBUG:root:nextobject: (18805, ET)
DEBUG:root:do_keyword: pos=18808, token=BT, stack=[]
DEBUG:root:nextobject: (18808, BT)
DEBUG:root:nextobject: (18811, 70.8661)
DEBUG:root:nextobject: (18819, 103.2236)
DEBUG:root:do_keyword: pos=18828, token=Td, stack=[]
DEBUG:root:nextobject: (18828, Td)
DEBUG:root:nextobject: (18831, 'leg')
DEBUG:root:do_keyword: pos=18837, token=Tj, stack=[]
DEBUG:root:nextobject: (18837, Tj)
DEBUG:root:do_keyword: pos=18840, token=ET, stack=[]
DEBUG:root:nextobject: (18840, ET)
DEBUG:root:do_keyword: pos=18843, token=BT, stack=[]
DEBUG:root:nextobject: (18843, BT)
DEBUG:root:nextobject: (18846, 93.0176)
DEBUG:root:nextobject: (18854, 103.2236)
DEBUG:root:do_keyword: pos=18863, token=Td, stack=[]
DEBUG:root:nextobject: (18863, Td)
DEBUG:root:nextobject: (18866, 'would')
DEBUG:root:do_keyword: pos=18874, token=Tj, stack=[]
DEBUG:root:nextobject: (18874, Tj)
DEBUG:root:do_keyword: pos=18877, token=ET, stack=[]
DEBUG:root:nextobject: (18877, ET)
DEBUG:root:do_keyword: pos=18880, token=BT, stack=[]
DEBUG:root:nextobject: (18880, BT)
DEBUG:root:nextobject: (18883, 136.9951)
DEBUG:root:nextobject: (18892, 103.2236)
DEBUG:root:do_keyword: pos=18901, token=Td, stack=[]
DEBUG:root:nextobject: (18901, Td)
DEBUG:root:nextobject: (18904, 'be')
DEBUG:root:do_keyword: pos=18909, token=Tj, stack=[]
DEBUG:root:nextobject: (18909, Tj)
DEBUG:root:do_keyword: pos=18912, token=ET, stack=[]
DEBUG:root:nextobject: (18912, ET)
DEBUG:root:do_keyword: pos=18915, token=BT, stack=[]
DEBUG:root:nextobject: (18915, BT)
DEBUG:root:nextobject: (18918, 155.0305)
DEBUG:root:nextobject: (18927, 103.2236)
DEBUG:root:do_keyword: pos=18936, token=Td, stack=[]
DEBUG:root:nextobject: (18936, Td)
DEBUG:root:nextobject: (18939, 'cut')
DEBUG:root:do_keyword: pos=18945, token=Tj, stack=[]
DEBUG:root:nextobject: (18945, Tj)
DEBUG:root:do_keyword: pos=18948, token=ET, stack=[]
DEBUG:root:nextobject: (18948, ET)
DEBUG:root:do_keyword: pos=18951, token=BT, stack=[]
DEBUG:root:nextobject: (18951, BT)
DEBUG:root:nextobject: (18954, 177.84)
DEBUG:root:nextobject: (18963, 103.2236)
DEBUG:root:do_keyword: pos=18972, token=Td, stack=[]
DEBUG:root:nextobject: (18972, Td)
DEBUG:root:nextobject: (18975, 'off')
DEBUG:root:do_keyword: pos=18981, token=Tj, stack=[]
DEBUG:root:nextobject: (18981, Tj)
DEBUG:root:do_keyword: pos=18984, token=ET, stack=[]
DEBUG:root:nextobject: (18984, ET)
DEBUG:root:do_keyword: pos=18987, token=BT, stack=[]
DEBUG:root:nextobject: (18987, BT)
DEBUG:root:nextobject: (18990, 198.3954)
DEBUG:root:nextobject: (18999, 103.2236)
DEBUG:root:do_keyword: pos=19008, token=Td, stack=[]
DEBUG:root:nextobject: (19008, Td)
DEBUG:root:nextobject: (19011, 'at')
DEBUG:root:do_keyword: pos=19016, token=Tj, stack=[]
DEBUG:root:nextobject: (19016, Tj)
DEBUG:root:do_keyword: pos=19019, token=ET, stack=[]
DEBUG:root:nextobject: (19019, ET)
DEBUG:root:do_keyword: pos=19022, token=BT, stack=[]
DEBUG:root:nextobject: (19022, BT)
DEBUG:root:nextobject: (19025, 213.5469)
DEBUG:root:nextobject: (19034, 103.2236)
DEBUG:root:do_keyword: pos=19043, token=Td, stack=[]
DEBUG:root:nextobject: (19043, Td)
DEBUG:root:nextobject: (19046, 'the')
DEBUG:root:do_keyword: pos=19052, token=Tj, stack=[]
DEBUG:root:nextobject: (19052, Tj)
DEBUG:root:do_keyword: pos=19055, token=ET, stack=[]
DEBUG:root:nextobject: (19055, ET)
DEBUG:root:do_keyword: pos=19058, token=BT, stack=[]
DEBUG:root:nextobject: (19058, BT)
DEBUG:root:nextobject: (19061, 236.5523)
DEBUG:root:nextobject: (19070, 103.2236)
DEBUG:root:do_keyword: pos=19079, token=Td, stack=[]
DEBUG:root:nextobject: (19079, Td)
DEBUG:root:nextobject: (19082, 'knee,')
DEBUG:root:do_keyword: pos=19090, token=Tj, stack=[]
DEBUG:root:nextobject: (19090, Tj)
DEBUG:root:do_keyword: pos=19093, token=ET, stack=[]
DEBUG:root:nextobject: (19093, ET)
DEBUG:root:do_keyword: pos=19096, token=BT, stack=[]
DEBUG:root:nextobject: (19096, BT)
DEBUG:root:nextobject: (19099, 272.9838)
DEBUG:root:nextobject: (19108, 103.2236)
DEBUG:root:do_keyword: pos=19117, token=Td, stack=[]
DEBUG:root:nextobject: (19117, Td)
DEBUG:root:nextobject: (19120, 'now')
DEBUG:root:do_keyword: pos=19126, token=Tj, stack=[]
DEBUG:root:nextobject: (19126, Tj)
DEBUG:root:do_keyword: pos=19129, token=ET, stack=[]
DEBUG:root:nextobject: (19129, ET)
DEBUG:root:do_keyword: pos=19132, token=BT, stack=[]
DEBUG:root:nextobject: (19132, BT)
DEBUG:root:nextobject: (19135, 304.0393)
DEBUG:root:nextobject: (19144, 103.2236)
DEBUG:root:do_keyword: pos=19153, token=Td, stack=[]
DEBUG:root:nextobject: (19153, Td)
DEBUG:root:nextobject: (19156, 'at')
DEBUG:root:do_keyword: pos=19161, token=Tj, stack=[]
DEBUG:root:nextobject: (19161, Tj)
DEBUG:root:do_keyword: pos=19164, token=ET, stack=[]
DEBUG:root:nextobject: (19164, ET)
DEBUG:root:do_keyword: pos=19167, token=BT, stack=[]
DEBUG:root:nextobject: (19167, BT)
DEBUG:root:nextobject: (19170, 319.1907)
DEBUG:root:nextobject: (19179, 103.2236)
DEBUG:root:do_keyword: pos=19188, token=Td, stack=[]
DEBUG:root:nextobject: (19188, Td)
DEBUG:root:nextobject: (19191, 'the')
DEBUG:root:do_keyword: pos=19197, token=Tj, stack=[]
DEBUG:root:nextobject: (19197, Tj)
DEBUG:root:do_keyword: pos=19200, token=ET, stack=[]
DEBUG:root:nextobject: (19200, ET)
DEBUG:root:do_keyword: pos=19203, token=BT, stack=[]
DEBUG:root:nextobject: (19203, BT)
DEBUG:root:nextobject: (19206, 342.1962)
DEBUG:root:nextobject: (19215, 103.2236)
DEBUG:root:do_keyword: pos=19224, token=Td, stack=[]
DEBUG:root:nextobject: (19224, Td)
DEBUG:root:nextobject: (19227, 'hip;')
DEBUG:root:do_keyword: pos=19234, token=Tj, stack=[]
DEBUG:root:nextobject: (19234, Tj)
DEBUG:root:do_keyword: pos=19237, token=ET, stack=[]
DEBUG:root:nextobject: (19237, ET)
DEBUG:root:do_keyword: pos=19240, token=BT, stack=[]
DEBUG:root:nextobject: (19240, BT)
DEBUG:root:nextobject: (19243, 369.9196)
DEBUG:root:nextobject: (19252, 103.2236)
DEBUG:root:do_keyword: pos=19261, token=Td, stack=[]
DEBUG:root:nextobject: (19261, Td)
DEBUG:root:nextobject: (19264, 'now')
DEBUG:root:do_keyword: pos=19270, token=Tj, stack=[]
DEBUG:root:nextobject: (19270, Tj)
DEBUG:root:do_keyword: pos=19273, token=ET, stack=[]
DEBUG:root:nextobject: (19273, ET)
DEBUG:root:do_keyword: pos=19276, token=BT, stack=[]
DEBUG:root:nextobject: (19276, BT)
DEBUG:root:nextobject: (19279, 400.9751)
DEBUG:root:nextobject: (19288, 103.2236)
DEBUG:root:do_keyword: pos=19297, token=Td, stack=[]
DEBUG:root:nextobject: (19297, Td)
DEBUG:root:nextobject: (19300, 'he')
DEBUG:root:do_keyword: pos=19305, token=Tj, stack=[]
DEBUG:root:nextobject: (19305, Tj)
DEBUG:root:do_keyword: pos=19308, token=ET, stack=[]
DEBUG:root:nextobject: (19308, ET)
DEBUG:root:do_keyword: pos=19311, token=BT, stack=[]
DEBUG:root:nextobject: (19311, BT)
DEBUG:root:nextobject: (19314, 419.4165)
DEBUG:root:nextobject: (19323, 103.2236)
DEBUG:root:do_keyword: pos=19332, token=Td, stack=[]
DEBUG:root:nextobject: (19332, Td)
DEBUG:root:nextobject: (19335, 'was')
DEBUG:root:do_keyword: pos=19341, token=Tj, stack=[]
DEBUG:root:nextobject: (19341, Tj)
DEBUG:root:do_keyword: pos=19344, token=ET, stack=[]
DEBUG:root:nextobject: (19344, ET)
DEBUG:root:do_keyword: pos=19347, token=BT, stack=[]
DEBUG:root:nextobject: (19347, BT)
DEBUG:root:nextobject: (19350, 447.616)
DEBUG:root:nextobject: (19359, 103.2236)
DEBUG:root:do_keyword: pos=19368, token=Td, stack=[]
DEBUG:root:nextobject: (19368, Td)
DEBUG:root:nextobject: (19371, 'a')
DEBUG:root:do_keyword: pos=19375, token=Tj, stack=[]
DEBUG:root:nextobject: (19375, Tj)
DEBUG:root:do_keyword: pos=19378, token=ET, stack=[]
DEBUG:root:nextobject: (19378, ET)
DEBUG:root:do_keyword: pos=19381, token=BT, stack=[]
DEBUG:root:nextobject: (19381, BT)
DEBUG:root:nextobject: (19384, 458.2034)
DEBUG:root:nextobject: (19393, 103.2236)
DEBUG:root:do_keyword: pos=19402, token=Td, stack=[]
DEBUG:root:nextobject: (19402, Td)
DEBUG:root:nextobject: (19405, 'monstrous')
DEBUG:root:do_keyword: pos=19417, token=Tj, stack=[]
DEBUG:root:nextobject: (19417, Tj)
DEBUG:root:do_keyword: pos=19420, token=ET, stack=[]
DEBUG:root:nextobject: (19420, ET)
DEBUG:root:do_keyword: pos=19423, token=BT, stack=[]
DEBUG:root:nextobject: (19423, BT)
DEBUG:root:nextobject: (19426, 516.7747)
DEBUG:root:nextobject: (19435, 38.3654)
DEBUG:root:do_keyword: pos=19443, token=Td, stack=[]
DEBUG:root:nextobject: (19443, Td)
DEBUG:root:nextobject: (19446, /F3)
DEBUG:root:nextobject: (19450, 12.0)
DEBUG:root:do_keyword: pos=19458, token=Tf, stack=[]
DEBUG:root:nextobject: (19458, Tf)
DEBUG:root:nextobject: (19461, '5')
DEBUG:root:do_keyword: pos=19465, token=Tj, stack=[]
DEBUG:root:nextobject: (19465, Tj)
DEBUG:root:do_keyword: pos=19468, token=ET, stack=[]
DEBUG:root:nextobject: (19468, ET)
DEBUG:root:do_keyword: pos=74279, token=R, stack=[(74271, /F1), (74275, 5), (74277, 0)]
DEBUG:root:do_keyword: pos=74289, token=R, stack=[(74271, /F1), (74279, <PDFObjRef:5>), (74281, /F2), (74285, 8), (74287, 0)]
DEBUG:root:do_keyword: pos=74300, token=R, stack=[(74271, /F1), (74279, <PDFObjRef:5>), (74281, /F2), (74289, <PDFObjRef:8>), (74291, /F3), (74295, 11), (74298, 0)]
DEBUG:root:do_keyword: pos=74311, token=R, stack=[(74271, /F1), (74279, <PDFObjRef:5>), (74281, /F2), (74289, <PDFObjRef:8>), (74291, /F3), (74300, <PDFObjRef:11>), (74302, /F4), (74306, 14), (74309, 0)]
DEBUG:root:do_keyword: pos=74322, token=R, stack=[(74271, /F1), (74279, <PDFObjRef:5>), (74281, /F2), (74289, <PDFObjRef:8>), (74291, /F3), (74300, <PDFObjRef:11>), (74302, /F4), (74311, <PDFObjRef:14>), (74313, /F5), (74317, 17), (74320, 0)]
DEBUG:root:do_keyword: pos=74378, token=R, stack=[(74369, /I1), (74373, 20), (74376, 0)]
DEBUG:root:do_keyword: pos=74389, token=R, stack=[(74369, /I1), (74378, <PDFObjRef:20>), (74380, /I2), (74384, 22), (74387, 0)]
DEBUG:root:do_keyword: pos=74412, token=R, stack=[(74212, /Type), (74218, /Page), (74224, /MediaBox), (74234, [0, 0, 595, 842]), (74248, /Resources), (74259, {'Font': {'F1': <PDFObjRef:5>, 'F2': <PDFObjRef:8>, 'F3': <PDFObjRef:11>, 'F4': <PDFObjRef:14>, 'F5': <PDFObjRef:17>}, 'ProcSet': [/PDF, /Text, /ImageC], 'XObject': {'I1': <PDFObjRef:20>, 'I2': <PDFObjRef:22>}}), (74397, /Contents), (74407, 25), (74410, 0)]
DEBUG:root:do_keyword: pos=74471, token=R, stack=[(74212, /Type), (74218, /Page), (74224, /MediaBox), (74234, [0, 0, 595, 842]), (74248, /Resources), (74259, {'Font': {'F1': <PDFObjRef:5>, 'F2': <PDFObjRef:8>, 'F3': <PDFObjRef:11>, 'F4': <PDFObjRef:14>, 'F5': <PDFObjRef:17>}, 'ProcSet': [/PDF, /Text, /ImageC], 'XObject': {'I1': <PDFObjRef:20>, 'I2': <PDFObjRef:22>}}), (74397, /Contents), (74412, <PDFObjRef:25>), (74414, /Group), (74421, {'CS': /DeviceRGB, 'S': /Transparency}), (74459, /Parent), (74467, 2), (74469, 0)]
DEBUG:root:do_keyword: pos=74476, token=endobj, stack=[(74209, {'Type': /Page, 'MediaBox': [0, 0, 595, 842], 'Resources': {'Font': {'F1': <PDFObjRef:5>, 'F2': <PDFObjRef:8>, 'F3': <PDFObjRef:11>, 'F4': <PDFObjRef:14>, 'F5': <PDFObjRef:17>}, 'ProcSet': [/PDF, /Text, /ImageC], 'XObject': {'I1': <PDFObjRef:20>, 'I2': <PDFObjRef:22>}}, 'Contents': <PDFObjRef:25>, 'Group': {'CS': /DeviceRGB, 'S': /Transparency}, 'Parent': <PDFObjRef:2>})]
DEBUG:root:nextobject: (74209, {'Type': /Page, 'MediaBox': [0, 0, 595, 842], 'Resources': {'Font': {'F1': <PDFObjRef:5>, 'F2': <PDFObjRef:8>, 'F3': <PDFObjRef:11>, 'F4': <PDFObjRef:14>, 'F5': <PDFObjRef:17>}, 'ProcSet': [/PDF, /Text, /ImageC], 'XObject': {'I1': <PDFObjRef:20>, 'I2': <PDFObjRef:22>}}, 'Contents': <PDFObjRef:25>, 'Group': {'CS': /DeviceRGB, 'S': /Transparency}, 'Parent': <PDFObjRef:2>})
DEBUG:pdfminer.pdfparser:Page: {'Type': /Page, 'MediaBox': [0, 0, 595, 842], 'Resources': {'Font': {'F1': <PDFObjRef:5>, 'F2': <PDFObjRef:8>, 'F3': <PDFObjRef:11>, 'F4': <PDFObjRef:14>, 'F5': <PDFObjRef:17>}, 'ProcSet': [/PDF, /Text, /ImageC], 'XObject': {'I1': <PDFObjRef:20>, 'I2': <PDFObjRef:22>}}, 'Contents': <PDFObjRef:25>, 'Group': {'CS': /DeviceRGB, 'S': /Transparency}, 'Parent': <PDFObjRef:2>}
DEBUG:root:do_keyword: pos=68948, token=stream, stack=[(68908, {'Filter': /FlateDecode, 'Length': 4946})]
DEBUG:root:do_keyword: pos=73912, token=endobj, stack=[(68955, <PDFStream(None): raw=4946, {'Filter': /FlateDecode, 'Length': 4946}>)]
DEBUG:root:nextobject: (68955, <PDFStream(None): raw=4946, {'Filter': /FlateDecode, 'Length': 4946}>)
DEBUG:pdfminer.pdfinterp:render_contents: resources={'Font': {'F1': <PDFObjRef:5>, 'F2': <PDFObjRef:8>, 'F3': <PDFObjRef:11>, 'F4': <PDFObjRef:14>, 'F5': <PDFObjRef:17>}, 'ProcSet': [/PDF, /Text, /ImageC], 'XObject': {'I1': <PDFObjRef:20>, 'I2': <PDFObjRef:22>}}, streams=[<PDFStream(25): raw=4946, {'Filter': /FlateDecode, 'Length': 4946}>], ctm=(1, 0, 0, 1, 0, 0)
DEBUG:root:do_keyword: pos=0, token=BT, stack=[]
DEBUG:root:nextobject: (0, BT)
DEBUG:root:nextobject: (3, 70.8661)
DEBUG:root:nextobject: (11, 758.4236)
DEBUG:root:do_keyword: pos=20, token=Td, stack=[]
DEBUG:root:nextobject: (20, Td)
DEBUG:root:nextobject: (23, /F2)
DEBUG:root:nextobject: (27, 14.0)
DEBUG:root:do_keyword: pos=35, token=Tf, stack=[]
DEBUG:root:nextobject: (35, Tf)
DEBUG:root:nextobject: (38, 'kind')
DEBUG:root:do_keyword: pos=45, token=Tj, stack=[]
DEBUG:root:nextobject: (45, Tj)
DEBUG:root:do_keyword: pos=48, token=ET, stack=[]
DEBUG:root:nextobject: (48, ET)
DEBUG:root:do_keyword: pos=51, token=BT, stack=[]
DEBUG:root:nextobject: (51, BT)
DEBUG:root:nextobject: (54, 104.8105)
DEBUG:root:nextobject: (63, 758.4236)
DEBUG:root:do_keyword: pos=72, token=Td, stack=[]
DEBUG:root:nextobject: (72, Td)
DEBUG:root:nextobject: (75, 'of')
DEBUG:root:do_keyword: pos=80, token=Tj, stack=[]
DEBUG:root:nextobject: (80, Tj)
DEBUG:root:do_keyword: pos=83, token=ET, stack=[]
DEBUG:root:nextobject: (83, ET)
DEBUG:root:do_keyword: pos=86, token=BT, stack=[]
DEBUG:root:nextobject: (86, BT)
DEBUG:root:nextobject: (89, 122.5008)
DEBUG:root:nextobject: (98, 758.4236)
DEBUG:root:do_keyword: pos=107, token=Td, stack=[]
DEBUG:root:nextobject: (107, Td)
DEBUG:root:nextobject: (110, 'a')
DEBUG:root:do_keyword: pos=114, token=Tj, stack=[]
DEBUG:root:nextobject: (114, Tj)
DEBUG:root:do_keyword: pos=117, token=ET, stack=[]
DEBUG:root:nextobject: (117, ET)
DEBUG:root:do_keyword: pos=120, token=BT, stack=[]
DEBUG:root:nextobject: (120, BT)
DEBUG:root:nextobject: (123, 134.8852)
DEBUG:root:nextobject: (132, 758.4236)
DEBUG:root:do_keyword: pos=141, token=Td, stack=[]
DEBUG:root:nextobject: (141, Td)
DEBUG:root:nextobject: (144, 'creature')
DEBUG:root:do_keyword: pos=155, token=Tj, stack=[]
DEBUG:root:nextobject: (155, Tj)
DEBUG:root:do_keyword: pos=158, token=ET, stack=[]
DEBUG:root:nextobject: (158, ET)
DEBUG:root:do_keyword: pos=161, token=BT, stack=[]
DEBUG:root:nextobject: (161, BT)
DEBUG:root:nextobject: (164, 190.9636)
DEBUG:root:nextobject: (173, 758.4236)
DEBUG:root:do_keyword: pos=182, token=Td, stack=[]
DEBUG:root:nextobject: (182, Td)
DEBUG:root:nextobject: (185, 'who')
DEBUG:root:do_keyword: pos=191, token=Tj, stack=[]
DEBUG:root:nextobject: (191, Tj)
DEBUG:root:do_keyword: pos=194, token=ET, stack=[]
DEBUG:root:nextobject: (194, ET)
DEBUG:root:do_keyword: pos=197, token=BT, stack=[]
DEBUG:root:nextobject: (197, BT)
DEBUG:root:nextobject: (200, 223.8159)
DEBUG:root:nextobject: (209, 758.4236)
DEBUG:root:do_keyword: pos=218, token=Td, stack=[]
DEBUG:root:nextobject: (218, Td)
DEBUG:root:nextobject: (221, 'had')
DEBUG:root:do_keyword: pos=227, token=Tj, stack=[]
DEBUG:root:nextobject: (227, Tj)
DEBUG:root:do_keyword: pos=230, token=ET, stack=[]
DEBUG:root:nextobject: (230, ET)
DEBUG:root:do_keyword: pos=233, token=BT, stack=[]
DEBUG:root:nextobject: (233, BT)
DEBUG:root:nextobject: (236, 252.9023)
DEBUG:root:nextobject: (245, 758.4236)
DEBUG:root:do_keyword: pos=254, token=Td, stack=[]
DEBUG:root:nextobject: (254, Td)
DEBUG:root:nextobject: (257, 'never')
DEBUG:root:do_keyword: pos=265, token=Tj, stack=[]
DEBUG:root:nextobject: (265, Tj)
DEBUG:root:do_keyword: pos=268, token=ET, stack=[]
DEBUG:root:nextobject: (268, ET)
DEBUG:root:do_keyword: pos=271, token=BT, stack=[]
DEBUG:root:nextobject: (271, BT)
DEBUG:root:nextobject: (274, 293.2866)
DEBUG:root:nextobject: (283, 758.4236)
DEBUG:root:do_keyword: pos=292, token=Td, stack=[]
DEBUG:root:nextobject: (292, Td)
DEBUG:root:nextobject: (295, 'had')
DEBUG:root:do_keyword: pos=301, token=Tj, stack=[]
DEBUG:root:nextobject: (301, Tj)
DEBUG:root:do_keyword: pos=304, token=ET, stack=[]
DEBUG:root:nextobject: (304, ET)
DEBUG:root:do_keyword: pos=307, token=BT, stack=[]
DEBUG:root:nextobject: (307, BT)
DEBUG:root:nextobject: (310, 322.373)
DEBUG:root:nextobject: (319, 758.4236)
DEBUG:root:do_keyword: pos=328, token=Td, stack=[]
DEBUG:root:nextobject: (328, Td)
DEBUG:root:nextobject: (331, 'but')
DEBUG:root:do_keyword: pos=337, token=Tj, stack=[]
DEBUG:root:nextobject: (337, Tj)
DEBUG:root:do_keyword: pos=340, token=ET, stack=[]
DEBUG:root:nextobject: (340, ET)
DEBUG:root:do_keyword: pos=343, token=BT, stack=[]
DEBUG:root:nextobject: (343, BT)
DEBUG:root:nextobject: (346, 348.5053)
DEBUG:root:nextobject: (355, 758.4236)
DEBUG:root:do_keyword: pos=364, token=Td, stack=[]
DEBUG:root:nextobject: (364, Td)
DEBUG:root:nextobject: (367, 'the')
DEBUG:root:do_keyword: pos=373, token=Tj, stack=[]
DEBUG:root:nextobject: (373, Tj)
DEBUG:root:do_keyword: pos=376, token=ET, stack=[]
DEBUG:root:nextobject: (376, ET)
DEBUG:root:do_keyword: pos=379, token=BT, stack=[]
DEBUG:root:nextobject: (379, BT)
DEBUG:root:nextobject: (382, 373.3077)
DEBUG:root:nextobject: (391, 758.4236)
DEBUG:root:do_keyword: pos=400, token=Td, stack=[]
DEBUG:root:nextobject: (400, Td)
DEBUG:root:nextobject: (403, 'one')
DEBUG:root:do_keyword: pos=409, token=Tj, stack=[]
DEBUG:root:nextobject: (409, Tj)
DEBUG:root:do_keyword: pos=412, token=ET, stack=[]
DEBUG:root:nextobject: (412, ET)
DEBUG:root:do_keyword: pos=415, token=BT, stack=[]
DEBUG:root:nextobject: (415, BT)
DEBUG:root:nextobject: (418, 401.19)
DEBUG:root:nextobject: (427, 758.4236)
DEBUG:root:do_keyword: pos=436, token=Td, stack=[]
DEBUG:root:nextobject: (436, Td)
DEBUG:root:nextobject: (439, 'leg,')
DEBUG:root:do_keyword: pos=446, token=Tj, stack=[]
DEBUG:root:nextobject: (446, Tj)
DEBUG:root:do_keyword: pos=449, token=ET, stack=[]
DEBUG:root:nextobject: (449, ET)
DEBUG:root:do_keyword: pos=452, token=BT, stack=[]
DEBUG:root:nextobject: (452, BT)
DEBUG:root:nextobject: (455, 428.6384)
DEBUG:root:nextobject: (464, 758.4236)
DEBUG:root:do_keyword: pos=473, token=Td, stack=[]
DEBUG:root:nextobject: (473, Td)
DEBUG:root:nextobject: (476, 'and')
DEBUG:root:do_keyword: pos=482, token=Tj, stack=[]
DEBUG:root:nextobject: (482, Tj)
DEBUG:root:do_keyword: pos=485, token=ET, stack=[]
DEBUG:root:nextobject: (485, ET)
DEBUG:root:do_keyword: pos=488, token=BT, stack=[]
DEBUG:root:nextobject: (488, BT)
DEBUG:root:nextobject: (491, 457.7247)
DEBUG:root:nextobject: (500, 758.4236)
DEBUG:root:do_keyword: pos=509, token=Td, stack=[]
DEBUG:root:nextobject: (509, Td)
DEBUG:root:nextobject: (512, 'that')
DEBUG:root:do_keyword: pos=519, token=Tj, stack=[]
DEBUG:root:nextobject: (519, Tj)
DEBUG:root:do_keyword: pos=522, token=ET, stack=[]
DEBUG:root:nextobject: (522, ET)
DEBUG:root:do_keyword: pos=525, token=BT, stack=[]
DEBUG:root:nextobject: (525, BT)
DEBUG:root:nextobject: (528, 487.3851)
DEBUG:root:nextobject: (537, 758.4236)
DEBUG:root:do_keyword: pos=546, token=Td, stack=[]
DEBUG:root:nextobject: (546, Td)
DEBUG:root:nextobject: (549, 'in')
DEBUG:root:do_keyword: pos=554, token=Tj, stack=[]
DEBUG:root:nextobject: (554, Tj)
DEBUG:root:do_keyword: pos=557, token=ET, stack=[]
DEBUG:root:nextobject: (557, ET)
DEBUG:root:do_keyword: pos=560, token=BT, stack=[]
DEBUG:root:nextobject: (560, BT)
DEBUG:root:nextobject: (563, 504.9914)
DEBUG:root:nextobject: (572, 758.4236)
DEBUG:root:do_keyword: pos=581, token=Td, stack=[]
DEBUG:root:nextobject: (581, Td)
DEBUG:root:nextobject: (584, 'the')
DEBUG:root:do_keyword: pos=590, token=Tj, stack=[]
DEBUG:root:nextobject: (590, Tj)
DEBUG:root:do_keyword: pos=593, token=ET, stack=[]
DEBUG:root:nextobject: (593, ET)
DEBUG:root:do_keyword: pos=596, token=BT, stack=[]
DEBUG:root:nextobject: (596, BT)
DEBUG:root:nextobject: (599, 70.8661)
DEBUG:root:nextobject: (607, 741.6236)
DEBUG:root:do_keyword: pos=616, token=Td, stack=[]
DEBUG:root:nextobject: (616, Td)
DEBUG:root:nextobject: (619, 'middle')
DEBUG:root:do_keyword: pos=628, token=Tj, stack=[]
DEBUG:root:nextobject: (628, Tj)
DEBUG:root:do_keyword: pos=631, token=ET, stack=[]
DEBUG:root:nextobject: (631, ET)
DEBUG:root:do_keyword: pos=634, token=BT, stack=[]
DEBUG:root:nextobject: (634, BT)
DEBUG:root:nextobject: (637, 119.4351)
DEBUG:root:nextobject: (646, 741.6236)
DEBUG:root:do_keyword: pos=655, token=Td, stack=[]
DEBUG:root:nextobject: (655, Td)
DEBUG:root:nextobject: (658, 'of')
DEBUG:root:do_keyword: pos=663, token=Tj, stack=[]
DEBUG:root:nextobject: (663, Tj)
DEBUG:root:do_keyword: pos=666, token=ET, stack=[]
DEBUG:root:nextobject: (666, ET)
DEBUG:root:do_keyword: pos=669, token=BT, stack=[]
DEBUG:root:nextobject: (669, BT)
DEBUG:root:nextobject: (672, 135.986)
DEBUG:root:nextobject: (681, 741.6236)
DEBUG:root:do_keyword: pos=690, token=Td, stack=[]
DEBUG:root:nextobject: (690, Td)
DEBUG:root:nextobject: (693, 'his')
DEBUG:root:do_keyword: pos=699, token=Tj, stack=[]
DEBUG:root:nextobject: (699, Tj)
DEBUG:root:do_keyword: pos=702, token=ET, stack=[]
DEBUG:root:nextobject: (702, ET)
DEBUG:root:do_keyword: pos=705, token=BT, stack=[]
DEBUG:root:nextobject: (705, BT)
DEBUG:root:nextobject: (708, 158.389)
DEBUG:root:nextobject: (717, 741.6236)
DEBUG:root:do_keyword: pos=726, token=Td, stack=[]
DEBUG:root:nextobject: (726, Td)
DEBUG:root:nextobject: (729, 'body.')
DEBUG:root:do_keyword: pos=737, token=Tj, stack=[]
DEBUG:root:nextobject: (737, Tj)
DEBUG:root:do_keyword: pos=740, token=ET, stack=[]
DEBUG:root:nextobject: (740, ET)
DEBUG:root:do_keyword: pos=743, token=BT, stack=[]
DEBUG:root:nextobject: (743, BT)
DEBUG:root:nextobject: (746, 197.8579)
DEBUG:root:nextobject: (755, 741.6236)
DEBUG:root:do_keyword: pos=764, token=Td, stack=[]
DEBUG:root:nextobject: (764, Td)
DEBUG:root:nextobject: (767, 'To')
DEBUG:root:do_keyword: pos=772, token=Tj, stack=[]
DEBUG:root:nextobject: (772, Tj)
DEBUG:root:do_keyword: pos=775, token=ET, stack=[]
DEBUG:root:nextobject: (775, ET)
DEBUG:root:do_keyword: pos=778, token=BT, stack=[]
DEBUG:root:nextobject: (778, BT)
DEBUG:root:nextobject: (781, 218.3289)
DEBUG:root:nextobject: (790, 741.6236)
DEBUG:root:do_keyword: pos=799, token=Td, stack=[]
DEBUG:root:nextobject: (799, Td)
DEBUG:root:nextobject: (802, 'see')
DEBUG:root:do_keyword: pos=808, token=Tj, stack=[]
DEBUG:root:nextobject: (808, Tj)
DEBUG:root:do_keyword: pos=811, token=ET, stack=[]
DEBUG:root:nextobject: (811, ET)
DEBUG:root:do_keyword: pos=814, token=BT, stack=[]
DEBUG:root:nextobject: (814, BT)
DEBUG:root:nextobject: (817, 241.9218)
DEBUG:root:nextobject: (826, 741.6236)
DEBUG:root:do_keyword: pos=835, token=Td, stack=[]
DEBUG:root:nextobject: (835, Td)
DEBUG:root:nextobject: (838, 'him')
DEBUG:root:do_keyword: pos=844, token=Tj, stack=[]
DEBUG:root:nextobject: (844, Tj)
DEBUG:root:do_keyword: pos=847, token=ET, stack=[]
DEBUG:root:nextobject: (847, ET)
DEBUG:root:do_keyword: pos=850, token=BT, stack=[]
DEBUG:root:nextobject: (850, BT)
DEBUG:root:nextobject: (853, 270.7508)
DEBUG:root:nextobject: (862, 741.6236)
DEBUG:root:do_keyword: pos=871, token=Td, stack=[]
DEBUG:root:nextobject: (871, Td)
DEBUG:root:nextobject: (874, 'leap')
DEBUG:root:do_keyword: pos=881, token=Tj, stack=[]
DEBUG:root:nextobject: (881, Tj)
DEBUG:root:do_keyword: pos=884, token=ET, stack=[]
DEBUG:root:nextobject: (884, ET)
DEBUG:root:do_keyword: pos=887, token=BT, stack=[]
DEBUG:root:nextobject: (887, BT)
DEBUG:root:nextobject: (890, 301.1897)
DEBUG:root:nextobject: (899, 741.6236)
DEBUG:root:do_keyword: pos=908, token=Td, stack=[]
DEBUG:root:nextobject: (908, Td)
DEBUG:root:nextobject: (911, 'and')
DEBUG:root:do_keyword: pos=917, token=Tj, stack=[]
DEBUG:root:nextobject: (917, Tj)
DEBUG:root:do_keyword: pos=920, token=ET, stack=[]
DEBUG:root:nextobject: (920, ET)
DEBUG:root:do_keyword: pos=923, token=BT, stack=[]
DEBUG:root:nextobject: (923, BT)
DEBUG:root:nextobject: (926, 329.1367)
DEBUG:root:nextobject: (935, 741.6236)
DEBUG:root:do_keyword: pos=944, token=Td, stack=[]
DEBUG:root:nextobject: (944, Td)
DEBUG:root:nextobject: (947, 'run')
DEBUG:root:do_keyword: pos=953, token=Tj, stack=[]
DEBUG:root:nextobject: (953, Tj)
DEBUG:root:do_keyword: pos=956, token=ET, stack=[]
DEBUG:root:nextobject: (956, ET)
DEBUG:root:do_keyword: pos=959, token=BT, stack=[]
DEBUG:root:nextobject: (959, BT)
DEBUG:root:nextobject: (962, 355.5016)
DEBUG:root:nextobject: (971, 741.6236)
DEBUG:root:do_keyword: pos=980, token=Td, stack=[]
DEBUG:root:nextobject: (980, Td)
DEBUG:root:nextobject: (983, 'and')
DEBUG:root:do_keyword: pos=989, token=Tj, stack=[]
DEBUG:root:nextobject: (989, Tj)
DEBUG:root:do_keyword: pos=992, token=ET, stack=[]
DEBUG:root:nextobject: (992, ET)
DEBUG:root:do_keyword: pos=995, token=BT, stack=[]
DEBUG:root:nextobject: (995, BT)
DEBUG:root:nextobject: (998, 383.4486)
DEBUG:root:nextobject: (1007, 741.6236)
DEBUG:root:do_keyword: pos=1016, token=Td, stack=[]
DEBUG:root:nextobject: (1016, Td)
DEBUG:root:nextobject: (1019, 'pursue')
DEBUG:root:do_keyword: pos=1028, token=Tj, stack=[]
DEBUG:root:nextobject: (1028, Tj)
DEBUG:root:do_keyword: pos=1031, token=ET, stack=[]
DEBUG:root:nextobject: (1031, ET)
DEBUG:root:do_keyword: pos=1034, token=BT, stack=[]
DEBUG:root:nextobject: (1034, BT)
DEBUG:root:nextobject: (1037, 431.1635)
DEBUG:root:nextobject: (1046, 741.6236)
DEBUG:root:do_keyword: pos=1055, token=Td, stack=[]
DEBUG:root:nextobject: (1055, Td)
DEBUG:root:nextobject: (1058, 'me')
DEBUG:root:do_keyword: pos=1063, token=Tj, stack=[]
DEBUG:root:nextobject: (1063, Tj)
DEBUG:root:do_keyword: pos=1066, token=ET, stack=[]
DEBUG:root:nextobject: (1066, ET)
DEBUG:root:do_keyword: pos=1069, token=BT, stack=[]
DEBUG:root:nextobject: (1069, BT)
DEBUG:root:nextobject: (1072, 454.4765)
DEBUG:root:nextobject: (1081, 741.6236)
DEBUG:root:do_keyword: pos=1090, token=Td, stack=[]
DEBUG:root:nextobject: (1090, Td)
DEBUG:root:nextobject: (1093, 'over')
DEBUG:root:do_keyword: pos=1100, token=Tj, stack=[]
DEBUG:root:nextobject: (1100, Tj)
DEBUG:root:do_keyword: pos=1103, token=ET, stack=[]
DEBUG:root:nextobject: (1103, ET)
DEBUG:root:do_keyword: pos=1106, token=BT, stack=[]
DEBUG:root:nextobject: (1106, BT)
DEBUG:root:nextobject: (1109, 486.5114)
DEBUG:root:nextobject: (1118, 741.6236)
DEBUG:root:do_keyword: pos=1127, token=Td, stack=[]
DEBUG:root:nextobject: (1127, Td)
DEBUG:root:nextobject: (1130, 'hedge')
DEBUG:root:do_keyword: pos=1138, token=Tj, stack=[]
DEBUG:root:nextobject: (1138, Tj)
DEBUG:root:do_keyword: pos=1141, token=ET, stack=[]
DEBUG:root:nextobject: (1141, ET)
DEBUG:root:do_keyword: pos=1144, token=BT, stack=[]
DEBUG:root:nextobject: (1144, BT)
DEBUG:root:nextobject: (1147, 70.8661)
DEBUG:root:nextobject: (1155, 724.8236)
DEBUG:root:do_keyword: pos=1164, token=Td, stack=[]
DEBUG:root:nextobject: (1164, Td)
DEBUG:root:nextobject: (1167, 'and')
DEBUG:root:do_keyword: pos=1173, token=Tj, stack=[]
DEBUG:root:nextobject: (1173, Tj)
DEBUG:root:do_keyword: pos=1176, token=ET, stack=[]
DEBUG:root:nextobject: (1176, ET)
DEBUG:root:do_keyword: pos=1179, token=BT, stack=[]
DEBUG:root:nextobject: (1179, BT)
DEBUG:root:nextobject: (1182, 98.2699)
DEBUG:root:nextobject: (1190, 724.8236)
DEBUG:root:do_keyword: pos=1199, token=Td, stack=[]
DEBUG:root:nextobject: (1199, Td)
DEBUG:root:nextobject: (1202, 'ditch')
DEBUG:root:do_keyword: pos=1210, token=Tj, stack=[]
DEBUG:root:nextobject: (1210, Tj)
DEBUG:root:do_keyword: pos=1213, token=ET, stack=[]
DEBUG:root:nextobject: (1213, ET)
DEBUG:root:do_keyword: pos=1216, token=BT, stack=[]
DEBUG:root:nextobject: (1216, BT)
DEBUG:root:nextobject: (1219, 133.5277)
DEBUG:root:nextobject: (1228, 724.8236)
DEBUG:root:do_keyword: pos=1237, token=Td, stack=[]
DEBUG:root:nextobject: (1237, Td)
DEBUG:root:nextobject: (1240, 'was')
DEBUG:root:do_keyword: pos=1246, token=Tj, stack=[]
DEBUG:root:nextobject: (1246, Tj)
DEBUG:root:do_keyword: pos=1249, token=ET, stack=[]
DEBUG:root:nextobject: (1249, ET)
DEBUG:root:do_keyword: pos=1252, token=BT, stack=[]
DEBUG:root:nextobject: (1252, BT)
DEBUG:root:nextobject: (1255, 161.8415)
DEBUG:root:nextobject: (1264, 724.8236)
DEBUG:root:do_keyword: pos=1273, token=Td, stack=[]
DEBUG:root:nextobject: (1273, Td)
DEBUG:root:nextobject: (1276, 'the')
DEBUG:root:do_keyword: pos=1282, token=Tj, stack=[]
DEBUG:root:nextobject: (1282, Tj)
DEBUG:root:do_keyword: pos=1285, token=ET, stack=[]
DEBUG:root:nextobject: (1285, ET)
DEBUG:root:do_keyword: pos=1288, token=BT, stack=[]
DEBUG:root:nextobject: (1288, BT)
DEBUG:root:nextobject: (1291, 184.9612)
DEBUG:root:nextobject: (1300, 724.8236)
DEBUG:root:do_keyword: pos=1309, token=Td, stack=[]
DEBUG:root:nextobject: (1309, Td)
DEBUG:root:nextobject: (1312, 'worst')
DEBUG:root:do_keyword: pos=1320, token=Tj, stack=[]
DEBUG:root:nextobject: (1320, Tj)
DEBUG:root:do_keyword: pos=1323, token=ET, stack=[]
DEBUG:root:nextobject: (1323, ET)
DEBUG:root:do_keyword: pos=1326, token=BT, stack=[]
DEBUG:root:nextobject: (1326, BT)
DEBUG:root:nextobject: (1329, 224.013)
DEBUG:root:nextobject: (1338, 724.8236)
DEBUG:root:do_keyword: pos=1347, token=Td, stack=[]
DEBUG:root:nextobject: (1347, Td)
DEBUG:root:nextobject: (1350, 'of')
DEBUG:root:do_keyword: pos=1355, token=Tj, stack=[]
DEBUG:root:nextobject: (1355, Tj)
DEBUG:root:do_keyword: pos=1358, token=ET, stack=[]
DEBUG:root:nextobject: (1358, ET)
DEBUG:root:do_keyword: pos=1361, token=BT, stack=[]
DEBUG:root:nextobject: (1361, BT)
DEBUG:root:nextobject: (1364, 240.0208)
DEBUG:root:nextobject: (1373, 724.8236)
DEBUG:root:do_keyword: pos=1382, token=Td, stack=[]
DEBUG:root:nextobject: (1382, Td)
DEBUG:root:nextobject: (1385, 'nightmares.')
DEBUG:root:do_keyword: pos=1399, token=Tj, stack=[]
DEBUG:root:nextobject: (1399, Tj)
DEBUG:root:do_keyword: pos=1402, token=ET, stack=[]
DEBUG:root:nextobject: (1402, ET)
DEBUG:root:do_keyword: pos=1405, token=BT, stack=[]
DEBUG:root:nextobject: (1405, BT)
DEBUG:root:nextobject: (1408, 317.4746)
DEBUG:root:nextobject: (1417, 724.8236)
DEBUG:root:do_keyword: pos=1426, token=Td, stack=[]
DEBUG:root:nextobject: (1426, Td)
DEBUG:root:nextobject: (1429, 'And')
DEBUG:root:do_keyword: pos=1435, token=Tj, stack=[]
DEBUG:root:nextobject: (1435, Tj)
DEBUG:root:do_keyword: pos=1438, token=ET, stack=[]
DEBUG:root:nextobject: (1438, ET)
DEBUG:root:do_keyword: pos=1441, token=BT, stack=[]
DEBUG:root:nextobject: (1441, BT)
DEBUG:root:nextobject: (1444, 348.7703)
DEBUG:root:nextobject: (1453, 724.8236)
DEBUG:root:do_keyword: pos=1462, token=Td, stack=[]
DEBUG:root:nextobject: (1462, Td)
DEBUG:root:nextobject: (1465, 'altogether')
DEBUG:root:do_keyword: pos=1478, token=Tj, stack=[]
DEBUG:root:nextobject: (1478, Tj)
DEBUG:root:do_keyword: pos=1481, token=ET, stack=[]
DEBUG:root:nextobject: (1481, ET)
DEBUG:root:do_keyword: pos=1484, token=BT, stack=[]
DEBUG:root:nextobject: (1484, BT)
DEBUG:root:nextobject: (1487, 415.1921)
DEBUG:root:nextobject: (1496, 724.8236)
DEBUG:root:do_keyword: pos=1505, token=Td, stack=[]
DEBUG:root:nextobject: (1505, Td)
DEBUG:root:nextobject: (1508, 'I')
DEBUG:root:do_keyword: pos=1512, token=Tj, stack=[]
DEBUG:root:nextobject: (1512, Tj)
DEBUG:root:do_keyword: pos=1515, token=ET, stack=[]
DEBUG:root:nextobject: (1515, ET)
DEBUG:root:do_keyword: pos=1518, token=BT, stack=[]
DEBUG:root:nextobject: (1518, BT)
DEBUG:root:nextobject: (1521, 423.6119)
DEBUG:root:nextobject: (1530, 724.8236)
DEBUG:root:do_keyword: pos=1539, token=Td, stack=[]
DEBUG:root:nextobject: (1539, Td)
DEBUG:root:nextobject: (1542, 'paid')
DEBUG:root:do_keyword: pos=1549, token=Tj, stack=[]
DEBUG:root:nextobject: (1549, Tj)
DEBUG:root:do_keyword: pos=1552, token=ET, stack=[]
DEBUG:root:nextobject: (1552, ET)
DEBUG:root:do_keyword: pos=1555, token=BT, stack=[]
DEBUG:root:nextobject: (1555, BT)
DEBUG:root:nextobject: (1558, 455.3557)
DEBUG:root:nextobject: (1567, 724.8236)
DEBUG:root:do_keyword: pos=1576, token=Td, stack=[]
DEBUG:root:nextobject: (1576, Td)
DEBUG:root:nextobject: (1579, 'pretty')
DEBUG:root:do_keyword: pos=1588, token=Tj, stack=[]
DEBUG:root:nextobject: (1588, Tj)
DEBUG:root:do_keyword: pos=1591, token=ET, stack=[]
DEBUG:root:nextobject: (1591, ET)
DEBUG:root:do_keyword: pos=1594, token=BT, stack=[]
DEBUG:root:nextobject: (1594, BT)
DEBUG:root:nextobject: (1597, 496.6194)
DEBUG:root:nextobject: (1606, 724.8236)
DEBUG:root:do_keyword: pos=1615, token=Td, stack=[]
DEBUG:root:nextobject: (1615, Td)
DEBUG:root:nextobject: (1618, 'dear')
DEBUG:root:do_keyword: pos=1625, token=Tj, stack=[]
DEBUG:root:nextobject: (1625, Tj)
DEBUG:root:do_keyword: pos=1628, token=ET, stack=[]
DEBUG:root:nextobject: (1628, ET)
DEBUG:root:do_keyword: pos=1631, token=BT, stack=[]
DEBUG:root:nextobject: (1631, BT)
DEBUG:root:nextobject: (1634, 70.8661)
DEBUG:root:nextobject: (1642, 708.0236)
DEBUG:root:do_keyword: pos=1651, token=Td, stack=[]
DEBUG:root:nextobject: (1651, Td)
DEBUG:root:nextobject: (1654, 'for')
DEBUG:root:do_keyword: pos=1660, token=Tj, stack=[]
DEBUG:root:nextobject: (1660, Tj)
DEBUG:root:do_keyword: pos=1663, token=ET, stack=[]
DEBUG:root:nextobject: (1663, ET)
DEBUG:root:do_keyword: pos=1666, token=BT, stack=[]
DEBUG:root:nextobject: (1666, BT)
DEBUG:root:nextobject: (1669, 96.4063)
DEBUG:root:nextobject: (1677, 708.0236)
DEBUG:root:do_keyword: pos=1686, token=Td, stack=[]
DEBUG:root:nextobject: (1686, Td)
DEBUG:root:nextobject: (1689, 'my')
DEBUG:root:do_keyword: pos=1694, token=Tj, stack=[]
DEBUG:root:nextobject: (1694, Tj)
DEBUG:root:do_keyword: pos=1697, token=ET, stack=[]
DEBUG:root:nextobject: (1697, ET)
DEBUG:root:do_keyword: pos=1700, token=BT, stack=[]
DEBUG:root:nextobject: (1700, BT)
DEBUG:root:nextobject: (1703, 124.2564)
DEBUG:root:nextobject: (1712, 708.0236)
DEBUG:root:do_keyword: pos=1721, token=Td, stack=[]
DEBUG:root:nextobject: (1721, Td)
DEBUG:root:nextobject: (1724, 'monthly')
DEBUG:root:do_keyword: pos=1734, token=Tj, stack=[]
DEBUG:root:nextobject: (1734, Tj)
DEBUG:root:do_keyword: pos=1737, token=ET, stack=[]
DEBUG:root:nextobject: (1737, ET)
DEBUG:root:do_keyword: pos=1740, token=BT, stack=[]
DEBUG:root:nextobject: (1740, BT)
DEBUG:root:nextobject: (1743, 184.6845)
DEBUG:root:nextobject: (1752, 708.0236)
DEBUG:root:do_keyword: pos=1761, token=Td, stack=[]
DEBUG:root:nextobject: (1761, Td)
DEBUG:root:nextobject: (1764, 'fourpenny')
DEBUG:root:do_keyword: pos=1776, token=Tj, stack=[]
DEBUG:root:nextobject: (1776, Tj)
DEBUG:root:do_keyword: pos=1779, token=ET, stack=[]
DEBUG:root:nextobject: (1779, ET)
DEBUG:root:do_keyword: pos=1782, token=BT, stack=[]
DEBUG:root:nextobject: (1782, BT)
DEBUG:root:nextobject: (1785, 257.8667)
DEBUG:root:nextobject: (1794, 708.0236)
DEBUG:root:do_keyword: pos=1803, token=Td, stack=[]
DEBUG:root:nextobject: (1803, Td)
DEBUG:root:nextobject: (1806, 'piece,')
DEBUG:root:do_keyword: pos=1815, token=Tj, stack=[]
DEBUG:root:nextobject: (1815, Tj)
DEBUG:root:do_keyword: pos=1818, token=ET, stack=[]
DEBUG:root:nextobject: (1818, ET)
DEBUG:root:do_keyword: pos=1821, token=BT, stack=[]
DEBUG:root:nextobject: (1821, BT)
DEBUG:root:nextobject: (1824, 301.1868)
DEBUG:root:nextobject: (1833, 708.0236)
DEBUG:root:do_keyword: pos=1842, token=Td, stack=[]
DEBUG:root:nextobject: (1842, Td)
DEBUG:root:nextobject: (1845, 'in')
DEBUG:root:do_keyword: pos=1850, token=Tj, stack=[]
DEBUG:root:nextobject: (1850, Tj)
DEBUG:root:do_keyword: pos=1853, token=ET, stack=[]
DEBUG:root:nextobject: (1853, ET)
DEBUG:root:do_keyword: pos=1856, token=BT, stack=[]
DEBUG:root:nextobject: (1856, BT)
DEBUG:root:nextobject: (1859, 321.1129)
DEBUG:root:nextobject: (1868, 708.0236)
DEBUG:root:do_keyword: pos=1877, token=Td, stack=[]
DEBUG:root:nextobject: (1877, Td)
DEBUG:root:nextobject: (1880, 'the')
DEBUG:root:do_keyword: pos=1886, token=Tj, stack=[]
DEBUG:root:nextobject: (1886, Tj)
DEBUG:root:do_keyword: pos=1889, token=ET, stack=[]
DEBUG:root:nextobject: (1889, ET)
DEBUG:root:do_keyword: pos=1892, token=BT, stack=[]
DEBUG:root:nextobject: (1892, BT)
DEBUG:root:nextobject: (1895, 348.2351)
DEBUG:root:nextobject: (1904, 708.0236)
DEBUG:root:do_keyword: pos=1913, token=Td, stack=[]
DEBUG:root:nextobject: (1913, Td)
DEBUG:root:nextobject: (1916, 'shape')
DEBUG:root:do_keyword: pos=1924, token=Tj, stack=[]
DEBUG:root:nextobject: (1924, Tj)
DEBUG:root:do_keyword: pos=1927, token=ET, stack=[]
DEBUG:root:nextobject: (1927, ET)
DEBUG:root:do_keyword: pos=1930, token=BT, stack=[]
DEBUG:root:nextobject: (1930, BT)
DEBUG:root:nextobject: (1933, 392.1432)
DEBUG:root:nextobject: (1942, 708.0236)
DEBUG:root:do_keyword: pos=1951, token=Td, stack=[]
DEBUG:root:nextobject: (1951, Td)
DEBUG:root:nextobject: (1954, 'of')
DEBUG:root:do_keyword: pos=1959, token=Tj, stack=[]
DEBUG:root:nextobject: (1959, Tj)
DEBUG:root:do_keyword: pos=1962, token=ET, stack=[]
DEBUG:root:nextobject: (1962, ET)
DEBUG:root:do_keyword: pos=1965, token=BT, stack=[]
DEBUG:root:nextobject: (1965, BT)
DEBUG:root:nextobject: (1968, 412.1533)
DEBUG:root:nextobject: (1977, 708.0236)
DEBUG:root:do_keyword: pos=1986, token=Td, stack=[]
DEBUG:root:nextobject: (1986, Td)
DEBUG:root:nextobject: (1989, 'these')
DEBUG:root:do_keyword: pos=1997, token=Tj, stack=[]
DEBUG:root:nextobject: (1997, Tj)
DEBUG:root:do_keyword: pos=2000, token=ET, stack=[]
DEBUG:root:nextobject: (2000, ET)
DEBUG:root:do_keyword: pos=2003, token=BT, stack=[]
DEBUG:root:nextobject: (2003, BT)
DEBUG:root:nextobject: (2006, 451.9174)
DEBUG:root:nextobject: (2015, 708.0236)
DEBUG:root:do_keyword: pos=2024, token=Td, stack=[]
DEBUG:root:nextobject: (2024, Td)
DEBUG:root:nextobject: (2027, 'abominable')
DEBUG:root:do_keyword: pos=2040, token=Tj, stack=[]
DEBUG:root:nextobject: (2040, Tj)
DEBUG:root:do_keyword: pos=2043, token=ET, stack=[]
DEBUG:root:nextobject: (2043, ET)
DEBUG:root:do_keyword: pos=2046, token=BT, stack=[]
DEBUG:root:nextobject: (2046, BT)
DEBUG:root:nextobject: (2049, 70.8661)
DEBUG:root:nextobject: (2057, 691.2236)
DEBUG:root:do_keyword: pos=2066, token=Td, stack=[]
DEBUG:root:nextobject: (2066, Td)
DEBUG:root:nextobject: (2069, 'fancies.')
DEBUG:root:do_keyword: pos=2080, token=Tj, stack=[]
DEBUG:root:nextobject: (2080, Tj)
DEBUG:root:do_keyword: pos=2083, token=ET, stack=[]
DEBUG:root:nextobject: (2083, ET)
DEBUG:root:do_keyword: pos=2086, token=BT, stack=[]
DEBUG:root:nextobject: (2086, BT)
DEBUG:root:nextobject: (2089, 84.8661)
DEBUG:root:nextobject: (2097, 674.4236)
DEBUG:root:do_keyword: pos=2106, token=Td, stack=[]
DEBUG:root:nextobject: (2106, Td)
DEBUG:root:nextobject: (2109, 'But')
DEBUG:root:do_keyword: pos=2115, token=Tj, stack=[]
DEBUG:root:nextobject: (2115, Tj)
DEBUG:root:do_keyword: pos=2118, token=ET, stack=[]
DEBUG:root:nextobject: (2118, ET)
DEBUG:root:do_keyword: pos=2121, token=BT, stack=[]
DEBUG:root:nextobject: (2121, BT)
DEBUG:root:nextobject: (2124, 110.1141)
DEBUG:root:nextobject: (2133, 674.4236)
DEBUG:root:do_keyword: pos=2142, token=Td, stack=[]
DEBUG:root:nextobject: (2142, Td)
DEBUG:root:nextobject: (2145, 'though')
DEBUG:root:do_keyword: pos=2154, token=Tj, stack=[]
DEBUG:root:nextobject: (2154, Tj)
DEBUG:root:do_keyword: pos=2157, token=ET, stack=[]
DEBUG:root:nextobject: (2157, ET)
DEBUG:root:do_keyword: pos=2160, token=BT, stack=[]
DEBUG:root:nextobject: (2160, BT)
DEBUG:root:nextobject: (2163, 158.532)
DEBUG:root:nextobject: (2172, 674.4236)
DEBUG:root:do_keyword: pos=2181, token=Td, stack=[]
DEBUG:root:nextobject: (2181, Td)
DEBUG:root:nextobject: (2184, 'I')
DEBUG:root:do_keyword: pos=2188, token=Tj, stack=[]
DEBUG:root:nextobject: (2188, Tj)
DEBUG:root:do_keyword: pos=2191, token=ET, stack=[]
DEBUG:root:nextobject: (2191, ET)
DEBUG:root:do_keyword: pos=2194, token=BT, stack=[]
DEBUG:root:nextobject: (2194, BT)
DEBUG:root:nextobject: (2197, 166.938)
DEBUG:root:nextobject: (2206, 674.4236)
DEBUG:root:do_keyword: pos=2215, token=Td, stack=[]
DEBUG:root:nextobject: (2215, Td)
DEBUG:root:nextobject: (2218, 'was')
DEBUG:root:do_keyword: pos=2224, token=Tj, stack=[]
DEBUG:root:nextobject: (2224, Tj)
DEBUG:root:do_keyword: pos=2227, token=ET, stack=[]
DEBUG:root:nextobject: (2227, ET)
DEBUG:root:do_keyword: pos=2230, token=BT, stack=[]
DEBUG:root:nextobject: (2230, BT)
DEBUG:root:nextobject: (2233, 195.2379)
DEBUG:root:nextobject: (2242, 674.4236)
DEBUG:root:do_keyword: pos=2251, token=Td, stack=[]
DEBUG:root:nextobject: (2251, Td)
DEBUG:root:nextobject: (2254, 'so')
DEBUG:root:do_keyword: pos=2259, token=Tj, stack=[]
DEBUG:root:nextobject: (2259, Tj)
DEBUG:root:do_keyword: pos=2262, token=ET, stack=[]
DEBUG:root:nextobject: (2262, ET)
DEBUG:root:do_keyword: pos=2265, token=BT, stack=[]
DEBUG:root:nextobject: (2265, BT)
DEBUG:root:nextobject: (2268, 212.5059)
DEBUG:root:nextobject: (2277, 674.4236)
DEBUG:root:do_keyword: pos=2286, token=Td, stack=[]
DEBUG:root:nextobject: (2286, Td)
DEBUG:root:nextobject: (2289, 'terrified')
DEBUG:root:do_keyword: pos=2301, token=Tj, stack=[]
DEBUG:root:nextobject: (2301, Tj)
DEBUG:root:do_keyword: pos=2304, token=ET, stack=[]
DEBUG:root:nextobject: (2304, ET)
DEBUG:root:do_keyword: pos=2307, token=BT, stack=[]
DEBUG:root:nextobject: (2307, BT)
DEBUG:root:nextobject: (2310, 266.5938)
DEBUG:root:nextobject: (2319, 674.4236)
DEBUG:root:do_keyword: pos=2328, token=Td, stack=[]
DEBUG:root:nextobject: (2328, Td)
DEBUG:root:nextobject: (2331, 'by')
DEBUG:root:do_keyword: pos=2336, token=Tj, stack=[]
DEBUG:root:nextobject: (2336, Tj)
DEBUG:root:do_keyword: pos=2339, token=ET, stack=[]
DEBUG:root:nextobject: (2339, ET)
DEBUG:root:do_keyword: pos=2342, token=BT, stack=[]
DEBUG:root:nextobject: (2342, BT)
DEBUG:root:nextobject: (2345, 285.8078)
DEBUG:root:nextobject: (2354, 674.4236)
DEBUG:root:do_keyword: pos=2363, token=Td, stack=[]
DEBUG:root:nextobject: (2363, Td)
DEBUG:root:nextobject: (2366, 'the')
DEBUG:root:do_keyword: pos=2372, token=Tj, stack=[]
DEBUG:root:nextobject: (2372, Tj)
DEBUG:root:do_keyword: pos=2375, token=ET, stack=[]
DEBUG:root:nextobject: (2375, ET)
DEBUG:root:do_keyword: pos=2378, token=BT, stack=[]
DEBUG:root:nextobject: (2378, BT)
DEBUG:root:nextobject: (2381, 308.9137)
DEBUG:root:nextobject: (2390, 674.4236)
DEBUG:root:do_keyword: pos=2399, token=Td, stack=[]
DEBUG:root:nextobject: (2399, Td)
DEBUG:root:nextobject: (2402, 'idea')
DEBUG:root:do_keyword: pos=2409, token=Tj, stack=[]
DEBUG:root:nextobject: (2409, Tj)
DEBUG:root:do_keyword: pos=2412, token=ET, stack=[]
DEBUG:root:nextobject: (2412, ET)
DEBUG:root:do_keyword: pos=2415, token=BT, stack=[]
DEBUG:root:nextobject: (2415, BT)
DEBUG:root:nextobject: (2418, 338.9357)
DEBUG:root:nextobject: (2427, 674.4236)
DEBUG:root:do_keyword: pos=2436, token=Td, stack=[]
DEBUG:root:nextobject: (2436, Td)
DEBUG:root:nextobject: (2439, 'of')
DEBUG:root:do_keyword: pos=2444, token=Tj, stack=[]
DEBUG:root:nextobject: (2444, Tj)
DEBUG:root:do_keyword: pos=2447, token=ET, stack=[]
DEBUG:root:nextobject: (2447, ET)
DEBUG:root:do_keyword: pos=2450, token=BT, stack=[]
DEBUG:root:nextobject: (2450, BT)
DEBUG:root:nextobject: (2453, 354.9296)
DEBUG:root:nextobject: (2462, 674.4236)
DEBUG:root:do_keyword: pos=2471, token=Td, stack=[]
DEBUG:root:nextobject: (2471, Td)
DEBUG:root:nextobject: (2474, 'the')
DEBUG:root:do_keyword: pos=2480, token=Tj, stack=[]
DEBUG:root:nextobject: (2480, Tj)
DEBUG:root:do_keyword: pos=2483, token=ET, stack=[]
DEBUG:root:nextobject: (2483, ET)
DEBUG:root:do_keyword: pos=2486, token=BT, stack=[]
DEBUG:root:nextobject: (2486, BT)
DEBUG:root:nextobject: (2489, 378.0356)
DEBUG:root:nextobject: (2498, 674.4236)
DEBUG:root:do_keyword: pos=2507, token=Td, stack=[]
DEBUG:root:nextobject: (2507, Td)
DEBUG:root:nextobject: (2510, 'seafaring')
DEBUG:root:do_keyword: pos=2522, token=Tj, stack=[]
DEBUG:root:nextobject: (2522, Tj)
DEBUG:root:do_keyword: pos=2525, token=ET, stack=[]
DEBUG:root:nextobject: (2525, ET)
DEBUG:root:do_keyword: pos=2528, token=BT, stack=[]
DEBUG:root:nextobject: (2528, BT)
DEBUG:root:nextobject: (2531, 438.5635)
DEBUG:root:nextobject: (2540, 674.4236)
DEBUG:root:do_keyword: pos=2549, token=Td, stack=[]
DEBUG:root:nextobject: (2549, Td)
DEBUG:root:nextobject: (2552, 'man')
DEBUG:root:do_keyword: pos=2558, token=Tj, stack=[]
DEBUG:root:nextobject: (2558, Tj)
DEBUG:root:do_keyword: pos=2561, token=ET, stack=[]
DEBUG:root:nextobject: (2561, ET)
DEBUG:root:do_keyword: pos=2564, token=BT, stack=[]
DEBUG:root:nextobject: (2564, BT)
DEBUG:root:nextobject: (2567, 469.7615)
DEBUG:root:nextobject: (2576, 674.4236)
DEBUG:root:do_keyword: pos=2585, token=Td, stack=[]
DEBUG:root:nextobject: (2585, Td)
DEBUG:root:nextobject: (2588, 'with')
DEBUG:root:do_keyword: pos=2595, token=Tj, stack=[]
DEBUG:root:nextobject: (2595, Tj)
DEBUG:root:do_keyword: pos=2598, token=ET, stack=[]
DEBUG:root:nextobject: (2598, ET)
DEBUG:root:do_keyword: pos=2601, token=BT, stack=[]
DEBUG:root:nextobject: (2601, BT)
DEBUG:root:nextobject: (2604, 501.9114)
DEBUG:root:nextobject: (2613, 674.4236)
DEBUG:root:do_keyword: pos=2622, token=Td, stack=[]
DEBUG:root:nextobject: (2622, Td)
DEBUG:root:nextobject: (2625, 'one')
DEBUG:root:do_keyword: pos=2631, token=Tj, stack=[]
DEBUG:root:nextobject: (2631, Tj)
DEBUG:root:do_keyword: pos=2634, token=ET, stack=[]
DEBUG:root:nextobject: (2634, ET)
DEBUG:root:do_keyword: pos=2637, token=BT, stack=[]
DEBUG:root:nextobject: (2637, BT)
DEBUG:root:nextobject: (2640, 70.8661)
DEBUG:root:nextobject: (2648, 657.6236)
DEBUG:root:do_keyword: pos=2657, token=Td, stack=[]
DEBUG:root:nextobject: (2657, Td)
DEBUG:root:nextobject: (2660, 'leg,')
DEBUG:root:do_keyword: pos=2667, token=Tj, stack=[]
DEBUG:root:nextobject: (2667, Tj)
DEBUG:root:do_keyword: pos=2670, token=ET, stack=[]
DEBUG:root:nextobject: (2670, ET)
DEBUG:root:do_keyword: pos=2673, token=BT, stack=[]
DEBUG:root:nextobject: (2673, BT)
DEBUG:root:nextobject: (2676, 98.2361)
DEBUG:root:nextobject: (2684, 657.6236)
DEBUG:root:do_keyword: pos=2693, token=Td, stack=[]
DEBUG:root:nextobject: (2693, Td)
DEBUG:root:nextobject: (2696, 'I')
DEBUG:root:do_keyword: pos=2700, token=Tj, stack=[]
DEBUG:root:nextobject: (2700, Tj)
DEBUG:root:do_keyword: pos=2703, token=ET, stack=[]
DEBUG:root:nextobject: (2703, ET)
DEBUG:root:do_keyword: pos=2706, token=BT, stack=[]
DEBUG:root:nextobject: (2706, BT)
DEBUG:root:nextobject: (2709, 108.26)
DEBUG:root:nextobject: (2718, 657.6236)
DEBUG:root:do_keyword: pos=2727, token=Td, stack=[]
DEBUG:root:nextobject: (2727, Td)
DEBUG:root:nextobject: (2730, 'was')
DEBUG:root:do_keyword: pos=2736, token=Tj, stack=[]
DEBUG:root:nextobject: (2736, Tj)
DEBUG:root:do_keyword: pos=2739, token=ET, stack=[]
DEBUG:root:nextobject: (2739, ET)
DEBUG:root:do_keyword: pos=2742, token=BT, stack=[]
DEBUG:root:nextobject: (2742, BT)
DEBUG:root:nextobject: (2745, 138.178)
DEBUG:root:nextobject: (2754, 657.6236)
DEBUG:root:do_keyword: pos=2763, token=Td, stack=[]
DEBUG:root:nextobject: (2763, Td)
DEBUG:root:nextobject: (2766, 'far')
DEBUG:root:do_keyword: pos=2772, token=Tj, stack=[]
DEBUG:root:nextobject: (2772, Tj)
DEBUG:root:do_keyword: pos=2775, token=ET, stack=[]
DEBUG:root:nextobject: (2775, ET)
DEBUG:root:do_keyword: pos=2778, token=BT, stack=[]
DEBUG:root:nextobject: (2778, BT)
DEBUG:root:nextobject: (2781, 160.6759)
DEBUG:root:nextobject: (2790, 657.6236)
DEBUG:root:do_keyword: pos=2799, token=Td, stack=[]
DEBUG:root:nextobject: (2799, Td)
DEBUG:root:nextobject: (2802, 'less')
DEBUG:root:do_keyword: pos=2809, token=Tj, stack=[]
DEBUG:root:nextobject: (2809, Tj)
DEBUG:root:do_keyword: pos=2812, token=ET, stack=[]
DEBUG:root:nextobject: (2812, ET)
DEBUG:root:do_keyword: pos=2815, token=BT, stack=[]
DEBUG:root:nextobject: (2815, BT)
DEBUG:root:nextobject: (2818, 188.6339)
DEBUG:root:nextobject: (2827, 657.6236)
DEBUG:root:do_keyword: pos=2836, token=Td, stack=[]
DEBUG:root:nextobject: (2836, Td)
DEBUG:root:nextobject: (2839, 'afraid')
DEBUG:root:do_keyword: pos=2848, token=Tj, stack=[]
DEBUG:root:nextobject: (2848, Tj)
DEBUG:root:do_keyword: pos=2851, token=ET, stack=[]
DEBUG:root:nextobject: (2851, ET)
DEBUG:root:do_keyword: pos=2854, token=BT, stack=[]
DEBUG:root:nextobject: (2854, BT)
DEBUG:root:nextobject: (2857, 230.7598)
DEBUG:root:nextobject: (2866, 657.6236)
DEBUG:root:do_keyword: pos=2875, token=Td, stack=[]
DEBUG:root:nextobject: (2875, Td)
DEBUG:root:nextobject: (2878, 'of')
DEBUG:root:do_keyword: pos=2883, token=Tj, stack=[]
DEBUG:root:nextobject: (2883, Tj)
DEBUG:root:do_keyword: pos=2886, token=ET, stack=[]
DEBUG:root:nextobject: (2886, ET)
DEBUG:root:do_keyword: pos=2889, token=BT, stack=[]
DEBUG:root:nextobject: (2889, BT)
DEBUG:root:nextobject: (2892, 248.3718)
DEBUG:root:nextobject: (2901, 657.6236)
DEBUG:root:do_keyword: pos=2910, token=Td, stack=[]
DEBUG:root:nextobject: (2910, Td)
DEBUG:root:nextobject: (2913, 'the')
DEBUG:root:do_keyword: pos=2919, token=Tj, stack=[]
DEBUG:root:nextobject: (2919, Tj)
DEBUG:root:do_keyword: pos=2922, token=ET, stack=[]
DEBUG:root:nextobject: (2922, ET)
DEBUG:root:do_keyword: pos=2925, token=BT, stack=[]
DEBUG:root:nextobject: (2925, BT)
DEBUG:root:nextobject: (2928, 273.0957)
DEBUG:root:nextobject: (2937, 657.6236)
DEBUG:root:do_keyword: pos=2946, token=Td, stack=[]
DEBUG:root:nextobject: (2946, Td)
DEBUG:root:nextobject: (2949, 'captain')
DEBUG:root:do_keyword: pos=2959, token=Tj, stack=[]
DEBUG:root:nextobject: (2959, Tj)
DEBUG:root:do_keyword: pos=2962, token=ET, stack=[]
DEBUG:root:nextobject: (2962, ET)
DEBUG:root:do_keyword: pos=2965, token=BT, stack=[]
DEBUG:root:nextobject: (2965, BT)
DEBUG:root:nextobject: (2968, 323.8177)
DEBUG:root:nextobject: (2977, 657.6236)
DEBUG:root:do_keyword: pos=2986, token=Td, stack=[]
DEBUG:root:nextobject: (2986, Td)
DEBUG:root:nextobject: (2989, 'himself')
DEBUG:root:do_keyword: pos=2999, token=Tj, stack=[]
DEBUG:root:nextobject: (2999, Tj)
DEBUG:root:do_keyword: pos=3002, token=ET, stack=[]
DEBUG:root:nextobject: (3002, ET)
DEBUG:root:do_keyword: pos=3005, token=BT, stack=[]
DEBUG:root:nextobject: (3005, BT)
DEBUG:root:nextobject: (3008, 375.0856)
DEBUG:root:nextobject: (3017, 657.6236)
DEBUG:root:do_keyword: pos=3026, token=Td, stack=[]
DEBUG:root:nextobject: (3026, Td)
DEBUG:root:nextobject: (3029, 'than')
DEBUG:root:do_keyword: pos=3036, token=Tj, stack=[]
DEBUG:root:nextobject: (3036, Tj)
DEBUG:root:do_keyword: pos=3039, token=ET, stack=[]
DEBUG:root:nextobject: (3039, ET)
DEBUG:root:do_keyword: pos=3042, token=BT, stack=[]
DEBUG:root:nextobject: (3042, BT)
DEBUG:root:nextobject: (3045, 408.2516)
DEBUG:root:nextobject: (3054, 657.6236)
DEBUG:root:do_keyword: pos=3063, token=Td, stack=[]
DEBUG:root:nextobject: (3063, Td)
DEBUG:root:nextobject: (3066, 'anybody')
DEBUG:root:do_keyword: pos=3076, token=Tj, stack=[]
DEBUG:root:nextobject: (3076, Tj)
DEBUG:root:do_keyword: pos=3079, token=ET, stack=[]
DEBUG:root:nextobject: (3079, ET)
DEBUG:root:do_keyword: pos=3082, token=BT, stack=[]
DEBUG:root:nextobject: (3082, BT)
DEBUG:root:nextobject: (3085, 468.2135)
DEBUG:root:nextobject: (3094, 657.6236)
DEBUG:root:do_keyword: pos=3103, token=Td, stack=[]
DEBUG:root:nextobject: (3103, Td)
DEBUG:root:nextobject: (3106, 'else')
DEBUG:root:do_keyword: pos=3113, token=Tj, stack=[]
DEBUG:root:nextobject: (3113, Tj)
DEBUG:root:do_keyword: pos=3116, token=ET, stack=[]
DEBUG:root:nextobject: (3116, ET)
DEBUG:root:do_keyword: pos=3119, token=BT, stack=[]
DEBUG:root:nextobject: (3119, BT)
DEBUG:root:nextobject: (3122, 496.9414)
DEBUG:root:nextobject: (3131, 657.6236)
DEBUG:root:do_keyword: pos=3140, token=Td, stack=[]
DEBUG:root:nextobject: (3140, Td)
DEBUG:root:nextobject: (3143, 'who')
DEBUG:root:do_keyword: pos=3149, token=Tj, stack=[]
DEBUG:root:nextobject: (3149, Tj)
DEBUG:root:do_keyword: pos=3152, token=ET, stack=[]
DEBUG:root:nextobject: (3152, ET)
DEBUG:root:do_keyword: pos=3155, token=BT, stack=[]
DEBUG:root:nextobject: (3155, BT)
DEBUG:root:nextobject: (3158, 70.8661)
DEBUG:root:nextobject: (3166, 640.8236)
DEBUG:root:do_keyword: pos=3175, token=Td, stack=[]
DEBUG:root:nextobject: (3175, Td)
DEBUG:root:nextobject: (3178, 'knew')
DEBUG:root:do_keyword: pos=3185, token=Tj, stack=[]
DEBUG:root:nextobject: (3185, Tj)
DEBUG:root:do_keyword: pos=3188, token=ET, stack=[]
DEBUG:root:nextobject: (3188, ET)
DEBUG:root:do_keyword: pos=3191, token=BT, stack=[]
DEBUG:root:nextobject: (3191, BT)
DEBUG:root:nextobject: (3194, 109.6375)
DEBUG:root:nextobject: (3203, 640.8236)
DEBUG:root:do_keyword: pos=3212, token=Td, stack=[]
DEBUG:root:nextobject: (3212, Td)
DEBUG:root:nextobject: (3215, 'him.')
DEBUG:root:do_keyword: pos=3222, token=Tj, stack=[]
DEBUG:root:nextobject: (3222, Tj)
DEBUG:root:do_keyword: pos=3225, token=ET, stack=[]
DEBUG:root:nextobject: (3225, ET)
DEBUG:root:do_keyword: pos=3228, token=BT, stack=[]
DEBUG:root:nextobject: (3228, BT)
DEBUG:root:nextobject: (3231, 142.1788)
DEBUG:root:nextobject: (3240, 640.8236)
DEBUG:root:do_keyword: pos=3249, token=Td, stack=[]
DEBUG:root:nextobject: (3249, Td)
DEBUG:root:nextobject: (3252, 'There')
DEBUG:root:do_keyword: pos=3260, token=Tj, stack=[]
DEBUG:root:nextobject: (3260, Tj)
DEBUG:root:do_keyword: pos=3263, token=ET, stack=[]
DEBUG:root:nextobject: (3263, ET)
DEBUG:root:do_keyword: pos=3266, token=BT, stack=[]
DEBUG:root:nextobject: (3266, BT)
DEBUG:root:nextobject: (3269, 182.3081)
DEBUG:root:nextobject: (3278, 640.8236)
DEBUG:root:do_keyword: pos=3287, token=Td, stack=[]
DEBUG:root:nextobject: (3287, Td)
DEBUG:root:nextobject: (3290, 'were')
DEBUG:root:do_keyword: pos=3297, token=Tj, stack=[]
DEBUG:root:nextobject: (3297, Tj)
DEBUG:root:do_keyword: pos=3300, token=ET, stack=[]
DEBUG:root:nextobject: (3300, ET)
DEBUG:root:do_keyword: pos=3303, token=BT, stack=[]
DEBUG:root:nextobject: (3303, BT)
DEBUG:root:nextobject: (3306, 217.3835)
DEBUG:root:nextobject: (3315, 640.8236)
DEBUG:root:do_keyword: pos=3324, token=Td, stack=[]
DEBUG:root:nextobject: (3324, Td)
DEBUG:root:nextobject: (3327, 'nights')
DEBUG:root:do_keyword: pos=3336, token=Tj, stack=[]
DEBUG:root:nextobject: (3336, Tj)
DEBUG:root:do_keyword: pos=3339, token=ET, stack=[]
DEBUG:root:nextobject: (3339, ET)
DEBUG:root:do_keyword: pos=3342, token=BT, stack=[]
DEBUG:root:nextobject: (3342, BT)
DEBUG:root:nextobject: (3345, 260.4948)
DEBUG:root:nextobject: (3354, 640.8236)
DEBUG:root:do_keyword: pos=3363, token=Td, stack=[]
DEBUG:root:nextobject: (3363, Td)
DEBUG:root:nextobject: (3366, 'when')
DEBUG:root:do_keyword: pos=3373, token=Tj, stack=[]
DEBUG:root:nextobject: (3373, Tj)
DEBUG:root:do_keyword: pos=3376, token=ET, stack=[]
DEBUG:root:nextobject: (3376, ET)
DEBUG:root:do_keyword: pos=3379, token=BT, stack=[]
DEBUG:root:nextobject: (3379, BT)
DEBUG:root:nextobject: (3382, 299.6301)
DEBUG:root:nextobject: (3391, 640.8236)
DEBUG:root:do_keyword: pos=3400, token=Td, stack=[]
DEBUG:root:nextobject: (3400, Td)
DEBUG:root:nextobject: (3403, 'he')
DEBUG:root:do_keyword: pos=3408, token=Tj, stack=[]
DEBUG:root:nextobject: (3408, Tj)
DEBUG:root:do_keyword: pos=3411, token=ET, stack=[]
DEBUG:root:nextobject: (3411, ET)
DEBUG:root:do_keyword: pos=3414, token=BT, stack=[]
DEBUG:root:nextobject: (3414, BT)
DEBUG:root:nextobject: (3417, 318.9415)
DEBUG:root:nextobject: (3426, 640.8236)
DEBUG:root:do_keyword: pos=3435, token=Td, stack=[]
DEBUG:root:nextobject: (3435, Td)
DEBUG:root:nextobject: (3438, 'took')
DEBUG:root:do_keyword: pos=3445, token=Tj, stack=[]
DEBUG:root:nextobject: (3445, Tj)
DEBUG:root:do_keyword: pos=3448, token=ET, stack=[]
DEBUG:root:nextobject: (3448, ET)
DEBUG:root:do_keyword: pos=3451, token=BT, stack=[]
DEBUG:root:nextobject: (3451, BT)
DEBUG:root:nextobject: (3454, 351.0348)
DEBUG:root:nextobject: (3463, 640.8236)
DEBUG:root:do_keyword: pos=3472, token=Td, stack=[]
DEBUG:root:nextobject: (3472, Td)
DEBUG:root:nextobject: (3475, 'a')
DEBUG:root:do_keyword: pos=3479, token=Tj, stack=[]
DEBUG:root:nextobject: (3479, Tj)
DEBUG:root:do_keyword: pos=3482, token=ET, stack=[]
DEBUG:root:nextobject: (3482, ET)
DEBUG:root:do_keyword: pos=3485, token=BT, stack=[]
DEBUG:root:nextobject: (3485, BT)
DEBUG:root:nextobject: (3488, 362.4921)
DEBUG:root:nextobject: (3497, 640.8236)
DEBUG:root:do_keyword: pos=3506, token=Td, stack=[]
DEBUG:root:nextobject: (3506, Td)
DEBUG:root:nextobject: (3509, 'deal')
DEBUG:root:do_keyword: pos=3516, token=Tj, stack=[]
DEBUG:root:nextobject: (3516, Tj)
DEBUG:root:do_keyword: pos=3519, token=ET, stack=[]
DEBUG:root:nextobject: (3519, ET)
DEBUG:root:do_keyword: pos=3522, token=BT, stack=[]
DEBUG:root:nextobject: (3522, BT)
DEBUG:root:nextobject: (3525, 393.2835)
DEBUG:root:nextobject: (3534, 640.8236)
DEBUG:root:do_keyword: pos=3543, token=Td, stack=[]
DEBUG:root:nextobject: (3543, Td)
DEBUG:root:nextobject: (3546, 'more')
DEBUG:root:do_keyword: pos=3553, token=Tj, stack=[]
DEBUG:root:nextobject: (3553, Tj)
DEBUG:root:do_keyword: pos=3556, token=ET, stack=[]
DEBUG:root:nextobject: (3556, ET)
DEBUG:root:do_keyword: pos=3559, token=BT, stack=[]
DEBUG:root:nextobject: (3559, BT)
DEBUG:root:nextobject: (3562, 429.9828)
DEBUG:root:nextobject: (3571, 640.8236)
DEBUG:root:do_keyword: pos=3580, token=Td, stack=[]
DEBUG:root:nextobject: (3580, Td)
DEBUG:root:nextobject: (3583, 'rum')
DEBUG:root:do_keyword: pos=3589, token=Tj, stack=[]
DEBUG:root:nextobject: (3589, Tj)
DEBUG:root:do_keyword: pos=3592, token=ET, stack=[]
DEBUG:root:nextobject: (3592, ET)
DEBUG:root:do_keyword: pos=3595, token=BT, stack=[]
DEBUG:root:nextobject: (3595, BT)
DEBUG:root:nextobject: (3598, 460.7741)
DEBUG:root:nextobject: (3607, 640.8236)
DEBUG:root:do_keyword: pos=3616, token=Td, stack=[]
DEBUG:root:nextobject: (3616, Td)
DEBUG:root:nextobject: (3619, 'and')
DEBUG:root:do_keyword: pos=3625, token=Tj, stack=[]
DEBUG:root:nextobject: (3625, Tj)
DEBUG:root:do_keyword: pos=3628, token=ET, stack=[]
DEBUG:root:nextobject: (3628, ET)
DEBUG:root:do_keyword: pos=3631, token=BT, stack=[]
DEBUG:root:nextobject: (3631, BT)
DEBUG:root:nextobject: (3634, 488.9334)
DEBUG:root:nextobject: (3643, 640.8236)
DEBUG:root:do_keyword: pos=3652, token=Td, stack=[]
DEBUG:root:nextobject: (3652, Td)
DEBUG:root:nextobject: (3655, 'water')
DEBUG:root:do_keyword: pos=3663, token=Tj, stack=[]
DEBUG:root:nextobject: (3663, Tj)
DEBUG:root:do_keyword: pos=3666, token=ET, stack=[]
DEBUG:root:nextobject: (3666, ET)
DEBUG:root:do_keyword: pos=3669, token=BT, stack=[]
DEBUG:root:nextobject: (3669, BT)
DEBUG:root:nextobject: (3672, 70.8661)
DEBUG:root:nextobject: (3680, 624.0236)
DEBUG:root:do_keyword: pos=3689, token=Td, stack=[]
DEBUG:root:nextobject: (3689, Td)
DEBUG:root:nextobject: (3692, 'than')
DEBUG:root:do_keyword: pos=3699, token=Tj, stack=[]
DEBUG:root:nextobject: (3699, Tj)
DEBUG:root:do_keyword: pos=3702, token=ET, stack=[]
DEBUG:root:nextobject: (3702, ET)
DEBUG:root:do_keyword: pos=3705, token=BT, stack=[]
DEBUG:root:nextobject: (3705, BT)
DEBUG:root:nextobject: (3708, 102.2638)
DEBUG:root:nextobject: (3717, 624.0236)
DEBUG:root:do_keyword: pos=3726, token=Td, stack=[]
DEBUG:root:nextobject: (3726, Td)
DEBUG:root:nextobject: (3729, 'his')
DEBUG:root:do_keyword: pos=3735, token=Tj, stack=[]
DEBUG:root:nextobject: (3735, Tj)
DEBUG:root:do_keyword: pos=3738, token=ET, stack=[]
DEBUG:root:nextobject: (3738, ET)
DEBUG:root:do_keyword: pos=3741, token=BT, stack=[]
DEBUG:root:nextobject: (3741, BT)
DEBUG:root:nextobject: (3744, 123.9594)
DEBUG:root:nextobject: (3753, 624.0236)
DEBUG:root:do_keyword: pos=3762, token=Td, stack=[]
DEBUG:root:nextobject: (3762, Td)
DEBUG:root:nextobject: (3765, 'head')
DEBUG:root:do_keyword: pos=3772, token=Tj, stack=[]
DEBUG:root:nextobject: (3772, Tj)
DEBUG:root:do_keyword: pos=3775, token=ET, stack=[]
DEBUG:root:nextobject: (3775, ET)
DEBUG:root:do_keyword: pos=3778, token=BT, stack=[]
DEBUG:root:nextobject: (3778, BT)
DEBUG:root:nextobject: (3781, 157.9051)
DEBUG:root:nextobject: (3790, 624.0236)
DEBUG:root:do_keyword: pos=3799, token=Td, stack=[]
DEBUG:root:nextobject: (3799, Td)
DEBUG:root:nextobject: (3802, 'would')
DEBUG:root:do_keyword: pos=3810, token=Tj, stack=[]
DEBUG:root:nextobject: (3810, Tj)
DEBUG:root:do_keyword: pos=3813, token=ET, stack=[]
DEBUG:root:nextobject: (3813, ET)
DEBUG:root:do_keyword: pos=3816, token=BT, stack=[]
DEBUG:root:nextobject: (3816, BT)
DEBUG:root:nextobject: (3819, 201.8327)
DEBUG:root:nextobject: (3828, 624.0236)
DEBUG:root:do_keyword: pos=3837, token=Td, stack=[]
DEBUG:root:nextobject: (3837, Td)
DEBUG:root:nextobject: (3840, 'carry;')
DEBUG:root:do_keyword: pos=3849, token=Tj, stack=[]
DEBUG:root:nextobject: (3849, Tj)
DEBUG:root:do_keyword: pos=3852, token=ET, stack=[]
DEBUG:root:nextobject: (3852, ET)
DEBUG:root:do_keyword: pos=3855, token=BT, stack=[]
DEBUG:root:nextobject: (3855, BT)
DEBUG:root:nextobject: (3858, 240.9303)
DEBUG:root:nextobject: (3867, 624.0236)
DEBUG:root:do_keyword: pos=3876, token=Td, stack=[]
DEBUG:root:nextobject: (3876, Td)
DEBUG:root:nextobject: (3879, 'and')
DEBUG:root:do_keyword: pos=3885, token=Tj, stack=[]
DEBUG:root:nextobject: (3885, Tj)
DEBUG:root:do_keyword: pos=3888, token=ET, stack=[]
DEBUG:root:nextobject: (3888, ET)
DEBUG:root:do_keyword: pos=3891, token=BT, stack=[]
DEBUG:root:nextobject: (3891, BT)
DEBUG:root:nextobject: (3894, 268.17)
DEBUG:root:nextobject: (3903, 624.0236)
DEBUG:root:do_keyword: pos=3912, token=Td, stack=[]
DEBUG:root:nextobject: (3912, Td)
DEBUG:root:nextobject: (3915, 'then')
DEBUG:root:do_keyword: pos=3922, token=Tj, stack=[]
DEBUG:root:nextobject: (3922, Tj)
DEBUG:root:do_keyword: pos=3925, token=ET, stack=[]
DEBUG:root:nextobject: (3925, ET)
DEBUG:root:do_keyword: pos=3928, token=BT, stack=[]
DEBUG:root:nextobject: (3928, BT)
DEBUG:root:nextobject: (3931, 299.2736)
DEBUG:root:nextobject: (3940, 624.0236)
DEBUG:root:do_keyword: pos=3949, token=Td, stack=[]
DEBUG:root:nextobject: (3949, Td)
DEBUG:root:nextobject: (3952, 'he')
DEBUG:root:do_keyword: pos=3957, token=Tj, stack=[]
DEBUG:root:nextobject: (3957, Tj)
DEBUG:root:do_keyword: pos=3960, token=ET, stack=[]
DEBUG:root:nextobject: (3960, ET)
DEBUG:root:do_keyword: pos=3963, token=BT, stack=[]
DEBUG:root:nextobject: (3963, BT)
DEBUG:root:nextobject: (3966, 317.6653)
DEBUG:root:nextobject: (3975, 624.0236)
DEBUG:root:do_keyword: pos=3984, token=Td, stack=[]
DEBUG:root:nextobject: (3984, Td)
DEBUG:root:nextobject: (3987, 'would')
DEBUG:root:do_keyword: pos=3995, token=Tj, stack=[]
DEBUG:root:nextobject: (3995, Tj)
DEBUG:root:do_keyword: pos=3998, token=ET, stack=[]
DEBUG:root:nextobject: (3998, ET)
DEBUG:root:do_keyword: pos=4001, token=BT, stack=[]
DEBUG:root:nextobject: (4001, BT)
DEBUG:root:nextobject: (4004, 361.5929)
DEBUG:root:nextobject: (4013, 624.0236)
DEBUG:root:do_keyword: pos=4022, token=Td, stack=[]
DEBUG:root:nextobject: (4022, Td)
DEBUG:root:nextobject: (4025, 'sometimes')
DEBUG:root:do_keyword: pos=4037, token=Tj, stack=[]
DEBUG:root:nextobject: (4037, Tj)
DEBUG:root:do_keyword: pos=4040, token=ET, stack=[]
DEBUG:root:nextobject: (4040, ET)
DEBUG:root:do_keyword: pos=4043, token=BT, stack=[]
DEBUG:root:nextobject: (4043, BT)
DEBUG:root:nextobject: (4046, 431.4205)
DEBUG:root:nextobject: (4055, 624.0236)
DEBUG:root:do_keyword: pos=4064, token=Td, stack=[]
DEBUG:root:nextobject: (4064, Td)
DEBUG:root:nextobject: (4067, 'sit')
DEBUG:root:do_keyword: pos=4073, token=Tj, stack=[]
DEBUG:root:nextobject: (4073, Tj)
DEBUG:root:do_keyword: pos=4076, token=ET, stack=[]
DEBUG:root:nextobject: (4076, ET)
DEBUG:root:do_keyword: pos=4079, token=BT, stack=[]
DEBUG:root:nextobject: (4079, BT)
DEBUG:root:nextobject: (4082, 449.5322)
DEBUG:root:nextobject: (4091, 624.0236)
DEBUG:root:do_keyword: pos=4100, token=Td, stack=[]
DEBUG:root:nextobject: (4100, Td)
DEBUG:root:nextobject: (4103, 'and')
DEBUG:root:do_keyword: pos=4109, token=Tj, stack=[]
DEBUG:root:nextobject: (4109, Tj)
DEBUG:root:do_keyword: pos=4112, token=ET, stack=[]
DEBUG:root:nextobject: (4112, ET)
DEBUG:root:do_keyword: pos=4115, token=BT, stack=[]
DEBUG:root:nextobject: (4115, BT)
DEBUG:root:nextobject: (4118, 476.7718)
DEBUG:root:nextobject: (4127, 624.0236)
DEBUG:root:do_keyword: pos=4136, token=Td, stack=[]
DEBUG:root:nextobject: (4136, Td)
DEBUG:root:nextobject: (4139, 'sing')
DEBUG:root:do_keyword: pos=4146, token=Tj, stack=[]
DEBUG:root:nextobject: (4146, Tj)
DEBUG:root:do_keyword: pos=4149, token=ET, stack=[]
DEBUG:root:nextobject: (4149, ET)
DEBUG:root:do_keyword: pos=4152, token=BT, stack=[]
DEBUG:root:nextobject: (4152, BT)
DEBUG:root:nextobject: (4155, 506.2514)
DEBUG:root:nextobject: (4164, 624.0236)
DEBUG:root:do_keyword: pos=4173, token=Td, stack=[]
DEBUG:root:nextobject: (4173, Td)
DEBUG:root:nextobject: (4176, 'his')
DEBUG:root:do_keyword: pos=4182, token=Tj, stack=[]
DEBUG:root:nextobject: (4182, Tj)
DEBUG:root:do_keyword: pos=4185, token=ET, stack=[]
DEBUG:root:nextobject: (4185, ET)
DEBUG:root:do_keyword: pos=4188, token=BT, stack=[]
DEBUG:root:nextobject: (4188, BT)
DEBUG:root:nextobject: (4191, 70.8661)
DEBUG:root:nextobject: (4199, 607.2236)
DEBUG:root:do_keyword: pos=4208, token=Td, stack=[]
DEBUG:root:nextobject: (4208, Td)
DEBUG:root:nextobject: (4211, 'wicked,')
DEBUG:root:do_keyword: pos=4221, token=Tj, stack=[]
DEBUG:root:nextobject: (4221, Tj)
DEBUG:root:do_keyword: pos=4224, token=ET, stack=[]
DEBUG:root:nextobject: (4224, ET)
DEBUG:root:do_keyword: pos=4227, token=BT, stack=[]
DEBUG:root:nextobject: (4227, BT)
DEBUG:root:nextobject: (4230, 124.175)
DEBUG:root:nextobject: (4239, 607.2236)
DEBUG:root:do_keyword: pos=4248, token=Td, stack=[]
DEBUG:root:nextobject: (4248, Td)
DEBUG:root:nextobject: (4251, 'old,')
DEBUG:root:do_keyword: pos=4258, token=Tj, stack=[]
DEBUG:root:nextobject: (4258, Tj)
DEBUG:root:do_keyword: pos=4261, token=ET, stack=[]
DEBUG:root:nextobject: (4261, ET)
DEBUG:root:do_keyword: pos=4264, token=BT, stack=[]
DEBUG:root:nextobject: (4264, BT)
DEBUG:root:nextobject: (4267, 152.7458)
DEBUG:root:nextobject: (4276, 607.2236)
DEBUG:root:do_keyword: pos=4285, token=Td, stack=[]
DEBUG:root:nextobject: (4285, Td)
DEBUG:root:nextobject: (4288, 'wild')
DEBUG:root:do_keyword: pos=4295, token=Tj, stack=[]
DEBUG:root:nextobject: (4295, Tj)
DEBUG:root:do_keyword: pos=4298, token=ET, stack=[]
DEBUG:root:nextobject: (4298, ET)
DEBUG:root:do_keyword: pos=4301, token=BT, stack=[]
DEBUG:root:nextobject: (4301, BT)
DEBUG:root:nextobject: (4304, 185.9226)
DEBUG:root:nextobject: (4313, 607.2236)
DEBUG:root:do_keyword: pos=4322, token=Td, stack=[]
DEBUG:root:nextobject: (4322, Td)
DEBUG:root:nextobject: (4325, 'sea-songs,')
DEBUG:root:do_keyword: pos=4338, token=Tj, stack=[]
DEBUG:root:nextobject: (4338, Tj)
DEBUG:root:do_keyword: pos=4341, token=ET, stack=[]
DEBUG:root:nextobject: (4341, ET)
DEBUG:root:do_keyword: pos=4344, token=BT, stack=[]
DEBUG:root:nextobject: (4344, BT)
DEBUG:root:nextobject: (4347, 253.9734)
DEBUG:root:nextobject: (4356, 607.2236)
DEBUG:root:do_keyword: pos=4365, token=Td, stack=[]
DEBUG:root:nextobject: (4365, Td)
DEBUG:root:nextobject: (4368, 'minding')
DEBUG:root:do_keyword: pos=4378, token=Tj, stack=[]
DEBUG:root:nextobject: (4378, Tj)
DEBUG:root:do_keyword: pos=4381, token=ET, stack=[]
DEBUG:root:nextobject: (4381, ET)
DEBUG:root:do_keyword: pos=4384, token=BT, stack=[]
DEBUG:root:nextobject: (4384, BT)
DEBUG:root:nextobject: (4387, 311.9162)
DEBUG:root:nextobject: (4396, 607.2236)
DEBUG:root:do_keyword: pos=4405, token=Td, stack=[]
DEBUG:root:nextobject: (4405, Td)
DEBUG:root:nextobject: (4408, 'nobody;')
DEBUG:root:do_keyword: pos=4418, token=Tj, stack=[]
DEBUG:root:nextobject: (4418, Tj)
DEBUG:root:do_keyword: pos=4421, token=ET, stack=[]
DEBUG:root:nextobject: (4421, ET)
DEBUG:root:do_keyword: pos=4424, token=BT, stack=[]
DEBUG:root:nextobject: (4424, BT)
DEBUG:root:nextobject: (4427, 367.731)
DEBUG:root:nextobject: (4436, 607.2236)
DEBUG:root:do_keyword: pos=4445, token=Td, stack=[]
DEBUG:root:nextobject: (4445, Td)
DEBUG:root:nextobject: (4448, 'but')
DEBUG:root:do_keyword: pos=4454, token=Tj, stack=[]
DEBUG:root:nextobject: (4454, Tj)
DEBUG:root:do_keyword: pos=4457, token=ET, stack=[]
DEBUG:root:nextobject: (4457, ET)
DEBUG:root:do_keyword: pos=4460, token=BT, stack=[]
DEBUG:root:nextobject: (4460, BT)
DEBUG:root:nextobject: (4463, 393.2778)
DEBUG:root:nextobject: (4472, 607.2236)
DEBUG:root:do_keyword: pos=4481, token=Td, stack=[]
DEBUG:root:nextobject: (4481, Td)
DEBUG:root:nextobject: (4484, 'sometimes')
DEBUG:root:do_keyword: pos=4496, token=Tj, stack=[]
DEBUG:root:nextobject: (4496, Tj)
DEBUG:root:do_keyword: pos=4499, token=ET, stack=[]
DEBUG:root:nextobject: (4499, ET)
DEBUG:root:do_keyword: pos=4502, token=BT, stack=[]
DEBUG:root:nextobject: (4502, BT)
DEBUG:root:nextobject: (4505, 464.3666)
DEBUG:root:nextobject: (4514, 607.2236)
DEBUG:root:do_keyword: pos=4523, token=Td, stack=[]
DEBUG:root:nextobject: (4523, Td)
DEBUG:root:nextobject: (4526, 'he')
DEBUG:root:do_keyword: pos=4531, token=Tj, stack=[]
DEBUG:root:nextobject: (4531, Tj)
DEBUG:root:do_keyword: pos=4534, token=ET, stack=[]
DEBUG:root:nextobject: (4534, ET)
DEBUG:root:do_keyword: pos=4537, token=BT, stack=[]
DEBUG:root:nextobject: (4537, BT)
DEBUG:root:nextobject: (4540, 484.0194)
DEBUG:root:nextobject: (4549, 607.2236)
DEBUG:root:do_keyword: pos=4558, token=Td, stack=[]
DEBUG:root:nextobject: (4558, Td)
DEBUG:root:nextobject: (4561, 'would')
DEBUG:root:do_keyword: pos=4569, token=Tj, stack=[]
DEBUG:root:nextobject: (4569, Tj)
DEBUG:root:do_keyword: pos=4572, token=ET, stack=[]
DEBUG:root:nextobject: (4572, ET)
DEBUG:root:do_keyword: pos=4575, token=BT, stack=[]
DEBUG:root:nextobject: (4575, BT)
DEBUG:root:nextobject: (4578, 70.8661)
DEBUG:root:nextobject: (4586, 590.4236)
DEBUG:root:do_keyword: pos=4595, token=Td, stack=[]
DEBUG:root:nextobject: (4595, Td)
DEBUG:root:nextobject: (4598, 'call')
DEBUG:root:do_keyword: pos=4605, token=Tj, stack=[]
DEBUG:root:nextobject: (4605, Tj)
DEBUG:root:do_keyword: pos=4608, token=ET, stack=[]
DEBUG:root:nextobject: (4608, ET)
DEBUG:root:do_keyword: pos=4611, token=BT, stack=[]
DEBUG:root:nextobject: (4611, BT)
DEBUG:root:nextobject: (4614, 95.9993)
DEBUG:root:nextobject: (4622, 590.4236)
DEBUG:root:do_keyword: pos=4631, token=Td, stack=[]
DEBUG:root:nextobject: (4631, Td)
DEBUG:root:nextobject: (4634, 'for')
DEBUG:root:do_keyword: pos=4640, token=Tj, stack=[]
DEBUG:root:nextobject: (4640, Tj)
DEBUG:root:do_keyword: pos=4643, token=ET, stack=[]
DEBUG:root:nextobject: (4643, ET)
DEBUG:root:do_keyword: pos=4646, token=BT, stack=[]
DEBUG:root:nextobject: (4646, BT)
DEBUG:root:nextobject: (4649, 117.6045)
DEBUG:root:nextobject: (4658, 590.4236)
DEBUG:root:do_keyword: pos=4667, token=Td, stack=[]
DEBUG:root:nextobject: (4667, Td)
DEBUG:root:nextobject: (4670, 'glasses')
DEBUG:root:do_keyword: pos=4680, token=Tj, stack=[]
DEBUG:root:nextobject: (4680, Tj)
DEBUG:root:do_keyword: pos=4683, token=ET, stack=[]
DEBUG:root:nextobject: (4683, ET)
DEBUG:root:do_keyword: pos=4686, token=BT, stack=[]
DEBUG:root:nextobject: (4686, BT)
DEBUG:root:nextobject: (4689, 164.7457)
DEBUG:root:nextobject: (4698, 590.4236)
DEBUG:root:do_keyword: pos=4707, token=Td, stack=[]
DEBUG:root:nextobject: (4707, Td)
DEBUG:root:nextobject: (4710, 'round')
DEBUG:root:do_keyword: pos=4718, token=Tj, stack=[]
DEBUG:root:nextobject: (4718, Tj)
DEBUG:root:do_keyword: pos=4721, token=ET, stack=[]
DEBUG:root:nextobject: (4721, ET)
DEBUG:root:do_keyword: pos=4724, token=BT, stack=[]
DEBUG:root:nextobject: (4724, BT)
DEBUG:root:nextobject: (4727, 206.8329)
DEBUG:root:nextobject: (4736, 590.4236)
DEBUG:root:do_keyword: pos=4745, token=Td, stack=[]
DEBUG:root:nextobject: (4745, Td)
DEBUG:root:nextobject: (4748, 'and')
DEBUG:root:do_keyword: pos=4754, token=Tj, stack=[]
DEBUG:root:nextobject: (4754, Tj)
DEBUG:root:do_keyword: pos=4757, token=ET, stack=[]
DEBUG:root:nextobject: (4757, ET)
DEBUG:root:do_keyword: pos=4760, token=BT, stack=[]
DEBUG:root:nextobject: (4760, BT)
DEBUG:root:nextobject: (4763, 234.304)
DEBUG:root:nextobject: (4772, 590.4236)
DEBUG:root:do_keyword: pos=4781, token=Td, stack=[]
DEBUG:root:nextobject: (4781, Td)
DEBUG:root:nextobject: (4784, 'force')
DEBUG:root:do_keyword: pos=4792, token=Tj, stack=[]
DEBUG:root:nextobject: (4792, Tj)
DEBUG:root:do_keyword: pos=4795, token=ET, stack=[]
DEBUG:root:nextobject: (4795, ET)
DEBUG:root:do_keyword: pos=4798, token=BT, stack=[]
DEBUG:root:nextobject: (4798, BT)
DEBUG:root:nextobject: (4801, 268.8312)
DEBUG:root:nextobject: (4810, 590.4236)
DEBUG:root:do_keyword: pos=4819, token=Td, stack=[]
DEBUG:root:nextobject: (4819, Td)
DEBUG:root:nextobject: (4822, 'all')
DEBUG:root:do_keyword: pos=4828, token=Tj, stack=[]
DEBUG:root:nextobject: (4828, Tj)
DEBUG:root:do_keyword: pos=4831, token=ET, stack=[]
DEBUG:root:nextobject: (4831, ET)
DEBUG:root:do_keyword: pos=4834, token=BT, stack=[]
DEBUG:root:nextobject: (4834, BT)
DEBUG:root:nextobject: (4837, 287.7484)
DEBUG:root:nextobject: (4846, 590.4236)
DEBUG:root:do_keyword: pos=4855, token=Td, stack=[]
DEBUG:root:nextobject: (4855, Td)
DEBUG:root:nextobject: (4858, 'the')
DEBUG:root:do_keyword: pos=4864, token=Tj, stack=[]
DEBUG:root:nextobject: (4864, Tj)
DEBUG:root:do_keyword: pos=4867, token=ET, stack=[]
DEBUG:root:nextobject: (4867, ET)
DEBUG:root:do_keyword: pos=4870, token=BT, stack=[]
DEBUG:root:nextobject: (4870, BT)
DEBUG:root:nextobject: (4873, 310.9356)
DEBUG:root:nextobject: (4882, 590.4236)
DEBUG:root:do_keyword: pos=4891, token=Td, stack=[]
DEBUG:root:nextobject: (4891, Td)
DEBUG:root:nextobject: (4894, 'trembling')
DEBUG:root:do_keyword: pos=4906, token=Tj, stack=[]
DEBUG:root:nextobject: (4906, Tj)
DEBUG:root:do_keyword: pos=4909, token=ET, stack=[]
DEBUG:root:nextobject: (4909, ET)
DEBUG:root:do_keyword: pos=4912, token=BT, stack=[]
DEBUG:root:nextobject: (4912, BT)
DEBUG:root:nextobject: (4915, 375.6887)
DEBUG:root:nextobject: (4924, 590.4236)
DEBUG:root:do_keyword: pos=4933, token=Td, stack=[]
DEBUG:root:nextobject: (4933, Td)
DEBUG:root:nextobject: (4936, 'company')
DEBUG:root:do_keyword: pos=4946, token=Tj, stack=[]
DEBUG:root:nextobject: (4946, Tj)
DEBUG:root:do_keyword: pos=4949, token=ET, stack=[]
DEBUG:root:nextobject: (4949, ET)
DEBUG:root:do_keyword: pos=4952, token=BT, stack=[]
DEBUG:root:nextobject: (4952, BT)
DEBUG:root:nextobject: (4955, 437.0259)
DEBUG:root:nextobject: (4964, 590.4236)
DEBUG:root:do_keyword: pos=4973, token=Td, stack=[]
DEBUG:root:nextobject: (4973, Td)
DEBUG:root:nextobject: (4976, 'to')
DEBUG:root:do_keyword: pos=4981, token=Tj, stack=[]
DEBUG:root:nextobject: (4981, Tj)
DEBUG:root:do_keyword: pos=4984, token=ET, stack=[]
DEBUG:root:nextobject: (4984, ET)
DEBUG:root:do_keyword: pos=4987, token=BT, stack=[]
DEBUG:root:nextobject: (4987, BT)
DEBUG:root:nextobject: (4990, 453.0031)
DEBUG:root:nextobject: (4999, 590.4236)
DEBUG:root:do_keyword: pos=5008, token=Td, stack=[]
DEBUG:root:nextobject: (5008, Td)
DEBUG:root:nextobject: (5011, 'listen')
DEBUG:root:do_keyword: pos=5020, token=Tj, stack=[]
DEBUG:root:nextobject: (5020, Tj)
DEBUG:root:do_keyword: pos=5023, token=ET, stack=[]
DEBUG:root:nextobject: (5023, ET)
DEBUG:root:do_keyword: pos=5026, token=BT, stack=[]
DEBUG:root:nextobject: (5026, BT)
DEBUG:root:nextobject: (5029, 490.2743)
DEBUG:root:nextobject: (5038, 590.4236)
DEBUG:root:do_keyword: pos=5047, token=Td, stack=[]
DEBUG:root:nextobject: (5047, Td)
DEBUG:root:nextobject: (5050, 'to')
DEBUG:root:do_keyword: pos=5055, token=Tj, stack=[]
DEBUG:root:nextobject: (5055, Tj)
DEBUG:root:do_keyword: pos=5058, token=ET, stack=[]
DEBUG:root:nextobject: (5058, ET)
DEBUG:root:do_keyword: pos=5061, token=BT, stack=[]
DEBUG:root:nextobject: (5061, BT)
DEBUG:root:nextobject: (5064, 506.2514)
DEBUG:root:nextobject: (5073, 590.4236)
DEBUG:root:do_keyword: pos=5082, token=Td, stack=[]
DEBUG:root:nextobject: (5082, Td)
DEBUG:root:nextobject: (5085, 'his')
DEBUG:root:do_keyword: pos=5091, token=Tj, stack=[]
DEBUG:root:nextobject: (5091, Tj)
DEBUG:root:do_keyword: pos=5094, token=ET, stack=[]
DEBUG:root:nextobject: (5094, ET)
DEBUG:root:do_keyword: pos=5097, token=BT, stack=[]
DEBUG:root:nextobject: (5097, BT)
DEBUG:root:nextobject: (5100, 70.8661)
DEBUG:root:nextobject: (5108, 573.6236)
DEBUG:root:do_keyword: pos=5117, token=Td, stack=[]
DEBUG:root:nextobject: (5117, Td)
DEBUG:root:nextobject: (5120, 'stories')
DEBUG:root:do_keyword: pos=5130, token=Tj, stack=[]
DEBUG:root:nextobject: (5130, Tj)
DEBUG:root:do_keyword: pos=5133, token=ET, stack=[]
DEBUG:root:nextobject: (5133, ET)
DEBUG:root:do_keyword: pos=5136, token=BT, stack=[]
DEBUG:root:nextobject: (5136, BT)
DEBUG:root:nextobject: (5139, 117.6002)
DEBUG:root:nextobject: (5148, 573.6236)
DEBUG:root:do_keyword: pos=5157, token=Td, stack=[]
DEBUG:root:nextobject: (5157, Td)
DEBUG:root:nextobject: (5160, 'or')
DEBUG:root:do_keyword: pos=5165, token=Tj, stack=[]
DEBUG:root:nextobject: (5165, Tj)
DEBUG:root:do_keyword: pos=5168, token=ET, stack=[]
DEBUG:root:nextobject: (5168, ET)
DEBUG:root:do_keyword: pos=5171, token=BT, stack=[]
DEBUG:root:nextobject: (5171, BT)
DEBUG:root:nextobject: (5174, 137.1183)
DEBUG:root:nextobject: (5183, 573.6236)
DEBUG:root:do_keyword: pos=5192, token=Td, stack=[]
DEBUG:root:nextobject: (5192, Td)
DEBUG:root:nextobject: (5195, 'bear')
DEBUG:root:do_keyword: pos=5202, token=Tj, stack=[]
DEBUG:root:nextobject: (5202, Tj)
DEBUG:root:do_keyword: pos=5205, token=ET, stack=[]
DEBUG:root:nextobject: (5205, ET)
DEBUG:root:do_keyword: pos=5208, token=BT, stack=[]
DEBUG:root:nextobject: (5208, BT)
DEBUG:root:nextobject: (5211, 170.4404)
DEBUG:root:nextobject: (5220, 573.6236)
DEBUG:root:do_keyword: pos=5229, token=Td, stack=[]
DEBUG:root:nextobject: (5229, Td)
DEBUG:root:nextobject: (5232, 'a')
DEBUG:root:do_keyword: pos=5236, token=Tj, stack=[]
DEBUG:root:nextobject: (5236, Tj)
DEBUG:root:do_keyword: pos=5239, token=ET, stack=[]
DEBUG:root:nextobject: (5239, ET)
DEBUG:root:do_keyword: pos=5242, token=BT, stack=[]
DEBUG:root:nextobject: (5242, BT)
DEBUG:root:nextobject: (5245, 183.7845)
DEBUG:root:nextobject: (5254, 573.6236)
DEBUG:root:do_keyword: pos=5263, token=Td, stack=[]
DEBUG:root:nextobject: (5263, Td)
DEBUG:root:nextobject: (5266, 'chorus')
DEBUG:root:do_keyword: pos=5275, token=Tj, stack=[]
DEBUG:root:nextobject: (5275, Tj)
DEBUG:root:do_keyword: pos=5278, token=ET, stack=[]
DEBUG:root:nextobject: (5278, ET)
DEBUG:root:do_keyword: pos=5281, token=BT, stack=[]
DEBUG:root:nextobject: (5281, BT)
DEBUG:root:nextobject: (5284, 232.0446)
DEBUG:root:nextobject: (5293, 573.6236)
DEBUG:root:do_keyword: pos=5302, token=Td, stack=[]
DEBUG:root:nextobject: (5302, Td)
DEBUG:root:nextobject: (5305, 'to')
DEBUG:root:do_keyword: pos=5310, token=Tj, stack=[]
DEBUG:root:nextobject: (5310, Tj)
DEBUG:root:do_keyword: pos=5313, token=ET, stack=[]
DEBUG:root:nextobject: (5313, ET)
DEBUG:root:do_keyword: pos=5316, token=BT, stack=[]
DEBUG:root:nextobject: (5316, BT)
DEBUG:root:nextobject: (5319, 250.5967)
DEBUG:root:nextobject: (5328, 573.6236)
DEBUG:root:do_keyword: pos=5337, token=Td, stack=[]
DEBUG:root:nextobject: (5337, Td)
DEBUG:root:nextobject: (5340, 'his')
DEBUG:root:do_keyword: pos=5346, token=Tj, stack=[]
DEBUG:root:nextobject: (5346, Tj)
DEBUG:root:do_keyword: pos=5349, token=ET, stack=[]
DEBUG:root:nextobject: (5349, ET)
DEBUG:root:do_keyword: pos=5352, token=BT, stack=[]
DEBUG:root:nextobject: (5352, BT)
DEBUG:root:nextobject: (5355, 275.0988)
DEBUG:root:nextobject: (5364, 573.6236)
DEBUG:root:do_keyword: pos=5373, token=Td, stack=[]
DEBUG:root:nextobject: (5373, Td)
DEBUG:root:nextobject: (5376, 'singing.')
DEBUG:root:do_keyword: pos=5387, token=Tj, stack=[]
DEBUG:root:nextobject: (5387, Tj)
DEBUG:root:do_keyword: pos=5390, token=ET, stack=[]
DEBUG:root:nextobject: (5390, ET)
DEBUG:root:do_keyword: pos=5393, token=BT, stack=[]
DEBUG:root:nextobject: (5393, BT)
DEBUG:root:nextobject: (5396, 330.8909)
DEBUG:root:nextobject: (5405, 573.6236)
DEBUG:root:do_keyword: pos=5414, token=Td, stack=[]
DEBUG:root:nextobject: (5414, Td)
DEBUG:root:nextobject: (5417, 'Often')
DEBUG:root:do_keyword: pos=5425, token=Tj, stack=[]
DEBUG:root:nextobject: (5425, Tj)
DEBUG:root:do_keyword: pos=5428, token=ET, stack=[]
DEBUG:root:nextobject: (5428, ET)
DEBUG:root:do_keyword: pos=5431, token=BT, stack=[]
DEBUG:root:nextobject: (5431, BT)
DEBUG:root:nextobject: (5434, 372.319)
DEBUG:root:nextobject: (5443, 573.6236)
DEBUG:root:do_keyword: pos=5452, token=Td, stack=[]
DEBUG:root:nextobject: (5452, Td)
DEBUG:root:nextobject: (5455, 'I')
DEBUG:root:do_keyword: pos=5459, token=Tj, stack=[]
DEBUG:root:nextobject: (5459, Tj)
DEBUG:root:do_keyword: pos=5462, token=ET, stack=[]
DEBUG:root:nextobject: (5462, ET)
DEBUG:root:do_keyword: pos=5465, token=BT, stack=[]
DEBUG:root:nextobject: (5465, BT)
DEBUG:root:nextobject: (5468, 383.3811)
DEBUG:root:nextobject: (5477, 573.6236)
DEBUG:root:do_keyword: pos=5486, token=Td, stack=[]
DEBUG:root:nextobject: (5486, Td)
DEBUG:root:nextobject: (5489, 'have')
DEBUG:root:do_keyword: pos=5496, token=Tj, stack=[]
DEBUG:root:nextobject: (5496, Tj)
DEBUG:root:do_keyword: pos=5499, token=ET, stack=[]
DEBUG:root:nextobject: (5499, ET)
DEBUG:root:do_keyword: pos=5502, token=BT, stack=[]
DEBUG:root:nextobject: (5502, BT)
DEBUG:root:nextobject: (5505, 419.4892)
DEBUG:root:nextobject: (5514, 573.6236)
DEBUG:root:do_keyword: pos=5523, token=Td, stack=[]
DEBUG:root:nextobject: (5523, Td)
DEBUG:root:nextobject: (5526, 'heard')
DEBUG:root:do_keyword: pos=5534, token=Tj, stack=[]
DEBUG:root:nextobject: (5534, Tj)
DEBUG:root:do_keyword: pos=5537, token=ET, stack=[]
DEBUG:root:nextobject: (5537, ET)
DEBUG:root:do_keyword: pos=5540, token=BT, stack=[]
DEBUG:root:nextobject: (5540, BT)
DEBUG:root:nextobject: (5543, 461.7713)
DEBUG:root:nextobject: (5552, 573.6236)
DEBUG:root:do_keyword: pos=5561, token=Td, stack=[]
DEBUG:root:nextobject: (5561, Td)
DEBUG:root:nextobject: (5564, 'the')
DEBUG:root:do_keyword: pos=5570, token=Tj, stack=[]
DEBUG:root:nextobject: (5570, Tj)
DEBUG:root:do_keyword: pos=5573, token=ET, stack=[]
DEBUG:root:nextobject: (5573, ET)
DEBUG:root:do_keyword: pos=5576, token=BT, stack=[]
DEBUG:root:nextobject: (5576, BT)
DEBUG:root:nextobject: (5579, 487.5334)
DEBUG:root:nextobject: (5588, 573.6236)
DEBUG:root:do_keyword: pos=5597, token=Td, stack=[]
DEBUG:root:nextobject: (5597, Td)
DEBUG:root:nextobject: (5600, 'house')
DEBUG:root:do_keyword: pos=5608, token=Tj, stack=[]
DEBUG:root:nextobject: (5608, Tj)
DEBUG:root:do_keyword: pos=5611, token=ET, stack=[]
DEBUG:root:nextobject: (5611, ET)
DEBUG:root:do_keyword: pos=5614, token=BT, stack=[]
DEBUG:root:nextobject: (5614, BT)
DEBUG:root:nextobject: (5617, 70.8661)
DEBUG:root:nextobject: (5625, 556.8236)
DEBUG:root:do_keyword: pos=5634, token=Td, stack=[]
DEBUG:root:nextobject: (5634, Td)
DEBUG:root:nextobject: (5637, 'shaking')
DEBUG:root:do_keyword: pos=5647, token=Tj, stack=[]
DEBUG:root:nextobject: (5647, Tj)
DEBUG:root:do_keyword: pos=5650, token=ET, stack=[]
DEBUG:root:nextobject: (5650, ET)
DEBUG:root:do_keyword: pos=5653, token=BT, stack=[]
DEBUG:root:nextobject: (5653, BT)
DEBUG:root:nextobject: (5656, 124.1424)
DEBUG:root:nextobject: (5665, 556.8236)
DEBUG:root:do_keyword: pos=5674, token=Td, stack=[]
DEBUG:root:nextobject: (5674, Td)
DEBUG:root:nextobject: (5677, 'with')
DEBUG:root:do_keyword: pos=5684, token=Tj, stack=[]
DEBUG:root:nextobject: (5684, Tj)
DEBUG:root:do_keyword: pos=5687, token=ET, stack=[]
DEBUG:root:nextobject: (5687, ET)
DEBUG:root:do_keyword: pos=5690, token=BT, stack=[]
DEBUG:root:nextobject: (5690, BT)
DEBUG:root:nextobject: (5693, 157.0067)
DEBUG:root:nextobject: (5702, 556.8236)
DEBUG:root:do_keyword: pos=5711, token=Td, stack=[]
DEBUG:root:nextobject: (5711, Td)
DEBUG:root:nextobject: (5714, '"Yo-ho-ho,')
DEBUG:root:do_keyword: pos=5727, token=Tj, stack=[]
DEBUG:root:nextobject: (5727, Tj)
DEBUG:root:do_keyword: pos=5730, token=ET, stack=[]
DEBUG:root:nextobject: (5730, ET)
DEBUG:root:do_keyword: pos=5733, token=BT, stack=[]
DEBUG:root:nextobject: (5733, BT)
DEBUG:root:nextobject: (5736, 227.993)
DEBUG:root:nextobject: (5745, 556.8236)
DEBUG:root:do_keyword: pos=5754, token=Td, stack=[]
DEBUG:root:nextobject: (5754, Td)
DEBUG:root:nextobject: (5757, 'and')
DEBUG:root:do_keyword: pos=5763, token=Tj, stack=[]
DEBUG:root:nextobject: (5763, Tj)
DEBUG:root:do_keyword: pos=5766, token=ET, stack=[]
DEBUG:root:nextobject: (5766, ET)
DEBUG:root:do_keyword: pos=5769, token=BT, stack=[]
DEBUG:root:nextobject: (5769, BT)
DEBUG:root:nextobject: (5772, 256.0973)
DEBUG:root:nextobject: (5781, 556.8236)
DEBUG:root:do_keyword: pos=5790, token=Td, stack=[]
DEBUG:root:nextobject: (5790, Td)
DEBUG:root:nextobject: (5793, 'a')
DEBUG:root:do_keyword: pos=5797, token=Tj, stack=[]
DEBUG:root:nextobject: (5797, Tj)
DEBUG:root:do_keyword: pos=5800, token=ET, stack=[]
DEBUG:root:nextobject: (5800, ET)
DEBUG:root:do_keyword: pos=5803, token=BT, stack=[]
DEBUG:root:nextobject: (5803, BT)
DEBUG:root:nextobject: (5806, 267.4996)
DEBUG:root:nextobject: (5815, 556.8236)
DEBUG:root:do_keyword: pos=5824, token=Td, stack=[]
DEBUG:root:nextobject: (5824, Td)
DEBUG:root:nextobject: (5827, 'bottle')
DEBUG:root:do_keyword: pos=5836, token=Tj, stack=[]
DEBUG:root:nextobject: (5836, Tj)
DEBUG:root:do_keyword: pos=5839, token=ET, stack=[]
DEBUG:root:nextobject: (5839, ET)
DEBUG:root:do_keyword: pos=5842, token=BT, stack=[]
DEBUG:root:nextobject: (5842, BT)
DEBUG:root:nextobject: (5845, 307.1959)
DEBUG:root:nextobject: (5854, 556.8236)
DEBUG:root:do_keyword: pos=5863, token=Td, stack=[]
DEBUG:root:nextobject: (5863, Td)
DEBUG:root:nextobject: (5866, 'of')
DEBUG:root:do_keyword: pos=5871, token=Tj, stack=[]
DEBUG:root:nextobject: (5871, Tj)
DEBUG:root:do_keyword: pos=5874, token=ET, stack=[]
DEBUG:root:nextobject: (5874, ET)
DEBUG:root:do_keyword: pos=5877, token=BT, stack=[]
DEBUG:root:nextobject: (5877, BT)
DEBUG:root:nextobject: (5880, 323.9042)
DEBUG:root:nextobject: (5889, 556.8236)
DEBUG:root:do_keyword: pos=5898, token=Td, stack=[]
DEBUG:root:nextobject: (5898, Td)
DEBUG:root:nextobject: (5901, 'rum,"')
DEBUG:root:do_keyword: pos=5909, token=Tj, stack=[]
DEBUG:root:nextobject: (5909, Tj)
DEBUG:root:do_keyword: pos=5912, token=ET, stack=[]
DEBUG:root:nextobject: (5912, ET)
DEBUG:root:do_keyword: pos=5915, token=BT, stack=[]
DEBUG:root:nextobject: (5915, BT)
DEBUG:root:nextobject: (5918, 363.3345)
DEBUG:root:nextobject: (5927, 556.8236)
DEBUG:root:do_keyword: pos=5936, token=Td, stack=[]
DEBUG:root:nextobject: (5936, Td)
DEBUG:root:nextobject: (5939, 'all')
DEBUG:root:do_keyword: pos=5945, token=Tj, stack=[]
DEBUG:root:nextobject: (5945, Tj)
DEBUG:root:do_keyword: pos=5948, token=ET, stack=[]
DEBUG:root:nextobject: (5948, ET)
DEBUG:root:do_keyword: pos=5951, token=BT, stack=[]
DEBUG:root:nextobject: (5951, BT)
DEBUG:root:nextobject: (5954, 382.8848)
DEBUG:root:nextobject: (5963, 556.8236)
DEBUG:root:do_keyword: pos=5972, token=Td, stack=[]
DEBUG:root:nextobject: (5972, Td)
DEBUG:root:nextobject: (5975, 'the')
DEBUG:root:do_keyword: pos=5981, token=Tj, stack=[]
DEBUG:root:nextobject: (5981, Tj)
DEBUG:root:do_keyword: pos=5984, token=ET, stack=[]
DEBUG:root:nextobject: (5984, ET)
DEBUG:root:do_keyword: pos=5987, token=BT, stack=[]
DEBUG:root:nextobject: (5987, BT)
DEBUG:root:nextobject: (5990, 406.7051)
DEBUG:root:nextobject: (5999, 556.8236)
DEBUG:root:do_keyword: pos=6008, token=Td, stack=[]
DEBUG:root:nextobject: (6008, Td)
DEBUG:root:nextobject: (6011, 'neighbours')
DEBUG:root:do_keyword: pos=6024, token=Tj, stack=[]
DEBUG:root:nextobject: (6024, Tj)
DEBUG:root:do_keyword: pos=6027, token=ET, stack=[]
DEBUG:root:nextobject: (6027, ET)
DEBUG:root:do_keyword: pos=6030, token=BT, stack=[]
DEBUG:root:nextobject: (6030, BT)
DEBUG:root:nextobject: (6033, 481.2614)
DEBUG:root:nextobject: (6042, 556.8236)
DEBUG:root:do_keyword: pos=6051, token=Td, stack=[]
DEBUG:root:nextobject: (6051, Td)
DEBUG:root:nextobject: (6054, 'joining')
DEBUG:root:do_keyword: pos=6064, token=Tj, stack=[]
DEBUG:root:nextobject: (6064, Tj)
DEBUG:root:do_keyword: pos=6067, token=ET, stack=[]
DEBUG:root:nextobject: (6067, ET)
DEBUG:root:do_keyword: pos=6070, token=BT, stack=[]
DEBUG:root:nextobject: (6070, BT)
DEBUG:root:nextobject: (6073, 70.8661)
DEBUG:root:nextobject: (6081, 540.0236)
DEBUG:root:do_keyword: pos=6090, token=Td, stack=[]
DEBUG:root:nextobject: (6090, Td)
DEBUG:root:nextobject: (6093, 'in')
DEBUG:root:do_keyword: pos=6098, token=Tj, stack=[]
DEBUG:root:nextobject: (6098, Tj)
DEBUG:root:do_keyword: pos=6101, token=ET, stack=[]
DEBUG:root:nextobject: (6101, ET)
DEBUG:root:do_keyword: pos=6104, token=BT, stack=[]
DEBUG:root:nextobject: (6104, BT)
DEBUG:root:nextobject: (6107, 89.8555)
DEBUG:root:nextobject: (6115, 540.0236)
DEBUG:root:do_keyword: pos=6124, token=Td, stack=[]
DEBUG:root:nextobject: (6124, Td)
DEBUG:root:nextobject: (6127, 'for')
DEBUG:root:do_keyword: pos=6133, token=Tj, stack=[]
DEBUG:root:nextobject: (6133, Tj)
DEBUG:root:do_keyword: pos=6136, token=ET, stack=[]
DEBUG:root:nextobject: (6136, ET)
DEBUG:root:do_keyword: pos=6139, token=BT, stack=[]
DEBUG:root:nextobject: (6139, BT)
DEBUG:root:nextobject: (6142, 114.4588)
DEBUG:root:nextobject: (6151, 540.0236)
DEBUG:root:do_keyword: pos=6160, token=Td, stack=[]
DEBUG:root:nextobject: (6160, Td)
DEBUG:root:nextobject: (6163, 'dear')
DEBUG:root:do_keyword: pos=6170, token=Tj, stack=[]
DEBUG:root:nextobject: (6170, Tj)
DEBUG:root:do_keyword: pos=6173, token=ET, stack=[]
DEBUG:root:nextobject: (6173, ET)
DEBUG:root:do_keyword: pos=6176, token=BT, stack=[]
DEBUG:root:nextobject: (6176, BT)
DEBUG:root:nextobject: (6179, 149.0161)
DEBUG:root:nextobject: (6188, 540.0236)
DEBUG:root:do_keyword: pos=6197, token=Td, stack=[]
DEBUG:root:nextobject: (6197, Td)
DEBUG:root:nextobject: (6200, 'life,')
DEBUG:root:do_keyword: pos=6208, token=Tj, stack=[]
DEBUG:root:nextobject: (6208, Tj)
DEBUG:root:do_keyword: pos=6211, token=ET, stack=[]
DEBUG:root:nextobject: (6211, ET)
DEBUG:root:do_keyword: pos=6214, token=BT, stack=[]
DEBUG:root:nextobject: (6214, BT)
DEBUG:root:nextobject: (6217, 178.7995)
DEBUG:root:nextobject: (6226, 540.0236)
DEBUG:root:do_keyword: pos=6235, token=Td, stack=[]
DEBUG:root:nextobject: (6235, Td)
DEBUG:root:nextobject: (6238, 'with')
DEBUG:root:do_keyword: pos=6245, token=Tj, stack=[]
DEBUG:root:nextobject: (6245, Tj)
DEBUG:root:do_keyword: pos=6248, token=ET, stack=[]
DEBUG:root:nextobject: (6248, ET)
DEBUG:root:do_keyword: pos=6251, token=BT, stack=[]
DEBUG:root:nextobject: (6251, BT)
DEBUG:root:nextobject: (6254, 214.0288)
DEBUG:root:nextobject: (6263, 540.0236)
DEBUG:root:do_keyword: pos=6272, token=Td, stack=[]
DEBUG:root:nextobject: (6272, Td)
DEBUG:root:nextobject: (6275, 'the')
DEBUG:root:do_keyword: pos=6281, token=Tj, stack=[]
DEBUG:root:nextobject: (6281, Tj)
DEBUG:root:do_keyword: pos=6284, token=ET, stack=[]
DEBUG:root:nextobject: (6284, ET)
DEBUG:root:do_keyword: pos=6287, token=BT, stack=[]
DEBUG:root:nextobject: (6287, BT)
DEBUG:root:nextobject: (6290, 240.2141)
DEBUG:root:nextobject: (6299, 540.0236)
DEBUG:root:do_keyword: pos=6308, token=Td, stack=[]
DEBUG:root:nextobject: (6308, Td)
DEBUG:root:nextobject: (6311, 'fear')
DEBUG:root:do_keyword: pos=6318, token=Tj, stack=[]
DEBUG:root:nextobject: (6318, Tj)
DEBUG:root:do_keyword: pos=6321, token=ET, stack=[]
DEBUG:root:nextobject: (6321, ET)
DEBUG:root:do_keyword: pos=6324, token=BT, stack=[]
DEBUG:root:nextobject: (6324, BT)
DEBUG:root:nextobject: (6327, 270.8795)
DEBUG:root:nextobject: (6336, 540.0236)
DEBUG:root:do_keyword: pos=6345, token=Td, stack=[]
DEBUG:root:nextobject: (6345, Td)
DEBUG:root:nextobject: (6348, 'of')
DEBUG:root:do_keyword: pos=6353, token=Tj, stack=[]
DEBUG:root:nextobject: (6353, Tj)
DEBUG:root:do_keyword: pos=6356, token=ET, stack=[]
DEBUG:root:nextobject: (6356, ET)
DEBUG:root:do_keyword: pos=6359, token=BT, stack=[]
DEBUG:root:nextobject: (6359, BT)
DEBUG:root:nextobject: (6362, 289.9528)
DEBUG:root:nextobject: (6371, 540.0236)
DEBUG:root:do_keyword: pos=6380, token=Td, stack=[]
DEBUG:root:nextobject: (6380, Td)
DEBUG:root:nextobject: (6383, 'death')
DEBUG:root:do_keyword: pos=6391, token=Tj, stack=[]
DEBUG:root:nextobject: (6391, Tj)
DEBUG:root:do_keyword: pos=6394, token=ET, stack=[]
DEBUG:root:nextobject: (6394, ET)
DEBUG:root:do_keyword: pos=6397, token=BT, stack=[]
DEBUG:root:nextobject: (6397, BT)
DEBUG:root:nextobject: (6400, 331.6921)
DEBUG:root:nextobject: (6409, 540.0236)
DEBUG:root:do_keyword: pos=6418, token=Td, stack=[]
DEBUG:root:nextobject: (6418, Td)
DEBUG:root:nextobject: (6421, 'upon')
DEBUG:root:do_keyword: pos=6428, token=Tj, stack=[]
DEBUG:root:nextobject: (6428, Tj)
DEBUG:root:do_keyword: pos=6431, token=ET, stack=[]
DEBUG:root:nextobject: (6431, ET)
DEBUG:root:do_keyword: pos=6434, token=BT, stack=[]
DEBUG:root:nextobject: (6434, BT)
DEBUG:root:nextobject: (6437, 371.1075)
DEBUG:root:nextobject: (6446, 540.0236)
DEBUG:root:do_keyword: pos=6455, token=Td, stack=[]
DEBUG:root:nextobject: (6455, Td)
DEBUG:root:nextobject: (6458, 'them,')
DEBUG:root:do_keyword: pos=6466, token=Tj, stack=[]
DEBUG:root:nextobject: (6466, Tj)
DEBUG:root:do_keyword: pos=6469, token=ET, stack=[]
DEBUG:root:nextobject: (6469, ET)
DEBUG:root:do_keyword: pos=6472, token=BT, stack=[]
DEBUG:root:nextobject: (6472, BT)
DEBUG:root:nextobject: (6475, 413.1548)
DEBUG:root:nextobject: (6484, 540.0236)
DEBUG:root:do_keyword: pos=6493, token=Td, stack=[]
DEBUG:root:nextobject: (6493, Td)
DEBUG:root:nextobject: (6496, 'and')
DEBUG:root:do_keyword: pos=6502, token=Tj, stack=[]
DEBUG:root:nextobject: (6502, Tj)
DEBUG:root:do_keyword: pos=6505, token=ET, stack=[]
DEBUG:root:nextobject: (6505, ET)
DEBUG:root:do_keyword: pos=6508, token=BT, stack=[]
DEBUG:root:nextobject: (6508, BT)
DEBUG:root:nextobject: (6511, 443.6241)
DEBUG:root:nextobject: (6520, 540.0236)
DEBUG:root:do_keyword: pos=6529, token=Td, stack=[]
DEBUG:root:nextobject: (6529, Td)
DEBUG:root:nextobject: (6532, 'each')
DEBUG:root:do_keyword: pos=6539, token=Tj, stack=[]
DEBUG:root:nextobject: (6539, Tj)
DEBUG:root:do_keyword: pos=6542, token=ET, stack=[]
DEBUG:root:nextobject: (6542, ET)
DEBUG:root:do_keyword: pos=6545, token=BT, stack=[]
DEBUG:root:nextobject: (6545, BT)
DEBUG:root:nextobject: (6548, 478.4614)
DEBUG:root:nextobject: (6557, 540.0236)
DEBUG:root:do_keyword: pos=6566, token=Td, stack=[]
DEBUG:root:nextobject: (6566, Td)
DEBUG:root:nextobject: (6569, 'singing')
DEBUG:root:do_keyword: pos=6579, token=Tj, stack=[]
DEBUG:root:nextobject: (6579, Tj)
DEBUG:root:do_keyword: pos=6582, token=ET, stack=[]
DEBUG:root:nextobject: (6582, ET)
DEBUG:root:do_keyword: pos=6585, token=BT, stack=[]
DEBUG:root:nextobject: (6585, BT)
DEBUG:root:nextobject: (6588, 70.8661)
DEBUG:root:nextobject: (6596, 523.2236)
DEBUG:root:do_keyword: pos=6605, token=Td, stack=[]
DEBUG:root:nextobject: (6605, Td)
DEBUG:root:nextobject: (6608, 'louder')
DEBUG:root:do_keyword: pos=6617, token=Tj, stack=[]
DEBUG:root:nextobject: (6617, Tj)
DEBUG:root:do_keyword: pos=6620, token=ET, stack=[]
DEBUG:root:nextobject: (6620, ET)
DEBUG:root:do_keyword: pos=6623, token=BT, stack=[]
DEBUG:root:nextobject: (6623, BT)
DEBUG:root:nextobject: (6626, 116.3201)
DEBUG:root:nextobject: (6635, 523.2236)
DEBUG:root:do_keyword: pos=6644, token=Td, stack=[]
DEBUG:root:nextobject: (6644, Td)
DEBUG:root:nextobject: (6647, 'than')
DEBUG:root:do_keyword: pos=6654, token=Tj, stack=[]
DEBUG:root:nextobject: (6654, Tj)
DEBUG:root:do_keyword: pos=6657, token=ET, stack=[]
DEBUG:root:nextobject: (6657, ET)
DEBUG:root:do_keyword: pos=6660, token=BT, stack=[]
DEBUG:root:nextobject: (6660, BT)
DEBUG:root:nextobject: (6663, 148.684)
DEBUG:root:nextobject: (6672, 523.2236)
DEBUG:root:do_keyword: pos=6681, token=Td, stack=[]
DEBUG:root:nextobject: (6681, Td)
DEBUG:root:nextobject: (6684, 'the')
DEBUG:root:do_keyword: pos=6690, token=Tj, stack=[]
DEBUG:root:nextobject: (6690, Tj)
DEBUG:root:do_keyword: pos=6693, token=ET, stack=[]
DEBUG:root:nextobject: (6693, ET)
DEBUG:root:do_keyword: pos=6696, token=BT, stack=[]
DEBUG:root:nextobject: (6696, BT)
DEBUG:root:nextobject: (6699, 172.606)
DEBUG:root:nextobject: (6708, 523.2236)
DEBUG:root:do_keyword: pos=6717, token=Td, stack=[]
DEBUG:root:nextobject: (6717, Td)
DEBUG:root:nextobject: (6720, 'other')
DEBUG:root:do_keyword: pos=6728, token=Tj, stack=[]
DEBUG:root:nextobject: (6728, Tj)
DEBUG:root:do_keyword: pos=6731, token=ET, stack=[]
DEBUG:root:nextobject: (6731, ET)
DEBUG:root:do_keyword: pos=6734, token=BT, stack=[]
DEBUG:root:nextobject: (6734, BT)
DEBUG:root:nextobject: (6737, 209.7019)
DEBUG:root:nextobject: (6746, 523.2236)
DEBUG:root:do_keyword: pos=6755, token=Td, stack=[]
DEBUG:root:nextobject: (6755, Td)
DEBUG:root:nextobject: (6758, 'to')
DEBUG:root:do_keyword: pos=6763, token=Tj, stack=[]
DEBUG:root:nextobject: (6763, Tj)
DEBUG:root:do_keyword: pos=6766, token=ET, stack=[]
DEBUG:root:nextobject: (6766, ET)
DEBUG:root:do_keyword: pos=6769, token=BT, stack=[]
DEBUG:root:nextobject: (6769, BT)
DEBUG:root:nextobject: (6772, 226.4139)
DEBUG:root:nextobject: (6781, 523.2236)
DEBUG:root:do_keyword: pos=6790, token=Td, stack=[]
DEBUG:root:nextobject: (6790, Td)
DEBUG:root:nextobject: (6793, 'avoid')
DEBUG:root:do_keyword: pos=6801, token=Tj, stack=[]
DEBUG:root:nextobject: (6801, Tj)
DEBUG:root:do_keyword: pos=6804, token=ET, stack=[]
DEBUG:root:nextobject: (6804, ET)
DEBUG:root:do_keyword: pos=6807, token=BT, stack=[]
DEBUG:root:nextobject: (6807, BT)
DEBUG:root:nextobject: (6810, 266.0998)
DEBUG:root:nextobject: (6819, 523.2236)
DEBUG:root:do_keyword: pos=6828, token=Td, stack=[]
DEBUG:root:nextobject: (6828, Td)
DEBUG:root:nextobject: (6831, 'remark.')
DEBUG:root:do_keyword: pos=6841, token=Tj, stack=[]
DEBUG:root:nextobject: (6841, Tj)
DEBUG:root:do_keyword: pos=6844, token=ET, stack=[]
DEBUG:root:nextobject: (6844, ET)
DEBUG:root:do_keyword: pos=6847, token=BT, stack=[]
DEBUG:root:nextobject: (6847, BT)
DEBUG:root:nextobject: (6850, 319.0158)
DEBUG:root:nextobject: (6859, 523.2236)
DEBUG:root:do_keyword: pos=6868, token=Td, stack=[]
DEBUG:root:nextobject: (6868, Td)
DEBUG:root:nextobject: (6871, 'For')
DEBUG:root:do_keyword: pos=6877, token=Tj, stack=[]
DEBUG:root:nextobject: (6877, Tj)
DEBUG:root:do_keyword: pos=6880, token=ET, stack=[]
DEBUG:root:nextobject: (6880, ET)
DEBUG:root:do_keyword: pos=6883, token=BT, stack=[]
DEBUG:root:nextobject: (6883, BT)
DEBUG:root:nextobject: (6886, 344.4777)
DEBUG:root:nextobject: (6895, 523.2236)
DEBUG:root:do_keyword: pos=6904, token=Td, stack=[]
DEBUG:root:nextobject: (6904, Td)
DEBUG:root:nextobject: (6907, 'in')
DEBUG:root:do_keyword: pos=6912, token=Tj, stack=[]
DEBUG:root:nextobject: (6912, Tj)
DEBUG:root:do_keyword: pos=6915, token=ET, stack=[]
DEBUG:root:nextobject: (6915, ET)
DEBUG:root:do_keyword: pos=6918, token=BT, stack=[]
DEBUG:root:nextobject: (6918, BT)
DEBUG:root:nextobject: (6921, 361.2037)
DEBUG:root:nextobject: (6930, 523.2236)
DEBUG:root:do_keyword: pos=6939, token=Td, stack=[]
DEBUG:root:nextobject: (6939, Td)
DEBUG:root:nextobject: (6942, 'these')
DEBUG:root:do_keyword: pos=6950, token=Tj, stack=[]
DEBUG:root:nextobject: (6950, Tj)
DEBUG:root:do_keyword: pos=6953, token=ET, stack=[]
DEBUG:root:nextobject: (6953, ET)
DEBUG:root:do_keyword: pos=6956, token=BT, stack=[]
DEBUG:root:nextobject: (6956, BT)
DEBUG:root:nextobject: (6959, 397.7676)
DEBUG:root:nextobject: (6968, 523.2236)
DEBUG:root:do_keyword: pos=6977, token=Td, stack=[]
DEBUG:root:nextobject: (6977, Td)
DEBUG:root:nextobject: (6980, 'fits')
DEBUG:root:do_keyword: pos=6987, token=Tj, stack=[]
DEBUG:root:nextobject: (6987, Tj)
DEBUG:root:do_keyword: pos=6990, token=ET, stack=[]
DEBUG:root:nextobject: (6990, ET)
DEBUG:root:do_keyword: pos=6993, token=BT, stack=[]
DEBUG:root:nextobject: (6993, BT)
DEBUG:root:nextobject: (6996, 421.5076)
DEBUG:root:nextobject: (7005, 523.2236)
DEBUG:root:do_keyword: pos=7014, token=Td, stack=[]
DEBUG:root:nextobject: (7014, Td)
DEBUG:root:nextobject: (7017, 'he')
DEBUG:root:do_keyword: pos=7022, token=Tj, stack=[]
DEBUG:root:nextobject: (7022, Tj)
DEBUG:root:do_keyword: pos=7025, token=ET, stack=[]
DEBUG:root:nextobject: (7025, ET)
DEBUG:root:do_keyword: pos=7028, token=BT, stack=[]
DEBUG:root:nextobject: (7028, BT)
DEBUG:root:nextobject: (7031, 440.8655)
DEBUG:root:nextobject: (7040, 523.2236)
DEBUG:root:do_keyword: pos=7049, token=Td, stack=[]
DEBUG:root:nextobject: (7049, Td)
DEBUG:root:nextobject: (7052, 'was')
DEBUG:root:do_keyword: pos=7058, token=Tj, stack=[]
DEBUG:root:nextobject: (7058, Tj)
DEBUG:root:do_keyword: pos=7061, token=ET, stack=[]
DEBUG:root:nextobject: (7061, ET)
DEBUG:root:do_keyword: pos=7064, token=BT, stack=[]
DEBUG:root:nextobject: (7064, BT)
DEBUG:root:nextobject: (7067, 469.9815)
DEBUG:root:nextobject: (7076, 523.2236)
DEBUG:root:do_keyword: pos=7085, token=Td, stack=[]
DEBUG:root:nextobject: (7085, Td)
DEBUG:root:nextobject: (7088, 'the')
DEBUG:root:do_keyword: pos=7094, token=Tj, stack=[]
DEBUG:root:nextobject: (7094, Tj)
DEBUG:root:do_keyword: pos=7097, token=ET, stack=[]
DEBUG:root:nextobject: (7097, ET)
DEBUG:root:do_keyword: pos=7100, token=BT, stack=[]
DEBUG:root:nextobject: (7100, BT)
DEBUG:root:nextobject: (7103, 493.9034)
DEBUG:root:nextobject: (7112, 523.2236)
DEBUG:root:do_keyword: pos=7121, token=Td, stack=[]
DEBUG:root:nextobject: (7121, Td)
DEBUG:root:nextobject: (7124, 'most')
DEBUG:root:do_keyword: pos=7131, token=Tj, stack=[]
DEBUG:root:nextobject: (7131, Tj)
DEBUG:root:do_keyword: pos=7134, token=ET, stack=[]
DEBUG:root:nextobject: (7134, ET)
DEBUG:root:do_keyword: pos=7137, token=BT, stack=[]
DEBUG:root:nextobject: (7137, BT)
DEBUG:root:nextobject: (7140, 70.8661)
DEBUG:root:nextobject: (7148, 506.4236)
DEBUG:root:do_keyword: pos=7157, token=Td, stack=[]
DEBUG:root:nextobject: (7157, Td)
DEBUG:root:nextobject: (7160, 'overriding')
DEBUG:root:do_keyword: pos=7173, token=Tj, stack=[]
DEBUG:root:nextobject: (7173, Tj)
DEBUG:root:do_keyword: pos=7176, token=ET, stack=[]
DEBUG:root:nextobject: (7176, ET)
DEBUG:root:do_keyword: pos=7179, token=BT, stack=[]
DEBUG:root:nextobject: (7179, BT)
DEBUG:root:nextobject: (7182, 141.2034)
DEBUG:root:nextobject: (7191, 506.4236)
DEBUG:root:do_keyword: pos=7200, token=Td, stack=[]
DEBUG:root:nextobject: (7200, Td)
DEBUG:root:nextobject: (7203, 'companion')
DEBUG:root:do_keyword: pos=7215, token=Tj, stack=[]
DEBUG:root:nextobject: (7215, Tj)
DEBUG:root:do_keyword: pos=7218, token=ET, stack=[]
DEBUG:root:nextobject: (7218, ET)
DEBUG:root:do_keyword: pos=7221, token=BT, stack=[]
DEBUG:root:nextobject: (7221, BT)
DEBUG:root:nextobject: (7224, 215.2366)
DEBUG:root:nextobject: (7233, 506.4236)
DEBUG:root:do_keyword: pos=7242, token=Td, stack=[]
DEBUG:root:nextobject: (7242, Td)
DEBUG:root:nextobject: (7245, 'ever')
DEBUG:root:do_keyword: pos=7252, token=Tj, stack=[]
DEBUG:root:nextobject: (7252, Tj)
DEBUG:root:do_keyword: pos=7255, token=ET, stack=[]
DEBUG:root:nextobject: (7255, ET)
DEBUG:root:do_keyword: pos=7258, token=BT, stack=[]
DEBUG:root:nextobject: (7258, BT)
DEBUG:root:nextobject: (7261, 246.4718)
DEBUG:root:nextobject: (7270, 506.4236)
DEBUG:root:do_keyword: pos=7279, token=Td, stack=[]
DEBUG:root:nextobject: (7279, Td)
DEBUG:root:nextobject: (7282, 'known;')
DEBUG:root:do_keyword: pos=7291, token=Tj, stack=[]
DEBUG:root:nextobject: (7291, Tj)
DEBUG:root:do_keyword: pos=7294, token=ET, stack=[]
DEBUG:root:nextobject: (7294, ET)
DEBUG:root:do_keyword: pos=7297, token=BT, stack=[]
DEBUG:root:nextobject: (7297, BT)
DEBUG:root:nextobject: (7300, 297.755)
DEBUG:root:nextobject: (7309, 506.4236)
DEBUG:root:do_keyword: pos=7318, token=Td, stack=[]
DEBUG:root:nextobject: (7318, Td)
DEBUG:root:nextobject: (7321, 'he')
DEBUG:root:do_keyword: pos=7326, token=Tj, stack=[]
DEBUG:root:nextobject: (7326, Tj)
DEBUG:root:do_keyword: pos=7329, token=ET, stack=[]
DEBUG:root:nextobject: (7329, ET)
DEBUG:root:do_keyword: pos=7332, token=BT, stack=[]
DEBUG:root:nextobject: (7332, BT)
DEBUG:root:nextobject: (7335, 316.9922)
DEBUG:root:nextobject: (7344, 506.4236)
DEBUG:root:do_keyword: pos=7353, token=Td, stack=[]
DEBUG:root:nextobject: (7353, Td)
DEBUG:root:nextobject: (7356, 'would')
DEBUG:root:do_keyword: pos=7364, token=Tj, stack=[]
DEBUG:root:nextobject: (7364, Tj)
DEBUG:root:do_keyword: pos=7367, token=ET, stack=[]
DEBUG:root:nextobject: (7367, ET)
DEBUG:root:do_keyword: pos=7370, token=BT, stack=[]
DEBUG:root:nextobject: (7370, BT)
DEBUG:root:nextobject: (7373, 361.7654)
DEBUG:root:nextobject: (7382, 506.4236)
DEBUG:root:do_keyword: pos=7391, token=Td, stack=[]
DEBUG:root:nextobject: (7391, Td)
DEBUG:root:nextobject: (7394, 'slap')
DEBUG:root:do_keyword: pos=7401, token=Tj, stack=[]
DEBUG:root:nextobject: (7401, Tj)
DEBUG:root:do_keyword: pos=7404, token=ET, stack=[]
DEBUG:root:nextobject: (7404, ET)
DEBUG:root:do_keyword: pos=7407, token=BT, stack=[]
DEBUG:root:nextobject: (7407, BT)
DEBUG:root:nextobject: (7410, 391.5726)
DEBUG:root:nextobject: (7419, 506.4236)
DEBUG:root:do_keyword: pos=7428, token=Td, stack=[]
DEBUG:root:nextobject: (7428, Td)
DEBUG:root:nextobject: (7431, 'his')
DEBUG:root:do_keyword: pos=7437, token=Tj, stack=[]
DEBUG:root:nextobject: (7437, Tj)
DEBUG:root:do_keyword: pos=7440, token=ET, stack=[]
DEBUG:root:nextobject: (7440, ET)
DEBUG:root:do_keyword: pos=7443, token=BT, stack=[]
DEBUG:root:nextobject: (7443, BT)
DEBUG:root:nextobject: (7446, 414.1138)
DEBUG:root:nextobject: (7455, 506.4236)
DEBUG:root:do_keyword: pos=7464, token=Td, stack=[]
DEBUG:root:nextobject: (7464, Td)
DEBUG:root:nextobject: (7467, 'hand')
DEBUG:root:do_keyword: pos=7474, token=Tj, stack=[]
DEBUG:root:nextobject: (7474, Tj)
DEBUG:root:do_keyword: pos=7477, token=ET, stack=[]
DEBUG:root:nextobject: (7477, ET)
DEBUG:root:do_keyword: pos=7480, token=BT, stack=[]
DEBUG:root:nextobject: (7480, BT)
DEBUG:root:nextobject: (7483, 450.347)
DEBUG:root:nextobject: (7492, 506.4236)
DEBUG:root:do_keyword: pos=7501, token=Td, stack=[]
DEBUG:root:nextobject: (7501, Td)
DEBUG:root:nextobject: (7504, 'on')
DEBUG:root:do_keyword: pos=7509, token=Tj, stack=[]
DEBUG:root:nextobject: (7509, Tj)
DEBUG:root:do_keyword: pos=7512, token=ET, stack=[]
DEBUG:root:nextobject: (7512, ET)
DEBUG:root:do_keyword: pos=7515, token=BT, stack=[]
DEBUG:root:nextobject: (7515, BT)
DEBUG:root:nextobject: (7518, 470.5222)
DEBUG:root:nextobject: (7527, 506.4236)
DEBUG:root:do_keyword: pos=7536, token=Td, stack=[]
DEBUG:root:nextobject: (7536, Td)
DEBUG:root:nextobject: (7539, 'the')
DEBUG:root:do_keyword: pos=7545, token=Tj, stack=[]
DEBUG:root:nextobject: (7545, Tj)
DEBUG:root:do_keyword: pos=7548, token=ET, stack=[]
DEBUG:root:nextobject: (7548, ET)
DEBUG:root:do_keyword: pos=7551, token=BT, stack=[]
DEBUG:root:nextobject: (7551, BT)
DEBUG:root:nextobject: (7554, 494.3234)
DEBUG:root:nextobject: (7563, 506.4236)
DEBUG:root:do_keyword: pos=7572, token=Td, stack=[]
DEBUG:root:nextobject: (7572, Td)
DEBUG:root:nextobject: (7575, 'table')
DEBUG:root:do_keyword: pos=7583, token=Tj, stack=[]
DEBUG:root:nextobject: (7583, Tj)
DEBUG:root:do_keyword: pos=7586, token=ET, stack=[]
DEBUG:root:nextobject: (7586, ET)
DEBUG:root:do_keyword: pos=7589, token=BT, stack=[]
DEBUG:root:nextobject: (7589, BT)
DEBUG:root:nextobject: (7592, 70.8661)
DEBUG:root:nextobject: (7600, 489.6236)
DEBUG:root:do_keyword: pos=7609, token=Td, stack=[]
DEBUG:root:nextobject: (7609, Td)
DEBUG:root:nextobject: (7612, 'for')
DEBUG:root:do_keyword: pos=7618, token=Tj, stack=[]
DEBUG:root:nextobject: (7618, Tj)
DEBUG:root:do_keyword: pos=7621, token=ET, stack=[]
DEBUG:root:nextobject: (7621, ET)
DEBUG:root:do_keyword: pos=7624, token=BT, stack=[]
DEBUG:root:nextobject: (7624, BT)
DEBUG:root:nextobject: (7627, 92.6352)
DEBUG:root:nextobject: (7635, 489.6236)
DEBUG:root:do_keyword: pos=7644, token=Td, stack=[]
DEBUG:root:nextobject: (7644, Td)
DEBUG:root:nextobject: (7647, 'silence')
DEBUG:root:do_keyword: pos=7657, token=Tj, stack=[]
DEBUG:root:nextobject: (7657, Tj)
DEBUG:root:do_keyword: pos=7660, token=ET, stack=[]
DEBUG:root:nextobject: (7660, ET)
DEBUG:root:do_keyword: pos=7663, token=BT, stack=[]
DEBUG:root:nextobject: (7663, BT)
DEBUG:root:nextobject: (7666, 138.4282)
DEBUG:root:nextobject: (7675, 489.6236)
DEBUG:root:do_keyword: pos=7684, token=Td, stack=[]
DEBUG:root:nextobject: (7684, Td)
DEBUG:root:nextobject: (7687, 'all')
DEBUG:root:do_keyword: pos=7693, token=Tj, stack=[]
DEBUG:root:nextobject: (7693, Tj)
DEBUG:root:do_keyword: pos=7696, token=ET, stack=[]
DEBUG:root:nextobject: (7696, ET)
DEBUG:root:do_keyword: pos=7699, token=BT, stack=[]
DEBUG:root:nextobject: (7699, BT)
DEBUG:root:nextobject: (7702, 157.5092)
DEBUG:root:nextobject: (7711, 489.6236)
DEBUG:root:do_keyword: pos=7720, token=Td, stack=[]
DEBUG:root:nextobject: (7720, Td)
DEBUG:root:nextobject: (7723, 'round;')
DEBUG:root:do_keyword: pos=7732, token=Tj, stack=[]
DEBUG:root:nextobject: (7732, Tj)
DEBUG:root:do_keyword: pos=7735, token=ET, stack=[]
DEBUG:root:nextobject: (7735, ET)
DEBUG:root:do_keyword: pos=7738, token=BT, stack=[]
DEBUG:root:nextobject: (7738, BT)
DEBUG:root:nextobject: (7741, 203.2602)
DEBUG:root:nextobject: (7750, 489.6236)
DEBUG:root:do_keyword: pos=7759, token=Td, stack=[]
DEBUG:root:nextobject: (7759, Td)
DEBUG:root:nextobject: (7762, 'he')
DEBUG:root:do_keyword: pos=7767, token=Tj, stack=[]
DEBUG:root:nextobject: (7767, Tj)
DEBUG:root:do_keyword: pos=7770, token=ET, stack=[]
DEBUG:root:nextobject: (7770, ET)
DEBUG:root:do_keyword: pos=7773, token=BT, stack=[]
DEBUG:root:nextobject: (7773, BT)
DEBUG:root:nextobject: (7776, 222.0472)
DEBUG:root:nextobject: (7785, 489.6236)
DEBUG:root:do_keyword: pos=7794, token=Td, stack=[]
DEBUG:root:nextobject: (7794, Td)
DEBUG:root:nextobject: (7797, 'would')
DEBUG:root:do_keyword: pos=7805, token=Tj, stack=[]
DEBUG:root:nextobject: (7805, Tj)
DEBUG:root:do_keyword: pos=7808, token=ET, stack=[]
DEBUG:root:nextobject: (7808, ET)
DEBUG:root:do_keyword: pos=7811, token=BT, stack=[]
DEBUG:root:nextobject: (7811, BT)
DEBUG:root:nextobject: (7814, 266.3703)
DEBUG:root:nextobject: (7823, 489.6236)
DEBUG:root:do_keyword: pos=7832, token=Td, stack=[]
DEBUG:root:nextobject: (7832, Td)
DEBUG:root:nextobject: (7835, 'fly')
DEBUG:root:do_keyword: pos=7841, token=Tj, stack=[]
DEBUG:root:nextobject: (7841, Tj)
DEBUG:root:do_keyword: pos=7844, token=ET, stack=[]
DEBUG:root:nextobject: (7844, ET)
DEBUG:root:do_keyword: pos=7847, token=BT, stack=[]
DEBUG:root:nextobject: (7847, BT)
DEBUG:root:nextobject: (7850, 286.8233)
DEBUG:root:nextobject: (7859, 489.6236)
DEBUG:root:do_keyword: pos=7868, token=Td, stack=[]
DEBUG:root:nextobject: (7868, Td)
DEBUG:root:nextobject: (7871, 'up')
DEBUG:root:do_keyword: pos=7876, token=Tj, stack=[]
DEBUG:root:nextobject: (7876, Tj)
DEBUG:root:do_keyword: pos=7879, token=ET, stack=[]
DEBUG:root:nextobject: (7879, ET)
DEBUG:root:do_keyword: pos=7882, token=BT, stack=[]
DEBUG:root:nextobject: (7882, BT)
DEBUG:root:nextobject: (7885, 307.6123)
DEBUG:root:nextobject: (7894, 489.6236)
DEBUG:root:do_keyword: pos=7903, token=Td, stack=[]
DEBUG:root:nextobject: (7903, Td)
DEBUG:root:nextobject: (7906, 'in')
DEBUG:root:do_keyword: pos=7911, token=Tj, stack=[]
DEBUG:root:nextobject: (7911, Tj)
DEBUG:root:do_keyword: pos=7914, token=ET, stack=[]
DEBUG:root:nextobject: (7914, ET)
DEBUG:root:do_keyword: pos=7917, token=BT, stack=[]
DEBUG:root:nextobject: (7917, BT)
DEBUG:root:nextobject: (7920, 323.7673)
DEBUG:root:nextobject: (7929, 489.6236)
DEBUG:root:do_keyword: pos=7938, token=Td, stack=[]
DEBUG:root:nextobject: (7938, Td)
DEBUG:root:nextobject: (7941, 'a')
DEBUG:root:do_keyword: pos=7945, token=Tj, stack=[]
DEBUG:root:nextobject: (7945, Tj)
DEBUG:root:do_keyword: pos=7948, token=ET, stack=[]
DEBUG:root:nextobject: (7948, ET)
DEBUG:root:do_keyword: pos=7951, token=BT, stack=[]
DEBUG:root:nextobject: (7951, BT)
DEBUG:root:nextobject: (7954, 334.7003)
DEBUG:root:nextobject: (7963, 489.6236)
DEBUG:root:do_keyword: pos=7972, token=Td, stack=[]
DEBUG:root:nextobject: (7972, Td)
DEBUG:root:nextobject: (7975, 'passion')
DEBUG:root:do_keyword: pos=7985, token=Tj, stack=[]
DEBUG:root:nextobject: (7985, Tj)
DEBUG:root:do_keyword: pos=7988, token=ET, stack=[]
DEBUG:root:nextobject: (7988, ET)
DEBUG:root:do_keyword: pos=7991, token=BT, stack=[]
DEBUG:root:nextobject: (7991, BT)
DEBUG:root:nextobject: (7994, 385.7854)
DEBUG:root:nextobject: (8003, 489.6236)
DEBUG:root:do_keyword: pos=8012, token=Td, stack=[]
DEBUG:root:nextobject: (8012, Td)
DEBUG:root:nextobject: (8015, 'of')
DEBUG:root:do_keyword: pos=8020, token=Tj, stack=[]
DEBUG:root:nextobject: (8020, Tj)
DEBUG:root:do_keyword: pos=8023, token=ET, stack=[]
DEBUG:root:nextobject: (8023, ET)
DEBUG:root:do_keyword: pos=8026, token=BT, stack=[]
DEBUG:root:nextobject: (8026, BT)
DEBUG:root:nextobject: (8029, 402.0244)
DEBUG:root:nextobject: (8038, 489.6236)
DEBUG:root:do_keyword: pos=8047, token=Td, stack=[]
DEBUG:root:nextobject: (8047, Td)
DEBUG:root:nextobject: (8050, 'anger')
DEBUG:root:do_keyword: pos=8058, token=Tj, stack=[]
DEBUG:root:nextobject: (8058, Tj)
DEBUG:root:do_keyword: pos=8061, token=ET, stack=[]
DEBUG:root:nextobject: (8061, ET)
DEBUG:root:do_keyword: pos=8064, token=BT, stack=[]
DEBUG:root:nextobject: (8064, BT)
DEBUG:root:nextobject: (8067, 441.1254)
DEBUG:root:nextobject: (8076, 489.6236)
DEBUG:root:do_keyword: pos=8085, token=Td, stack=[]
DEBUG:root:nextobject: (8085, Td)
DEBUG:root:nextobject: (8088, 'at')
DEBUG:root:do_keyword: pos=8093, token=Tj, stack=[]
DEBUG:root:nextobject: (8093, Tj)
DEBUG:root:do_keyword: pos=8096, token=ET, stack=[]
DEBUG:root:nextobject: (8096, ET)
DEBUG:root:do_keyword: pos=8099, token=BT, stack=[]
DEBUG:root:nextobject: (8099, BT)
DEBUG:root:nextobject: (8102, 456.6224)
DEBUG:root:nextobject: (8111, 489.6236)
DEBUG:root:do_keyword: pos=8120, token=Td, stack=[]
DEBUG:root:nextobject: (8120, Td)
DEBUG:root:nextobject: (8123, 'a')
DEBUG:root:do_keyword: pos=8127, token=Tj, stack=[]
DEBUG:root:nextobject: (8127, Tj)
DEBUG:root:do_keyword: pos=8130, token=ET, stack=[]
DEBUG:root:nextobject: (8130, ET)
DEBUG:root:do_keyword: pos=8133, token=BT, stack=[]
DEBUG:root:nextobject: (8133, BT)
DEBUG:root:nextobject: (8136, 467.5554)
DEBUG:root:nextobject: (8145, 489.6236)
DEBUG:root:do_keyword: pos=8154, token=Td, stack=[]
DEBUG:root:nextobject: (8154, Td)
DEBUG:root:nextobject: (8157, 'question,')
DEBUG:root:do_keyword: pos=8169, token=Tj, stack=[]
DEBUG:root:nextobject: (8169, Tj)
DEBUG:root:do_keyword: pos=8172, token=ET, stack=[]
DEBUG:root:nextobject: (8172, ET)
DEBUG:root:do_keyword: pos=8175, token=BT, stack=[]
DEBUG:root:nextobject: (8175, BT)
DEBUG:root:nextobject: (8178, 70.8661)
DEBUG:root:nextobject: (8186, 472.8236)
DEBUG:root:do_keyword: pos=8195, token=Td, stack=[]
DEBUG:root:nextobject: (8195, Td)
DEBUG:root:nextobject: (8198, 'or')
DEBUG:root:do_keyword: pos=8203, token=Tj, stack=[]
DEBUG:root:nextobject: (8203, Tj)
DEBUG:root:do_keyword: pos=8206, token=ET, stack=[]
DEBUG:root:nextobject: (8206, ET)
DEBUG:root:do_keyword: pos=8209, token=BT, stack=[]
DEBUG:root:nextobject: (8209, BT)
DEBUG:root:nextobject: (8212, 88.0488)
DEBUG:root:nextobject: (8220, 472.8236)
DEBUG:root:do_keyword: pos=8229, token=Td, stack=[]
DEBUG:root:nextobject: (8229, Td)
DEBUG:root:nextobject: (8232, 'sometimes')
DEBUG:root:do_keyword: pos=8244, token=Tj, stack=[]
DEBUG:root:nextobject: (8244, Tj)
DEBUG:root:do_keyword: pos=8247, token=ET, stack=[]
DEBUG:root:nextobject: (8247, ET)
DEBUG:root:do_keyword: pos=8250, token=BT, stack=[]
DEBUG:root:nextobject: (8250, BT)
DEBUG:root:nextobject: (8253, 158.3474)
DEBUG:root:nextobject: (8262, 472.8236)
DEBUG:root:do_keyword: pos=8271, token=Td, stack=[]
DEBUG:root:nextobject: (8271, Td)
DEBUG:root:nextobject: (8274, 'because')
DEBUG:root:do_keyword: pos=8284, token=Tj, stack=[]
DEBUG:root:nextobject: (8284, Tj)
DEBUG:root:do_keyword: pos=8287, token=ET, stack=[]
DEBUG:root:nextobject: (8287, ET)
DEBUG:root:do_keyword: pos=8290, token=BT, stack=[]
DEBUG:root:nextobject: (8290, BT)
DEBUG:root:nextobject: (8293, 211.104)
DEBUG:root:nextobject: (8302, 472.8236)
DEBUG:root:do_keyword: pos=8311, token=Td, stack=[]
DEBUG:root:nextobject: (8311, Td)
DEBUG:root:nextobject: (8314, 'none')
DEBUG:root:do_keyword: pos=8321, token=Tj, stack=[]
DEBUG:root:nextobject: (8321, Tj)
DEBUG:root:do_keyword: pos=8324, token=ET, stack=[]
DEBUG:root:nextobject: (8324, ET)
DEBUG:root:do_keyword: pos=8327, token=BT, stack=[]
DEBUG:root:nextobject: (8327, BT)
DEBUG:root:nextobject: (8330, 245.7586)
DEBUG:root:nextobject: (8339, 472.8236)
DEBUG:root:do_keyword: pos=8348, token=Td, stack=[]
DEBUG:root:nextobject: (8348, Td)
DEBUG:root:nextobject: (8351, 'was')
DEBUG:root:do_keyword: pos=8357, token=Tj, stack=[]
DEBUG:root:nextobject: (8357, Tj)
DEBUG:root:do_keyword: pos=8360, token=ET, stack=[]
DEBUG:root:nextobject: (8360, ET)
DEBUG:root:do_keyword: pos=8363, token=BT, stack=[]
DEBUG:root:nextobject: (8363, BT)
DEBUG:root:nextobject: (8366, 274.3792)
DEBUG:root:nextobject: (8375, 472.8236)
DEBUG:root:do_keyword: pos=8384, token=Td, stack=[]
DEBUG:root:nextobject: (8384, Td)
DEBUG:root:nextobject: (8387, 'put,')
DEBUG:root:do_keyword: pos=8394, token=Tj, stack=[]
DEBUG:root:nextobject: (8394, Tj)
DEBUG:root:do_keyword: pos=8397, token=ET, stack=[]
DEBUG:root:nextobject: (8397, ET)
DEBUG:root:do_keyword: pos=8400, token=BT, stack=[]
DEBUG:root:nextobject: (8400, BT)
DEBUG:root:nextobject: (8403, 303.3078)
DEBUG:root:nextobject: (8412, 472.8236)
DEBUG:root:do_keyword: pos=8421, token=Td, stack=[]
DEBUG:root:nextobject: (8421, Td)
DEBUG:root:nextobject: (8424, 'and')
DEBUG:root:do_keyword: pos=8430, token=Tj, stack=[]
DEBUG:root:nextobject: (8430, Tj)
DEBUG:root:do_keyword: pos=8433, token=ET, stack=[]
DEBUG:root:nextobject: (8433, ET)
DEBUG:root:do_keyword: pos=8436, token=BT, stack=[]
DEBUG:root:nextobject: (8436, BT)
DEBUG:root:nextobject: (8439, 331.0184)
DEBUG:root:nextobject: (8448, 472.8236)
DEBUG:root:do_keyword: pos=8457, token=Td, stack=[]
DEBUG:root:nextobject: (8457, Td)
DEBUG:root:nextobject: (8460, 'so')
DEBUG:root:do_keyword: pos=8465, token=Tj, stack=[]
DEBUG:root:nextobject: (8465, Tj)
DEBUG:root:do_keyword: pos=8468, token=ET, stack=[]
DEBUG:root:nextobject: (8468, ET)
DEBUG:root:do_keyword: pos=8471, token=BT, stack=[]
DEBUG:root:nextobject: (8471, BT)
DEBUG:root:nextobject: (8474, 348.607)
DEBUG:root:nextobject: (8483, 472.8236)
DEBUG:root:do_keyword: pos=8492, token=Td, stack=[]
DEBUG:root:nextobject: (8492, Td)
DEBUG:root:nextobject: (8495, 'he')
DEBUG:root:do_keyword: pos=8500, token=Tj, stack=[]
DEBUG:root:nextobject: (8500, Tj)
DEBUG:root:do_keyword: pos=8503, token=ET, stack=[]
DEBUG:root:nextobject: (8503, ET)
DEBUG:root:do_keyword: pos=8506, token=BT, stack=[]
DEBUG:root:nextobject: (8506, BT)
DEBUG:root:nextobject: (8509, 367.4696)
DEBUG:root:nextobject: (8518, 472.8236)
DEBUG:root:do_keyword: pos=8527, token=Td, stack=[]
DEBUG:root:nextobject: (8527, Td)
DEBUG:root:nextobject: (8530, 'judged')
DEBUG:root:do_keyword: pos=8539, token=Tj, stack=[]
DEBUG:root:nextobject: (8539, Tj)
DEBUG:root:do_keyword: pos=8542, token=ET, stack=[]
DEBUG:root:nextobject: (8542, ET)
DEBUG:root:do_keyword: pos=8545, token=BT, stack=[]
DEBUG:root:nextobject: (8545, BT)
DEBUG:root:nextobject: (8548, 414.7942)
DEBUG:root:nextobject: (8557, 472.8236)
DEBUG:root:do_keyword: pos=8566, token=Td, stack=[]
DEBUG:root:nextobject: (8566, Td)
DEBUG:root:nextobject: (8569, 'the')
DEBUG:root:do_keyword: pos=8575, token=Tj, stack=[]
DEBUG:root:nextobject: (8575, Tj)
DEBUG:root:do_keyword: pos=8578, token=ET, stack=[]
DEBUG:root:nextobject: (8578, ET)
DEBUG:root:do_keyword: pos=8581, token=BT, stack=[]
DEBUG:root:nextobject: (8581, BT)
DEBUG:root:nextobject: (8584, 438.2208)
DEBUG:root:nextobject: (8593, 472.8236)
DEBUG:root:do_keyword: pos=8602, token=Td, stack=[]
DEBUG:root:nextobject: (8602, Td)
DEBUG:root:nextobject: (8605, 'company')
DEBUG:root:do_keyword: pos=8615, token=Tj, stack=[]
DEBUG:root:nextobject: (8615, Tj)
DEBUG:root:do_keyword: pos=8618, token=ET, stack=[]
DEBUG:root:nextobject: (8618, ET)
DEBUG:root:do_keyword: pos=8621, token=BT, stack=[]
DEBUG:root:nextobject: (8621, BT)
DEBUG:root:nextobject: (8624, 499.7974)
DEBUG:root:nextobject: (8633, 472.8236)
DEBUG:root:do_keyword: pos=8642, token=Td, stack=[]
DEBUG:root:nextobject: (8642, Td)
DEBUG:root:nextobject: (8645, 'was')
DEBUG:root:do_keyword: pos=8651, token=Tj, stack=[]
DEBUG:root:nextobject: (8651, Tj)
DEBUG:root:do_keyword: pos=8654, token=ET, stack=[]
DEBUG:root:nextobject: (8654, ET)
DEBUG:root:do_keyword: pos=8657, token=BT, stack=[]
DEBUG:root:nextobject: (8657, BT)
DEBUG:root:nextobject: (8660, 70.8661)
DEBUG:root:nextobject: (8668, 456.0236)
DEBUG:root:do_keyword: pos=8677, token=Td, stack=[]
DEBUG:root:nextobject: (8677, Td)
DEBUG:root:nextobject: (8680, 'not')
DEBUG:root:do_keyword: pos=8686, token=Tj, stack=[]
DEBUG:root:nextobject: (8686, Tj)
DEBUG:root:do_keyword: pos=8689, token=ET, stack=[]
DEBUG:root:nextobject: (8689, ET)
DEBUG:root:do_keyword: pos=8692, token=BT, stack=[]
DEBUG:root:nextobject: (8692, BT)
DEBUG:root:nextobject: (8695, 95.7732)
DEBUG:root:nextobject: (8703, 456.0236)
DEBUG:root:do_keyword: pos=8712, token=Td, stack=[]
DEBUG:root:nextobject: (8712, Td)
DEBUG:root:nextobject: (8715, 'following')
DEBUG:root:do_keyword: pos=8727, token=Tj, stack=[]
DEBUG:root:nextobject: (8727, Tj)
DEBUG:root:do_keyword: pos=8730, token=ET, stack=[]
DEBUG:root:nextobject: (8730, ET)
DEBUG:root:do_keyword: pos=8733, token=BT, stack=[]
DEBUG:root:nextobject: (8733, BT)
DEBUG:root:nextobject: (8736, 160.1042)
DEBUG:root:nextobject: (8745, 456.0236)
DEBUG:root:do_keyword: pos=8754, token=Td, stack=[]
DEBUG:root:nextobject: (8754, Td)
DEBUG:root:nextobject: (8757, 'his')
DEBUG:root:do_keyword: pos=8763, token=Tj, stack=[]
DEBUG:root:nextobject: (8763, Tj)
DEBUG:root:do_keyword: pos=8766, token=ET, stack=[]
DEBUG:root:nextobject: (8766, ET)
DEBUG:root:do_keyword: pos=8769, token=BT, stack=[]
DEBUG:root:nextobject: (8769, BT)
DEBUG:root:nextobject: (8772, 182.8132)
DEBUG:root:nextobject: (8781, 456.0236)
DEBUG:root:do_keyword: pos=8790, token=Td, stack=[]
DEBUG:root:nextobject: (8790, Td)
DEBUG:root:nextobject: (8793, 'story.')
DEBUG:root:do_keyword: pos=8802, token=Tj, stack=[]
DEBUG:root:nextobject: (8802, Tj)
DEBUG:root:do_keyword: pos=8805, token=ET, stack=[]
DEBUG:root:nextobject: (8805, ET)
DEBUG:root:do_keyword: pos=8808, token=BT, stack=[]
DEBUG:root:nextobject: (8808, BT)
DEBUG:root:nextobject: (8811, 222.3222)
DEBUG:root:nextobject: (8820, 456.0236)
DEBUG:root:do_keyword: pos=8829, token=Td, stack=[]
DEBUG:root:nextobject: (8829, Td)
DEBUG:root:nextobject: (8832, 'Nor')
DEBUG:root:do_keyword: pos=8838, token=Tj, stack=[]
DEBUG:root:nextobject: (8838, Tj)
DEBUG:root:do_keyword: pos=8841, token=ET, stack=[]
DEBUG:root:nextobject: (8841, ET)
DEBUG:root:do_keyword: pos=8844, token=BT, stack=[]
DEBUG:root:nextobject: (8844, BT)
DEBUG:root:nextobject: (8847, 251.6813)
DEBUG:root:nextobject: (8856, 456.0236)
DEBUG:root:do_keyword: pos=8865, token=Td, stack=[]
DEBUG:root:nextobject: (8865, Td)
DEBUG:root:nextobject: (8868, 'would')
DEBUG:root:do_keyword: pos=8876, token=Tj, stack=[]
DEBUG:root:nextobject: (8876, Tj)
DEBUG:root:do_keyword: pos=8879, token=ET, stack=[]
DEBUG:root:nextobject: (8879, ET)
DEBUG:root:do_keyword: pos=8882, token=BT, stack=[]
DEBUG:root:nextobject: (8882, BT)
DEBUG:root:nextobject: (8885, 296.6223)
DEBUG:root:nextobject: (8894, 456.0236)
DEBUG:root:do_keyword: pos=8903, token=Td, stack=[]
DEBUG:root:nextobject: (8903, Td)
DEBUG:root:nextobject: (8906, 'he')
DEBUG:root:do_keyword: pos=8911, token=Tj, stack=[]
DEBUG:root:nextobject: (8911, Tj)
DEBUG:root:do_keyword: pos=8914, token=ET, stack=[]
DEBUG:root:nextobject: (8914, ET)
DEBUG:root:do_keyword: pos=8917, token=BT, stack=[]
DEBUG:root:nextobject: (8917, BT)
DEBUG:root:nextobject: (8920, 316.0273)
DEBUG:root:nextobject: (8929, 456.0236)
DEBUG:root:do_keyword: pos=8938, token=Td, stack=[]
DEBUG:root:nextobject: (8938, Td)
DEBUG:root:nextobject: (8941, 'allow')
DEBUG:root:do_keyword: pos=8949, token=Tj, stack=[]
DEBUG:root:nextobject: (8949, Tj)
DEBUG:root:do_keyword: pos=8952, token=ET, stack=[]
DEBUG:root:nextobject: (8952, ET)
DEBUG:root:do_keyword: pos=8955, token=BT, stack=[]
DEBUG:root:nextobject: (8955, BT)
DEBUG:root:nextobject: (8958, 355.0463)
DEBUG:root:nextobject: (8967, 456.0236)
DEBUG:root:do_keyword: pos=8976, token=Td, stack=[]
DEBUG:root:nextobject: (8976, Td)
DEBUG:root:nextobject: (8979, 'anyone')
DEBUG:root:do_keyword: pos=8988, token=Tj, stack=[]
DEBUG:root:nextobject: (8988, Tj)
DEBUG:root:do_keyword: pos=8991, token=ET, stack=[]
DEBUG:root:nextobject: (8991, ET)
DEBUG:root:do_keyword: pos=8994, token=BT, stack=[]
DEBUG:root:nextobject: (8994, BT)
DEBUG:root:nextobject: (8997, 405.0274)
DEBUG:root:nextobject: (9006, 456.0236)
DEBUG:root:do_keyword: pos=9015, token=Td, stack=[]
DEBUG:root:nextobject: (9015, Td)
DEBUG:root:nextobject: (9018, 'to')
DEBUG:root:do_keyword: pos=9023, token=Tj, stack=[]
DEBUG:root:nextobject: (9023, Tj)
DEBUG:root:do_keyword: pos=9026, token=ET, stack=[]
DEBUG:root:nextobject: (9026, ET)
DEBUG:root:do_keyword: pos=9029, token=BT, stack=[]
DEBUG:root:nextobject: (9029, BT)
DEBUG:root:nextobject: (9032, 421.7864)
DEBUG:root:nextobject: (9041, 456.0236)
DEBUG:root:do_keyword: pos=9050, token=Td, stack=[]
DEBUG:root:nextobject: (9050, Td)
DEBUG:root:nextobject: (9053, 'leave')
DEBUG:root:do_keyword: pos=9061, token=Tj, stack=[]
DEBUG:root:nextobject: (9061, Tj)
DEBUG:root:do_keyword: pos=9064, token=ET, stack=[]
DEBUG:root:nextobject: (9064, ET)
DEBUG:root:do_keyword: pos=9067, token=BT, stack=[]
DEBUG:root:nextobject: (9067, BT)
DEBUG:root:nextobject: (9070, 458.7334)
DEBUG:root:nextobject: (9079, 456.0236)
DEBUG:root:do_keyword: pos=9088, token=Td, stack=[]
DEBUG:root:nextobject: (9088, Td)
DEBUG:root:nextobject: (9091, 'the')
DEBUG:root:do_keyword: pos=9097, token=Tj, stack=[]
DEBUG:root:nextobject: (9097, Tj)
DEBUG:root:do_keyword: pos=9100, token=ET, stack=[]
DEBUG:root:nextobject: (9100, ET)
DEBUG:root:do_keyword: pos=9103, token=BT, stack=[]
DEBUG:root:nextobject: (9103, BT)
DEBUG:root:nextobject: (9106, 482.7024)
DEBUG:root:nextobject: (9115, 456.0236)
DEBUG:root:do_keyword: pos=9124, token=Td, stack=[]
DEBUG:root:nextobject: (9124, Td)
DEBUG:root:nextobject: (9127, 'inn')
DEBUG:root:do_keyword: pos=9133, token=Tj, stack=[]
DEBUG:root:nextobject: (9133, Tj)
DEBUG:root:do_keyword: pos=9136, token=ET, stack=[]
DEBUG:root:nextobject: (9136, ET)
DEBUG:root:do_keyword: pos=9139, token=BT, stack=[]
DEBUG:root:nextobject: (9139, BT)
DEBUG:root:nextobject: (9142, 507.6234)
DEBUG:root:nextobject: (9151, 456.0236)
DEBUG:root:do_keyword: pos=9160, token=Td, stack=[]
DEBUG:root:nextobject: (9160, Td)
DEBUG:root:nextobject: (9163, 'till')
DEBUG:root:do_keyword: pos=9170, token=Tj, stack=[]
DEBUG:root:nextobject: (9170, Tj)
DEBUG:root:do_keyword: pos=9173, token=ET, stack=[]
DEBUG:root:nextobject: (9173, ET)
DEBUG:root:do_keyword: pos=9176, token=BT, stack=[]
DEBUG:root:nextobject: (9176, BT)
DEBUG:root:nextobject: (9179, 70.8661)
DEBUG:root:nextobject: (9187, 439.2236)
DEBUG:root:do_keyword: pos=9196, token=Td, stack=[]
DEBUG:root:nextobject: (9196, Td)
DEBUG:root:nextobject: (9199, 'he had drunk himself sleepy and reeled off to bed.')
DEBUG:root:do_keyword: pos=9252, token=Tj, stack=[]
DEBUG:root:nextobject: (9252, Tj)
DEBUG:root:do_keyword: pos=9255, token=ET, stack=[]
DEBUG:root:nextobject: (9255, ET)
DEBUG:root:do_keyword: pos=9258, token=BT, stack=[]
DEBUG:root:nextobject: (9258, BT)
DEBUG:root:nextobject: (9261, 84.8661)
DEBUG:root:nextobject: (9269, 422.4236)
DEBUG:root:do_keyword: pos=9278, token=Td, stack=[]
DEBUG:root:nextobject: (9278, Td)
DEBUG:root:nextobject: (9281, 'His')
DEBUG:root:do_keyword: pos=9287, token=Tj, stack=[]
DEBUG:root:nextobject: (9287, Tj)
DEBUG:root:do_keyword: pos=9290, token=ET, stack=[]
DEBUG:root:nextobject: (9290, ET)
DEBUG:root:do_keyword: pos=9293, token=BT, stack=[]
DEBUG:root:nextobject: (9293, BT)
DEBUG:root:nextobject: (9296, 111.1399)
DEBUG:root:nextobject: (9305, 422.4236)
DEBUG:root:do_keyword: pos=9314, token=Td, stack=[]
DEBUG:root:nextobject: (9314, Td)
DEBUG:root:nextobject: (9317, 'stories')
DEBUG:root:do_keyword: pos=9327, token=Tj, stack=[]
DEBUG:root:nextobject: (9327, Tj)
DEBUG:root:do_keyword: pos=9330, token=ET, stack=[]
DEBUG:root:nextobject: (9330, ET)
DEBUG:root:do_keyword: pos=9333, token=BT, stack=[]
DEBUG:root:nextobject: (9333, BT)
DEBUG:root:nextobject: (9336, 156.1456)
DEBUG:root:nextobject: (9345, 422.4236)
DEBUG:root:do_keyword: pos=9354, token=Td, stack=[]
DEBUG:root:nextobject: (9354, Td)
DEBUG:root:nextobject: (9357, 'were')
DEBUG:root:do_keyword: pos=9364, token=Tj, stack=[]
DEBUG:root:nextobject: (9364, Tj)
DEBUG:root:do_keyword: pos=9367, token=ET, stack=[]
DEBUG:root:nextobject: (9367, ET)
DEBUG:root:do_keyword: pos=9370, token=BT, stack=[]
DEBUG:root:nextobject: (9370, BT)
DEBUG:root:nextobject: (9373, 191.3793)
DEBUG:root:nextobject: (9382, 422.4236)
DEBUG:root:do_keyword: pos=9391, token=Td, stack=[]
DEBUG:root:nextobject: (9391, Td)
DEBUG:root:nextobject: (9394, 'what')
DEBUG:root:do_keyword: pos=9401, token=Tj, stack=[]
DEBUG:root:nextobject: (9401, Tj)
DEBUG:root:do_keyword: pos=9404, token=ET, stack=[]
DEBUG:root:nextobject: (9404, ET)
DEBUG:root:do_keyword: pos=9407, token=BT, stack=[]
DEBUG:root:nextobject: (9407, BT)
DEBUG:root:nextobject: (9410, 227.3831)
DEBUG:root:nextobject: (9419, 422.4236)
DEBUG:root:do_keyword: pos=9428, token=Td, stack=[]
DEBUG:root:nextobject: (9428, Td)
DEBUG:root:nextobject: (9431, 'frightened')
DEBUG:root:do_keyword: pos=9444, token=Tj, stack=[]
DEBUG:root:nextobject: (9444, Tj)
DEBUG:root:do_keyword: pos=9447, token=ET, stack=[]
DEBUG:root:nextobject: (9447, ET)
DEBUG:root:do_keyword: pos=9450, token=BT, stack=[]
DEBUG:root:nextobject: (9450, BT)
DEBUG:root:nextobject: (9453, 296.8748)
DEBUG:root:nextobject: (9462, 422.4236)
DEBUG:root:do_keyword: pos=9471, token=Td, stack=[]
DEBUG:root:nextobject: (9471, Td)
DEBUG:root:nextobject: (9474, 'people')
DEBUG:root:do_keyword: pos=9483, token=Tj, stack=[]
DEBUG:root:nextobject: (9483, Tj)
DEBUG:root:do_keyword: pos=9486, token=ET, stack=[]
DEBUG:root:nextobject: (9486, ET)
DEBUG:root:do_keyword: pos=9489, token=BT, stack=[]
DEBUG:root:nextobject: (9489, BT)
DEBUG:root:nextobject: (9492, 343.4485)
DEBUG:root:nextobject: (9501, 422.4236)
DEBUG:root:do_keyword: pos=9510, token=Td, stack=[]
DEBUG:root:nextobject: (9510, Td)
DEBUG:root:nextobject: (9513, 'worst')
DEBUG:root:do_keyword: pos=9521, token=Tj, stack=[]
DEBUG:root:nextobject: (9521, Tj)
DEBUG:root:do_keyword: pos=9524, token=ET, stack=[]
DEBUG:root:nextobject: (9524, ET)
DEBUG:root:do_keyword: pos=9527, token=BT, stack=[]
DEBUG:root:nextobject: (9527, BT)
DEBUG:root:nextobject: (9530, 383.4143)
DEBUG:root:nextobject: (9539, 422.4236)
DEBUG:root:do_keyword: pos=9548, token=Td, stack=[]
DEBUG:root:nextobject: (9548, Td)
DEBUG:root:nextobject: (9551, 'of')
DEBUG:root:do_keyword: pos=9556, token=Tj, stack=[]
DEBUG:root:nextobject: (9556, Tj)
DEBUG:root:do_keyword: pos=9559, token=ET, stack=[]
DEBUG:root:nextobject: (9559, ET)
DEBUG:root:do_keyword: pos=9562, token=BT, stack=[]
DEBUG:root:nextobject: (9562, BT)
DEBUG:root:nextobject: (9565, 400.336)
DEBUG:root:nextobject: (9574, 422.4236)
DEBUG:root:do_keyword: pos=9583, token=Td, stack=[]
DEBUG:root:nextobject: (9583, Td)
DEBUG:root:nextobject: (9586, 'all.')
DEBUG:root:do_keyword: pos=9593, token=Tj, stack=[]
DEBUG:root:nextobject: (9593, Tj)
DEBUG:root:do_keyword: pos=9596, token=ET, stack=[]
DEBUG:root:nextobject: (9596, ET)
DEBUG:root:do_keyword: pos=9599, token=BT, stack=[]
DEBUG:root:nextobject: (9599, BT)
DEBUG:root:nextobject: (9602, 423.5997)
DEBUG:root:nextobject: (9611, 422.4236)
DEBUG:root:do_keyword: pos=9620, token=Td, stack=[]
DEBUG:root:nextobject: (9620, Td)
DEBUG:root:nextobject: (9623, 'Dreadful')
DEBUG:root:do_keyword: pos=9634, token=Tj, stack=[]
DEBUG:root:nextobject: (9634, Tj)
DEBUG:root:do_keyword: pos=9637, token=ET, stack=[]
DEBUG:root:nextobject: (9637, ET)
DEBUG:root:do_keyword: pos=9640, token=BT, stack=[]
DEBUG:root:nextobject: (9640, BT)
DEBUG:root:nextobject: (9643, 484.0194)
DEBUG:root:nextobject: (9652, 422.4236)
DEBUG:root:do_keyword: pos=9661, token=Td, stack=[]
DEBUG:root:nextobject: (9661, Td)
DEBUG:root:nextobject: (9664, 'stories')
DEBUG:root:do_keyword: pos=9674, token=Tj, stack=[]
DEBUG:root:nextobject: (9674, Tj)
DEBUG:root:do_keyword: pos=9677, token=ET, stack=[]
DEBUG:root:nextobject: (9677, ET)
DEBUG:root:do_keyword: pos=9680, token=BT, stack=[]
DEBUG:root:nextobject: (9680, BT)
DEBUG:root:nextobject: (9683, 70.8661)
DEBUG:root:nextobject: (9691, 405.6236)
DEBUG:root:do_keyword: pos=9700, token=Td, stack=[]
DEBUG:root:nextobject: (9700, Td)
DEBUG:root:nextobject: (9703, 'they')
DEBUG:root:do_keyword: pos=9710, token=Tj, stack=[]
DEBUG:root:nextobject: (9710, Tj)
DEBUG:root:do_keyword: pos=9713, token=ET, stack=[]
DEBUG:root:nextobject: (9713, ET)
DEBUG:root:do_keyword: pos=9716, token=BT, stack=[]
DEBUG:root:nextobject: (9716, BT)
DEBUG:root:nextobject: (9719, 103.9467)
DEBUG:root:nextobject: (9728, 405.6236)
DEBUG:root:do_keyword: pos=9737, token=Td, stack=[]
DEBUG:root:nextobject: (9737, Td)
DEBUG:root:nextobject: (9740, b'were\xd1about')
DEBUG:root:do_keyword: pos=9753, token=Tj, stack=[]
DEBUG:root:nextobject: (9753, Tj)
DEBUG:root:do_keyword: pos=9756, token=ET, stack=[]
DEBUG:root:nextobject: (9756, ET)
DEBUG:root:do_keyword: pos=9759, token=BT, stack=[]
DEBUG:root:nextobject: (9759, BT)
DEBUG:root:nextobject: (9762, 189.8352)
DEBUG:root:nextobject: (9771, 405.6236)
DEBUG:root:do_keyword: pos=9780, token=Td, stack=[]
DEBUG:root:nextobject: (9780, Td)
DEBUG:root:nextobject: (9783, 'hanging,')
DEBUG:root:do_keyword: pos=9794, token=Tj, stack=[]
DEBUG:root:nextobject: (9794, Tj)
DEBUG:root:do_keyword: pos=9797, token=ET, stack=[]
DEBUG:root:nextobject: (9797, ET)
DEBUG:root:do_keyword: pos=9800, token=BT, stack=[]
DEBUG:root:nextobject: (9800, BT)
DEBUG:root:nextobject: (9803, 250.2997)
DEBUG:root:nextobject: (9812, 405.6236)
DEBUG:root:do_keyword: pos=9821, token=Td, stack=[]
DEBUG:root:nextobject: (9821, Td)
DEBUG:root:nextobject: (9824, 'and')
DEBUG:root:do_keyword: pos=9830, token=Tj, stack=[]
DEBUG:root:nextobject: (9830, Tj)
DEBUG:root:do_keyword: pos=9833, token=ET, stack=[]
DEBUG:root:nextobject: (9833, ET)
DEBUG:root:do_keyword: pos=9836, token=BT, stack=[]
DEBUG:root:nextobject: (9836, BT)
DEBUG:root:nextobject: (9839, 279.8803)
DEBUG:root:nextobject: (9848, 405.6236)
DEBUG:root:do_keyword: pos=9857, token=Td, stack=[]
DEBUG:root:nextobject: (9857, Td)
DEBUG:root:nextobject: (9860, 'walking')
DEBUG:root:do_keyword: pos=9870, token=Tj, stack=[]
DEBUG:root:nextobject: (9870, Tj)
DEBUG:root:do_keyword: pos=9873, token=ET, stack=[]
DEBUG:root:nextobject: (9873, ET)
DEBUG:root:do_keyword: pos=9876, token=BT, stack=[]
DEBUG:root:nextobject: (9876, BT)
DEBUG:root:nextobject: (9879, 336.2988)
DEBUG:root:nextobject: (9888, 405.6236)
DEBUG:root:do_keyword: pos=9897, token=Td, stack=[]
DEBUG:root:nextobject: (9897, Td)
DEBUG:root:nextobject: (9900, 'the')
DEBUG:root:do_keyword: pos=9906, token=Tj, stack=[]
DEBUG:root:nextobject: (9906, Tj)
DEBUG:root:do_keyword: pos=9909, token=ET, stack=[]
DEBUG:root:nextobject: (9909, ET)
DEBUG:root:do_keyword: pos=9912, token=BT, stack=[]
DEBUG:root:nextobject: (9912, BT)
DEBUG:root:nextobject: (9915, 361.5953)
DEBUG:root:nextobject: (9924, 405.6236)
DEBUG:root:do_keyword: pos=9933, token=Td, stack=[]
DEBUG:root:nextobject: (9933, Td)
DEBUG:root:nextobject: (9936, 'plank,')
DEBUG:root:do_keyword: pos=9945, token=Tj, stack=[]
DEBUG:root:nextobject: (9945, Tj)
DEBUG:root:do_keyword: pos=9948, token=ET, stack=[]
DEBUG:root:nextobject: (9948, ET)
DEBUG:root:do_keyword: pos=9951, token=BT, stack=[]
DEBUG:root:nextobject: (9951, BT)
DEBUG:root:nextobject: (9954, 406.3939)
DEBUG:root:nextobject: (9963, 405.6236)
DEBUG:root:do_keyword: pos=9972, token=Td, stack=[]
DEBUG:root:nextobject: (9972, Td)
DEBUG:root:nextobject: (9975, 'and')
DEBUG:root:do_keyword: pos=9981, token=Tj, stack=[]
DEBUG:root:nextobject: (9981, Tj)
DEBUG:root:do_keyword: pos=9984, token=ET, stack=[]
DEBUG:root:nextobject: (9984, ET)
DEBUG:root:do_keyword: pos=9987, token=BT, stack=[]
DEBUG:root:nextobject: (9987, BT)
DEBUG:root:nextobject: (9990, 435.9744)
DEBUG:root:nextobject: (9999, 405.6236)
DEBUG:root:do_keyword: pos=10008, token=Td, stack=[]
DEBUG:root:nextobject: (10008, Td)
DEBUG:root:nextobject: (10011, 'storms')
DEBUG:root:do_keyword: pos=10020, token=Tj, stack=[]
DEBUG:root:nextobject: (10020, Tj)
DEBUG:root:do_keyword: pos=10023, token=ET, stack=[]
DEBUG:root:nextobject: (10023, ET)
DEBUG:root:do_keyword: pos=10026, token=BT, stack=[]
DEBUG:root:nextobject: (10026, BT)
DEBUG:root:nextobject: (10029, 483.8249)
DEBUG:root:nextobject: (10038, 405.6236)
DEBUG:root:do_keyword: pos=10047, token=Td, stack=[]
DEBUG:root:nextobject: (10047, Td)
DEBUG:root:nextobject: (10050, 'at')
DEBUG:root:do_keyword: pos=10055, token=Tj, stack=[]
DEBUG:root:nextobject: (10055, Tj)
DEBUG:root:do_keyword: pos=10058, token=ET, stack=[]
DEBUG:root:nextobject: (10058, ET)
DEBUG:root:do_keyword: pos=10061, token=BT, stack=[]
DEBUG:root:nextobject: (10061, BT)
DEBUG:root:nextobject: (10064, 501.2674)
DEBUG:root:nextobject: (10073, 405.6236)
DEBUG:root:do_keyword: pos=10082, token=Td, stack=[]
DEBUG:root:nextobject: (10082, Td)
DEBUG:root:nextobject: (10085, 'sea,')
DEBUG:root:do_keyword: pos=10092, token=Tj, stack=[]
DEBUG:root:nextobject: (10092, Tj)
DEBUG:root:do_keyword: pos=10095, token=ET, stack=[]
DEBUG:root:nextobject: (10095, ET)
DEBUG:root:do_keyword: pos=10098, token=BT, stack=[]
DEBUG:root:nextobject: (10098, BT)
DEBUG:root:nextobject: (10101, 70.8661)
DEBUG:root:nextobject: (10109, 388.8236)
DEBUG:root:do_keyword: pos=10118, token=Td, stack=[]
DEBUG:root:nextobject: (10118, Td)
DEBUG:root:nextobject: (10121, 'and')
DEBUG:root:do_keyword: pos=10127, token=Tj, stack=[]
DEBUG:root:nextobject: (10127, Tj)
DEBUG:root:do_keyword: pos=10130, token=ET, stack=[]
DEBUG:root:nextobject: (10130, ET)
DEBUG:root:do_keyword: pos=10133, token=BT, stack=[]
DEBUG:root:nextobject: (10133, BT)
DEBUG:root:nextobject: (10136, 99.2733)
DEBUG:root:nextobject: (10144, 388.8236)
DEBUG:root:do_keyword: pos=10153, token=Td, stack=[]
DEBUG:root:nextobject: (10153, Td)
DEBUG:root:nextobject: (10156, 'the')
DEBUG:root:do_keyword: pos=10162, token=Tj, stack=[]
DEBUG:root:nextobject: (10162, Tj)
DEBUG:root:do_keyword: pos=10165, token=ET, stack=[]
DEBUG:root:nextobject: (10165, ET)
DEBUG:root:do_keyword: pos=10168, token=BT, stack=[]
DEBUG:root:nextobject: (10168, BT)
DEBUG:root:nextobject: (10171, 123.3964)
DEBUG:root:nextobject: (10180, 388.8236)
DEBUG:root:do_keyword: pos=10189, token=Td, stack=[]
DEBUG:root:nextobject: (10189, Td)
DEBUG:root:nextobject: (10192, 'Dry')
DEBUG:root:do_keyword: pos=10198, token=Tj, stack=[]
DEBUG:root:nextobject: (10198, Tj)
DEBUG:root:do_keyword: pos=10201, token=ET, stack=[]
DEBUG:root:nextobject: (10201, ET)
DEBUG:root:do_keyword: pos=10204, token=BT, stack=[]
DEBUG:root:nextobject: (10204, BT)
DEBUG:root:nextobject: (10207, 152.2515)
DEBUG:root:nextobject: (10216, 388.8236)
DEBUG:root:do_keyword: pos=10225, token=Td, stack=[]
DEBUG:root:nextobject: (10225, Td)
DEBUG:root:nextobject: (10228, 'Tortugas,')
DEBUG:root:do_keyword: pos=10240, token=Tj, stack=[]
DEBUG:root:nextobject: (10240, Tj)
DEBUG:root:do_keyword: pos=10243, token=ET, stack=[]
DEBUG:root:nextobject: (10243, ET)
DEBUG:root:do_keyword: pos=10246, token=BT, stack=[]
DEBUG:root:nextobject: (10246, BT)
DEBUG:root:nextobject: (10249, 215.9386)
DEBUG:root:nextobject: (10258, 388.8236)
DEBUG:root:do_keyword: pos=10267, token=Td, stack=[]
DEBUG:root:nextobject: (10267, Td)
DEBUG:root:nextobject: (10270, 'and')
DEBUG:root:do_keyword: pos=10276, token=Tj, stack=[]
DEBUG:root:nextobject: (10276, Tj)
DEBUG:root:do_keyword: pos=10279, token=ET, stack=[]
DEBUG:root:nextobject: (10279, ET)
DEBUG:root:do_keyword: pos=10282, token=BT, stack=[]
DEBUG:root:nextobject: (10282, BT)
DEBUG:root:nextobject: (10285, 244.3457)
DEBUG:root:nextobject: (10294, 388.8236)
DEBUG:root:do_keyword: pos=10303, token=Td, stack=[]
DEBUG:root:nextobject: (10303, Td)
DEBUG:root:nextobject: (10306, 'wild')
DEBUG:root:do_keyword: pos=10313, token=Tj, stack=[]
DEBUG:root:nextobject: (10313, Tj)
DEBUG:root:do_keyword: pos=10316, token=ET, stack=[]
DEBUG:root:nextobject: (10316, ET)
DEBUG:root:do_keyword: pos=10319, token=BT, stack=[]
DEBUG:root:nextobject: (10319, BT)
DEBUG:root:nextobject: (10322, 277.4288)
DEBUG:root:nextobject: (10331, 388.8236)
DEBUG:root:do_keyword: pos=10340, token=Td, stack=[]
DEBUG:root:nextobject: (10340, Td)
DEBUG:root:nextobject: (10343, 'deeds')
DEBUG:root:do_keyword: pos=10351, token=Tj, stack=[]
DEBUG:root:nextobject: (10351, Tj)
DEBUG:root:do_keyword: pos=10354, token=ET, stack=[]
DEBUG:root:nextobject: (10354, ET)
DEBUG:root:do_keyword: pos=10357, token=BT, stack=[]
DEBUG:root:nextobject: (10357, BT)
DEBUG:root:nextobject: (10360, 318.5899)
DEBUG:root:nextobject: (10369, 388.8236)
DEBUG:root:do_keyword: pos=10378, token=Td, stack=[]
DEBUG:root:nextobject: (10378, Td)
DEBUG:root:nextobject: (10381, 'and')
DEBUG:root:do_keyword: pos=10387, token=Tj, stack=[]
DEBUG:root:nextobject: (10387, Tj)
DEBUG:root:do_keyword: pos=10390, token=ET, stack=[]
DEBUG:root:nextobject: (10390, ET)
DEBUG:root:do_keyword: pos=10393, token=BT, stack=[]
DEBUG:root:nextobject: (10393, BT)
DEBUG:root:nextobject: (10396, 346.997)
DEBUG:root:nextobject: (10405, 388.8236)
DEBUG:root:do_keyword: pos=10414, token=Td, stack=[]
DEBUG:root:nextobject: (10414, Td)
DEBUG:root:nextobject: (10417, 'places')
DEBUG:root:do_keyword: pos=10426, token=Tj, stack=[]
DEBUG:root:nextobject: (10426, Tj)
DEBUG:root:do_keyword: pos=10429, token=ET, stack=[]
DEBUG:root:nextobject: (10429, ET)
DEBUG:root:do_keyword: pos=10432, token=BT, stack=[]
DEBUG:root:nextobject: (10432, BT)
DEBUG:root:nextobject: (10435, 390.0481)
DEBUG:root:nextobject: (10444, 388.8236)
DEBUG:root:do_keyword: pos=10453, token=Td, stack=[]
DEBUG:root:nextobject: (10453, Td)
DEBUG:root:nextobject: (10456, 'on')
DEBUG:root:do_keyword: pos=10461, token=Tj, stack=[]
DEBUG:root:nextobject: (10461, Tj)
DEBUG:root:do_keyword: pos=10464, token=ET, stack=[]
DEBUG:root:nextobject: (10464, ET)
DEBUG:root:do_keyword: pos=10467, token=BT, stack=[]
DEBUG:root:nextobject: (10467, BT)
DEBUG:root:nextobject: (10470, 410.5452)
DEBUG:root:nextobject: (10479, 388.8236)
DEBUG:root:do_keyword: pos=10488, token=Td, stack=[]
DEBUG:root:nextobject: (10488, Td)
DEBUG:root:nextobject: (10491, 'the')
DEBUG:root:do_keyword: pos=10497, token=Tj, stack=[]
DEBUG:root:nextobject: (10497, Tj)
DEBUG:root:do_keyword: pos=10500, token=ET, stack=[]
DEBUG:root:nextobject: (10500, ET)
DEBUG:root:do_keyword: pos=10503, token=BT, stack=[]
DEBUG:root:nextobject: (10503, BT)
DEBUG:root:nextobject: (10506, 434.6683)
DEBUG:root:nextobject: (10515, 388.8236)
DEBUG:root:do_keyword: pos=10524, token=Td, stack=[]
DEBUG:root:nextobject: (10524, Td)
DEBUG:root:nextobject: (10527, 'Spanish')
DEBUG:root:do_keyword: pos=10537, token=Tj, stack=[]
DEBUG:root:nextobject: (10537, Tj)
DEBUG:root:do_keyword: pos=10540, token=ET, stack=[]
DEBUG:root:nextobject: (10540, ET)
DEBUG:root:do_keyword: pos=10543, token=BT, stack=[]
DEBUG:root:nextobject: (10543, BT)
DEBUG:root:nextobject: (10546, 488.4434)
DEBUG:root:nextobject: (10555, 388.8236)
DEBUG:root:do_keyword: pos=10564, token=Td, stack=[]
DEBUG:root:nextobject: (10564, Td)
DEBUG:root:nextobject: (10567, 'Main.')
DEBUG:root:do_keyword: pos=10575, token=Tj, stack=[]
DEBUG:root:nextobject: (10575, Tj)
DEBUG:root:do_keyword: pos=10578, token=ET, stack=[]
DEBUG:root:nextobject: (10578, ET)
DEBUG:root:do_keyword: pos=10581, token=BT, stack=[]
DEBUG:root:nextobject: (10581, BT)
DEBUG:root:nextobject: (10584, 70.8661)
DEBUG:root:nextobject: (10592, 372.0236)
DEBUG:root:do_keyword: pos=10601, token=Td, stack=[]
DEBUG:root:nextobject: (10601, Td)
DEBUG:root:nextobject: (10604, 'By')
DEBUG:root:do_keyword: pos=10609, token=Tj, stack=[]
DEBUG:root:nextobject: (10609, Tj)
DEBUG:root:do_keyword: pos=10612, token=ET, stack=[]
DEBUG:root:nextobject: (10612, ET)
DEBUG:root:do_keyword: pos=10615, token=BT, stack=[]
DEBUG:root:nextobject: (10615, BT)
DEBUG:root:nextobject: (10618, 91.2551)
DEBUG:root:nextobject: (10626, 372.0236)
DEBUG:root:do_keyword: pos=10635, token=Td, stack=[]
DEBUG:root:nextobject: (10635, Td)
DEBUG:root:nextobject: (10638, 'his')
DEBUG:root:do_keyword: pos=10644, token=Tj, stack=[]
DEBUG:root:nextobject: (10644, Tj)
DEBUG:root:do_keyword: pos=10647, token=ET, stack=[]
DEBUG:root:nextobject: (10647, ET)
DEBUG:root:do_keyword: pos=10650, token=BT, stack=[]
DEBUG:root:nextobject: (10650, BT)
DEBUG:root:nextobject: (10653, 113.464)
DEBUG:root:nextobject: (10662, 372.0236)
DEBUG:root:do_keyword: pos=10671, token=Td, stack=[]
DEBUG:root:nextobject: (10671, Td)
DEBUG:root:nextobject: (10674, 'own')
DEBUG:root:do_keyword: pos=10680, token=Tj, stack=[]
DEBUG:root:nextobject: (10680, Tj)
DEBUG:root:do_keyword: pos=10683, token=ET, stack=[]
DEBUG:root:nextobject: (10683, ET)
DEBUG:root:do_keyword: pos=10686, token=BT, stack=[]
DEBUG:root:nextobject: (10686, BT)
DEBUG:root:nextobject: (10689, 144.983)
DEBUG:root:nextobject: (10698, 372.0236)
DEBUG:root:do_keyword: pos=10707, token=Td, stack=[]
DEBUG:root:nextobject: (10707, Td)
DEBUG:root:nextobject: (10710, 'account')
DEBUG:root:do_keyword: pos=10720, token=Tj, stack=[]
DEBUG:root:nextobject: (10720, Tj)
DEBUG:root:do_keyword: pos=10723, token=ET, stack=[]
DEBUG:root:nextobject: (10723, ET)
DEBUG:root:do_keyword: pos=10726, token=BT, stack=[]
DEBUG:root:nextobject: (10726, BT)
DEBUG:root:nextobject: (10729, 197.2639)
DEBUG:root:nextobject: (10738, 372.0236)
DEBUG:root:do_keyword: pos=10747, token=Td, stack=[]
DEBUG:root:nextobject: (10747, Td)
DEBUG:root:nextobject: (10750, 'he')
DEBUG:root:do_keyword: pos=10755, token=Tj, stack=[]
DEBUG:root:nextobject: (10755, Tj)
DEBUG:root:do_keyword: pos=10758, token=ET, stack=[]
DEBUG:root:nextobject: (10758, ET)
DEBUG:root:do_keyword: pos=10761, token=BT, stack=[]
DEBUG:root:nextobject: (10761, BT)
DEBUG:root:nextobject: (10764, 216.1689)
DEBUG:root:nextobject: (10773, 372.0236)
DEBUG:root:do_keyword: pos=10782, token=Td, stack=[]
DEBUG:root:nextobject: (10782, Td)
DEBUG:root:nextobject: (10785, 'must')
DEBUG:root:do_keyword: pos=10792, token=Tj, stack=[]
DEBUG:root:nextobject: (10792, Tj)
DEBUG:root:do_keyword: pos=10795, token=ET, stack=[]
DEBUG:root:nextobject: (10795, ET)
DEBUG:root:do_keyword: pos=10798, token=BT, stack=[]
DEBUG:root:nextobject: (10798, BT)
DEBUG:root:nextobject: (10801, 251.5238)
DEBUG:root:nextobject: (10810, 372.0236)
DEBUG:root:do_keyword: pos=10819, token=Td, stack=[]
DEBUG:root:nextobject: (10819, Td)
DEBUG:root:nextobject: (10822, 'have')
DEBUG:root:do_keyword: pos=10829, token=Tj, stack=[]
DEBUG:root:nextobject: (10829, Tj)
DEBUG:root:do_keyword: pos=10832, token=ET, stack=[]
DEBUG:root:nextobject: (10832, ET)
DEBUG:root:do_keyword: pos=10835, token=BT, stack=[]
DEBUG:root:nextobject: (10835, BT)
DEBUG:root:nextobject: (10838, 285.3388)
DEBUG:root:nextobject: (10847, 372.0236)
DEBUG:root:do_keyword: pos=10856, token=Td, stack=[]
DEBUG:root:nextobject: (10856, Td)
DEBUG:root:nextobject: (10859, 'lived')
DEBUG:root:do_keyword: pos=10867, token=Tj, stack=[]
DEBUG:root:nextobject: (10867, Tj)
DEBUG:root:do_keyword: pos=10870, token=ET, stack=[]
DEBUG:root:nextobject: (10870, ET)
DEBUG:root:do_keyword: pos=10873, token=BT, stack=[]
DEBUG:root:nextobject: (10873, BT)
DEBUG:root:nextobject: (10876, 320.7077)
DEBUG:root:nextobject: (10885, 372.0236)
DEBUG:root:do_keyword: pos=10894, token=Td, stack=[]
DEBUG:root:nextobject: (10894, Td)
DEBUG:root:nextobject: (10897, 'his')
DEBUG:root:do_keyword: pos=10903, token=Tj, stack=[]
DEBUG:root:nextobject: (10903, Tj)
DEBUG:root:do_keyword: pos=10906, token=ET, stack=[]
DEBUG:root:nextobject: (10906, ET)
DEBUG:root:do_keyword: pos=10909, token=BT, stack=[]
DEBUG:root:nextobject: (10909, BT)
DEBUG:root:nextobject: (10912, 342.9167)
DEBUG:root:nextobject: (10921, 372.0236)
DEBUG:root:do_keyword: pos=10930, token=Td, stack=[]
DEBUG:root:nextobject: (10930, Td)
DEBUG:root:nextobject: (10933, 'life')
DEBUG:root:do_keyword: pos=10940, token=Tj, stack=[]
DEBUG:root:nextobject: (10940, Tj)
DEBUG:root:do_keyword: pos=10943, token=ET, stack=[]
DEBUG:root:nextobject: (10943, ET)
DEBUG:root:do_keyword: pos=10946, token=BT, stack=[]
DEBUG:root:nextobject: (10946, BT)
DEBUG:root:nextobject: (10949, 366.4836)
DEBUG:root:nextobject: (10958, 372.0236)
DEBUG:root:do_keyword: pos=10967, token=Td, stack=[]
DEBUG:root:nextobject: (10967, Td)
DEBUG:root:nextobject: (10970, 'among')
DEBUG:root:do_keyword: pos=10978, token=Tj, stack=[]
DEBUG:root:nextobject: (10978, Tj)
DEBUG:root:do_keyword: pos=10981, token=ET, stack=[]
DEBUG:root:nextobject: (10981, ET)
DEBUG:root:do_keyword: pos=10984, token=BT, stack=[]
DEBUG:root:nextobject: (10984, BT)
DEBUG:root:nextobject: (10987, 413.4726)
DEBUG:root:nextobject: (10996, 372.0236)
DEBUG:root:do_keyword: pos=11005, token=Td, stack=[]
DEBUG:root:nextobject: (11005, Td)
DEBUG:root:nextobject: (11008, 'some')
DEBUG:root:do_keyword: pos=11015, token=Tj, stack=[]
DEBUG:root:nextobject: (11015, Tj)
DEBUG:root:do_keyword: pos=11018, token=ET, stack=[]
DEBUG:root:nextobject: (11018, ET)
DEBUG:root:do_keyword: pos=11021, token=BT, stack=[]
DEBUG:root:nextobject: (11021, BT)
DEBUG:root:nextobject: (11024, 450.1715)
DEBUG:root:nextobject: (11033, 372.0236)
DEBUG:root:do_keyword: pos=11042, token=Td, stack=[]
DEBUG:root:nextobject: (11042, Td)
DEBUG:root:nextobject: (11045, 'of')
DEBUG:root:do_keyword: pos=11050, token=Tj, stack=[]
DEBUG:root:nextobject: (11050, Tj)
DEBUG:root:do_keyword: pos=11053, token=ET, stack=[]
DEBUG:root:nextobject: (11053, ET)
DEBUG:root:do_keyword: pos=11056, token=BT, stack=[]
DEBUG:root:nextobject: (11056, BT)
DEBUG:root:nextobject: (11059, 466.5285)
DEBUG:root:nextobject: (11068, 372.0236)
DEBUG:root:do_keyword: pos=11077, token=Td, stack=[]
DEBUG:root:nextobject: (11077, Td)
DEBUG:root:nextobject: (11080, 'the')
DEBUG:root:do_keyword: pos=11086, token=Tj, stack=[]
DEBUG:root:nextobject: (11086, Tj)
DEBUG:root:do_keyword: pos=11089, token=ET, stack=[]
DEBUG:root:nextobject: (11089, ET)
DEBUG:root:do_keyword: pos=11092, token=BT, stack=[]
DEBUG:root:nextobject: (11092, BT)
DEBUG:root:nextobject: (11095, 489.9974)
DEBUG:root:nextobject: (11104, 372.0236)
DEBUG:root:do_keyword: pos=11113, token=Td, stack=[]
DEBUG:root:nextobject: (11113, Td)
DEBUG:root:nextobject: (11116, 'wick-')
DEBUG:root:do_keyword: pos=11124, token=Tj, stack=[]
DEBUG:root:nextobject: (11124, Tj)
DEBUG:root:do_keyword: pos=11127, token=ET, stack=[]
DEBUG:root:nextobject: (11127, ET)
DEBUG:root:do_keyword: pos=11130, token=BT, stack=[]
DEBUG:root:nextobject: (11130, BT)
DEBUG:root:nextobject: (11133, 70.8661)
DEBUG:root:nextobject: (11141, 355.2236)
DEBUG:root:do_keyword: pos=11150, token=Td, stack=[]
DEBUG:root:nextobject: (11150, Td)
DEBUG:root:nextobject: (11153, 'edest')
DEBUG:root:do_keyword: pos=11161, token=Tj, stack=[]
DEBUG:root:nextobject: (11161, Tj)
DEBUG:root:do_keyword: pos=11164, token=ET, stack=[]
DEBUG:root:nextobject: (11164, ET)
DEBUG:root:do_keyword: pos=11167, token=BT, stack=[]
DEBUG:root:nextobject: (11167, BT)
DEBUG:root:nextobject: (11170, 109.8853)
DEBUG:root:nextobject: (11179, 355.2236)
DEBUG:root:do_keyword: pos=11188, token=Td, stack=[]
DEBUG:root:nextobject: (11188, Td)
DEBUG:root:nextobject: (11191, 'men')
DEBUG:root:do_keyword: pos=11197, token=Tj, stack=[]
DEBUG:root:nextobject: (11197, Tj)
DEBUG:root:do_keyword: pos=11200, token=ET, stack=[]
DEBUG:root:nextobject: (11200, ET)
DEBUG:root:do_keyword: pos=11203, token=BT, stack=[]
DEBUG:root:nextobject: (11203, BT)
DEBUG:root:nextobject: (11206, 143.6544)
DEBUG:root:nextobject: (11215, 355.2236)
DEBUG:root:do_keyword: pos=11224, token=Td, stack=[]
DEBUG:root:nextobject: (11224, Td)
DEBUG:root:nextobject: (11227, 'that')
DEBUG:root:do_keyword: pos=11234, token=Tj, stack=[]
DEBUG:root:nextobject: (11234, Tj)
DEBUG:root:do_keyword: pos=11237, token=ET, stack=[]
DEBUG:root:nextobject: (11237, ET)
DEBUG:root:do_keyword: pos=11240, token=BT, stack=[]
DEBUG:root:nextobject: (11240, BT)
DEBUG:root:nextobject: (11243, 174.4835)
DEBUG:root:nextobject: (11252, 355.2236)
DEBUG:root:do_keyword: pos=11261, token=Td, stack=[]
DEBUG:root:nextobject: (11261, Td)
DEBUG:root:nextobject: (11264, 'God')
DEBUG:root:do_keyword: pos=11270, token=Tj, stack=[]
DEBUG:root:nextobject: (11270, Tj)
DEBUG:root:do_keyword: pos=11273, token=ET, stack=[]
DEBUG:root:nextobject: (11273, ET)
DEBUG:root:do_keyword: pos=11276, token=BT, stack=[]
DEBUG:root:nextobject: (11276, BT)
DEBUG:root:nextobject: (11279, 207.9166)
DEBUG:root:nextobject: (11288, 355.2236)
DEBUG:root:do_keyword: pos=11297, token=Td, stack=[]
DEBUG:root:nextobject: (11297, Td)
DEBUG:root:nextobject: (11300, 'ever')
DEBUG:root:do_keyword: pos=11307, token=Tj, stack=[]
DEBUG:root:nextobject: (11307, Tj)
DEBUG:root:do_keyword: pos=11310, token=ET, stack=[]
DEBUG:root:nextobject: (11310, ET)
DEBUG:root:do_keyword: pos=11313, token=BT, stack=[]
DEBUG:root:nextobject: (11313, BT)
DEBUG:root:nextobject: (11316, 241.3217)
DEBUG:root:nextobject: (11325, 355.2236)
DEBUG:root:do_keyword: pos=11334, token=Td, stack=[]
DEBUG:root:nextobject: (11334, Td)
DEBUG:root:nextobject: (11337, 'allowed')
DEBUG:root:do_keyword: pos=11347, token=Tj, stack=[]
DEBUG:root:nextobject: (11347, Tj)
DEBUG:root:do_keyword: pos=11350, token=ET, stack=[]
DEBUG:root:nextobject: (11350, ET)
DEBUG:root:do_keyword: pos=11353, token=BT, stack=[]
DEBUG:root:nextobject: (11353, BT)
DEBUG:root:nextobject: (11356, 297.6028)
DEBUG:root:nextobject: (11365, 355.2236)
DEBUG:root:do_keyword: pos=11374, token=Td, stack=[]
DEBUG:root:nextobject: (11374, Td)
DEBUG:root:nextobject: (11377, 'upon')
DEBUG:root:do_keyword: pos=11384, token=Tj, stack=[]
DEBUG:root:nextobject: (11384, Tj)
DEBUG:root:do_keyword: pos=11387, token=ET, stack=[]
DEBUG:root:nextobject: (11387, ET)
DEBUG:root:do_keyword: pos=11390, token=BT, stack=[]
DEBUG:root:nextobject: (11390, BT)
DEBUG:root:nextobject: (11393, 336.8039)
DEBUG:root:nextobject: (11402, 355.2236)
DEBUG:root:do_keyword: pos=11411, token=Td, stack=[]
DEBUG:root:nextobject: (11411, Td)
DEBUG:root:nextobject: (11414, 'the')
DEBUG:root:do_keyword: pos=11420, token=Tj, stack=[]
DEBUG:root:nextobject: (11420, Tj)
DEBUG:root:do_keyword: pos=11423, token=ET, stack=[]
DEBUG:root:nextobject: (11423, ET)
DEBUG:root:do_keyword: pos=11426, token=BT, stack=[]
DEBUG:root:nextobject: (11426, BT)
DEBUG:root:nextobject: (11429, 362.775)
DEBUG:root:nextobject: (11438, 355.2236)
DEBUG:root:do_keyword: pos=11447, token=Td, stack=[]
DEBUG:root:nextobject: (11447, Td)
DEBUG:root:nextobject: (11450, 'sea,')
DEBUG:root:do_keyword: pos=11457, token=Tj, stack=[]
DEBUG:root:nextobject: (11457, Tj)
DEBUG:root:do_keyword: pos=11460, token=ET, stack=[]
DEBUG:root:nextobject: (11460, ET)
DEBUG:root:do_keyword: pos=11463, token=BT, stack=[]
DEBUG:root:nextobject: (11463, BT)
DEBUG:root:nextobject: (11466, 392.4701)
DEBUG:root:nextobject: (11475, 355.2236)
DEBUG:root:do_keyword: pos=11484, token=Td, stack=[]
DEBUG:root:nextobject: (11484, Td)
DEBUG:root:nextobject: (11487, 'and')
DEBUG:root:do_keyword: pos=11493, token=Tj, stack=[]
DEBUG:root:nextobject: (11493, Tj)
DEBUG:root:do_keyword: pos=11496, token=ET, stack=[]
DEBUG:root:nextobject: (11496, ET)
DEBUG:root:do_keyword: pos=11499, token=BT, stack=[]
DEBUG:root:nextobject: (11499, BT)
DEBUG:root:nextobject: (11502, 422.7252)
DEBUG:root:nextobject: (11511, 355.2236)
DEBUG:root:do_keyword: pos=11520, token=Td, stack=[]
DEBUG:root:nextobject: (11520, Td)
DEBUG:root:nextobject: (11523, 'the')
DEBUG:root:do_keyword: pos=11529, token=Tj, stack=[]
DEBUG:root:nextobject: (11529, Tj)
DEBUG:root:do_keyword: pos=11532, token=ET, stack=[]
DEBUG:root:nextobject: (11532, ET)
DEBUG:root:do_keyword: pos=11535, token=BT, stack=[]
DEBUG:root:nextobject: (11535, BT)
DEBUG:root:nextobject: (11538, 448.6963)
DEBUG:root:nextobject: (11547, 355.2236)
DEBUG:root:do_keyword: pos=11556, token=Td, stack=[]
DEBUG:root:nextobject: (11556, Td)
DEBUG:root:nextobject: (11559, 'language')
DEBUG:root:do_keyword: pos=11570, token=Tj, stack=[]
DEBUG:root:nextobject: (11570, Tj)
DEBUG:root:do_keyword: pos=11573, token=ET, stack=[]
DEBUG:root:nextobject: (11573, ET)
DEBUG:root:do_keyword: pos=11576, token=BT, stack=[]
DEBUG:root:nextobject: (11576, BT)
DEBUG:root:nextobject: (11579, 512.1874)
DEBUG:root:nextobject: (11588, 355.2236)
DEBUG:root:do_keyword: pos=11597, token=Td, stack=[]
DEBUG:root:nextobject: (11597, Td)
DEBUG:root:nextobject: (11600, 'in')
DEBUG:root:do_keyword: pos=11605, token=Tj, stack=[]
DEBUG:root:nextobject: (11605, Tj)
DEBUG:root:do_keyword: pos=11608, token=ET, stack=[]
DEBUG:root:nextobject: (11608, ET)
DEBUG:root:do_keyword: pos=11611, token=BT, stack=[]
DEBUG:root:nextobject: (11611, BT)
DEBUG:root:nextobject: (11614, 70.8661)
DEBUG:root:nextobject: (11622, 338.4236)
DEBUG:root:do_keyword: pos=11631, token=Td, stack=[]
DEBUG:root:nextobject: (11631, Td)
DEBUG:root:nextobject: (11634, 'which')
DEBUG:root:do_keyword: pos=11642, token=Tj, stack=[]
DEBUG:root:nextobject: (11642, Tj)
DEBUG:root:do_keyword: pos=11645, token=ET, stack=[]
DEBUG:root:nextobject: (11645, ET)
DEBUG:root:do_keyword: pos=11648, token=BT, stack=[]
DEBUG:root:nextobject: (11648, BT)
DEBUG:root:nextobject: (11651, 114.0395)
DEBUG:root:nextobject: (11660, 338.4236)
DEBUG:root:do_keyword: pos=11669, token=Td, stack=[]
DEBUG:root:nextobject: (11669, Td)
DEBUG:root:nextobject: (11672, 'he')
DEBUG:root:do_keyword: pos=11677, token=Tj, stack=[]
DEBUG:root:nextobject: (11677, Tj)
DEBUG:root:do_keyword: pos=11680, token=ET, stack=[]
DEBUG:root:nextobject: (11680, ET)
DEBUG:root:do_keyword: pos=11683, token=BT, stack=[]
DEBUG:root:nextobject: (11683, BT)
DEBUG:root:nextobject: (11686, 133.8049)
DEBUG:root:nextobject: (11695, 338.4236)
DEBUG:root:do_keyword: pos=11704, token=Td, stack=[]
DEBUG:root:nextobject: (11704, Td)
DEBUG:root:nextobject: (11707, 'told')
DEBUG:root:do_keyword: pos=11714, token=Tj, stack=[]
DEBUG:root:nextobject: (11714, Tj)
DEBUG:root:do_keyword: pos=11717, token=ET, stack=[]
DEBUG:root:nextobject: (11717, ET)
DEBUG:root:do_keyword: pos=11720, token=BT, stack=[]
DEBUG:root:nextobject: (11720, BT)
DEBUG:root:nextobject: (11723, 163.5523)
DEBUG:root:nextobject: (11732, 338.4236)
DEBUG:root:do_keyword: pos=11741, token=Td, stack=[]
DEBUG:root:nextobject: (11741, Td)
DEBUG:root:nextobject: (11744, 'these')
DEBUG:root:do_keyword: pos=11752, token=Tj, stack=[]
DEBUG:root:nextobject: (11752, Tj)
DEBUG:root:do_keyword: pos=11755, token=ET, stack=[]
DEBUG:root:nextobject: (11755, ET)
DEBUG:root:do_keyword: pos=11758, token=BT, stack=[]
DEBUG:root:nextobject: (11758, BT)
DEBUG:root:nextobject: (11761, 200.5237)
DEBUG:root:nextobject: (11770, 338.4236)
DEBUG:root:do_keyword: pos=11779, token=Td, stack=[]
DEBUG:root:nextobject: (11779, Td)
DEBUG:root:nextobject: (11782, 'stories')
DEBUG:root:do_keyword: pos=11792, token=Tj, stack=[]
DEBUG:root:nextobject: (11792, Tj)
DEBUG:root:do_keyword: pos=11795, token=ET, stack=[]
DEBUG:root:nextobject: (11795, ET)
DEBUG:root:do_keyword: pos=11798, token=BT, stack=[]
DEBUG:root:nextobject: (11798, BT)
DEBUG:root:nextobject: (11801, 245.8251)
DEBUG:root:nextobject: (11810, 338.4236)
DEBUG:root:do_keyword: pos=11819, token=Td, stack=[]
DEBUG:root:nextobject: (11819, Td)
DEBUG:root:nextobject: (11822, 'shocked')
DEBUG:root:do_keyword: pos=11832, token=Tj, stack=[]
DEBUG:root:nextobject: (11832, Tj)
DEBUG:root:do_keyword: pos=11835, token=ET, stack=[]
DEBUG:root:nextobject: (11835, ET)
DEBUG:root:do_keyword: pos=11838, token=BT, stack=[]
DEBUG:root:nextobject: (11838, BT)
DEBUG:root:nextobject: (11841, 301.7245)
DEBUG:root:nextobject: (11850, 338.4236)
DEBUG:root:do_keyword: pos=11859, token=Td, stack=[]
DEBUG:root:nextobject: (11859, Td)
DEBUG:root:nextobject: (11862, 'our')
DEBUG:root:do_keyword: pos=11868, token=Tj, stack=[]
DEBUG:root:nextobject: (11868, Tj)
DEBUG:root:do_keyword: pos=11871, token=ET, stack=[]
DEBUG:root:nextobject: (11871, ET)
DEBUG:root:do_keyword: pos=11874, token=BT, stack=[]
DEBUG:root:nextobject: (11874, BT)
DEBUG:root:nextobject: (11877, 328.2519)
DEBUG:root:nextobject: (11886, 338.4236)
DEBUG:root:do_keyword: pos=11895, token=Td, stack=[]
DEBUG:root:nextobject: (11895, Td)
DEBUG:root:nextobject: (11898, 'plain')
DEBUG:root:do_keyword: pos=11906, token=Tj, stack=[]
DEBUG:root:nextobject: (11906, Tj)
DEBUG:root:do_keyword: pos=11909, token=ET, stack=[]
DEBUG:root:nextobject: (11909, ET)
DEBUG:root:do_keyword: pos=11912, token=BT, stack=[]
DEBUG:root:nextobject: (11912, BT)
DEBUG:root:nextobject: (11915, 364.8733)
DEBUG:root:nextobject: (11924, 338.4236)
DEBUG:root:do_keyword: pos=11933, token=Td, stack=[]
DEBUG:root:nextobject: (11933, Td)
DEBUG:root:nextobject: (11936, 'country')
DEBUG:root:do_keyword: pos=11946, token=Tj, stack=[]
DEBUG:root:nextobject: (11946, Tj)
DEBUG:root:do_keyword: pos=11949, token=ET, stack=[]
DEBUG:root:nextobject: (11949, ET)
DEBUG:root:do_keyword: pos=11952, token=BT, stack=[]
DEBUG:root:nextobject: (11952, BT)
DEBUG:root:nextobject: (11955, 418.1127)
DEBUG:root:nextobject: (11964, 338.4236)
DEBUG:root:do_keyword: pos=11973, token=Td, stack=[]
DEBUG:root:nextobject: (11973, Td)
DEBUG:root:nextobject: (11976, 'people')
DEBUG:root:do_keyword: pos=11985, token=Tj, stack=[]
DEBUG:root:nextobject: (11985, Tj)
DEBUG:root:do_keyword: pos=11988, token=ET, stack=[]
DEBUG:root:nextobject: (11988, ET)
DEBUG:root:do_keyword: pos=11991, token=BT, stack=[]
DEBUG:root:nextobject: (11991, BT)
DEBUG:root:nextobject: (11994, 464.9821)
DEBUG:root:nextobject: (12003, 338.4236)
DEBUG:root:do_keyword: pos=12012, token=Td, stack=[]
DEBUG:root:nextobject: (12012, Td)
DEBUG:root:nextobject: (12015, 'almost')
DEBUG:root:do_keyword: pos=12024, token=Tj, stack=[]
DEBUG:root:nextobject: (12024, Tj)
DEBUG:root:do_keyword: pos=12027, token=ET, stack=[]
DEBUG:root:nextobject: (12027, ET)
DEBUG:root:do_keyword: pos=12030, token=BT, stack=[]
DEBUG:root:nextobject: (12030, BT)
DEBUG:root:nextobject: (12033, 511.4734)
DEBUG:root:nextobject: (12042, 338.4236)
DEBUG:root:do_keyword: pos=12051, token=Td, stack=[]
DEBUG:root:nextobject: (12051, Td)
DEBUG:root:nextobject: (12054, 'as')
DEBUG:root:do_keyword: pos=12059, token=Tj, stack=[]
DEBUG:root:nextobject: (12059, Tj)
DEBUG:root:do_keyword: pos=12062, token=ET, stack=[]
DEBUG:root:nextobject: (12062, ET)
DEBUG:root:do_keyword: pos=12065, token=BT, stack=[]
DEBUG:root:nextobject: (12065, BT)
DEBUG:root:nextobject: (12068, 70.8661)
DEBUG:root:nextobject: (12076, 321.6236)
DEBUG:root:do_keyword: pos=12085, token=Td, stack=[]
DEBUG:root:nextobject: (12085, Td)
DEBUG:root:nextobject: (12088, 'much')
DEBUG:root:do_keyword: pos=12095, token=Tj, stack=[]
DEBUG:root:nextobject: (12095, Tj)
DEBUG:root:do_keyword: pos=12098, token=ET, stack=[]
DEBUG:root:nextobject: (12098, ET)
DEBUG:root:do_keyword: pos=12101, token=BT, stack=[]
DEBUG:root:nextobject: (12101, BT)
DEBUG:root:nextobject: (12104, 110.7579)
DEBUG:root:nextobject: (12113, 321.6236)
DEBUG:root:do_keyword: pos=12122, token=Td, stack=[]
DEBUG:root:nextobject: (12122, Td)
DEBUG:root:nextobject: (12125, 'as')
DEBUG:root:do_keyword: pos=12130, token=Tj, stack=[]
DEBUG:root:nextobject: (12130, Tj)
DEBUG:root:do_keyword: pos=12133, token=ET, stack=[]
DEBUG:root:nextobject: (12133, ET)
DEBUG:root:do_keyword: pos=12136, token=BT, stack=[]
DEBUG:root:nextobject: (12136, BT)
DEBUG:root:nextobject: (12139, 128.4177)
DEBUG:root:nextobject: (12148, 321.6236)
DEBUG:root:do_keyword: pos=12157, token=Td, stack=[]
DEBUG:root:nextobject: (12157, Td)
DEBUG:root:nextobject: (12160, 'the')
DEBUG:root:do_keyword: pos=12166, token=Tj, stack=[]
DEBUG:root:nextobject: (12166, Tj)
DEBUG:root:do_keyword: pos=12169, token=ET, stack=[]
DEBUG:root:nextobject: (12169, ET)
DEBUG:root:do_keyword: pos=12172, token=BT, stack=[]
DEBUG:root:nextobject: (12172, BT)
DEBUG:root:nextobject: (12175, 152.5595)
DEBUG:root:nextobject: (12184, 321.6236)
DEBUG:root:do_keyword: pos=12193, token=Td, stack=[]
DEBUG:root:nextobject: (12193, Td)
DEBUG:root:nextobject: (12196, 'crimes')
DEBUG:root:do_keyword: pos=12205, token=Tj, stack=[]
DEBUG:root:nextobject: (12205, Tj)
DEBUG:root:do_keyword: pos=12208, token=ET, stack=[]
DEBUG:root:nextobject: (12208, ET)
DEBUG:root:do_keyword: pos=12211, token=BT, stack=[]
DEBUG:root:nextobject: (12211, BT)
DEBUG:root:nextobject: (12214, 198.1072)
DEBUG:root:nextobject: (12223, 321.6236)
DEBUG:root:do_keyword: pos=12232, token=Td, stack=[]
DEBUG:root:nextobject: (12232, Td)
DEBUG:root:nextobject: (12235, 'that')
DEBUG:root:do_keyword: pos=12242, token=Tj, stack=[]
DEBUG:root:nextobject: (12242, Tj)
DEBUG:root:do_keyword: pos=12245, token=ET, stack=[]
DEBUG:root:nextobject: (12245, ET)
DEBUG:root:do_keyword: pos=12248, token=BT, stack=[]
DEBUG:root:nextobject: (12248, BT)
DEBUG:root:nextobject: (12251, 227.107)
DEBUG:root:nextobject: (12260, 321.6236)
DEBUG:root:do_keyword: pos=12269, token=Td, stack=[]
DEBUG:root:nextobject: (12269, Td)
DEBUG:root:nextobject: (12272, 'he')
DEBUG:root:do_keyword: pos=12277, token=Tj, stack=[]
DEBUG:root:nextobject: (12277, Tj)
DEBUG:root:do_keyword: pos=12280, token=ET, stack=[]
DEBUG:root:nextobject: (12280, ET)
DEBUG:root:do_keyword: pos=12283, token=BT, stack=[]
DEBUG:root:nextobject: (12283, BT)
DEBUG:root:nextobject: (12286, 246.6848)
DEBUG:root:nextobject: (12295, 321.6236)
DEBUG:root:do_keyword: pos=12304, token=Td, stack=[]
DEBUG:root:nextobject: (12304, Td)
DEBUG:root:nextobject: (12307, 'described.')
DEBUG:root:do_keyword: pos=12320, token=Tj, stack=[]
DEBUG:root:nextobject: (12320, Tj)
DEBUG:root:do_keyword: pos=12323, token=ET, stack=[]
DEBUG:root:nextobject: (12323, ET)
DEBUG:root:do_keyword: pos=12326, token=BT, stack=[]
DEBUG:root:nextobject: (12326, BT)
DEBUG:root:nextobject: (12329, 314.9266)
DEBUG:root:nextobject: (12338, 321.6236)
DEBUG:root:do_keyword: pos=12347, token=Td, stack=[]
DEBUG:root:nextobject: (12347, Td)
DEBUG:root:nextobject: (12350, 'My')
DEBUG:root:do_keyword: pos=12355, token=Tj, stack=[]
DEBUG:root:nextobject: (12355, Tj)
DEBUG:root:do_keyword: pos=12358, token=ET, stack=[]
DEBUG:root:nextobject: (12358, ET)
DEBUG:root:do_keyword: pos=12361, token=BT, stack=[]
DEBUG:root:nextobject: (12361, BT)
DEBUG:root:nextobject: (12364, 340.6783)
DEBUG:root:nextobject: (12373, 321.6236)
DEBUG:root:do_keyword: pos=12382, token=Td, stack=[]
DEBUG:root:nextobject: (12382, Td)
DEBUG:root:nextobject: (12385, 'father')
DEBUG:root:do_keyword: pos=12394, token=Tj, stack=[]
DEBUG:root:nextobject: (12394, Tj)
DEBUG:root:do_keyword: pos=12397, token=ET, stack=[]
DEBUG:root:nextobject: (12397, ET)
DEBUG:root:do_keyword: pos=12400, token=BT, stack=[]
DEBUG:root:nextobject: (12400, BT)
DEBUG:root:nextobject: (12403, 382.0121)
DEBUG:root:nextobject: (12412, 321.6236)
DEBUG:root:do_keyword: pos=12421, token=Td, stack=[]
DEBUG:root:nextobject: (12421, Td)
DEBUG:root:nextobject: (12424, 'was')
DEBUG:root:do_keyword: pos=12430, token=Tj, stack=[]
DEBUG:root:nextobject: (12430, Tj)
DEBUG:root:do_keyword: pos=12433, token=ET, stack=[]
DEBUG:root:nextobject: (12433, ET)
DEBUG:root:do_keyword: pos=12436, token=BT, stack=[]
DEBUG:root:nextobject: (12436, BT)
DEBUG:root:nextobject: (12439, 411.3479)
DEBUG:root:nextobject: (12448, 321.6236)
DEBUG:root:do_keyword: pos=12457, token=Td, stack=[]
DEBUG:root:nextobject: (12457, Td)
DEBUG:root:nextobject: (12460, 'always')
DEBUG:root:do_keyword: pos=12469, token=Tj, stack=[]
DEBUG:root:nextobject: (12469, Tj)
DEBUG:root:do_keyword: pos=12472, token=ET, stack=[]
DEBUG:root:nextobject: (12472, ET)
DEBUG:root:do_keyword: pos=12475, token=BT, stack=[]
DEBUG:root:nextobject: (12475, BT)
DEBUG:root:nextobject: (12478, 459.5417)
DEBUG:root:nextobject: (12487, 321.6236)
DEBUG:root:do_keyword: pos=12496, token=Td, stack=[]
DEBUG:root:nextobject: (12496, Td)
DEBUG:root:nextobject: (12499, 'saying')
DEBUG:root:do_keyword: pos=12508, token=Tj, stack=[]
DEBUG:root:nextobject: (12508, Tj)
DEBUG:root:do_keyword: pos=12511, token=ET, stack=[]
DEBUG:root:nextobject: (12511, ET)
DEBUG:root:do_keyword: pos=12514, token=BT, stack=[]
DEBUG:root:nextobject: (12514, BT)
DEBUG:root:nextobject: (12517, 504.9914)
DEBUG:root:nextobject: (12526, 321.6236)
DEBUG:root:do_keyword: pos=12535, token=Td, stack=[]
DEBUG:root:nextobject: (12535, Td)
DEBUG:root:nextobject: (12538, 'the')
DEBUG:root:do_keyword: pos=12544, token=Tj, stack=[]
DEBUG:root:nextobject: (12544, Tj)
DEBUG:root:do_keyword: pos=12547, token=ET, stack=[]
DEBUG:root:nextobject: (12547, ET)
DEBUG:root:do_keyword: pos=12550, token=BT, stack=[]
DEBUG:root:nextobject: (12550, BT)
DEBUG:root:nextobject: (12553, 70.8661)
DEBUG:root:nextobject: (12561, 304.8236)
DEBUG:root:do_keyword: pos=12570, token=Td, stack=[]
DEBUG:root:nextobject: (12570, Td)
DEBUG:root:nextobject: (12573, 'inn')
DEBUG:root:do_keyword: pos=12579, token=Tj, stack=[]
DEBUG:root:nextobject: (12579, Tj)
DEBUG:root:do_keyword: pos=12582, token=ET, stack=[]
DEBUG:root:nextobject: (12582, ET)
DEBUG:root:do_keyword: pos=12585, token=BT, stack=[]
DEBUG:root:nextobject: (12585, BT)
DEBUG:root:nextobject: (12588, 96.7964)
DEBUG:root:nextobject: (12596, 304.8236)
DEBUG:root:do_keyword: pos=12605, token=Td, stack=[]
DEBUG:root:nextobject: (12605, Td)
DEBUG:root:nextobject: (12608, 'would')
DEBUG:root:do_keyword: pos=12616, token=Tj, stack=[]
DEBUG:root:nextobject: (12616, Tj)
DEBUG:root:do_keyword: pos=12619, token=ET, stack=[]
DEBUG:root:nextobject: (12619, ET)
DEBUG:root:do_keyword: pos=12622, token=BT, stack=[]
DEBUG:root:nextobject: (12622, BT)
DEBUG:root:nextobject: (12625, 142.7467)
DEBUG:root:nextobject: (12634, 304.8236)
DEBUG:root:do_keyword: pos=12643, token=Td, stack=[]
DEBUG:root:nextobject: (12643, Td)
DEBUG:root:nextobject: (12646, 'be')
DEBUG:root:do_keyword: pos=12651, token=Tj, stack=[]
DEBUG:root:nextobject: (12651, Tj)
DEBUG:root:do_keyword: pos=12654, token=ET, stack=[]
DEBUG:root:nextobject: (12654, ET)
DEBUG:root:do_keyword: pos=12657, token=BT, stack=[]
DEBUG:root:nextobject: (12657, BT)
DEBUG:root:nextobject: (12660, 162.755)
DEBUG:root:nextobject: (12669, 304.8236)
DEBUG:root:do_keyword: pos=12678, token=Td, stack=[]
DEBUG:root:nextobject: (12678, Td)
DEBUG:root:nextobject: (12681, 'ruined,')
DEBUG:root:do_keyword: pos=12691, token=Tj, stack=[]
DEBUG:root:nextobject: (12691, Tj)
DEBUG:root:do_keyword: pos=12694, token=ET, stack=[]
DEBUG:root:nextobject: (12694, ET)
DEBUG:root:do_keyword: pos=12697, token=BT, stack=[]
DEBUG:root:nextobject: (12697, BT)
DEBUG:root:nextobject: (12700, 213.2692)
DEBUG:root:nextobject: (12709, 304.8236)
DEBUG:root:do_keyword: pos=12718, token=Td, stack=[]
DEBUG:root:nextobject: (12718, Td)
DEBUG:root:nextobject: (12721, 'for')
DEBUG:root:do_keyword: pos=12727, token=Tj, stack=[]
DEBUG:root:nextobject: (12727, Tj)
DEBUG:root:do_keyword: pos=12730, token=ET, stack=[]
DEBUG:root:nextobject: (12730, ET)
DEBUG:root:do_keyword: pos=12733, token=BT, stack=[]
DEBUG:root:nextobject: (12733, BT)
DEBUG:root:nextobject: (12736, 236.6655)
DEBUG:root:nextobject: (12745, 304.8236)
DEBUG:root:do_keyword: pos=12754, token=Td, stack=[]
DEBUG:root:nextobject: (12754, Td)
DEBUG:root:nextobject: (12757, 'people')
DEBUG:root:do_keyword: pos=12766, token=Tj, stack=[]
DEBUG:root:nextobject: (12766, Tj)
DEBUG:root:do_keyword: pos=12769, token=ET, stack=[]
DEBUG:root:nextobject: (12769, ET)
DEBUG:root:do_keyword: pos=12772, token=BT, stack=[]
DEBUG:root:nextobject: (12772, BT)
DEBUG:root:nextobject: (12775, 284.1838)
DEBUG:root:nextobject: (12784, 304.8236)
DEBUG:root:do_keyword: pos=12793, token=Td, stack=[]
DEBUG:root:nextobject: (12793, Td)
DEBUG:root:nextobject: (12796, 'would')
DEBUG:root:do_keyword: pos=12804, token=Tj, stack=[]
DEBUG:root:nextobject: (12804, Tj)
DEBUG:root:do_keyword: pos=12807, token=ET, stack=[]
DEBUG:root:nextobject: (12807, ET)
DEBUG:root:do_keyword: pos=12810, token=BT, stack=[]
DEBUG:root:nextobject: (12810, BT)
DEBUG:root:nextobject: (12813, 330.1341)
DEBUG:root:nextobject: (12822, 304.8236)
DEBUG:root:do_keyword: pos=12831, token=Td, stack=[]
DEBUG:root:nextobject: (12831, Td)
DEBUG:root:nextobject: (12834, 'soon')
DEBUG:root:do_keyword: pos=12841, token=Tj, stack=[]
DEBUG:root:nextobject: (12841, Tj)
DEBUG:root:do_keyword: pos=12844, token=ET, stack=[]
DEBUG:root:nextobject: (12844, ET)
DEBUG:root:do_keyword: pos=12847, token=BT, stack=[]
DEBUG:root:nextobject: (12847, BT)
DEBUG:root:nextobject: (12850, 365.0663)
DEBUG:root:nextobject: (12859, 304.8236)
DEBUG:root:do_keyword: pos=12868, token=Td, stack=[]
DEBUG:root:nextobject: (12868, Td)
DEBUG:root:nextobject: (12871, 'cease')
DEBUG:root:do_keyword: pos=12879, token=Tj, stack=[]
DEBUG:root:nextobject: (12879, Tj)
DEBUG:root:do_keyword: pos=12882, token=ET, stack=[]
DEBUG:root:nextobject: (12882, ET)
DEBUG:root:do_keyword: pos=12885, token=BT, stack=[]
DEBUG:root:nextobject: (12885, BT)
DEBUG:root:nextobject: (12888, 403.1906)
DEBUG:root:nextobject: (12897, 304.8236)
DEBUG:root:do_keyword: pos=12906, token=Td, stack=[]
DEBUG:root:nextobject: (12906, Td)
DEBUG:root:nextobject: (12909, 'coming')
DEBUG:root:do_keyword: pos=12918, token=Tj, stack=[]
DEBUG:root:nextobject: (12918, Tj)
DEBUG:root:do_keyword: pos=12921, token=ET, stack=[]
DEBUG:root:nextobject: (12921, ET)
DEBUG:root:do_keyword: pos=12924, token=BT, stack=[]
DEBUG:root:nextobject: (12924, BT)
DEBUG:root:nextobject: (12927, 454.9789)
DEBUG:root:nextobject: (12936, 304.8236)
DEBUG:root:do_keyword: pos=12945, token=Td, stack=[]
DEBUG:root:nextobject: (12945, Td)
DEBUG:root:nextobject: (12948, 'there')
DEBUG:root:do_keyword: pos=12956, token=Tj, stack=[]
DEBUG:root:nextobject: (12956, Tj)
DEBUG:root:do_keyword: pos=12959, token=ET, stack=[]
DEBUG:root:nextobject: (12959, ET)
DEBUG:root:do_keyword: pos=12962, token=BT, stack=[]
DEBUG:root:nextobject: (12962, BT)
DEBUG:root:nextobject: (12965, 492.1932)
DEBUG:root:nextobject: (12974, 304.8236)
DEBUG:root:do_keyword: pos=12983, token=Td, stack=[]
DEBUG:root:nextobject: (12983, Td)
DEBUG:root:nextobject: (12986, 'to')
DEBUG:root:do_keyword: pos=12991, token=Tj, stack=[]
DEBUG:root:nextobject: (12991, Tj)
DEBUG:root:do_keyword: pos=12994, token=ET, stack=[]
DEBUG:root:nextobject: (12994, ET)
DEBUG:root:do_keyword: pos=12997, token=BT, stack=[]
DEBUG:root:nextobject: (12997, BT)
DEBUG:root:nextobject: (13000, 509.9614)
DEBUG:root:nextobject: (13009, 304.8236)
DEBUG:root:do_keyword: pos=13018, token=Td, stack=[]
DEBUG:root:nextobject: (13018, Td)
DEBUG:root:nextobject: (13021, 'be')
DEBUG:root:do_keyword: pos=13026, token=Tj, stack=[]
DEBUG:root:nextobject: (13026, Tj)
DEBUG:root:do_keyword: pos=13029, token=ET, stack=[]
DEBUG:root:nextobject: (13029, ET)
DEBUG:root:do_keyword: pos=13032, token=BT, stack=[]
DEBUG:root:nextobject: (13032, BT)
DEBUG:root:nextobject: (13035, 70.8661)
DEBUG:root:nextobject: (13043, 288.0236)
DEBUG:root:do_keyword: pos=13052, token=Td, stack=[]
DEBUG:root:nextobject: (13052, Td)
DEBUG:root:nextobject: (13055, 'tyrannized')
DEBUG:root:do_keyword: pos=13068, token=Tj, stack=[]
DEBUG:root:nextobject: (13068, Tj)
DEBUG:root:do_keyword: pos=13071, token=ET, stack=[]
DEBUG:root:nextobject: (13071, ET)
DEBUG:root:do_keyword: pos=13074, token=BT, stack=[]
DEBUG:root:nextobject: (13074, BT)
DEBUG:root:nextobject: (13077, 143.9659)
DEBUG:root:nextobject: (13086, 288.0236)
DEBUG:root:do_keyword: pos=13095, token=Td, stack=[]
DEBUG:root:nextobject: (13095, Td)
DEBUG:root:nextobject: (13098, 'over')
DEBUG:root:do_keyword: pos=13105, token=Tj, stack=[]
DEBUG:root:nextobject: (13105, Tj)
DEBUG:root:do_keyword: pos=13108, token=ET, stack=[]
DEBUG:root:nextobject: (13108, ET)
DEBUG:root:do_keyword: pos=13111, token=BT, stack=[]
DEBUG:root:nextobject: (13111, BT)
DEBUG:root:nextobject: (13114, 177.3477)
DEBUG:root:nextobject: (13123, 288.0236)
DEBUG:root:do_keyword: pos=13132, token=Td, stack=[]
DEBUG:root:nextobject: (13132, Td)
DEBUG:root:nextobject: (13135, 'and')
DEBUG:root:do_keyword: pos=13141, token=Tj, stack=[]
DEBUG:root:nextobject: (13141, Tj)
DEBUG:root:do_keyword: pos=13144, token=ET, stack=[]
DEBUG:root:nextobject: (13144, ET)
DEBUG:root:do_keyword: pos=13147, token=BT, stack=[]
DEBUG:root:nextobject: (13147, BT)
DEBUG:root:nextobject: (13150, 206.6415)
DEBUG:root:nextobject: (13159, 288.0236)
DEBUG:root:do_keyword: pos=13168, token=Td, stack=[]
DEBUG:root:nextobject: (13168, Td)
DEBUG:root:nextobject: (13171, 'put')
DEBUG:root:do_keyword: pos=13177, token=Tj, stack=[]
DEBUG:root:nextobject: (13177, Tj)
DEBUG:root:do_keyword: pos=13180, token=ET, stack=[]
DEBUG:root:nextobject: (13180, ET)
DEBUG:root:do_keyword: pos=13183, token=BT, stack=[]
DEBUG:root:nextobject: (13183, BT)
DEBUG:root:nextobject: (13186, 233.6532)
DEBUG:root:nextobject: (13195, 288.0236)
DEBUG:root:do_keyword: pos=13204, token=Td, stack=[]
DEBUG:root:nextobject: (13204, Td)
DEBUG:root:nextobject: (13207, 'down,')
DEBUG:root:do_keyword: pos=13215, token=Tj, stack=[]
DEBUG:root:nextobject: (13215, Tj)
DEBUG:root:do_keyword: pos=13218, token=ET, stack=[]
DEBUG:root:nextobject: (13218, ET)
DEBUG:root:do_keyword: pos=13221, token=BT, stack=[]
DEBUG:root:nextobject: (13221, BT)
DEBUG:root:nextobject: (13224, 278.767)
DEBUG:root:nextobject: (13233, 288.0236)
DEBUG:root:do_keyword: pos=13242, token=Td, stack=[]
DEBUG:root:nextobject: (13242, Td)
DEBUG:root:nextobject: (13245, 'and')
DEBUG:root:do_keyword: pos=13251, token=Tj, stack=[]
DEBUG:root:nextobject: (13251, Tj)
DEBUG:root:do_keyword: pos=13254, token=ET, stack=[]
DEBUG:root:nextobject: (13254, ET)
DEBUG:root:do_keyword: pos=13257, token=BT, stack=[]
DEBUG:root:nextobject: (13257, BT)
DEBUG:root:nextobject: (13260, 308.0608)
DEBUG:root:nextobject: (13269, 288.0236)
DEBUG:root:do_keyword: pos=13278, token=Td, stack=[]
DEBUG:root:nextobject: (13278, Td)
DEBUG:root:nextobject: (13281, 'sent')
DEBUG:root:do_keyword: pos=13288, token=Tj, stack=[]
DEBUG:root:nextobject: (13288, Tj)
DEBUG:root:do_keyword: pos=13291, token=ET, stack=[]
DEBUG:root:nextobject: (13291, ET)
DEBUG:root:do_keyword: pos=13294, token=BT, stack=[]
DEBUG:root:nextobject: (13294, BT)
DEBUG:root:nextobject: (13297, 339.0066)
DEBUG:root:nextobject: (13306, 288.0236)
DEBUG:root:do_keyword: pos=13315, token=Td, stack=[]
DEBUG:root:nextobject: (13315, Td)
DEBUG:root:nextobject: (13318, 'shivering')
DEBUG:root:do_keyword: pos=13330, token=Tj, stack=[]
DEBUG:root:nextobject: (13330, Tj)
DEBUG:root:do_keyword: pos=13333, token=ET, stack=[]
DEBUG:root:nextobject: (13333, ET)
DEBUG:root:do_keyword: pos=13336, token=BT, stack=[]
DEBUG:root:nextobject: (13336, BT)
DEBUG:root:nextobject: (13339, 402.9083)
DEBUG:root:nextobject: (13348, 288.0236)
DEBUG:root:do_keyword: pos=13357, token=Td, stack=[]
DEBUG:root:nextobject: (13357, Td)
DEBUG:root:nextobject: (13360, 'to')
DEBUG:root:do_keyword: pos=13365, token=Tj, stack=[]
DEBUG:root:nextobject: (13365, Tj)
DEBUG:root:do_keyword: pos=13368, token=ET, stack=[]
DEBUG:root:nextobject: (13368, ET)
DEBUG:root:do_keyword: pos=13371, token=BT, stack=[]
DEBUG:root:nextobject: (13371, BT)
DEBUG:root:nextobject: (13374, 420.7081)
DEBUG:root:nextobject: (13383, 288.0236)
DEBUG:root:do_keyword: pos=13392, token=Td, stack=[]
DEBUG:root:nextobject: (13392, Td)
DEBUG:root:nextobject: (13395, 'their')
DEBUG:root:do_keyword: pos=13403, token=Tj, stack=[]
DEBUG:root:nextobject: (13403, Tj)
DEBUG:root:do_keyword: pos=13406, token=ET, stack=[]
DEBUG:root:nextobject: (13406, ET)
DEBUG:root:do_keyword: pos=13409, token=BT, stack=[]
DEBUG:root:nextobject: (13409, BT)
DEBUG:root:nextobject: (13412, 455.3219)
DEBUG:root:nextobject: (13421, 288.0236)
DEBUG:root:do_keyword: pos=13430, token=Td, stack=[]
DEBUG:root:nextobject: (13430, Td)
DEBUG:root:nextobject: (13433, 'beds;')
DEBUG:root:do_keyword: pos=13441, token=Tj, stack=[]
DEBUG:root:nextobject: (13441, Tj)
DEBUG:root:do_keyword: pos=13444, token=ET, stack=[]
DEBUG:root:nextobject: (13444, ET)
DEBUG:root:do_keyword: pos=13447, token=BT, stack=[]
DEBUG:root:nextobject: (13447, BT)
DEBUG:root:nextobject: (13450, 493.3517)
DEBUG:root:nextobject: (13459, 288.0236)
DEBUG:root:do_keyword: pos=13468, token=Td, stack=[]
DEBUG:root:nextobject: (13468, Td)
DEBUG:root:nextobject: (13471, 'but')
DEBUG:root:do_keyword: pos=13477, token=Tj, stack=[]
DEBUG:root:nextobject: (13477, Tj)
DEBUG:root:do_keyword: pos=13480, token=ET, stack=[]
DEBUG:root:nextobject: (13480, ET)
DEBUG:root:do_keyword: pos=13483, token=BT, stack=[]
DEBUG:root:nextobject: (13483, BT)
DEBUG:root:nextobject: (13486, 519.6914)
DEBUG:root:nextobject: (13495, 288.0236)
DEBUG:root:do_keyword: pos=13504, token=Td, stack=[]
DEBUG:root:nextobject: (13504, Td)
DEBUG:root:nextobject: (13507, 'I')
DEBUG:root:do_keyword: pos=13511, token=Tj, stack=[]
DEBUG:root:nextobject: (13511, Tj)
DEBUG:root:do_keyword: pos=13514, token=ET, stack=[]
DEBUG:root:nextobject: (13514, ET)
DEBUG:root:do_keyword: pos=13517, token=BT, stack=[]
DEBUG:root:nextobject: (13517, BT)
DEBUG:root:nextobject: (13520, 70.8661)
DEBUG:root:nextobject: (13528, 271.2236)
DEBUG:root:do_keyword: pos=13537, token=Td, stack=[]
DEBUG:root:nextobject: (13537, Td)
DEBUG:root:nextobject: (13540, 'really')
DEBUG:root:do_keyword: pos=13549, token=Tj, stack=[]
DEBUG:root:nextobject: (13549, Tj)
DEBUG:root:do_keyword: pos=13552, token=ET, stack=[]
DEBUG:root:nextobject: (13552, ET)
DEBUG:root:do_keyword: pos=13555, token=BT, stack=[]
DEBUG:root:nextobject: (13555, BT)
DEBUG:root:nextobject: (13558, 111.741)
DEBUG:root:nextobject: (13567, 271.2236)
DEBUG:root:do_keyword: pos=13576, token=Td, stack=[]
DEBUG:root:nextobject: (13576, Td)
DEBUG:root:nextobject: (13579, 'believe')
DEBUG:root:do_keyword: pos=13589, token=Tj, stack=[]
DEBUG:root:nextobject: (13589, Tj)
DEBUG:root:do_keyword: pos=13592, token=ET, stack=[]
DEBUG:root:nextobject: (13592, ET)
DEBUG:root:do_keyword: pos=13595, token=BT, stack=[]
DEBUG:root:nextobject: (13595, BT)
DEBUG:root:nextobject: (13598, 161.3658)
DEBUG:root:nextobject: (13607, 271.2236)
DEBUG:root:do_keyword: pos=13616, token=Td, stack=[]
DEBUG:root:nextobject: (13616, Td)
DEBUG:root:nextobject: (13619, 'his')
DEBUG:root:do_keyword: pos=13625, token=Tj, stack=[]
DEBUG:root:nextobject: (13625, Tj)
DEBUG:root:do_keyword: pos=13628, token=ET, stack=[]
DEBUG:root:nextobject: (13628, ET)
DEBUG:root:do_keyword: pos=13631, token=BT, stack=[]
DEBUG:root:nextobject: (13631, BT)
DEBUG:root:nextobject: (13634, 185.2307)
DEBUG:root:nextobject: (13643, 271.2236)
DEBUG:root:do_keyword: pos=13652, token=Td, stack=[]
DEBUG:root:nextobject: (13652, Td)
DEBUG:root:nextobject: (13655, 'presence')
DEBUG:root:do_keyword: pos=13666, token=Tj, stack=[]
DEBUG:root:nextobject: (13666, Tj)
DEBUG:root:do_keyword: pos=13669, token=ET, stack=[]
DEBUG:root:nextobject: (13669, ET)
DEBUG:root:do_keyword: pos=13672, token=BT, stack=[]
DEBUG:root:nextobject: (13672, BT)
DEBUG:root:nextobject: (13675, 245.2995)
DEBUG:root:nextobject: (13684, 271.2236)
DEBUG:root:do_keyword: pos=13693, token=Td, stack=[]
DEBUG:root:nextobject: (13693, Td)
DEBUG:root:nextobject: (13696, 'did')
DEBUG:root:do_keyword: pos=13702, token=Tj, stack=[]
DEBUG:root:nextobject: (13702, Tj)
DEBUG:root:do_keyword: pos=13705, token=ET, stack=[]
DEBUG:root:nextobject: (13705, ET)
DEBUG:root:do_keyword: pos=13708, token=BT, stack=[]
DEBUG:root:nextobject: (13708, BT)
DEBUG:root:nextobject: (13711, 272.1884)
DEBUG:root:nextobject: (13720, 271.2236)
DEBUG:root:do_keyword: pos=13729, token=Td, stack=[]
DEBUG:root:nextobject: (13729, Td)
DEBUG:root:nextobject: (13732, 'us')
DEBUG:root:do_keyword: pos=13737, token=Tj, stack=[]
DEBUG:root:nextobject: (13737, Tj)
DEBUG:root:do_keyword: pos=13740, token=ET, stack=[]
DEBUG:root:nextobject: (13740, ET)
DEBUG:root:do_keyword: pos=13743, token=BT, stack=[]
DEBUG:root:nextobject: (13743, BT)
DEBUG:root:nextobject: (13746, 292.2732)
DEBUG:root:nextobject: (13755, 271.2236)
DEBUG:root:do_keyword: pos=13764, token=Td, stack=[]
DEBUG:root:nextobject: (13764, Td)
DEBUG:root:nextobject: (13767, 'good.')
DEBUG:root:do_keyword: pos=13775, token=Tj, stack=[]
DEBUG:root:nextobject: (13775, Tj)
DEBUG:root:do_keyword: pos=13778, token=ET, stack=[]
DEBUG:root:nextobject: (13778, ET)
DEBUG:root:do_keyword: pos=13781, token=BT, stack=[]
DEBUG:root:nextobject: (13781, BT)
DEBUG:root:nextobject: (13784, 333.1061)
DEBUG:root:nextobject: (13793, 271.2236)
DEBUG:root:do_keyword: pos=13802, token=Td, stack=[]
DEBUG:root:nextobject: (13802, Td)
DEBUG:root:nextobject: (13805, 'People')
DEBUG:root:do_keyword: pos=13814, token=Tj, stack=[]
DEBUG:root:nextobject: (13814, Tj)
DEBUG:root:do_keyword: pos=13817, token=ET, stack=[]
DEBUG:root:nextobject: (13817, ET)
DEBUG:root:do_keyword: pos=13820, token=BT, stack=[]
DEBUG:root:nextobject: (13820, BT)
DEBUG:root:nextobject: (13823, 380.8129)
DEBUG:root:nextobject: (13832, 271.2236)
DEBUG:root:do_keyword: pos=13841, token=Td, stack=[]
DEBUG:root:nextobject: (13841, Td)
DEBUG:root:nextobject: (13844, 'were')
DEBUG:root:do_keyword: pos=13851, token=Tj, stack=[]
DEBUG:root:nextobject: (13851, Tj)
DEBUG:root:do_keyword: pos=13854, token=ET, stack=[]
DEBUG:root:nextobject: (13854, ET)
DEBUG:root:do_keyword: pos=13857, token=BT, stack=[]
DEBUG:root:nextobject: (13857, BT)
DEBUG:root:nextobject: (13860, 417.1378)
DEBUG:root:nextobject: (13869, 271.2236)
DEBUG:root:do_keyword: pos=13878, token=Td, stack=[]
DEBUG:root:nextobject: (13878, Td)
DEBUG:root:nextobject: (13881, 'frightened')
DEBUG:root:do_keyword: pos=13894, token=Tj, stack=[]
DEBUG:root:nextobject: (13894, Tj)
DEBUG:root:do_keyword: pos=13897, token=ET, stack=[]
DEBUG:root:nextobject: (13897, ET)
DEBUG:root:do_keyword: pos=13900, token=BT, stack=[]
DEBUG:root:nextobject: (13900, BT)
DEBUG:root:nextobject: (13903, 487.7206)
DEBUG:root:nextobject: (13912, 271.2236)
DEBUG:root:do_keyword: pos=13921, token=Td, stack=[]
DEBUG:root:nextobject: (13921, Td)
DEBUG:root:nextobject: (13924, 'at')
DEBUG:root:do_keyword: pos=13929, token=Tj, stack=[]
DEBUG:root:nextobject: (13929, Tj)
DEBUG:root:do_keyword: pos=13932, token=ET, stack=[]
DEBUG:root:nextobject: (13932, ET)
DEBUG:root:do_keyword: pos=13935, token=BT, stack=[]
DEBUG:root:nextobject: (13935, BT)
DEBUG:root:nextobject: (13938, 504.9914)
DEBUG:root:nextobject: (13947, 271.2236)
DEBUG:root:do_keyword: pos=13956, token=Td, stack=[]
DEBUG:root:nextobject: (13956, Td)
DEBUG:root:nextobject: (13959, 'the')
DEBUG:root:do_keyword: pos=13965, token=Tj, stack=[]
DEBUG:root:nextobject: (13965, Tj)
DEBUG:root:do_keyword: pos=13968, token=ET, stack=[]
DEBUG:root:nextobject: (13968, ET)
DEBUG:root:do_keyword: pos=13971, token=BT, stack=[]
DEBUG:root:nextobject: (13971, BT)
DEBUG:root:nextobject: (13974, 70.8661)
DEBUG:root:nextobject: (13982, 254.4236)
DEBUG:root:do_keyword: pos=13991, token=Td, stack=[]
DEBUG:root:nextobject: (13991, Td)
DEBUG:root:nextobject: (13994, 'time,')
DEBUG:root:do_keyword: pos=14002, token=Tj, stack=[]
DEBUG:root:nextobject: (14002, Tj)
DEBUG:root:do_keyword: pos=14005, token=ET, stack=[]
DEBUG:root:nextobject: (14005, ET)
DEBUG:root:do_keyword: pos=14008, token=BT, stack=[]
DEBUG:root:nextobject: (14008, BT)
DEBUG:root:nextobject: (14011, 106.2551)
DEBUG:root:nextobject: (14020, 254.4236)
DEBUG:root:do_keyword: pos=14029, token=Td, stack=[]
DEBUG:root:nextobject: (14029, Td)
DEBUG:root:nextobject: (14032, 'but')
DEBUG:root:do_keyword: pos=14038, token=Tj, stack=[]
DEBUG:root:nextobject: (14038, Tj)
DEBUG:root:do_keyword: pos=14041, token=ET, stack=[]
DEBUG:root:nextobject: (14041, ET)
DEBUG:root:do_keyword: pos=14044, token=BT, stack=[]
DEBUG:root:nextobject: (14044, BT)
DEBUG:root:nextobject: (14047, 131.186)
DEBUG:root:nextobject: (14056, 254.4236)
DEBUG:root:do_keyword: pos=14065, token=Td, stack=[]
DEBUG:root:nextobject: (14065, Td)
DEBUG:root:nextobject: (14068, 'on')
DEBUG:root:do_keyword: pos=14073, token=Tj, stack=[]
DEBUG:root:nextobject: (14073, Tj)
DEBUG:root:do_keyword: pos=14076, token=ET, stack=[]
DEBUG:root:nextobject: (14076, ET)
DEBUG:root:do_keyword: pos=14079, token=BT, stack=[]
DEBUG:root:nextobject: (14079, BT)
DEBUG:root:nextobject: (14082, 151.161)
DEBUG:root:nextobject: (14091, 254.4236)
DEBUG:root:do_keyword: pos=14100, token=Td, stack=[]
DEBUG:root:nextobject: (14100, Td)
DEBUG:root:nextobject: (14103, 'looking')
DEBUG:root:do_keyword: pos=14113, token=Tj, stack=[]
DEBUG:root:nextobject: (14113, Tj)
DEBUG:root:do_keyword: pos=14116, token=ET, stack=[]
DEBUG:root:nextobject: (14116, ET)
DEBUG:root:do_keyword: pos=14119, token=BT, stack=[]
DEBUG:root:nextobject: (14119, BT)
DEBUG:root:nextobject: (14122, 202.4959)
DEBUG:root:nextobject: (14131, 254.4236)
DEBUG:root:do_keyword: pos=14140, token=Td, stack=[]
DEBUG:root:nextobject: (14140, Td)
DEBUG:root:nextobject: (14143, 'back')
DEBUG:root:do_keyword: pos=14150, token=Tj, stack=[]
DEBUG:root:nextobject: (14150, Tj)
DEBUG:root:do_keyword: pos=14153, token=ET, stack=[]
DEBUG:root:nextobject: (14153, ET)
DEBUG:root:do_keyword: pos=14156, token=BT, stack=[]
DEBUG:root:nextobject: (14156, BT)
DEBUG:root:nextobject: (14159, 235.4209)
DEBUG:root:nextobject: (14168, 254.4236)
DEBUG:root:do_keyword: pos=14177, token=Td, stack=[]
DEBUG:root:nextobject: (14177, Td)
DEBUG:root:nextobject: (14180, 'they')
DEBUG:root:do_keyword: pos=14187, token=Tj, stack=[]
DEBUG:root:nextobject: (14187, Tj)
DEBUG:root:do_keyword: pos=14190, token=ET, stack=[]
DEBUG:root:nextobject: (14190, ET)
DEBUG:root:do_keyword: pos=14193, token=BT, stack=[]
DEBUG:root:nextobject: (14193, BT)
DEBUG:root:nextobject: (14196, 266.8058)
DEBUG:root:nextobject: (14205, 254.4236)
DEBUG:root:do_keyword: pos=14214, token=Td, stack=[]
DEBUG:root:nextobject: (14214, Td)
DEBUG:root:nextobject: (14217, 'rather')
DEBUG:root:do_keyword: pos=14226, token=Tj, stack=[]
DEBUG:root:nextobject: (14226, Tj)
DEBUG:root:do_keyword: pos=14229, token=ET, stack=[]
DEBUG:root:nextobject: (14229, ET)
DEBUG:root:do_keyword: pos=14232, token=BT, stack=[]
DEBUG:root:nextobject: (14232, BT)
DEBUG:root:nextobject: (14235, 308.4668)
DEBUG:root:nextobject: (14244, 254.4236)
DEBUG:root:do_keyword: pos=14253, token=Td, stack=[]
DEBUG:root:nextobject: (14253, Td)
DEBUG:root:nextobject: (14256, 'liked')
DEBUG:root:do_keyword: pos=14264, token=Tj, stack=[]
DEBUG:root:nextobject: (14264, Tj)
DEBUG:root:do_keyword: pos=14267, token=ET, stack=[]
DEBUG:root:nextobject: (14267, ET)
DEBUG:root:do_keyword: pos=14270, token=BT, stack=[]
DEBUG:root:nextobject: (14270, BT)
DEBUG:root:nextobject: (14273, 343.8417)
DEBUG:root:nextobject: (14282, 254.4236)
DEBUG:root:do_keyword: pos=14291, token=Td, stack=[]
DEBUG:root:nextobject: (14291, Td)
DEBUG:root:nextobject: (14294, 'it;')
DEBUG:root:do_keyword: pos=14300, token=Tj, stack=[]
DEBUG:root:nextobject: (14300, Tj)
DEBUG:root:do_keyword: pos=14303, token=ET, stack=[]
DEBUG:root:nextobject: (14303, ET)
DEBUG:root:do_keyword: pos=14306, token=BT, stack=[]
DEBUG:root:nextobject: (14306, BT)
DEBUG:root:nextobject: (14309, 360.1627)
DEBUG:root:nextobject: (14318, 254.4236)
DEBUG:root:do_keyword: pos=14327, token=Td, stack=[]
DEBUG:root:nextobject: (14327, Td)
DEBUG:root:nextobject: (14330, 'it')
DEBUG:root:do_keyword: pos=14335, token=Tj, stack=[]
DEBUG:root:nextobject: (14335, Tj)
DEBUG:root:do_keyword: pos=14338, token=ET, stack=[]
DEBUG:root:nextobject: (14338, ET)
DEBUG:root:do_keyword: pos=14341, token=BT, stack=[]
DEBUG:root:nextobject: (14341, BT)
DEBUG:root:nextobject: (14344, 372.9836)
DEBUG:root:nextobject: (14353, 254.4236)
DEBUG:root:do_keyword: pos=14362, token=Td, stack=[]
DEBUG:root:nextobject: (14362, Td)
DEBUG:root:nextobject: (14365, 'was')
DEBUG:root:do_keyword: pos=14371, token=Tj, stack=[]
DEBUG:root:nextobject: (14371, Tj)
DEBUG:root:do_keyword: pos=14374, token=ET, stack=[]
DEBUG:root:nextobject: (14374, ET)
DEBUG:root:do_keyword: pos=14377, token=BT, stack=[]
DEBUG:root:nextobject: (14377, BT)
DEBUG:root:nextobject: (14380, 401.7786)
DEBUG:root:nextobject: (14389, 254.4236)
DEBUG:root:do_keyword: pos=14398, token=Td, stack=[]
DEBUG:root:nextobject: (14398, Td)
DEBUG:root:nextobject: (14401, 'a')
DEBUG:root:do_keyword: pos=14405, token=Tj, stack=[]
DEBUG:root:nextobject: (14405, Tj)
DEBUG:root:do_keyword: pos=14408, token=ET, stack=[]
DEBUG:root:nextobject: (14408, ET)
DEBUG:root:do_keyword: pos=14411, token=BT, stack=[]
DEBUG:root:nextobject: (14411, BT)
DEBUG:root:nextobject: (14414, 412.9615)
DEBUG:root:nextobject: (14423, 254.4236)
DEBUG:root:do_keyword: pos=14432, token=Td, stack=[]
DEBUG:root:nextobject: (14432, Td)
DEBUG:root:nextobject: (14435, 'fine')
DEBUG:root:do_keyword: pos=14442, token=Tj, stack=[]
DEBUG:root:nextobject: (14442, Tj)
DEBUG:root:do_keyword: pos=14445, token=ET, stack=[]
DEBUG:root:nextobject: (14445, ET)
DEBUG:root:do_keyword: pos=14448, token=BT, stack=[]
DEBUG:root:nextobject: (14448, BT)
DEBUG:root:nextobject: (14451, 440.7345)
DEBUG:root:nextobject: (14460, 254.4236)
DEBUG:root:do_keyword: pos=14469, token=Td, stack=[]
DEBUG:root:nextobject: (14469, Td)
DEBUG:root:nextobject: (14472, 'excitement')
DEBUG:root:do_keyword: pos=14485, token=Tj, stack=[]
DEBUG:root:nextobject: (14485, Tj)
DEBUG:root:do_keyword: pos=14488, token=ET, stack=[]
DEBUG:root:nextobject: (14488, ET)
DEBUG:root:do_keyword: pos=14491, token=BT, stack=[]
DEBUG:root:nextobject: (14491, BT)
DEBUG:root:nextobject: (14494, 512.1874)
DEBUG:root:nextobject: (14503, 254.4236)
DEBUG:root:do_keyword: pos=14512, token=Td, stack=[]
DEBUG:root:nextobject: (14512, Td)
DEBUG:root:nextobject: (14515, 'in')
DEBUG:root:do_keyword: pos=14520, token=Tj, stack=[]
DEBUG:root:nextobject: (14520, Tj)
DEBUG:root:do_keyword: pos=14523, token=ET, stack=[]
DEBUG:root:nextobject: (14523, ET)
DEBUG:root:do_keyword: pos=14526, token=BT, stack=[]
DEBUG:root:nextobject: (14526, BT)
DEBUG:root:nextobject: (14529, 70.8661)
DEBUG:root:nextobject: (14537, 237.6236)
DEBUG:root:do_keyword: pos=14546, token=Td, stack=[]
DEBUG:root:nextobject: (14546, Td)
DEBUG:root:nextobject: (14549, 'a')
DEBUG:root:do_keyword: pos=14553, token=Tj, stack=[]
DEBUG:root:nextobject: (14553, Tj)
DEBUG:root:do_keyword: pos=14556, token=ET, stack=[]
DEBUG:root:nextobject: (14556, ET)
DEBUG:root:do_keyword: pos=14559, token=BT, stack=[]
DEBUG:root:nextobject: (14559, BT)
DEBUG:root:nextobject: (14562, 81.8231)
DEBUG:root:nextobject: (14570, 237.6236)
DEBUG:root:do_keyword: pos=14579, token=Td, stack=[]
DEBUG:root:nextobject: (14579, Td)
DEBUG:root:nextobject: (14582, 'quiet')
DEBUG:root:do_keyword: pos=14590, token=Tj, stack=[]
DEBUG:root:nextobject: (14590, Tj)
DEBUG:root:do_keyword: pos=14593, token=ET, stack=[]
DEBUG:root:nextobject: (14593, ET)
DEBUG:root:do_keyword: pos=14596, token=BT, stack=[]
DEBUG:root:nextobject: (14596, BT)
DEBUG:root:nextobject: (14599, 117.406)
DEBUG:root:nextobject: (14608, 237.6236)
DEBUG:root:do_keyword: pos=14617, token=Td, stack=[]
DEBUG:root:nextobject: (14617, Td)
DEBUG:root:nextobject: (14620, 'country')
DEBUG:root:do_keyword: pos=14630, token=Tj, stack=[]
DEBUG:root:nextobject: (14630, Tj)
DEBUG:root:do_keyword: pos=14633, token=ET, stack=[]
DEBUG:root:nextobject: (14633, ET)
DEBUG:root:do_keyword: pos=14636, token=BT, stack=[]
DEBUG:root:nextobject: (14636, BT)
DEBUG:root:nextobject: (14639, 169.691)
DEBUG:root:nextobject: (14648, 237.6236)
DEBUG:root:do_keyword: pos=14657, token=Td, stack=[]
DEBUG:root:nextobject: (14657, Td)
DEBUG:root:nextobject: (14660, 'life,')
DEBUG:root:do_keyword: pos=14668, token=Tj, stack=[]
DEBUG:root:nextobject: (14668, Tj)
DEBUG:root:do_keyword: pos=14671, token=ET, stack=[]
DEBUG:root:nextobject: (14671, ET)
DEBUG:root:do_keyword: pos=14674, token=BT, stack=[]
DEBUG:root:nextobject: (14674, BT)
DEBUG:root:nextobject: (14677, 196.6639)
DEBUG:root:nextobject: (14686, 237.6236)
DEBUG:root:do_keyword: pos=14695, token=Td, stack=[]
DEBUG:root:nextobject: (14695, Td)
DEBUG:root:nextobject: (14698, 'and')
DEBUG:root:do_keyword: pos=14704, token=Tj, stack=[]
DEBUG:root:nextobject: (14704, Tj)
DEBUG:root:do_keyword: pos=14707, token=ET, stack=[]
DEBUG:root:nextobject: (14707, ET)
DEBUG:root:do_keyword: pos=14710, token=BT, stack=[]
DEBUG:root:nextobject: (14710, BT)
DEBUG:root:nextobject: (14713, 224.3229)
DEBUG:root:nextobject: (14722, 237.6236)
DEBUG:root:do_keyword: pos=14731, token=Td, stack=[]
DEBUG:root:nextobject: (14731, Td)
DEBUG:root:nextobject: (14734, 'there')
DEBUG:root:do_keyword: pos=14742, token=Tj, stack=[]
DEBUG:root:nextobject: (14742, Tj)
DEBUG:root:do_keyword: pos=14745, token=ET, stack=[]
DEBUG:root:nextobject: (14745, ET)
DEBUG:root:do_keyword: pos=14748, token=BT, stack=[]
DEBUG:root:nextobject: (14748, BT)
DEBUG:root:nextobject: (14751, 259.9338)
DEBUG:root:nextobject: (14760, 237.6236)
DEBUG:root:do_keyword: pos=14769, token=Td, stack=[]
DEBUG:root:nextobject: (14769, Td)
DEBUG:root:nextobject: (14772, 'was')
DEBUG:root:do_keyword: pos=14778, token=Tj, stack=[]
DEBUG:root:nextobject: (14778, Tj)
DEBUG:root:do_keyword: pos=14781, token=ET, stack=[]
DEBUG:root:nextobject: (14781, ET)
DEBUG:root:do_keyword: pos=14784, token=BT, stack=[]
DEBUG:root:nextobject: (14784, BT)
DEBUG:root:nextobject: (14787, 288.5028)
DEBUG:root:nextobject: (14796, 237.6236)
DEBUG:root:do_keyword: pos=14805, token=Td, stack=[]
DEBUG:root:nextobject: (14805, Td)
DEBUG:root:nextobject: (14808, 'even')
DEBUG:root:do_keyword: pos=14815, token=Tj, stack=[]
DEBUG:root:nextobject: (14815, Tj)
DEBUG:root:do_keyword: pos=14818, token=ET, stack=[]
DEBUG:root:nextobject: (14818, ET)
DEBUG:root:do_keyword: pos=14821, token=BT, stack=[]
DEBUG:root:nextobject: (14821, BT)
DEBUG:root:nextobject: (14824, 321.9297)
DEBUG:root:nextobject: (14833, 237.6236)
DEBUG:root:do_keyword: pos=14842, token=Td, stack=[]
DEBUG:root:nextobject: (14842, Td)
DEBUG:root:nextobject: (14845, 'a')
DEBUG:root:do_keyword: pos=14849, token=Tj, stack=[]
DEBUG:root:nextobject: (14849, Tj)
DEBUG:root:do_keyword: pos=14852, token=ET, stack=[]
DEBUG:root:nextobject: (14852, ET)
DEBUG:root:do_keyword: pos=14855, token=BT, stack=[]
DEBUG:root:nextobject: (14855, BT)
DEBUG:root:nextobject: (14858, 332.8867)
DEBUG:root:nextobject: (14867, 237.6236)
DEBUG:root:do_keyword: pos=14876, token=Td, stack=[]
DEBUG:root:nextobject: (14876, Td)
DEBUG:root:nextobject: (14879, 'party')
DEBUG:root:do_keyword: pos=14887, token=Tj, stack=[]
DEBUG:root:nextobject: (14887, Tj)
DEBUG:root:do_keyword: pos=14890, token=ET, stack=[]
DEBUG:root:nextobject: (14890, ET)
DEBUG:root:do_keyword: pos=14893, token=BT, stack=[]
DEBUG:root:nextobject: (14893, BT)
DEBUG:root:nextobject: (14896, 370.1356)
DEBUG:root:nextobject: (14905, 237.6236)
DEBUG:root:do_keyword: pos=14914, token=Td, stack=[]
DEBUG:root:nextobject: (14914, Td)
DEBUG:root:nextobject: (14917, 'of')
DEBUG:root:do_keyword: pos=14922, token=Tj, stack=[]
DEBUG:root:nextobject: (14922, Tj)
DEBUG:root:do_keyword: pos=14925, token=ET, stack=[]
DEBUG:root:nextobject: (14925, ET)
DEBUG:root:do_keyword: pos=14928, token=BT, stack=[]
DEBUG:root:nextobject: (14928, BT)
DEBUG:root:nextobject: (14931, 386.3986)
DEBUG:root:nextobject: (14940, 237.6236)
DEBUG:root:do_keyword: pos=14949, token=Td, stack=[]
DEBUG:root:nextobject: (14949, Td)
DEBUG:root:nextobject: (14952, 'the')
DEBUG:root:do_keyword: pos=14958, token=Tj, stack=[]
DEBUG:root:nextobject: (14958, Tj)
DEBUG:root:do_keyword: pos=14961, token=ET, stack=[]
DEBUG:root:nextobject: (14961, ET)
DEBUG:root:do_keyword: pos=14964, token=BT, stack=[]
DEBUG:root:nextobject: (14964, BT)
DEBUG:root:nextobject: (14967, 409.7735)
DEBUG:root:nextobject: (14976, 237.6236)
DEBUG:root:do_keyword: pos=14985, token=Td, stack=[]
DEBUG:root:nextobject: (14985, Td)
DEBUG:root:nextobject: (14988, 'younger')
DEBUG:root:do_keyword: pos=14998, token=Tj, stack=[]
DEBUG:root:nextobject: (14998, Tj)
DEBUG:root:do_keyword: pos=15001, token=ET, stack=[]
DEBUG:root:nextobject: (15001, ET)
DEBUG:root:do_keyword: pos=15004, token=BT, stack=[]
DEBUG:root:nextobject: (15004, BT)
DEBUG:root:nextobject: (15007, 465.7685)
DEBUG:root:nextobject: (15016, 237.6236)
DEBUG:root:do_keyword: pos=15025, token=Td, stack=[]
DEBUG:root:nextobject: (15025, Td)
DEBUG:root:nextobject: (15028, 'men')
DEBUG:root:do_keyword: pos=15034, token=Tj, stack=[]
DEBUG:root:nextobject: (15034, Tj)
DEBUG:root:do_keyword: pos=15037, token=ET, stack=[]
DEBUG:root:nextobject: (15037, ET)
DEBUG:root:do_keyword: pos=15040, token=BT, stack=[]
DEBUG:root:nextobject: (15040, BT)
DEBUG:root:nextobject: (15043, 496.9414)
DEBUG:root:nextobject: (15052, 237.6236)
DEBUG:root:do_keyword: pos=15061, token=Td, stack=[]
DEBUG:root:nextobject: (15061, Td)
DEBUG:root:nextobject: (15064, 'who')
DEBUG:root:do_keyword: pos=15070, token=Tj, stack=[]
DEBUG:root:nextobject: (15070, Tj)
DEBUG:root:do_keyword: pos=15073, token=ET, stack=[]
DEBUG:root:nextobject: (15073, ET)
DEBUG:root:do_keyword: pos=15076, token=BT, stack=[]
DEBUG:root:nextobject: (15076, BT)
DEBUG:root:nextobject: (15079, 70.8661)
DEBUG:root:nextobject: (15087, 220.8236)
DEBUG:root:do_keyword: pos=15096, token=Td, stack=[]
DEBUG:root:nextobject: (15096, Td)
DEBUG:root:nextobject: (15099, 'pretended')
DEBUG:root:do_keyword: pos=15111, token=Tj, stack=[]
DEBUG:root:nextobject: (15111, Tj)
DEBUG:root:do_keyword: pos=15114, token=ET, stack=[]
DEBUG:root:nextobject: (15114, ET)
DEBUG:root:do_keyword: pos=15117, token=BT, stack=[]
DEBUG:root:nextobject: (15117, BT)
DEBUG:root:nextobject: (15120, 140.4811)
DEBUG:root:nextobject: (15129, 220.8236)
DEBUG:root:do_keyword: pos=15138, token=Td, stack=[]
DEBUG:root:nextobject: (15138, Td)
DEBUG:root:nextobject: (15141, 'to')
DEBUG:root:do_keyword: pos=15146, token=Tj, stack=[]
DEBUG:root:nextobject: (15146, Tj)
DEBUG:root:do_keyword: pos=15149, token=ET, stack=[]
DEBUG:root:nextobject: (15149, ET)
DEBUG:root:do_keyword: pos=15152, token=BT, stack=[]
DEBUG:root:nextobject: (15152, BT)
DEBUG:root:nextobject: (15155, 158.422)
DEBUG:root:nextobject: (15164, 220.8236)
DEBUG:root:do_keyword: pos=15173, token=Td, stack=[]
DEBUG:root:nextobject: (15173, Td)
DEBUG:root:nextobject: (15176, 'admire')
DEBUG:root:do_keyword: pos=15185, token=Tj, stack=[]
DEBUG:root:nextobject: (15185, Tj)
DEBUG:root:do_keyword: pos=15188, token=ET, stack=[]
DEBUG:root:nextobject: (15188, ET)
DEBUG:root:do_keyword: pos=15191, token=BT, stack=[]
DEBUG:root:nextobject: (15191, BT)
DEBUG:root:nextobject: (15194, 208.381)
DEBUG:root:nextobject: (15203, 220.8236)
DEBUG:root:do_keyword: pos=15212, token=Td, stack=[]
DEBUG:root:nextobject: (15212, Td)
DEBUG:root:nextobject: (15215, 'him,')
DEBUG:root:do_keyword: pos=15222, token=Tj, stack=[]
DEBUG:root:nextobject: (15222, Tj)
DEBUG:root:do_keyword: pos=15225, token=ET, stack=[]
DEBUG:root:nextobject: (15225, ET)
DEBUG:root:do_keyword: pos=15228, token=BT, stack=[]
DEBUG:root:nextobject: (15228, BT)
DEBUG:root:nextobject: (15231, 242.1979)
DEBUG:root:nextobject: (15240, 220.8236)
DEBUG:root:do_keyword: pos=15249, token=Td, stack=[]
DEBUG:root:nextobject: (15249, Td)
DEBUG:root:nextobject: (15252, 'calling')
DEBUG:root:do_keyword: pos=15262, token=Tj, stack=[]
DEBUG:root:nextobject: (15262, Tj)
DEBUG:root:do_keyword: pos=15265, token=ET, stack=[]
DEBUG:root:nextobject: (15265, ET)
DEBUG:root:do_keyword: pos=15268, token=BT, stack=[]
DEBUG:root:nextobject: (15268, BT)
DEBUG:root:nextobject: (15271, 289.3009)
DEBUG:root:nextobject: (15280, 220.8236)
DEBUG:root:do_keyword: pos=15289, token=Td, stack=[]
DEBUG:root:nextobject: (15289, Td)
DEBUG:root:nextobject: (15292, 'him')
DEBUG:root:do_keyword: pos=15298, token=Tj, stack=[]
DEBUG:root:nextobject: (15298, Tj)
DEBUG:root:do_keyword: pos=15301, token=ET, stack=[]
DEBUG:root:nextobject: (15301, ET)
DEBUG:root:do_keyword: pos=15304, token=BT, stack=[]
DEBUG:root:nextobject: (15304, BT)
DEBUG:root:nextobject: (15307, 319.6178)
DEBUG:root:nextobject: (15316, 220.8236)
DEBUG:root:do_keyword: pos=15325, token=Td, stack=[]
DEBUG:root:nextobject: (15325, Td)
DEBUG:root:nextobject: (15328, 'a')
DEBUG:root:do_keyword: pos=15332, token=Tj, stack=[]
DEBUG:root:nextobject: (15332, Tj)
DEBUG:root:do_keyword: pos=15335, token=ET, stack=[]
DEBUG:root:nextobject: (15335, ET)
DEBUG:root:do_keyword: pos=15338, token=BT, stack=[]
DEBUG:root:nextobject: (15338, BT)
DEBUG:root:nextobject: (15341, 332.3507)
DEBUG:root:nextobject: (15350, 220.8236)
DEBUG:root:do_keyword: pos=15359, token=Td, stack=[]
DEBUG:root:nextobject: (15359, Td)
DEBUG:root:nextobject: (15362, '"true')
DEBUG:root:do_keyword: pos=15370, token=Tj, stack=[]
DEBUG:root:nextobject: (15370, Tj)
DEBUG:root:do_keyword: pos=15373, token=ET, stack=[]
DEBUG:root:nextobject: (15373, ET)
DEBUG:root:do_keyword: pos=15376, token=BT, stack=[]
DEBUG:root:nextobject: (15376, BT)
DEBUG:root:nextobject: (15379, 368.5197)
DEBUG:root:nextobject: (15388, 220.8236)
DEBUG:root:do_keyword: pos=15397, token=Td, stack=[]
DEBUG:root:nextobject: (15397, Td)
DEBUG:root:nextobject: (15400, 'sea-dog"')
DEBUG:root:do_keyword: pos=15411, token=Tj, stack=[]
DEBUG:root:nextobject: (15411, Tj)
DEBUG:root:do_keyword: pos=15414, token=ET, stack=[]
DEBUG:root:nextobject: (15414, ET)
DEBUG:root:do_keyword: pos=15417, token=BT, stack=[]
DEBUG:root:nextobject: (15417, BT)
DEBUG:root:nextobject: (15420, 427.7326)
DEBUG:root:nextobject: (15429, 220.8236)
DEBUG:root:do_keyword: pos=15438, token=Td, stack=[]
DEBUG:root:nextobject: (15438, Td)
DEBUG:root:nextobject: (15441, 'and')
DEBUG:root:do_keyword: pos=15447, token=Tj, stack=[]
DEBUG:root:nextobject: (15447, Tj)
DEBUG:root:do_keyword: pos=15450, token=ET, stack=[]
DEBUG:root:nextobject: (15450, ET)
DEBUG:root:do_keyword: pos=15453, token=BT, stack=[]
DEBUG:root:nextobject: (15453, BT)
DEBUG:root:nextobject: (15456, 457.1676)
DEBUG:root:nextobject: (15465, 220.8236)
DEBUG:root:do_keyword: pos=15474, token=Td, stack=[]
DEBUG:root:nextobject: (15474, Td)
DEBUG:root:nextobject: (15477, 'a')
DEBUG:root:do_keyword: pos=15481, token=Tj, stack=[]
DEBUG:root:nextobject: (15481, Tj)
DEBUG:root:do_keyword: pos=15484, token=ET, stack=[]
DEBUG:root:nextobject: (15484, ET)
DEBUG:root:do_keyword: pos=15487, token=BT, stack=[]
DEBUG:root:nextobject: (15487, BT)
DEBUG:root:nextobject: (15490, 469.9005)
DEBUG:root:nextobject: (15499, 220.8236)
DEBUG:root:do_keyword: pos=15508, token=Td, stack=[]
DEBUG:root:nextobject: (15508, Td)
DEBUG:root:nextobject: (15511, '"real')
DEBUG:root:do_keyword: pos=15519, token=Tj, stack=[]
DEBUG:root:nextobject: (15519, Tj)
DEBUG:root:do_keyword: pos=15522, token=ET, stack=[]
DEBUG:root:nextobject: (15522, ET)
DEBUG:root:do_keyword: pos=15525, token=BT, stack=[]
DEBUG:root:nextobject: (15525, BT)
DEBUG:root:nextobject: (15528, 504.1374)
DEBUG:root:nextobject: (15537, 220.8236)
DEBUG:root:do_keyword: pos=15546, token=Td, stack=[]
DEBUG:root:nextobject: (15546, Td)
DEBUG:root:nextobject: (15549, 'old')
DEBUG:root:do_keyword: pos=15555, token=Tj, stack=[]
DEBUG:root:nextobject: (15555, Tj)
DEBUG:root:do_keyword: pos=15558, token=ET, stack=[]
DEBUG:root:nextobject: (15558, ET)
DEBUG:root:do_keyword: pos=15561, token=BT, stack=[]
DEBUG:root:nextobject: (15561, BT)
DEBUG:root:nextobject: (15564, 70.8661)
DEBUG:root:nextobject: (15572, 204.0236)
DEBUG:root:do_keyword: pos=15581, token=Td, stack=[]
DEBUG:root:nextobject: (15581, Td)
DEBUG:root:nextobject: (15584, 'salt"')
DEBUG:root:do_keyword: pos=15592, token=Tj, stack=[]
DEBUG:root:nextobject: (15592, Tj)
DEBUG:root:do_keyword: pos=15595, token=ET, stack=[]
DEBUG:root:nextobject: (15595, ET)
DEBUG:root:do_keyword: pos=15598, token=BT, stack=[]
DEBUG:root:nextobject: (15598, BT)
DEBUG:root:nextobject: (15601, 103.8005)
DEBUG:root:nextobject: (15610, 204.0236)
DEBUG:root:do_keyword: pos=15619, token=Td, stack=[]
DEBUG:root:nextobject: (15619, Td)
DEBUG:root:nextobject: (15622, 'and')
DEBUG:root:do_keyword: pos=15628, token=Tj, stack=[]
DEBUG:root:nextobject: (15628, Tj)
DEBUG:root:do_keyword: pos=15631, token=ET, stack=[]
DEBUG:root:nextobject: (15631, ET)
DEBUG:root:do_keyword: pos=15634, token=BT, stack=[]
DEBUG:root:nextobject: (15634, BT)
DEBUG:root:nextobject: (15637, 133.669)
DEBUG:root:nextobject: (15646, 204.0236)
DEBUG:root:do_keyword: pos=15655, token=Td, stack=[]
DEBUG:root:nextobject: (15655, Td)
DEBUG:root:nextobject: (15658, 'such')
DEBUG:root:do_keyword: pos=15665, token=Tj, stack=[]
DEBUG:root:nextobject: (15665, Tj)
DEBUG:root:do_keyword: pos=15668, token=ET, stack=[]
DEBUG:root:nextobject: (15668, ET)
DEBUG:root:do_keyword: pos=15671, token=BT, stack=[]
DEBUG:root:nextobject: (15671, BT)
DEBUG:root:nextobject: (15674, 168.5774)
DEBUG:root:nextobject: (15683, 204.0236)
DEBUG:root:do_keyword: pos=15692, token=Td, stack=[]
DEBUG:root:nextobject: (15692, Td)
DEBUG:root:nextobject: (15695, 'like')
DEBUG:root:do_keyword: pos=15702, token=Tj, stack=[]
DEBUG:root:nextobject: (15702, Tj)
DEBUG:root:do_keyword: pos=15705, token=ET, stack=[]
DEBUG:root:nextobject: (15705, ET)
DEBUG:root:do_keyword: pos=15708, token=BT, stack=[]
DEBUG:root:nextobject: (15708, BT)
DEBUG:root:nextobject: (15711, 197.3818)
DEBUG:root:nextobject: (15720, 204.0236)
DEBUG:root:do_keyword: pos=15729, token=Td, stack=[]
DEBUG:root:nextobject: (15729, Td)
DEBUG:root:nextobject: (15732, 'names,')
DEBUG:root:do_keyword: pos=15741, token=Tj, stack=[]
DEBUG:root:nextobject: (15741, Tj)
DEBUG:root:do_keyword: pos=15744, token=ET, stack=[]
DEBUG:root:nextobject: (15744, ET)
DEBUG:root:do_keyword: pos=15747, token=BT, stack=[]
DEBUG:root:nextobject: (15747, BT)
DEBUG:root:nextobject: (15750, 247.2002)
DEBUG:root:nextobject: (15759, 204.0236)
DEBUG:root:do_keyword: pos=15768, token=Td, stack=[]
DEBUG:root:nextobject: (15768, Td)
DEBUG:root:nextobject: (15771, 'and')
DEBUG:root:do_keyword: pos=15777, token=Tj, stack=[]
DEBUG:root:nextobject: (15777, Tj)
DEBUG:root:do_keyword: pos=15780, token=ET, stack=[]
DEBUG:root:nextobject: (15780, ET)
DEBUG:root:do_keyword: pos=15783, token=BT, stack=[]
DEBUG:root:nextobject: (15783, BT)
DEBUG:root:nextobject: (15786, 277.0686)
DEBUG:root:nextobject: (15795, 204.0236)
DEBUG:root:do_keyword: pos=15804, token=Td, stack=[]
DEBUG:root:nextobject: (15804, Td)
DEBUG:root:nextobject: (15807, 'saying')
DEBUG:root:do_keyword: pos=15816, token=Tj, stack=[]
DEBUG:root:nextobject: (15816, Tj)
DEBUG:root:do_keyword: pos=15819, token=ET, stack=[]
DEBUG:root:nextobject: (15819, ET)
DEBUG:root:do_keyword: pos=15822, token=BT, stack=[]
DEBUG:root:nextobject: (15822, BT)
DEBUG:root:nextobject: (15825, 323.961)
DEBUG:root:nextobject: (15834, 204.0236)
DEBUG:root:do_keyword: pos=15843, token=Td, stack=[]
DEBUG:root:nextobject: (15843, Td)
DEBUG:root:nextobject: (15846, 'there')
DEBUG:root:do_keyword: pos=15854, token=Tj, stack=[]
DEBUG:root:nextobject: (15854, Tj)
DEBUG:root:do_keyword: pos=15857, token=ET, stack=[]
DEBUG:root:nextobject: (15857, ET)
DEBUG:root:do_keyword: pos=15860, token=BT, stack=[]
DEBUG:root:nextobject: (15860, BT)
DEBUG:root:nextobject: (15863, 361.7814)
DEBUG:root:nextobject: (15872, 204.0236)
DEBUG:root:do_keyword: pos=15881, token=Td, stack=[]
DEBUG:root:nextobject: (15881, Td)
DEBUG:root:nextobject: (15884, 'was')
DEBUG:root:do_keyword: pos=15890, token=Tj, stack=[]
DEBUG:root:nextobject: (15890, Tj)
DEBUG:root:do_keyword: pos=15893, token=ET, stack=[]
DEBUG:root:nextobject: (15893, ET)
DEBUG:root:do_keyword: pos=15896, token=BT, stack=[]
DEBUG:root:nextobject: (15896, BT)
DEBUG:root:nextobject: (15899, 392.5598)
DEBUG:root:nextobject: (15908, 204.0236)
DEBUG:root:do_keyword: pos=15917, token=Td, stack=[]
DEBUG:root:nextobject: (15917, Td)
DEBUG:root:nextobject: (15920, 'the')
DEBUG:root:do_keyword: pos=15926, token=Tj, stack=[]
DEBUG:root:nextobject: (15926, Tj)
DEBUG:root:do_keyword: pos=15929, token=ET, stack=[]
DEBUG:root:nextobject: (15929, ET)
DEBUG:root:do_keyword: pos=15932, token=BT, stack=[]
DEBUG:root:nextobject: (15932, BT)
DEBUG:root:nextobject: (15935, 418.1442)
DEBUG:root:nextobject: (15944, 204.0236)
DEBUG:root:do_keyword: pos=15953, token=Td, stack=[]
DEBUG:root:nextobject: (15953, Td)
DEBUG:root:nextobject: (15956, 'sort')
DEBUG:root:do_keyword: pos=15963, token=Tj, stack=[]
DEBUG:root:nextobject: (15963, Tj)
DEBUG:root:do_keyword: pos=15966, token=ET, stack=[]
DEBUG:root:nextobject: (15966, ET)
DEBUG:root:do_keyword: pos=15969, token=BT, stack=[]
DEBUG:root:nextobject: (15969, BT)
DEBUG:root:nextobject: (15972, 447.9846)
DEBUG:root:nextobject: (15981, 204.0236)
DEBUG:root:do_keyword: pos=15990, token=Td, stack=[]
DEBUG:root:nextobject: (15990, Td)
DEBUG:root:nextobject: (15993, 'of')
DEBUG:root:do_keyword: pos=15998, token=Tj, stack=[]
DEBUG:root:nextobject: (15998, Tj)
DEBUG:root:do_keyword: pos=16001, token=ET, stack=[]
DEBUG:root:nextobject: (16001, ET)
DEBUG:root:do_keyword: pos=16004, token=BT, stack=[]
DEBUG:root:nextobject: (16004, BT)
DEBUG:root:nextobject: (16007, 466.457)
DEBUG:root:nextobject: (16016, 204.0236)
DEBUG:root:do_keyword: pos=16025, token=Td, stack=[]
DEBUG:root:nextobject: (16025, Td)
DEBUG:root:nextobject: (16028, 'man')
DEBUG:root:do_keyword: pos=16034, token=Tj, stack=[]
DEBUG:root:nextobject: (16034, Tj)
DEBUG:root:do_keyword: pos=16037, token=ET, stack=[]
DEBUG:root:nextobject: (16037, ET)
DEBUG:root:do_keyword: pos=16040, token=BT, stack=[]
DEBUG:root:nextobject: (16040, BT)
DEBUG:root:nextobject: (16043, 500.1334)
DEBUG:root:nextobject: (16052, 204.0236)
DEBUG:root:do_keyword: pos=16061, token=Td, stack=[]
DEBUG:root:nextobject: (16061, Td)
DEBUG:root:nextobject: (16064, 'that')
DEBUG:root:do_keyword: pos=16071, token=Tj, stack=[]
DEBUG:root:nextobject: (16071, Tj)
DEBUG:root:do_keyword: pos=16074, token=ET, stack=[]
DEBUG:root:nextobject: (16074, ET)
DEBUG:root:do_keyword: pos=16077, token=BT, stack=[]
DEBUG:root:nextobject: (16077, BT)
DEBUG:root:nextobject: (16080, 70.8661)
DEBUG:root:nextobject: (16088, 187.2236)
DEBUG:root:do_keyword: pos=16097, token=Td, stack=[]
DEBUG:root:nextobject: (16097, Td)
DEBUG:root:nextobject: (16100, 'made England terrible at sea.')
DEBUG:root:do_keyword: pos=16132, token=Tj, stack=[]
DEBUG:root:nextobject: (16132, Tj)
DEBUG:root:do_keyword: pos=16135, token=ET, stack=[]
DEBUG:root:nextobject: (16135, ET)
DEBUG:root:do_keyword: pos=16138, token=BT, stack=[]
DEBUG:root:nextobject: (16138, BT)
DEBUG:root:nextobject: (16141, 84.8661)
DEBUG:root:nextobject: (16149, 170.4236)
DEBUG:root:do_keyword: pos=16158, token=Td, stack=[]
DEBUG:root:nextobject: (16158, Td)
DEBUG:root:nextobject: (16161, 'In')
DEBUG:root:do_keyword: pos=16166, token=Tj, stack=[]
DEBUG:root:nextobject: (16166, Tj)
DEBUG:root:do_keyword: pos=16169, token=ET, stack=[]
DEBUG:root:nextobject: (16169, ET)
DEBUG:root:do_keyword: pos=16172, token=BT, stack=[]
DEBUG:root:nextobject: (16172, BT)
DEBUG:root:nextobject: (16175, 103.7561)
DEBUG:root:nextobject: (16184, 170.4236)
DEBUG:root:do_keyword: pos=16193, token=Td, stack=[]
DEBUG:root:nextobject: (16193, Td)
DEBUG:root:nextobject: (16196, 'one')
DEBUG:root:do_keyword: pos=16202, token=Tj, stack=[]
DEBUG:root:nextobject: (16202, Tj)
DEBUG:root:do_keyword: pos=16205, token=ET, stack=[]
DEBUG:root:nextobject: (16205, ET)
DEBUG:root:do_keyword: pos=16208, token=BT, stack=[]
DEBUG:root:nextobject: (16208, BT)
DEBUG:root:nextobject: (16211, 132.278)
DEBUG:root:nextobject: (16220, 170.4236)
DEBUG:root:do_keyword: pos=16229, token=Td, stack=[]
DEBUG:root:nextobject: (16229, Td)
DEBUG:root:nextobject: (16232, 'way,')
DEBUG:root:do_keyword: pos=16239, token=Tj, stack=[]
DEBUG:root:nextobject: (16239, Tj)
DEBUG:root:do_keyword: pos=16242, token=ET, stack=[]
DEBUG:root:nextobject: (16242, ET)
DEBUG:root:do_keyword: pos=16245, token=BT, stack=[]
DEBUG:root:nextobject: (16245, BT)
DEBUG:root:nextobject: (16248, 168.262)
DEBUG:root:nextobject: (16257, 170.4236)
DEBUG:root:do_keyword: pos=16266, token=Td, stack=[]
DEBUG:root:nextobject: (16266, Td)
DEBUG:root:nextobject: (16269, 'indeed,')
DEBUG:root:do_keyword: pos=16279, token=Tj, stack=[]
DEBUG:root:nextobject: (16279, Tj)
DEBUG:root:do_keyword: pos=16282, token=ET, stack=[]
DEBUG:root:nextobject: (16282, ET)
DEBUG:root:do_keyword: pos=16285, token=BT, stack=[]
DEBUG:root:nextobject: (16285, BT)
DEBUG:root:nextobject: (16288, 220.5279)
DEBUG:root:nextobject: (16297, 170.4236)
DEBUG:root:do_keyword: pos=16306, token=Td, stack=[]
DEBUG:root:nextobject: (16306, Td)
DEBUG:root:nextobject: (16309, 'he')
DEBUG:root:do_keyword: pos=16314, token=Tj, stack=[]
DEBUG:root:nextobject: (16314, Tj)
DEBUG:root:do_keyword: pos=16317, token=ET, stack=[]
DEBUG:root:nextobject: (16317, ET)
DEBUG:root:do_keyword: pos=16320, token=BT, stack=[]
DEBUG:root:nextobject: (16320, BT)
DEBUG:root:nextobject: (16323, 241.4059)
DEBUG:root:nextobject: (16332, 170.4236)
DEBUG:root:do_keyword: pos=16341, token=Td, stack=[]
DEBUG:root:nextobject: (16341, Td)
DEBUG:root:nextobject: (16344, 'bade')
DEBUG:root:do_keyword: pos=16351, token=Tj, stack=[]
DEBUG:root:nextobject: (16351, Tj)
DEBUG:root:do_keyword: pos=16354, token=ET, stack=[]
DEBUG:root:nextobject: (16354, ET)
DEBUG:root:do_keyword: pos=16357, token=BT, stack=[]
DEBUG:root:nextobject: (16357, BT)
DEBUG:root:nextobject: (16360, 277.4318)
DEBUG:root:nextobject: (16369, 170.4236)
DEBUG:root:do_keyword: pos=16378, token=Td, stack=[]
DEBUG:root:nextobject: (16378, Td)
DEBUG:root:nextobject: (16381, 'fair')
DEBUG:root:do_keyword: pos=16388, token=Tj, stack=[]
DEBUG:root:nextobject: (16388, Tj)
DEBUG:root:do_keyword: pos=16391, token=ET, stack=[]
DEBUG:root:nextobject: (16391, ET)
DEBUG:root:do_keyword: pos=16394, token=BT, stack=[]
DEBUG:root:nextobject: (16394, BT)
DEBUG:root:nextobject: (16397, 304.7218)
DEBUG:root:nextobject: (16406, 170.4236)
DEBUG:root:do_keyword: pos=16415, token=Td, stack=[]
DEBUG:root:nextobject: (16415, Td)
DEBUG:root:nextobject: (16418, 'to')
DEBUG:root:do_keyword: pos=16423, token=Tj, stack=[]
DEBUG:root:nextobject: (16423, Tj)
DEBUG:root:do_keyword: pos=16426, token=ET, stack=[]
DEBUG:root:nextobject: (16426, ET)
DEBUG:root:do_keyword: pos=16429, token=BT, stack=[]
DEBUG:root:nextobject: (16429, BT)
DEBUG:root:nextobject: (16432, 322.9537)
DEBUG:root:nextobject: (16441, 170.4236)
DEBUG:root:do_keyword: pos=16450, token=Td, stack=[]
DEBUG:root:nextobject: (16450, Td)
DEBUG:root:nextobject: (16453, 'ruin')
DEBUG:root:do_keyword: pos=16460, token=Tj, stack=[]
DEBUG:root:nextobject: (16460, Tj)
DEBUG:root:do_keyword: pos=16463, token=ET, stack=[]
DEBUG:root:nextobject: (16463, ET)
DEBUG:root:do_keyword: pos=16466, token=BT, stack=[]
DEBUG:root:nextobject: (16466, BT)
DEBUG:root:nextobject: (16469, 355.1717)
DEBUG:root:nextobject: (16478, 170.4236)
DEBUG:root:do_keyword: pos=16487, token=Td, stack=[]
DEBUG:root:nextobject: (16487, Td)
DEBUG:root:nextobject: (16490, 'us,')
DEBUG:root:do_keyword: pos=16496, token=Tj, stack=[]
DEBUG:root:nextobject: (16496, Tj)
DEBUG:root:do_keyword: pos=16499, token=ET, stack=[]
DEBUG:root:nextobject: (16499, ET)
DEBUG:root:do_keyword: pos=16502, token=BT, stack=[]
DEBUG:root:nextobject: (16502, BT)
DEBUG:root:nextobject: (16505, 379.0736)
DEBUG:root:nextobject: (16514, 170.4236)
DEBUG:root:do_keyword: pos=16523, token=Td, stack=[]
DEBUG:root:nextobject: (16523, Td)
DEBUG:root:nextobject: (16526, 'for')
DEBUG:root:do_keyword: pos=16532, token=Tj, stack=[]
DEBUG:root:nextobject: (16532, Tj)
DEBUG:root:do_keyword: pos=16535, token=ET, stack=[]
DEBUG:root:nextobject: (16535, ET)
DEBUG:root:do_keyword: pos=16538, token=BT, stack=[]
DEBUG:root:nextobject: (16538, BT)
DEBUG:root:nextobject: (16541, 402.9336)
DEBUG:root:nextobject: (16550, 170.4236)
DEBUG:root:do_keyword: pos=16559, token=Td, stack=[]
DEBUG:root:nextobject: (16559, Td)
DEBUG:root:nextobject: (16562, 'he')
DEBUG:root:do_keyword: pos=16567, token=Tj, stack=[]
DEBUG:root:nextobject: (16567, Tj)
DEBUG:root:do_keyword: pos=16570, token=ET, stack=[]
DEBUG:root:nextobject: (16570, ET)
DEBUG:root:do_keyword: pos=16573, token=BT, stack=[]
DEBUG:root:nextobject: (16573, BT)
DEBUG:root:nextobject: (16576, 423.8115)
DEBUG:root:nextobject: (16585, 170.4236)
DEBUG:root:do_keyword: pos=16594, token=Td, stack=[]
DEBUG:root:nextobject: (16594, Td)
DEBUG:root:nextobject: (16597, 'kept')
DEBUG:root:do_keyword: pos=16604, token=Tj, stack=[]
DEBUG:root:nextobject: (16604, Tj)
DEBUG:root:do_keyword: pos=16607, token=ET, stack=[]
DEBUG:root:nextobject: (16607, ET)
DEBUG:root:do_keyword: pos=16610, token=BT, stack=[]
DEBUG:root:nextobject: (16610, BT)
DEBUG:root:nextobject: (16613, 457.3035)
DEBUG:root:nextobject: (16622, 170.4236)
DEBUG:root:do_keyword: pos=16631, token=Td, stack=[]
DEBUG:root:nextobject: (16631, Td)
DEBUG:root:nextobject: (16634, 'on')
DEBUG:root:do_keyword: pos=16639, token=Tj, stack=[]
DEBUG:root:nextobject: (16639, Tj)
DEBUG:root:do_keyword: pos=16642, token=ET, stack=[]
DEBUG:root:nextobject: (16642, ET)
DEBUG:root:do_keyword: pos=16645, token=BT, stack=[]
DEBUG:root:nextobject: (16645, BT)
DEBUG:root:nextobject: (16648, 479.1194)
DEBUG:root:nextobject: (16657, 170.4236)
DEBUG:root:do_keyword: pos=16666, token=Td, stack=[]
DEBUG:root:nextobject: (16666, Td)
DEBUG:root:nextobject: (16669, 'staying')
DEBUG:root:do_keyword: pos=16679, token=Tj, stack=[]
DEBUG:root:nextobject: (16679, Tj)
DEBUG:root:do_keyword: pos=16682, token=ET, stack=[]
DEBUG:root:nextobject: (16682, ET)
DEBUG:root:do_keyword: pos=16685, token=BT, stack=[]
DEBUG:root:nextobject: (16685, BT)
DEBUG:root:nextobject: (16688, 70.8661)
DEBUG:root:nextobject: (16696, 153.6236)
DEBUG:root:do_keyword: pos=16705, token=Td, stack=[]
DEBUG:root:nextobject: (16705, Td)
DEBUG:root:nextobject: (16708, 'week')
DEBUG:root:do_keyword: pos=16715, token=Tj, stack=[]
DEBUG:root:nextobject: (16715, Tj)
DEBUG:root:do_keyword: pos=16718, token=ET, stack=[]
DEBUG:root:nextobject: (16718, ET)
DEBUG:root:do_keyword: pos=16721, token=BT, stack=[]
DEBUG:root:nextobject: (16721, BT)
DEBUG:root:nextobject: (16724, 109.141)
DEBUG:root:nextobject: (16733, 153.6236)
DEBUG:root:do_keyword: pos=16742, token=Td, stack=[]
DEBUG:root:nextobject: (16742, Td)
DEBUG:root:nextobject: (16745, 'after')
DEBUG:root:do_keyword: pos=16753, token=Tj, stack=[]
DEBUG:root:nextobject: (16753, Tj)
DEBUG:root:do_keyword: pos=16756, token=ET, stack=[]
DEBUG:root:nextobject: (16756, ET)
DEBUG:root:do_keyword: pos=16759, token=BT, stack=[]
DEBUG:root:nextobject: (16759, BT)
DEBUG:root:nextobject: (16762, 143.0059)
DEBUG:root:nextobject: (16771, 153.6236)
DEBUG:root:do_keyword: pos=16780, token=Td, stack=[]
DEBUG:root:nextobject: (16780, Td)
DEBUG:root:nextobject: (16783, 'week,')
DEBUG:root:do_keyword: pos=16791, token=Tj, stack=[]
DEBUG:root:nextobject: (16791, Tj)
DEBUG:root:do_keyword: pos=16794, token=ET, stack=[]
DEBUG:root:nextobject: (16794, ET)
DEBUG:root:do_keyword: pos=16797, token=BT, stack=[]
DEBUG:root:nextobject: (16797, BT)
DEBUG:root:nextobject: (16800, 184.7808)
DEBUG:root:nextobject: (16809, 153.6236)
DEBUG:root:do_keyword: pos=16818, token=Td, stack=[]
DEBUG:root:nextobject: (16818, Td)
DEBUG:root:nextobject: (16821, 'and')
DEBUG:root:do_keyword: pos=16827, token=Tj, stack=[]
DEBUG:root:nextobject: (16827, Tj)
DEBUG:root:do_keyword: pos=16830, token=ET, stack=[]
DEBUG:root:nextobject: (16830, ET)
DEBUG:root:do_keyword: pos=16833, token=BT, stack=[]
DEBUG:root:nextobject: (16833, BT)
DEBUG:root:nextobject: (16836, 213.8856)
DEBUG:root:nextobject: (16845, 153.6236)
DEBUG:root:do_keyword: pos=16854, token=Td, stack=[]
DEBUG:root:nextobject: (16854, Td)
DEBUG:root:nextobject: (16857, 'at')
DEBUG:root:do_keyword: pos=16862, token=Tj, stack=[]
DEBUG:root:nextobject: (16862, Tj)
DEBUG:root:do_keyword: pos=16865, token=ET, stack=[]
DEBUG:root:nextobject: (16865, ET)
DEBUG:root:do_keyword: pos=16868, token=BT, stack=[]
DEBUG:root:nextobject: (16868, BT)
DEBUG:root:nextobject: (16871, 230.8525)
DEBUG:root:nextobject: (16880, 153.6236)
DEBUG:root:do_keyword: pos=16889, token=Td, stack=[]
DEBUG:root:nextobject: (16889, Td)
DEBUG:root:nextobject: (16892, 'last')
DEBUG:root:do_keyword: pos=16899, token=Tj, stack=[]
DEBUG:root:nextobject: (16899, Tj)
DEBUG:root:do_keyword: pos=16902, token=ET, stack=[]
DEBUG:root:nextobject: (16902, ET)
DEBUG:root:do_keyword: pos=16905, token=BT, stack=[]
DEBUG:root:nextobject: (16905, BT)
DEBUG:root:nextobject: (16908, 257.8294)
DEBUG:root:nextobject: (16917, 153.6236)
DEBUG:root:do_keyword: pos=16926, token=Td, stack=[]
DEBUG:root:nextobject: (16926, Td)
DEBUG:root:nextobject: (16929, 'month')
DEBUG:root:do_keyword: pos=16937, token=Tj, stack=[]
DEBUG:root:nextobject: (16937, Tj)
DEBUG:root:do_keyword: pos=16940, token=ET, stack=[]
DEBUG:root:nextobject: (16940, ET)
DEBUG:root:do_keyword: pos=16943, token=BT, stack=[]
DEBUG:root:nextobject: (16943, BT)
DEBUG:root:nextobject: (16946, 304.0982)
DEBUG:root:nextobject: (16955, 153.6236)
DEBUG:root:do_keyword: pos=16964, token=Td, stack=[]
DEBUG:root:nextobject: (16964, Td)
DEBUG:root:nextobject: (16967, 'after')
DEBUG:root:do_keyword: pos=16975, token=Tj, stack=[]
DEBUG:root:nextobject: (16975, Tj)
DEBUG:root:do_keyword: pos=16978, token=ET, stack=[]
DEBUG:root:nextobject: (16978, ET)
DEBUG:root:do_keyword: pos=16981, token=BT, stack=[]
DEBUG:root:nextobject: (16981, BT)
DEBUG:root:nextobject: (16984, 337.9631)
DEBUG:root:nextobject: (16993, 153.6236)
DEBUG:root:do_keyword: pos=17002, token=Td, stack=[]
DEBUG:root:nextobject: (17002, Td)
DEBUG:root:nextobject: (17005, 'month,')
DEBUG:root:do_keyword: pos=17014, token=Tj, stack=[]
DEBUG:root:nextobject: (17014, Tj)
DEBUG:root:do_keyword: pos=17017, token=ET, stack=[]
DEBUG:root:nextobject: (17017, ET)
DEBUG:root:do_keyword: pos=17020, token=BT, stack=[]
DEBUG:root:nextobject: (17020, BT)
DEBUG:root:nextobject: (17023, 387.732)
DEBUG:root:nextobject: (17032, 153.6236)
DEBUG:root:do_keyword: pos=17041, token=Td, stack=[]
DEBUG:root:nextobject: (17041, Td)
DEBUG:root:nextobject: (17044, 'so')
DEBUG:root:do_keyword: pos=17049, token=Tj, stack=[]
DEBUG:root:nextobject: (17049, Tj)
DEBUG:root:do_keyword: pos=17052, token=ET, stack=[]
DEBUG:root:nextobject: (17052, ET)
DEBUG:root:do_keyword: pos=17055, token=BT, stack=[]
DEBUG:root:nextobject: (17055, BT)
DEBUG:root:nextobject: (17058, 406.7148)
DEBUG:root:nextobject: (17067, 153.6236)
DEBUG:root:do_keyword: pos=17076, token=Td, stack=[]
DEBUG:root:nextobject: (17076, Td)
DEBUG:root:nextobject: (17079, 'that')
DEBUG:root:do_keyword: pos=17086, token=Tj, stack=[]
DEBUG:root:nextobject: (17086, Tj)
DEBUG:root:do_keyword: pos=17089, token=ET, stack=[]
DEBUG:root:nextobject: (17089, ET)
DEBUG:root:do_keyword: pos=17092, token=BT, stack=[]
DEBUG:root:nextobject: (17092, BT)
DEBUG:root:nextobject: (17095, 436.3937)
DEBUG:root:nextobject: (17104, 153.6236)
DEBUG:root:do_keyword: pos=17113, token=Td, stack=[]
DEBUG:root:nextobject: (17113, Td)
DEBUG:root:nextobject: (17116, 'all')
DEBUG:root:do_keyword: pos=17122, token=Tj, stack=[]
DEBUG:root:nextobject: (17122, Tj)
DEBUG:root:do_keyword: pos=17125, token=ET, stack=[]
DEBUG:root:nextobject: (17125, ET)
DEBUG:root:do_keyword: pos=17128, token=BT, stack=[]
DEBUG:root:nextobject: (17128, BT)
DEBUG:root:nextobject: (17131, 456.9446)
DEBUG:root:nextobject: (17140, 153.6236)
DEBUG:root:do_keyword: pos=17149, token=Td, stack=[]
DEBUG:root:nextobject: (17149, Td)
DEBUG:root:nextobject: (17152, 'the')
DEBUG:root:do_keyword: pos=17158, token=Tj, stack=[]
DEBUG:root:nextobject: (17158, Tj)
DEBUG:root:do_keyword: pos=17161, token=ET, stack=[]
DEBUG:root:nextobject: (17161, ET)
DEBUG:root:do_keyword: pos=17164, token=BT, stack=[]
DEBUG:root:nextobject: (17164, BT)
DEBUG:root:nextobject: (17167, 481.7654)
DEBUG:root:nextobject: (17176, 153.6236)
DEBUG:root:do_keyword: pos=17185, token=Td, stack=[]
DEBUG:root:nextobject: (17185, Td)
DEBUG:root:nextobject: (17188, 'money')
DEBUG:root:do_keyword: pos=17196, token=Tj, stack=[]
DEBUG:root:nextobject: (17196, Tj)
DEBUG:root:do_keyword: pos=17199, token=ET, stack=[]
DEBUG:root:nextobject: (17199, ET)
DEBUG:root:do_keyword: pos=17202, token=BT, stack=[]
DEBUG:root:nextobject: (17202, BT)
DEBUG:root:nextobject: (17205, 70.8661)
DEBUG:root:nextobject: (17213, 136.8236)
DEBUG:root:do_keyword: pos=17222, token=Td, stack=[]
DEBUG:root:nextobject: (17222, Td)
DEBUG:root:nextobject: (17225, 'had')
DEBUG:root:do_keyword: pos=17231, token=Tj, stack=[]
DEBUG:root:nextobject: (17231, Tj)
DEBUG:root:do_keyword: pos=17234, token=ET, stack=[]
DEBUG:root:nextobject: (17234, ET)
DEBUG:root:do_keyword: pos=17237, token=BT, stack=[]
DEBUG:root:nextobject: (17237, BT)
DEBUG:root:nextobject: (17240, 98.6946)
DEBUG:root:nextobject: (17248, 136.8236)
DEBUG:root:do_keyword: pos=17257, token=Td, stack=[]
DEBUG:root:nextobject: (17257, Td)
DEBUG:root:nextobject: (17260, 'been')
DEBUG:root:do_keyword: pos=17267, token=Tj, stack=[]
DEBUG:root:nextobject: (17267, Tj)
DEBUG:root:do_keyword: pos=17270, token=ET, stack=[]
DEBUG:root:nextobject: (17270, ET)
DEBUG:root:do_keyword: pos=17273, token=BT, stack=[]
DEBUG:root:nextobject: (17273, BT)
DEBUG:root:nextobject: (17276, 132.123)
DEBUG:root:nextobject: (17285, 136.8236)
DEBUG:root:do_keyword: pos=17294, token=Td, stack=[]
DEBUG:root:nextobject: (17294, Td)
DEBUG:root:nextobject: (17297, 'long')
DEBUG:root:do_keyword: pos=17304, token=Tj, stack=[]
DEBUG:root:nextobject: (17304, Tj)
DEBUG:root:do_keyword: pos=17307, token=ET, stack=[]
DEBUG:root:nextobject: (17307, ET)
DEBUG:root:do_keyword: pos=17310, token=BT, stack=[]
DEBUG:root:nextobject: (17310, BT)
DEBUG:root:nextobject: (17313, 163.8995)
DEBUG:root:nextobject: (17322, 136.8236)
DEBUG:root:do_keyword: pos=17331, token=Td, stack=[]
DEBUG:root:nextobject: (17331, Td)
DEBUG:root:nextobject: (17334, 'exhausted,')
DEBUG:root:do_keyword: pos=17347, token=Tj, stack=[]
DEBUG:root:nextobject: (17347, Tj)
DEBUG:root:do_keyword: pos=17350, token=ET, stack=[]
DEBUG:root:nextobject: (17350, ET)
DEBUG:root:do_keyword: pos=17353, token=BT, stack=[]
DEBUG:root:nextobject: (17353, BT)
DEBUG:root:nextobject: (17356, 234.8059)
DEBUG:root:nextobject: (17365, 136.8236)
DEBUG:root:do_keyword: pos=17374, token=Td, stack=[]
DEBUG:root:nextobject: (17374, Td)
DEBUG:root:nextobject: (17377, 'and')
DEBUG:root:do_keyword: pos=17383, token=Tj, stack=[]
DEBUG:root:nextobject: (17383, Tj)
DEBUG:root:do_keyword: pos=17386, token=ET, stack=[]
DEBUG:root:nextobject: (17386, ET)
DEBUG:root:do_keyword: pos=17389, token=BT, stack=[]
DEBUG:root:nextobject: (17389, BT)
DEBUG:root:nextobject: (17392, 262.6344)
DEBUG:root:nextobject: (17401, 136.8236)
DEBUG:root:do_keyword: pos=17410, token=Td, stack=[]
DEBUG:root:nextobject: (17410, Td)
DEBUG:root:nextobject: (17413, 'still')
DEBUG:root:do_keyword: pos=17421, token=Tj, stack=[]
DEBUG:root:nextobject: (17421, Tj)
DEBUG:root:do_keyword: pos=17424, token=ET, stack=[]
DEBUG:root:nextobject: (17424, ET)
DEBUG:root:do_keyword: pos=17427, token=BT, stack=[]
DEBUG:root:nextobject: (17427, BT)
DEBUG:root:nextobject: (17430, 289.4828)
DEBUG:root:nextobject: (17439, 136.8236)
DEBUG:root:do_keyword: pos=17448, token=Td, stack=[]
DEBUG:root:nextobject: (17448, Td)
DEBUG:root:nextobject: (17451, 'my')
DEBUG:root:do_keyword: pos=17456, token=Tj, stack=[]
DEBUG:root:nextobject: (17456, Tj)
DEBUG:root:do_keyword: pos=17459, token=ET, stack=[]
DEBUG:root:nextobject: (17459, ET)
DEBUG:root:do_keyword: pos=17462, token=BT, stack=[]
DEBUG:root:nextobject: (17462, BT)
DEBUG:root:nextobject: (17465, 313.7552)
DEBUG:root:nextobject: (17474, 136.8236)
DEBUG:root:do_keyword: pos=17483, token=Td, stack=[]
DEBUG:root:nextobject: (17483, Td)
DEBUG:root:nextobject: (17486, 'father')
DEBUG:root:do_keyword: pos=17495, token=Tj, stack=[]
DEBUG:root:nextobject: (17495, Tj)
DEBUG:root:do_keyword: pos=17498, token=ET, stack=[]
DEBUG:root:nextobject: (17498, ET)
DEBUG:root:do_keyword: pos=17501, token=BT, stack=[]
DEBUG:root:nextobject: (17501, BT)
DEBUG:root:nextobject: (17504, 354.4917)
DEBUG:root:nextobject: (17513, 136.8236)
DEBUG:root:do_keyword: pos=17522, token=Td, stack=[]
DEBUG:root:nextobject: (17522, Td)
DEBUG:root:nextobject: (17525, 'never')
DEBUG:root:do_keyword: pos=17533, token=Tj, stack=[]
DEBUG:root:nextobject: (17533, Tj)
DEBUG:root:do_keyword: pos=17536, token=ET, stack=[]
DEBUG:root:nextobject: (17536, ET)
DEBUG:root:do_keyword: pos=17539, token=BT, stack=[]
DEBUG:root:nextobject: (17539, BT)
DEBUG:root:nextobject: (17542, 393.6181)
DEBUG:root:nextobject: (17551, 136.8236)
DEBUG:root:do_keyword: pos=17560, token=Td, stack=[]
DEBUG:root:nextobject: (17560, Td)
DEBUG:root:nextobject: (17563, 'plucked')
DEBUG:root:do_keyword: pos=17573, token=Tj, stack=[]
DEBUG:root:nextobject: (17573, Tj)
DEBUG:root:do_keyword: pos=17576, token=ET, stack=[]
DEBUG:root:nextobject: (17576, ET)
DEBUG:root:do_keyword: pos=17579, token=BT, stack=[]
DEBUG:root:nextobject: (17579, BT)
DEBUG:root:nextobject: (17582, 447.9346)
DEBUG:root:nextobject: (17591, 136.8236)
DEBUG:root:do_keyword: pos=17600, token=Td, stack=[]
DEBUG:root:nextobject: (17600, Td)
DEBUG:root:nextobject: (17603, 'up')
DEBUG:root:do_keyword: pos=17608, token=Tj, stack=[]
DEBUG:root:nextobject: (17608, Tj)
DEBUG:root:do_keyword: pos=17611, token=ET, stack=[]
DEBUG:root:nextobject: (17611, ET)
DEBUG:root:do_keyword: pos=17614, token=BT, stack=[]
DEBUG:root:nextobject: (17614, BT)
DEBUG:root:nextobject: (17617, 468.917)
DEBUG:root:nextobject: (17626, 136.8236)
DEBUG:root:do_keyword: pos=17635, token=Td, stack=[]
DEBUG:root:nextobject: (17635, Td)
DEBUG:root:nextobject: (17638, 'the')
DEBUG:root:do_keyword: pos=17644, token=Tj, stack=[]
DEBUG:root:nextobject: (17644, Tj)
DEBUG:root:do_keyword: pos=17647, token=ET, stack=[]
DEBUG:root:nextobject: (17647, ET)
DEBUG:root:do_keyword: pos=17650, token=BT, stack=[]
DEBUG:root:nextobject: (17650, BT)
DEBUG:root:nextobject: (17653, 492.4614)
DEBUG:root:nextobject: (17662, 136.8236)
DEBUG:root:do_keyword: pos=17671, token=Td, stack=[]
DEBUG:root:nextobject: (17671, Td)
DEBUG:root:nextobject: (17674, 'heart')
DEBUG:root:do_keyword: pos=17682, token=Tj, stack=[]
DEBUG:root:nextobject: (17682, Tj)
DEBUG:root:do_keyword: pos=17685, token=ET, stack=[]
DEBUG:root:nextobject: (17685, ET)
DEBUG:root:do_keyword: pos=17688, token=BT, stack=[]
DEBUG:root:nextobject: (17688, BT)
DEBUG:root:nextobject: (17691, 70.8661)
DEBUG:root:nextobject: (17699, 120.0236)
DEBUG:root:do_keyword: pos=17708, token=Td, stack=[]
DEBUG:root:nextobject: (17708, Td)
DEBUG:root:nextobject: (17711, 'to')
DEBUG:root:do_keyword: pos=17716, token=Tj, stack=[]
DEBUG:root:nextobject: (17716, Tj)
DEBUG:root:do_keyword: pos=17719, token=ET, stack=[]
DEBUG:root:nextobject: (17719, ET)
DEBUG:root:do_keyword: pos=17722, token=BT, stack=[]
DEBUG:root:nextobject: (17722, BT)
DEBUG:root:nextobject: (17725, 90.4778)
DEBUG:root:nextobject: (17733, 120.0236)
DEBUG:root:do_keyword: pos=17742, token=Td, stack=[]
DEBUG:root:nextobject: (17742, Td)
DEBUG:root:nextobject: (17745, 'insist')
DEBUG:root:do_keyword: pos=17754, token=Tj, stack=[]
DEBUG:root:nextobject: (17754, Tj)
DEBUG:root:do_keyword: pos=17757, token=ET, stack=[]
DEBUG:root:nextobject: (17757, ET)
DEBUG:root:do_keyword: pos=17760, token=BT, stack=[]
DEBUG:root:nextobject: (17760, BT)
DEBUG:root:nextobject: (17763, 130.6134)
DEBUG:root:nextobject: (17772, 120.0236)
DEBUG:root:do_keyword: pos=17781, token=Td, stack=[]
DEBUG:root:nextobject: (17781, Td)
DEBUG:root:nextobject: (17784, 'on')
DEBUG:root:do_keyword: pos=17789, token=Tj, stack=[]
DEBUG:root:nextobject: (17789, Tj)
DEBUG:root:do_keyword: pos=17792, token=ET, stack=[]
DEBUG:root:nextobject: (17792, ET)
DEBUG:root:do_keyword: pos=17795, token=BT, stack=[]
DEBUG:root:nextobject: (17795, BT)
DEBUG:root:nextobject: (17798, 153.809)
DEBUG:root:nextobject: (17807, 120.0236)
DEBUG:root:do_keyword: pos=17816, token=Td, stack=[]
DEBUG:root:nextobject: (17816, Td)
DEBUG:root:nextobject: (17819, 'having')
DEBUG:root:do_keyword: pos=17828, token=Tj, stack=[]
DEBUG:root:nextobject: (17828, Tj)
DEBUG:root:do_keyword: pos=17831, token=ET, stack=[]
DEBUG:root:nextobject: (17831, ET)
DEBUG:root:do_keyword: pos=17834, token=BT, stack=[]
DEBUG:root:nextobject: (17834, BT)
DEBUG:root:nextobject: (17837, 204.2766)
DEBUG:root:nextobject: (17846, 120.0236)
DEBUG:root:do_keyword: pos=17855, token=Td, stack=[]
DEBUG:root:nextobject: (17855, Td)
DEBUG:root:nextobject: (17858, 'more.')
DEBUG:root:do_keyword: pos=17866, token=Tj, stack=[]
DEBUG:root:nextobject: (17866, Tj)
DEBUG:root:do_keyword: pos=17869, token=ET, stack=[]
DEBUG:root:nextobject: (17869, ET)
DEBUG:root:do_keyword: pos=17872, token=BT, stack=[]
DEBUG:root:nextobject: (17872, BT)
DEBUG:root:nextobject: (17875, 247.4222)
DEBUG:root:nextobject: (17884, 120.0236)
DEBUG:root:do_keyword: pos=17893, token=Td, stack=[]
DEBUG:root:nextobject: (17893, Td)
DEBUG:root:nextobject: (17896, 'If')
DEBUG:root:do_keyword: pos=17901, token=Tj, stack=[]
DEBUG:root:nextobject: (17901, Tj)
DEBUG:root:do_keyword: pos=17904, token=ET, stack=[]
DEBUG:root:nextobject: (17904, ET)
DEBUG:root:do_keyword: pos=17907, token=BT, stack=[]
DEBUG:root:nextobject: (17907, BT)
DEBUG:root:nextobject: (17910, 264.2058)
DEBUG:root:nextobject: (17919, 120.0236)
DEBUG:root:do_keyword: pos=17928, token=Td, stack=[]
DEBUG:root:nextobject: (17928, Td)
DEBUG:root:nextobject: (17931, 'ever')
DEBUG:root:do_keyword: pos=17938, token=Tj, stack=[]
DEBUG:root:nextobject: (17938, Tj)
DEBUG:root:do_keyword: pos=17941, token=ET, stack=[]
DEBUG:root:nextobject: (17941, ET)
DEBUG:root:do_keyword: pos=17944, token=BT, stack=[]
DEBUG:root:nextobject: (17944, BT)
DEBUG:root:nextobject: (17947, 298.4614)
DEBUG:root:nextobject: (17956, 120.0236)
DEBUG:root:do_keyword: pos=17965, token=Td, stack=[]
DEBUG:root:nextobject: (17965, Td)
DEBUG:root:nextobject: (17968, 'he')
DEBUG:root:do_keyword: pos=17973, token=Tj, stack=[]
DEBUG:root:nextobject: (17973, Tj)
DEBUG:root:do_keyword: pos=17976, token=ET, stack=[]
DEBUG:root:nextobject: (17976, ET)
DEBUG:root:do_keyword: pos=17979, token=BT, stack=[]
DEBUG:root:nextobject: (17979, BT)
DEBUG:root:nextobject: (17982, 320.719)
DEBUG:root:nextobject: (17991, 120.0236)
DEBUG:root:do_keyword: pos=18000, token=Td, stack=[]
DEBUG:root:nextobject: (18000, Td)
DEBUG:root:nextobject: (18003, 'mentioned')
DEBUG:root:do_keyword: pos=18015, token=Tj, stack=[]
DEBUG:root:nextobject: (18015, Tj)
DEBUG:root:do_keyword: pos=18018, token=ET, stack=[]
DEBUG:root:nextobject: (18018, ET)
DEBUG:root:do_keyword: pos=18021, token=BT, stack=[]
DEBUG:root:nextobject: (18021, BT)
DEBUG:root:nextobject: (18024, 395.0286)
DEBUG:root:nextobject: (18033, 120.0236)
DEBUG:root:do_keyword: pos=18042, token=Td, stack=[]
DEBUG:root:nextobject: (18042, Td)
DEBUG:root:nextobject: (18045, 'it,')
DEBUG:root:do_keyword: pos=18051, token=Tj, stack=[]
DEBUG:root:nextobject: (18051, Tj)
DEBUG:root:do_keyword: pos=18054, token=ET, stack=[]
DEBUG:root:nextobject: (18054, ET)
DEBUG:root:do_keyword: pos=18057, token=BT, stack=[]
DEBUG:root:nextobject: (18057, BT)
DEBUG:root:nextobject: (18060, 414.5702)
DEBUG:root:nextobject: (18069, 120.0236)
DEBUG:root:do_keyword: pos=18078, token=Td, stack=[]
DEBUG:root:nextobject: (18078, Td)
DEBUG:root:nextobject: (18081, 'the')
DEBUG:root:do_keyword: pos=18087, token=Tj, stack=[]
DEBUG:root:nextobject: (18087, Tj)
DEBUG:root:do_keyword: pos=18090, token=ET, stack=[]
DEBUG:root:nextobject: (18090, ET)
DEBUG:root:do_keyword: pos=18093, token=BT, stack=[]
DEBUG:root:nextobject: (18093, BT)
DEBUG:root:nextobject: (18096, 441.3918)
DEBUG:root:nextobject: (18105, 120.0236)
DEBUG:root:do_keyword: pos=18114, token=Td, stack=[]
DEBUG:root:nextobject: (18114, Td)
DEBUG:root:nextobject: (18117, 'captain')
DEBUG:root:do_keyword: pos=18127, token=Tj, stack=[]
DEBUG:root:nextobject: (18127, Tj)
DEBUG:root:do_keyword: pos=18130, token=ET, stack=[]
DEBUG:root:nextobject: (18130, ET)
DEBUG:root:do_keyword: pos=18133, token=BT, stack=[]
DEBUG:root:nextobject: (18133, BT)
DEBUG:root:nextobject: (18136, 494.2114)
DEBUG:root:nextobject: (18145, 120.0236)
DEBUG:root:do_keyword: pos=18154, token=Td, stack=[]
DEBUG:root:nextobject: (18154, Td)
DEBUG:root:nextobject: (18157, 'blew')
DEBUG:root:do_keyword: pos=18164, token=Tj, stack=[]
DEBUG:root:nextobject: (18164, Tj)
DEBUG:root:do_keyword: pos=18167, token=ET, stack=[]
DEBUG:root:nextobject: (18167, ET)
DEBUG:root:do_keyword: pos=18170, token=BT, stack=[]
DEBUG:root:nextobject: (18170, BT)
DEBUG:root:nextobject: (18173, 70.8661)
DEBUG:root:nextobject: (18181, 103.2236)
DEBUG:root:do_keyword: pos=18190, token=Td, stack=[]
DEBUG:root:nextobject: (18190, Td)
DEBUG:root:nextobject: (18193, 'through')
DEBUG:root:do_keyword: pos=18203, token=Tj, stack=[]
DEBUG:root:nextobject: (18203, Tj)
DEBUG:root:do_keyword: pos=18206, token=ET, stack=[]
DEBUG:root:nextobject: (18206, ET)
DEBUG:root:do_keyword: pos=18209, token=BT, stack=[]
DEBUG:root:nextobject: (18209, BT)
DEBUG:root:nextobject: (18212, 125.3789)
DEBUG:root:nextobject: (18221, 103.2236)
DEBUG:root:do_keyword: pos=18230, token=Td, stack=[]
DEBUG:root:nextobject: (18230, Td)
DEBUG:root:nextobject: (18233, 'his')
DEBUG:root:do_keyword: pos=18239, token=Tj, stack=[]
DEBUG:root:nextobject: (18239, Tj)
DEBUG:root:do_keyword: pos=18242, token=ET, stack=[]
DEBUG:root:nextobject: (18242, ET)
DEBUG:root:do_keyword: pos=18245, token=BT, stack=[]
DEBUG:root:nextobject: (18245, BT)
DEBUG:root:nextobject: (18248, 147.7896)
DEBUG:root:nextobject: (18257, 103.2236)
DEBUG:root:do_keyword: pos=18266, token=Td, stack=[]
DEBUG:root:nextobject: (18266, Td)
DEBUG:root:nextobject: (18269, 'nose')
DEBUG:root:do_keyword: pos=18276, token=Tj, stack=[]
DEBUG:root:nextobject: (18276, Tj)
DEBUG:root:do_keyword: pos=18279, token=ET, stack=[]
DEBUG:root:nextobject: (18279, ET)
DEBUG:root:do_keyword: pos=18282, token=BT, stack=[]
DEBUG:root:nextobject: (18282, BT)
DEBUG:root:nextobject: (18285, 180.4763)
DEBUG:root:nextobject: (18294, 103.2236)
DEBUG:root:do_keyword: pos=18303, token=Td, stack=[]
DEBUG:root:nextobject: (18303, Td)
DEBUG:root:nextobject: (18306, 'so')
DEBUG:root:do_keyword: pos=18311, token=Tj, stack=[]
DEBUG:root:nextobject: (18311, Tj)
DEBUG:root:do_keyword: pos=18314, token=ET, stack=[]
DEBUG:root:nextobject: (18314, ET)
DEBUG:root:do_keyword: pos=18317, token=BT, stack=[]
DEBUG:root:nextobject: (18317, BT)
DEBUG:root:nextobject: (18320, 198.309)
DEBUG:root:nextobject: (18329, 103.2236)
DEBUG:root:do_keyword: pos=18338, token=Td, stack=[]
DEBUG:root:nextobject: (18338, Td)
DEBUG:root:nextobject: (18341, 'loudly')
DEBUG:root:do_keyword: pos=18350, token=Tj, stack=[]
DEBUG:root:nextobject: (18350, Tj)
DEBUG:root:do_keyword: pos=18353, token=ET, stack=[]
DEBUG:root:nextobject: (18353, ET)
DEBUG:root:do_keyword: pos=18356, token=BT, stack=[]
DEBUG:root:nextobject: (18356, BT)
DEBUG:root:nextobject: (18359, 243.1337)
DEBUG:root:nextobject: (18368, 103.2236)
DEBUG:root:do_keyword: pos=18377, token=Td, stack=[]
DEBUG:root:nextobject: (18377, Td)
DEBUG:root:nextobject: (18380, 'that')
DEBUG:root:do_keyword: pos=18387, token=Tj, stack=[]
DEBUG:root:nextobject: (18387, Tj)
DEBUG:root:do_keyword: pos=18390, token=ET, stack=[]
DEBUG:root:nextobject: (18390, ET)
DEBUG:root:do_keyword: pos=18393, token=BT, stack=[]
DEBUG:root:nextobject: (18393, BT)
DEBUG:root:nextobject: (18396, 271.6624)
DEBUG:root:nextobject: (18405, 103.2236)
DEBUG:root:do_keyword: pos=18414, token=Td, stack=[]
DEBUG:root:nextobject: (18414, Td)
DEBUG:root:nextobject: (18417, 'you')
DEBUG:root:do_keyword: pos=18423, token=Tj, stack=[]
DEBUG:root:nextobject: (18423, Tj)
DEBUG:root:do_keyword: pos=18426, token=ET, stack=[]
DEBUG:root:nextobject: (18426, ET)
DEBUG:root:do_keyword: pos=18429, token=BT, stack=[]
DEBUG:root:nextobject: (18429, BT)
DEBUG:root:nextobject: (18432, 299.7852)
DEBUG:root:nextobject: (18441, 103.2236)
DEBUG:root:do_keyword: pos=18450, token=Td, stack=[]
DEBUG:root:nextobject: (18450, Td)
DEBUG:root:nextobject: (18453, 'might')
DEBUG:root:do_keyword: pos=18461, token=Tj, stack=[]
DEBUG:root:nextobject: (18461, Tj)
DEBUG:root:do_keyword: pos=18464, token=ET, stack=[]
DEBUG:root:nextobject: (18464, ET)
DEBUG:root:do_keyword: pos=18467, token=BT, stack=[]
DEBUG:root:nextobject: (18467, BT)
DEBUG:root:nextobject: (18470, 340.9699)
DEBUG:root:nextobject: (18479, 103.2236)
DEBUG:root:do_keyword: pos=18488, token=Td, stack=[]
DEBUG:root:nextobject: (18488, Td)
DEBUG:root:nextobject: (18491, 'say')
DEBUG:root:do_keyword: pos=18497, token=Tj, stack=[]
DEBUG:root:nextobject: (18497, Tj)
DEBUG:root:do_keyword: pos=18500, token=ET, stack=[]
DEBUG:root:nextobject: (18500, ET)
DEBUG:root:do_keyword: pos=18503, token=BT, stack=[]
DEBUG:root:nextobject: (18503, BT)
DEBUG:root:nextobject: (18506, 365.9426)
DEBUG:root:nextobject: (18515, 103.2236)
DEBUG:root:do_keyword: pos=18524, token=Td, stack=[]
DEBUG:root:nextobject: (18524, Td)
DEBUG:root:nextobject: (18527, 'he')
DEBUG:root:do_keyword: pos=18532, token=Tj, stack=[]
DEBUG:root:nextobject: (18532, Tj)
DEBUG:root:do_keyword: pos=18535, token=ET, stack=[]
DEBUG:root:nextobject: (18535, ET)
DEBUG:root:do_keyword: pos=18538, token=BT, stack=[]
DEBUG:root:nextobject: (18538, BT)
DEBUG:root:nextobject: (18541, 385.0493)
DEBUG:root:nextobject: (18550, 103.2236)
DEBUG:root:do_keyword: pos=18559, token=Td, stack=[]
DEBUG:root:nextobject: (18559, Td)
DEBUG:root:nextobject: (18562, 'roared,')
DEBUG:root:do_keyword: pos=18572, token=Tj, stack=[]
DEBUG:root:nextobject: (18572, Tj)
DEBUG:root:do_keyword: pos=18575, token=ET, stack=[]
DEBUG:root:nextobject: (18575, ET)
DEBUG:root:do_keyword: pos=18578, token=BT, stack=[]
DEBUG:root:nextobject: (18578, BT)
DEBUG:root:nextobject: (18581, 433.766)
DEBUG:root:nextobject: (18590, 103.2236)
DEBUG:root:do_keyword: pos=18599, token=Td, stack=[]
DEBUG:root:nextobject: (18599, Td)
DEBUG:root:nextobject: (18602, 'and')
DEBUG:root:do_keyword: pos=18608, token=Tj, stack=[]
DEBUG:root:nextobject: (18608, Tj)
DEBUG:root:do_keyword: pos=18611, token=ET, stack=[]
DEBUG:root:nextobject: (18611, ET)
DEBUG:root:do_keyword: pos=18614, token=BT, stack=[]
DEBUG:root:nextobject: (18614, BT)
DEBUG:root:nextobject: (18617, 461.7207)
DEBUG:root:nextobject: (18626, 103.2236)
DEBUG:root:do_keyword: pos=18635, token=Td, stack=[]
DEBUG:root:nextobject: (18635, Td)
DEBUG:root:nextobject: (18638, 'stared')
DEBUG:root:do_keyword: pos=18647, token=Tj, stack=[]
DEBUG:root:nextobject: (18647, Tj)
DEBUG:root:do_keyword: pos=18650, token=ET, stack=[]
DEBUG:root:nextobject: (18650, ET)
DEBUG:root:do_keyword: pos=18653, token=BT, stack=[]
DEBUG:root:nextobject: (18653, BT)
DEBUG:root:nextobject: (18656, 504.2634)
DEBUG:root:nextobject: (18665, 103.2236)
DEBUG:root:do_keyword: pos=18674, token=Td, stack=[]
DEBUG:root:nextobject: (18674, Td)
DEBUG:root:nextobject: (18677, 'my')
DEBUG:root:do_keyword: pos=18682, token=Tj, stack=[]
DEBUG:root:nextobject: (18682, Tj)
DEBUG:root:do_keyword: pos=18685, token=ET, stack=[]
DEBUG:root:nextobject: (18685, ET)
DEBUG:root:do_keyword: pos=18688, token=BT, stack=[]
DEBUG:root:nextobject: (18688, BT)
DEBUG:root:nextobject: (18691, 516.7747)
DEBUG:root:nextobject: (18700, 38.3654)
DEBUG:root:do_keyword: pos=18708, token=Td, stack=[]
DEBUG:root:nextobject: (18708, Td)
DEBUG:root:nextobject: (18711, /F3)
DEBUG:root:nextobject: (18715, 12.0)
DEBUG:root:do_keyword: pos=18723, token=Tf, stack=[]
DEBUG:root:nextobject: (18723, Tf)
DEBUG:root:nextobject: (18726, '6')
DEBUG:root:do_keyword: pos=18730, token=Tj, stack=[]
DEBUG:root:nextobject: (18730, Tj)
DEBUG:root:do_keyword: pos=18733, token=ET, stack=[]
DEBUG:root:nextobject: (18733, ET)
