Word,PoS,Teachers Avg
able,ADJ,1.666666667
above,ADJ,1.333333333
absent,ADJ,1.666666667
absolute,ADJ,2.333333333
abstract,ADJ,2.666666667
absurd,ADJ,3.666666667
academic,ADJ,3
acceptable,ADJ,3.333333333
accessible,ADJ,3
accompanying,ADJ,4.333333333
accumulated,ADJ,4.333333333
accurate,ADJ,2.666666667
active,ADJ,2
actual,ADJ,2.666666667
acute,ADJ,4.333333333
adamant,ADJ,4.5
added,ADJ,2.333333333
additional,ADJ,3
adequate,ADJ,3.666666667
administrative,ADJ,4
advanced,ADJ,2.666666667
advisory,ADJ,4.333333333
aegean,ADJ,3.333333333
aeromedical,ADJ,6
afraid,ADJ,1.333333333
african,ADJ,1.333333333
aggressive,ADJ,3
agricultural,ADJ,3
ahmedzai,ADJ,NA
ailing,ADJ,3.666666667
airmotive,ADJ,5
akagi,ADJ,6
alfabetical,ADJ,1.333333333
alive,ADJ,2.333333333
alleged,ADJ,4.666666667
alone,ADJ,1.666666667
aloxite,ADJ,6
alright,ADJ,1
altered,ADJ,3.333333333
alternative,ADJ,4
amazing,ADJ,2.333333333
ambitious,ADJ,3.333333333
american,ADJ,1
americanised,ADJ,5
amicable,ADJ,5
amphibian,ADJ,5
amphibolitic,ADJ,5.666666667
analogous,ADJ,4.666666667
analytic,ADJ,4.333333333
anamorphotic,ADJ,5.333333333
ancient,ADJ,4
angry,ADJ,1.333333333
annotatable,ADJ,5.666666667
annual,ADJ,2.666666667
anti,ADJ,3
antiphlogistine,ADJ,5.666666667
anxious,ADJ,3.333333333
apostate,ADJ,5
apparent,ADJ,4.333333333
applesque,ADJ,6
appreciating,ADJ,4.333333333
appropriate,ADJ,4.333333333
apulian,ADJ,5
arab,ADJ,1.666666667
arduous,ADJ,5.333333333
argentine,ADJ,1.666666667
armed,ADJ,3.666666667
arrestable,ADJ,4.333333333
arsacid,ADJ,5.333333333
artificial,ADJ,3.666666667
artistic,ADJ,3
ascari,ADJ,5.666666667
asian,ADJ,2
asic,ADJ,5.5
asleep,ADJ,2.666666667
assistant,ADJ,2.333333333
associated,ADJ,4.333333333
asyrian,ADJ,4
atlantoaxial,ADJ,5.5
atrabilious,ADJ,6
atrocious,ADJ,5.333333333
attainable,ADJ,4.666666667
attentive,ADJ,4.666666667
attesting,ADJ,5.333333333
attractive,ADJ,3
augustan,ADJ,6
augustinian,ADJ,5.5
australian,ADJ,1.333333333
autolite,ADJ,6
automatic,ADJ,3
avaible,ADJ,3
available,ADJ,2.666666667
average,ADJ,2.666666667
aware,ADJ,3.333333333
awful,ADJ,3.333333333
awkward,ADJ,3.666666667
back,ADJ,1.333333333
bactericidal,ADJ,5.666666667
bad,ADJ,1
baggy,ADJ,3
baked,ADJ,3
bali,ADJ,5
balleny,ADJ,6
banished,ADJ,4.666666667
banked,ADJ,4.666666667
bare,ADJ,2.666666667
barefooted,ADJ,3.666666667
barred,ADJ,4.333333333
basic,ADJ,1.666666667
beatific,ADJ,5.5
beaty,ADJ,5
beautiful,ADJ,1.666666667
beleagured,ADJ,5.333333333
belgian,ADJ,2
beltless,ADJ,3.333333333
besagic,ADJ,6
betic,ADJ,6
betsan,ADJ,5.666666667
biblical,ADJ,4.333333333
bibliophilic,ADJ,5.333333333
biddable,ADJ,4.666666667
bided,ADJ,5
big,ADJ,1
biliopancreatic,ADJ,5.5
biographic,ADJ,3.666666667
biological,ADJ,3.333333333
bitter,ADJ,3.333333333
black,ADJ,1
blank,ADJ,1
blessed,ADJ,3
blind,ADJ,2.333333333
bloated,ADJ,4.333333333
bloody,ADJ,3
bloodyminded,ADJ,5.5
bloused,ADJ,4.333333333
blue,ADJ,1
bluff,ADJ,3.333333333
boatworthy,ADJ,4
bodily,ADJ,3
bold,ADJ,2.666666667
booming,ADJ,4.333333333
boosting,ADJ,4.666666667
boring,ADJ,1.333333333
bosnian,ADJ,4
bossable,ADJ,4
bottighofen,ADJ,5.5
bottom,ADJ,2
bound,ADJ,3.666666667
brac,ADJ,5
brave,ADJ,2
brief,ADJ,2.333333333
bright,ADJ,2.333333333
brilliant,ADJ,3
british,ADJ,1
broad,ADJ,3
brodanski,ADJ,5
broken,ADJ,2
brown,ADJ,1
brugnoni,ADJ,6
brummy,ADJ,NA
buggered,ADJ,5.666666667
busy,ADJ,1.666666667
calydonian,ADJ,5
capable,ADJ,3
capitalist,ADJ,3
careen,ADJ,5.5
careful,ADJ,2
carnbane,ADJ,5.666666667
carotenoid,ADJ,5.5
carotid,ADJ,5
caryatid,ADJ,5
cast,ADJ,3
castored,ADJ,5.333333333
casual,ADJ,3
catholic,ADJ,2.5
cavaradossi,ADJ,5
cebotari,ADJ,5.5
celebrated,ADJ,3.333333333
cenozoic,ADJ,6
central,ADJ,2.333333333
centralizing,ADJ,5
centred,ADJ,2.333333333
centromeric,ADJ,6
certain,ADJ,2.666666667
chadwickian,ADJ,6
chaldean,ADJ,6
challengeable,ADJ,4.666666667
changing,ADJ,3.333333333
characteristic,ADJ,3
cheap,ADJ,1
chemical,ADJ,2.666666667
chevy,ADJ,5
chief,ADJ,2.333333333
chinese,ADJ,1
chitawan,ADJ,6
choral,ADJ,3.666666667
christian,ADJ,2.333333333
chronic,ADJ,4
chukchi,ADJ,NA
circular,ADJ,3.333333333
citywide,ADJ,4.333333333
civil,ADJ,3.666666667
clacking,ADJ,4.666666667
clairty,ADJ,4
classic,ADJ,1.666666667
classical,ADJ,2.333333333
claustrophoberised,ADJ,6
clean,ADJ,1.666666667
clear,ADJ,1.666666667
cleared,ADJ,2
cless,ADJ,5
clever,ADJ,1.666666667
clinical,ADJ,3.333333333
close,ADJ,1
closed,ADJ,2
coastal,ADJ,2.333333333
cold,ADJ,1
collective,ADJ,3
colonial,ADJ,3.666666667
coloured,ADJ,2.333333333
combined,ADJ,3.666666667
comfortable,ADJ,2.333333333
commercial,ADJ,3
common,ADJ,3
communist,ADJ,3
comparable,ADJ,4.333333333
competitive,ADJ,4.666666667
complete,ADJ,2
complex,ADJ,3
complicated,ADJ,3.666666667
comprehensive,ADJ,3.333333333
compulsory,ADJ,3.333333333
concerned,ADJ,4
concrete,ADJ,3.666666667
confident,ADJ,2
confused,ADJ,2.666666667
congregational,ADJ,4.666666667
conscious,ADJ,2.666666667
conservative,ADJ,3.333333333
considerable,ADJ,3.666666667
considered,ADJ,3
consistent,ADJ,3.666666667
constant,ADJ,3.333333333
constitutional,ADJ,4.666666667
contemporary,ADJ,3.666666667
contemptuous,ADJ,4.333333333
content,ADJ,2.666666667
continental,ADJ,3.666666667
continued,ADJ,3
continuing,ADJ,3.666666667
continuous,ADJ,3.666666667
controversial,ADJ,4
convenient,ADJ,3
conventional,ADJ,4
conversational,ADJ,4
convinced,ADJ,3.333333333
cool,ADJ,2
cooperative,ADJ,4.666666667
corporate,ADJ,2.333333333
correct,ADJ,2.666666667
crazy,ADJ,2.333333333
created,ADJ,3.333333333
creative,ADJ,2
criminal,ADJ,2.666666667
critical,ADJ,4
crucial,ADJ,3.333333333
cultural,ADJ,2.333333333
curious,ADJ,3
current,ADJ,3
daily,ADJ,2
damp,ADJ,3
dangerous,ADJ,1.333333333
dark,ADJ,1.666666667
darwinian,ADJ,5.333333333
dead,ADJ,3
deadly,ADJ,2.666666667
deaf,ADJ,3
dear,ADJ,2.333333333
decent,ADJ,3
decorative,ADJ,3.666666667
deep,ADJ,2
deepening,ADJ,3.333333333
defined,ADJ,4
definite,ADJ,3
degenerate,ADJ,4.333333333
deictic,ADJ,5
delicate,ADJ,4
delighted,ADJ,3.666666667
democratic,ADJ,2.666666667
dependent,ADJ,3.666666667
depressed,ADJ,2.333333333
desirable,ADJ,3.333333333
desperate,ADJ,3
destructive,ADJ,4.333333333
detailed,ADJ,4
determined,ADJ,2.666666667
developed,ADJ,3.333333333
developing,ADJ,3
diabetic,ADJ,3
different,ADJ,1.666666667
difficult,ADJ,1.333333333
digestive,ADJ,4.666666667
digital,ADJ,2
dim,ADJ,2.333333333
diplomatic,ADJ,4
direct,ADJ,2
dirty,ADJ,1.333333333
disabled,ADJ,2.333333333
disappointed,ADJ,2.333333333
disparate,ADJ,4.666666667
disposable,ADJ,5
disputed,ADJ,5.333333333
dissident,ADJ,5
distant,ADJ,2.333333333
distasteful,ADJ,5
distinct,ADJ,3.333333333
distinctive,ADJ,4.666666667
distressing,ADJ,3.666666667
divisional,ADJ,5
domestic,ADJ,3.333333333
domesticated,ADJ,4
dominant,ADJ,3
double,ADJ,2
downright,ADJ,4
dramatic,ADJ,3.333333333
dreaded,ADJ,4.666666667
drunk,ADJ,2.666666667
dry,ADJ,1.666666667
due,ADJ,3
dull,ADJ,3
dutch,ADJ,1
dynamic,ADJ,4.333333333
eager,ADJ,3
early,ADJ,1
eastern,ADJ,1.333333333
easy,ADJ,1
economic,ADJ,3.666666667
educational,ADJ,3
effective,ADJ,3
efficient,ADJ,4
effortless,ADJ,3.666666667
elderly,ADJ,3.666666667
electoral,ADJ,4.666666667
electric,ADJ,2.333333333
electrical,ADJ,3
electronic,ADJ,3
elegant,ADJ,2.333333333
emotional,ADJ,3
empirical,ADJ,5
employed,ADJ,2.666666667
empty,ADJ,1.333333333
encouraging,ADJ,3.666666667
endless,ADJ,3.333333333
english,ADJ,1
enjoyable,ADJ,2
enormous,ADJ,1.666666667
entire,ADJ,3
entitled,ADJ,4.333333333
entrenched,ADJ,4.666666667
environmental,ADJ,3.333333333
equal,ADJ,1.666666667
equivalent,ADJ,4
essential,ADJ,2.666666667
established,ADJ,4
estimated,ADJ,4
eternal,ADJ,4
ethnic,ADJ,4
european,ADJ,2.333333333
everyday,ADJ,1
evident,ADJ,4.666666667
evil,ADJ,3.333333333
exact,ADJ,3.333333333
excellent,ADJ,2
exceptional,ADJ,3.666666667
excessive,ADJ,3.666666667
excited,ADJ,2
exciting,ADJ,1.666666667
exclusive,ADJ,4
existing,ADJ,3.333333333
expected,ADJ,3.666666667
expensive,ADJ,2
experienced,ADJ,3.333333333
experimental,ADJ,4
explicit,ADJ,4
exposed,ADJ,3.333333333
extensive,ADJ,3.666666667
external,ADJ,3.666666667
extra,ADJ,1.333333333
extraordinary,ADJ,4
extravagant,ADJ,4
extreme,ADJ,2.333333333
faint,ADJ,3.333333333
fair,ADJ,2.333333333
FALSE,ADJ,1.333333333
familiar,ADJ,3.333333333
famous,ADJ,1
far,ADJ,1.333333333
fascinating,ADJ,3
fast,ADJ,1
fat,ADJ,1
favourable,ADJ,3.333333333
favourite,ADJ,1
fearsome,ADJ,4.333333333
federal,ADJ,3.333333333
fellow,ADJ,3.333333333
female,ADJ,2
festive,ADJ,4.333333333
fetal,ADJ,4
fierce,ADJ,4
final,ADJ,1.666666667
financial,ADJ,3.333333333
finding,ADJ,2
fine,ADJ,2
finite,ADJ,4.333333333
firm,ADJ,3
fit,ADJ,1.666666667
fitted,ADJ,3.333333333
fixed,ADJ,3
flat,ADJ,2
fleshy,ADJ,4
flexible,ADJ,3
flying,ADJ,2.666666667
following,ADJ,3.666666667
footloose,ADJ,4.333333333
foreign,ADJ,2
forged,ADJ,4.333333333
forgiving,ADJ,3
formal,ADJ,2.333333333
formative,ADJ,3.666666667
forthcoming,ADJ,5.666666667
fragmentary,ADJ,5.666666667
frail,ADJ,5
free,ADJ,1.333333333
french,ADJ,1.333333333
frequent,ADJ,2.666666667
fresh,ADJ,1.333333333
friendly,ADJ,1.666666667
frightened,ADJ,2.666666667
front,ADJ,1
fucking,ADJ,1.666666667
full,ADJ,2
fun,ADJ,1.333333333
functional,ADJ,3
fundamental,ADJ,3.666666667
funny,ADJ,1.666666667
future,ADJ,1.666666667
gastric,ADJ,5.666666667
gay,ADJ,2.333333333
general,ADJ,2
generous,ADJ,2
genetic,ADJ,3
gentle,ADJ,3
genuine,ADJ,3.666666667
geographical,ADJ,3.333333333
german,ADJ,1
giant,ADJ,3
given,ADJ,2.666666667
glad,ADJ,1.666666667
glassy,ADJ,3
global,ADJ,2.666666667
golden,ADJ,3.333333333
good,ADJ,1
governing,ADJ,4
grand,ADJ,2.666666667
grateful,ADJ,3.333333333
great,ADJ,1
greek,ADJ,2
green,ADJ,2.333333333
grey,ADJ,1
gross,ADJ,3.666666667
ground,ADJ,2.333333333
growing,ADJ,2
guilty,ADJ,3
handsome,ADJ,1.333333333
handwritten,ADJ,2
happy,ADJ,1
hard,ADJ,1.666666667
harmful,ADJ,2.666666667
harmless,ADJ,2.666666667
harsh,ADJ,3.333333333
head,ADJ,1
healing,ADJ,3
healthy,ADJ,1.333333333
heavy,ADJ,1
helpful,ADJ,2
high,ADJ,1
historic,ADJ,2.333333333
historical,ADJ,2.333333333
holy,ADJ,3.666666667
hon,ADJ,3.5
honest,ADJ,2
hooded,ADJ,3.666666667
horrible,ADJ,2
hostile,ADJ,4
hot,ADJ,1
huge,ADJ,2.333333333
human,ADJ,2.666666667
hungarian,ADJ,1.5
hungry,ADJ,1
hygienic,ADJ,3
ideal,ADJ,3.666666667
identical,ADJ,3.333333333
ideological,ADJ,4.666666667
ill,ADJ,1
illegal,ADJ,2.666666667
immediate,ADJ,4
immortal,ADJ,3.666666667
imperial,ADJ,3.666666667
important,ADJ,2
impossible,ADJ,2
impressed,ADJ,3
impressive,ADJ,3
improved,ADJ,3.666666667
inadequate,ADJ,4.666666667
inc,ADJ,4
incoherent,ADJ,4.333333333
incompetent,ADJ,4
increased,ADJ,3
increasing,ADJ,3
independent,ADJ,3
indian,ADJ,2.5
indirect,ADJ,2.666666667
individual,ADJ,2.666666667
industrial,ADJ,3.666666667
ineffectual,ADJ,4.666666667
inevitable,ADJ,4.666666667
influential,ADJ,3.666666667
informal,ADJ,2.333333333
ingenious,ADJ,4.333333333
inherent,ADJ,4
initial,ADJ,3.666666667
inner,ADJ,3
innocent,ADJ,3
insatiable,ADJ,4.666666667
instinctive,ADJ,4.333333333
institutional,ADJ,4
insulating,ADJ,5.333333333
int,ADJ,NA
intangible,ADJ,5.333333333
integrated,ADJ,3.666666667
intellectual,ADJ,3.666666667
intelligent,ADJ,1.666666667
intense,ADJ,3.333333333
intensive,ADJ,3.666666667
interested,ADJ,1.333333333
interesting,ADJ,1.666666667
interim,ADJ,5.333333333
internal,ADJ,3.666666667
international,ADJ,2
intragastric,ADJ,5.333333333
intricate,ADJ,4.666666667
investigative,ADJ,4
involved,ADJ,3.333333333
inward,ADJ,4.333333333
iraqi,ADJ,2
irish,ADJ,1.666666667
irregular,ADJ,2
isolated,ADJ,2.666666667
israeli,ADJ,1
italian,ADJ,1
japanese,ADJ,1.333333333
jewish,ADJ,3.333333333
joint,ADJ,3.333333333
judicial,ADJ,4.333333333
junior,ADJ,1.333333333
just,ADJ,2.333333333
keen,ADJ,3
key,ADJ,1.333333333
kind,ADJ,1
known,ADJ,3.333333333
labour,ADJ,2.333333333
large,ADJ,1
lasting,ADJ,2.666666667
late,ADJ,2.333333333
latin,ADJ,2
leading,ADJ,3.333333333
left,ADJ,1.333333333
legal,ADJ,2
legislative,ADJ,5
legitimate,ADJ,4.333333333
lesser,ADJ,3
level,ADJ,2
liable,ADJ,4.333333333
liberal,ADJ,3.333333333
light,ADJ,1
like,ADJ,1.666666667
likely,ADJ,3.333333333
limited,ADJ,3
linguistic,ADJ,4
literary,ADJ,3.666666667
little,ADJ,2
live,ADJ,1.666666667
lively,ADJ,2
living,ADJ,2
local,ADJ,2
logical,ADJ,3
lonely,ADJ,2.333333333
long,ADJ,2
loose,ADJ,2.333333333
lost,ADJ,2
loud,ADJ,2
lovely,ADJ,1.333333333
low,ADJ,1
ltd,ADJ,5
lucid,ADJ,5
lucky,ADJ,1
macabre,ADJ,5
mad,ADJ,2.666666667
magic,ADJ,2.333333333
magnetic,ADJ,3.666666667
magnificent,ADJ,3.333333333
main,ADJ,2
major,ADJ,3.333333333
male,ADJ,1.333333333
managing,ADJ,3.333333333
manual,ADJ,3
marginal,ADJ,4.333333333
marine,ADJ,3
marital,ADJ,4.333333333
marked,ADJ,2
married,ADJ,1.666666667
marvellous,ADJ,1.666666667
mas,ADJ,5
mass,ADJ,3.333333333
massive,ADJ,3.666666667
mature,ADJ,3
maximum,ADJ,3
meagre,ADJ,5
mean,ADJ,1.666666667
mechanical,ADJ,2.666666667
medical,ADJ,2.333333333
medieval,ADJ,3.666666667
mental,ADJ,2.666666667
merciless,ADJ,3.333333333
mere,ADJ,3.666666667
metropolitan,ADJ,3
mid,ADJ,1.666666667
middle,ADJ,2
mild,ADJ,3
military,ADJ,3
minimum,ADJ,1.666666667
minor,ADJ,3.666666667
miraculous,ADJ,3.666666667
miserable,ADJ,2.333333333
missing,ADJ,3.333333333
misty,ADJ,4.333333333
mixed,ADJ,1.666666667
moated,ADJ,6
mocking,ADJ,3.666666667
modern,ADJ,2.666666667
modest,ADJ,3.666666667
monetary,ADJ,4.333333333
monthly,ADJ,2
moral,ADJ,3.333333333
moulded,ADJ,4.333333333
multiple,ADJ,3.666666667
musical,ADJ,1.666666667
mutual,ADJ,4.666666667
naked,ADJ,2.666666667
narrow,ADJ,2
nasty,ADJ,3
national,ADJ,2.666666667
native,ADJ,3
natural,ADJ,2.333333333
naval,ADJ,4
near,ADJ,1.333333333
nearby,ADJ,2.666666667
neat,ADJ,2.333333333
necessary,ADJ,2.333333333
negative,ADJ,2
nervous,ADJ,2.333333333
net,ADJ,3.333333333
neutral,ADJ,3.333333333
new,ADJ,1
nice,ADJ,1.333333333
normal,ADJ,2.333333333
northern,ADJ,2
notable,ADJ,3
nuclear,ADJ,3.333333333
numb,ADJ,3.5
numerous,ADJ,4
objective,ADJ,2.666666667
obliged,ADJ,4
obscure,ADJ,4.666666667
observed,ADJ,3
obsessive,ADJ,4
obvious,ADJ,2.666666667
occasional,ADJ,3.333333333
occupational,ADJ,5
odd,ADJ,3
official,ADJ,2.333333333
okay,ADJ,1
old,ADJ,1
olive,ADJ,1.666666667
onerous,ADJ,6
only,ADJ,1
ontological,ADJ,6
open,ADJ,1
operational,ADJ,3.333333333
opposite,ADJ,2.666666667
oral,ADJ,2.666666667
orchestral,ADJ,3
ordinary,ADJ,3.333333333
organic,ADJ,3
original,ADJ,2.333333333
other,ADJ,1.666666667
outer,ADJ,3
outside,ADJ,1.333333333
outstanding,ADJ,4
overall,ADJ,3.666666667
overseas,ADJ,2.666666667
packed,ADJ,3.666666667
painful,ADJ,2.666666667
pale,ADJ,3.333333333
panelled,ADJ,4.666666667
panoramic,ADJ,3.333333333
parallel,ADJ,2.666666667
parliamentary,ADJ,3.333333333
partial,ADJ,3.666666667
particular,ADJ,3.666666667
past,ADJ,1.666666667
payable,ADJ,3.666666667
peaceful,ADJ,2.666666667
peculiar,ADJ,4
pejorative,ADJ,5.333333333
perceived,ADJ,4
perceptual,ADJ,5
perfect,ADJ,2
perilous,ADJ,4.333333333
permanent,ADJ,2.666666667
perpetual,ADJ,5.666666667
personal,ADJ,2.666666667
pessimistic,ADJ,2.333333333
phonological,ADJ,5.333333333
physical,ADJ,2.666666667
piercing,ADJ,2.333333333
pink,ADJ,1
plain,ADJ,2.666666667
planned,ADJ,3.333333333
pleasant,ADJ,1.666666667
pleased,ADJ,2.666666667
polish,ADJ,2
polite,ADJ,1.333333333
political,ADJ,2.666666667
poor,ADJ,1.333333333
popular,ADJ,1.666666667
positive,ADJ,1.666666667
positivist,ADJ,2.333333333
possible,ADJ,2.333333333
potential,ADJ,3.333333333
pouring,ADJ,2.666666667
powerful,ADJ,3
practical,ADJ,3.666666667
precious,ADJ,4
precise,ADJ,3.666666667
pregnant,ADJ,2.666666667
preliminary,ADJ,5.333333333
premier,ADJ,3.666666667
prepared,ADJ,3.666666667
present,ADJ,2.333333333
presidential,ADJ,4.333333333
pressed,ADJ,3.666666667
pretty,ADJ,1.666666667
previous,ADJ,3
primary,ADJ,2.666666667
prime,ADJ,3
primitive,ADJ,4.333333333
principal,ADJ,3
private,ADJ,2.666666667
professional,ADJ,1.666666667
profitable,ADJ,3.333333333
profound,ADJ,4
progressive,ADJ,4.666666667
prominent,ADJ,4
proper,ADJ,3.666666667
proportional,ADJ,4.333333333
proposed,ADJ,4.333333333
prospective,ADJ,3.666666667
protracted,ADJ,3.666666667
proud,ADJ,2
proven,ADJ,4
provincial,ADJ,4.666666667
psychological,ADJ,3
public,ADJ,2.333333333
pungent,ADJ,3.666666667
pure,ADJ,3
puritanical,ADJ,6
qualified,ADJ,3.333333333
quick,ADJ,2
quiet,ADJ,2.333333333
racist,ADJ,3.333333333
racy,ADJ,3
radical,ADJ,3.333333333
random,ADJ,3
rapid,ADJ,3.666666667
rare,ADJ,2.666666667
rational,ADJ,3.666666667
raw,ADJ,2
reactive,ADJ,4.333333333
ready,ADJ,1.666666667
real,ADJ,1.666666667
realistic,ADJ,3
reasonable,ADJ,3.333333333
receding,ADJ,4
recent,ADJ,3
red,ADJ,1
redolent,ADJ,5.333333333
regional,ADJ,3.333333333
regular,ADJ,2.333333333
related,ADJ,3.666666667
relative,ADJ,2
relevant,ADJ,2.333333333
reliable,ADJ,3.666666667
religious,ADJ,3
reluctant,ADJ,3.666666667
remaining,ADJ,2.666666667
remarkable,ADJ,4
remote,ADJ,3.666666667
renewed,ADJ,3.666666667
representative,ADJ,2.666666667
repressed,ADJ,4
required,ADJ,3.333333333
requisite,ADJ,6
residential,ADJ,4
respective,ADJ,3.666666667
responsible,ADJ,3
retail,ADJ,4.333333333
retired,ADJ,1.666666667
revealing,ADJ,5
revised,ADJ,2.666666667
revolutionary,ADJ,4
rhythmic,ADJ,2.333333333
rich,ADJ,1.333333333
ridiculous,ADJ,3
right,ADJ,1
roman,ADJ,2.333333333
romantic,ADJ,2
rotating,ADJ,4
rough,ADJ,3
round,ADJ,2
routine,ADJ,1.666666667
royal,ADJ,2.333333333
ruling,ADJ,3
runaway,ADJ,3.333333333
rural,ADJ,3
russian,ADJ,1
sabine,ADJ,5.5
sad,ADJ,1
safe,ADJ,1.666666667
saline,ADJ,4
sane,ADJ,3
sardonic,ADJ,5
satisfactory,ADJ,3.333333333
satisfied,ADJ,3
sceptical,ADJ,4
scientific,ADJ,3.666666667
scottish,ADJ,1.5
searching,ADJ,2
secondary,ADJ,1.333333333
secret,ADJ,3
sectarian,ADJ,5.333333333
secure,ADJ,2.666666667
selfish,ADJ,1.666666667
senior,ADJ,2.333333333
sensible,ADJ,3
sensitive,ADJ,3
separate,ADJ,2.333333333
serious,ADJ,3.333333333
severe,ADJ,3
sexual,ADJ,3
shallow,ADJ,2.666666667
shared,ADJ,2.333333333
sharp,ADJ,1.333333333
sheer,ADJ,4.333333333
shocked,ADJ,2.666666667
short,ADJ,1
sick,ADJ,1
significant,ADJ,2.666666667
silent,ADJ,1.666666667
silly,ADJ,1
similar,ADJ,3
simple,ADJ,2.333333333
simplified,ADJ,3
single,ADJ,2
sketchy,ADJ,4.666666667
skilled,ADJ,2
sliding,ADJ,3
slight,ADJ,2.333333333
sloppy,ADJ,3.666666667
slow,ADJ,1.333333333
small,ADJ,1
smart,ADJ,1
smooth,ADJ,3
social,ADJ,2.333333333
socialist,ADJ,3.666666667
soft,ADJ,1.666666667
sole,ADJ,3.666666667
solid,ADJ,3
sophisticated,ADJ,4
sore,ADJ,3
sorry,ADJ,1
southern,ADJ,2.333333333
soviet,ADJ,2.666666667
spanish,ADJ,1.333333333
spare,ADJ,2.333333333
special,ADJ,1.666666667
specific,ADJ,3
spectacular,ADJ,2.666666667
spectral,ADJ,5.333333333
speculative,ADJ,5
spherical,ADJ,3.666666667
spiritual,ADJ,3
splendid,ADJ,3.333333333
spontaneous,ADJ,3.666666667
spurious,ADJ,6
square,ADJ,1.666666667
stable,ADJ,4.666666667
staggering,ADJ,4.666666667
stainless,ADJ,4
stalinist,ADJ,6
standard,ADJ,2
statistical,ADJ,3.666666667
statutory,ADJ,4.666666667
steadfast,ADJ,5
steady,ADJ,4
steep,ADJ,4
stiff,ADJ,3.333333333
still,ADJ,2.666666667
straight,ADJ,1.666666667
straightforward,ADJ,3.666666667
stranded,ADJ,4.666666667
strange,ADJ,2.666666667
strategic,ADJ,4
stressful,ADJ,2.333333333
strict,ADJ,2.333333333
striking,ADJ,4.333333333
strong,ADJ,1.333333333
structural,ADJ,3.666666667
stupid,ADJ,2
stylish,ADJ,1.666666667
subdued,ADJ,5
submerged,ADJ,5
subsequent,ADJ,4.666666667
substantial,ADJ,4.666666667
subtle,ADJ,4
successful,ADJ,2.333333333
successive,ADJ,3.333333333
sudden,ADJ,3.666666667
sufficient,ADJ,3.333333333
suitable,ADJ,2.666666667
super,ADJ,1
superb,ADJ,4
superior,ADJ,3
supposed,ADJ,3.333333333
supreme,ADJ,4
sure,ADJ,1.333333333
surprised,ADJ,1.333333333
surprising,ADJ,2.666666667
surreal,ADJ,4.666666667
surrounding,ADJ,3.333333333
swedish,ADJ,2
sweet,ADJ,1.666666667
swiss,ADJ,1
sympathetic,ADJ,3.333333333
syntactic,ADJ,5
syrian,ADJ,2.333333333
systematic,ADJ,4.666666667
tabular,ADJ,5
tactical,ADJ,4.333333333
tactless,ADJ,4.666666667
tall,ADJ,1
tamil,ADJ,2
taxable,ADJ,4.333333333
technical,ADJ,3.666666667
technological,ADJ,3.333333333
temporary,ADJ,3.333333333
terrible,ADJ,2
textual,ADJ,4
thematic,ADJ,3.333333333
theoretical,ADJ,4.666666667
thick,ADJ,3
thin,ADJ,1
thriving,ADJ,4.666666667
thrusting,ADJ,5.5
tight,ADJ,2
tiny,ADJ,1
tired,ADJ,1.333333333
top,ADJ,1.666666667
tory,ADJ,5
total,ADJ,1.666666667
tough,ADJ,2.333333333
traditional,ADJ,2.666666667
traumatic,ADJ,3.666666667
tremendous,ADJ,3.333333333
trim,ADJ,3
tropical,ADJ,3
TRUE,ADJ,1
turbulent,ADJ,5
typical,ADJ,2.666666667
ubiquitous,ADJ,5.666666667
ultimate,ADJ,4
unable,ADJ,3.666666667
unattractive,ADJ,2.666666667
uncertain,ADJ,3.333333333
underlying,ADJ,4.333333333
undisturbed,ADJ,3
unemployed,ADJ,2.666666667
unequivocal,ADJ,5.333333333
unexpected,ADJ,3.333333333
unfair,ADJ,2.333333333
unfamiliar,ADJ,4
unfit,ADJ,3.666666667
unfortunate,ADJ,2.666666667
unhappy,ADJ,1
unholy,ADJ,4.333333333
unifying,ADJ,3.666666667
unique,ADJ,3.333333333
united,ADJ,2.333333333
universal,ADJ,2
unknown,ADJ,2.666666667
unlikely,ADJ,3.666666667
unnecessary,ADJ,2.666666667
unshaven,ADJ,3
untouched,ADJ,3.333333333
unusual,ADJ,2
upper,ADJ,3
upset,ADJ,1.666666667
urban,ADJ,3
urgent,ADJ,3
used,ADJ,3
useful,ADJ,1.666666667
usual,ADJ,1.333333333
vague,ADJ,4.666666667
valid,ADJ,3.333333333
valuable,ADJ,3
various,ADJ,4.333333333
vast,ADJ,4
verbal,ADJ,3.666666667
vertical,ADJ,4
very,ADJ,1
victorian,ADJ,4.666666667
violent,ADJ,3.333333333
visible,ADJ,4
visual,ADJ,3
vital,ADJ,3
voluntary,ADJ,3.333333333
vulnerable,ADJ,4
warm,ADJ,1.333333333
weak,ADJ,2
wealthy,ADJ,2.333333333
weekly,ADJ,1.666666667
welcome,ADJ,1
well,ADJ,1.333333333
welsh,ADJ,3
western,ADJ,2.333333333
wet,ADJ,1.333333333
white,ADJ,1
whole,ADJ,2.666666667
wide,ADJ,1.666666667
widespread,ADJ,3.666666667
wild,ADJ,2.666666667
willing,ADJ,3.666666667
winning,ADJ,2
wise,ADJ,3
wishful,ADJ,3
wonderful,ADJ,2
wooden,ADJ,2.666666667
working,ADJ,1.333333333
worried,ADJ,1.333333333
worsening,ADJ,4.333333333
worthless,ADJ,3.333333333
worthwhile,ADJ,3.666666667
written,ADJ,3
wrong,ADJ,1.666666667
yellow,ADJ,1
yielding,ADJ,4.333333333
young,ADJ,1.333333333
about,ADV,1.666666667
above,ADV,1.666666667
abroad,ADV,1.666666667
absolutely,ADV,3.333333333
accidentally,ADV,3.333333333
accordingly,ADV,3.666666667
across,ADV,1.666666667
actively,ADV,2.666666667
actually,ADV,3
afterwards,ADV,2.333333333
again,ADV,1
aggressively,ADV,3
ago,ADV,1.333333333
ahead,ADV,2
alderly,ADV,6
all,ADV,1
allegorically,ADV,6
almost,ADV,2
alone,ADV,1.666666667
along,ADV,2.666666667
already,ADV,2.666666667
alright,ADV,2.333333333
also,ADV,1.333333333
alternatively,ADV,4.333333333
altogether,ADV,2
always,ADV,1
am,ADV,1
any,ADV,1.666666667
anyfamily,ADV,3
anyway,ADV,2.333333333
anywhere,ADV,2.666666667
apart,ADV,2.333333333
apparently,ADV,3.666666667
approximately,ADV,3
around,ADV,2
as,ADV,2
aside,ADV,4.333333333
aually,ADV,5.5
automatically,ADV,2.666666667
away,ADV,2.333333333
back,ADV,1
backwards,ADV,2.666666667
badly,ADV,2
barely,ADV,4
basically,ADV,2.333333333
before,ADV,1.333333333
behind,ADV,1.666666667
below,ADV,2.333333333
besides,ADV,3.333333333
best,ADV,1.333333333
better,ADV,1.666666667
bloody,ADV,4
both,ADV,4.333333333
bravely,ADV,2.666666667
briefly,ADV,3
briskly,ADV,4.666666667
broadly,ADV,3.333333333
brutally,ADV,4.333333333
busily,ADV,3
by,ADV,2.333333333
carefully,ADV,1.333333333
certainly,ADV,3
cheaply,ADV,2.333333333
churchward,ADV,5.333333333
cicily,ADV,6
clandestinely,ADV,6
clearly,ADV,2.666666667
close,ADV,2
closely,ADV,2.666666667
closer,ADV,3
commonly,ADV,3.666666667
comparatively,ADV,3.666666667
completely,ADV,2.666666667
consequently,ADV,3
considerably,ADV,2.666666667
consistently,ADV,3.666666667
constantly,ADV,3.333333333
correctly,ADV,2.333333333
curiously,ADV,3.666666667
currently,ADV,3.333333333
curtly,ADV,5
daily,ADV,1
dangerously,ADV,2
deep,ADV,2
deeply,ADV,2.666666667
definitely,ADV,2.666666667
deliberately,ADV,3.666666667
desperately,ADV,3.666666667
differently,ADV,2.333333333
directly,ADV,3.333333333
down,ADV,1.666666667
downstairs,ADV,2.333333333
dramatically,ADV,3.333333333
earlier,ADV,2
earliest,ADV,2.333333333
early,ADV,1
earnestly,ADV,5.333333333
easily,ADV,2
effectively,ADV,3.333333333
eg,ADV,3
either,ADV,3.333333333
else,ADV,2.666666667
elsewhere,ADV,3.333333333
enough,ADV,2
entirely,ADV,3.333333333
equally,ADV,2.666666667
especially,ADV,3
essentially,ADV,3
etc,ADV,2
even,ADV,3
eventually,ADV,3
ever,ADV,2.666666667
everywhere,ADV,1
evidently,ADV,4
exactly,ADV,2.333333333
exceedingly,ADV,4
exclusively,ADV,4.666666667
extra,ADV,2.333333333
extremely,ADV,2.666666667
fairly,ADV,2.666666667
famously,ADV,3
far,ADV,1
fast,ADV,2.333333333
faster,ADV,1.333333333
feebly,ADV,4.666666667
finally,ADV,2.333333333
financially,ADV,4
finely,ADV,3.333333333
firmly,ADV,3.666666667
firstly,ADV,1.666666667
fittingly,ADV,3.666666667
flat,ADV,3
forever,ADV,2.333333333
formally,ADV,4
formerly,ADV,3.666666667
forthwith,ADV,5
fortunately,ADV,2.666666667
forward,ADV,1.333333333
forwards,ADV,3.666666667
freely,ADV,2.666666667
frequently,ADV,2.333333333
fully,ADV,3
further,ADV,2.666666667
furthermore,ADV,2
generally,ADV,1
gently,ADV,3.666666667
gradually,ADV,4.333333333
greatly,ADV,2.333333333
grudgingly,ADV,6
half,ADV,3
happily,ADV,2.333333333
hard,ADV,1.666666667
hardest,ADV,1.666666667
hardly,ADV,2.666666667
heavily,ADV,2.666666667
hence,ADV,4.333333333
here,ADV,1
hereto,ADV,5.666666667
highly,ADV,2.666666667
hitherto,ADV,5.666666667
home,ADV,1
hopefully,ADV,3.333333333
hourly,ADV,2
how,ADV,1
however,ADV,2.333333333
ie,ADV,3
immediately,ADV,3.333333333
in,ADV,1
increasingly,ADV,3
indeed,ADV,3.333333333
inevitably,ADV,4
initially,ADV,4.333333333
inside,ADV,2.333333333
instantly,ADV,3
instead,ADV,2.666666667
invariably,ADV,4.666666667
ironically,ADV,4
just,ADV,2.333333333
justifiably,ADV,4.666666667
justly,ADV,3.666666667
largely,ADV,2
late,ADV,2
later,ADV,2.333333333
least,ADV,2.333333333
less,ADV,2
lightly,ADV,3
like,ADV,1.333333333
literally,ADV,3.666666667
little,ADV,1.333333333
locally,ADV,3
long,ADV,2
longer,ADV,1
mainly,ADV,1.666666667
materially,ADV,4
maybe,ADV,1.333333333
meanwhile,ADV,3.333333333
mechanically,ADV,3.333333333
mentally,ADV,3
merely,ADV,4.333333333
metaphorically,ADV,4.666666667
more,ADV,2.666666667
moreover,ADV,2.333333333
most,ADV,2
mostly,ADV,2.666666667
much,ADV,1
mysteriously,ADV,3.333333333
namely,ADV,3.333333333
naturally,ADV,3
near,ADV,2
nearly,ADV,2.666666667
necessarily,ADV,2
neither,ADV,2.333333333
never,ADV,1.333333333
nevertheless,ADV,3.333333333
newly,ADV,2.333333333
no,ADV,1
nominally,ADV,5.333333333
normally,ADV,1.666666667
notably,ADV,5
now,ADV,1
nowadays,ADV,2.333333333
nowhere,ADV,1.5
obviously,ADV,3
occasionally,ADV,2.666666667
off,ADV,1.666666667
officially,ADV,2.666666667
often,ADV,1.666666667
ok,ADV,1.333333333
okay,ADV,1
on,ADV,1.333333333
once,ADV,2.666666667
only,ADV,1.666666667
originally,ADV,3
otherwise,ADV,2.666666667
out,ADV,1.666666667
outside,ADV,1.333333333
over,ADV,2
particularly,ADV,3.333333333
partly,ADV,4
past,ADV,2
peculiarly,ADV,4.666666667
perfectly,ADV,2.333333333
perhaps,ADV,2.666666667
personally,ADV,3.666666667
physically,ADV,2.666666667
pitifully,ADV,3.333333333
please,ADV,1.333333333
pm,ADV,1.666666667
politically,ADV,2.666666667
possibly,ADV,3
potentially,ADV,3
precisely,ADV,4.666666667
presumably,ADV,4
pretty,ADV,1
previously,ADV,3
primarily,ADV,3
probably,ADV,2.333333333
profoundly,ADV,5
promptly,ADV,3.666666667
properly,ADV,3.333333333
publicly,ADV,3.333333333
purely,ADV,3.333333333
quickly,ADV,2.333333333
quietly,ADV,2.333333333
quite,ADV,3
rapidly,ADV,3.333333333
rarely,ADV,3
rather,ADV,3
readily,ADV,4.666666667
realistically,ADV,2.666666667
really,ADV,2
reasonably,ADV,3.666666667
recently,ADV,2.666666667
regardless,ADV,4.333333333
regularly,ADV,3
relatively,ADV,4.333333333
remarkably,ADV,3.666666667
reportedly,ADV,4.666666667
respectively,ADV,3.666666667
right,ADV,1.666666667
rightly,ADV,2.666666667
roughly,ADV,3.666666667
round,ADV,2.333333333
sadly,ADV,2
safely,ADV,2
scarcely,ADV,4.333333333
secondly,ADV,1.666666667
seldom,ADV,2.666666667
separately,ADV,4
seriously,ADV,3.333333333
severely,ADV,3.333333333
sharply,ADV,2.666666667
shortly,ADV,2.333333333
significantly,ADV,3.666666667
similarly,ADV,3.333333333
simply,ADV,2
simultaneously,ADV,3
since,ADV,2.333333333
slightly,ADV,4
slowly,ADV,1.333333333
so,ADV,1.666666667
socially,ADV,3
softly,ADV,1.666666667
solely,ADV,3.666666667
somehow,ADV,4
sometimes,ADV,1
somewhat,ADV,3.333333333
somewhere,ADV,2
soon,ADV,2
sooner,ADV,1.666666667
specially,ADV,3
specifically,ADV,2.666666667
spontaneously,ADV,3.333333333
steadily,ADV,3.666666667
still,ADV,1.333333333
straight,ADV,2
strictly,ADV,2.666666667
strongly,ADV,3
subsequently,ADV,4.333333333
substantially,ADV,4.333333333
successfully,ADV,2.666666667
suddenly,ADV,2.333333333
sufficiently,ADV,3
surely,ADV,2.666666667
surprisingly,ADV,2.333333333
that,ADV,2
then,ADV,2
there,ADV,1.333333333
thereafter,ADV,5.333333333
thereby,ADV,4
therefore,ADV,4
thoroughly,ADV,3.333333333
though,ADV,3.666666667
through,ADV,3
thus,ADV,3.666666667
tightly,ADV,3
today,ADV,2
together,ADV,1.333333333
tomorrow,ADV,1
tonight,ADV,1
too,ADV,1
totally,ADV,2.666666667
traditionally,ADV,3.666666667
truly,ADV,2.666666667
twice,ADV,2
typically,ADV,3
ultimately,ADV,4
under,ADV,1.666666667
underway,ADV,3.666666667
undoubtedly,ADV,4.666666667
unfortunately,ADV,2.666666667
uniformly,ADV,4.333333333
unjustly,ADV,3.333333333
up,ADV,1.333333333
upstairs,ADV,1.666666667
upwards,ADV,3.333333333
usually,ADV,1.666666667
very,ADV,1
virtually,ADV,4
wearily,ADV,4.333333333
well,ADV,1.333333333
when,ADV,2.333333333
whence,ADV,5.5
whenever,ADV,3
where,ADV,2
whereby,ADV,5
wherever,ADV,3.666666667
wholly,ADV,4
why,ADV,1.333333333
widely,ADV,3.666666667
wildly,ADV,3.666666667
yesterday,ADV,1.333333333
yet,ADV,2.333333333
after,CONJ,1.333333333
although,CONJ,3
and,CONJ,1
as,CONJ,2.333333333
because,CONJ,1
before,CONJ,1.333333333
but,CONJ,1.333333333
cos,CONJ,2
except,CONJ,3
for,CONJ,1
if,CONJ,2
like,CONJ,1
nor,CONJ,2.5
once,CONJ,1.666666667
or,CONJ,1.333333333
provided,CONJ,3.333333333
since,CONJ,2.333333333
so,CONJ,1.666666667
than,CONJ,1.333333333
that,CONJ,2
though,CONJ,2.333333333
till,CONJ,3
unless,CONJ,2.666666667
until,CONJ,2
when,CONJ,1
where,CONJ,1
whereas,CONJ,4
whether,CONJ,3
while,CONJ,2
whilst,CONJ,4
a,DET,1
an,DET,1
every,DET,1
her,DET,1.333333333
his,DET,1
its,DET,1.666666667
my,DET,1
no,DET,1
our,DET,1
the,DET,1
their,DET,1
your,DET,1
all,DET,1.333333333
another,DET,2.333333333
any,DET,2.333333333
both,DET,1.666666667
dat,DET,5
each,DET,2
either,DET,2.666666667
enough,DET,2
few,DET,1.333333333
fewer,DET,2.666666667
former,DET,3
half,DET,1.333333333
latter,DET,2.666666667
less,DET,1.666666667
little,DET,1.666666667
many,DET,2
more,DET,2.333333333
most,DET,1.333333333
much,DET,1.666666667
neither,DET,3
own,DET,1.666666667
same,DET,1.666666667
several,DET,2
some,DET,1.333333333
such,DET,2.666666667
that,DET,1.666666667
these,DET,1
this,DET,1
those,DET,1
what,DET,1
whatever,DET,2.333333333
which,DET,1.666666667
whose,DET,2
there,NA,1
abyme,NA,5
actuel,NA,3.5
aelbianische,NA,NA
amaro,NA,NA
angewandte,NA,6
avantgarde,NA,5.333333333
biodiversidad,NA,6
bleiben,NA,NA
christen,NA,5.5
clorinda,NA,4.5
de,NA,5
del,NA,1
la,NA,NA
may,NA,2
qui,NA,NA
speaker,NA,1.666666667
sue,NA,3.666666667
tournament,NA,3.666666667
tae,NA,NA
to,NA,1
ah,ADP,4
aha,ADP,2
aye,ADP,3.5
bye,ADP,1
cor,ADP,4
damn,ADP,3.333333333
dear,ADP,1.666666667
eh,ADP,1.5
ha,ADP,NA
hello,ADP,1
hey,ADP,1
mhm,ADP,NA
mm,ADP,4
no,ADP,1
och,ADP,2
oh,ADP,1.333333333
oi,ADP,NA
ooh,ADP,1.5
uh,ADP,2.333333333
yeah,ADP,2
yes,ADP,1
a,NA,1
b,NA,NA
c,NA,1
d,NA,1
e,NA,1
f,NA,1
g,NA,1
h,NA,1
i,NA,1
j,NA,1
k,NA,NA
l,NA,1.5
m,NA,1
n,NA,1
o,NA,1
p,NA,NA
q,NA,1
r,NA,1
s,NA,1
t,NA,1
u,NA,1
v,NA,1
w,NA,1
x,NA,1
y,NA,1
not,NA,1
abbey,NOUN,5
aberconway,NOUN,1
ability,NOUN,2.666666667
abitovabore,NOUN,5.666666667
abortion,NOUN,3.666666667
absence,NOUN,2.333333333
absentee,NOUN,3.333333333
abuse,NOUN,3
ac,NOUN,1.5
academy,NOUN,2.333333333
accent,NOUN,2.666666667
acceptance,NOUN,3.333333333
access,NOUN,3.333333333
accident,NOUN,2.333333333
accommodation,NOUN,3
accomodation,NOUN,2
accompaniment,NOUN,5.666666667
account,NOUN,3.333333333
accountant,NOUN,2
accounting,NOUN,3.333333333
accountingfor,NOUN,6
accuracy,NOUN,3.666666667
acetate,NOUN,5.666666667
achievement,NOUN,3
achim,NOUN,5.5
acid,NOUN,1.333333333
acklam,NOUN,5
acquisition,NOUN,5
acre,NOUN,3.666666667
act,NOUN,2
action,NOUN,2.333333333
activity,NOUN,2.333333333
actor,NOUN,1
actvity,NOUN,2
ad,NOUN,1.5
addition,NOUN,2.666666667
address,NOUN,1
adductor,NOUN,4.5
adea,NOUN,6
adelaida,NOUN,5
adjustment,NOUN,3.333333333
administration,NOUN,3.666666667
administrator,NOUN,3
admission,NOUN,4
adoption,NOUN,3
adorata,NOUN,4
adult,NOUN,2.333333333
adur,NOUN,5.5
advance,NOUN,3.666666667
advancement,NOUN,4
advantage,NOUN,2.333333333
adventure,NOUN,2.666666667
advertisement,NOUN,2
advertising,NOUN,3
advice,NOUN,2.666666667
adviser,NOUN,3.666666667
aequa,NOUN,6
aeradio,NOUN,5
aerogramme,NOUN,6
aestheticism,NOUN,6
affair,NOUN,4.333333333
affection,NOUN,3.666666667
afrobeat,NOUN,4.333333333
afropithecini,NOUN,NA
aftercare,NOUN,4
afterimage,NOUN,5.5
afternoon,NOUN,1.666666667
age,NOUN,1.333333333
agency,NOUN,2.333333333
agenda,NOUN,2.666666667
agent,NOUN,3.333333333
aghazadeh,NOUN,NA
agn,NOUN,NA
agrarianist,NOUN,6
agreement,NOUN,2.666666667
agreementsee,NOUN,5.5
agriculture,NOUN,2.666666667
ahearn,NOUN,5.5
aid,NOUN,2.666666667
aids,NOUN,3
aim,NOUN,2.333333333
ainu,NOUN,5
Air,NOUN,1.333333333
aircraft,NOUN,2
airline,NOUN,2.333333333
airport,NOUN,1
akersfield,NOUN,NA
alamut,NOUN,4.666666667
alarm,NOUN,1.666666667
album,NOUN,2
alcohol,NOUN,2.666666667
aleksandrova,NOUN,NA
alemannia,NOUN,6
alfieri,NOUN,NA
alienist,NOUN,5.333333333
allegation,NOUN,4.666666667
alliance,NOUN,4.666666667
allness,NOUN,4.5
allocation,NOUN,4
allowance,NOUN,4.333333333
alloy,NOUN,5
ally,NOUN,4.333333333
alminio,NOUN,4.666666667
almodovar,NOUN,6
almoravide,NOUN,6
alteration,NOUN,4.333333333
alternant,NOUN,4.666666667
alternative,NOUN,2.666666667
amadou,NOUN,6
amalekite,NOUN,5
amateurism,NOUN,5.5
amazement,NOUN,3.333333333
ambegate,NOUN,6
amber,NOUN,4.333333333
ambition,NOUN,3.333333333
ambroise,NOUN,5.5
ambulance,NOUN,1
amenarta,NOUN,6
amendment,NOUN,5
american,NOUN,1.666666667
amino,NOUN,5
ammocoete,NOUN,5.666666667
amount,NOUN,3
amour,NOUN,4
amphitheater,NOUN,5
amurensis,NOUN,NA
analagus,NOUN,5
analogization,NOUN,6
analysis,NOUN,2.666666667
analyst,NOUN,4
anaspastoi,NOUN,6
andean,NOUN,3.5
andrewcmuedu,NOUN,NA
angel,NOUN,2.666666667
anger,NOUN,1.333333333
angle,NOUN,3.333333333
angling,NOUN,4
animal,NOUN,1.666666667
animator,NOUN,3.333333333
anise,NOUN,6
anismus,NOUN,5.5
anisopteran,NOUN,6
ankle,NOUN,1.333333333
anklebiter,NOUN,5.666666667
annabelle,NOUN,3
anninversary,NOUN,2.666666667
anniversary,NOUN,3
announcement,NOUN,3.666666667
annuity,NOUN,5.333333333
anonymity,NOUN,5
anse,NOUN,3
answer,NOUN,1
anteriorization,NOUN,5.666666667
anthracitisation,NOUN,5.5
antibody,NOUN,5.333333333
antimonium,NOUN,6
antimouse,NOUN,5.5
antipaxo,NOUN,5.5
antsy,NOUN,4
anvil,NOUN,5.333333333
anxiety,NOUN,3.666666667
apartment,NOUN,1
ape,NOUN,3
appeal,NOUN,3
appearance,NOUN,3.333333333
appendix,NOUN,4.333333333
apple,NOUN,1
applicant,NOUN,3
application,NOUN,3.333333333
appointment,NOUN,3
appreciation,NOUN,4.333333333
approach,NOUN,3.666666667
appropraite,NOUN,3
approval,NOUN,3.666666667
approximation,NOUN,3.666666667
aquae,NOUN,5.666666667
aquiline,NOUN,5
aragonite,NOUN,6
Archbishop,NOUN,5.5
archdeacon,NOUN,6
architect,NOUN,1.666666667
architecture,NOUN,2.333333333
archtop,NOUN,6
arco,NOUN,4.666666667
area,NOUN,2.666666667
argument,NOUN,3
aridity,NOUN,4.666666667
arm,NOUN,1
army,NOUN,2
arnason,NOUN,4.5
arnulfing,NOUN,6
arrangement,NOUN,2.666666667
arrest,NOUN,4
arrival,NOUN,4
arrow,NOUN,3.333333333
art,NOUN,2
article,NOUN,3
artilleryman,NOUN,4.666666667
artisan,NOUN,5.333333333
artist,NOUN,1.666666667
arugula,NOUN,5
arune,NOUN,5
as,NOUN,2
ascott,NOUN,5
asics,NOUN,5.5
aspect,NOUN,4.666666667
aspiration,NOUN,4.666666667
assault,NOUN,4.666666667
assembly,NOUN,4
assesment,NOUN,3
assessment,NOUN,3.333333333
asset,NOUN,4
assignment,NOUN,3
assin,NOUN,4
assistance,NOUN,3.666666667
assistant,NOUN,2.666666667
assiter,NOUN,6
association,NOUN,3.666666667
assocs,NOUN,3.5
assumption,NOUN,4
assurance,NOUN,4.333333333
astrite,NOUN,6
astrolabe,NOUN,5
astrophil,NOUN,5.5
atmosphere,NOUN,3.333333333
atom,NOUN,2.333333333
atomic,NOUN,4
attack,NOUN,2
attempt,NOUN,3
attendance,NOUN,3.333333333
attentioin,NOUN,2.5
attention,NOUN,2.333333333
attitude,NOUN,3.666666667
attraction,NOUN,2.666666667
auction,NOUN,4.666666667
audience,NOUN,2
audiencia,NOUN,5.5
audit,NOUN,4
auditor,NOUN,4
Aunt,NOUN,1.333333333
author,NOUN,2.333333333
authority,NOUN,4.333333333
authorship,NOUN,3.666666667
autochanger,NOUN,5
autonomy,NOUN,4.666666667
autopipe,NOUN,5.5
autumn,NOUN,1
availability,NOUN,3
Avenue,NOUN,2
average,NOUN,2.333333333
award,NOUN,3
awardee,NOUN,5
awareness,NOUN,3.666666667
azerbaijani,NOUN,1
babby,NOUN,1
baby,NOUN,1
back,NOUN,2.333333333
backdrop,NOUN,4
backfill,NOUN,5
background,NOUN,2.666666667
badd,NOUN,1
bag,NOUN,1
bailthe,NOUN,5.5
bais,NOUN,4.5
baka,NOUN,6
balance,NOUN,2.666666667
balancing,NOUN,4
balcony,NOUN,2.333333333
balearic,NOUN,6
ball,NOUN,2
ballet,NOUN,2.666666667
ballstone,NOUN,6
balmpot,NOUN,5
ban,NOUN,2.666666667
band,NOUN,2
bandolier,NOUN,6
bank,NOUN,1.666666667
banker,NOUN,2.333333333
banking,NOUN,1.666666667
bar,NOUN,2.666666667
barbecoup,NOUN,5
barclayplus,NOUN,6
baren,NOUN,4.5
barn,NOUN,4
barrel,NOUN,4
barricade,NOUN,3.666666667
barrier,NOUN,3.666666667
base,NOUN,2.666666667
baselchiasso,NOUN,6
basin,NOUN,3.666666667
basis,NOUN,3
basket,NOUN,1.666666667
bassetlaw,NOUN,NA
bassman,NOUN,4
bastard,NOUN,4
bath,NOUN,1
bathroom,NOUN,1
bathypectinura,NOUN,6
batmonh,NOUN,NA
batterer,NOUN,4.5
battery,NOUN,1.666666667
battle,NOUN,2.666666667
batzio,NOUN,5
baverstock,NOUN,6
bay,NOUN,2.666666667
bayle,NOUN,4.666666667
bayonet,NOUN,4
beach,NOUN,1
beakfull,NOUN,5.666666667
beam,NOUN,4
bean,NOUN,2
beanery,NOUN,6
beanstalk,NOUN,3.333333333
bear,NOUN,1.333333333
beat,NOUN,3
beauty,NOUN,2
bed,NOUN,1
bedroom,NOUN,1
bedspring,NOUN,4.666666667
bedtime,NOUN,1.333333333
beef,NOUN,1.666666667
beeping,NOUN,3
beer,NOUN,1.333333333
beginning,NOUN,1.666666667
bego,NOUN,NA
behaviour,NOUN,2.333333333
beida,NOUN,6
being,NOUN,2
belief,NOUN,2.333333333
bell,NOUN,2.333333333
bellbottom,NOUN,4
bellybutton,NOUN,1.666666667
belmode,NOUN,6
belo,NOUN,NA
beloved,NOUN,4
belt,NOUN,2.333333333
bench,NOUN,2.666666667
benefit,NOUN,3
berliner,NOUN,3
bessmertnykh,NOUN,NA
betancuria,NOUN,6
bewilderment,NOUN,5
bhe,NOUN,NA
bhuddism,NOUN,4.666666667
bias,NOUN,2.666666667
bib,NOUN,4.333333333
bible,NOUN,3
biblicum,NOUN,4.5
bicky,NOUN,5
bicycling,NOUN,1.333333333
bid,NOUN,4.333333333
bielefeld,NOUN,NA
bierschinkenwurst,NOUN,6
bike,NOUN,1
bilker,NOUN,4
bill,NOUN,2.333333333
billion,NOUN,2
bingo,NOUN,3
bioanalysis,NOUN,5
bioindustry,NOUN,5
biolight,NOUN,5.333333333
bird,NOUN,1.333333333
birdcall,NOUN,5.333333333
birth,NOUN,2.333333333
birthday,NOUN,1
biscuit,NOUN,2
bishop,NOUN,4
bistable,NOUN,5
bit,NOUN,2
bitholder,NOUN,6
black,NOUN,1
blade,NOUN,2.333333333
blaisdon,NOUN,6
blanket,NOUN,1.666666667
blaspheme,NOUN,6
blend,NOUN,3.333333333
block,NOUN,3
bloke,NOUN,5
blond,NOUN,1.333333333
blood,NOUN,1.333333333
blow,NOUN,3
blue,NOUN,1
blugga,NOUN,5.5
blume,NOUN,4
boadway,NOUN,3.5
board,NOUN,2.666666667
boat,NOUN,1.333333333
bobbety,NOUN,5
bobby,NOUN,6
body,NOUN,1.333333333
bohemianism,NOUN,5.666666667
bollito,NOUN,4
bomb,NOUN,1.333333333
bonaventure,NOUN,4.666666667
bond,NOUN,3.333333333
bone,NOUN,2.333333333
bonus,NOUN,3
book,NOUN,1.333333333
booksellers,NOUN,1.666666667
boom,NOUN,3.666666667
boot,NOUN,1.333333333
border,NOUN,2.666666667
borel,NOUN,NA
borough,NOUN,4
boss,NOUN,1.666666667
bottle,NOUN,1.666666667
bottom,NOUN,1.333333333
bouget,NOUN,4
boundary,NOUN,4
bousquet,NOUN,5.333333333
bowel,NOUN,4
bowesfield,NOUN,NA
bowl,NOUN,1.333333333
box,NOUN,1
boy,NOUN,1
braidwood,NOUN,4
brain,NOUN,2
branch,NOUN,4
branchline,NOUN,5
brand,NOUN,3
brasier,NOUN,5.666666667
brass,NOUN,2.666666667
breach,NOUN,5.333333333
bread,NOUN,2.333333333
break,NOUN,1.666666667
breakdown,NOUN,4
breakfast,NOUN,1
breaktime,NOUN,1.333333333
breast,NOUN,1.666666667
breath,NOUN,2
breed,NOUN,3.333333333
breeding,NOUN,5
breeze,NOUN,4
bribe,NOUN,4
brick,NOUN,2.333333333
bridesmaid,NOUN,3.333333333
bridge,NOUN,2.333333333
brigade,NOUN,4.666666667
briton,NOUN,6
broadcaster,NOUN,3
broadcasting,NOUN,2.666666667
broadleave,NOUN,5
brodsgaard,NOUN,NA
bronze,NOUN,3.333333333
broomfield,NOUN,6
broth,NOUN,5.333333333
brother,NOUN,1
brow,NOUN,1.666666667
browney,NOUN,1
brush,NOUN,2
brushing,NOUN,2.333333333
bryophyte,NOUN,5
budget,NOUN,3.333333333
builder,NOUN,1.333333333
building,NOUN,1.666666667
bukharinite,NOUN,4.5
bulk,NOUN,4
bullying,NOUN,3.333333333
bumping,NOUN,4
bunch,NOUN,3.333333333
bundle,NOUN,4
buoux,NOUN,6
burd,NOUN,4
burden,NOUN,4.333333333
bureau,NOUN,3.333333333
bureaucracy,NOUN,5
burglar,NOUN,2.333333333
buridda,NOUN,6
burka,NOUN,4.666666667
burtini,NOUN,NA
bus,NOUN,1
busfare,NOUN,3
busfield,NOUN,6
bush,NOUN,1.666666667
business,NOUN,1.333333333
businessage,NOUN,5.5
businessman,NOUN,1
businesspeople,NOUN,1.333333333
butler,NOUN,2.333333333
butter,NOUN,1.666666667
button,NOUN,1.666666667
buyer,NOUN,2.333333333
buyout,NOUN,4
bx,NOUN,NA
byrhtwold,NOUN,4
cab,NOUN,2
cabinet,NOUN,3.333333333
cable,NOUN,3.666666667
cad,NOUN,5.5
cake,NOUN,1.666666667
calcalkali,NOUN,NA
calcium,NOUN,3
calculation,NOUN,3.666666667
calendar,NOUN,2
call,NOUN,1.333333333
camera,NOUN,1
camerounian,NOUN,4.666666667
camorra,NOUN,5
camp,NOUN,2
campaign,NOUN,3.666666667
can,NOUN,1
canadapass,NOUN,NA
canadian,NOUN,1.333333333
canadium,NOUN,6
canal,NOUN,3
cancan,NOUN,5
cancer,NOUN,1.666666667
candidate,NOUN,3
candle,NOUN,3
candlewax,NOUN,3.666666667
canonum,NOUN,6
cantillation,NOUN,6
canvas,NOUN,3.666666667
cap,NOUN,2.666666667
capability,NOUN,3.666666667
capacity,NOUN,2.666666667
capital,NOUN,2
capitalism,NOUN,3
capitan,NOUN,2
capodimonte,NOUN,5.5
capriati,NOUN,NA
Captain,NOUN,1.333333333
car,NOUN,1
caranvaserais,NOUN,5.5
carbon,NOUN,3.333333333
card,NOUN,1.666666667
care,NOUN,2.333333333
career,NOUN,2.333333333
carer,NOUN,4
cargo,NOUN,2.666666667
carica,NOUN,NA
carmunion,NOUN,NA
carpet,NOUN,2.666666667
carpetright,NOUN,5
carriage,NOUN,3.333333333
carriagefolk,NOUN,5.333333333
carrier,NOUN,3
carrot,NOUN,1
carrozza,NOUN,5
cartelisation,NOUN,6
carvel,NOUN,3
cascade,NOUN,5.333333333
case,NOUN,3
cash,NOUN,2.666666667
casing,NOUN,4.333333333
casserole,NOUN,4.666666667
cassette,NOUN,2
castle,NOUN,2
castlecaldwell,NOUN,5.5
casualty,NOUN,4.333333333
cat,NOUN,1
catalogue,NOUN,2.333333333
category,NOUN,3
caterer,NOUN,3.666666667
catflap,NOUN,4.666666667
cathedral,NOUN,2.666666667
catholic,NOUN,3
cattle,NOUN,2.333333333
catullus,NOUN,5.5
cause,NOUN,1.333333333
cave,NOUN,3
cavex,NOUN,5.666666667
cawsand,NOUN,NA
cecconi,NOUN,5
ceiling,NOUN,2.333333333
celebration,NOUN,2
cell,NOUN,3.333333333
cellmark,NOUN,5.5
cellnet,NOUN,6
centralizing,NOUN,5
centre,NOUN,2.666666667
century,NOUN,2
ceonothus,NOUN,6
ceremony,NOUN,3.666666667
certainty,NOUN,3.666666667
certificate,NOUN,3.333333333
cessation,NOUN,4
chaffing,NOUN,5.666666667
chain,NOUN,3.333333333
chair,NOUN,1.666666667
Chairman,NOUN,3.5
challenge,NOUN,2.333333333
chamber,NOUN,3.333333333
chamlang,NOUN,5
chamoix,NOUN,5
champagne,NOUN,2.666666667
champion,NOUN,3.333333333
championship,NOUN,2
chance,NOUN,1.666666667
Chancellor,NOUN,4
change,NOUN,2.666666667
channel,NOUN,3
chaos,NOUN,3
chap,NOUN,5
chapare,NOUN,NA
chapel,NOUN,4.333333333
chapter,NOUN,1.666666667
character,NOUN,2.333333333
characteristic,NOUN,2.666666667
charge,NOUN,2.333333333
charity,NOUN,2.666666667
charm,NOUN,3.333333333
charmian,NOUN,3.666666667
chart,NOUN,2
charter,NOUN,3
check,NOUN,2
checrouit,NOUN,NA
cheek,NOUN,2
cheese,NOUN,1
chefet,NOUN,4
chefette,NOUN,5
chemical,NOUN,2.333333333
chemistry,NOUN,2
cheque,NOUN,2.666666667
chest,NOUN,1.666666667
chho,NOUN,4
chicken,NOUN,1
chickenburger,NOUN,2.666666667
Chief,NOUN,2.666666667
chieftain,NOUN,5.333333333
chikoworeconstruction,NOUN,NA
child,NOUN,1.333333333
childhood,NOUN,1.666666667
childishness,NOUN,3.666666667
chin,NOUN,1
chinjikikilu,NOUN,NA
chinkin,NOUN,5
chiocciole,NOUN,6
chip,NOUN,3.333333333
chivalry,NOUN,4.5
chlothar,NOUN,5.5
chocolate,NOUN,1
choice,NOUN,1.666666667
choir,NOUN,2.666666667
chook,NOUN,6
chris,NOUN,2
christian,NOUN,2.333333333
christianity,NOUN,3.5
christmas,NOUN,1.666666667
chromaffin,NOUN,6
chronicon,NOUN,6
chronograph,NOUN,5.666666667
chronotope,NOUN,5.666666667
church,NOUN,2
chutney,NOUN,5.333333333
cigar,NOUN,3
cigarette,NOUN,1
ciliate,NOUN,5
cimetidine,NOUN,NA
cimtech,NOUN,4
cinema,NOUN,2.333333333
circle,NOUN,2.666666667
circuit,NOUN,3.333333333
circulation,NOUN,4.333333333
circumstance,NOUN,3.333333333
citee,NOUN,4.666666667
citizen,NOUN,3.333333333
city,NOUN,1.333333333
claim,NOUN,3
clairvoyante,NOUN,5.666666667
claonaig,NOUN,5.5
clash,NOUN,4
class,NOUN,1
classic,NOUN,2.333333333
classification,NOUN,3.666666667
classificator,NOUN,5.5
classifier,NOUN,4
classroom,NOUN,1
clause,NOUN,2.666666667
clausit,NOUN,5.5
claverton,NOUN,5
clay,NOUN,3.333333333
cleantex,NOUN,5
clergy,NOUN,3.666666667
clerihew,NOUN,4
clerk,NOUN,3
client,NOUN,3.333333333
clienthood,NOUN,5
cliff,NOUN,3
climate,NOUN,2
clinic,NOUN,2
clink,NOUN,4.666666667
clip,NOUN,2.333333333
clock,NOUN,1
closure,NOUN,4.666666667
cloth,NOUN,3
clothes,NOUN,2
clothing,NOUN,2.333333333
cloud,NOUN,1.333333333
clown,NOUN,2.333333333
club,NOUN,2.333333333
clue,NOUN,3
cluster,NOUN,5
cm,NOUN,3
co,NOUN,3
coach,NOUN,3.333333333
coal,NOUN,2.333333333
coalition,NOUN,5.333333333
coalowner,NOUN,4
coast,NOUN,2.666666667
coat,NOUN,2
cobb,NOUN,5.5
cochairman,NOUN,4.333333333
code,NOUN,2.666666667
codec,NOUN,5
codfish,NOUN,4.666666667
coffee,NOUN,1
coffin,NOUN,4.666666667
coin,NOUN,2.666666667
cold,NOUN,1
colemanball,NOUN,5.5
collapse,NOUN,3
collar,NOUN,2.666666667
colleague,NOUN,1.666666667
collection,NOUN,3
collector,NOUN,4
college,NOUN,1
Colonel,NOUN,3.5
colony,NOUN,3.666666667
colour,NOUN,1
column,NOUN,2
combination,NOUN,3.333333333
comedy,NOUN,2
comfort,NOUN,2
command,NOUN,3
Commander,NOUN,3
comment,NOUN,2
commerce,NOUN,4.666666667
commission,NOUN,4
commissioner,NOUN,4.333333333
commitment,NOUN,4
committee,NOUN,3.333333333
commodity,NOUN,4.666666667
commonwealth,NOUN,4.666666667
communication,NOUN,2.333333333
communicator,NOUN,3.333333333
community,NOUN,3.333333333
companion,NOUN,2.666666667
company,NOUN,1.666666667
comparison,NOUN,3.666666667
compensation,NOUN,3.666666667
competence,NOUN,4.333333333
competition,NOUN,3
competitor,NOUN,4
complaint,NOUN,2.666666667
completion,NOUN,3.666666667
complex,NOUN,2.666666667
complexity,NOUN,4
component,NOUN,4.666666667
composer,NOUN,2
composition,NOUN,2.333333333
composure,NOUN,4.333333333
compound,NOUN,3
compromise,NOUN,4.333333333
computer,NOUN,1
computing,NOUN,4.666666667
concentration,NOUN,2.666666667
concept,NOUN,2.333333333
conception,NOUN,4.333333333
concern,NOUN,3.333333333
concert,NOUN,1.666666667
concerto,NOUN,5
concession,NOUN,4.333333333
conclusion,NOUN,2.666666667
condition,NOUN,3
conditioning,NOUN,4
conduct,NOUN,3.333333333
conduit,NOUN,5
conference,NOUN,3.333333333
confidence,NOUN,3
conflict,NOUN,3.666666667
confusion,NOUN,2.666666667
congress,NOUN,4
connection,NOUN,3
conscience,NOUN,4
consciousness,NOUN,4.333333333
consensus,NOUN,4.666666667
consent,NOUN,3.666666667
consequence,NOUN,3.333333333
conservation,NOUN,4.333333333
conservative,NOUN,3.333333333
consideration,NOUN,3.333333333
consortium,NOUN,5
Constable,NOUN,3.666666667
constituency,NOUN,4.666666667
constituent,NOUN,5
constitution,NOUN,3
constraint,NOUN,4.666666667
construction,NOUN,3
consultant,NOUN,3
consultation,NOUN,4.333333333
consumer,NOUN,3.666666667
consumption,NOUN,3
contact,NOUN,2
container,NOUN,2
content,NOUN,3.333333333
contest,NOUN,2.333333333
context,NOUN,3.333333333
continence,NOUN,4.666666667
continent,NOUN,2.333333333
contract,NOUN,3.666666667
contractor,NOUN,3.333333333
contradiction,NOUN,4
contrast,NOUN,3
contribution,NOUN,3.333333333
control,NOUN,2.333333333
controversy,NOUN,4
convention,NOUN,4.333333333
conversation,NOUN,2
conversion,NOUN,4.333333333
conviction,NOUN,5.333333333
cookery,NOUN,3
cooking,NOUN,1.333333333
coolant,NOUN,3
copper,NOUN,3
copy,NOUN,2.333333333
core,NOUN,3.333333333
corner,NOUN,2.333333333
coronation,NOUN,4.666666667
corp,NOUN,5
corporation,NOUN,3.666666667
correlation,NOUN,4.666666667
correspondence,NOUN,3.666666667
correspondent,NOUN,5.333333333
corridor,NOUN,1.333333333
corruption,NOUN,5
cost,NOUN,2
cottage,NOUN,2
cotton,NOUN,2.666666667
council,NOUN,3
Councillor,NOUN,3.5
Count,NOUN,4.5
counter,NOUN,3.666666667
counterpart,NOUN,4
country,NOUN,1
countryside,NOUN,2.333333333
county,NOUN,2.333333333
coup,NOUN,4.5
couple,NOUN,1.666666667
courage,NOUN,3.333333333
course,NOUN,2.666666667
coursework,NOUN,3.333333333
court,NOUN,3.333333333
courtyard,NOUN,3
cousin,NOUN,1
covenant,NOUN,5
cover,NOUN,2.666666667
coverage,NOUN,4.333333333
cow,NOUN,1
coyote,NOUN,2.666666667
crack,NOUN,1.333333333
crackle,NOUN,4.666666667
craft,NOUN,3
crank,NOUN,5
crash,NOUN,3
crawl,NOUN,4.666666667
cream,NOUN,2
creation,NOUN,3.333333333
creature,NOUN,4.333333333
credit,NOUN,3
creditor,NOUN,3
creole,NOUN,4.666666667
crew,NOUN,3
cricket,NOUN,3.666666667
crime,NOUN,2
criminal,NOUN,2.666666667
crisis,NOUN,2.666666667
crisp,NOUN,2.666666667
criterion,NOUN,4
critic,NOUN,4
criticism,NOUN,3.666666667
crop,NOUN,3
cross,NOUN,2.666666667
crowd,NOUN,2.333333333
crown,NOUN,3.333333333
cruising,NOUN,3.666666667
cry,NOUN,1
crystal,NOUN,2.333333333
culture,NOUN,2.333333333
cup,NOUN,1
cupboard,NOUN,1.666666667
curator,NOUN,4
currency,NOUN,2.666666667
current,NOUN,3
curriculum,NOUN,3.333333333
curry,NOUN,2.333333333
curtain,NOUN,1.333333333
curve,NOUN,3
custody,NOUN,5
custom,NOUN,3.333333333
customer,NOUN,2
cut,NOUN,3
cutting,NOUN,3.333333333
cycle,NOUN,1.666666667
dacha,NOUN,5
dad,NOUN,1
daddy,NOUN,1.333333333
damage,NOUN,3
dance,NOUN,2.333333333
dancer,NOUN,1.333333333
danger,NOUN,2.666666667
dark,NOUN,1
darkness,NOUN,2.333333333
darling,NOUN,2.333333333
data,NOUN,2.333333333
database,NOUN,3.333333333
date,NOUN,1.666666667
daughter,NOUN,1
dawn,NOUN,3.333333333
day,NOUN,1
deal,NOUN,3
dealer,NOUN,2.666666667
dear,NOUN,1.333333333
death,NOUN,1.666666667
deathbed,NOUN,3.333333333
debate,NOUN,2.666666667
debt,NOUN,3.666666667
debut,NOUN,4
decade,NOUN,2.666666667
decision,NOUN,2.666666667
deck,NOUN,3
declaration,NOUN,4.333333333
decline,NOUN,3.333333333
decomposition,NOUN,4.666666667
decrement,NOUN,5.333333333
defeat,NOUN,3.333333333
defect,NOUN,3.666666667
defence,NOUN,3
defendant,NOUN,3.333333333
defender,NOUN,3.333333333
deficit,NOUN,5.333333333
definition,NOUN,2.666666667
degree,NOUN,2.666666667
delay,NOUN,3.333333333
delegate,NOUN,4
delegation,NOUN,3.666666667
delight,NOUN,3
delivery,NOUN,3.666666667
delta,NOUN,3.333333333
demand,NOUN,3.666666667
democracy,NOUN,1.666666667
democrat,NOUN,3.333333333
demolition,NOUN,4
demonstration,NOUN,3.333333333
denim,NOUN,2.333333333
density,NOUN,3.666666667
department,NOUN,1.666666667
departure,NOUN,2.666666667
deposit,NOUN,3.333333333
depression,NOUN,3
depth,NOUN,2.666666667
deputy,NOUN,2.666666667
description,NOUN,2.333333333
desert,NOUN,2
design,NOUN,2.666666667
designer,NOUN,2
desire,NOUN,4
desk,NOUN,1
desktop,NOUN,1
destination,NOUN,2.666666667
destruction,NOUN,3.666666667
detachment,NOUN,3.666666667
detail,NOUN,2.666666667
Detective,NOUN,3.666666667
determination,NOUN,4
detoxification,NOUN,4.666666667
deutschmark,NOUN,5.666666667
developer,NOUN,2
development,NOUN,2.666666667
device,NOUN,3
devil,NOUN,2
diagnosis,NOUN,4.666666667
diagram,NOUN,4
dialogue,NOUN,3.666666667
diamond,NOUN,2.333333333
diary,NOUN,2.666666667
dictionary,NOUN,1.666666667
diet,NOUN,2.333333333
difference,NOUN,2.333333333
difficulty,NOUN,2.666666667
digest,NOUN,3.333333333
dignitary,NOUN,4.666666667
dimension,NOUN,3.666666667
dining,NOUN,1.666666667
dinner,NOUN,1
dinosaur,NOUN,1.333333333
dip,NOUN,4.666666667
direction,NOUN,2.666666667
directive,NOUN,4
director,NOUN,2
directory,NOUN,2.666666667
disability,NOUN,4
disadvantage,NOUN,2.666666667
disappointment,NOUN,3
disapproval,NOUN,4.333333333
disaster,NOUN,2.666666667
disc,NOUN,2.333333333
discernment,NOUN,5.666666667
discipline,NOUN,4
discount,NOUN,2
discourse,NOUN,4.333333333
discovery,NOUN,2.666666667
discretion,NOUN,4
discrimination,NOUN,4
discussion,NOUN,2.666666667
disease,NOUN,2.333333333
disequilibrium,NOUN,6
disgust,NOUN,3.333333333
dish,NOUN,1.333333333
disk,NOUN,1.666666667
dismissal,NOUN,4
disorder,NOUN,3
display,NOUN,3.333333333
disposal,NOUN,3.333333333
dispute,NOUN,4.666666667
distance,NOUN,3
distinction,NOUN,4
distress,NOUN,4.333333333
distribution,NOUN,4
district,NOUN,3
disturbance,NOUN,4.333333333
diversity,NOUN,2.666666667
dividend,NOUN,4.666666667
division,NOUN,3.666666667
divorce,NOUN,1.666666667
dna,NOUN,2.666666667
dock,NOUN,3.333333333
Doctor,NOUN,1
doctrine,NOUN,5.666666667
document,NOUN,2.333333333
documentation,NOUN,3.666666667
dog,NOUN,1
doldrum,NOUN,5.5
dollar,NOUN,1
dolphin,NOUN,2
domain,NOUN,3.666666667
door,NOUN,1
doorway,NOUN,2.666666667
dose,NOUN,3.333333333
dot,NOUN,2.333333333
doubt,NOUN,3.333333333
dozen,NOUN,2.333333333
DR,NOUN,1
draft,NOUN,4.333333333
drama,NOUN,2.333333333
draughtsman,NOUN,5.666666667
draw,NOUN,2.333333333
drawer,NOUN,1
drawing,NOUN,3
dream,NOUN,2
dregs,NOUN,5.333333333
dress,NOUN,1
drift,NOUN,4
drink,NOUN,1
drinking,NOUN,1.333333333
drive,NOUN,1.333333333
driver,NOUN,1.333333333
driving,NOUN,2.333333333
drop,NOUN,3
drug,NOUN,2.333333333
drum,NOUN,2
duck,NOUN,1.666666667
Duke,NOUN,2
dun,NOUN,5
duplication,NOUN,4.666666667
durability,NOUN,3.333333333
duration,NOUN,2.666666667
dust,NOUN,2.333333333
dustbin,NOUN,2.333333333
duty,NOUN,2.333333333
eagle,NOUN,3
ear,NOUN,1
Earl,NOUN,4
earnings,NOUN,3.333333333
earphone,NOUN,2.333333333
earring,NOUN,1.666666667
earth,NOUN,1.666666667
ease,NOUN,3.666666667
east,NOUN,1.666666667
easter,NOUN,2.333333333
echo,NOUN,3.666666667
economics,NOUN,2.666666667
economist,NOUN,2.666666667
economy,NOUN,2.333333333
ecosystem,NOUN,3.666666667
edge,NOUN,3.666666667
edition,NOUN,2.666666667
editor,NOUN,2.666666667
edn,NOUN,NA
education,NOUN,2
effect,NOUN,2
effectiveness,NOUN,3.333333333
efficiency,NOUN,2.666666667
effort,NOUN,2.666666667
egg,NOUN,1
egyptian,NOUN,3
elbow,NOUN,2
election,NOUN,3.333333333
electorate,NOUN,4
electricity,NOUN,2.333333333
electron,NOUN,2.666666667
electronics,NOUN,2
element,NOUN,2.666666667
elephant,NOUN,1.333333333
elite,NOUN,4.666666667
embassy,NOUN,3.666666667
emergency,NOUN,3.333333333
emission,NOUN,4.333333333
emotion,NOUN,2.333333333
Emperor,NOUN,4
emphasis,NOUN,4
empire,NOUN,3.666666667
employee,NOUN,3.666666667
employer,NOUN,2
employment,NOUN,2.666666667
enchantment,NOUN,4.666666667
encounter,NOUN,3.666666667
encouragement,NOUN,3.333333333
end,NOUN,1.666666667
enemy,NOUN,2.333333333
energy,NOUN,1.666666667
engagement,NOUN,2.333333333
engine,NOUN,1.666666667
engineer,NOUN,1.333333333
engineering,NOUN,2
english,NOUN,1
enquiry,NOUN,4
enterprise,NOUN,3.333333333
entertainment,NOUN,3.666666667
enthusiasm,NOUN,4
entitlement,NOUN,4.333333333
entity,NOUN,4.666666667
entrance,NOUN,2.666666667
entrepreneur,NOUN,4
entry,NOUN,3
envelope,NOUN,1.333333333
environment,NOUN,3
episode,NOUN,2.333333333
equality,NOUN,3
equation,NOUN,4
equilibrium,NOUN,4.333333333
equipment,NOUN,3.333333333
equity,NOUN,4.666666667
equivalence,NOUN,5.333333333
equivalent,NOUN,3.666666667
era,NOUN,3.666666667
error,NOUN,2.333333333
escape,NOUN,2.666666667
essay,NOUN,2.666666667
essence,NOUN,4
establishment,NOUN,3.666666667
estate,NOUN,4
estimate,NOUN,3.333333333
ethic,NOUN,4
euphemism,NOUN,5.333333333
european,NOUN,2
evaluation,NOUN,3.666666667
evening,NOUN,1.333333333
event,NOUN,2.666666667
evidence,NOUN,3
evil,NOUN,2.666666667
evolution,NOUN,4
exaggeration,NOUN,2.666666667
exam,NOUN,1.333333333
examination,NOUN,3
example,NOUN,1.333333333
exception,NOUN,3.333333333
excess,NOUN,3.333333333
exchange,NOUN,3
excitement,NOUN,2.333333333
exclusion,NOUN,4.333333333
excuse,NOUN,2.333333333
execution,NOUN,4.333333333
executive,NOUN,3.333333333
exercise,NOUN,2
exhibition,NOUN,3.333333333
exhibitor,NOUN,5
existence,NOUN,3
expansion,NOUN,4
expatriate,NOUN,5.333333333
expectation,NOUN,3
expediency,NOUN,5.333333333
expedition,NOUN,3.666666667
expenditure,NOUN,4.666666667
expense,NOUN,4
experience,NOUN,3
experiment,NOUN,3.666666667
expert,NOUN,3.666666667
expertise,NOUN,4
explanation,NOUN,2.666666667
exploration,NOUN,3
explosion,NOUN,2.666666667
export,NOUN,3.666666667
exposure,NOUN,3.666666667
expression,NOUN,3.333333333
expulsion,NOUN,3.666666667
extension,NOUN,4.333333333
extent,NOUN,4
extract,NOUN,4.666666667
extraction,NOUN,3.666666667
eye,NOUN,1.333333333
fabric,NOUN,2.666666667
face,NOUN,1
facet,NOUN,4
facility,NOUN,4
facsimile,NOUN,4
fact,NOUN,1.666666667
factor,NOUN,3.333333333
factory,NOUN,2.333333333
faculty,NOUN,2.333333333
failure,NOUN,3
fairway,NOUN,4
faith,NOUN,2.666666667
fall,NOUN,1
family,NOUN,1
fan,NOUN,1.666666667
fang,NOUN,4.666666667
fantasy,NOUN,2.333333333
farm,NOUN,1
farmer,NOUN,2
farming,NOUN,1.666666667
fashion,NOUN,2
fat,NOUN,1
fate,NOUN,3
Father,NOUN,2.333333333
fault,NOUN,3.333333333
favour,NOUN,3.333333333
favourite,NOUN,1
fear,NOUN,2.333333333
feature,NOUN,3.333333333
federalism,NOUN,5.333333333
federation,NOUN,4.333333333
fee,NOUN,2.666666667
feeling,NOUN,2
fellow,NOUN,3.666666667
female,NOUN,1.333333333
feminism,NOUN,3
fen,NOUN,4.5
fence,NOUN,2.333333333
fender,NOUN,5
ferocity,NOUN,5
ferry,NOUN,2.666666667
festival,NOUN,1.333333333
fever,NOUN,2
fibre,NOUN,4
fiction,NOUN,2.666666667
fiddle,NOUN,3.666666667
Field,NOUN,2.666666667
fig,NOUN,1.666666667
fight,NOUN,2
fighter,NOUN,2
fighting,NOUN,1.333333333
figure,NOUN,3
file,NOUN,3
filename,NOUN,2.333333333
filling,NOUN,4
film,NOUN,1.666666667
filter,NOUN,3.666666667
final,NOUN,1
finance,NOUN,2.333333333
finding,NOUN,3
finger,NOUN,1
fingerprint,NOUN,4.333333333
finish,NOUN,1.333333333
fire,NOUN,1.333333333
firing,NOUN,3.666666667
firm,NOUN,2.666666667
fish,NOUN,1
fishing,NOUN,2.333333333
fist,NOUN,2.666666667
fit,NOUN,1
fitness,NOUN,2
flag,NOUN,1.666666667
flake,NOUN,3.666666667
flame,NOUN,2.666666667
flat,NOUN,1.333333333
flavour,NOUN,2.333333333
fleet,NOUN,3.333333333
flesh,NOUN,3
flexibility,NOUN,3.333333333
Flight,NOUN,1.666666667
flood,NOUN,3.333333333
floor,NOUN,2
flow,NOUN,3.666666667
flower,NOUN,1.333333333
fluency,NOUN,3.666666667
fluid,NOUN,4
fluke,NOUN,5
fly,NOUN,1.333333333
focus,NOUN,2.666666667
folk,NOUN,3.333333333
food,NOUN,1
fool,NOUN,2.666666667
foot,NOUN,1
football,NOUN,1
force,NOUN,2.666666667
ford,NOUN,2
forecast,NOUN,2.666666667
foreground,NOUN,3.333333333
forehead,NOUN,2
forest,NOUN,2
form,NOUN,2.333333333
format,NOUN,2.666666667
formation,NOUN,3.666666667
formula,NOUN,3.333333333
fortnight,NOUN,5.333333333
fortune,NOUN,3
forum,NOUN,2.666666667
foundation,NOUN,4
founder,NOUN,3.333333333
fountain,NOUN,2.666666667
fraction,NOUN,4
fragment,NOUN,5
frame,NOUN,2.666666667
framework,NOUN,3.333333333
fraud,NOUN,4.333333333
freedom,NOUN,2.666666667
french,NOUN,1.333333333
frequency,NOUN,3.333333333
friend,NOUN,1
friendship,NOUN,1.666666667
front,NOUN,2
fruit,NOUN,1
fruition,NOUN,5
frustration,NOUN,4
fuel,NOUN,2
fullness,NOUN,4
fun,NOUN,1
function,NOUN,3.333333333
fund,NOUN,3.333333333
fundamentalist,NOUN,4.333333333
funding,NOUN,4
funeral,NOUN,2.333333333
funnel,NOUN,3.333333333
furnace,NOUN,4
furniture,NOUN,1.333333333
future,NOUN,2
gain,NOUN,2.333333333
gait,NOUN,4.666666667
gallery,NOUN,2.333333333
gallon,NOUN,2.333333333
gambit,NOUN,5
game,NOUN,1.666666667
gang,NOUN,3.333333333
gap,NOUN,3.333333333
garage,NOUN,1.666666667
garden,NOUN,1.333333333
garland,NOUN,3.666666667
gas,NOUN,1
gate,NOUN,1.666666667
gaze,NOUN,4.666666667
gce,NOUN,NA
gear,NOUN,3.666666667
gearbox,NOUN,4
Gen,NOUN,4
gender,NOUN,2.666666667
gene,NOUN,4.333333333
General,NOUN,2.333333333
generation,NOUN,2.666666667
gentleman,NOUN,2
gentleness,NOUN,3
geography,NOUN,2
geologist,NOUN,3
german,NOUN,1
gesture,NOUN,3.666666667
ghost,NOUN,2.333333333
giant,NOUN,2.666666667
gift,NOUN,1.333333333
girl,NOUN,1
girlfriend,NOUN,2
glance,NOUN,4.333333333
glass,NOUN,1.333333333
glory,NOUN,4
gloss,NOUN,4
glove,NOUN,1.666666667
go,NOUN,1
goal,NOUN,2.666666667
god,NOUN,1.333333333
gold,NOUN,1
golf,NOUN,2.333333333
good,NOUN,1
goodness,NOUN,1.666666667
goods,NOUN,2.333333333
government,NOUN,1.666666667
Governor,NOUN,3
gp,NOUN,5
grace,NOUN,4
grade,NOUN,1.666666667
graduate,NOUN,3
grain,NOUN,3.333333333
grammar,NOUN,1
grandfather,NOUN,1
Grandma,NOUN,1.333333333
grandmother,NOUN,1
grandson,NOUN,1.333333333
grant,NOUN,4.333333333
graphics,NOUN,2.666666667
grass,NOUN,3.333333333
grassland,NOUN,3.5
grave,NOUN,2.333333333
gray,NOUN,1
greek,NOUN,5
green,NOUN,1
greeting,NOUN,2.333333333
grid,NOUN,4
grief,NOUN,3.666666667
grille,NOUN,4.333333333
grip,NOUN,3.666666667
ground,NOUN,3
group,NOUN,2
growl,NOUN,4.333333333
growth,NOUN,2.333333333
guarantee,NOUN,4
guard,NOUN,2.333333333
guardian,NOUN,3.333333333
guest,NOUN,2.333333333
guidance,NOUN,3.666666667
guide,NOUN,1.666666667
guidebook,NOUN,2.333333333
guideline,NOUN,3.666666667
guilt,NOUN,2.666666667
guitar,NOUN,1
gun,NOUN,2.333333333
guy,NOUN,1.333333333
habit,NOUN,2
habitat,NOUN,3.333333333
hair,NOUN,1
half,NOUN,1.666666667
hall,NOUN,3
hallmark,NOUN,4.333333333
hallucination,NOUN,4
hamstring,NOUN,4.333333333
hand,NOUN,1.333333333
handbook,NOUN,1.666666667
handful,NOUN,3
handicap,NOUN,2.666666667
handle,NOUN,2.666666667
handling,NOUN,3.333333333
happiness,NOUN,1.666666667
harbour,NOUN,3.333333333
hardware,NOUN,3.333333333
harm,NOUN,2.666666667
hat,NOUN,1
hatch,NOUN,3
hawk,NOUN,3.666666667
hazard,NOUN,3.666666667
head,NOUN,1
heading,NOUN,4
headline,NOUN,2.333333333
headmaster,NOUN,3.333333333
headquarters,NOUN,3.666666667
health,NOUN,1.666666667
hearing,NOUN,2
heart,NOUN,1.666666667
heat,NOUN,2.333333333
heating,NOUN,1.666666667
heaven,NOUN,3
heavyweight,NOUN,3
hedge,NOUN,3.666666667
heel,NOUN,2.666666667
heifer,NOUN,5
height,NOUN,2
helicopter,NOUN,2
hell,NOUN,1.666666667
helm,NOUN,4.333333333
help,NOUN,1
helplessness,NOUN,3
hepatitis,NOUN,3.666666667
herbarium,NOUN,5.333333333
heritage,NOUN,4.666666667
hermit,NOUN,5
hero,NOUN,2
herring,NOUN,5
hierarchy,NOUN,5.333333333
high,NOUN,1.333333333
highway,NOUN,2.333333333
Hill,NOUN,1.333333333
hillside,NOUN,2.666666667
hint,NOUN,3.333333333
hip,NOUN,4
historian,NOUN,3
history,NOUN,2.333333333
hit,NOUN,2.333333333
hold,NOUN,2
holder,NOUN,2.666666667
holding,NOUN,3
hole,NOUN,2
holiday,NOUN,1
holidaymaker,NOUN,2.666666667
Home,NOUN,1
honour,NOUN,3.333333333
hook,NOUN,3.666666667
hope,NOUN,2
horizon,NOUN,3.666666667
horn,NOUN,3.333333333
horror,NOUN,1.666666667
horse,NOUN,1
hospital,NOUN,1
host,NOUN,2.666666667
hostel,NOUN,2.333333333
hostess,NOUN,1.333333333
hostility,NOUN,4
hotel,NOUN,1
hour,NOUN,1
house,NOUN,1
household,NOUN,3.333333333
housing,NOUN,2.333333333
human,NOUN,1.666666667
humour,NOUN,2.666666667
hundred,NOUN,1.333333333
hunting,NOUN,3
husband,NOUN,1.333333333
hut,NOUN,2.666666667
hypothesis,NOUN,5
ice,NOUN,1.333333333
id,NOUN,6
idea,NOUN,2
ideal,NOUN,2
identification,NOUN,3
identity,NOUN,2.333333333
ideology,NOUN,4.333333333
illness,NOUN,1.666666667
illustration,NOUN,3
image,NOUN,3.333333333
imagination,NOUN,3
immediacy,NOUN,3.666666667
impact,NOUN,3.333333333
impatience,NOUN,3.333333333
implementation,NOUN,4.666666667
implication,NOUN,4
import,NOUN,3
importance,NOUN,2
imposition,NOUN,4.333333333
impression,NOUN,3.333333333
imprisonment,NOUN,4.333333333
improvement,NOUN,3
improvisation,NOUN,4
incarnation,NOUN,4.666666667
incentive,NOUN,4.333333333
inception,NOUN,4
inch,NOUN,2
incidence,NOUN,3.333333333
incident,NOUN,3.666666667
income,NOUN,2.666666667
increase,NOUN,3
independence,NOUN,3
index,NOUN,3.333333333
indication,NOUN,4
indicator,NOUN,5
individual,NOUN,3
inductance,NOUN,6
industry,NOUN,3
inequality,NOUN,4.333333333
infant,NOUN,3
infection,NOUN,2.666666667
inflation,NOUN,3.666666667
influence,NOUN,2.666666667
information,NOUN,2.333333333
ingredient,NOUN,3
inhabitant,NOUN,4.333333333
initiative,NOUN,4.333333333
injury,NOUN,2.333333333
inn,NOUN,2
innovation,NOUN,3.333333333
input,NOUN,4.333333333
inquiry,NOUN,4
insect,NOUN,2.666666667
inside,NOUN,2.333333333
insider,NOUN,4.333333333
insight,NOUN,3.333333333
inspection,NOUN,4.666666667
Inspector,NOUN,2.666666667
installation,NOUN,4.333333333
instance,NOUN,3.666666667
instinct,NOUN,3.333333333
institute,NOUN,2.666666667
institution,NOUN,4.333333333
instruction,NOUN,2
instrument,NOUN,1.333333333
insurance,NOUN,3.333333333
integration,NOUN,4.333333333
integrity,NOUN,5
intelligence,NOUN,2.666666667
intensity,NOUN,4.666666667
intention,NOUN,4
interaction,NOUN,3
interception,NOUN,5.333333333
intercourse,NOUN,4.666666667
interest,NOUN,2
interface,NOUN,4
interim,NOUN,5.5
interior,NOUN,3.333333333
interpretation,NOUN,4.333333333
interval,NOUN,5
intervention,NOUN,4.333333333
interview,NOUN,2.666666667
interviewee,NOUN,3
introduction,NOUN,1.666666667
invalidity,NOUN,4.333333333
invasion,NOUN,3.666666667
investigation,NOUN,3.666666667
investment,NOUN,4
investor,NOUN,3.333333333
invitation,NOUN,2.666666667
involvement,NOUN,4
iron,NOUN,2
irrigation,NOUN,4
Island,NOUN,1.666666667
Isle,NOUN,3.333333333
isolation,NOUN,3.666666667
issue,NOUN,3.333333333
italian,NOUN,1
item,NOUN,3
jacket,NOUN,1.333333333
jaw,NOUN,2.333333333
jealousy,NOUN,2.666666667
jet,NOUN,1.333333333
jew,NOUN,3
job,NOUN,1.333333333
joke,NOUN,1.333333333
journal,NOUN,3
journalist,NOUN,2.666666667
journey,NOUN,2.333333333
joy,NOUN,2
jubilee,NOUN,3
judge,NOUN,2.666666667
judgement,NOUN,3
judgment,NOUN,3.666666667
juice,NOUN,1.333333333
junction,NOUN,2.666666667
jurisdiction,NOUN,4.666666667
jury,NOUN,3
Justice,NOUN,3
justification,NOUN,5
keeper,NOUN,3.333333333
key,NOUN,1.333333333
kg,NOUN,1
kick,NOUN,2.333333333
kid,NOUN,1.666666667
killer,NOUN,1.666666667
killing,NOUN,3
kiln,NOUN,6
kin,NOUN,5
kind,NOUN,2
King,NOUN,1.666666667
kingdom,NOUN,2.333333333
kiss,NOUN,2
kit,NOUN,2.333333333
kitchen,NOUN,1
kiwi,NOUN,1.333333333
km,NOUN,3.333333333
knee,NOUN,1.666666667
knife,NOUN,1.333333333
knowledge,NOUN,3
kurd,NOUN,4.5
label,NOUN,2.666666667
laboratory,NOUN,2
labour,NOUN,2.666666667
lack,NOUN,3.666666667
lad,NOUN,4.666666667
ladder,NOUN,2
lady,NOUN,1
lag,NOUN,4
lager,NOUN,5
lagoon,NOUN,3
Lake,NOUN,1.333333333
lamb,NOUN,1.666666667
lamp,NOUN,1
land,NOUN,2.666666667
landing,NOUN,4
landlord,NOUN,2.666666667
landowner,NOUN,3.333333333
landscape,NOUN,3
Lane,NOUN,NA
language,NOUN,1
lap,NOUN,2
laparotomy,NOUN,6
laugh,NOUN,1.666666667
laughter,NOUN,1.333333333
launch,NOUN,2.666666667
lavatory,NOUN,1.666666667
law,NOUN,1.333333333
lawyer,NOUN,1.333333333
layer,NOUN,2
lead,NOUN,3.333333333
Leader,NOUN,2.666666667
leadership,NOUN,4
leaf,NOUN,2
leaflet,NOUN,3.333333333
league,NOUN,3.333333333
learning,NOUN,1
lease,NOUN,2.666666667
leather,NOUN,2.666666667
leave,NOUN,2
lecture,NOUN,3
ledger,NOUN,4.666666667
left,NOUN,1.666666667
leg,NOUN,1
legend,NOUN,3
legislation,NOUN,4
leisure,NOUN,2.333333333
length,NOUN,3
lense,NOUN,3.5
lesson,NOUN,1
letter,NOUN,1.666666667
level,NOUN,1.666666667
leverage,NOUN,5.333333333
levy,NOUN,5.333333333
lexicon,NOUN,4.666666667
liability,NOUN,4.666666667
liberation,NOUN,3.333333333
liberty,NOUN,3.333333333
library,NOUN,1.333333333
licence,NOUN,2.333333333
lie,NOUN,1.666666667
life,NOUN,1.333333333
lifespan,NOUN,3
lifetime,NOUN,1.333333333
lift,NOUN,2.666666667
lifting,NOUN,3.666666667
light,NOUN,1.333333333
lighting,NOUN,2.666666667
lightness,NOUN,3.333333333
liking,NOUN,4
limb,NOUN,3.333333333
limbo,NOUN,5
limit,NOUN,2.333333333
limitation,NOUN,4.333333333
line,NOUN,1.333333333
linen,NOUN,3.666666667
link,NOUN,2.666666667
lion,NOUN,1
lip,NOUN,1.666666667
liquid,NOUN,2.333333333
list,NOUN,1.666666667
literature,NOUN,3
little,NOUN,1
liver,NOUN,3.666666667
living,NOUN,1.333333333
load,NOUN,2.666666667
loaf,NOUN,1.333333333
loan,NOUN,3.666666667
local,NOUN,2.666666667
location,NOUN,2.333333333
Loch,NOUN,5.5
lock,NOUN,3
locomotive,NOUN,4.666666667
log,NOUN,3.666666667
logic,NOUN,3
longing,NOUN,4.333333333
look,NOUN,1.333333333
Lord,NOUN,3.5
lordship,NOUN,4.333333333
lore,NOUN,5
lorry,NOUN,2
loss,NOUN,3.666666667
lot,NOUN,1.666666667
loudspeaker,NOUN,3
lounge,NOUN,3.666666667
love,NOUN,1
lover,NOUN,1.333333333
loyalty,NOUN,4.333333333
luck,NOUN,1.666666667
lullaby,NOUN,2.666666667
lumen,NOUN,5.5
lump,NOUN,2.666666667
lunch,NOUN,1.333333333
lung,NOUN,2.666666667
lysis,NOUN,6
m,NOUN,NA
machine,NOUN,2
machinery,NOUN,3.333333333
magazine,NOUN,1.333333333
magic,NOUN,1.666666667
magistrate,NOUN,5.333333333
mail,NOUN,1.666666667
maintenance,NOUN,4.333333333
majority,NOUN,3.333333333
maker,NOUN,1.333333333
makeup,NOUN,1.666666667
male,NOUN,1.666666667
malfunction,NOUN,5.333333333
malt,NOUN,4
man,NOUN,1
management,NOUN,3
manager,NOUN,1.333333333
mane,NOUN,4.333333333
mangle,NOUN,5.333333333
manner,NOUN,3.666666667
manor,NOUN,4.333333333
manual,NOUN,2.666666667
manufacturer,NOUN,2.333333333
manufacturing,NOUN,3.333333333
manuscript,NOUN,4.333333333
map,NOUN,2.333333333
marble,NOUN,4.333333333
mare,NOUN,3.5
margin,NOUN,3.333333333
mark,NOUN,2.333333333
market,NOUN,1.333333333
marketing,NOUN,3.333333333
marquess,NOUN,4.666666667
marriage,NOUN,2.666666667
Marshal,NOUN,6
mask,NOUN,2
mass,NOUN,3.333333333
mast,NOUN,4
Master,NOUN,3
match,NOUN,2
mate,NOUN,3.333333333
material,NOUN,2.666666667
materialism,NOUN,4.333333333
mathematics,NOUN,1.666666667
matrix,NOUN,4.666666667
matter,NOUN,2.666666667
maturity,NOUN,4.333333333
maximum,NOUN,1.666666667
Mayor,NOUN,2.333333333
meal,NOUN,2
meaning,NOUN,2
means,NOUN,2
measure,NOUN,4
measurement,NOUN,3.333333333
meat,NOUN,1.333333333
mechanism,NOUN,4.333333333
medal,NOUN,2.333333333
medallist,NOUN,3
medicine,NOUN,2.333333333
medium,NOUN,1.666666667
meeting,NOUN,2
member,NOUN,2.333333333
membership,NOUN,2.333333333
memorabilia,NOUN,5.666666667
memorial,NOUN,3.666666667
memory,NOUN,3.333333333
mention,NOUN,1.666666667
menu,NOUN,1.333333333
merchant,NOUN,3
merger,NOUN,5
meridian,NOUN,4.333333333
merit,NOUN,4.666666667
mess,NOUN,1
message,NOUN,3
messiah,NOUN,5
metal,NOUN,2.333333333
method,NOUN,2.333333333
methyl,NOUN,5.666666667
metre,NOUN,2.333333333
mexican,NOUN,1.333333333
microcosm,NOUN,4.333333333
microprocessor,NOUN,3.333333333
microscope,NOUN,2.666666667
middle,NOUN,1
midnight,NOUN,1.666666667
mile,NOUN,2.333333333
milk,NOUN,1.333333333
mill,NOUN,3.333333333
miller,NOUN,4
million,NOUN,1
millionaire,NOUN,2
min,NOUN,3
mind,NOUN,2.666666667
mine,NOUN,1.333333333
miner,NOUN,3
mineral,NOUN,2.666666667
minimum,NOUN,2.666666667
mining,NOUN,2.666666667
minister,NOUN,3
ministry,NOUN,4
minority,NOUN,2.333333333
minute,NOUN,2
mips,NOUN,6
miracle,NOUN,2.666666667
mirror,NOUN,1.666666667
misery,NOUN,3.333333333
Miss,NOUN,1.5
missile,NOUN,3.333333333
mission,NOUN,2.666666667
mistake,NOUN,1.333333333
mix,NOUN,1.666666667
mixture,NOUN,2
mm,NOUN,NA
mobility,NOUN,4.333333333
mode,NOUN,3.333333333
model,NOUN,2
moderation,NOUN,4.333333333
modification,NOUN,4.333333333
module,NOUN,3
molecule,NOUN,4
moment,NOUN,2
monarchy,NOUN,3.666666667
money,NOUN,1
monitoring,NOUN,4
monolayer,NOUN,5.666666667
monopoly,NOUN,4.333333333
monoxide,NOUN,4
monster,NOUN,2
month,NOUN,1
mood,NOUN,2.666666667
moon,NOUN,1
moor,NOUN,4.333333333
moralist,NOUN,5.333333333
morning,NOUN,1
moron,NOUN,3.333333333
mortality,NOUN,4
mortgage,NOUN,4
motel,NOUN,2.333333333
Mother,NOUN,1
motion,NOUN,3
motivation,NOUN,3
motive,NOUN,3
motor,NOUN,2.333333333
motto,NOUN,4
Mountain,NOUN,1.333333333
mountaineering,NOUN,3.666666667
mouse,NOUN,1.666666667
mouth,NOUN,1
move,NOUN,2.333333333
movement,NOUN,2.666666667
movie,NOUN,1.333333333
MP,NOUN,5
MR,NOUN,2
mrs,NOUN,1
MS,NOUN,6
muck,NOUN,4.666666667
mucous,NOUN,4.333333333
mud,NOUN,2.333333333
mum,NOUN,1
mummy,NOUN,2.333333333
murder,NOUN,2.333333333
muscle,NOUN,2.333333333
museum,NOUN,1.333333333
music,NOUN,1
musician,NOUN,1
mystery,NOUN,2.666666667
myth,NOUN,3.333333333
nail,NOUN,2
name,NOUN,1
nape,NOUN,6
nation,NOUN,1.666666667
nationalist,NOUN,3.333333333
nature,NOUN,1.666666667
navigation,NOUN,4
navigator,NOUN,3.333333333
navy,NOUN,3
necessity,NOUN,3.666666667
neck,NOUN,2
need,NOUN,2.333333333
needle,NOUN,3.666666667
negotiation,NOUN,4.666666667
negro,NOUN,3.333333333
neighbour,NOUN,1.666666667
neighbourhood,NOUN,1.333333333
nerve,NOUN,4.333333333
nest,NOUN,4
net,NOUN,3
network,NOUN,2.333333333
networking,NOUN,4
news,NOUN,1.333333333
newspaper,NOUN,1.333333333
niece,NOUN,1.333333333
night,NOUN,1
nightmare,NOUN,2.666666667
no,NOUN,1
node,NOUN,5
noise,NOUN,1.666666667
none,NOUN,2.333333333
nonsense,NOUN,3.333333333
norm,NOUN,4.333333333
north,NOUN,2.333333333
nose,NOUN,1
note,NOUN,2.333333333
notice,NOUN,3.333333333
notion,NOUN,3.333333333
novel,NOUN,2
number,NOUN,1
nurse,NOUN,1
nursery,NOUN,3.666666667
nursing,NOUN,2.666666667
nut,NOUN,2.333333333
oak,NOUN,3.333333333
object,NOUN,1.666666667
objection,NOUN,4.333333333
objective,NOUN,3.333333333
obligation,NOUN,3.666666667
observation,NOUN,2.666666667
observer,NOUN,4
occasion,NOUN,3
occupation,NOUN,2.333333333
Ocean,NOUN,1.5
odds,NOUN,4.333333333
odour,NOUN,3.333333333
offence,NOUN,3.666666667
offender,NOUN,4.333333333
offer,NOUN,2.333333333
office,NOUN,2
Officer,NOUN,2
official,NOUN,3
oil,NOUN,2
olympic,NOUN,3
omen,NOUN,4.666666667
one,NOUN,1
onto,NOUN,3
opening,NOUN,2.333333333
opera,NOUN,2
operating,NOUN,4
operation,NOUN,2
operator,NOUN,2.666666667
opinion,NOUN,1.666666667
opponent,NOUN,3.666666667
opportunity,NOUN,2.333333333
opposition,NOUN,4
option,NOUN,3
orange,NOUN,1
orchard,NOUN,4
orchestra,NOUN,3.666666667
order,NOUN,2.333333333
organ,NOUN,2
organisation,NOUN,3.666666667
organiser,NOUN,3
organism,NOUN,3.333333333
organization,NOUN,2
orgasm,NOUN,4.333333333
orgy,NOUN,5
origin,NOUN,3.333333333
other,NOUN,1.666666667
ounce,NOUN,3.666666667
outcome,NOUN,3.666666667
outline,NOUN,2.666666667
output,NOUN,3.333333333
outside,NOUN,1.333333333
oven,NOUN,1
oversight,NOUN,4.333333333
owl,NOUN,2
owner,NOUN,2.333333333
ownership,NOUN,4.333333333
oxygen,NOUN,2.666666667
p,NOUN,NA
pace,NOUN,4
pack,NOUN,3.666666667
package,NOUN,2.666666667
packet,NOUN,2.333333333
page,NOUN,1
pain,NOUN,1.666666667
paint,NOUN,1.666666667
painter,NOUN,1.333333333
painting,NOUN,1.666666667
pair,NOUN,2.333333333
palace,NOUN,2.333333333
pallet,NOUN,3
palm,NOUN,3.333333333
pan,NOUN,1.666666667
panel,NOUN,3.666666667
panic,NOUN,2
paper,NOUN,1
parade,NOUN,3.666666667
paragraph,NOUN,2
parameter,NOUN,5.333333333
pardon,NOUN,2.333333333
parent,NOUN,1
parish,NOUN,4
park,NOUN,1
parking,NOUN,2.333333333
parliament,NOUN,3
parole,NOUN,4.333333333
part,NOUN,1.333333333
participant,NOUN,3.333333333
participation,NOUN,3.666666667
particle,NOUN,4
partner,NOUN,1.666666667
partnership,NOUN,3.333333333
party,NOUN,1
pass,NOUN,1
passage,NOUN,3.333333333
passenger,NOUN,1.666666667
passion,NOUN,3
past,NOUN,1
patch,NOUN,4
path,NOUN,2
patient,NOUN,2.666666667
patriot,NOUN,4
pattern,NOUN,3.333333333
pause,NOUN,2.666666667
pavement,NOUN,2
pay,NOUN,2
payment,NOUN,3.666666667
pc,NOUN,1
peace,NOUN,2.666666667
peak,NOUN,3.666666667
pear,NOUN,1.666666667
peasant,NOUN,2.333333333
peerage,NOUN,4.333333333
peg,NOUN,4.5
pen,NOUN,1
penalty,NOUN,3.666666667
penis,NOUN,2.333333333
penny,NOUN,2
pension,NOUN,3
pensioner,NOUN,4
people,NOUN,1
percent,NOUN,2
percentage,NOUN,4.333333333
perception,NOUN,3.666666667
performance,NOUN,2.666666667
period,NOUN,1.666666667
perm,NOUN,4.333333333
permission,NOUN,2.333333333
persian,NOUN,1.666666667
person,NOUN,1
personality,NOUN,2.333333333
personnel,NOUN,3.666666667
perspective,NOUN,4
pessimism,NOUN,3.666666667
pet,NOUN,2.333333333
petition,NOUN,4
petrol,NOUN,1.333333333
ph,NOUN,5
pharmaceutical,NOUN,4.666666667
phase,NOUN,3.333333333
phenomenon,NOUN,4.333333333
philosophy,NOUN,3.333333333
phone,NOUN,1
phoneme,NOUN,4.666666667
photo,NOUN,1.666666667
photocopier,NOUN,2.333333333
photograph,NOUN,1.333333333
photographer,NOUN,1
phrase,NOUN,3.333333333
physicist,NOUN,3.333333333
physics,NOUN,1.666666667
piano,NOUN,1
picture,NOUN,1
pie,NOUN,1
piece,NOUN,2.666666667
pig,NOUN,1
pile,NOUN,3
pill,NOUN,2
pilot,NOUN,1.666666667
pink,NOUN,1
pint,NOUN,4
pipe,NOUN,2
pit,NOUN,5
pitch,NOUN,3.666666667
pity,NOUN,3
pixel,NOUN,4
Place,NOUN,1.333333333
plain,NOUN,3.666666667
plaintiff,NOUN,5
plan,NOUN,1.333333333
plane,NOUN,1.666666667
planet,NOUN,1.666666667
planning,NOUN,3.333333333
plant,NOUN,2
planter,NOUN,4
planting,NOUN,2.666666667
plastic,NOUN,2.333333333
plate,NOUN,1.666666667
platform,NOUN,3.333333333
play,NOUN,1
player,NOUN,2.333333333
plc,NOUN,5
plea,NOUN,3.666666667
pleasure,NOUN,3
plot,NOUN,3.666666667
ploy,NOUN,5
pocket,NOUN,1
poem,NOUN,2.333333333
poet,NOUN,2.666666667
poetry,NOUN,3.333333333
point,NOUN,3.333333333
pole,NOUN,3.333333333
polemic,NOUN,5.666666667
police,NOUN,1
policeman,NOUN,1.333333333
policy,NOUN,3.333333333
politician,NOUN,1.666666667
politics,NOUN,2
poll,NOUN,4.666666667
polling,NOUN,3
pollution,NOUN,2.333333333
polytechnic,NOUN,4
polythene,NOUN,5.666666667
pond,NOUN,3
pool,NOUN,1.333333333
pop,NOUN,1.666666667
Pope,NOUN,1.5
population,NOUN,2.666666667
port,NOUN,3
portfolio,NOUN,4
portion,NOUN,3
portrait,NOUN,3.333333333
position,NOUN,3
possession,NOUN,2.666666667
possibility,NOUN,3.333333333
post,NOUN,2
poster,NOUN,3
posterity,NOUN,5.666666667
pot,NOUN,3.333333333
potash,NOUN,6
potato,NOUN,1
potential,NOUN,2.666666667
potentiality,NOUN,5
pound,NOUN,3
poverty,NOUN,3.333333333
powder,NOUN,3
power,NOUN,2.333333333
pp,NOUN,5
practice,NOUN,2.333333333
practitioner,NOUN,4
prayer,NOUN,2
predecessor,NOUN,5.5
prediction,NOUN,3.333333333
preference,NOUN,3
pregnancy,NOUN,2.666666667
prejudice,NOUN,3.333333333
premise,NOUN,4
premium,NOUN,4.333333333
preoccupation,NOUN,5.333333333
preparation,NOUN,3.333333333
prescription,NOUN,4.333333333
presence,NOUN,4
present,NOUN,2.333333333
presentation,NOUN,2.666666667
President,NOUN,1.333333333
press,NOUN,2.333333333
pressure,NOUN,3.333333333
prevention,NOUN,4
prey,NOUN,2.666666667
price,NOUN,2.333333333
pride,NOUN,3.333333333
priest,NOUN,2.333333333
primary,NOUN,1.666666667
Prince,NOUN,2
Princess,NOUN,1
principle,NOUN,3.666666667
print,NOUN,1.666666667
printer,NOUN,1.333333333
priority,NOUN,3.666666667
prison,NOUN,2.333333333
prisoner,NOUN,3.333333333
privilege,NOUN,4
prize,NOUN,2.333333333
probability,NOUN,3.666666667
problem,NOUN,1.333333333
procedure,NOUN,2
proceeding,NOUN,4.333333333
process,NOUN,2.666666667
processing,NOUN,3.666666667
processor,NOUN,4
producer,NOUN,3
product,NOUN,2.666666667
production,NOUN,3
productivity,NOUN,3.333333333
profession,NOUN,2
professional,NOUN,2.666666667
Professor,NOUN,1.666666667
profile,NOUN,2.333333333
profit,NOUN,3
progeny,NOUN,5.333333333
program,NOUN,1.333333333
programme,NOUN,2
progress,NOUN,2.333333333
project,NOUN,2.333333333
promise,NOUN,2
promotion,NOUN,3.333333333
prompting,NOUN,3.333333333
proof,NOUN,3
property,NOUN,3.333333333
proportion,NOUN,4
proposal,NOUN,3.666666667
proposition,NOUN,4.666666667
prosecution,NOUN,4.666666667
prospect,NOUN,3.333333333
prostacyclin,NOUN,5.666666667
protection,NOUN,3.333333333
protectionism,NOUN,4.666666667
protein,NOUN,3.666666667
protest,NOUN,2.333333333
province,NOUN,4
provision,NOUN,4
psychologist,NOUN,2
psychology,NOUN,2
pub,NOUN,3.333333333
public,NOUN,1.666666667
publication,NOUN,2.666666667
publicity,NOUN,4.666666667
publisher,NOUN,2
publishing,NOUN,3.333333333
pulse,NOUN,3.333333333
pump,NOUN,4
punishment,NOUN,3
pupil,NOUN,1.333333333
purchase,NOUN,3
purchaser,NOUN,3.333333333
purpose,NOUN,3
pursuit,NOUN,5
qualification,NOUN,3.666666667
quality,NOUN,2.666666667
quantity,NOUN,2.666666667
quarter,NOUN,2.666666667
Queen,NOUN,1.333333333
quest,NOUN,4
question,NOUN,1
questioning,NOUN,2.666666667
questionnaire,NOUN,3.666666667
quid,NOUN,4.666666667
rabbit,NOUN,1.333333333
race,NOUN,2
radiation,NOUN,3.333333333
radio,NOUN,1.333333333
raid,NOUN,4.333333333
rail,NOUN,2.666666667
railway,NOUN,1.333333333
rain,NOUN,1
rainwater,NOUN,2
rally,NOUN,2.666666667
range,NOUN,3.333333333
rank,NOUN,4.333333333
rape,NOUN,3.333333333
rapidity,NOUN,3.666666667
rat,NOUN,1.666666667
rate,NOUN,3
rating,NOUN,3.333333333
ratio,NOUN,4.333333333
rationalization,NOUN,5
rationing,NOUN,5.5
reach,NOUN,2.666666667
reaction,NOUN,3
reactivity,NOUN,4
reader,NOUN,2.666666667
readership,NOUN,3.333333333
reading,NOUN,1
reality,NOUN,3.666666667
realm,NOUN,5.666666667
Rear,NOUN,4
rearrangement,NOUN,4
reason,NOUN,2.666666667
rebel,NOUN,3.333333333
rebound,NOUN,4.333333333
receipt,NOUN,2
receiver,NOUN,2.666666667
reception,NOUN,3.333333333
recession,NOUN,5
recipe,NOUN,2.666666667
recklessness,NOUN,3.666666667
recognition,NOUN,3.666666667
recollection,NOUN,3.666666667
recommendation,NOUN,2
record,NOUN,2
recording,NOUN,2.666666667
recovery,NOUN,3
recruitment,NOUN,3.666666667
rectory,NOUN,5
red,NOUN,1
reduction,NOUN,4.333333333
redundancy,NOUN,4.333333333
ref,NOUN,3.5
reference,NOUN,3.333333333
referendum,NOUN,4
reflection,NOUN,3
reflector,NOUN,4.333333333
reflux,NOUN,4.666666667
reform,NOUN,3.666666667
refugee,NOUN,3.666666667
refusal,NOUN,3.333333333
refutation,NOUN,4.333333333
regard,NOUN,4.333333333
regime,NOUN,3.666666667
regiment,NOUN,3.333333333
region,NOUN,2.666666667
register,NOUN,2.666666667
registrar,NOUN,4.666666667
registration,NOUN,3.333333333
regulation,NOUN,4.333333333
reign,NOUN,4
reinstatement,NOUN,5.333333333
rejection,NOUN,4
relation,NOUN,3
relationship,NOUN,2.666666667
relative,NOUN,2
release,NOUN,3.333333333
relevance,NOUN,3.666666667
relief,NOUN,4.333333333
religion,NOUN,2
remainder,NOUN,4
remains,NOUN,3.666666667
remark,NOUN,3.666666667
remedy,NOUN,3.333333333
removal,NOUN,3.333333333
rent,NOUN,2
Rep,NOUN,1.5
repair,NOUN,3
replacement,NOUN,4
reply,NOUN,2.333333333
report,NOUN,2.333333333
reporter,NOUN,2
representation,NOUN,4.333333333
representative,NOUN,2.666666667
republic,NOUN,2.666666667
republican,NOUN,4.333333333
repurchase,NOUN,4.666666667
reputation,NOUN,3.666666667
request,NOUN,3
requirement,NOUN,3.666666667
rescue,NOUN,2.666666667
research,NOUN,2.666666667
researcher,NOUN,2.666666667
resection,NOUN,4
reservation,NOUN,3
reserve,NOUN,4
residence,NOUN,3.666666667
resident,NOUN,2.333333333
resignation,NOUN,4
resistance,NOUN,4
resistor,NOUN,3.666666667
resolution,NOUN,4
resort,NOUN,3.666666667
resource,NOUN,3.666666667
respect,NOUN,2.666666667
respondent,NOUN,3.666666667
response,NOUN,3
responsibility,NOUN,2.666666667
rest,NOUN,1.666666667
restaurant,NOUN,1.666666667
restoration,NOUN,3
restraint,NOUN,5
restriction,NOUN,4.333333333
result,NOUN,2
retirement,NOUN,2.666666667
return,NOUN,2.666666667
revenue,NOUN,4.666666667
reverse,NOUN,3
review,NOUN,4
revolt,NOUN,3.666666667
revolution,NOUN,3.333333333
reward,NOUN,2.666666667
rhythm,NOUN,2.666666667
ribbon,NOUN,2.666666667
rice,NOUN,1.666666667
riches,NOUN,2.333333333
ride,NOUN,2.666666667
rider,NOUN,1.333333333
ridge,NOUN,4
rift,NOUN,3.666666667
right,NOUN,1
ring,NOUN,1.333333333
riot,NOUN,4
rise,NOUN,3.333333333
risk,NOUN,3
rival,NOUN,3.333333333
rivalry,NOUN,4.333333333
River,NOUN,2
riverside,NOUN,3.333333333
Road,NOUN,1.333333333
robustness,NOUN,5
rock,NOUN,1.333333333
rod,NOUN,3
role,NOUN,3.333333333
roll,NOUN,3
roman,NOUN,3
roof,NOUN,2
room,NOUN,1
root,NOUN,4.333333333
rope,NOUN,3
rose,NOUN,1.333333333
round,NOUN,2.333333333
route,NOUN,4.333333333
routine,NOUN,3
Row,NOUN,4
rubbish,NOUN,2.333333333
ruffian,NOUN,5
rugby,NOUN,1.666666667
rule,NOUN,2.666666667
ruler,NOUN,2
rumour,NOUN,3.666666667
run,NOUN,1.666666667
runner,NOUN,2.333333333
running,NOUN,2
russian,NOUN,1
safety,NOUN,2.666666667
saint,NOUN,3.333333333
sake,NOUN,3
salary,NOUN,2
sale,NOUN,2.333333333
sales,NOUN,1.666666667
salesman,NOUN,1.666666667
salesperson,NOUN,1.666666667
salt,NOUN,2
sample,NOUN,2.666666667
sanction,NOUN,5.333333333
sanctuary,NOUN,3.666666667
sand,NOUN,1.666666667
sandwich,NOUN,1
satellite,NOUN,3.333333333
satisfaction,NOUN,3.333333333
sauce,NOUN,2
saucepan,NOUN,2.333333333
saving,NOUN,3
scale,NOUN,2
scandal,NOUN,3
scapegoat,NOUN,4.666666667
scene,NOUN,3
schedule,NOUN,1.666666667
schema,NOUN,5.666666667
scheme,NOUN,4.333333333
scholar,NOUN,4
school,NOUN,1.333333333
schoolroom,NOUN,1.666666667
science,NOUN,2
scientist,NOUN,2.333333333
scope,NOUN,3
score,NOUN,2.333333333
scorn,NOUN,4.333333333
scot,NOUN,NA
scotch,NOUN,2.666666667
scotsman,NOUN,4
scourge,NOUN,5.333333333
screen,NOUN,2
scribe,NOUN,3
script,NOUN,4
sculpture,NOUN,3
sdi,NOUN,NA
Sea,NOUN,1
seal,NOUN,3.333333333
search,NOUN,2
season,NOUN,1.333333333
seat,NOUN,1
second,NOUN,1
secret,NOUN,2.333333333
secretary,NOUN,1.666666667
section,NOUN,3
sector,NOUN,2.666666667
security,NOUN,2.666666667
seed,NOUN,3
segment,NOUN,3.666666667
selection,NOUN,3.333333333
self,NOUN,2.333333333
selfishness,NOUN,3.666666667
seller,NOUN,1.666666667
seminar,NOUN,2.333333333
sensation,NOUN,4.333333333
sense,NOUN,3
sensitivity,NOUN,3.333333333
sentence,NOUN,1
separation,NOUN,3.666666667
separatism,NOUN,5
sequence,NOUN,4.666666667
serenade,NOUN,4.333333333
Sergeant,NOUN,3.333333333
series,NOUN,3
servant,NOUN,3
server,NOUN,3
service,NOUN,2.666666667
session,NOUN,3.333333333
set,NOUN,2.666666667
setting,NOUN,3.333333333
settlement,NOUN,3.666666667
sewage,NOUN,4.666666667
sex,NOUN,1
shade,NOUN,3
Shadow,NOUN,2.5
shale,NOUN,5
shame,NOUN,3.333333333
shampoo,NOUN,1.333333333
shape,NOUN,1.666666667
share,NOUN,1.333333333
shareholder,NOUN,4
sheep,NOUN,1.333333333
sheet,NOUN,2.333333333
shelf,NOUN,2.333333333
shell,NOUN,2
shelter,NOUN,3
shield,NOUN,3.666666667
shift,NOUN,3.333333333
shin,NOUN,4.666666667
ship,NOUN,2
shipment,NOUN,3.333333333
shirt,NOUN,1.333333333
shit,NOUN,2.333333333
shock,NOUN,2.666666667
shoe,NOUN,1
shop,NOUN,1.333333333
shopping,NOUN,1.333333333
shore,NOUN,2.333333333
shortage,NOUN,3.333333333
shot,NOUN,2.333333333
shoulder,NOUN,2
show,NOUN,2.333333333
showdown,NOUN,3.333333333
shower,NOUN,1.333333333
showing,NOUN,3
side,NOUN,2
siege,NOUN,4.666666667
sight,NOUN,2
sigma,NOUN,6
sign,NOUN,2.333333333
signal,NOUN,3
signature,NOUN,2.333333333
significance,NOUN,3
signifier,NOUN,4.666666667
Signor,NOUN,1
silence,NOUN,2.666666667
silk,NOUN,2.666666667
silver,NOUN,2.333333333
similarity,NOUN,3.333333333
simple,NOUN,1
simplification,NOUN,3.666666667
sin,NOUN,2.666666667
singer,NOUN,1
single,NOUN,1.333333333
sink,NOUN,2.333333333
Sir,NOUN,2
siren,NOUN,3
Sister,NOUN,1
site,NOUN,2.333333333
situation,NOUN,2.333333333
size,NOUN,1.333333333
skill,NOUN,1.666666667
skin,NOUN,2
skirt,NOUN,1.333333333
sky,NOUN,1.666666667
slalom,NOUN,3
slave,NOUN,2.666666667
sleep,NOUN,1
sleeve,NOUN,3
slice,NOUN,2.333333333
slide,NOUN,2.666666667
slope,NOUN,4.333333333
smear,NOUN,3.333333333
smell,NOUN,1
smile,NOUN,1.333333333
smoke,NOUN,1.666666667
snag,NOUN,4.666666667
snail,NOUN,3.666666667
snake,NOUN,2
snooker,NOUN,5.333333333
snow,NOUN,1
soap,NOUN,1.333333333
socialism,NOUN,4.333333333
socialization,NOUN,4.333333333
society,NOUN,2.666666667
sociology,NOUN,3.666666667
software,NOUN,2
soil,NOUN,3.333333333
soldier,NOUN,1.666666667
solicitor,NOUN,4
solution,NOUN,3.333333333
son,NOUN,1
song,NOUN,1
sort,NOUN,3
soul,NOUN,3.333333333
sound,NOUN,3
soundtrack,NOUN,3
soup,NOUN,1.333333333
source,NOUN,3.333333333
south,NOUN,1
space,NOUN,1.666666667
spark,NOUN,3.666666667
Speaker,NOUN,1
specialist,NOUN,2.666666667
species,NOUN,3.333333333
specification,NOUN,4.333333333
specimen,NOUN,4.333333333
spectrum,NOUN,4.666666667
speculation,NOUN,3.666666667
speech,NOUN,3.666666667
speed,NOUN,1.666666667
spell,NOUN,2
spending,NOUN,2
sphere,NOUN,3.666666667
spine,NOUN,4
spirit,NOUN,3.666666667
spitfire,NOUN,4.666666667
spokesman,NOUN,4.666666667
sponge,NOUN,2.333333333
sport,NOUN,1
spot,NOUN,2.666666667
spray,NOUN,2
spraying,NOUN,3.333333333
spread,NOUN,3.666666667
spring,NOUN,1
sprinter,NOUN,3.666666667
squad,NOUN,3.666666667
Squadron,NOUN,3
Square,NOUN,1.666666667
squid,NOUN,3.666666667
SR,NOUN,NA
st,NOUN,1
stab,NOUN,2.666666667
stability,NOUN,4.666666667
staff,NOUN,2.666666667
stage,NOUN,3
stairs,NOUN,1.666666667
stake,NOUN,4.333333333
stamp,NOUN,2
stance,NOUN,4.666666667
stand,NOUN,1.666666667
standard,NOUN,2.666666667
standing,NOUN,3
star,NOUN,1.333333333
start,NOUN,1
starting,NOUN,1.666666667
state,NOUN,2
statement,NOUN,3.666666667
station,NOUN,1.666666667
stationery,NOUN,3
statistic,NOUN,3.666666667
statistics,NOUN,2.666666667
status,NOUN,3.333333333
statute,NOUN,2.666666667
stay,NOUN,1.666666667
stead,NOUN,5
steam,NOUN,3.333333333
steel,NOUN,2.333333333
stench,NOUN,4.333333333
step,NOUN,2.333333333
sterling,NOUN,3.333333333
stick,NOUN,2.333333333
stillbirth,NOUN,5.333333333
stimulus,NOUN,5
stint,NOUN,4.5
stipulation,NOUN,5.666666667
stitch,NOUN,3.666666667
stock,NOUN,4
stomach,NOUN,1.666666667
stone,NOUN,1.666666667
stop,NOUN,1
storage,NOUN,3
store,NOUN,1
storm,NOUN,2.666666667
story,NOUN,1
strain,NOUN,4.333333333
straitjacket,NOUN,5
stranger,NOUN,2.333333333
stratagem,NOUN,6
strategy,NOUN,3.333333333
straw,NOUN,3
stream,NOUN,3.666666667
streamliner,NOUN,4
Street,NOUN,1
strength,NOUN,3
strengthening,NOUN,3.333333333
stress,NOUN,2.666666667
stretch,NOUN,3
strike,NOUN,3.333333333
striker,NOUN,4.666666667
string,NOUN,4.666666667
strip,NOUN,5
stroke,NOUN,3
structure,NOUN,2.666666667
struggle,NOUN,2.666666667
student,NOUN,1
studio,NOUN,2.333333333
study,NOUN,1
stuff,NOUN,2.666666667
style,NOUN,2
subject,NOUN,2
submission,NOUN,5
subsidiary,NOUN,5.333333333
subsidy,NOUN,5
substance,NOUN,4
success,NOUN,1.666666667
succession,NOUN,5
successor,NOUN,4
sugar,NOUN,1
suggestion,NOUN,3
suicide,NOUN,3.666666667
suit,NOUN,2.333333333
suite,NOUN,2.5
suitor,NOUN,4.333333333
sum,NOUN,3.333333333
summary,NOUN,3
summer,NOUN,1
summit,NOUN,5
summons,NOUN,5.666666667
sun,NOUN,1
sunglass,NOUN,2.333333333
sunshine,NOUN,2
supercomputer,NOUN,3.666666667
supermarket,NOUN,2
supervision,NOUN,4
supper,NOUN,2
supplement,NOUN,4
supplier,NOUN,3.666666667
supply,NOUN,3.333333333
support,NOUN,2.666666667
supporter,NOUN,2.666666667
SUPT,NOUN,NA
surety,NOUN,4
surf,NOUN,2
surface,NOUN,3.333333333
surgeon,NOUN,2
surgery,NOUN,2.666666667
surprise,NOUN,2.333333333
survey,NOUN,3.666666667
survival,NOUN,2.666666667
suspense,NOUN,3.666666667
suspension,NOUN,5
suspicion,NOUN,4.333333333
suture,NOUN,4
swathe,NOUN,5.666666667
swimming,NOUN,1
swing,NOUN,3.666666667
switch,NOUN,2.666666667
sword,NOUN,3
symbol,NOUN,1.333333333
symmetry,NOUN,3.333333333
sympathy,NOUN,4
symptom,NOUN,3.333333333
synod,NOUN,NA
syringe,NOUN,4
system,NOUN,2
table,NOUN,2
tactic,NOUN,3.666666667
tag,NOUN,1.666666667
tail,NOUN,2.666666667
takeover,NOUN,4
tale,NOUN,2.666666667
talent,NOUN,2.666666667
talk,NOUN,1
tank,NOUN,3
tap,NOUN,2.333333333
tape,NOUN,1.333333333
target,NOUN,2.666666667
task,NOUN,2.333333333
taste,NOUN,1.666666667
tax,NOUN,2.666666667
taxation,NOUN,4.333333333
taxi,NOUN,1.333333333
tea,NOUN,1
teacher,NOUN,1
teaching,NOUN,1
team,NOUN,2
tear,NOUN,3
technique,NOUN,3
technology,NOUN,2.333333333
tedium,NOUN,5
tee,NOUN,5
teenager,NOUN,1.333333333
telecommunication,NOUN,2.666666667
telephone,NOUN,1
television,NOUN,1
temerity,NOUN,6
temper,NOUN,3.333333333
temperance,NOUN,4.333333333
temperature,NOUN,2.666666667
temple,NOUN,2
tenant,NOUN,4.333333333
tendency,NOUN,3.666666667
tennis,NOUN,1
tension,NOUN,3.666666667
tent,NOUN,2.333333333
term,NOUN,2.333333333
terminal,NOUN,3.666666667
Terrace,NOUN,3.5
territory,NOUN,4.333333333
terror,NOUN,3.333333333
terrorist,NOUN,3
test,NOUN,2.333333333
testing,NOUN,2.666666667
text,NOUN,3.333333333
thanks,NOUN,1
the,NOUN,1
theatre,NOUN,1.666666667
theft,NOUN,3.333333333
theme,NOUN,2.666666667
theory,NOUN,3.333333333
therapy,NOUN,3
thesis,NOUN,3
thief,NOUN,2.666666667
thigh,NOUN,1.333333333
thing,NOUN,1
thinking,NOUN,1.666666667
thought,NOUN,2.333333333
thousand,NOUN,1.333333333
threat,NOUN,3.333333333
throat,NOUN,3
thrombolysis,NOUN,5.5
ticket,NOUN,1.666666667
tide,NOUN,3.666666667
tie,NOUN,2.333333333
tile,NOUN,3.666666667
timber,NOUN,2.666666667
time,NOUN,1
timing,NOUN,4
tin,NOUN,2
tip,NOUN,3.333333333
tissue,NOUN,3.333333333
title,NOUN,1.333333333
toast,NOUN,1
tobacco,NOUN,1.666666667
toe,NOUN,2
toilet,NOUN,1
tomato,NOUN,1
ton,NOUN,3
tone,NOUN,2.666666667
tongue,NOUN,1.666666667
tonne,NOUN,4.5
tool,NOUN,3.333333333
tooth,NOUN,1.333333333
top,NOUN,1
topic,NOUN,2.333333333
topology,NOUN,5.5
torsion,NOUN,5.333333333
tory,NOUN,4
toss,NOUN,4.333333333
total,NOUN,2
touch,NOUN,2
tour,NOUN,1.333333333
tourism,NOUN,2
tourist,NOUN,1.333333333
tournament,NOUN,2.666666667
tow,NOUN,4
tower,NOUN,2.333333333
Town,NOUN,1.5
toy,NOUN,1.333333333
trace,NOUN,4
track,NOUN,2
trade,NOUN,3.333333333
trader,NOUN,2.666666667
trading,NOUN,4
tradition,NOUN,2.666666667
traffic,NOUN,1.333333333
tragedy,NOUN,3.666666667
trail,NOUN,2
train,NOUN,1
trainer,NOUN,1.666666667
training,NOUN,2.666666667
traitor,NOUN,4
tranquillity,NOUN,3.333333333
transaction,NOUN,5
transfer,NOUN,3
transformation,NOUN,4
transition,NOUN,3.666666667
translation,NOUN,2.666666667
transmission,NOUN,4.333333333
transport,NOUN,1.333333333
trap,NOUN,3
travel,NOUN,2
traveller,NOUN,2.666666667
tray,NOUN,1.333333333
treasury,NOUN,4.333333333
treatment,NOUN,3.666666667
treaty,NOUN,4
tree,NOUN,1
trend,NOUN,3
trial,NOUN,3.666666667
tribunal,NOUN,4.666666667
tribute,NOUN,3.333333333
trick,NOUN,3.666666667
trickle,NOUN,4.333333333
trip,NOUN,3
triumph,NOUN,4
troop,NOUN,4
trooper,NOUN,5
trophy,NOUN,4.333333333
trouble,NOUN,2.666666667
trousers,NOUN,1.666666667
truck,NOUN,1.333333333
trumpet,NOUN,2
trust,NOUN,2.666666667
trustee,NOUN,4.333333333
truth,NOUN,2.666666667
try,NOUN,2
trypsin,NOUN,5
tube,NOUN,3.333333333
tumour,NOUN,3.666666667
tune,NOUN,3.666666667
tunnel,NOUN,2
turn,NOUN,1.333333333
turnover,NOUN,3.666666667
tutor,NOUN,2.333333333
tv,NOUN,1
twin,NOUN,3
type,NOUN,2
ulcer,NOUN,4.333333333
uncertainty,NOUN,3.333333333
Uncle,NOUN,1
underclass,NOUN,3.333333333
understanding,NOUN,2
undertaking,NOUN,4.666666667
unemployment,NOUN,3
uniform,NOUN,2
union,NOUN,3
unit,NOUN,2.666666667
unity,NOUN,3.333333333
universe,NOUN,2.666666667
university,NOUN,1.666666667
unix,NOUN,3.5
upsurge,NOUN,4.666666667
urge,NOUN,4.666666667
use,NOUN,1.333333333
user,NOUN,2
utility,NOUN,4
valley,NOUN,2.666666667
value,NOUN,2.666666667
van,NOUN,2
variable,NOUN,3.666666667
variation,NOUN,4.333333333
variety,NOUN,3.666666667
vat,NOUN,3.666666667
vegetable,NOUN,1.333333333
vegetation,NOUN,3
vehicle,NOUN,2
vein,NOUN,4.333333333
vendor,NOUN,4.666666667
venture,NOUN,3.666666667
venue,NOUN,3.666666667
verdict,NOUN,4
vermin,NOUN,5.666666667
verse,NOUN,4.666666667
version,NOUN,2.666666667
vessel,NOUN,4.333333333
victim,NOUN,3
victimisation,NOUN,5.333333333
victory,NOUN,3.333333333
video,NOUN,2.333333333
view,NOUN,2
villa,NOUN,1.666666667
village,NOUN,2.333333333
violence,NOUN,3.333333333
virgin,NOUN,2.666666667
virtue,NOUN,4.333333333
virus,NOUN,2.666666667
vision,NOUN,3
visit,NOUN,2.333333333
visitor,NOUN,1.666666667
vocation,NOUN,5
voice,NOUN,2
vol,NOUN,2
volleyball,NOUN,1.666666667
volume,NOUN,2.666666667
volunteer,NOUN,2.333333333
vote,NOUN,2.333333333
voter,NOUN,2.666666667
voting,NOUN,2.333333333
wage,NOUN,2.333333333
waist,NOUN,2.333333333
waiting,NOUN,2
walk,NOUN,1
walking,NOUN,1.333333333
wall,NOUN,1
wallet,NOUN,1
wand,NOUN,5.333333333
want,NOUN,1.666666667
war,NOUN,1.333333333
ward,NOUN,4
warmth,NOUN,2.333333333
warning,NOUN,2.333333333
Warrant,NOUN,5
warranty,NOUN,3.666666667
washing,NOUN,2
waste,NOUN,2.333333333
watch,NOUN,1.333333333
water,NOUN,1.333333333
wave,NOUN,2
wax,NOUN,4
way,NOUN,1
wc,NOUN,1
weakness,NOUN,3
wealth,NOUN,3
weapon,NOUN,3
weather,NOUN,1
wedding,NOUN,1.333333333
week,NOUN,1.333333333
weekday,NOUN,1.666666667
weekend,NOUN,1
weight,NOUN,2.333333333
welfare,NOUN,4.666666667
west,NOUN,1.666666667
whale,NOUN,2.333333333
wheel,NOUN,2.333333333
whig,NOUN,4.333333333
while,NOUN,2
whisker,NOUN,4
whisky,NOUN,2.333333333
white,NOUN,1
whole,NOUN,2.666666667
widow,NOUN,2.333333333
wife,NOUN,1.666666667
wilderness,NOUN,3.333333333
wildlife,NOUN,3.666666667
will,NOUN,2.333333333
win,NOUN,1.333333333
wind,NOUN,2.333333333
window,NOUN,1
wine,NOUN,1.333333333
Wing,NOUN,1.5
winner,NOUN,2.666666667
winter,NOUN,1
wire,NOUN,2.666666667
wiring,NOUN,4
wisdom,NOUN,3
wish,NOUN,2
withdrawal,NOUN,3.333333333
witness,NOUN,4
woman,NOUN,1
wonder,NOUN,2
wood,NOUN,2.333333333
woodworker,NOUN,3
wool,NOUN,2.666666667
word,NOUN,1
work,NOUN,1
worker,NOUN,1
workforce,NOUN,3.333333333
working,NOUN,1
works,NOUN,2.333333333
workshop,NOUN,3.333333333
workstation,NOUN,3
world,NOUN,1
worry,NOUN,2.333333333
worth,NOUN,3.333333333
wound,NOUN,3.666666667
wrestling,NOUN,2.666666667
wrist,NOUN,3.333333333
writ,NOUN,6
writer,NOUN,1
writing,NOUN,1
yard,NOUN,2
yardstick,NOUN,3.666666667
year,NOUN,1.333333333
yield,NOUN,4.666666667
you,NOUN,1
youngster,NOUN,3
youth,NOUN,2.666666667
zone,NOUN,2
zoology,NOUN,5.666666667
A,NOUN,1
Aabeid,NOUN,6
Ababa,NOUN,NA
Abegglen,NOUN,NA
Aberdare,NOUN,NA
Abimelech,NOUN,4
Abingdon,NOUN,NA
Abora,NOUN,NA
Abrantes,NOUN,NA
Abruzzo,NOUN,NA
ACET,NOUN,NA
Adam,NOUN,NA
Adikari,NOUN,6
ADMARC,NOUN,6
Adrie,NOUN,6
Aem,NOUN,NA
Africa,NOUN,1
Agasse,NOUN,NA
Agatha,NOUN,NA
AGC,NOUN,NA
Agdere,NOUN,NA
Agee,NOUN,NA
AGGAATCG,NOUN,NA
Agostinelli,NOUN,6
Ahearn,NOUN,4
AHGS,NOUN,NA
Ahhhhhhh,NOUN,1
Ahl,NOUN,NA
Aideed,NOUN,NA
AIESEC,NOUN,6
AIFLD,NOUN,NA
Aikins,NOUN,NA
Aileen,NOUN,6
Aimsley,NOUN,1
Aires,NOUN,NA
AIRMAN,NOUN,2
AirTrak,NOUN,NA
Aisbitt,NOUN,NA
Ajongpong,NOUN,NA
Alan,NOUN,NA
Alaphilippe,NOUN,NA
Albela,NOUN,NA
Albert,NOUN,4
Albion,NOUN,1
Albyn,NOUN,NA
Alcasa,NOUN,NA
Alder,NOUN,NA
Aldershot,NOUN,NA
Alex,NOUN,NA
Alexander,NOUN,3
Alexandra,NOUN,3
Alfwen,NOUN,6
Algeria,NOUN,1
Algistat,NOUN,NA
Alice,NOUN,1
Alldis,NOUN,5
ALLEN,NOUN,NA
Allerce,NOUN,NA
Allerdings,NOUN,NA
Allexr,NOUN,4
AlperRecord,NOUN,NA
Alphand,NOUN,3
Alsogaray,NOUN,6
Altamkahuyag,NOUN,NA
Altenberg,NOUN,1
Alternance,NOUN,4.666666667
Altinkaya,NOUN,NA
Amaritima,NOUN,5
Amboseli,NOUN,NA
America,NOUN,1
AMPHIBIA,NOUN,NA
Amphitryon,NOUN,6
Amplex,NOUN,NA
Amstrad,NOUN,NA
Amwell,NOUN,4
Anca,NOUN,NA
Anderson,NOUN,NA
Andra,NOUN,NA
Andre,NOUN,4
Andreaea,NOUN,NA
Andrew,NOUN,1
Andrezej,NOUN,NA
Andy,NOUN,2
Anemospilia,NOUN,6
Angalo,NOUN,NA
ANIMATRONICS,NOUN,5.5
ANN,NOUN,NA
Anna,NOUN,1
Annabel,NOUN,NA
Annapurna,NOUN,NA
Anne,NOUN,3
ANOther,NOUN,2
Anthony,NOUN,NA
Anzac,NOUN,4
Aoin,NOUN,NA
Apiti,NOUN,NA
Apollodoros,NOUN,NA
Appalachia,NOUN,NA
Appenzellerei,NOUN,6
APPETITO,NOUN,NA
AppleMac,NOUN,1
AppStudio,NOUN,6
April,NOUN,1
Aprkov,NOUN,NA
APSP,NOUN,NA
Aquasafe,NOUN,5
Arandaspida,NOUN,NA
Arches,NOUN,NA
Archia,NOUN,NA
ARCOLECTRIC,NOUN,NA
Arcot,NOUN,5
Ardbo,NOUN,NA
Arddu,NOUN,NA
Arimathea,NOUN,NA
Aristonike,NOUN,6
Arjumand,NOUN,NA
Arkhane,NOUN,NA
Armoy,NOUN,NA
Arnao,NOUN,NA
ARTHROPHYTA,NOUN,6
ARTHUR,NOUN,2
Arussi,NOUN,NA
ASCAP,NOUN,NA
ASEC,NOUN,NA
Ashwell,NOUN,NA
ASIA,NOUN,1
Asir,NOUN,6
Askins,NOUN,NA
Asmoyah,NOUN,NA
Asotin,NOUN,NA
Assad,NOUN,1
Astronomiques,NOUN,NA
Astropecten,NOUN,6
Atanas,NOUN,NA
Athelwold,NOUN,6
Atherley,NOUN,NA
ATHONY,NOUN,NA
Atk,NOUN,NA
Atlantic,NOUN,NA
Atomique,NOUN,4
Atossa,NOUN,3
Atropos,NOUN,NA
ATS,NOUN,NA
Atteveld,NOUN,3
Attwoods,NOUN,NA
Auchintoul,NOUN,NA
Aufschwung,NOUN,NA
Aug,NOUN,1
August,NOUN,1
Augusta,NOUN,5
Aung,NOUN,NA
Auque,NOUN,NA
Australia,NOUN,1
Avice,NOUN,4
AWE,NOUN,4.5
Awolowo,NOUN,NA
Aycliffe,NOUN,NA
Aynho,NOUN,NA
Ayr,NOUN,2
Azcona,NOUN,3
Azincourt,NOUN,NA
B,NOUN,1
Baberton,NOUN,NA
BABWORTH,NOUN,NA
Backshield,NOUN,2
Badan,NOUN,NA
Baddingham,NOUN,1
BAe,NOUN,6
BAGGRAVE,NOUN,NA
Bagnigge,NOUN,6
Bailey,NOUN,NA
Bairam,NOUN,4
Baker,NOUN,2
Bakow,NOUN,NA
BALBIRNIE,NOUN,3
Balderrama,NOUN,NA
Baldur,NOUN,NA
Balev,NOUN,3
Balgownie,NOUN,NA
Ballyfounder,NOUN,NA
Ballyvourney,NOUN,NA
Bankies,NOUN,NA
Banstead,NOUN,NA
Baquerizo,NOUN,NA
Baracade,NOUN,NA
Barbara,NOUN,3
Barbuscia,NOUN,1
Barcelo,NOUN,NA
Barclay,NOUN,NA
Barnhaven,NOUN,6
Barnier,NOUN,3.5
Barnside,NOUN,5.5
Barocchi,NOUN,NA
Barry,NOUN,1.5
Bartliff,NOUN,NA
Bartolomeu,NOUN,NA
Baruntse,NOUN,NA
Bas,NOUN,NA
Basanjorj,NOUN,4
Basche,NOUN,NA
Bashevis,NOUN,NA
Baudinus,NOUN,NA
Bavadra,NOUN,NA
Bayadere,NOUN,NA
Bayamon,NOUN,NA
Bayly,NOUN,NA
BBC,NOUN,NA
BBONT,NOUN,NA
BCHC,NOUN,NA
Beak,NOUN,4.5
Beata,NOUN,NA
Becherovka,NOUN,NA
Beckerman,NOUN,NA
Becket,NOUN,NA
Beckhard,NOUN,NA
Bedburn,NOUN,NA
Beirut,NOUN,2
Belbin,NOUN,6
Belfast,NOUN,1
Belgium,NOUN,1
Bell,NOUN,1
Bellatrix,NOUN,3
Bellburn,NOUN,NA
Belle,NOUN,6
BelleFontaine,NOUN,NA
Bellingdon,NOUN,4
Bellings,NOUN,NA
Bellway,NOUN,NA
Bely,NOUN,5
BEMU,NOUN,NA
Ben,NOUN,NA
Beneficence,NOUN,6
Beninois,NOUN,6
Benjamin,NOUN,NA
Benn,NOUN,NA
Benndorf,NOUN,NA
Bentham,NOUN,NA
Bentley,NOUN,NA
Beobachter,NOUN,6
BEP,NOUN,NA
Berck,NOUN,NA
Bercy,NOUN,2
Bereczky,NOUN,NA
Bergholm,NOUN,5
Bergisel,NOUN,NA
Bergognone,NOUN,NA
Berindei,NOUN,NA
Berks,NOUN,2
Berlin,NOUN,1
Bernard,NOUN,NA
Berny,NOUN,5
Bersham,NOUN,NA
Bertramka,NOUN,NA
Beryl,NOUN,NA
Besty,NOUN,2
Bett,NOUN,NA
Betterton,NOUN,NA
Beven,NOUN,NA
Bhavan,NOUN,NA
Bidayuh,NOUN,6
Bideford,NOUN,5
Biglan,NOUN,NA
Bill,NOUN,NA
Billy,NOUN,NA
Bintje,NOUN,6
Biostatistics,NOUN,5.333333333
Biotec,NOUN,5.5
Bircham,NOUN,NA
Birker,NOUN,3
Birmid,NOUN,NA
Birmingham,NOUN,NA
Birney,NOUN,3
Birzebbugia,NOUN,NA
Bishara,NOUN,NA
Bishop,NOUN,3.5
Biskra,NOUN,NA
Bismillah,NOUN,2
Bisset,NOUN,6
Bissets,NOUN,NA
Blackpool,NOUN,NA
Blakenhurst,NOUN,6
Blastoidea,NOUN,NA
BlueLine,NOUN,4
BOB,NOUN,NA
Bochenek,NOUN,NA
Boddy,NOUN,NA
Bohnke,NOUN,NA
Boismond,NOUN,NA
Bolanos,NOUN,NA
Boletaceae,NOUN,6
Bombert,NOUN,NA
Bondt,NOUN,6
Boness,NOUN,NA
Bonifatii,NOUN,NA
Bonneval,NOUN,NA
Bonnie,NOUN,NA
Bordeaux,NOUN,3
Borgonovo,NOUN,NA
Borichill,NOUN,NA
Botham,NOUN,NA
Botiller,NOUN,NA
Botterman,NOUN,6
Bottesford,NOUN,3
Bottlesham,NOUN,NA
Boube,NOUN,NA
Boudiaf,NOUN,NA
Boulevard,NOUN,5
Bova,NOUN,NA
Boyda,NOUN,NA
Bracing,NOUN,NA
Bradshaw,NOUN,4
Brailovsky,NOUN,3
Brazil,NOUN,1
Brecht,NOUN,5
Breidenstein,NOUN,NA
Breuhat,NOUN,NA
Brezinski,NOUN,NA
Brezner,NOUN,5
Brian,NOUN,3
Bridgedale,NOUN,NA
Brigantum,NOUN,NA
Brighton,NOUN,NA
Brihtheah,NOUN,NA
Bristol,NOUN,5
Britain,NOUN,1
Brixton,NOUN,4
Brizola,NOUN,NA
Brockley,NOUN,NA
Brodetto,NOUN,NA
Broguh,NOUN,NA
Brook,NOUN,NA
Brooks,NOUN,1
Broon,NOUN,NA
Brown,NOUN,1
Brownfield,NOUN,NA
Bruce,NOUN,NA
Brussels,NOUN,1.5
BSIS,NOUN,NA
BSRI,NOUN,6
Buckhout,NOUN,6
BUCKLEGROVE,NOUN,NA
Buffie,NOUN,NA
Bufo,NOUN,NA
Bullo,NOUN,NA
Bulman,NOUN,NA
BUNAC,NOUN,6
Bunarkaig,NOUN,NA
Bundsandstein,NOUN,NA
Bunning,NOUN,NA
Buochs,NOUN,NA
Burbach,NOUN,6
Burglaria,NOUN,1.333333333
Buridan,NOUN,6
Burlatsky,NOUN,NA
Burlesca,NOUN,NA
Bush,NOUN,2
Butele,NOUN,NA
Butterknowle,NOUN,4
Byaraagiyn,NOUN,6
Byham,NOUN,NA
Bystrica,NOUN,3
C,NOUN,1
CA,NOUN,3
CAI,NOUN,4.5
Cal,NOUN,NA
Calavecchia,NOUN,5
Caleman,NOUN,NA
California,NOUN,NA
Caloplaca,NOUN,NA
Cambridge,NOUN,3
Camfield,NOUN,NA
Campagnac,NOUN,3
Campano,NOUN,NA
Campbel,NOUN,NA
Campbell,NOUN,NA
CAMPRUBI,NOUN,5
Canada,NOUN,2
Canford,NOUN,5.5
Canteena,NOUN,5
Canterbury,NOUN,4.5
Capetanakis,NOUN,5
Capra,NOUN,NA
Cardew,NOUN,5
Cardiff,NOUN,5
Carebridge,NOUN,5
Carkesse,NOUN,6
Carlisle,NOUN,NA
Carlow,NOUN,1
Carmo,NOUN,3
Caroline,NOUN,NA
Carr,NOUN,NA
Carraz,NOUN,NA
Carrigrohane,NOUN,NA
Carris,NOUN,NA
Carslberg,NOUN,NA
Cartermill,NOUN,NA
Cascais,NOUN,NA
Cassinelli,NOUN,NA
Castleblayney,NOUN,6
Castlemoreton,NOUN,NA
Cathars,NOUN,4
Catherine,NOUN,1
Cavina,NOUN,NA
CBO,NOUN,6
CCM,NOUN,NA
CCTTTTCCTTATTAACCTGC,NOUN,1
CDvorak,NOUN,4.5
Cecily,NOUN,NA
Cefnddwysarn,NOUN,NA
Centlivre,NOUN,NA
CEPN,NOUN,NA
Cerdanya,NOUN,NA
Cernobbio,NOUN,6
Cervia,NOUN,NA
Cesareo,NOUN,NA
CFA,NOUN,NA
CGG,NOUN,1
Chadband,NOUN,1
Chapin,NOUN,NA
Chapuisat,NOUN,NA
Charlemagne,NOUN,NA
Charles,NOUN,1
Charlie,NOUN,3.5
Charlotte,NOUN,1
Che,NOUN,NA
Chebrikov,NOUN,NA
Chelsea,NOUN,NA
Chelune,NOUN,NA
Chemsford,NOUN,NA
Cherepanov,NOUN,NA
Cheryl,NOUN,4
Cheveux,NOUN,4
China,NOUN,1
Chinguetta,NOUN,5
Chippingdale,NOUN,5
Chissano,NOUN,NA
Chittagong,NOUN,5
CHM,NOUN,NA
Chomutov,NOUN,NA
Choquette,NOUN,NA
Chris,NOUN,2
Christ,NOUN,1.5
CHRISTOPHER,NOUN,1
Chunnel,NOUN,6
Churchill,NOUN,NA
Chuvash,NOUN,NA
Cichlidae,NOUN,NA
Cidre,NOUN,3
Cienfuegos,NOUN,NA
Ciliau,NOUN,NA
Ciskei,NOUN,6
CITIC,NOUN,NA
CKR,NOUN,6
Clabidacia,NOUN,NA
Claisse,NOUN,NA
Clambake,NOUN,4
Clare,NOUN,1
Clark,NOUN,2
Clarke,NOUN,5
Clementhorpe,NOUN,NA
Clementi,NOUN,NA
Cleveland,NOUN,NA
Clewes,NOUN,2
Clifford,NOUN,4
CLINTON,NOUN,NA
Clontech,NOUN,NA
Cloud,NOUN,1
CLRJames,NOUN,NA
CMRN,NOUN,5
CNG,NOUN,5
CNUP,NOUN,NA
Coach,NOUN,1.666666667
Coalchief,NOUN,6
Coeloscleritophora,NOUN,NA
Coffeemate,NOUN,NA
Colin,NOUN,2
Commons,NOUN,5
Constanze,NOUN,NA
Cook,NOUN,1.666666667
Corbett,NOUN,NA
Cowper,NOUN,NA
Coyle,NOUN,3
Craven,NOUN,4.5
Cray,NOUN,NA
CSA,NOUN,NA
Curran,NOUN,NA
D,NOUN,1
Dada,NOUN,5
Daniel,NOUN,NA
Darlington,NOUN,6
Darwin,NOUN,NA
Dave,NOUN,1
David,NOUN,NA
Davies,NOUN,NA
DC,NOUN,NA
DE,NOUN,NA
Dean,NOUN,2.5
Dec,NOUN,5
December,NOUN,1
Dempster,NOUN,NA
Dennis,NOUN,1
Derek,NOUN,NA
DES,NOUN,5
DH,NOUN,NA
Diana,NOUN,1
DICKINSON,NOUN,NA
Doherty,NOUN,NA
Domesday,NOUN,5
Donald,NOUN,2.5
Donna,NOUN,NA
Douglas,NOUN,5
Dresden,NOUN,5
Drury,NOUN,5.5
Dublin,NOUN,NA
Duncan,NOUN,NA
Durham,NOUN,5
Dustin,NOUN,NA
E,NOUN,NA
East,NOUN,1.666666667
EC,NOUN,4
Eddy,NOUN,NA
Edie,NOUN,1
Edinburgh,NOUN,2
Edmund,NOUN,1
Edward,NOUN,2
Egon,NOUN,NA
Egypt,NOUN,1.5
Elias,NOUN,NA
Eliot,NOUN,3
Elizabeth,NOUN,NA
Elland,NOUN,4
Emilia,NOUN,2
Emily,NOUN,3
Emma,NOUN,NA
Enfield,NOUN,4
England,NOUN,1
ENOCH,NOUN,6
Eric,NOUN,1
Essex,NOUN,4
Europe,NOUN,2
Evans,NOUN,1
Evelyn,NOUN,NA
F,NOUN,1
FA,NOUN,2
Fatah,NOUN,NA
Feb,NOUN,3.5
February,NOUN,1
Ferranti,NOUN,5
FLR,NOUN,NA
FORD,NOUN,NA
Fran,NOUN,2
France,NOUN,1
Francis,NOUN,1
Frank,NOUN,NA
Frankie,NOUN,NA
FRANKS,NOUN,NA
FRED,NOUN,3
Freud,NOUN,NA
Friday,NOUN,1
G,NOUN,NA
Galway,NOUN,NA
GARY,NOUN,NA
Gaulle,NOUN,NA
Gazzer,NOUN,6
Geoffrey,NOUN,3
George,NOUN,1
Germany,NOUN,1
Getty,NOUN,NA
Glamorgan,NOUN,5
Glasgow,NOUN,NA
Glen,NOUN,NA
Gloucester,NOUN,NA
Gloucestershire,NOUN,NA
GmbH,NOUN,6
God,NOUN,1
Goddard,NOUN,5
Gorbachev,NOUN,NA
Gordon,NOUN,5
Graham,NOUN,2
Grant,NOUN,NA
Great,NOUN,1
Greater,NOUN,2.666666667
Greece,NOUN,1.5
Green,NOUN,1
Greenpeace,NOUN,NA
Guinea,NOUN,1
Gulf,NOUN,4
Guy,NOUN,NA
GW,NOUN,NA
H,NOUN,NA
Hagan,NOUN,NA
Hamilton,NOUN,1
Hanover,NOUN,NA
Hants,NOUN,NA
Harriet,NOUN,NA
Harris,NOUN,1
Harry,NOUN,1
Harwich,NOUN,3
Havel,NOUN,6
Havvie,NOUN,NA
Heathcliff,NOUN,3
Helen,NOUN,1
HENDERSON,NOUN,NA
Henley,NOUN,1
Henry,NOUN,1
HF,NOUN,NA
Hitler,NOUN,1.5
HIV,NOUN,3
HM,NOUN,NA
HMI,NOUN,5
Hodge,NOUN,5
Holland,NOUN,1
Hollywood,NOUN,1
Honey,NOUN,1.5
Hong,NOUN,NA
Hoover,NOUN,NA
Hopkins,NOUN,2.5
Horbury,NOUN,6
HORNE,NOUN,NA
Howard,NOUN,NA
HUDDERSFIELD,NOUN,NA
Hugh,NOUN,5
Hughes,NOUN,NA
Hungary,NOUN,1
I,NOUN,1
Ian,NOUN,NA
IBM,NOUN,NA
ICL,NOUN,NA
Idris,NOUN,NA
India,NOUN,1.333333333
Indies,NOUN,NA
IRA,NOUN,6
Iran,NOUN,1
Iraq,NOUN,1.5
Ireland,NOUN,1
Islam,NOUN,1.666666667
ISRAEL,NOUN,1
Italy,NOUN,1
J,NOUN,NA
Jack,NOUN,3
Jackson,NOUN,NA
James,NOUN,1.666666667
Jamieson,NOUN,NA
JAN,NOUN,1
Jane,NOUN,1
JANUARY,NOUN,1
Japan,NOUN,1
Jarman,NOUN,NA
JEAN,NOUN,NA
Jenny,NOUN,1
Jesus,NOUN,1
Jett,NOUN,NA
Jim,NOUN,3
Jimmy,NOUN,NA
Joan,NOUN,NA
JOE,NOUN,NA
John,NOUN,NA
Johnny,NOUN,NA
Johnson,NOUN,1.5
Jonathan,NOUN,1.333333333
Jones,NOUN,NA
Jordan,NOUN,NA
Josef,NOUN,1
Joseph,NOUN,NA
Joshua,NOUN,3
JULIA,NOUN,NA
Julio,NOUN,NA
July,NOUN,1
Jun,NOUN,NA
June,NOUN,1
Kant,NOUN,NA
Karen,NOUN,1
Karl,NOUN,4
Kasparov,NOUN,2
Kate,NOUN,1
Keegan,NOUN,NA
Keith,NOUN,4
Kelly,NOUN,NA
Ken,NOUN,3
Kenneth,NOUN,NA
Kent,NOUN,NA
Kevin,NOUN,NA
Key,NOUN,2
Khasbulatov,NOUN,6
King,NOUN,1.666666667
Kingdom,NOUN,3
Kingston,NOUN,NA
Kinnock,NOUN,4
Knighton,NOUN,3
Kong,NOUN,2
Korea,NOUN,2.666666667
Kremlin,NOUN,1
Kuwait,NOUN,1
LA,NOUN,2
Lancashire,NOUN,NA
Land,NOUN,2
Landor,NOUN,NA
Lang,NOUN,NA
Laura,NOUN,3
Lautro,NOUN,5
Lawrence,NOUN,NA
Le,NOUN,NA
LEA,NOUN,6
Lee,NOUN,2
Leeds,NOUN,6
Leicester,NOUN,NA
Leon,NOUN,NA
Leonardo,NOUN,2
Leonie,NOUN,NA
Levitt,NOUN,NA
Lewis,NOUN,3
Lindsay,NOUN,NA
Lissa,NOUN,NA
Lithuania,NOUN,3.5
Liverpool,NOUN,1
Liz,NOUN,NA
Lloyd,NOUN,NA
London,NOUN,1.5
Lord,NOUN,3
Lords,NOUN,3
Louis,NOUN,NA
Louise,NOUN,1
Lowry,NOUN,4
Lucinda,NOUN,NA
Lucy,NOUN,1
Luke,NOUN,2
Lyle,NOUN,NA
Lyn,NOUN,NA
M,NOUN,1
Maastricht,NOUN,4.5
Mae,NOUN,NA
Maggie,NOUN,NA
Magherafelt,NOUN,NA
Mai,NOUN,1
Major,NOUN,3
Malcolm,NOUN,NA
Malone,NOUN,NA
Man,NOUN,1.666666667
Manchester,NOUN,1
Manville,NOUN,NA
Marathon,NOUN,2.5
March,NOUN,1
Margaret,NOUN,1
MARIA,NOUN,NA
Marian,NOUN,NA
Marie,NOUN,1
Mark,NOUN,3
Marshall,NOUN,NA
MARTIN,NOUN,1
Marton,NOUN,NA
Marx,NOUN,NA
Mary,NOUN,2
Massachusetts,NOUN,NA
Masud,NOUN,NA
Matthew,NOUN,NA
May,NOUN,1
McCartney,NOUN,1
Melville,NOUN,1
Merrill,NOUN,1
Merseyside,NOUN,NA
Mesopotamia,NOUN,4
Mexico,NOUN,1
Meyer,NOUN,NA
Michael,NOUN,NA
Michel,NOUN,1
Michelle,NOUN,NA
MICK,NOUN,6
Microsoft,NOUN,NA
Middlesbrough,NOUN,NA
Middleton,NOUN,NA
MIDLAND,NOUN,NA
Mike,NOUN,1
Millar,NOUN,NA
Miller,NOUN,1
Milton,NOUN,NA
Monday,NOUN,1
Montenegro,NOUN,NA
Moore,NOUN,6
Morgan,NOUN,NA
Morris,NOUN,NA
Moscow,NOUN,3
Muir,NOUN,3
Munro,NOUN,NA
Myers,NOUN,NA
N,NOUN,NA
nat,NOUN,3
NATO,NOUN,6
Nebraska,NOUN,NA
Neil,NOUN,NA
Neill,NOUN,NA
Ness,NOUN,2
New,NOUN,1
Newcastle,NOUN,NA
Newland,NOUN,2
Newley,NOUN,5
Newnham,NOUN,NA
Newport,NOUN,NA
Newton,NOUN,2
NHS,NOUN,5.5
Nicholas,NOUN,NA
Nick,NOUN,1
Nicky,NOUN,3
NICO,NOUN,NA
Nicol,NOUN,NA
Nicola,NOUN,1
Nigel,NOUN,2
Nikolai,NOUN,NA
Norma,NOUN,NA
Norman,NOUN,3.5
North,NOUN,1
Northern,NOUN,1.666666667
Norway,NOUN,1
Norwich,NOUN,5
Nottingham,NOUN,2
Nov,NOUN,2
Novell,NOUN,NA
November,NOUN,1
NSAID,NOUN,NA
OB,NOUN,5
OCT,NOUN,NA
October,NOUN,1
Oldfield,NOUN,1
Oliver,NOUN,NA
Osborne,NOUN,4
Owen,NOUN,2
Oxford,NOUN,5
Oxfordshire,NOUN,NA
P,NOUN,1.5
Pacific,NOUN,2
Packard,NOUN,NA
Pakistan,NOUN,1
Palestine,NOUN,1
Palmerston,NOUN,5
Paris,NOUN,1
PAT,NOUN,NA
Patrick,NOUN,NA
Paul,NOUN,2
Peggy,NOUN,1
Penguin,NOUN,1.666666667
Peter,NOUN,NA
PGA,NOUN,NA
Phil,NOUN,1
Philip,NOUN,3
Pilger,NOUN,NA
Poland,NOUN,NA
Pont,NOUN,5
Pontypridd,NOUN,NA
Pope,NOUN,4
Portillo,NOUN,NA
Portsmouth,NOUN,NA
Powys,NOUN,5
Q,NOUN,NA
Queen,NOUN,1.666666667
Quentin,NOUN,NA
R,NOUN,1
RAC,NOUN,6
Rachel,NOUN,1
RAF,NOUN,6
Rampton,NOUN,NA
Ramsay,NOUN,1
Randy,NOUN,NA
Raphael,NOUN,NA
Ray,NOUN,1
RED,NOUN,1
Rex,NOUN,NA
RICHARD,NOUN,NA
Robert,NOUN,NA
Roberts,NOUN,NA
ROBIN,NOUN,1
Robinson,NOUN,NA
Rochester,NOUN,NA
Roger,NOUN,NA
Rome,NOUN,1
Ron,NOUN,NA
Rory,NOUN,NA
Rose,NOUN,1
Rosen,NOUN,3
Ross,NOUN,NA
Rowntree,NOUN,NA
Roy,NOUN,NA
Rudolf,NOUN,2
Russell,NOUN,NA
Russia,NOUN,2
RUTH,NOUN,5
S,NOUN,NA
Salford,NOUN,6
Sally,NOUN,NA
Sam,NOUN,2
San,NOUN,NA
Sarah,NOUN,NA
Satan,NOUN,4
Saturday,NOUN,1
SCORTON,NOUN,NA
Scotland,NOUN,2
Scott,NOUN,1
Secretary,NOUN,1
Selfridge,NOUN,2
Senegal,NOUN,1
SEPT,NOUN,3
September,NOUN,1
Sergei,NOUN,NA
SETH,NOUN,NA
Shaikh,NOUN,NA
Shakespeare,NOUN,1.5
Sharon,NOUN,1
Shaun,NOUN,NA
Sheffield,NOUN,NA
Silas,NOUN,NA
Simon,NOUN,NA
Smith,NOUN,NA
Sonny,NOUN,NA
South,NOUN,1.333333333
Southampton,NOUN,NA
Spain,NOUN,1
Spenser,NOUN,NA
ST,NOUN,NA
Stacey,NOUN,NA
Staffordshire,NOUN,NA
States,NOUN,2
Stephen,NOUN,NA
Steve,NOUN,NA
Stewart,NOUN,2.5
Stirling,NOUN,3
Stone,NOUN,1
Stour,NOUN,6
Strachan,NOUN,NA
Strasbourg,NOUN,NA
Strat,NOUN,3
Stravinsky,NOUN,NA
Stuart,NOUN,NA
Sue,NOUN,1
Sunday,NOUN,1
Surrey,NOUN,NA
Susan,NOUN,NA
Susie,NOUN,3
Sussex,NOUN,6
Swapo,NOUN,NA
Sweden,NOUN,1
Swindon,NOUN,3
Switzerland,NOUN,1
T,NOUN,1
TAO,NOUN,4
Taylor,NOUN,NA
Tayside,NOUN,5
Teesside,NOUN,1
Telecom,NOUN,NA
Terry,NOUN,3
Thames,NOUN,3
Thatcher,NOUN,NA
Third,NOUN,1
Thomas,NOUN,1
Thomson,NOUN,NA
Thorfinn,NOUN,6
THORN,NOUN,5.5
Thu,NOUN,1
Thursday,NOUN,1
Tim,NOUN,1
Tom,NOUN,NA
Tony,NOUN,1
Tottenham,NOUN,5
Tuesday,NOUN,1
Turkey,NOUN,1.333333333
UK,NOUN,1
Ulster,NOUN,NA
UN,NOUN,1
United,NOUN,1.5
US,NOUN,1
USA,NOUN,1
USSR,NOUN,1.5
Van,NOUN,NA
Vanessa,NOUN,NA
Venables,NOUN,6
Victoria,NOUN,NA
Vietnam,NOUN,NA
W,NOUN,1
Wales,NOUN,NA
Walker,NOUN,NA
Wall,NOUN,1
Walter,NOUN,2
Walton,NOUN,NA
Wapping,NOUN,5.5
Ward,NOUN,4
Warton,NOUN,1
Washington,NOUN,1
Watford,NOUN,NA
Watts,NOUN,NA
Weald,NOUN,4
Wednesday,NOUN,1
Wellingborough,NOUN,NA
West,NOUN,1.333333333
Westminster,NOUN,3
Whitby,NOUN,NA
White,NOUN,2
Wigan,NOUN,6
William,NOUN,3
Williams,NOUN,NA
Willie,NOUN,2.333333333
Wilson,NOUN,NA
Winterton,NOUN,NA
Wood,NOUN,2
Woolwich,NOUN,NA
Wright,NOUN,NA
Yamaha,NOUN,4.5
York,NOUN,NA
Yorker,NOUN,NA
Yorkshire,NOUN,NA
Young,NOUN,1
Zealand,NOUN,1
atheist,NOUN,3
interference,NOUN,4.333333333
python,NOUN,3
sonar,NOUN,4
clv,NOUN,NA
eight,NOUN,1
eighteen,NOUN,1
eighteenth,NOUN,1.333333333
eighty,NOUN,1
eleven,NOUN,1
fifteen,NOUN,1
fifteenth,NOUN,1.666666667
fifth,NOUN,1.333333333
fifty,NOUN,1
first,NOUN,1
five,NOUN,1
forty,NOUN,2
four,NOUN,1
fourteen,NOUN,1
fourth,NOUN,1.333333333
i,NOUN,1
ii,NOUN,1
iii,NOUN,NA
iv,NOUN,NA
last,NOUN,1.666666667
mdc,NOUN,NA
next,NOUN,1.666666667
nine,NOUN,1
nineteen,NOUN,1
nineteenth,NOUN,1.333333333
ninety,NOUN,1
one,NOUN,1
second,NOUN,1
seven,NOUN,1
seventeen,NOUN,1
seventh,NOUN,1
seventy,NOUN,1
six,NOUN,1
sixteen,NOUN,1
sixth,NOUN,1.666666667
sixty,NOUN,1
ten,NOUN,1
third,NOUN,2
thirteen,NOUN,1
thirteenth,NOUN,1
thirty,NOUN,1
three,NOUN,1
twelve,NOUN,2
twentieth,NOUN,1.333333333
twenty,NOUN,1
two,NOUN,1
zero,NOUN,1.333333333
about,ADP,1.666666667
above,ADP,2.666666667
across,ADP,1.666666667
after,ADP,1.333333333
against,ADP,2
aged,ADP,3.333333333
along,ADP,2.333333333
alongside,ADP,2.333333333
among,ADP,2.666666667
amongst,ADP,3
around,ADP,1.666666667
as,ADP,2
at,ADP,1.333333333
before,ADP,1.666666667
behind,ADP,1.333333333
below,ADP,2.333333333
beneath,ADP,2.333333333
beside,ADP,1
between,ADP,2.666666667
beyond,ADP,3
but,ADP,1.666666667
by,ADP,2
concerning,ADP,4.666666667
despite,ADP,3
down,ADP,1
during,ADP,2
except,ADP,2.666666667
for,ADP,1.333333333
from,ADP,1
in,ADP,1
including,ADP,3
inside,ADP,1.666666667
into,ADP,1.666666667
like,ADP,1.333333333
near,ADP,1.666666667
of,ADP,2.333333333
off,ADP,2
on,ADP,1
onto,ADP,2.666666667
outside,ADP,1.333333333
over,ADP,1.333333333
past,ADP,1.333333333
per,ADP,3.333333333
plus,ADP,1.666666667
regarding,ADP,4.333333333
round,ADP,2
since,ADP,3
through,ADP,2
throughout,ADP,3.666666667
till,ADP,2.333333333
to,ADP,1
toward,ADP,3
towards,ADP,1.333333333
under,ADP,1.333333333
unlike,ADP,3.333333333
until,ADP,2.333333333
unto,ADP,4
up,ADP,1.333333333
upon,ADP,3
v,ADP,1
via,ADP,2.666666667
with,ADP,1
within,ADP,3
without,ADP,1.666666667
worth,ADP,4
anybody,PRON,1.666666667
anyone,PRON,2
anything,PRON,1.666666667
everybody,PRON,1.333333333
everyone,PRON,1.666666667
everything,PRON,1.333333333
he,PRON,1
hers,PRON,1.333333333
herself,PRON,1.666666667
himself,PRON,1.333333333
his,PRON,1
i,PRON,1
it,PRON,1
itself,PRON,2.333333333
lots,PRON,2.333333333
mine,PRON,1.333333333
myself,PRON,1.666666667
nobody,PRON,2
none,PRON,2.666666667
nothing,PRON,1.666666667
one,PRON,1
ours,PRON,1.333333333
ourselves,PRON,2
plenty,PRON,2
she,PRON,1
somebody,PRON,1.666666667
someone,PRON,1.333333333
something,PRON,1.666666667
themselves,PRON,2
they,PRON,1
we,PRON,1
who,PRON,1.333333333
whoever,PRON,3.666666667
whom,PRON,3
you,PRON,1
yours,PRON,2
yourself,PRON,1.333333333
a,NA,1.333333333
abou,NA,NA
account,NA,2.666666667
acto,NA,4
ai,NA,3.5
alli,NA,5
argue,NA,2.333333333
assump,NA,5
awa,NA,NA
ba,NA,NA
besi,NA,5
bi,NA,3
bo,NA,NA
boo,NA,3.333333333
buff,NA,3
cab,NA,2
cart,NA,3.666666667
cheek,NA,1.666666667
i,NA,1
lot,NA,2
miss,NA,2.333333333
pick,NA,2.333333333
public,NA,2.333333333
qv,NA,NA
s,NA,NA
set,NA,3
we,NA,1
where,NA,1.666666667
abandon,VERB,4
abdessalem,VERB,NA
abduct,VERB,4.333333333
abolish,VERB,4
absinthe,VERB,5.333333333
absorb,VERB,3.666666667
abstain,VERB,5.333333333
accept,VERB,2.333333333
access,VERB,3
acclaim,VERB,4.666666667
accommodate,VERB,3.333333333
accompany,VERB,4
account,VERB,3.333333333
accumulate,VERB,3.666666667
accuse,VERB,3
achaemeniann,VERB,6
achieve,VERB,3
acknowledge,VERB,4.333333333
acomb,VERB,6
acquire,VERB,3.666666667
act,VERB,1
action,VERB,2.666666667
adapt,VERB,3
add,VERB,1.333333333
address,VERB,2.333333333
adjust,VERB,3.666666667
administer,VERB,3
admire,VERB,2.666666667
admit,VERB,3.333333333
adopt,VERB,4
advance,VERB,3
advertise,VERB,4
advise,VERB,2.333333333
advocate,VERB,4.333333333
aethelwald,VERB,5
affect,VERB,3
afford,VERB,3
age,VERB,1
agree,VERB,1
aid,VERB,3.333333333
aim,VERB,2.666666667
allege,VERB,4.333333333
allocate,VERB,4.333333333
allow,VERB,2.666666667
alter,VERB,4.333333333
amount,VERB,3.333333333
analysand,VERB,4.5
analyse,VERB,3.333333333
announce,VERB,2.333333333
answer,VERB,1.333333333
anticipate,VERB,4
apotheosise,VERB,6
appeal,VERB,4.333333333
appear,VERB,3
apply,VERB,2.666666667
appoint,VERB,3.333333333
appraise,VERB,4.333333333
appreaciate,VERB,4.333333333
appreciate,VERB,3
approach,VERB,3.666666667
approve,VERB,3
approximate,VERB,3.666666667
aranjuez,VERB,NA
archivolt,VERB,4
argue,VERB,2.666666667
arise,VERB,3.666666667
armoire,VERB,4.666666667
arrange,VERB,3
arrest,VERB,2.666666667
arrive,VERB,1.333333333
ascertain,VERB,4.333333333
ask,VERB,1.333333333
assemble,VERB,3.333333333
assert,VERB,4.333333333
assess,VERB,3
assign,VERB,3
assist,VERB,3.333333333
associate,VERB,3.666666667
assume,VERB,3.333333333
assure,VERB,3.666666667
astill,VERB,6
attach,VERB,3.333333333
attack,VERB,3
attact,VERB,4.5
attempt,VERB,3.333333333
attend,VERB,3
attract,VERB,3
attribute,VERB,3.333333333
auede,VERB,5
auscultate,VERB,5.5
autocover,VERB,5
avert,VERB,4.666666667
avoid,VERB,3
avouch,VERB,5
await,VERB,3.666666667
award,VERB,3
babyfeed,VERB,4
back,VERB,1.666666667
balance,VERB,3.666666667
ban,VERB,2.666666667
bartle,VERB,4.666666667
base,VERB,4.666666667
basow,VERB,6
baulk,VERB,4.5
be,VERB,1
bear,VERB,4
beat,VERB,2.666666667
becauase,VERB,1
become,VERB,2.666666667
beg,VERB,2.333333333
begin,VERB,1.666666667
behave,VERB,2.666666667
belch,VERB,3.666666667
believe,VERB,1.666666667
bellow,VERB,3.666666667
belong,VERB,2.666666667
bend,VERB,2.666666667
benefit,VERB,3.333333333
bet,VERB,3
bill,VERB,3.666666667
bind,VERB,4.666666667
bite,VERB,1.666666667
blacken,VERB,4
blame,VERB,2.666666667
blissett,VERB,6
block,VERB,3
blow,VERB,1.666666667
blur,VERB,4
bodycote,VERB,5.666666667
bolster,VERB,5.333333333
bolt,VERB,3.666666667
bonefish,VERB,5
bonjour,VERB,3.5
book,VERB,1
boomz,VERB,6
boost,VERB,3.666666667
born,VERB,1
borrow,VERB,2.333333333
boss,VERB,2
bother,VERB,4
bouilhet,VERB,6
bound,VERB,3.666666667
boxgrove,VERB,4.5
brandish,VERB,5
breadmake,VERB,5.5
break,VERB,1.333333333
breathe,VERB,2.333333333
breed,VERB,3.666666667
breeze,VERB,2.333333333
breuer,VERB,4
bring,VERB,2.666666667
bruit,VERB,3
brush,VERB,1.333333333
buccleuch,VERB,6
bud,VERB,4
build,VERB,1.333333333
bump,VERB,4.333333333
burchill,VERB,5
burghul,VERB,5.666666667
burn,VERB,2
burst,VERB,4
bury,VERB,3.333333333
but,VERB,1
buy,VERB,1.333333333
calculate,VERB,3
call,VERB,1.666666667
campaign,VERB,3.333333333
cancel,VERB,2
capture,VERB,4.333333333
care,VERB,1
carport,VERB,3.5
carry,VERB,2.666666667
cascade,VERB,5
cassell,VERB,6
cast,VERB,3.333333333
castel,VERB,4.333333333
castlemead,VERB,5
catalanise,VERB,5.5
catch,VERB,2.333333333
cater,VERB,2.666666667
cause,VERB,2.333333333
cease,VERB,4.666666667
ceilidh,VERB,NA
celebrate,VERB,2.333333333
cementone,VERB,4.333333333
centre,VERB,2.333333333
cestode,VERB,6
cet,VERB,6
chagrine,VERB,5.666666667
challenge,VERB,3.333333333
change,VERB,1.666666667
charge,VERB,2.333333333
chase,VERB,3
check,VERB,1.333333333
cheer,VERB,3
chelnock,VERB,5
cherish,VERB,3.333333333
chervil,VERB,5.5
chiff,VERB,5.333333333
chime,VERB,5
choom,VERB,5
choose,VERB,2.333333333
chore,VERB,3
chuff,VERB,5.666666667
chung,VERB,4.5
churchgo,VERB,5.5
circk,VERB,5
cite,VERB,3.333333333
clad,VERB,4.5
claim,VERB,3.333333333
clamp,VERB,3.5
classify,VERB,3.666666667
clean,VERB,1.333333333
cleanse,VERB,4.666666667
clear,VERB,1.333333333
clench,VERB,4.666666667
climb,VERB,1.333333333
cling,VERB,4
clog,VERB,4.666666667
close,VERB,1
clutch,VERB,4
coincide,VERB,4.333333333
collapse,VERB,2.666666667
collect,VERB,2.666666667
column,VERB,3.333333333
combine,VERB,3.333333333
come,VERB,1.333333333
command,VERB,3.666666667
commence,VERB,4
comment,VERB,2.333333333
commission,VERB,4
commit,VERB,2.333333333
communicate,VERB,2.333333333
compare,VERB,2.666666667
compete,VERB,2.666666667
complain,VERB,2.333333333
complete,VERB,2.333333333
comply,VERB,4.333333333
compose,VERB,3.666666667
comprise,VERB,5
conceal,VERB,4.333333333
concede,VERB,4.666666667
conceive,VERB,4
concentrate,VERB,2.666666667
concern,VERB,2.666666667
conclude,VERB,2.666666667
condemn,VERB,4
conduct,VERB,4.333333333
confess,VERB,4.333333333
confine,VERB,4.333333333
confirm,VERB,3.333333333
confound,VERB,4.333333333
confront,VERB,5
connect,VERB,3
consider,VERB,2.666666667
consist,VERB,4
constitute,VERB,4
construct,VERB,4
consult,VERB,3.333333333
consume,VERB,3.333333333
contact,VERB,2.333333333
contain,VERB,2.666666667
contemplate,VERB,4.666666667
continue,VERB,1.666666667
contract,VERB,3.333333333
contrast,VERB,3.333333333
contribute,VERB,4
control,VERB,2
convert,VERB,4.333333333
convey,VERB,3.666666667
convince,VERB,3.333333333
cook,VERB,1.666666667
cool,VERB,1.666666667
cope,VERB,3.666666667
copy,VERB,1.666666667
correct,VERB,1.666666667
correspond,VERB,3.333333333
corrode,VERB,4.333333333
cost,VERB,1.666666667
count,VERB,1.333333333
couple,VERB,2.333333333
cover,VERB,2.333333333
crack,VERB,3.666666667
crash,VERB,3.333333333
create,VERB,2.333333333
creep,VERB,3.333333333
cringe,VERB,5
criticise,VERB,2.666666667
criticize,VERB,4.333333333
croak,VERB,5
crop,VERB,2
cross,VERB,2.333333333
crowdsource,VERB,4.333333333
cry,VERB,1.666666667
cull,VERB,5.333333333
cup,VERB,1.666666667
cut,VERB,1.333333333
damage,VERB,3
damp,VERB,3
dance,VERB,1
dare,VERB,4
date,VERB,1.666666667
daze,VERB,3.666666667
dazzle,VERB,5.666666667
deal,VERB,3
decide,VERB,3
declare,VERB,3.666666667
decline,VERB,3.666666667
decorate,VERB,3.333333333
decrease,VERB,2
dedicate,VERB,4.666666667
deem,VERB,4.666666667
defeat,VERB,3.666666667
defend,VERB,3
define,VERB,3
defuse,VERB,4
delay,VERB,3
deliver,VERB,2
demand,VERB,3.333333333
demonstrate,VERB,3.333333333
deny,VERB,4
depend,VERB,3
depict,VERB,4.666666667
derive,VERB,5
descend,VERB,4.333333333
describe,VERB,2
deserve,VERB,3.333333333
design,VERB,2.333333333
desire,VERB,3.666666667
destroy,VERB,2.666666667
detect,VERB,3.666666667
determine,VERB,3
develop,VERB,2.333333333
devise,VERB,5
devote,VERB,4
die,VERB,1.666666667
differ,VERB,3.333333333
dig,VERB,2
diminish,VERB,4.333333333
dine,VERB,4.333333333
direct,VERB,2
dirty,VERB,2
disappear,VERB,3
discharge,VERB,4.333333333
disclose,VERB,4.333333333
discover,VERB,2.333333333
discuss,VERB,2.333333333
dismiss,VERB,3.666666667
disorder,VERB,2.666666667
dispense,VERB,4
display,VERB,2.666666667
dispose,VERB,3.333333333
dissect,VERB,5.333333333
dissent,VERB,5.333333333
dissolve,VERB,4
distinguish,VERB,3.333333333
distribute,VERB,3
disturb,VERB,3
ditch,VERB,3.666666667
divide,VERB,2.333333333
do,VERB,1.333333333
dominate,VERB,3
double,VERB,2.666666667
doubt,VERB,3.333333333
draft,VERB,2.666666667
drag,VERB,4
drain,VERB,3
draw,VERB,1.333333333
dream,VERB,1.666666667
dress,VERB,1.333333333
drift,VERB,3.666666667
drink,VERB,1
drive,VERB,1
drop,VERB,2.666666667
dry,VERB,1.666666667
dump,VERB,4
earmark,VERB,5
earn,VERB,2.333333333
ease,VERB,3
eat,VERB,1.666666667
echo,VERB,2.666666667
edit,VERB,3
educate,VERB,3
elect,VERB,3.333333333
eliminate,VERB,4
elude,VERB,4.333333333
embrace,VERB,4.333333333
embroider,VERB,5.666666667
emerge,VERB,4
emit,VERB,4.333333333
emphasise,VERB,4
emphasize,VERB,4
employ,VERB,3
enable,VERB,3.666666667
enclose,VERB,3.333333333
encounter,VERB,4
encourage,VERB,2.666666667
end,VERB,1.333333333
endorse,VERB,3.666666667
enforce,VERB,4
engage,VERB,3.333333333
engender,VERB,5
enhance,VERB,3.666666667
enjoy,VERB,1.333333333
enquire,VERB,3.666666667
ensure,VERB,4
enter,VERB,1.333333333
entitle,VERB,4.333333333
envisage,VERB,4.5
envy,VERB,4.333333333
equip,VERB,3.333333333
erect,VERB,3.666666667
escape,VERB,2
establish,VERB,4.333333333
estimate,VERB,4
evaluate,VERB,3.666666667
evolve,VERB,4
exaggerate,VERB,4
examine,VERB,3.333333333
exceed,VERB,4
exchange,VERB,3.333333333
exclude,VERB,4.333333333
excuse,VERB,2.333333333
execute,VERB,4
exercise,VERB,1.666666667
exhibit,VERB,4.333333333
exist,VERB,3
expand,VERB,3.666666667
expect,VERB,3
experience,VERB,3.333333333
explain,VERB,2.333333333
explode,VERB,2.333333333
exploit,VERB,3.666666667
explore,VERB,2.666666667
export,VERB,3.333333333
expose,VERB,4.333333333
express,VERB,3
extend,VERB,4
extract,VERB,4.666666667
exude,VERB,5.333333333
face,VERB,2
facilitate,VERB,4
fade,VERB,3
fail,VERB,1.333333333
fall,VERB,2
fancy,VERB,2.333333333
favour,VERB,4
fear,VERB,2
feature,VERB,2.333333333
feed,VERB,2.666666667
feel,VERB,1.333333333
fetch,VERB,3.666666667
fight,VERB,1.666666667
figure,VERB,3
file,VERB,3
fill,VERB,2.333333333
finance,VERB,3.333333333
find,VERB,1.666666667
finish,VERB,1.666666667
fire,VERB,2
fit,VERB,2.333333333
fix,VERB,2
flap,VERB,3.333333333
flash,VERB,3.333333333
flee,VERB,4.666666667
float,VERB,3.333333333
flow,VERB,4
fly,VERB,1.333333333
focus,VERB,2.333333333
fold,VERB,3
follow,VERB,1.666666667
fool,VERB,2.666666667
foot,VERB,1
force,VERB,2.333333333
forget,VERB,2.333333333
forgive,VERB,2.666666667
form,VERB,2.666666667
formulate,VERB,4
found,VERB,2.333333333
frame,VERB,3.666666667
free,VERB,2.333333333
freeze,VERB,3
frown,VERB,4.666666667
fulfil,VERB,4
function,VERB,3.333333333
fund,VERB,3.666666667
gain,VERB,2
gather,VERB,2.333333333
gaze,VERB,4
generate,VERB,3
get,VERB,1.333333333
give,VERB,1.333333333
given,VERB,2.333333333
glance,VERB,3.666666667
glean,VERB,4.666666667
go,VERB,1
going,VERB,1
govern,VERB,3.333333333
grab,VERB,3.666666667
grant,VERB,3.333333333
grasp,VERB,3
greet,VERB,3.333333333
grin,VERB,2.333333333
groan,VERB,3.333333333
grow,VERB,1.666666667
guarantee,VERB,2.333333333
guard,VERB,1.666666667
guess,VERB,2.333333333
guide,VERB,2.666666667
hack,VERB,4
halt,VERB,3.333333333
hand,VERB,2
handle,VERB,3.333333333
hang,VERB,2.333333333
happen,VERB,1.333333333
hate,VERB,1.666666667
haul,VERB,5
have,VERB,1
head,VERB,2.333333333
heap,VERB,3
hear,VERB,1.333333333
help,VERB,1
hesitate,VERB,3
hide,VERB,2
highlight,VERB,3
hire,VERB,3.333333333
hit,VERB,1.666666667
hitch,VERB,4
hold,VERB,1.666666667
hole,VERB,3
hope,VERB,2
house,VERB,1
hunt,VERB,3.333333333
hurry,VERB,2
hurt,VERB,1.666666667
identify,VERB,4.333333333
ignore,VERB,3.333333333
illustrate,VERB,3
imagine,VERB,2
implement,VERB,5
imply,VERB,5
import,VERB,3.333333333
impose,VERB,3.333333333
impress,VERB,3.666666667
imprison,VERB,3.666666667
improve,VERB,2.666666667
in,VERB,1.333333333
include,VERB,3
incorporate,VERB,4.666666667
increase,VERB,3.333333333
incur,VERB,4.666666667
indicate,VERB,3
induce,VERB,4.333333333
influence,VERB,3.333333333
inform,VERB,2.333333333
inherit,VERB,3.666666667
initiate,VERB,4
injure,VERB,2.333333333
inquire,VERB,3.333333333
insert,VERB,3.333333333
insist,VERB,3.666666667
inspect,VERB,2.666666667
inspire,VERB,3.333333333
install,VERB,2.666666667
instruct,VERB,2
integrate,VERB,4.666666667
intend,VERB,4
interfere,VERB,4
interpret,VERB,3.333333333
interrogate,VERB,4.666666667
interrupt,VERB,4
intervene,VERB,4.333333333
interview,VERB,2.333333333
introduce,VERB,2
invent,VERB,2.333333333
invest,VERB,3
investigate,VERB,3.333333333
invite,VERB,2
involve,VERB,3
isolate,VERB,5
issue,VERB,3.666666667
join,VERB,3.333333333
judge,VERB,2.333333333
jump,VERB,1.333333333
justify,VERB,4
keep,VERB,2.333333333
kick,VERB,2.666666667
kidnap,VERB,3.333333333
kill,VERB,1.333333333
kiss,VERB,1
knight,VERB,2.666666667
knit,VERB,2.333333333
knock,VERB,2.666666667
know,VERB,2
label,VERB,3
lack,VERB,3.333333333
land,VERB,2
last,VERB,1.666666667
laugh,VERB,1.333333333
launch,VERB,4.333333333
lay,VERB,3
lead,VERB,2.666666667
lean,VERB,3.333333333
leap,VERB,3.666666667
learn,VERB,1.666666667
leave,VERB,1.666666667
lend,VERB,3.333333333
let,VERB,1
lever,VERB,4.666666667
lie,VERB,2.333333333
lift,VERB,2.666666667
light,VERB,2
like,VERB,1
limit,VERB,2
limp,VERB,3.666666667
line,VERB,1.666666667
link,VERB,2
list,VERB,3
listen,VERB,1.333333333
live,VERB,1
load,VERB,2.666666667
locate,VERB,2.333333333
lock,VERB,2.666666667
look,VERB,1.333333333
loop,VERB,4.333333333
lose,VERB,2.333333333
love,VERB,1.333333333
lower,VERB,2.333333333
maintain,VERB,4.333333333
make,VERB,1.333333333
manage,VERB,3.666666667
march,VERB,1.333333333
mark,VERB,2.333333333
market,VERB,1.333333333
marry,VERB,1.333333333
massacr,VERB,3.5
match,VERB,2.666666667
matter,VERB,2.666666667
maybe,VERB,1.666666667
mean,VERB,2.333333333
measure,VERB,2.666666667
mediate,VERB,5
meet,VERB,1.333333333
mend,VERB,2.666666667
mention,VERB,3
mind,VERB,4
mislead,VERB,4.333333333
miss,VERB,2
mix,VERB,2.333333333
moan,VERB,4
modernise,VERB,3
modify,VERB,4.333333333
modulate,VERB,4.666666667
monitor,VERB,3.666666667
mount,VERB,2.333333333
move,VERB,1
murder,VERB,2
murmur,VERB,3.666666667
mutter,VERB,4.333333333
name,VERB,1
need,VERB,1.666666667
negotiate,VERB,3
nod,VERB,3.333333333
notch,VERB,5.333333333
note,VERB,2
notice,VERB,3
object,VERB,2
observe,VERB,3
obtain,VERB,3.333333333
obviate,VERB,6
occupy,VERB,3.666666667
occur,VERB,4
offer,VERB,2.666666667
omit,VERB,3
open,VERB,1.333333333
operate,VERB,2.333333333
oppose,VERB,4
opt,VERB,4
order,VERB,3
organise,VERB,2
organize,VERB,2.333333333
originate,VERB,3.666666667
outlaw,VERB,4.333333333
outline,VERB,3.333333333
overcome,VERB,4
overlook,VERB,3.333333333
owe,VERB,2.666666667
own,VERB,2.666666667
pack,VERB,2.666666667
paint,VERB,1.333333333
pamper,VERB,3
parallel,VERB,3
park,VERB,1.666666667
participate,VERB,2.333333333
partition,VERB,5
pass,VERB,2.333333333
pause,VERB,2.333333333
pay,VERB,2
peer,VERB,3.333333333
perceive,VERB,4.666666667
perform,VERB,2.666666667
perish,VERB,4
permit,VERB,3.666666667
persecute,VERB,4.666666667
persist,VERB,3.333333333
persuade,VERB,3.666666667
phone,VERB,1.666666667
phrase,VERB,3
pick,VERB,2
place,VERB,1.666666667
plan,VERB,1.333333333
plant,VERB,2
play,VERB,1
plead,VERB,4.666666667
please,VERB,2.333333333
point,VERB,2.666666667
pop,VERB,2
portraye,VERB,6
pose,VERB,3.666666667
possess,VERB,3
pour,VERB,2.333333333
practise,VERB,2
praise,VERB,3.333333333
pray,VERB,2.333333333
precede,VERB,4
preclude,VERB,4.666666667
predict,VERB,2.666666667
prefer,VERB,2.666666667
prepare,VERB,2.333333333
present,VERB,2.333333333
preserve,VERB,3.333333333
press,VERB,2.666666667
pretend,VERB,3.333333333
prevent,VERB,3
preview,VERB,2.666666667
price,VERB,1
print,VERB,1.666666667
proceed,VERB,4.333333333
process,VERB,2.666666667
produce,VERB,2.333333333
progress,VERB,3
prohibit,VERB,3.666666667
proliferate,VERB,5
promise,VERB,2.333333333
promote,VERB,3
prompt,VERB,3.333333333
propose,VERB,3
protect,VERB,2
protest,VERB,2.333333333
prove,VERB,3.333333333
provide,VERB,3.333333333
provoke,VERB,4.333333333
publish,VERB,3
pull,VERB,1.666666667
purchase,VERB,4
pursue,VERB,3.666666667
push,VERB,1.666666667
put,VERB,2
qualify,VERB,3.666666667
question,VERB,1
quote,VERB,3
race,VERB,3
raise,VERB,3
range,VERB,3.666666667
reach,VERB,2
react,VERB,3
read,VERB,1
realise,VERB,3
realize,VERB,3
recall,VERB,3.333333333
recapitulate,VERB,6
receive,VERB,2.333333333
reciprocate,VERB,6
reckon,VERB,5
recognise,VERB,3
recognize,VERB,3.333333333
recommend,VERB,3.333333333
record,VERB,2.666666667
recover,VERB,3.666666667
recruit,VERB,5
reduce,VERB,3.666666667
refer,VERB,3
reflect,VERB,3.333333333
refuse,VERB,3
refute,VERB,3.666666667
regard,VERB,4
register,VERB,2.666666667
regret,VERB,3.333333333
regulate,VERB,4.333333333
reinforce,VERB,4.666666667
reintroduce,VERB,3.666666667
reject,VERB,3.333333333
relate,VERB,4
relax,VERB,2.333333333
release,VERB,3
relieve,VERB,3.333333333
relish,VERB,4.666666667
rely,VERB,3.666666667
remain,VERB,3.333333333
remark,VERB,3.666666667
remember,VERB,1.333333333
remind,VERB,2.666666667
remove,VERB,2.666666667
render,VERB,5
repair,VERB,2
repeat,VERB,2.333333333
replace,VERB,3.333333333
reply,VERB,1.666666667
report,VERB,2.666666667
represent,VERB,2.666666667
reproach,VERB,4.333333333
reproduce,VERB,3.666666667
request,VERB,3
require,VERB,3.333333333
rescue,VERB,3
research,VERB,2.666666667
resell,VERB,4.333333333
resemble,VERB,3.666666667
reserve,VERB,3
resign,VERB,3.666666667
resist,VERB,3.666666667
resolve,VERB,3.666666667
respect,VERB,3
respond,VERB,3.333333333
rest,VERB,1.666666667
restore,VERB,4
restrict,VERB,4
restructure,VERB,4
result,VERB,2.666666667
resume,VERB,4
retain,VERB,4.333333333
retire,VERB,2.666666667
retrieve,VERB,4
return,VERB,1.666666667
reveal,VERB,3.333333333
revel,VERB,5
reverse,VERB,4
review,VERB,4
revolve,VERB,4
reward,VERB,3
rid,VERB,2.333333333
ride,VERB,1.333333333
ring,VERB,2
rise,VERB,2.333333333
risk,VERB,2.666666667
roll,VERB,3.333333333
round,VERB,2.333333333
rub,VERB,4
rule,VERB,1.666666667
run,VERB,1.333333333
rush,VERB,2
sail,VERB,2.333333333
sample,VERB,3
satisfy,VERB,3
save,VERB,1.333333333
say,VERB,1.666666667
scatter,VERB,3.333333333
schedule,VERB,3.333333333
scorch,VERB,5
score,VERB,2.666666667
scout,VERB,5.333333333
scream,VERB,2.333333333
screw,VERB,3.333333333
scurry,VERB,5.333333333
seal,VERB,4
search,VERB,2.333333333
secure,VERB,3
see,VERB,1.333333333
seek,VERB,3.666666667
seem,VERB,3
segregate,VERB,5
seize,VERB,3.333333333
select,VERB,2.333333333
sell,VERB,1
send,VERB,1
sense,VERB,3.333333333
separate,VERB,3.666666667
serve,VERB,2.333333333
set,VERB,2.666666667
settle,VERB,3.333333333
shadow,VERB,3.333333333
shake,VERB,2.666666667
shape,VERB,1.333333333
share,VERB,1.666666667
shift,VERB,3.333333333
shine,VERB,3.333333333
ship,VERB,1.666666667
shoot,VERB,2.333333333
shop,VERB,1
shout,VERB,2.666666667
shove,VERB,3
show,VERB,1.666666667
shroud,VERB,4.5
shrug,VERB,3.666666667
shut,VERB,2
sigh,VERB,2.666666667
sign,VERB,2
signal,VERB,2.333333333
sin,VERB,2.666666667
sing,VERB,1
sink,VERB,2.333333333
sit,VERB,1
situate,VERB,4
slay,VERB,5.333333333
sleep,VERB,1
slide,VERB,2.666666667
slip,VERB,2.333333333
slow,VERB,1
slump,VERB,3.666666667
smash,VERB,3.666666667
smell,VERB,1.666666667
smile,VERB,1.333333333
smoke,VERB,1
snap,VERB,3.333333333
snipe,VERB,5.666666667
soar,VERB,5
solve,VERB,2.666666667
sort,VERB,3
sound,VERB,2
sow,VERB,3
spare,VERB,2.333333333
speak,VERB,1
specify,VERB,3.333333333
speed,VERB,2.666666667
spell,VERB,1.5
spend,VERB,1.666666667
spin,VERB,4
split,VERB,2.666666667
spoil,VERB,3.333333333
sponsor,VERB,2.666666667
spot,VERB,4
spread,VERB,2.666666667
spring,VERB,1
squash,VERB,2
squeeze,VERB,3.333333333
stage,VERB,3
stall,VERB,4
stand,VERB,1
stare,VERB,2.666666667
start,VERB,1
starve,VERB,3.666666667
state,VERB,3.666666667
stay,VERB,1
steal,VERB,2.333333333
steam,VERB,2.666666667
step,VERB,2.333333333
stick,VERB,1.666666667
stimulate,VERB,3.666666667
stir,VERB,2.666666667
stock,VERB,3.333333333
stop,VERB,1.333333333
store,VERB,2.666666667
story,VERB,1.666666667
strengthen,VERB,2.666666667
stress,VERB,1.333333333
stretch,VERB,3
strike,VERB,3.666666667
strip,VERB,4
struggle,VERB,2.666666667
study,VERB,1.333333333
subject,VERB,1
submit,VERB,3
subsidize,VERB,4.333333333
succeed,VERB,3
suck,VERB,3.333333333
sue,VERB,4
suffer,VERB,3.666666667
suggest,VERB,3
suit,VERB,2
supply,VERB,2.666666667
support,VERB,2.666666667
suppose,VERB,3.666666667
surface,VERB,3.666666667
surround,VERB,3.666666667
survive,VERB,2.666666667
suspect,VERB,3.333333333
suspend,VERB,3.333333333
sustain,VERB,4.333333333
swallow,VERB,2.333333333
swear,VERB,3.666666667
sweep,VERB,3.333333333
swim,VERB,1.333333333
swing,VERB,2.333333333
switch,VERB,2
tackle,VERB,3.666666667
tailor,VERB,1.666666667
take,VERB,1
talk,VERB,1.666666667
tap,VERB,3.333333333
target,VERB,2.666666667
taste,VERB,2
teach,VERB,1
tear,VERB,2.333333333
teem,VERB,5
telephone,VERB,1.333333333
tell,VERB,1.333333333
tempt,VERB,4
tend,VERB,3.333333333
test,VERB,1
thank,VERB,1
think,VERB,2
thought,VERB,2
threaten,VERB,4
throw,VERB,1.666666667
tie,VERB,1.666666667
tighten,VERB,3.666666667
timetable,VERB,2.333333333
tip,VERB,2.666666667
top,VERB,2
touch,VERB,1
trace,VERB,3
trade,VERB,3.666666667
train,VERB,2
transfer,VERB,3.333333333
transform,VERB,3.666666667
translate,VERB,3
trap,VERB,3.666666667
travel,VERB,1.333333333
treat,VERB,3.333333333
tremble,VERB,3.666666667
trickle,VERB,3.666666667
trust,VERB,2.333333333
try,VERB,1
tuck,VERB,3.666666667
turn,VERB,1.333333333
twist,VERB,3
undergo,VERB,4.666666667
undermine,VERB,4.333333333
understand,VERB,1.333333333
undertake,VERB,4
unfurl,VERB,5
unite,VERB,3.333333333
unpack,VERB,1.666666667
update,VERB,2.666666667
upset,VERB,2
urge,VERB,3.333333333
use,VERB,2.333333333
usher,VERB,5.333333333
value,VERB,2.666666667
vanish,VERB,3.333333333
vary,VERB,3
victimise,VERB,5.333333333
view,VERB,3
vindicate,VERB,5.333333333
visit,VERB,1.333333333
voice,VERB,2.333333333
volume,VERB,3.666666667
vote,VERB,2.333333333
wait,VERB,1.333333333
wake,VERB,1.666666667
walk,VERB,2
wander,VERB,2.666666667
want,VERB,1
warm,VERB,1.333333333
warn,VERB,3
wash,VERB,1
waste,VERB,2
watch,VERB,1.333333333
wave,VERB,2.666666667
wear,VERB,1
weigh,VERB,1.333333333
welcome,VERB,1.333333333
whisper,VERB,2.333333333
wield,VERB,4.333333333
win,VERB,1.666666667
wind,VERB,1.666666667
wipe,VERB,2
wish,VERB,3
withdraw,VERB,3.333333333
witness,VERB,3
wonder,VERB,3.333333333
work,VERB,1
worry,VERB,1.666666667
worship,VERB,3.333333333
wrap,VERB,3.666666667
write,VERB,1
yield,VERB,4
can,VERB,1.333333333
could,VERB,1
may,VERB,2.333333333
might,VERB,2
must,VERB,1.666666667
need,VERB,1.666666667
ought,VERB,4
shall,VERB,2.333333333
should,VERB,2.333333333
used,VERB,1.333333333
will,VERB,1.333333333
would,VERB,2.666666667